solid OpenSCAD_Model
  facet normal 1 -0 0
    outer loop
      vertex 18.5 -5.15 5
      vertex 18.5 5.15 0
      vertex 18.5 5.15 5
    endloop
  endfacet
  facet normal 1 0 0
    outer loop
      vertex 18.5 5.15 0
      vertex 18.5 -5.15 5
      vertex 18.5 -5.15 0
    endloop
  endfacet
  facet normal 0 -1 0
    outer loop
      vertex 18.5 5.15 0
      vertex 29.5455 5.15 5
      vertex 18.5 5.15 5
    endloop
  endfacet
  facet normal 0 -1 -0
    outer loop
      vertex 29.5455 5.15 5
      vertex 18.5 5.15 0
      vertex 29.5455 5.15 0
    endloop
  endfacet
  facet normal 0 1 -0
    outer loop
      vertex 29.5455 -5.15 0
      vertex 18.5 -5.15 5
      vertex 29.5455 -5.15 5
    endloop
  endfacet
  facet normal 0 1 0
    outer loop
      vertex 18.5 -5.15 5
      vertex 29.5455 -5.15 0
      vertex 18.5 -5.15 0
    endloop
  endfacet
  facet normal 0.500001 0.866025 -0
    outer loop
      vertex 13.71 13.4465 0
      vertex 4.78997 18.5965 5
      vertex 13.71 13.4465 5
    endloop
  endfacet
  facet normal 0.500001 0.866025 0
    outer loop
      vertex 4.78997 18.5965 5
      vertex 13.71 13.4465 0
      vertex 4.78997 18.5965 0
    endloop
  endfacet
  facet normal 0.866026 -0.499998 0
    outer loop
      vertex 4.78997 18.5965 5
      vertex 10.3149 28.166 0
      vertex 10.3149 28.166 5
    endloop
  endfacet
  facet normal 0.866026 -0.499998 0
    outer loop
      vertex 10.3149 28.166 0
      vertex 4.78997 18.5965 5
      vertex 4.78997 18.5965 0
    endloop
  endfacet
  facet normal -0.866026 0.5 0
    outer loop
      vertex 13.71 13.4465 0
      vertex 19.2346 23.0154 5
      vertex 19.2346 23.0154 0
    endloop
  endfacet
  facet normal -0.866026 0.5 0
    outer loop
      vertex 19.2346 23.0154 5
      vertex 13.71 13.4465 0
      vertex 13.71 13.4465 5
    endloop
  endfacet
  facet normal -0.500001 0.866025 0
    outer loop
      vertex -4.78997 18.5965 0
      vertex -13.71 13.4465 5
      vertex -4.78997 18.5965 5
    endloop
  endfacet
  facet normal -0.500001 0.866025 0
    outer loop
      vertex -13.71 13.4465 5
      vertex -4.78997 18.5965 0
      vertex -13.71 13.4465 0
    endloop
  endfacet
  facet normal 0.866026 0.5 0
    outer loop
      vertex -13.71 13.4465 5
      vertex -19.2346 23.0154 0
      vertex -19.2346 23.0154 5
    endloop
  endfacet
  facet normal 0.866026 0.5 0
    outer loop
      vertex -19.2346 23.0154 0
      vertex -13.71 13.4465 5
      vertex -13.71 13.4465 0
    endloop
  endfacet
  facet normal -0.866026 -0.499998 0
    outer loop
      vertex -4.78997 18.5965 0
      vertex -10.3149 28.166 5
      vertex -10.3149 28.166 0
    endloop
  endfacet
  facet normal -0.866026 -0.499998 0
    outer loop
      vertex -10.3149 28.166 5
      vertex -4.78997 18.5965 0
      vertex -4.78997 18.5965 5
    endloop
  endfacet
  facet normal -1 0 0
    outer loop
      vertex -18.5 -5.15 0
      vertex -18.5 5.15 5
      vertex -18.5 5.15 0
    endloop
  endfacet
  facet normal -1 -0 0
    outer loop
      vertex -18.5 5.15 5
      vertex -18.5 -5.15 0
      vertex -18.5 -5.15 5
    endloop
  endfacet
  facet normal 0 1 -0
    outer loop
      vertex -18.5 -5.15 0
      vertex -29.5455 -5.15 5
      vertex -18.5 -5.15 5
    endloop
  endfacet
  facet normal 0 1 0
    outer loop
      vertex -29.5455 -5.15 5
      vertex -18.5 -5.15 0
      vertex -29.5455 -5.15 0
    endloop
  endfacet
  facet normal 0 -1 0
    outer loop
      vertex -29.5455 5.15 0
      vertex -18.5 5.15 5
      vertex -29.5455 5.15 5
    endloop
  endfacet
  facet normal 0 -1 -0
    outer loop
      vertex -18.5 5.15 5
      vertex -29.5455 5.15 0
      vertex -18.5 5.15 0
    endloop
  endfacet
  facet normal -0.500001 -0.866025 0
    outer loop
      vertex -13.71 -13.4465 0
      vertex -4.78997 -18.5965 5
      vertex -13.71 -13.4465 5
    endloop
  endfacet
  facet normal -0.500001 -0.866025 -0
    outer loop
      vertex -4.78997 -18.5965 5
      vertex -13.71 -13.4465 0
      vertex -4.78997 -18.5965 0
    endloop
  endfacet
  facet normal -0.866026 0.499998 0
    outer loop
      vertex -10.3149 -28.166 0
      vertex -4.78997 -18.5965 5
      vertex -4.78997 -18.5965 0
    endloop
  endfacet
  facet normal -0.866026 0.499998 0
    outer loop
      vertex -4.78997 -18.5965 5
      vertex -10.3149 -28.166 0
      vertex -10.3149 -28.166 5
    endloop
  endfacet
  facet normal 0.866026 -0.5 0
    outer loop
      vertex -19.2346 -23.0154 5
      vertex -13.71 -13.4465 0
      vertex -13.71 -13.4465 5
    endloop
  endfacet
  facet normal 0.866026 -0.5 0
    outer loop
      vertex -13.71 -13.4465 0
      vertex -19.2346 -23.0154 5
      vertex -19.2346 -23.0154 0
    endloop
  endfacet
  facet normal 0.500001 -0.866025 0
    outer loop
      vertex 4.78997 -18.5965 0
      vertex 13.71 -13.4465 5
      vertex 4.78997 -18.5965 5
    endloop
  endfacet
  facet normal 0.500001 -0.866025 0
    outer loop
      vertex 13.71 -13.4465 5
      vertex 4.78997 -18.5965 0
      vertex 13.71 -13.4465 0
    endloop
  endfacet
  facet normal -0.866026 -0.5 0
    outer loop
      vertex 19.2346 -23.0154 0
      vertex 13.71 -13.4465 5
      vertex 13.71 -13.4465 0
    endloop
  endfacet
  facet normal -0.866026 -0.5 0
    outer loop
      vertex 13.71 -13.4465 5
      vertex 19.2346 -23.0154 0
      vertex 19.2346 -23.0154 5
    endloop
  endfacet
  facet normal 0.866026 0.499998 0
    outer loop
      vertex 10.3149 -28.166 5
      vertex 4.78997 -18.5965 0
      vertex 4.78997 -18.5965 5
    endloop
  endfacet
  facet normal 0.866026 0.499998 0
    outer loop
      vertex 4.78997 -18.5965 0
      vertex 10.3149 -28.166 5
      vertex 10.3149 -28.166 0
    endloop
  endfacet
  facet normal -0.997296 -0.0734876 0
    outer loop
      vertex 13.5686 0.666584 0
      vertex 13.5196 1.33156 5
      vertex 13.5196 1.33156 0
    endloop
  endfacet
  facet normal -0.997296 -0.0734876 0
    outer loop
      vertex 13.5196 1.33156 5
      vertex 13.5686 0.666584 0
      vertex 13.5686 0.666584 5
    endloop
  endfacet
  facet normal -0.999697 -0.0245956 0
    outer loop
      vertex 13.585 0 0
      vertex 13.5686 0.666584 5
      vertex 13.5686 0.666584 0
    endloop
  endfacet
  facet normal -0.999697 -0.0245956 0
    outer loop
      vertex 13.5686 0.666584 5
      vertex 13.585 0 0
      vertex 13.585 0 5
    endloop
  endfacet
  facet normal -0.992483 -0.122379 0
    outer loop
      vertex 13.5196 1.33156 0
      vertex 13.438 1.99333 5
      vertex 13.438 1.99333 0
    endloop
  endfacet
  facet normal -0.992483 -0.122379 0
    outer loop
      vertex 13.438 1.99333 5
      vertex 13.5196 1.33156 0
      vertex 13.5196 1.33156 5
    endloop
  endfacet
  facet normal 0.893218 0.449624 0
    outer loop
      vertex -11.9809 -6.40392 5
      vertex -12.2807 -5.80834 0
      vertex -12.2807 -5.80834 5
    endloop
  endfacet
  facet normal 0.893218 0.449624 0
    outer loop
      vertex -12.2807 -5.80834 0
      vertex -11.9809 -6.40392 5
      vertex -11.9809 -6.40392 0
    endloop
  endfacet
  facet normal 0.219109 -0.9757 0
    outer loop
      vertex -3.30089 13.1779 0
      vertex -2.6503 13.324 5
      vertex -3.30089 13.1779 5
    endloop
  endfacet
  facet normal 0.219109 -0.9757 0
    outer loop
      vertex -2.6503 13.324 5
      vertex -3.30089 13.1779 0
      vertex -2.6503 13.324 0
    endloop
  endfacet
  facet normal -0.992483 0.122379 0
    outer loop
      vertex 13.438 -1.99333 0
      vertex 13.5196 -1.33156 5
      vertex 13.5196 -1.33156 0
    endloop
  endfacet
  facet normal -0.992483 0.122379 0
    outer loop
      vertex 13.5196 -1.33156 5
      vertex 13.438 -1.99333 0
      vertex 13.438 -1.99333 5
    endloop
  endfacet
  facet normal 0.492941 0.870063 -0
    outer loop
      vertex -6.40392 -11.9809 0
      vertex -6.98409 -11.6522 5
      vertex -6.40392 -11.9809 5
    endloop
  endfacet
  facet normal 0.492941 0.870063 0
    outer loop
      vertex -6.98409 -11.6522 5
      vertex -6.40392 -11.9809 0
      vertex -6.98409 -11.6522 0
    endloop
  endfacet
  facet normal 0.359934 0.932978 -0
    outer loop
      vertex -4.57665 -12.7909 0
      vertex -5.19875 -12.5509 5
      vertex -4.57665 -12.7909 5
    endloop
  endfacet
  facet normal 0.359934 0.932978 0
    outer loop
      vertex -5.19875 -12.5509 5
      vertex -4.57665 -12.7909 0
      vertex -5.19875 -12.5509 0
    endloop
  endfacet
  facet normal -0.57577 0.817612 0
    outer loop
      vertex 8.09257 -10.9116 0
      vertex 7.54742 -11.2955 5
      vertex 8.09257 -10.9116 5
    endloop
  endfacet
  facet normal -0.57577 0.817612 0
    outer loop
      vertex 7.54742 -11.2955 5
      vertex 8.09257 -10.9116 0
      vertex 7.54742 -11.2955 0
    endloop
  endfacet
  facet normal -0.57577 -0.817612 0
    outer loop
      vertex 7.54742 11.2955 0
      vertex 8.09257 10.9116 5
      vertex 7.54742 11.2955 5
    endloop
  endfacet
  facet normal -0.57577 -0.817612 -0
    outer loop
      vertex 8.09257 10.9116 5
      vertex 7.54742 11.2955 0
      vertex 8.09257 10.9116 0
    endloop
  endfacet
  facet normal -0.9757 -0.219109 0
    outer loop
      vertex 13.324 2.6503 0
      vertex 13.1779 3.30089 5
      vertex 13.1779 3.30089 0
    endloop
  endfacet
  facet normal -0.9757 -0.219109 0
    outer loop
      vertex 13.1779 3.30089 5
      vertex 13.324 2.6503 0
      vertex 13.324 2.6503 5
    endloop
  endfacet
  facet normal -0.122379 0.992483 0
    outer loop
      vertex 1.99333 -13.438 0
      vertex 1.33156 -13.5196 5
      vertex 1.99333 -13.438 5
    endloop
  endfacet
  facet normal -0.122379 0.992483 0
    outer loop
      vertex 1.33156 -13.5196 5
      vertex 1.99333 -13.438 0
      vertex 1.33156 -13.5196 0
    endloop
  endfacet
  facet normal 0.932978 0.359934 0
    outer loop
      vertex -12.5509 -5.19875 5
      vertex -12.7909 -4.57665 0
      vertex -12.7909 -4.57665 5
    endloop
  endfacet
  facet normal 0.932978 0.359934 0
    outer loop
      vertex -12.7909 -4.57665 0
      vertex -12.5509 -5.19875 5
      vertex -12.5509 -5.19875 0
    endloop
  endfacet
  facet normal -0.689534 0.724253 0
    outer loop
      vertex 9.60604 -9.60604 0
      vertex 9.12313 -10.0658 5
      vertex 9.60604 -9.60604 5
    endloop
  endfacet
  facet normal -0.689534 0.724253 0
    outer loop
      vertex 9.12313 -10.0658 5
      vertex 9.60604 -9.60604 0
      vertex 9.12313 -10.0658 0
    endloop
  endfacet
  facet normal -0.0245956 0.999697 0
    outer loop
      vertex 0.666584 -13.5686 0
      vertex 0 -13.585 5
      vertex 0.666584 -13.5686 5
    endloop
  endfacet
  facet normal -0.0245956 0.999697 0
    outer loop
      vertex 0 -13.585 5
      vertex 0.666584 -13.5686 0
      vertex 0 -13.585 0
    endloop
  endfacet
  facet normal 0.914217 -0.405225 0
    outer loop
      vertex -12.5509 5.19875 5
      vertex -12.2807 5.80834 0
      vertex -12.2807 5.80834 5
    endloop
  endfacet
  facet normal 0.914217 -0.405225 0
    outer loop
      vertex -12.2807 5.80834 0
      vertex -12.5509 5.19875 5
      vertex -12.5509 5.19875 0
    endloop
  endfacet
  facet normal -0.653147 0.757231 0
    outer loop
      vertex 9.12313 -10.0658 0
      vertex 8.61823 -10.5013 5
      vertex 9.12313 -10.0658 5
    endloop
  endfacet
  facet normal -0.653147 0.757231 0
    outer loop
      vertex 8.61823 -10.5013 5
      vertex 9.12313 -10.0658 0
      vertex 8.61823 -10.5013 0
    endloop
  endfacet
  facet normal -0.870063 0.492941 0
    outer loop
      vertex 11.6522 -6.98409 0
      vertex 11.9809 -6.40392 5
      vertex 11.9809 -6.40392 0
    endloop
  endfacet
  facet normal -0.870063 0.492941 0
    outer loop
      vertex 11.9809 -6.40392 5
      vertex 11.6522 -6.98409 0
      vertex 11.6522 -6.98409 5
    endloop
  endfacet
  facet normal 0.757231 -0.653147 0
    outer loop
      vertex -10.5013 8.61823 5
      vertex -10.0658 9.12313 0
      vertex -10.0658 9.12313 5
    endloop
  endfacet
  facet normal 0.757231 -0.653147 0
    outer loop
      vertex -10.0658 9.12313 0
      vertex -10.5013 8.61823 5
      vertex -10.5013 8.61823 0
    endloop
  endfacet
  facet normal -0.313603 -0.949554 0
    outer loop
      vertex 3.94352 13 0
      vertex 4.57665 12.7909 5
      vertex 3.94352 13 5
    endloop
  endfacet
  facet normal -0.313603 -0.949554 -0
    outer loop
      vertex 4.57665 12.7909 5
      vertex 3.94352 13 0
      vertex 4.57665 12.7909 0
    endloop
  endfacet
  facet normal -0.615298 0.788295 0
    outer loop
      vertex 8.61823 -10.5013 0
      vertex 8.09257 -10.9116 5
      vertex 8.61823 -10.5013 5
    endloop
  endfacet
  facet normal -0.615298 0.788295 0
    outer loop
      vertex 8.09257 -10.9116 5
      vertex 8.61823 -10.5013 0
      vertex 8.09257 -10.9116 0
    endloop
  endfacet
  facet normal 0.817612 0.57577 0
    outer loop
      vertex -10.9116 -8.09257 5
      vertex -11.2955 -7.54742 0
      vertex -11.2955 -7.54742 5
    endloop
  endfacet
  facet normal 0.817612 0.57577 0
    outer loop
      vertex -11.2955 -7.54742 0
      vertex -10.9116 -8.09257 5
      vertex -10.9116 -8.09257 0
    endloop
  endfacet
  facet normal 0.757231 0.653147 0
    outer loop
      vertex -10.0658 -9.12313 5
      vertex -10.5013 -8.61823 0
      vertex -10.5013 -8.61823 5
    endloop
  endfacet
  facet normal 0.757231 0.653147 0
    outer loop
      vertex -10.5013 -8.61823 0
      vertex -10.0658 -9.12313 5
      vertex -10.0658 -9.12313 0
    endloop
  endfacet
  facet normal -0.997296 0.0734876 0
    outer loop
      vertex 13.5196 -1.33156 0
      vertex 13.5686 -0.666584 5
      vertex 13.5686 -0.666584 0
    endloop
  endfacet
  facet normal -0.997296 0.0734876 0
    outer loop
      vertex 13.5686 -0.666584 5
      vertex 13.5196 -1.33156 0
      vertex 13.5196 -1.33156 5
    endloop
  endfacet
  facet normal 0.0245956 -0.999697 0
    outer loop
      vertex -0.666584 13.5686 0
      vertex 0 13.585 5
      vertex -0.666584 13.5686 5
    endloop
  endfacet
  facet normal 0.0245956 -0.999697 0
    outer loop
      vertex 0 13.585 5
      vertex -0.666584 13.5686 0
      vertex 0 13.585 0
    endloop
  endfacet
  facet normal -0.170969 -0.985276 0
    outer loop
      vertex 1.99333 13.438 0
      vertex 2.6503 13.324 5
      vertex 1.99333 13.438 5
    endloop
  endfacet
  facet normal -0.170969 -0.985276 -0
    outer loop
      vertex 2.6503 13.324 5
      vertex 1.99333 13.438 0
      vertex 2.6503 13.324 0
    endloop
  endfacet
  facet normal -0.985276 -0.170969 0
    outer loop
      vertex 13.438 1.99333 0
      vertex 13.324 2.6503 5
      vertex 13.324 2.6503 0
    endloop
  endfacet
  facet normal -0.985276 -0.170969 0
    outer loop
      vertex 13.324 2.6503 5
      vertex 13.438 1.99333 0
      vertex 13.438 1.99333 5
    endloop
  endfacet
  facet normal -0.0734876 0.997296 0
    outer loop
      vertex 1.33156 -13.5196 0
      vertex 0.666584 -13.5686 5
      vertex 1.33156 -13.5196 5
    endloop
  endfacet
  facet normal -0.0734876 0.997296 0
    outer loop
      vertex 0.666584 -13.5686 5
      vertex 1.33156 -13.5196 0
      vertex 0.666584 -13.5686 0
    endloop
  endfacet
  facet normal -0.405225 0.914217 0
    outer loop
      vertex 5.80834 -12.2807 0
      vertex 5.19875 -12.5509 5
      vertex 5.80834 -12.2807 5
    endloop
  endfacet
  facet normal -0.405225 0.914217 0
    outer loop
      vertex 5.19875 -12.5509 5
      vertex 5.80834 -12.2807 0
      vertex 5.19875 -12.5509 0
    endloop
  endfacet
  facet normal 0.170969 -0.985276 0
    outer loop
      vertex -2.6503 13.324 0
      vertex -1.99333 13.438 5
      vertex -2.6503 13.324 5
    endloop
  endfacet
  facet normal 0.170969 -0.985276 0
    outer loop
      vertex -1.99333 13.438 5
      vertex -2.6503 13.324 0
      vertex -1.99333 13.438 0
    endloop
  endfacet
  facet normal 0.84487 -0.534971 0
    outer loop
      vertex -11.6522 6.98409 5
      vertex -11.2955 7.54742 0
      vertex -11.2955 7.54742 5
    endloop
  endfacet
  facet normal 0.84487 -0.534971 0
    outer loop
      vertex -11.2955 7.54742 0
      vertex -11.6522 6.98409 5
      vertex -11.6522 6.98409 0
    endloop
  endfacet
  facet normal 0.689534 -0.724253 0
    outer loop
      vertex -9.60604 9.60604 0
      vertex -9.12313 10.0658 5
      vertex -9.60604 9.60604 5
    endloop
  endfacet
  facet normal 0.689534 -0.724253 0
    outer loop
      vertex -9.12313 10.0658 5
      vertex -9.60604 9.60604 0
      vertex -9.12313 10.0658 0
    endloop
  endfacet
  facet normal -0.534971 -0.84487 0
    outer loop
      vertex 6.98409 11.6522 0
      vertex 7.54742 11.2955 5
      vertex 6.98409 11.6522 5
    endloop
  endfacet
  facet normal -0.534971 -0.84487 -0
    outer loop
      vertex 7.54742 11.2955 5
      vertex 6.98409 11.6522 0
      vertex 7.54742 11.2955 0
    endloop
  endfacet
  facet normal 0.449624 -0.893218 0
    outer loop
      vertex -6.40392 11.9809 0
      vertex -5.80834 12.2807 5
      vertex -6.40392 11.9809 5
    endloop
  endfacet
  facet normal 0.449624 -0.893218 0
    outer loop
      vertex -5.80834 12.2807 5
      vertex -6.40392 11.9809 0
      vertex -5.80834 12.2807 0
    endloop
  endfacet
  facet normal -0.985276 0.170969 0
    outer loop
      vertex 13.324 -2.6503 0
      vertex 13.438 -1.99333 5
      vertex 13.438 -1.99333 0
    endloop
  endfacet
  facet normal -0.985276 0.170969 0
    outer loop
      vertex 13.438 -1.99333 5
      vertex 13.324 -2.6503 0
      vertex 13.324 -2.6503 5
    endloop
  endfacet
  facet normal 0.534971 -0.84487 0
    outer loop
      vertex -7.54742 11.2955 0
      vertex -6.98409 11.6522 5
      vertex -7.54742 11.2955 5
    endloop
  endfacet
  facet normal 0.534971 -0.84487 0
    outer loop
      vertex -6.98409 11.6522 5
      vertex -7.54742 11.2955 0
      vertex -6.98409 11.6522 0
    endloop
  endfacet
  facet normal 0.985276 0.170969 0
    outer loop
      vertex -13.324 -2.6503 5
      vertex -13.438 -1.99333 0
      vertex -13.438 -1.99333 5
    endloop
  endfacet
  facet normal 0.985276 0.170969 0
    outer loop
      vertex -13.438 -1.99333 0
      vertex -13.324 -2.6503 5
      vertex -13.324 -2.6503 0
    endloop
  endfacet
  facet normal 0.219109 0.9757 -0
    outer loop
      vertex -2.6503 -13.324 0
      vertex -3.30089 -13.1779 5
      vertex -2.6503 -13.324 5
    endloop
  endfacet
  facet normal 0.219109 0.9757 0
    outer loop
      vertex -3.30089 -13.1779 5
      vertex -2.6503 -13.324 0
      vertex -3.30089 -13.1779 0
    endloop
  endfacet
  facet normal 0.170969 0.985276 -0
    outer loop
      vertex -1.99333 -13.438 0
      vertex -2.6503 -13.324 5
      vertex -1.99333 -13.438 5
    endloop
  endfacet
  facet normal 0.170969 0.985276 0
    outer loop
      vertex -2.6503 -13.324 5
      vertex -1.99333 -13.438 0
      vertex -2.6503 -13.324 0
    endloop
  endfacet
  facet normal -0.914217 -0.405225 0
    outer loop
      vertex 12.5509 5.19875 0
      vertex 12.2807 5.80834 5
      vertex 12.2807 5.80834 0
    endloop
  endfacet
  facet normal -0.914217 -0.405225 0
    outer loop
      vertex 12.2807 5.80834 5
      vertex 12.5509 5.19875 0
      vertex 12.5509 5.19875 5
    endloop
  endfacet
  facet normal 0.313603 0.949554 -0
    outer loop
      vertex -3.94352 -13 0
      vertex -4.57665 -12.7909 5
      vertex -3.94352 -13 5
    endloop
  endfacet
  facet normal 0.313603 0.949554 0
    outer loop
      vertex -4.57665 -12.7909 5
      vertex -3.94352 -13 0
      vertex -4.57665 -12.7909 0
    endloop
  endfacet
  facet normal 0.997296 0.0734876 0
    outer loop
      vertex -13.5196 -1.33156 5
      vertex -13.5686 -0.666584 0
      vertex -13.5686 -0.666584 5
    endloop
  endfacet
  facet normal 0.997296 0.0734876 0
    outer loop
      vertex -13.5686 -0.666584 0
      vertex -13.5196 -1.33156 5
      vertex -13.5196 -1.33156 0
    endloop
  endfacet
  facet normal -0.359934 -0.932978 0
    outer loop
      vertex 4.57665 12.7909 0
      vertex 5.19875 12.5509 5
      vertex 4.57665 12.7909 5
    endloop
  endfacet
  facet normal -0.359934 -0.932978 -0
    outer loop
      vertex 5.19875 12.5509 5
      vertex 4.57665 12.7909 0
      vertex 5.19875 12.5509 0
    endloop
  endfacet
  facet normal -0.870063 -0.492941 0
    outer loop
      vertex 11.9809 6.40392 0
      vertex 11.6522 6.98409 5
      vertex 11.6522 6.98409 0
    endloop
  endfacet
  facet normal -0.870063 -0.492941 0
    outer loop
      vertex 11.6522 6.98409 5
      vertex 11.9809 6.40392 0
      vertex 11.9809 6.40392 5
    endloop
  endfacet
  facet normal -0.963753 0.266797 0
    outer loop
      vertex 13 -3.94352 0
      vertex 13.1779 -3.30089 5
      vertex 13.1779 -3.30089 0
    endloop
  endfacet
  facet normal -0.963753 0.266797 0
    outer loop
      vertex 13.1779 -3.30089 5
      vertex 13 -3.94352 0
      vertex 13 -3.94352 5
    endloop
  endfacet
  facet normal -0.449624 0.893218 0
    outer loop
      vertex 6.40392 -11.9809 0
      vertex 5.80834 -12.2807 5
      vertex 6.40392 -11.9809 5
    endloop
  endfacet
  facet normal -0.449624 0.893218 0
    outer loop
      vertex 5.80834 -12.2807 5
      vertex 6.40392 -11.9809 0
      vertex 5.80834 -12.2807 0
    endloop
  endfacet
  facet normal 0.949554 0.313603 0
    outer loop
      vertex -12.7909 -4.57665 5
      vertex -13 -3.94352 0
      vertex -13 -3.94352 5
    endloop
  endfacet
  facet normal 0.949554 0.313603 0
    outer loop
      vertex -13 -3.94352 0
      vertex -12.7909 -4.57665 5
      vertex -12.7909 -4.57665 0
    endloop
  endfacet
  facet normal -0.999697 0.0245956 0
    outer loop
      vertex 13.5686 -0.666584 0
      vertex 13.585 0 5
      vertex 13.585 0 0
    endloop
  endfacet
  facet normal -0.999697 0.0245956 0
    outer loop
      vertex 13.585 0 5
      vertex 13.5686 -0.666584 0
      vertex 13.5686 -0.666584 5
    endloop
  endfacet
  facet normal -0.949554 0.313603 0
    outer loop
      vertex 12.7909 -4.57665 0
      vertex 13 -3.94352 5
      vertex 13 -3.94352 0
    endloop
  endfacet
  facet normal -0.949554 0.313603 0
    outer loop
      vertex 13 -3.94352 5
      vertex 12.7909 -4.57665 0
      vertex 12.7909 -4.57665 5
    endloop
  endfacet
  facet normal 0.870063 0.492941 0
    outer loop
      vertex -11.6522 -6.98409 5
      vertex -11.9809 -6.40392 0
      vertex -11.9809 -6.40392 5
    endloop
  endfacet
  facet normal 0.870063 0.492941 0
    outer loop
      vertex -11.9809 -6.40392 0
      vertex -11.6522 -6.98409 5
      vertex -11.6522 -6.98409 0
    endloop
  endfacet
  facet normal -0.219109 -0.9757 0
    outer loop
      vertex 2.6503 13.324 0
      vertex 3.30089 13.1779 5
      vertex 2.6503 13.324 5
    endloop
  endfacet
  facet normal -0.219109 -0.9757 -0
    outer loop
      vertex 3.30089 13.1779 5
      vertex 2.6503 13.324 0
      vertex 3.30089 13.1779 0
    endloop
  endfacet
  facet normal -0.170969 0.985276 0
    outer loop
      vertex 2.6503 -13.324 0
      vertex 1.99333 -13.438 5
      vertex 2.6503 -13.324 5
    endloop
  endfacet
  facet normal -0.170969 0.985276 0
    outer loop
      vertex 1.99333 -13.438 5
      vertex 2.6503 -13.324 0
      vertex 1.99333 -13.438 0
    endloop
  endfacet
  facet normal -0.949554 -0.313603 0
    outer loop
      vertex 13 3.94352 0
      vertex 12.7909 4.57665 5
      vertex 12.7909 4.57665 0
    endloop
  endfacet
  facet normal -0.949554 -0.313603 0
    outer loop
      vertex 12.7909 4.57665 5
      vertex 13 3.94352 0
      vertex 13 3.94352 5
    endloop
  endfacet
  facet normal -0.9757 0.219109 0
    outer loop
      vertex 13.1779 -3.30089 0
      vertex 13.324 -2.6503 5
      vertex 13.324 -2.6503 0
    endloop
  endfacet
  facet normal -0.9757 0.219109 0
    outer loop
      vertex 13.324 -2.6503 5
      vertex 13.1779 -3.30089 0
      vertex 13.1779 -3.30089 5
    endloop
  endfacet
  facet normal 0.266797 0.963753 -0
    outer loop
      vertex -3.30089 -13.1779 0
      vertex -3.94352 -13 5
      vertex -3.30089 -13.1779 5
    endloop
  endfacet
  facet normal 0.266797 0.963753 0
    outer loop
      vertex -3.94352 -13 5
      vertex -3.30089 -13.1779 0
      vertex -3.94352 -13 0
    endloop
  endfacet
  facet normal 0.788295 -0.615298 0
    outer loop
      vertex -10.9116 8.09257 5
      vertex -10.5013 8.61823 0
      vertex -10.5013 8.61823 5
    endloop
  endfacet
  facet normal 0.788295 -0.615298 0
    outer loop
      vertex -10.5013 8.61823 0
      vertex -10.9116 8.09257 5
      vertex -10.9116 8.09257 0
    endloop
  endfacet
  facet normal 0.0734876 0.997296 -0
    outer loop
      vertex -0.666584 -13.5686 0
      vertex -1.33156 -13.5196 5
      vertex -0.666584 -13.5686 5
    endloop
  endfacet
  facet normal 0.0734876 0.997296 0
    outer loop
      vertex -1.33156 -13.5196 5
      vertex -0.666584 -13.5686 0
      vertex -1.33156 -13.5196 0
    endloop
  endfacet
  facet normal 0.84487 0.534971 0
    outer loop
      vertex -11.2955 -7.54742 5
      vertex -11.6522 -6.98409 0
      vertex -11.6522 -6.98409 5
    endloop
  endfacet
  facet normal 0.84487 0.534971 0
    outer loop
      vertex -11.6522 -6.98409 0
      vertex -11.2955 -7.54742 5
      vertex -11.2955 -7.54742 0
    endloop
  endfacet
  facet normal -0.788295 0.615298 0
    outer loop
      vertex 10.5013 -8.61823 0
      vertex 10.9116 -8.09257 5
      vertex 10.9116 -8.09257 0
    endloop
  endfacet
  facet normal -0.788295 0.615298 0
    outer loop
      vertex 10.9116 -8.09257 5
      vertex 10.5013 -8.61823 0
      vertex 10.5013 -8.61823 5
    endloop
  endfacet
  facet normal 0.999697 -0.0245956 0
    outer loop
      vertex -13.585 0 5
      vertex -13.5686 0.666584 0
      vertex -13.5686 0.666584 5
    endloop
  endfacet
  facet normal 0.999697 -0.0245956 0
    outer loop
      vertex -13.5686 0.666584 0
      vertex -13.585 0 5
      vertex -13.585 0 0
    endloop
  endfacet
  facet normal 0.0245956 0.999697 -0
    outer loop
      vertex 0 -13.585 0
      vertex -0.666584 -13.5686 5
      vertex 0 -13.585 5
    endloop
  endfacet
  facet normal 0.0245956 0.999697 0
    outer loop
      vertex -0.666584 -13.5686 5
      vertex 0 -13.585 0
      vertex -0.666584 -13.5686 0
    endloop
  endfacet
  facet normal -0.0245956 -0.999697 0
    outer loop
      vertex 0 13.585 0
      vertex 0.666584 13.5686 5
      vertex 0 13.585 5
    endloop
  endfacet
  facet normal -0.0245956 -0.999697 -0
    outer loop
      vertex 0.666584 13.5686 5
      vertex 0 13.585 0
      vertex 0.666584 13.5686 0
    endloop
  endfacet
  facet normal -0.932978 -0.359934 0
    outer loop
      vertex 12.7909 4.57665 0
      vertex 12.5509 5.19875 5
      vertex 12.5509 5.19875 0
    endloop
  endfacet
  facet normal -0.932978 -0.359934 0
    outer loop
      vertex 12.5509 5.19875 5
      vertex 12.7909 4.57665 0
      vertex 12.7909 4.57665 5
    endloop
  endfacet
  facet normal 0.949554 -0.313603 0
    outer loop
      vertex -13 3.94352 5
      vertex -12.7909 4.57665 0
      vertex -12.7909 4.57665 5
    endloop
  endfacet
  facet normal 0.949554 -0.313603 0
    outer loop
      vertex -12.7909 4.57665 0
      vertex -13 3.94352 5
      vertex -13 3.94352 0
    endloop
  endfacet
  facet normal -0.963753 -0.266797 0
    outer loop
      vertex 13.1779 3.30089 0
      vertex 13 3.94352 5
      vertex 13 3.94352 0
    endloop
  endfacet
  facet normal -0.963753 -0.266797 0
    outer loop
      vertex 13 3.94352 5
      vertex 13.1779 3.30089 0
      vertex 13.1779 3.30089 5
    endloop
  endfacet
  facet normal -0.757231 0.653147 0
    outer loop
      vertex 10.0658 -9.12313 0
      vertex 10.5013 -8.61823 5
      vertex 10.5013 -8.61823 0
    endloop
  endfacet
  facet normal -0.757231 0.653147 0
    outer loop
      vertex 10.5013 -8.61823 5
      vertex 10.0658 -9.12313 0
      vertex 10.0658 -9.12313 5
    endloop
  endfacet
  facet normal -0.266797 0.963753 0
    outer loop
      vertex 3.94352 -13 0
      vertex 3.30089 -13.1779 5
      vertex 3.94352 -13 5
    endloop
  endfacet
  facet normal -0.266797 0.963753 0
    outer loop
      vertex 3.30089 -13.1779 5
      vertex 3.94352 -13 0
      vertex 3.30089 -13.1779 0
    endloop
  endfacet
  facet normal 0.57577 -0.817612 0
    outer loop
      vertex -8.09257 10.9116 0
      vertex -7.54742 11.2955 5
      vertex -8.09257 10.9116 5
    endloop
  endfacet
  facet normal 0.57577 -0.817612 0
    outer loop
      vertex -7.54742 11.2955 5
      vertex -8.09257 10.9116 0
      vertex -7.54742 11.2955 0
    endloop
  endfacet
  facet normal 0.122379 -0.992483 0
    outer loop
      vertex -1.99333 13.438 0
      vertex -1.33156 13.5196 5
      vertex -1.99333 13.438 5
    endloop
  endfacet
  facet normal 0.122379 -0.992483 0
    outer loop
      vertex -1.33156 13.5196 5
      vertex -1.99333 13.438 0
      vertex -1.33156 13.5196 0
    endloop
  endfacet
  facet normal -0.359934 0.932978 0
    outer loop
      vertex 5.19875 -12.5509 0
      vertex 4.57665 -12.7909 5
      vertex 5.19875 -12.5509 5
    endloop
  endfacet
  facet normal -0.359934 0.932978 0
    outer loop
      vertex 4.57665 -12.7909 5
      vertex 5.19875 -12.5509 0
      vertex 4.57665 -12.7909 0
    endloop
  endfacet
  facet normal 0.893218 -0.449624 0
    outer loop
      vertex -12.2807 5.80834 5
      vertex -11.9809 6.40392 0
      vertex -11.9809 6.40392 5
    endloop
  endfacet
  facet normal 0.893218 -0.449624 0
    outer loop
      vertex -11.9809 6.40392 0
      vertex -12.2807 5.80834 5
      vertex -12.2807 5.80834 0
    endloop
  endfacet
  facet normal -0.817612 0.57577 0
    outer loop
      vertex 10.9116 -8.09257 0
      vertex 11.2955 -7.54742 5
      vertex 11.2955 -7.54742 0
    endloop
  endfacet
  facet normal -0.817612 0.57577 0
    outer loop
      vertex 11.2955 -7.54742 5
      vertex 10.9116 -8.09257 0
      vertex 10.9116 -8.09257 5
    endloop
  endfacet
  facet normal 0.932978 -0.359934 0
    outer loop
      vertex -12.7909 4.57665 5
      vertex -12.5509 5.19875 0
      vertex -12.5509 5.19875 5
    endloop
  endfacet
  facet normal 0.932978 -0.359934 0
    outer loop
      vertex -12.5509 5.19875 0
      vertex -12.7909 4.57665 5
      vertex -12.7909 4.57665 0
    endloop
  endfacet
  facet normal 0.992483 -0.122379 0
    outer loop
      vertex -13.5196 1.33156 5
      vertex -13.438 1.99333 0
      vertex -13.438 1.99333 5
    endloop
  endfacet
  facet normal 0.992483 -0.122379 0
    outer loop
      vertex -13.438 1.99333 0
      vertex -13.5196 1.33156 5
      vertex -13.5196 1.33156 0
    endloop
  endfacet
  facet normal -0.788295 -0.615298 0
    outer loop
      vertex 10.9116 8.09257 0
      vertex 10.5013 8.61823 5
      vertex 10.5013 8.61823 0
    endloop
  endfacet
  facet normal -0.788295 -0.615298 0
    outer loop
      vertex 10.5013 8.61823 5
      vertex 10.9116 8.09257 0
      vertex 10.9116 8.09257 5
    endloop
  endfacet
  facet normal 0.724253 -0.689534 0
    outer loop
      vertex -10.0658 9.12313 5
      vertex -9.60604 9.60604 0
      vertex -9.60604 9.60604 5
    endloop
  endfacet
  facet normal 0.724253 -0.689534 0
    outer loop
      vertex -9.60604 9.60604 0
      vertex -10.0658 9.12313 5
      vertex -10.0658 9.12313 0
    endloop
  endfacet
  facet normal 0.266797 -0.963753 0
    outer loop
      vertex -3.94352 13 0
      vertex -3.30089 13.1779 5
      vertex -3.94352 13 5
    endloop
  endfacet
  facet normal 0.266797 -0.963753 0
    outer loop
      vertex -3.30089 13.1779 5
      vertex -3.94352 13 0
      vertex -3.30089 13.1779 0
    endloop
  endfacet
  facet normal 0.689534 0.724253 -0
    outer loop
      vertex -9.12313 -10.0658 0
      vertex -9.60604 -9.60604 5
      vertex -9.12313 -10.0658 5
    endloop
  endfacet
  facet normal 0.689534 0.724253 0
    outer loop
      vertex -9.60604 -9.60604 5
      vertex -9.12313 -10.0658 0
      vertex -9.60604 -9.60604 0
    endloop
  endfacet
  facet normal -0.817612 -0.57577 0
    outer loop
      vertex 11.2955 7.54742 0
      vertex 10.9116 8.09257 5
      vertex 10.9116 8.09257 0
    endloop
  endfacet
  facet normal -0.817612 -0.57577 0
    outer loop
      vertex 10.9116 8.09257 5
      vertex 11.2955 7.54742 0
      vertex 11.2955 7.54742 5
    endloop
  endfacet
  facet normal -0.893218 -0.449624 0
    outer loop
      vertex 12.2807 5.80834 0
      vertex 11.9809 6.40392 5
      vertex 11.9809 6.40392 0
    endloop
  endfacet
  facet normal -0.893218 -0.449624 0
    outer loop
      vertex 11.9809 6.40392 5
      vertex 12.2807 5.80834 0
      vertex 12.2807 5.80834 5
    endloop
  endfacet
  facet normal -0.84487 -0.534971 0
    outer loop
      vertex 11.6522 6.98409 0
      vertex 11.2955 7.54742 5
      vertex 11.2955 7.54742 0
    endloop
  endfacet
  facet normal -0.84487 -0.534971 0
    outer loop
      vertex 11.2955 7.54742 5
      vertex 11.6522 6.98409 0
      vertex 11.6522 6.98409 5
    endloop
  endfacet
  facet normal 0.359934 -0.932978 0
    outer loop
      vertex -5.19875 12.5509 0
      vertex -4.57665 12.7909 5
      vertex -5.19875 12.5509 5
    endloop
  endfacet
  facet normal 0.359934 -0.932978 0
    outer loop
      vertex -4.57665 12.7909 5
      vertex -5.19875 12.5509 0
      vertex -4.57665 12.7909 0
    endloop
  endfacet
  facet normal 0.9757 -0.219109 0
    outer loop
      vertex -13.324 2.6503 5
      vertex -13.1779 3.30089 0
      vertex -13.1779 3.30089 5
    endloop
  endfacet
  facet normal 0.9757 -0.219109 0
    outer loop
      vertex -13.1779 3.30089 0
      vertex -13.324 2.6503 5
      vertex -13.324 2.6503 0
    endloop
  endfacet
  facet normal -0.653147 -0.757231 0
    outer loop
      vertex 8.61823 10.5013 0
      vertex 9.12313 10.0658 5
      vertex 8.61823 10.5013 5
    endloop
  endfacet
  facet normal -0.653147 -0.757231 -0
    outer loop
      vertex 9.12313 10.0658 5
      vertex 8.61823 10.5013 0
      vertex 9.12313 10.0658 0
    endloop
  endfacet
  facet normal -0.615298 -0.788295 0
    outer loop
      vertex 8.09257 10.9116 0
      vertex 8.61823 10.5013 5
      vertex 8.09257 10.9116 5
    endloop
  endfacet
  facet normal -0.615298 -0.788295 -0
    outer loop
      vertex 8.61823 10.5013 5
      vertex 8.09257 10.9116 0
      vertex 8.61823 10.5013 0
    endloop
  endfacet
  facet normal -0.405225 -0.914217 0
    outer loop
      vertex 5.19875 12.5509 0
      vertex 5.80834 12.2807 5
      vertex 5.19875 12.5509 5
    endloop
  endfacet
  facet normal -0.405225 -0.914217 -0
    outer loop
      vertex 5.80834 12.2807 5
      vertex 5.19875 12.5509 0
      vertex 5.80834 12.2807 0
    endloop
  endfacet
  facet normal 0.0734876 -0.997296 0
    outer loop
      vertex -1.33156 13.5196 0
      vertex -0.666584 13.5686 5
      vertex -1.33156 13.5196 5
    endloop
  endfacet
  facet normal 0.0734876 -0.997296 0
    outer loop
      vertex -0.666584 13.5686 5
      vertex -1.33156 13.5196 0
      vertex -0.666584 13.5686 0
    endloop
  endfacet
  facet normal 0.963753 -0.266797 0
    outer loop
      vertex -13.1779 3.30089 5
      vertex -13 3.94352 0
      vertex -13 3.94352 5
    endloop
  endfacet
  facet normal 0.963753 -0.266797 0
    outer loop
      vertex -13 3.94352 0
      vertex -13.1779 3.30089 5
      vertex -13.1779 3.30089 0
    endloop
  endfacet
  facet normal -0.932978 0.359934 0
    outer loop
      vertex 12.5509 -5.19875 0
      vertex 12.7909 -4.57665 5
      vertex 12.7909 -4.57665 0
    endloop
  endfacet
  facet normal -0.932978 0.359934 0
    outer loop
      vertex 12.7909 -4.57665 5
      vertex 12.5509 -5.19875 0
      vertex 12.5509 -5.19875 5
    endloop
  endfacet
  facet normal 0.405225 -0.914217 0
    outer loop
      vertex -5.80834 12.2807 0
      vertex -5.19875 12.5509 5
      vertex -5.80834 12.2807 5
    endloop
  endfacet
  facet normal 0.405225 -0.914217 0
    outer loop
      vertex -5.19875 12.5509 5
      vertex -5.80834 12.2807 0
      vertex -5.19875 12.5509 0
    endloop
  endfacet
  facet normal -0.914217 0.405225 0
    outer loop
      vertex 12.2807 -5.80834 0
      vertex 12.5509 -5.19875 5
      vertex 12.5509 -5.19875 0
    endloop
  endfacet
  facet normal -0.914217 0.405225 0
    outer loop
      vertex 12.5509 -5.19875 5
      vertex 12.2807 -5.80834 0
      vertex 12.2807 -5.80834 5
    endloop
  endfacet
  facet normal 0.9757 0.219109 0
    outer loop
      vertex -13.1779 -3.30089 5
      vertex -13.324 -2.6503 0
      vertex -13.324 -2.6503 5
    endloop
  endfacet
  facet normal 0.9757 0.219109 0
    outer loop
      vertex -13.324 -2.6503 0
      vertex -13.1779 -3.30089 5
      vertex -13.1779 -3.30089 0
    endloop
  endfacet
  facet normal -0.266797 -0.963753 0
    outer loop
      vertex 3.30089 13.1779 0
      vertex 3.94352 13 5
      vertex 3.30089 13.1779 5
    endloop
  endfacet
  facet normal -0.266797 -0.963753 -0
    outer loop
      vertex 3.94352 13 5
      vertex 3.30089 13.1779 0
      vertex 3.94352 13 0
    endloop
  endfacet
  facet normal 0.914217 0.405225 0
    outer loop
      vertex -12.2807 -5.80834 5
      vertex -12.5509 -5.19875 0
      vertex -12.5509 -5.19875 5
    endloop
  endfacet
  facet normal 0.914217 0.405225 0
    outer loop
      vertex -12.5509 -5.19875 0
      vertex -12.2807 -5.80834 5
      vertex -12.2807 -5.80834 0
    endloop
  endfacet
  facet normal 0.992483 0.122379 0
    outer loop
      vertex -13.438 -1.99333 5
      vertex -13.5196 -1.33156 0
      vertex -13.5196 -1.33156 5
    endloop
  endfacet
  facet normal 0.992483 0.122379 0
    outer loop
      vertex -13.5196 -1.33156 0
      vertex -13.438 -1.99333 5
      vertex -13.438 -1.99333 0
    endloop
  endfacet
  facet normal 0.615298 -0.788295 0
    outer loop
      vertex -8.61823 10.5013 0
      vertex -8.09257 10.9116 5
      vertex -8.61823 10.5013 5
    endloop
  endfacet
  facet normal 0.615298 -0.788295 0
    outer loop
      vertex -8.09257 10.9116 5
      vertex -8.61823 10.5013 0
      vertex -8.09257 10.9116 0
    endloop
  endfacet
  facet normal -0.534971 0.84487 0
    outer loop
      vertex 7.54742 -11.2955 0
      vertex 6.98409 -11.6522 5
      vertex 7.54742 -11.2955 5
    endloop
  endfacet
  facet normal -0.534971 0.84487 0
    outer loop
      vertex 6.98409 -11.6522 5
      vertex 7.54742 -11.2955 0
      vertex 6.98409 -11.6522 0
    endloop
  endfacet
  facet normal -0.84487 0.534971 0
    outer loop
      vertex 11.2955 -7.54742 0
      vertex 11.6522 -6.98409 5
      vertex 11.6522 -6.98409 0
    endloop
  endfacet
  facet normal -0.84487 0.534971 0
    outer loop
      vertex 11.6522 -6.98409 5
      vertex 11.2955 -7.54742 0
      vertex 11.2955 -7.54742 5
    endloop
  endfacet
  facet normal 0.653147 0.757231 -0
    outer loop
      vertex -8.61823 -10.5013 0
      vertex -9.12313 -10.0658 5
      vertex -8.61823 -10.5013 5
    endloop
  endfacet
  facet normal 0.653147 0.757231 0
    outer loop
      vertex -9.12313 -10.0658 5
      vertex -8.61823 -10.5013 0
      vertex -9.12313 -10.0658 0
    endloop
  endfacet
  facet normal 0.615298 0.788295 -0
    outer loop
      vertex -8.09257 -10.9116 0
      vertex -8.61823 -10.5013 5
      vertex -8.09257 -10.9116 5
    endloop
  endfacet
  facet normal 0.615298 0.788295 0
    outer loop
      vertex -8.61823 -10.5013 5
      vertex -8.09257 -10.9116 0
      vertex -8.61823 -10.5013 0
    endloop
  endfacet
  facet normal -0.492941 0.870063 0
    outer loop
      vertex 6.98409 -11.6522 0
      vertex 6.40392 -11.9809 5
      vertex 6.98409 -11.6522 5
    endloop
  endfacet
  facet normal -0.492941 0.870063 0
    outer loop
      vertex 6.40392 -11.9809 5
      vertex 6.98409 -11.6522 0
      vertex 6.40392 -11.9809 0
    endloop
  endfacet
  facet normal 0.999697 0.0245956 0
    outer loop
      vertex -13.5686 -0.666584 5
      vertex -13.585 0 0
      vertex -13.585 0 5
    endloop
  endfacet
  facet normal 0.999697 0.0245956 0
    outer loop
      vertex -13.585 0 0
      vertex -13.5686 -0.666584 5
      vertex -13.5686 -0.666584 0
    endloop
  endfacet
  facet normal 0.724253 0.689534 0
    outer loop
      vertex -9.60604 -9.60604 5
      vertex -10.0658 -9.12313 0
      vertex -10.0658 -9.12313 5
    endloop
  endfacet
  facet normal 0.724253 0.689534 0
    outer loop
      vertex -10.0658 -9.12313 0
      vertex -9.60604 -9.60604 5
      vertex -9.60604 -9.60604 0
    endloop
  endfacet
  facet normal -0.724253 -0.689534 0
    outer loop
      vertex 10.0658 9.12313 0
      vertex 9.60604 9.60604 5
      vertex 9.60604 9.60604 0
    endloop
  endfacet
  facet normal -0.724253 -0.689534 0
    outer loop
      vertex 9.60604 9.60604 5
      vertex 10.0658 9.12313 0
      vertex 10.0658 9.12313 5
    endloop
  endfacet
  facet normal 0.985276 -0.170969 0
    outer loop
      vertex -13.438 1.99333 5
      vertex -13.324 2.6503 0
      vertex -13.324 2.6503 5
    endloop
  endfacet
  facet normal 0.985276 -0.170969 0
    outer loop
      vertex -13.324 2.6503 0
      vertex -13.438 1.99333 5
      vertex -13.438 1.99333 0
    endloop
  endfacet
  facet normal -0.893218 0.449624 0
    outer loop
      vertex 11.9809 -6.40392 0
      vertex 12.2807 -5.80834 5
      vertex 12.2807 -5.80834 0
    endloop
  endfacet
  facet normal -0.893218 0.449624 0
    outer loop
      vertex 12.2807 -5.80834 5
      vertex 11.9809 -6.40392 0
      vertex 11.9809 -6.40392 5
    endloop
  endfacet
  facet normal -0.313603 0.949554 0
    outer loop
      vertex 4.57665 -12.7909 0
      vertex 3.94352 -13 5
      vertex 4.57665 -12.7909 5
    endloop
  endfacet
  facet normal -0.313603 0.949554 0
    outer loop
      vertex 3.94352 -13 5
      vertex 4.57665 -12.7909 0
      vertex 3.94352 -13 0
    endloop
  endfacet
  facet normal -0.689534 -0.724253 0
    outer loop
      vertex 9.12313 10.0658 0
      vertex 9.60604 9.60604 5
      vertex 9.12313 10.0658 5
    endloop
  endfacet
  facet normal -0.689534 -0.724253 -0
    outer loop
      vertex 9.60604 9.60604 5
      vertex 9.12313 10.0658 0
      vertex 9.60604 9.60604 0
    endloop
  endfacet
  facet normal -0.757231 -0.653147 0
    outer loop
      vertex 10.5013 8.61823 0
      vertex 10.0658 9.12313 5
      vertex 10.0658 9.12313 0
    endloop
  endfacet
  facet normal -0.757231 -0.653147 0
    outer loop
      vertex 10.0658 9.12313 5
      vertex 10.5013 8.61823 0
      vertex 10.5013 8.61823 5
    endloop
  endfacet
  facet normal 0.963753 0.266797 0
    outer loop
      vertex -13 -3.94352 5
      vertex -13.1779 -3.30089 0
      vertex -13.1779 -3.30089 5
    endloop
  endfacet
  facet normal 0.963753 0.266797 0
    outer loop
      vertex -13.1779 -3.30089 0
      vertex -13 -3.94352 5
      vertex -13 -3.94352 0
    endloop
  endfacet
  facet normal -0.0734876 -0.997296 0
    outer loop
      vertex 0.666584 13.5686 0
      vertex 1.33156 13.5196 5
      vertex 0.666584 13.5686 5
    endloop
  endfacet
  facet normal -0.0734876 -0.997296 -0
    outer loop
      vertex 1.33156 13.5196 5
      vertex 0.666584 13.5686 0
      vertex 1.33156 13.5196 0
    endloop
  endfacet
  facet normal -0.122379 -0.992483 0
    outer loop
      vertex 1.33156 13.5196 0
      vertex 1.99333 13.438 5
      vertex 1.33156 13.5196 5
    endloop
  endfacet
  facet normal -0.122379 -0.992483 -0
    outer loop
      vertex 1.99333 13.438 5
      vertex 1.33156 13.5196 0
      vertex 1.99333 13.438 0
    endloop
  endfacet
  facet normal 0.122379 0.992483 -0
    outer loop
      vertex -1.33156 -13.5196 0
      vertex -1.99333 -13.438 5
      vertex -1.33156 -13.5196 5
    endloop
  endfacet
  facet normal 0.122379 0.992483 0
    outer loop
      vertex -1.99333 -13.438 5
      vertex -1.33156 -13.5196 0
      vertex -1.99333 -13.438 0
    endloop
  endfacet
  facet normal 0.653147 -0.757231 0
    outer loop
      vertex -9.12313 10.0658 0
      vertex -8.61823 10.5013 5
      vertex -9.12313 10.0658 5
    endloop
  endfacet
  facet normal 0.653147 -0.757231 0
    outer loop
      vertex -8.61823 10.5013 5
      vertex -9.12313 10.0658 0
      vertex -8.61823 10.5013 0
    endloop
  endfacet
  facet normal -0.492941 -0.870063 0
    outer loop
      vertex 6.40392 11.9809 0
      vertex 6.98409 11.6522 5
      vertex 6.40392 11.9809 5
    endloop
  endfacet
  facet normal -0.492941 -0.870063 -0
    outer loop
      vertex 6.98409 11.6522 5
      vertex 6.40392 11.9809 0
      vertex 6.98409 11.6522 0
    endloop
  endfacet
  facet normal -0.449624 -0.893218 0
    outer loop
      vertex 5.80834 12.2807 0
      vertex 6.40392 11.9809 5
      vertex 5.80834 12.2807 5
    endloop
  endfacet
  facet normal -0.449624 -0.893218 -0
    outer loop
      vertex 6.40392 11.9809 5
      vertex 5.80834 12.2807 0
      vertex 6.40392 11.9809 0
    endloop
  endfacet
  facet normal -0.219109 0.9757 0
    outer loop
      vertex 3.30089 -13.1779 0
      vertex 2.6503 -13.324 5
      vertex 3.30089 -13.1779 5
    endloop
  endfacet
  facet normal -0.219109 0.9757 0
    outer loop
      vertex 2.6503 -13.324 5
      vertex 3.30089 -13.1779 0
      vertex 2.6503 -13.324 0
    endloop
  endfacet
  facet normal 0.997296 -0.0734876 0
    outer loop
      vertex -13.5686 0.666584 5
      vertex -13.5196 1.33156 0
      vertex -13.5196 1.33156 5
    endloop
  endfacet
  facet normal 0.997296 -0.0734876 0
    outer loop
      vertex -13.5196 1.33156 0
      vertex -13.5686 0.666584 5
      vertex -13.5686 0.666584 0
    endloop
  endfacet
  facet normal 0.313603 -0.949554 0
    outer loop
      vertex -4.57665 12.7909 0
      vertex -3.94352 13 5
      vertex -4.57665 12.7909 5
    endloop
  endfacet
  facet normal 0.313603 -0.949554 0
    outer loop
      vertex -3.94352 13 5
      vertex -4.57665 12.7909 0
      vertex -3.94352 13 0
    endloop
  endfacet
  facet normal -0.724253 0.689534 0
    outer loop
      vertex 9.60604 -9.60604 0
      vertex 10.0658 -9.12313 5
      vertex 10.0658 -9.12313 0
    endloop
  endfacet
  facet normal -0.724253 0.689534 0
    outer loop
      vertex 10.0658 -9.12313 5
      vertex 9.60604 -9.60604 0
      vertex 9.60604 -9.60604 5
    endloop
  endfacet
  facet normal 0.788295 0.615298 0
    outer loop
      vertex -10.5013 -8.61823 5
      vertex -10.9116 -8.09257 0
      vertex -10.9116 -8.09257 5
    endloop
  endfacet
  facet normal 0.788295 0.615298 0
    outer loop
      vertex -10.9116 -8.09257 0
      vertex -10.5013 -8.61823 5
      vertex -10.5013 -8.61823 0
    endloop
  endfacet
  facet normal 0.817612 -0.57577 0
    outer loop
      vertex -11.2955 7.54742 5
      vertex -10.9116 8.09257 0
      vertex -10.9116 8.09257 5
    endloop
  endfacet
  facet normal 0.817612 -0.57577 0
    outer loop
      vertex -10.9116 8.09257 0
      vertex -11.2955 7.54742 5
      vertex -11.2955 7.54742 0
    endloop
  endfacet
  facet normal 0.870063 -0.492941 0
    outer loop
      vertex -11.9809 6.40392 5
      vertex -11.6522 6.98409 0
      vertex -11.6522 6.98409 5
    endloop
  endfacet
  facet normal 0.870063 -0.492941 0
    outer loop
      vertex -11.6522 6.98409 0
      vertex -11.9809 6.40392 5
      vertex -11.9809 6.40392 0
    endloop
  endfacet
  facet normal 0.534971 0.84487 -0
    outer loop
      vertex -6.98409 -11.6522 0
      vertex -7.54742 -11.2955 5
      vertex -6.98409 -11.6522 5
    endloop
  endfacet
  facet normal 0.534971 0.84487 0
    outer loop
      vertex -7.54742 -11.2955 5
      vertex -6.98409 -11.6522 0
      vertex -7.54742 -11.2955 0
    endloop
  endfacet
  facet normal 0.492941 -0.870063 0
    outer loop
      vertex -6.98409 11.6522 0
      vertex -6.40392 11.9809 5
      vertex -6.98409 11.6522 5
    endloop
  endfacet
  facet normal 0.492941 -0.870063 0
    outer loop
      vertex -6.40392 11.9809 5
      vertex -6.98409 11.6522 0
      vertex -6.40392 11.9809 0
    endloop
  endfacet
  facet normal 0.57577 0.817612 -0
    outer loop
      vertex -7.54742 -11.2955 0
      vertex -8.09257 -10.9116 5
      vertex -7.54742 -11.2955 5
    endloop
  endfacet
  facet normal 0.57577 0.817612 0
    outer loop
      vertex -8.09257 -10.9116 5
      vertex -7.54742 -11.2955 0
      vertex -8.09257 -10.9116 0
    endloop
  endfacet
  facet normal 0.449624 0.893218 -0
    outer loop
      vertex -5.80834 -12.2807 0
      vertex -6.40392 -11.9809 5
      vertex -5.80834 -12.2807 5
    endloop
  endfacet
  facet normal 0.449624 0.893218 0
    outer loop
      vertex -6.40392 -11.9809 5
      vertex -5.80834 -12.2807 0
      vertex -6.40392 -11.9809 0
    endloop
  endfacet
  facet normal 0.405225 0.914217 -0
    outer loop
      vertex -5.19875 -12.5509 0
      vertex -5.80834 -12.2807 5
      vertex -5.19875 -12.5509 5
    endloop
  endfacet
  facet normal 0.405225 0.914217 0
    outer loop
      vertex -5.80834 -12.2807 5
      vertex -5.19875 -12.5509 0
      vertex -5.80834 -12.2807 0
    endloop
  endfacet
  facet normal 0.817579 -0.575816 0
    outer loop
      vertex 24.0962 -17.871 5
      vertex 24.9441 -16.6671 0
      vertex 24.9441 -16.6671 5
    endloop
  endfacet
  facet normal 0.817579 -0.575816 0
    outer loop
      vertex 24.9441 -16.6671 0
      vertex 24.0962 -17.871 5
      vertex 24.0962 -17.871 0
    endloop
  endfacet
  facet normal 0.0736175 -0.997287 0
    outer loop
      vertex 1.47203 -29.9639 0
      vertex 2.94051 -29.8555 5
      vertex 1.47203 -29.9639 5
    endloop
  endfacet
  facet normal 0.0736175 -0.997287 0
    outer loop
      vertex 2.94051 -29.8555 5
      vertex 1.47203 -29.9639 0
      vertex 2.94051 -29.8555 0
    endloop
  endfacet
  facet normal 0.933 -0.359875 0
    outer loop
      vertex 27.7164 -11.4805 5
      vertex 28.2463 -10.1067 0
      vertex 28.2463 -10.1067 5
    endloop
  endfacet
  facet normal 0.933 -0.359875 0
    outer loop
      vertex 28.2463 -10.1067 0
      vertex 27.7164 -11.4805 5
      vertex 27.7164 -11.4805 0
    endloop
  endfacet
  facet normal 0.689542 0.724246 -0
    outer loop
      vertex 21.2132 21.2132 0
      vertex 20.1468 22.2285 5
      vertex 21.2132 21.2132 5
    endloop
  endfacet
  facet normal 0.689542 0.724246 0
    outer loop
      vertex 20.1468 22.2285 5
      vertex 21.2132 21.2132 0
      vertex 20.1468 22.2285 0
    endloop
  endfacet
  facet normal 0.35985 -0.93301 0
    outer loop
      vertex 10.1067 -28.2463 0
      vertex 10.3149 -28.166 5
      vertex 10.1067 -28.2463 5
    endloop
  endfacet
  facet normal 0.35985 -0.93301 0
    outer loop
      vertex 10.3149 -28.166 5
      vertex 10.1067 -28.2463 0
      vertex 10.3149 -28.166 0
    endloop
  endfacet
  facet normal 0.170937 0.985282 -0
    outer loop
      vertex 5.85271 29.4236 0
      vertex 4.40191 29.6753 5
      vertex 5.85271 29.4236 5
    endloop
  endfacet
  facet normal 0.170937 0.985282 0
    outer loop
      vertex 4.40191 29.6753 5
      vertex 5.85271 29.4236 0
      vertex 4.40191 29.6753 0
    endloop
  endfacet
  facet normal 0.933 0.359875 0
    outer loop
      vertex 28.2463 10.1067 5
      vertex 27.7164 11.4805 0
      vertex 27.7164 11.4805 5
    endloop
  endfacet
  facet normal 0.933 0.359875 0
    outer loop
      vertex 27.7164 11.4805 0
      vertex 28.2463 10.1067 5
      vertex 28.2463 10.1067 0
    endloop
  endfacet
  facet normal 0.97569 -0.219153 0
    outer loop
      vertex 29.1009 -7.2894 5
      vertex 29.4236 -5.85271 0
      vertex 29.4236 -5.85271 5
    endloop
  endfacet
  facet normal 0.97569 -0.219153 0
    outer loop
      vertex 29.4236 -5.85271 0
      vertex 29.1009 -7.2894 5
      vertex 29.1009 -7.2894 0
    endloop
  endfacet
  facet normal 0.949526 0.313688 0
    outer loop
      vertex 28.7082 8.70854 5
      vertex 28.2463 10.1067 0
      vertex 28.2463 10.1067 5
    endloop
  endfacet
  facet normal 0.949526 0.313688 0
    outer loop
      vertex 28.2463 10.1067 0
      vertex 28.7082 8.70854 5
      vertex 28.7082 8.70854 0
    endloop
  endfacet
  facet normal -0.97569 -0.219153 0
    outer loop
      vertex -29.1009 -7.2894 0
      vertex -29.4236 -5.85271 5
      vertex -29.4236 -5.85271 0
    endloop
  endfacet
  facet normal -0.97569 -0.219153 0
    outer loop
      vertex -29.4236 -5.85271 5
      vertex -29.1009 -7.2894 0
      vertex -29.1009 -7.2894 5
    endloop
  endfacet
  facet normal 0.757211 -0.653171 0
    outer loop
      vertex 22.2285 -20.1468 5
      vertex 23.1903 -19.0318 0
      vertex 23.1903 -19.0318 5
    endloop
  endfacet
  facet normal 0.757211 -0.653171 0
    outer loop
      vertex 23.1903 -19.0318 0
      vertex 22.2285 -20.1468 5
      vertex 22.2285 -20.1468 0
    endloop
  endfacet
  facet normal 0.893201 -0.449657 0
    outer loop
      vertex 26.4576 -14.1419 5
      vertex 27.1197 -12.8267 0
      vertex 27.1197 -12.8267 5
    endloop
  endfacet
  facet normal 0.893201 -0.449657 0
    outer loop
      vertex 27.1197 -12.8267 0
      vertex 26.4576 -14.1419 5
      vertex 26.4576 -14.1419 0
    endloop
  endfacet
  facet normal -0.0245166 -0.999699 0
    outer loop
      vertex -1.47203 -29.9639 0
      vertex 0 -30 5
      vertex -1.47203 -29.9639 5
    endloop
  endfacet
  facet normal -0.0245166 -0.999699 -0
    outer loop
      vertex 0 -30 5
      vertex -1.47203 -29.9639 0
      vertex 0 -30 0
    endloop
  endfacet
  facet normal 0.724246 -0.689542 0
    outer loop
      vertex 21.2132 -21.2132 5
      vertex 22.2285 -20.1468 0
      vertex 22.2285 -20.1468 5
    endloop
  endfacet
  facet normal 0.724246 -0.689542 0
    outer loop
      vertex 22.2285 -20.1468 0
      vertex 21.2132 -21.2132 5
      vertex 21.2132 -21.2132 0
    endloop
  endfacet
  facet normal 0.313688 0.949526 -0
    outer loop
      vertex 10.1067 28.2463 0
      vertex 8.70854 28.7082 5
      vertex 10.1067 28.2463 5
    endloop
  endfacet
  facet normal 0.313688 0.949526 0
    outer loop
      vertex 8.70854 28.7082 5
      vertex 10.1067 28.2463 0
      vertex 8.70854 28.7082 0
    endloop
  endfacet
  facet normal -0.788346 0.615233 0
    outer loop
      vertex -24.0962 17.871 0
      vertex -23.1903 19.0318 5
      vertex -23.1903 19.0318 0
    endloop
  endfacet
  facet normal -0.788346 0.615233 0
    outer loop
      vertex -23.1903 19.0318 5
      vertex -24.0962 17.871 0
      vertex -24.0962 17.871 5
    endloop
  endfacet
  facet normal 0.963781 -0.266695 0
    outer loop
      vertex 28.7082 -8.70854 5
      vertex 29.1009 -7.2894 0
      vertex 29.1009 -7.2894 5
    endloop
  endfacet
  facet normal 0.963781 -0.266695 0
    outer loop
      vertex 29.1009 -7.2894 0
      vertex 28.7082 -8.70854 5
      vertex 28.7082 -8.70854 0
    endloop
  endfacet
  facet normal -0.757211 0.653171 0
    outer loop
      vertex -23.1903 19.0318 0
      vertex -22.2285 20.1468 5
      vertex -22.2285 20.1468 0
    endloop
  endfacet
  facet normal -0.757211 0.653171 0
    outer loop
      vertex -22.2285 20.1468 5
      vertex -23.1903 19.0318 0
      vertex -23.1903 19.0318 5
    endloop
  endfacet
  facet normal -0.689542 0.724246 0
    outer loop
      vertex -20.1468 22.2285 0
      vertex -21.2132 21.2132 5
      vertex -20.1468 22.2285 5
    endloop
  endfacet
  facet normal -0.689542 0.724246 0
    outer loop
      vertex -21.2132 21.2132 5
      vertex -20.1468 22.2285 0
      vertex -21.2132 21.2132 0
    endloop
  endfacet
  facet normal 0 0 -1
    outer loop
      vertex 4.78997 -18.5965 0
      vertex 10.1067 -28.2463 0
      vertex 8.70854 -28.7082 0
    endloop
  endfacet
  facet normal 0 0 -1
    outer loop
      vertex 4.78997 -18.5965 0
      vertex 8.70854 -28.7082 0
      vertex 7.2894 -29.1009 0
    endloop
  endfacet
  facet normal 0 0 -1
    outer loop
      vertex 4.78997 -18.5965 0
      vertex 7.2894 -29.1009 0
      vertex 5.85271 -29.4236 0
    endloop
  endfacet
  facet normal 0 0 -1
    outer loop
      vertex 10.1067 -28.2463 0
      vertex 4.78997 -18.5965 0
      vertex 10.3149 -28.166 0
    endloop
  endfacet
  facet normal 0 0 -1
    outer loop
      vertex 4.40191 -29.6753 0
      vertex 4.78997 -18.5965 0
      vertex 5.85271 -29.4236 0
    endloop
  endfacet
  facet normal 0 0 -1
    outer loop
      vertex 2.94051 -29.8555 0
      vertex 4.78997 -18.5965 0
      vertex 4.40191 -29.6753 0
    endloop
  endfacet
  facet normal 0 0 -1
    outer loop
      vertex 4.78997 -18.5965 0
      vertex 3.94352 -13 0
      vertex 4.57665 -12.7909 0
    endloop
  endfacet
  facet normal 0 0 -1
    outer loop
      vertex 4.78997 -18.5965 0
      vertex 3.30089 -13.1779 0
      vertex 3.94352 -13 0
    endloop
  endfacet
  facet normal 0 0 -1
    outer loop
      vertex 1.47203 -29.9639 0
      vertex 4.78997 -18.5965 0
      vertex 2.94051 -29.8555 0
    endloop
  endfacet
  facet normal 0 0 -1
    outer loop
      vertex 4.78997 -18.5965 0
      vertex 2.6503 -13.324 0
      vertex 3.30089 -13.1779 0
    endloop
  endfacet
  facet normal 0 0 -1
    outer loop
      vertex 4.78997 -18.5965 0
      vertex 1.99333 -13.438 0
      vertex 2.6503 -13.324 0
    endloop
  endfacet
  facet normal 0 0 -1
    outer loop
      vertex 0 -30 0
      vertex 4.78997 -18.5965 0
      vertex 1.47203 -29.9639 0
    endloop
  endfacet
  facet normal 0 -0 -1
    outer loop
      vertex 0 -13.585 0
      vertex 4.78997 -18.5965 0
      vertex -4.78997 -18.5965 0
    endloop
  endfacet
  facet normal 0 0 -1
    outer loop
      vertex 4.78997 -18.5965 0
      vertex 1.33156 -13.5196 0
      vertex 1.99333 -13.438 0
    endloop
  endfacet
  facet normal -0 0 -1
    outer loop
      vertex 4.78997 -18.5965 0
      vertex 0 -30 0
      vertex -4.78997 -18.5965 0
    endloop
  endfacet
  facet normal 0 0 -1
    outer loop
      vertex 4.78997 -18.5965 0
      vertex 0.666584 -13.5686 0
      vertex 1.33156 -13.5196 0
    endloop
  endfacet
  facet normal 0 0 -1
    outer loop
      vertex 4.78997 -18.5965 0
      vertex 0 -13.585 0
      vertex 0.666584 -13.5686 0
    endloop
  endfacet
  facet normal -0 0 -1
    outer loop
      vertex 0 -13.585 0
      vertex -4.78997 -18.5965 0
      vertex -0.666584 -13.5686 0
    endloop
  endfacet
  facet normal 0 0 -1
    outer loop
      vertex -4.78997 -18.5965 0
      vertex 0 -30 0
      vertex -1.47203 -29.9639 0
    endloop
  endfacet
  facet normal -0 0 -1
    outer loop
      vertex -0.666584 -13.5686 0
      vertex -4.78997 -18.5965 0
      vertex -1.33156 -13.5196 0
    endloop
  endfacet
  facet normal -0 0 -1
    outer loop
      vertex -1.33156 -13.5196 0
      vertex -4.78997 -18.5965 0
      vertex -1.99333 -13.438 0
    endloop
  endfacet
  facet normal 0 0 -1
    outer loop
      vertex -4.78997 -18.5965 0
      vertex -1.47203 -29.9639 0
      vertex -2.94051 -29.8555 0
    endloop
  endfacet
  facet normal -0 0 -1
    outer loop
      vertex -1.99333 -13.438 0
      vertex -4.78997 -18.5965 0
      vertex -2.6503 -13.324 0
    endloop
  endfacet
  facet normal -0 0 -1
    outer loop
      vertex -2.6503 -13.324 0
      vertex -4.78997 -18.5965 0
      vertex -3.30089 -13.1779 0
    endloop
  endfacet
  facet normal 0 0 -1
    outer loop
      vertex -4.78997 -18.5965 0
      vertex -2.94051 -29.8555 0
      vertex -4.40191 -29.6753 0
    endloop
  endfacet
  facet normal -0 0 -1
    outer loop
      vertex -3.30089 -13.1779 0
      vertex -4.78997 -18.5965 0
      vertex -3.94352 -13 0
    endloop
  endfacet
  facet normal -0 0 -1
    outer loop
      vertex -3.94352 -13 0
      vertex -4.78997 -18.5965 0
      vertex -4.57665 -12.7909 0
    endloop
  endfacet
  facet normal 0 0 -1
    outer loop
      vertex -5.85271 -29.4236 0
      vertex -4.78997 -18.5965 0
      vertex -4.40191 -29.6753 0
    endloop
  endfacet
  facet normal 0 0 -1
    outer loop
      vertex -7.2894 -29.1009 0
      vertex -4.78997 -18.5965 0
      vertex -5.85271 -29.4236 0
    endloop
  endfacet
  facet normal 0 0 -1
    outer loop
      vertex -8.70854 -28.7082 0
      vertex -4.78997 -18.5965 0
      vertex -7.2894 -29.1009 0
    endloop
  endfacet
  facet normal 0 0 -1
    outer loop
      vertex -10.1067 -28.2463 0
      vertex -4.78997 -18.5965 0
      vertex -8.70854 -28.7082 0
    endloop
  endfacet
  facet normal 0 0 -1
    outer loop
      vertex -4.78997 -18.5965 0
      vertex -10.1067 -28.2463 0
      vertex -10.3149 -28.166 0
    endloop
  endfacet
  facet normal 0 0 -1
    outer loop
      vertex 13.5196 1.33156 0
      vertex 18.5 5.15 0
      vertex 13.5686 0.666584 0
    endloop
  endfacet
  facet normal 0 0 -1
    outer loop
      vertex 13.438 1.99333 0
      vertex 18.5 5.15 0
      vertex 13.5196 1.33156 0
    endloop
  endfacet
  facet normal 0 0 -1
    outer loop
      vertex 13.324 2.6503 0
      vertex 18.5 5.15 0
      vertex 13.438 1.99333 0
    endloop
  endfacet
  facet normal 0 0 -1
    outer loop
      vertex 13.1779 3.30089 0
      vertex 18.5 5.15 0
      vertex 13.324 2.6503 0
    endloop
  endfacet
  facet normal 0 0 -1
    outer loop
      vertex 13 3.94352 0
      vertex 18.5 5.15 0
      vertex 13.1779 3.30089 0
    endloop
  endfacet
  facet normal 0 0 -1
    outer loop
      vertex 12.7909 4.57665 0
      vertex 18.5 5.15 0
      vertex 13 3.94352 0
    endloop
  endfacet
  facet normal 0 0 -1
    outer loop
      vertex 12.5509 5.19875 0
      vertex 18.5 5.15 0
      vertex 12.7909 4.57665 0
    endloop
  endfacet
  facet normal 0 0 -1
    outer loop
      vertex 12.2807 5.80834 0
      vertex 18.5 5.15 0
      vertex 12.5509 5.19875 0
    endloop
  endfacet
  facet normal 0 0 -1
    outer loop
      vertex 11.9809 6.40392 0
      vertex 18.5 5.15 0
      vertex 12.2807 5.80834 0
    endloop
  endfacet
  facet normal 0 0 -1
    outer loop
      vertex 11.6522 6.98409 0
      vertex 18.5 5.15 0
      vertex 11.9809 6.40392 0
    endloop
  endfacet
  facet normal 0 0 -1
    outer loop
      vertex 18.5 5.15 0
      vertex 11.6522 6.98409 0
      vertex 13.71 13.4465 0
    endloop
  endfacet
  facet normal 0 0 -1
    outer loop
      vertex 11.2955 7.54742 0
      vertex 13.71 13.4465 0
      vertex 11.6522 6.98409 0
    endloop
  endfacet
  facet normal 0 0 -1
    outer loop
      vertex 10.9116 8.09257 0
      vertex 13.71 13.4465 0
      vertex 11.2955 7.54742 0
    endloop
  endfacet
  facet normal 0 0 -1
    outer loop
      vertex 10.5013 8.61823 0
      vertex 13.71 13.4465 0
      vertex 10.9116 8.09257 0
    endloop
  endfacet
  facet normal 0 0 -1
    outer loop
      vertex 10.0658 9.12313 0
      vertex 13.71 13.4465 0
      vertex 10.5013 8.61823 0
    endloop
  endfacet
  facet normal 0 0 -1
    outer loop
      vertex 9.60604 9.60604 0
      vertex 13.71 13.4465 0
      vertex 10.0658 9.12313 0
    endloop
  endfacet
  facet normal 0 0 -1
    outer loop
      vertex 9.12313 10.0658 0
      vertex 13.71 13.4465 0
      vertex 9.60604 9.60604 0
    endloop
  endfacet
  facet normal 0 0 -1
    outer loop
      vertex 8.61823 10.5013 0
      vertex 13.71 13.4465 0
      vertex 9.12313 10.0658 0
    endloop
  endfacet
  facet normal 0 0 -1
    outer loop
      vertex 8.09257 10.9116 0
      vertex 13.71 13.4465 0
      vertex 8.61823 10.5013 0
    endloop
  endfacet
  facet normal 0 0 -1
    outer loop
      vertex 7.54742 11.2955 0
      vertex 13.71 13.4465 0
      vertex 8.09257 10.9116 0
    endloop
  endfacet
  facet normal 0 0 -1
    outer loop
      vertex 6.98409 11.6522 0
      vertex 13.71 13.4465 0
      vertex 7.54742 11.2955 0
    endloop
  endfacet
  facet normal 0 0 -1
    outer loop
      vertex 4.78997 18.5965 0
      vertex 6.98409 11.6522 0
      vertex 6.40392 11.9809 0
    endloop
  endfacet
  facet normal 0 0 -1
    outer loop
      vertex 4.78997 18.5965 0
      vertex 6.40392 11.9809 0
      vertex 5.80834 12.2807 0
    endloop
  endfacet
  facet normal 0 0 -1
    outer loop
      vertex 4.78997 18.5965 0
      vertex 5.80834 12.2807 0
      vertex 5.19875 12.5509 0
    endloop
  endfacet
  facet normal 0 0 -1
    outer loop
      vertex 6.98409 11.6522 0
      vertex 4.78997 18.5965 0
      vertex 13.71 13.4465 0
    endloop
  endfacet
  facet normal 0 -0 -1
    outer loop
      vertex 4.78997 18.5965 0
      vertex 5.19875 12.5509 0
      vertex 4.57665 12.7909 0
    endloop
  endfacet
  facet normal 0 0 -1
    outer loop
      vertex 18.5 -5.15 0
      vertex 29.4236 -5.85271 0
      vertex 29.1009 -7.2894 0
    endloop
  endfacet
  facet normal 0 0 -1
    outer loop
      vertex 18.5 -5.15 0
      vertex 29.1009 -7.2894 0
      vertex 28.7082 -8.70854 0
    endloop
  endfacet
  facet normal 0 0 -1
    outer loop
      vertex 18.5 -5.15 0
      vertex 28.7082 -8.70854 0
      vertex 28.2463 -10.1067 0
    endloop
  endfacet
  facet normal 0 0 -1
    outer loop
      vertex 18.5 -5.15 0
      vertex 28.2463 -10.1067 0
      vertex 27.7164 -11.4805 0
    endloop
  endfacet
  facet normal 0 0 -1
    outer loop
      vertex 18.5 -5.15 0
      vertex 27.7164 -11.4805 0
      vertex 27.1197 -12.8267 0
    endloop
  endfacet
  facet normal 0 0 -1
    outer loop
      vertex 18.5 -5.15 0
      vertex 27.1197 -12.8267 0
      vertex 26.4576 -14.1419 0
    endloop
  endfacet
  facet normal 0 0 -1
    outer loop
      vertex 18.5 -5.15 0
      vertex 26.4576 -14.1419 0
      vertex 25.7319 -15.4231 0
    endloop
  endfacet
  facet normal 0 0 -1
    outer loop
      vertex 13.71 -13.4465 0
      vertex 25.7319 -15.4231 0
      vertex 24.9441 -16.6671 0
    endloop
  endfacet
  facet normal 0 0 -1
    outer loop
      vertex 13.71 -13.4465 0
      vertex 24.9441 -16.6671 0
      vertex 24.0962 -17.871 0
    endloop
  endfacet
  facet normal 0 0 -1
    outer loop
      vertex 13.71 -13.4465 0
      vertex 24.0962 -17.871 0
      vertex 23.1903 -19.0318 0
    endloop
  endfacet
  facet normal 0 0 -1
    outer loop
      vertex 13.71 -13.4465 0
      vertex 23.1903 -19.0318 0
      vertex 22.2285 -20.1468 0
    endloop
  endfacet
  facet normal 0 0 -1
    outer loop
      vertex 13.71 -13.4465 0
      vertex 22.2285 -20.1468 0
      vertex 21.2132 -21.2132 0
    endloop
  endfacet
  facet normal 0 0 -1
    outer loop
      vertex 13.71 -13.4465 0
      vertex 21.2132 -21.2132 0
      vertex 20.1468 -22.2285 0
    endloop
  endfacet
  facet normal 0 0 -1
    outer loop
      vertex 13.71 -13.4465 0
      vertex 20.1468 -22.2285 0
      vertex 19.2346 -23.0154 0
    endloop
  endfacet
  facet normal 0 0 -1
    outer loop
      vertex 29.4236 -5.85271 0
      vertex 18.5 -5.15 0
      vertex 29.5455 -5.15 0
    endloop
  endfacet
  facet normal 0 0 -1
    outer loop
      vertex 11.6522 -6.98409 0
      vertex 18.5 -5.15 0
      vertex 13.71 -13.4465 0
    endloop
  endfacet
  facet normal 0 0 -1
    outer loop
      vertex 25.7319 -15.4231 0
      vertex 13.71 -13.4465 0
      vertex 18.5 -5.15 0
    endloop
  endfacet
  facet normal 0 0 -1
    outer loop
      vertex 18.5 5.15 0
      vertex 29.4236 5.85271 0
      vertex 29.5455 5.15 0
    endloop
  endfacet
  facet normal -0 0 -1
    outer loop
      vertex 29.4236 5.85271 0
      vertex 18.5 5.15 0
      vertex 29.1009 7.2894 0
    endloop
  endfacet
  facet normal -0 0 -1
    outer loop
      vertex 29.1009 7.2894 0
      vertex 18.5 5.15 0
      vertex 28.7082 8.70854 0
    endloop
  endfacet
  facet normal -0 0 -1
    outer loop
      vertex 28.7082 8.70854 0
      vertex 18.5 5.15 0
      vertex 28.2463 10.1067 0
    endloop
  endfacet
  facet normal -0 0 -1
    outer loop
      vertex 28.2463 10.1067 0
      vertex 18.5 5.15 0
      vertex 27.7164 11.4805 0
    endloop
  endfacet
  facet normal -0 0 -1
    outer loop
      vertex 27.7164 11.4805 0
      vertex 18.5 5.15 0
      vertex 27.1197 12.8267 0
    endloop
  endfacet
  facet normal -0 0 -1
    outer loop
      vertex 27.1197 12.8267 0
      vertex 18.5 5.15 0
      vertex 26.4576 14.1419 0
    endloop
  endfacet
  facet normal -0 0 -1
    outer loop
      vertex 26.4576 14.1419 0
      vertex 18.5 5.15 0
      vertex 25.7319 15.4231 0
    endloop
  endfacet
  facet normal 0 0 -1
    outer loop
      vertex 13.71 13.4465 0
      vertex 25.7319 15.4231 0
      vertex 18.5 5.15 0
    endloop
  endfacet
  facet normal -0 0 -1
    outer loop
      vertex 25.7319 15.4231 0
      vertex 13.71 13.4465 0
      vertex 24.9441 16.6671 0
    endloop
  endfacet
  facet normal -0 0 -1
    outer loop
      vertex 24.9441 16.6671 0
      vertex 13.71 13.4465 0
      vertex 24.0962 17.871 0
    endloop
  endfacet
  facet normal -0 0 -1
    outer loop
      vertex 24.0962 17.871 0
      vertex 13.71 13.4465 0
      vertex 23.1903 19.0318 0
    endloop
  endfacet
  facet normal -0 0 -1
    outer loop
      vertex 23.1903 19.0318 0
      vertex 13.71 13.4465 0
      vertex 22.2285 20.1468 0
    endloop
  endfacet
  facet normal -0 0 -1
    outer loop
      vertex 22.2285 20.1468 0
      vertex 13.71 13.4465 0
      vertex 21.2132 21.2132 0
    endloop
  endfacet
  facet normal -0 0 -1
    outer loop
      vertex 21.2132 21.2132 0
      vertex 13.71 13.4465 0
      vertex 20.1468 22.2285 0
    endloop
  endfacet
  facet normal 0 -0 -1
    outer loop
      vertex 13.324 -2.6503 0
      vertex 18.5 -5.15 0
      vertex 13.1779 -3.30089 0
    endloop
  endfacet
  facet normal 0 0 -1
    outer loop
      vertex 18.5 -5.15 0
      vertex 13.585 0 0
      vertex 18.5 5.15 0
    endloop
  endfacet
  facet normal -0 0 -1
    outer loop
      vertex 20.1468 22.2285 0
      vertex 13.71 13.4465 0
      vertex 19.2346 23.0154 0
    endloop
  endfacet
  facet normal 0 0 -1
    outer loop
      vertex 13.5686 0.666584 0
      vertex 18.5 5.15 0
      vertex 13.585 0 0
    endloop
  endfacet
  facet normal 0 -0 -1
    outer loop
      vertex 13.585 0 0
      vertex 18.5 -5.15 0
      vertex 13.5686 -0.666584 0
    endloop
  endfacet
  facet normal 0 -0 -1
    outer loop
      vertex 13.5686 -0.666584 0
      vertex 18.5 -5.15 0
      vertex 13.5196 -1.33156 0
    endloop
  endfacet
  facet normal 0 -0 -1
    outer loop
      vertex 13.5196 -1.33156 0
      vertex 18.5 -5.15 0
      vertex 13.438 -1.99333 0
    endloop
  endfacet
  facet normal 0 -0 -1
    outer loop
      vertex 13.438 -1.99333 0
      vertex 18.5 -5.15 0
      vertex 13.324 -2.6503 0
    endloop
  endfacet
  facet normal 0 0 -1
    outer loop
      vertex 18.5 -5.15 0
      vertex 13 -3.94352 0
      vertex 13.1779 -3.30089 0
    endloop
  endfacet
  facet normal 0 0 -1
    outer loop
      vertex 18.5 -5.15 0
      vertex 12.7909 -4.57665 0
      vertex 13 -3.94352 0
    endloop
  endfacet
  facet normal -0 0 -1
    outer loop
      vertex 18.5 -5.15 0
      vertex 12.5509 -5.19875 0
      vertex 12.7909 -4.57665 0
    endloop
  endfacet
  facet normal 0 0 -1
    outer loop
      vertex 18.5 -5.15 0
      vertex 12.2807 -5.80834 0
      vertex 12.5509 -5.19875 0
    endloop
  endfacet
  facet normal 0 0 -1
    outer loop
      vertex 18.5 -5.15 0
      vertex 11.9809 -6.40392 0
      vertex 12.2807 -5.80834 0
    endloop
  endfacet
  facet normal 0 0 -1
    outer loop
      vertex 18.5 -5.15 0
      vertex 11.6522 -6.98409 0
      vertex 11.9809 -6.40392 0
    endloop
  endfacet
  facet normal 0 0 -1
    outer loop
      vertex 13.71 -13.4465 0
      vertex 11.2955 -7.54742 0
      vertex 11.6522 -6.98409 0
    endloop
  endfacet
  facet normal 0 0 -1
    outer loop
      vertex 13.71 -13.4465 0
      vertex 10.9116 -8.09257 0
      vertex 11.2955 -7.54742 0
    endloop
  endfacet
  facet normal 0 0 -1
    outer loop
      vertex 13.71 -13.4465 0
      vertex 10.5013 -8.61823 0
      vertex 10.9116 -8.09257 0
    endloop
  endfacet
  facet normal 0 0 -1
    outer loop
      vertex 13.71 -13.4465 0
      vertex 10.0658 -9.12313 0
      vertex 10.5013 -8.61823 0
    endloop
  endfacet
  facet normal 0 0 -1
    outer loop
      vertex 13.71 -13.4465 0
      vertex 9.60604 -9.60604 0
      vertex 10.0658 -9.12313 0
    endloop
  endfacet
  facet normal 0 0 -1
    outer loop
      vertex 13.71 -13.4465 0
      vertex 9.12313 -10.0658 0
      vertex 9.60604 -9.60604 0
    endloop
  endfacet
  facet normal 0 0 -1
    outer loop
      vertex 13.71 -13.4465 0
      vertex 8.61823 -10.5013 0
      vertex 9.12313 -10.0658 0
    endloop
  endfacet
  facet normal 0 0 -1
    outer loop
      vertex 13.71 -13.4465 0
      vertex 8.09257 -10.9116 0
      vertex 8.61823 -10.5013 0
    endloop
  endfacet
  facet normal 0 0 -1
    outer loop
      vertex 13.71 -13.4465 0
      vertex 7.54742 -11.2955 0
      vertex 8.09257 -10.9116 0
    endloop
  endfacet
  facet normal 0 0 -1
    outer loop
      vertex 13.71 -13.4465 0
      vertex 6.98409 -11.6522 0
      vertex 7.54742 -11.2955 0
    endloop
  endfacet
  facet normal 0 0 -1
    outer loop
      vertex 4.78997 -18.5965 0
      vertex 6.98409 -11.6522 0
      vertex 13.71 -13.4465 0
    endloop
  endfacet
  facet normal 0 0 -1
    outer loop
      vertex 6.98409 -11.6522 0
      vertex 4.78997 -18.5965 0
      vertex 6.40392 -11.9809 0
    endloop
  endfacet
  facet normal 0 0 -1
    outer loop
      vertex 6.40392 -11.9809 0
      vertex 4.78997 -18.5965 0
      vertex 5.80834 -12.2807 0
    endloop
  endfacet
  facet normal 0 0 -1
    outer loop
      vertex 5.80834 -12.2807 0
      vertex 4.78997 -18.5965 0
      vertex 5.19875 -12.5509 0
    endloop
  endfacet
  facet normal 0 0 -1
    outer loop
      vertex 5.19875 -12.5509 0
      vertex 4.78997 -18.5965 0
      vertex 4.57665 -12.7909 0
    endloop
  endfacet
  facet normal 0 0 -1
    outer loop
      vertex 4.78997 18.5965 0
      vertex 10.1067 28.2463 0
      vertex 10.3149 28.166 0
    endloop
  endfacet
  facet normal -0 0 -1
    outer loop
      vertex 10.1067 28.2463 0
      vertex 4.78997 18.5965 0
      vertex 8.70854 28.7082 0
    endloop
  endfacet
  facet normal -0 0 -1
    outer loop
      vertex 8.70854 28.7082 0
      vertex 4.78997 18.5965 0
      vertex 7.2894 29.1009 0
    endloop
  endfacet
  facet normal -0 0 -1
    outer loop
      vertex 7.2894 29.1009 0
      vertex 4.78997 18.5965 0
      vertex 5.85271 29.4236 0
    endloop
  endfacet
  facet normal 0 0 -1
    outer loop
      vertex 4.78997 18.5965 0
      vertex 4.40191 29.6753 0
      vertex 5.85271 29.4236 0
    endloop
  endfacet
  facet normal 0 0 -1
    outer loop
      vertex 3.94352 13 0
      vertex 4.78997 18.5965 0
      vertex 4.57665 12.7909 0
    endloop
  endfacet
  facet normal 0 0 -1
    outer loop
      vertex 3.30089 13.1779 0
      vertex 4.78997 18.5965 0
      vertex 3.94352 13 0
    endloop
  endfacet
  facet normal 0 0 -1
    outer loop
      vertex 2.6503 13.324 0
      vertex 4.78997 18.5965 0
      vertex 3.30089 13.1779 0
    endloop
  endfacet
  facet normal 0 0 -1
    outer loop
      vertex 1.99333 13.438 0
      vertex 4.78997 18.5965 0
      vertex 2.6503 13.324 0
    endloop
  endfacet
  facet normal 0 0 -1
    outer loop
      vertex 1.33156 13.5196 0
      vertex 4.78997 18.5965 0
      vertex 1.99333 13.438 0
    endloop
  endfacet
  facet normal 0 -0 -1
    outer loop
      vertex 0 30 0
      vertex 4.78997 18.5965 0
      vertex -4.78997 18.5965 0
    endloop
  endfacet
  facet normal 0 0 -1
    outer loop
      vertex 4.78997 18.5965 0
      vertex 2.94051 29.8555 0
      vertex 4.40191 29.6753 0
    endloop
  endfacet
  facet normal 0 0 -1
    outer loop
      vertex 0.666584 13.5686 0
      vertex 4.78997 18.5965 0
      vertex 1.33156 13.5196 0
    endloop
  endfacet
  facet normal 0 0 -1
    outer loop
      vertex 0 13.585 0
      vertex 4.78997 18.5965 0
      vertex 0.666584 13.5686 0
    endloop
  endfacet
  facet normal -0 0 -1
    outer loop
      vertex 4.78997 18.5965 0
      vertex 0 13.585 0
      vertex -4.78997 18.5965 0
    endloop
  endfacet
  facet normal 0 0 -1
    outer loop
      vertex 4.78997 18.5965 0
      vertex 1.47203 29.9639 0
      vertex 2.94051 29.8555 0
    endloop
  endfacet
  facet normal 0 0 -1
    outer loop
      vertex -4.78997 18.5965 0
      vertex 0 13.585 0
      vertex -0.666584 13.5686 0
    endloop
  endfacet
  facet normal 0 0 -1
    outer loop
      vertex -4.78997 18.5965 0
      vertex -0.666584 13.5686 0
      vertex -1.33156 13.5196 0
    endloop
  endfacet
  facet normal 0 0 -1
    outer loop
      vertex 4.78997 18.5965 0
      vertex 0 30 0
      vertex 1.47203 29.9639 0
    endloop
  endfacet
  facet normal 0 0 -1
    outer loop
      vertex -4.78997 18.5965 0
      vertex -1.33156 13.5196 0
      vertex -1.99333 13.438 0
    endloop
  endfacet
  facet normal 0 0 -1
    outer loop
      vertex -4.78997 18.5965 0
      vertex -1.99333 13.438 0
      vertex -2.6503 13.324 0
    endloop
  endfacet
  facet normal 0 0 -1
    outer loop
      vertex 0 30 0
      vertex -4.78997 18.5965 0
      vertex -1.47203 29.9639 0
    endloop
  endfacet
  facet normal 0 0 -1
    outer loop
      vertex -4.78997 18.5965 0
      vertex -2.6503 13.324 0
      vertex -3.30089 13.1779 0
    endloop
  endfacet
  facet normal 0 0 -1
    outer loop
      vertex -4.78997 18.5965 0
      vertex -3.30089 13.1779 0
      vertex -3.94352 13 0
    endloop
  endfacet
  facet normal 0 0 -1
    outer loop
      vertex -1.47203 29.9639 0
      vertex -4.78997 18.5965 0
      vertex -2.94051 29.8555 0
    endloop
  endfacet
  facet normal 0 0 -1
    outer loop
      vertex -4.78997 18.5965 0
      vertex -3.94352 13 0
      vertex -4.57665 12.7909 0
    endloop
  endfacet
  facet normal 0 0 -1
    outer loop
      vertex -2.94051 29.8555 0
      vertex -4.78997 18.5965 0
      vertex -4.40191 29.6753 0
    endloop
  endfacet
  facet normal 0 0 -1
    outer loop
      vertex -4.78997 18.5965 0
      vertex -5.85271 29.4236 0
      vertex -4.40191 29.6753 0
    endloop
  endfacet
  facet normal 0 0 -1
    outer loop
      vertex -4.78997 18.5965 0
      vertex -7.2894 29.1009 0
      vertex -5.85271 29.4236 0
    endloop
  endfacet
  facet normal 0 0 -1
    outer loop
      vertex -4.78997 18.5965 0
      vertex -8.70854 28.7082 0
      vertex -7.2894 29.1009 0
    endloop
  endfacet
  facet normal 0 0 -1
    outer loop
      vertex -4.78997 18.5965 0
      vertex -10.1067 28.2463 0
      vertex -8.70854 28.7082 0
    endloop
  endfacet
  facet normal 0 -0 -1
    outer loop
      vertex -10.1067 28.2463 0
      vertex -4.78997 18.5965 0
      vertex -10.3149 28.166 0
    endloop
  endfacet
  facet normal -0 0 -1
    outer loop
      vertex -11.6522 6.98409 0
      vertex -18.5 5.15 0
      vertex -13.71 13.4465 0
    endloop
  endfacet
  facet normal 0 0 -1
    outer loop
      vertex -25.7319 15.4231 0
      vertex -13.71 13.4465 0
      vertex -18.5 5.15 0
    endloop
  endfacet
  facet normal 0 0 -1
    outer loop
      vertex -13.71 13.4465 0
      vertex -20.1468 22.2285 0
      vertex -19.2346 23.0154 0
    endloop
  endfacet
  facet normal 0 0 -1
    outer loop
      vertex -13.71 13.4465 0
      vertex -21.2132 21.2132 0
      vertex -20.1468 22.2285 0
    endloop
  endfacet
  facet normal 0 0 -1
    outer loop
      vertex -13.71 13.4465 0
      vertex -22.2285 20.1468 0
      vertex -21.2132 21.2132 0
    endloop
  endfacet
  facet normal 0 0 -1
    outer loop
      vertex -13.71 13.4465 0
      vertex -23.1903 19.0318 0
      vertex -22.2285 20.1468 0
    endloop
  endfacet
  facet normal 0 0 -1
    outer loop
      vertex -13.71 13.4465 0
      vertex -24.0962 17.871 0
      vertex -23.1903 19.0318 0
    endloop
  endfacet
  facet normal 0 0 -1
    outer loop
      vertex -13.71 13.4465 0
      vertex -24.9441 16.6671 0
      vertex -24.0962 17.871 0
    endloop
  endfacet
  facet normal 0 0 -1
    outer loop
      vertex -13.71 13.4465 0
      vertex -25.7319 15.4231 0
      vertex -24.9441 16.6671 0
    endloop
  endfacet
  facet normal 0 0 -1
    outer loop
      vertex -18.5 5.15 0
      vertex -26.4576 14.1419 0
      vertex -25.7319 15.4231 0
    endloop
  endfacet
  facet normal 0 0 -1
    outer loop
      vertex -18.5 5.15 0
      vertex -27.1197 12.8267 0
      vertex -26.4576 14.1419 0
    endloop
  endfacet
  facet normal 0 0 -1
    outer loop
      vertex -18.5 5.15 0
      vertex -27.7164 11.4805 0
      vertex -27.1197 12.8267 0
    endloop
  endfacet
  facet normal 0 0 -1
    outer loop
      vertex -18.5 5.15 0
      vertex -28.2463 10.1067 0
      vertex -27.7164 11.4805 0
    endloop
  endfacet
  facet normal 0 0 -1
    outer loop
      vertex -18.5 5.15 0
      vertex -28.7082 8.70854 0
      vertex -28.2463 10.1067 0
    endloop
  endfacet
  facet normal 0 0 -1
    outer loop
      vertex -18.5 5.15 0
      vertex -29.1009 7.2894 0
      vertex -28.7082 8.70854 0
    endloop
  endfacet
  facet normal 0 0 -1
    outer loop
      vertex -18.5 5.15 0
      vertex -29.4236 5.85271 0
      vertex -29.1009 7.2894 0
    endloop
  endfacet
  facet normal 0 -0 -1
    outer loop
      vertex -29.4236 5.85271 0
      vertex -18.5 5.15 0
      vertex -29.5455 5.15 0
    endloop
  endfacet
  facet normal 0 0 -1
    outer loop
      vertex -5.19875 12.5509 0
      vertex -4.78997 18.5965 0
      vertex -4.57665 12.7909 0
    endloop
  endfacet
  facet normal 0 0 -1
    outer loop
      vertex -5.80834 12.2807 0
      vertex -4.78997 18.5965 0
      vertex -5.19875 12.5509 0
    endloop
  endfacet
  facet normal 0 0 -1
    outer loop
      vertex -6.40392 11.9809 0
      vertex -4.78997 18.5965 0
      vertex -5.80834 12.2807 0
    endloop
  endfacet
  facet normal 0 0 -1
    outer loop
      vertex -6.98409 11.6522 0
      vertex -4.78997 18.5965 0
      vertex -6.40392 11.9809 0
    endloop
  endfacet
  facet normal 0 0 -1
    outer loop
      vertex -13.71 13.4465 0
      vertex -6.98409 11.6522 0
      vertex -7.54742 11.2955 0
    endloop
  endfacet
  facet normal 0 0 -1
    outer loop
      vertex -13.71 13.4465 0
      vertex -7.54742 11.2955 0
      vertex -8.09257 10.9116 0
    endloop
  endfacet
  facet normal 0 0 -1
    outer loop
      vertex -13.71 13.4465 0
      vertex -8.09257 10.9116 0
      vertex -8.61823 10.5013 0
    endloop
  endfacet
  facet normal 0 0 -1
    outer loop
      vertex -13.71 13.4465 0
      vertex -8.61823 10.5013 0
      vertex -9.12313 10.0658 0
    endloop
  endfacet
  facet normal 0 0 -1
    outer loop
      vertex -13.71 13.4465 0
      vertex -9.12313 10.0658 0
      vertex -9.60604 9.60604 0
    endloop
  endfacet
  facet normal 0 0 -1
    outer loop
      vertex -13.71 13.4465 0
      vertex -9.60604 9.60604 0
      vertex -10.0658 9.12313 0
    endloop
  endfacet
  facet normal 0 0 -1
    outer loop
      vertex -13.71 13.4465 0
      vertex -10.0658 9.12313 0
      vertex -10.5013 8.61823 0
    endloop
  endfacet
  facet normal 0 0 -1
    outer loop
      vertex -13.71 13.4465 0
      vertex -10.5013 8.61823 0
      vertex -10.9116 8.09257 0
    endloop
  endfacet
  facet normal 0 0 -1
    outer loop
      vertex -13.71 13.4465 0
      vertex -10.9116 8.09257 0
      vertex -11.2955 7.54742 0
    endloop
  endfacet
  facet normal 0 0 -1
    outer loop
      vertex -13.71 13.4465 0
      vertex -11.2955 7.54742 0
      vertex -11.6522 6.98409 0
    endloop
  endfacet
  facet normal 0 0 -1
    outer loop
      vertex -6.98409 11.6522 0
      vertex -13.71 13.4465 0
      vertex -4.78997 18.5965 0
    endloop
  endfacet
  facet normal 0 0 -1
    outer loop
      vertex -18.5 5.15 0
      vertex -11.6522 6.98409 0
      vertex -11.9809 6.40392 0
    endloop
  endfacet
  facet normal 0 0 -1
    outer loop
      vertex -18.5 5.15 0
      vertex -11.9809 6.40392 0
      vertex -12.2807 5.80834 0
    endloop
  endfacet
  facet normal 0 0 -1
    outer loop
      vertex -18.5 5.15 0
      vertex -12.2807 5.80834 0
      vertex -12.5509 5.19875 0
    endloop
  endfacet
  facet normal 0 0 -1
    outer loop
      vertex -18.5 5.15 0
      vertex -12.5509 5.19875 0
      vertex -12.7909 4.57665 0
    endloop
  endfacet
  facet normal 0 0 -1
    outer loop
      vertex -18.5 5.15 0
      vertex -12.7909 4.57665 0
      vertex -13 3.94352 0
    endloop
  endfacet
  facet normal 0 0 -1
    outer loop
      vertex -18.5 5.15 0
      vertex -13 3.94352 0
      vertex -13.1779 3.30089 0
    endloop
  endfacet
  facet normal 0 0 -1
    outer loop
      vertex -13.438 1.99333 0
      vertex -18.5 5.15 0
      vertex -13.324 2.6503 0
    endloop
  endfacet
  facet normal 0 0 -1
    outer loop
      vertex -13.5196 1.33156 0
      vertex -18.5 5.15 0
      vertex -13.438 1.99333 0
    endloop
  endfacet
  facet normal 0 0 -1
    outer loop
      vertex -13.5686 0.666584 0
      vertex -18.5 5.15 0
      vertex -13.5196 1.33156 0
    endloop
  endfacet
  facet normal 0 0 -1
    outer loop
      vertex -13.585 0 0
      vertex -18.5 5.15 0
      vertex -13.5686 0.666584 0
    endloop
  endfacet
  facet normal 0 0 -1
    outer loop
      vertex -18.5 5.15 0
      vertex -13.585 0 0
      vertex -18.5 -5.15 0
    endloop
  endfacet
  facet normal -0 0 -1
    outer loop
      vertex -13.5686 -0.666584 0
      vertex -18.5 -5.15 0
      vertex -13.585 0 0
    endloop
  endfacet
  facet normal 0 0 -1
    outer loop
      vertex -13.324 2.6503 0
      vertex -18.5 5.15 0
      vertex -13.1779 3.30089 0
    endloop
  endfacet
  facet normal 0 0 -1
    outer loop
      vertex -20.1468 -22.2285 0
      vertex -13.71 -13.4465 0
      vertex -19.2346 -23.0154 0
    endloop
  endfacet
  facet normal 0 0 -1
    outer loop
      vertex -21.2132 -21.2132 0
      vertex -13.71 -13.4465 0
      vertex -20.1468 -22.2285 0
    endloop
  endfacet
  facet normal 0 0 -1
    outer loop
      vertex -22.2285 -20.1468 0
      vertex -13.71 -13.4465 0
      vertex -21.2132 -21.2132 0
    endloop
  endfacet
  facet normal 0 0 -1
    outer loop
      vertex -23.1903 -19.0318 0
      vertex -13.71 -13.4465 0
      vertex -22.2285 -20.1468 0
    endloop
  endfacet
  facet normal 0 0 -1
    outer loop
      vertex -24.0962 -17.871 0
      vertex -13.71 -13.4465 0
      vertex -23.1903 -19.0318 0
    endloop
  endfacet
  facet normal 0 0 -1
    outer loop
      vertex -24.9441 -16.6671 0
      vertex -13.71 -13.4465 0
      vertex -24.0962 -17.871 0
    endloop
  endfacet
  facet normal 0 0 -1
    outer loop
      vertex -25.7319 -15.4231 0
      vertex -13.71 -13.4465 0
      vertex -24.9441 -16.6671 0
    endloop
  endfacet
  facet normal -0 0 -1
    outer loop
      vertex -13.71 -13.4465 0
      vertex -25.7319 -15.4231 0
      vertex -18.5 -5.15 0
    endloop
  endfacet
  facet normal 0 0 -1
    outer loop
      vertex -26.4576 -14.1419 0
      vertex -18.5 -5.15 0
      vertex -25.7319 -15.4231 0
    endloop
  endfacet
  facet normal 0 0 -1
    outer loop
      vertex -27.1197 -12.8267 0
      vertex -18.5 -5.15 0
      vertex -26.4576 -14.1419 0
    endloop
  endfacet
  facet normal 0 0 -1
    outer loop
      vertex -27.7164 -11.4805 0
      vertex -18.5 -5.15 0
      vertex -27.1197 -12.8267 0
    endloop
  endfacet
  facet normal 0 0 -1
    outer loop
      vertex -28.2463 -10.1067 0
      vertex -18.5 -5.15 0
      vertex -27.7164 -11.4805 0
    endloop
  endfacet
  facet normal 0 0 -1
    outer loop
      vertex -28.7082 -8.70854 0
      vertex -18.5 -5.15 0
      vertex -28.2463 -10.1067 0
    endloop
  endfacet
  facet normal 0 0 -1
    outer loop
      vertex -29.1009 -7.2894 0
      vertex -18.5 -5.15 0
      vertex -28.7082 -8.70854 0
    endloop
  endfacet
  facet normal 0 0 -1
    outer loop
      vertex -29.4236 -5.85271 0
      vertex -18.5 -5.15 0
      vertex -29.1009 -7.2894 0
    endloop
  endfacet
  facet normal -0 0 -1
    outer loop
      vertex -18.5 -5.15 0
      vertex -29.4236 -5.85271 0
      vertex -29.5455 -5.15 0
    endloop
  endfacet
  facet normal 0 0 -1
    outer loop
      vertex -4.78997 -18.5965 0
      vertex -5.19875 -12.5509 0
      vertex -4.57665 -12.7909 0
    endloop
  endfacet
  facet normal 0 0 -1
    outer loop
      vertex -4.78997 -18.5965 0
      vertex -5.80834 -12.2807 0
      vertex -5.19875 -12.5509 0
    endloop
  endfacet
  facet normal 0 0 -1
    outer loop
      vertex -4.78997 -18.5965 0
      vertex -6.40392 -11.9809 0
      vertex -5.80834 -12.2807 0
    endloop
  endfacet
  facet normal 0 0 -1
    outer loop
      vertex -4.78997 -18.5965 0
      vertex -6.98409 -11.6522 0
      vertex -6.40392 -11.9809 0
    endloop
  endfacet
  facet normal 0 0 -1
    outer loop
      vertex -13.71 -13.4465 0
      vertex -6.98409 -11.6522 0
      vertex -4.78997 -18.5965 0
    endloop
  endfacet
  facet normal -0 0 -1
    outer loop
      vertex -6.98409 -11.6522 0
      vertex -13.71 -13.4465 0
      vertex -7.54742 -11.2955 0
    endloop
  endfacet
  facet normal -0 0 -1
    outer loop
      vertex -7.54742 -11.2955 0
      vertex -13.71 -13.4465 0
      vertex -8.09257 -10.9116 0
    endloop
  endfacet
  facet normal -0 0 -1
    outer loop
      vertex -8.09257 -10.9116 0
      vertex -13.71 -13.4465 0
      vertex -8.61823 -10.5013 0
    endloop
  endfacet
  facet normal -0 0 -1
    outer loop
      vertex -8.61823 -10.5013 0
      vertex -13.71 -13.4465 0
      vertex -9.12313 -10.0658 0
    endloop
  endfacet
  facet normal -0 0 -1
    outer loop
      vertex -9.12313 -10.0658 0
      vertex -13.71 -13.4465 0
      vertex -9.60604 -9.60604 0
    endloop
  endfacet
  facet normal -0 0 -1
    outer loop
      vertex -9.60604 -9.60604 0
      vertex -13.71 -13.4465 0
      vertex -10.0658 -9.12313 0
    endloop
  endfacet
  facet normal -0 0 -1
    outer loop
      vertex -10.0658 -9.12313 0
      vertex -13.71 -13.4465 0
      vertex -10.5013 -8.61823 0
    endloop
  endfacet
  facet normal -0 0 -1
    outer loop
      vertex -10.5013 -8.61823 0
      vertex -13.71 -13.4465 0
      vertex -10.9116 -8.09257 0
    endloop
  endfacet
  facet normal -0 0 -1
    outer loop
      vertex -10.9116 -8.09257 0
      vertex -13.71 -13.4465 0
      vertex -11.2955 -7.54742 0
    endloop
  endfacet
  facet normal -0 0 -1
    outer loop
      vertex -13.5196 -1.33156 0
      vertex -18.5 -5.15 0
      vertex -13.5686 -0.666584 0
    endloop
  endfacet
  facet normal -0 0 -1
    outer loop
      vertex -13.438 -1.99333 0
      vertex -18.5 -5.15 0
      vertex -13.5196 -1.33156 0
    endloop
  endfacet
  facet normal -0 0 -1
    outer loop
      vertex -13.324 -2.6503 0
      vertex -18.5 -5.15 0
      vertex -13.438 -1.99333 0
    endloop
  endfacet
  facet normal -0 0 -1
    outer loop
      vertex -13.1779 -3.30089 0
      vertex -18.5 -5.15 0
      vertex -13.324 -2.6503 0
    endloop
  endfacet
  facet normal -0 0 -1
    outer loop
      vertex -13 -3.94352 0
      vertex -18.5 -5.15 0
      vertex -13.1779 -3.30089 0
    endloop
  endfacet
  facet normal -0 0 -1
    outer loop
      vertex -12.7909 -4.57665 0
      vertex -18.5 -5.15 0
      vertex -13 -3.94352 0
    endloop
  endfacet
  facet normal 0 0 -1
    outer loop
      vertex -12.5509 -5.19875 0
      vertex -18.5 -5.15 0
      vertex -12.7909 -4.57665 0
    endloop
  endfacet
  facet normal 0 0 -1
    outer loop
      vertex -12.2807 -5.80834 0
      vertex -18.5 -5.15 0
      vertex -12.5509 -5.19875 0
    endloop
  endfacet
  facet normal 0 0 -1
    outer loop
      vertex -11.9809 -6.40392 0
      vertex -18.5 -5.15 0
      vertex -12.2807 -5.80834 0
    endloop
  endfacet
  facet normal 0 0 -1
    outer loop
      vertex -11.6522 -6.98409 0
      vertex -18.5 -5.15 0
      vertex -11.9809 -6.40392 0
    endloop
  endfacet
  facet normal 0 0 -1
    outer loop
      vertex -18.5 -5.15 0
      vertex -11.6522 -6.98409 0
      vertex -13.71 -13.4465 0
    endloop
  endfacet
  facet normal -0 0 -1
    outer loop
      vertex -11.2955 -7.54742 0
      vertex -13.71 -13.4465 0
      vertex -11.6522 -6.98409 0
    endloop
  endfacet
  facet normal -0.170937 -0.985282 0
    outer loop
      vertex -5.85271 -29.4236 0
      vertex -4.40191 -29.6753 5
      vertex -5.85271 -29.4236 5
    endloop
  endfacet
  facet normal -0.170937 -0.985282 -0
    outer loop
      vertex -4.40191 -29.6753 5
      vertex -5.85271 -29.4236 0
      vertex -4.40191 -29.6753 0
    endloop
  endfacet
  facet normal 0.870113 0.492851 0
    outer loop
      vertex 26.4576 14.1419 5
      vertex 25.7319 15.4231 0
      vertex 25.7319 15.4231 5
    endloop
  endfacet
  facet normal 0.870113 0.492851 0
    outer loop
      vertex 25.7319 15.4231 0
      vertex 26.4576 14.1419 5
      vertex 26.4576 14.1419 0
    endloop
  endfacet
  facet normal -0.0736175 0.997287 0
    outer loop
      vertex -1.47203 29.9639 0
      vertex -2.94051 29.8555 5
      vertex -1.47203 29.9639 5
    endloop
  endfacet
  facet normal -0.0736175 0.997287 0
    outer loop
      vertex -2.94051 29.8555 5
      vertex -1.47203 29.9639 0
      vertex -2.94051 29.8555 0
    endloop
  endfacet
  facet normal -0.313688 0.949526 0
    outer loop
      vertex -8.70854 28.7082 0
      vertex -10.1067 28.2463 5
      vertex -8.70854 28.7082 5
    endloop
  endfacet
  facet normal -0.313688 0.949526 0
    outer loop
      vertex -10.1067 28.2463 5
      vertex -8.70854 28.7082 0
      vertex -10.1067 28.2463 0
    endloop
  endfacet
  facet normal 0.219153 -0.97569 0
    outer loop
      vertex 5.85271 -29.4236 0
      vertex 7.2894 -29.1009 5
      vertex 5.85271 -29.4236 5
    endloop
  endfacet
  facet normal 0.219153 -0.97569 0
    outer loop
      vertex 7.2894 -29.1009 5
      vertex 5.85271 -29.4236 0
      vertex 7.2894 -29.1009 0
    endloop
  endfacet
  facet normal 0.914217 -0.405225 0
    outer loop
      vertex 27.1197 -12.8267 5
      vertex 27.7164 -11.4805 0
      vertex 27.7164 -11.4805 5
    endloop
  endfacet
  facet normal 0.914217 -0.405225 0
    outer loop
      vertex 27.7164 -11.4805 0
      vertex 27.1197 -12.8267 5
      vertex 27.1197 -12.8267 0
    endloop
  endfacet
  facet normal 0.893201 0.449657 0
    outer loop
      vertex 27.1197 12.8267 5
      vertex 26.4576 14.1419 0
      vertex 26.4576 14.1419 5
    endloop
  endfacet
  facet normal 0.893201 0.449657 0
    outer loop
      vertex 26.4576 14.1419 0
      vertex 27.1197 12.8267 5
      vertex 27.1197 12.8267 0
    endloop
  endfacet
  facet normal -0.12238 0.992483 0
    outer loop
      vertex -2.94051 29.8555 0
      vertex -4.40191 29.6753 5
      vertex -2.94051 29.8555 5
    endloop
  endfacet
  facet normal -0.12238 0.992483 0
    outer loop
      vertex -4.40191 29.6753 5
      vertex -2.94051 29.8555 0
      vertex -4.40191 29.6753 0
    endloop
  endfacet
  facet normal -0.653188 -0.757196 0
    outer loop
      vertex -20.1468 -22.2285 0
      vertex -19.2346 -23.0154 5
      vertex -20.1468 -22.2285 5
    endloop
  endfacet
  facet normal -0.653188 -0.757196 -0
    outer loop
      vertex -19.2346 -23.0154 5
      vertex -20.1468 -22.2285 0
      vertex -19.2346 -23.0154 0
    endloop
  endfacet
  facet normal 0.870113 -0.492851 0
    outer loop
      vertex 25.7319 -15.4231 5
      vertex 26.4576 -14.1419 0
      vertex 26.4576 -14.1419 5
    endloop
  endfacet
  facet normal 0.870113 -0.492851 0
    outer loop
      vertex 26.4576 -14.1419 0
      vertex 25.7319 -15.4231 5
      vertex 25.7319 -15.4231 0
    endloop
  endfacet
  facet normal -0.949526 -0.313688 0
    outer loop
      vertex -28.2463 -10.1067 0
      vertex -28.7082 -8.70854 5
      vertex -28.7082 -8.70854 0
    endloop
  endfacet
  facet normal -0.949526 -0.313688 0
    outer loop
      vertex -28.7082 -8.70854 5
      vertex -28.2463 -10.1067 0
      vertex -28.2463 -10.1067 5
    endloop
  endfacet
  facet normal -0.219153 0.97569 0
    outer loop
      vertex -5.85271 29.4236 0
      vertex -7.2894 29.1009 5
      vertex -5.85271 29.4236 5
    endloop
  endfacet
  facet normal -0.219153 0.97569 0
    outer loop
      vertex -7.2894 29.1009 5
      vertex -5.85271 29.4236 0
      vertex -7.2894 29.1009 0
    endloop
  endfacet
  facet normal 0.170937 -0.985282 0
    outer loop
      vertex 4.40191 -29.6753 0
      vertex 5.85271 -29.4236 5
      vertex 4.40191 -29.6753 5
    endloop
  endfacet
  facet normal 0.170937 -0.985282 0
    outer loop
      vertex 5.85271 -29.4236 5
      vertex 4.40191 -29.6753 0
      vertex 5.85271 -29.4236 0
    endloop
  endfacet
  facet normal 0.12238 0.992483 -0
    outer loop
      vertex 4.40191 29.6753 0
      vertex 2.94051 29.8555 5
      vertex 4.40191 29.6753 5
    endloop
  endfacet
  facet normal 0.12238 0.992483 0
    outer loop
      vertex 2.94051 29.8555 5
      vertex 4.40191 29.6753 0
      vertex 2.94051 29.8555 0
    endloop
  endfacet
  facet normal 0 0 1
    outer loop
      vertex 4.78997 18.5965 5
      vertex 10.1067 28.2463 5
      vertex 8.70854 28.7082 5
    endloop
  endfacet
  facet normal 0 0 1
    outer loop
      vertex 4.78997 18.5965 5
      vertex 8.70854 28.7082 5
      vertex 7.2894 29.1009 5
    endloop
  endfacet
  facet normal 0 0 1
    outer loop
      vertex 4.78997 18.5965 5
      vertex 7.2894 29.1009 5
      vertex 5.85271 29.4236 5
    endloop
  endfacet
  facet normal 0 0 1
    outer loop
      vertex 10.1067 28.2463 5
      vertex 4.78997 18.5965 5
      vertex 10.3149 28.166 5
    endloop
  endfacet
  facet normal 0 0 1
    outer loop
      vertex 4.40191 29.6753 5
      vertex 4.78997 18.5965 5
      vertex 5.85271 29.4236 5
    endloop
  endfacet
  facet normal 0 0 1
    outer loop
      vertex 2.94051 29.8555 5
      vertex 4.78997 18.5965 5
      vertex 4.40191 29.6753 5
    endloop
  endfacet
  facet normal 0 0 1
    outer loop
      vertex 4.78997 18.5965 5
      vertex 3.94352 13 5
      vertex 4.57665 12.7909 5
    endloop
  endfacet
  facet normal 0 0 1
    outer loop
      vertex 4.78997 18.5965 5
      vertex 3.30089 13.1779 5
      vertex 3.94352 13 5
    endloop
  endfacet
  facet normal 0 0 1
    outer loop
      vertex 1.47203 29.9639 5
      vertex 4.78997 18.5965 5
      vertex 2.94051 29.8555 5
    endloop
  endfacet
  facet normal 0 0 1
    outer loop
      vertex 4.78997 18.5965 5
      vertex 2.6503 13.324 5
      vertex 3.30089 13.1779 5
    endloop
  endfacet
  facet normal 0 0 1
    outer loop
      vertex 4.78997 18.5965 5
      vertex 1.99333 13.438 5
      vertex 2.6503 13.324 5
    endloop
  endfacet
  facet normal 0 0 1
    outer loop
      vertex 0 30 5
      vertex 4.78997 18.5965 5
      vertex 1.47203 29.9639 5
    endloop
  endfacet
  facet normal 0 -0 1
    outer loop
      vertex 0 13.585 5
      vertex 4.78997 18.5965 5
      vertex -4.78997 18.5965 5
    endloop
  endfacet
  facet normal 0 0 1
    outer loop
      vertex 4.78997 18.5965 5
      vertex 1.33156 13.5196 5
      vertex 1.99333 13.438 5
    endloop
  endfacet
  facet normal 0 0 1
    outer loop
      vertex 4.78997 18.5965 5
      vertex 0 30 5
      vertex -4.78997 18.5965 5
    endloop
  endfacet
  facet normal 0 0 1
    outer loop
      vertex 4.78997 18.5965 5
      vertex 0.666584 13.5686 5
      vertex 1.33156 13.5196 5
    endloop
  endfacet
  facet normal 0 0 1
    outer loop
      vertex 4.78997 18.5965 5
      vertex 0 13.585 5
      vertex 0.666584 13.5686 5
    endloop
  endfacet
  facet normal 0 0 1
    outer loop
      vertex 0 13.585 5
      vertex -4.78997 18.5965 5
      vertex -0.666584 13.5686 5
    endloop
  endfacet
  facet normal 0 0 1
    outer loop
      vertex -4.78997 18.5965 5
      vertex 0 30 5
      vertex -1.47203 29.9639 5
    endloop
  endfacet
  facet normal 0 0 1
    outer loop
      vertex -0.666584 13.5686 5
      vertex -4.78997 18.5965 5
      vertex -1.33156 13.5196 5
    endloop
  endfacet
  facet normal 0 0 1
    outer loop
      vertex -1.33156 13.5196 5
      vertex -4.78997 18.5965 5
      vertex -1.99333 13.438 5
    endloop
  endfacet
  facet normal 0 0 1
    outer loop
      vertex -4.78997 18.5965 5
      vertex -1.47203 29.9639 5
      vertex -2.94051 29.8555 5
    endloop
  endfacet
  facet normal 0 0 1
    outer loop
      vertex -1.99333 13.438 5
      vertex -4.78997 18.5965 5
      vertex -2.6503 13.324 5
    endloop
  endfacet
  facet normal 0 0 1
    outer loop
      vertex -2.6503 13.324 5
      vertex -4.78997 18.5965 5
      vertex -3.30089 13.1779 5
    endloop
  endfacet
  facet normal 0 0 1
    outer loop
      vertex -4.78997 18.5965 5
      vertex -2.94051 29.8555 5
      vertex -4.40191 29.6753 5
    endloop
  endfacet
  facet normal 0 0 1
    outer loop
      vertex -3.30089 13.1779 5
      vertex -4.78997 18.5965 5
      vertex -3.94352 13 5
    endloop
  endfacet
  facet normal 0 0 1
    outer loop
      vertex -3.94352 13 5
      vertex -4.78997 18.5965 5
      vertex -4.57665 12.7909 5
    endloop
  endfacet
  facet normal -0 0 1
    outer loop
      vertex -5.85271 29.4236 5
      vertex -4.78997 18.5965 5
      vertex -4.40191 29.6753 5
    endloop
  endfacet
  facet normal -0 0 1
    outer loop
      vertex -7.2894 29.1009 5
      vertex -4.78997 18.5965 5
      vertex -5.85271 29.4236 5
    endloop
  endfacet
  facet normal -0 0 1
    outer loop
      vertex -8.70854 28.7082 5
      vertex -4.78997 18.5965 5
      vertex -7.2894 29.1009 5
    endloop
  endfacet
  facet normal -0 0 1
    outer loop
      vertex -10.1067 28.2463 5
      vertex -4.78997 18.5965 5
      vertex -8.70854 28.7082 5
    endloop
  endfacet
  facet normal 0 0 1
    outer loop
      vertex -4.78997 18.5965 5
      vertex -10.1067 28.2463 5
      vertex -10.3149 28.166 5
    endloop
  endfacet
  facet normal -0 0 1
    outer loop
      vertex 13.5196 -1.33156 5
      vertex 18.5 -5.15 5
      vertex 13.5686 -0.666584 5
    endloop
  endfacet
  facet normal -0 0 1
    outer loop
      vertex 13.438 -1.99333 5
      vertex 18.5 -5.15 5
      vertex 13.5196 -1.33156 5
    endloop
  endfacet
  facet normal -0 0 1
    outer loop
      vertex 13.324 -2.6503 5
      vertex 18.5 -5.15 5
      vertex 13.438 -1.99333 5
    endloop
  endfacet
  facet normal -0 0 1
    outer loop
      vertex 13.1779 -3.30089 5
      vertex 18.5 -5.15 5
      vertex 13.324 -2.6503 5
    endloop
  endfacet
  facet normal -0 0 1
    outer loop
      vertex 13 -3.94352 5
      vertex 18.5 -5.15 5
      vertex 13.1779 -3.30089 5
    endloop
  endfacet
  facet normal -0 0 1
    outer loop
      vertex 12.7909 -4.57665 5
      vertex 18.5 -5.15 5
      vertex 13 -3.94352 5
    endloop
  endfacet
  facet normal 0 0 1
    outer loop
      vertex 12.5509 -5.19875 5
      vertex 18.5 -5.15 5
      vertex 12.7909 -4.57665 5
    endloop
  endfacet
  facet normal 0 0 1
    outer loop
      vertex 12.2807 -5.80834 5
      vertex 18.5 -5.15 5
      vertex 12.5509 -5.19875 5
    endloop
  endfacet
  facet normal 0 0 1
    outer loop
      vertex 11.9809 -6.40392 5
      vertex 18.5 -5.15 5
      vertex 12.2807 -5.80834 5
    endloop
  endfacet
  facet normal 0 0 1
    outer loop
      vertex 11.6522 -6.98409 5
      vertex 18.5 -5.15 5
      vertex 11.9809 -6.40392 5
    endloop
  endfacet
  facet normal 0 0 1
    outer loop
      vertex 18.5 -5.15 5
      vertex 11.6522 -6.98409 5
      vertex 13.71 -13.4465 5
    endloop
  endfacet
  facet normal -0 0 1
    outer loop
      vertex 11.2955 -7.54742 5
      vertex 13.71 -13.4465 5
      vertex 11.6522 -6.98409 5
    endloop
  endfacet
  facet normal -0 0 1
    outer loop
      vertex 10.9116 -8.09257 5
      vertex 13.71 -13.4465 5
      vertex 11.2955 -7.54742 5
    endloop
  endfacet
  facet normal -0 0 1
    outer loop
      vertex 10.5013 -8.61823 5
      vertex 13.71 -13.4465 5
      vertex 10.9116 -8.09257 5
    endloop
  endfacet
  facet normal -0 0 1
    outer loop
      vertex 10.0658 -9.12313 5
      vertex 13.71 -13.4465 5
      vertex 10.5013 -8.61823 5
    endloop
  endfacet
  facet normal -0 0 1
    outer loop
      vertex 9.60604 -9.60604 5
      vertex 13.71 -13.4465 5
      vertex 10.0658 -9.12313 5
    endloop
  endfacet
  facet normal -0 0 1
    outer loop
      vertex 9.12313 -10.0658 5
      vertex 13.71 -13.4465 5
      vertex 9.60604 -9.60604 5
    endloop
  endfacet
  facet normal -0 0 1
    outer loop
      vertex 8.61823 -10.5013 5
      vertex 13.71 -13.4465 5
      vertex 9.12313 -10.0658 5
    endloop
  endfacet
  facet normal -0 0 1
    outer loop
      vertex 8.09257 -10.9116 5
      vertex 13.71 -13.4465 5
      vertex 8.61823 -10.5013 5
    endloop
  endfacet
  facet normal -0 0 1
    outer loop
      vertex 7.54742 -11.2955 5
      vertex 13.71 -13.4465 5
      vertex 8.09257 -10.9116 5
    endloop
  endfacet
  facet normal -0 0 1
    outer loop
      vertex 6.98409 -11.6522 5
      vertex 13.71 -13.4465 5
      vertex 7.54742 -11.2955 5
    endloop
  endfacet
  facet normal 0 0 1
    outer loop
      vertex 4.78997 -18.5965 5
      vertex 6.98409 -11.6522 5
      vertex 6.40392 -11.9809 5
    endloop
  endfacet
  facet normal 0 0 1
    outer loop
      vertex 4.78997 -18.5965 5
      vertex 6.40392 -11.9809 5
      vertex 5.80834 -12.2807 5
    endloop
  endfacet
  facet normal 0 0 1
    outer loop
      vertex 4.78997 -18.5965 5
      vertex 5.80834 -12.2807 5
      vertex 5.19875 -12.5509 5
    endloop
  endfacet
  facet normal 0 0 1
    outer loop
      vertex 6.98409 -11.6522 5
      vertex 4.78997 -18.5965 5
      vertex 13.71 -13.4465 5
    endloop
  endfacet
  facet normal 0 -0 1
    outer loop
      vertex 4.78997 -18.5965 5
      vertex 5.19875 -12.5509 5
      vertex 4.57665 -12.7909 5
    endloop
  endfacet
  facet normal 0 0 1
    outer loop
      vertex 18.5 5.15 5
      vertex 29.4236 5.85271 5
      vertex 29.1009 7.2894 5
    endloop
  endfacet
  facet normal 0 0 1
    outer loop
      vertex 18.5 5.15 5
      vertex 29.1009 7.2894 5
      vertex 28.7082 8.70854 5
    endloop
  endfacet
  facet normal 0 0 1
    outer loop
      vertex 18.5 5.15 5
      vertex 28.7082 8.70854 5
      vertex 28.2463 10.1067 5
    endloop
  endfacet
  facet normal 0 0 1
    outer loop
      vertex 18.5 5.15 5
      vertex 28.2463 10.1067 5
      vertex 27.7164 11.4805 5
    endloop
  endfacet
  facet normal 0 0 1
    outer loop
      vertex 18.5 5.15 5
      vertex 27.7164 11.4805 5
      vertex 27.1197 12.8267 5
    endloop
  endfacet
  facet normal 0 0 1
    outer loop
      vertex 18.5 5.15 5
      vertex 27.1197 12.8267 5
      vertex 26.4576 14.1419 5
    endloop
  endfacet
  facet normal 0 0 1
    outer loop
      vertex 18.5 5.15 5
      vertex 26.4576 14.1419 5
      vertex 25.7319 15.4231 5
    endloop
  endfacet
  facet normal 0 0 1
    outer loop
      vertex 13.71 13.4465 5
      vertex 25.7319 15.4231 5
      vertex 24.9441 16.6671 5
    endloop
  endfacet
  facet normal 0 0 1
    outer loop
      vertex 13.71 13.4465 5
      vertex 24.9441 16.6671 5
      vertex 24.0962 17.871 5
    endloop
  endfacet
  facet normal 0 0 1
    outer loop
      vertex 13.71 13.4465 5
      vertex 24.0962 17.871 5
      vertex 23.1903 19.0318 5
    endloop
  endfacet
  facet normal 0 0 1
    outer loop
      vertex 13.71 13.4465 5
      vertex 23.1903 19.0318 5
      vertex 22.2285 20.1468 5
    endloop
  endfacet
  facet normal 0 0 1
    outer loop
      vertex 13.71 13.4465 5
      vertex 22.2285 20.1468 5
      vertex 21.2132 21.2132 5
    endloop
  endfacet
  facet normal 0 0 1
    outer loop
      vertex 13.71 13.4465 5
      vertex 21.2132 21.2132 5
      vertex 20.1468 22.2285 5
    endloop
  endfacet
  facet normal 0 0 1
    outer loop
      vertex 13.71 13.4465 5
      vertex 20.1468 22.2285 5
      vertex 19.2346 23.0154 5
    endloop
  endfacet
  facet normal 0 0 1
    outer loop
      vertex 29.4236 5.85271 5
      vertex 18.5 5.15 5
      vertex 29.5455 5.15 5
    endloop
  endfacet
  facet normal -0 0 1
    outer loop
      vertex 11.6522 6.98409 5
      vertex 18.5 5.15 5
      vertex 13.71 13.4465 5
    endloop
  endfacet
  facet normal 0 0 1
    outer loop
      vertex 25.7319 15.4231 5
      vertex 13.71 13.4465 5
      vertex 18.5 5.15 5
    endloop
  endfacet
  facet normal -0 0 1
    outer loop
      vertex 18.5 -5.15 5
      vertex 29.4236 -5.85271 5
      vertex 29.5455 -5.15 5
    endloop
  endfacet
  facet normal 0 0 1
    outer loop
      vertex 29.4236 -5.85271 5
      vertex 18.5 -5.15 5
      vertex 29.1009 -7.2894 5
    endloop
  endfacet
  facet normal 0 0 1
    outer loop
      vertex 29.1009 -7.2894 5
      vertex 18.5 -5.15 5
      vertex 28.7082 -8.70854 5
    endloop
  endfacet
  facet normal 0 0 1
    outer loop
      vertex 28.7082 -8.70854 5
      vertex 18.5 -5.15 5
      vertex 28.2463 -10.1067 5
    endloop
  endfacet
  facet normal 0 0 1
    outer loop
      vertex 28.2463 -10.1067 5
      vertex 18.5 -5.15 5
      vertex 27.7164 -11.4805 5
    endloop
  endfacet
  facet normal 0 0 1
    outer loop
      vertex 27.7164 -11.4805 5
      vertex 18.5 -5.15 5
      vertex 27.1197 -12.8267 5
    endloop
  endfacet
  facet normal 0 0 1
    outer loop
      vertex 27.1197 -12.8267 5
      vertex 18.5 -5.15 5
      vertex 26.4576 -14.1419 5
    endloop
  endfacet
  facet normal 0 0 1
    outer loop
      vertex 26.4576 -14.1419 5
      vertex 18.5 -5.15 5
      vertex 25.7319 -15.4231 5
    endloop
  endfacet
  facet normal -0 0 1
    outer loop
      vertex 13.71 -13.4465 5
      vertex 25.7319 -15.4231 5
      vertex 18.5 -5.15 5
    endloop
  endfacet
  facet normal 0 0 1
    outer loop
      vertex 25.7319 -15.4231 5
      vertex 13.71 -13.4465 5
      vertex 24.9441 -16.6671 5
    endloop
  endfacet
  facet normal 0 0 1
    outer loop
      vertex 24.9441 -16.6671 5
      vertex 13.71 -13.4465 5
      vertex 24.0962 -17.871 5
    endloop
  endfacet
  facet normal 0 0 1
    outer loop
      vertex 24.0962 -17.871 5
      vertex 13.71 -13.4465 5
      vertex 23.1903 -19.0318 5
    endloop
  endfacet
  facet normal 0 0 1
    outer loop
      vertex 23.1903 -19.0318 5
      vertex 13.71 -13.4465 5
      vertex 22.2285 -20.1468 5
    endloop
  endfacet
  facet normal 0 0 1
    outer loop
      vertex 22.2285 -20.1468 5
      vertex 13.71 -13.4465 5
      vertex 21.2132 -21.2132 5
    endloop
  endfacet
  facet normal 0 0 1
    outer loop
      vertex 21.2132 -21.2132 5
      vertex 13.71 -13.4465 5
      vertex 20.1468 -22.2285 5
    endloop
  endfacet
  facet normal 0 -0 1
    outer loop
      vertex 13.324 2.6503 5
      vertex 18.5 5.15 5
      vertex 13.1779 3.30089 5
    endloop
  endfacet
  facet normal 0 0 1
    outer loop
      vertex 18.5 5.15 5
      vertex 13.585 0 5
      vertex 18.5 -5.15 5
    endloop
  endfacet
  facet normal 0 0 1
    outer loop
      vertex 20.1468 -22.2285 5
      vertex 13.71 -13.4465 5
      vertex 19.2346 -23.0154 5
    endloop
  endfacet
  facet normal -0 0 1
    outer loop
      vertex 13.5686 -0.666584 5
      vertex 18.5 -5.15 5
      vertex 13.585 0 5
    endloop
  endfacet
  facet normal 0 -0 1
    outer loop
      vertex 13.585 0 5
      vertex 18.5 5.15 5
      vertex 13.5686 0.666584 5
    endloop
  endfacet
  facet normal 0 -0 1
    outer loop
      vertex 13.5686 0.666584 5
      vertex 18.5 5.15 5
      vertex 13.5196 1.33156 5
    endloop
  endfacet
  facet normal 0 -0 1
    outer loop
      vertex 13.5196 1.33156 5
      vertex 18.5 5.15 5
      vertex 13.438 1.99333 5
    endloop
  endfacet
  facet normal 0 -0 1
    outer loop
      vertex 13.438 1.99333 5
      vertex 18.5 5.15 5
      vertex 13.324 2.6503 5
    endloop
  endfacet
  facet normal 0 0 1
    outer loop
      vertex 18.5 5.15 5
      vertex 13 3.94352 5
      vertex 13.1779 3.30089 5
    endloop
  endfacet
  facet normal 0 0 1
    outer loop
      vertex 18.5 5.15 5
      vertex 12.7909 4.57665 5
      vertex 13 3.94352 5
    endloop
  endfacet
  facet normal 0 0 1
    outer loop
      vertex 18.5 5.15 5
      vertex 12.5509 5.19875 5
      vertex 12.7909 4.57665 5
    endloop
  endfacet
  facet normal 0 0 1
    outer loop
      vertex 18.5 5.15 5
      vertex 12.2807 5.80834 5
      vertex 12.5509 5.19875 5
    endloop
  endfacet
  facet normal 0 0 1
    outer loop
      vertex 18.5 5.15 5
      vertex 11.9809 6.40392 5
      vertex 12.2807 5.80834 5
    endloop
  endfacet
  facet normal 0 0 1
    outer loop
      vertex 18.5 5.15 5
      vertex 11.6522 6.98409 5
      vertex 11.9809 6.40392 5
    endloop
  endfacet
  facet normal 0 0 1
    outer loop
      vertex 13.71 13.4465 5
      vertex 11.2955 7.54742 5
      vertex 11.6522 6.98409 5
    endloop
  endfacet
  facet normal 0 0 1
    outer loop
      vertex 13.71 13.4465 5
      vertex 10.9116 8.09257 5
      vertex 11.2955 7.54742 5
    endloop
  endfacet
  facet normal 0 0 1
    outer loop
      vertex 13.71 13.4465 5
      vertex 10.5013 8.61823 5
      vertex 10.9116 8.09257 5
    endloop
  endfacet
  facet normal 0 0 1
    outer loop
      vertex 13.71 13.4465 5
      vertex 10.0658 9.12313 5
      vertex 10.5013 8.61823 5
    endloop
  endfacet
  facet normal 0 0 1
    outer loop
      vertex 13.71 13.4465 5
      vertex 9.60604 9.60604 5
      vertex 10.0658 9.12313 5
    endloop
  endfacet
  facet normal 0 0 1
    outer loop
      vertex 13.71 13.4465 5
      vertex 9.12313 10.0658 5
      vertex 9.60604 9.60604 5
    endloop
  endfacet
  facet normal 0 0 1
    outer loop
      vertex 13.71 13.4465 5
      vertex 8.61823 10.5013 5
      vertex 9.12313 10.0658 5
    endloop
  endfacet
  facet normal 0 0 1
    outer loop
      vertex 13.71 13.4465 5
      vertex 8.09257 10.9116 5
      vertex 8.61823 10.5013 5
    endloop
  endfacet
  facet normal 0 0 1
    outer loop
      vertex 13.71 13.4465 5
      vertex 7.54742 11.2955 5
      vertex 8.09257 10.9116 5
    endloop
  endfacet
  facet normal 0 0 1
    outer loop
      vertex 13.71 13.4465 5
      vertex 6.98409 11.6522 5
      vertex 7.54742 11.2955 5
    endloop
  endfacet
  facet normal 0 0 1
    outer loop
      vertex 4.78997 18.5965 5
      vertex 6.98409 11.6522 5
      vertex 13.71 13.4465 5
    endloop
  endfacet
  facet normal 0 0 1
    outer loop
      vertex 6.98409 11.6522 5
      vertex 4.78997 18.5965 5
      vertex 6.40392 11.9809 5
    endloop
  endfacet
  facet normal 0 0 1
    outer loop
      vertex 6.40392 11.9809 5
      vertex 4.78997 18.5965 5
      vertex 5.80834 12.2807 5
    endloop
  endfacet
  facet normal 0 0 1
    outer loop
      vertex 5.80834 12.2807 5
      vertex 4.78997 18.5965 5
      vertex 5.19875 12.5509 5
    endloop
  endfacet
  facet normal 0 0 1
    outer loop
      vertex 5.19875 12.5509 5
      vertex 4.78997 18.5965 5
      vertex 4.57665 12.7909 5
    endloop
  endfacet
  facet normal 0 0 1
    outer loop
      vertex 4.78997 -18.5965 5
      vertex 10.1067 -28.2463 5
      vertex 10.3149 -28.166 5
    endloop
  endfacet
  facet normal 0 0 1
    outer loop
      vertex 10.1067 -28.2463 5
      vertex 4.78997 -18.5965 5
      vertex 8.70854 -28.7082 5
    endloop
  endfacet
  facet normal 0 0 1
    outer loop
      vertex 8.70854 -28.7082 5
      vertex 4.78997 -18.5965 5
      vertex 7.2894 -29.1009 5
    endloop
  endfacet
  facet normal 0 0 1
    outer loop
      vertex 7.2894 -29.1009 5
      vertex 4.78997 -18.5965 5
      vertex 5.85271 -29.4236 5
    endloop
  endfacet
  facet normal 0 0 1
    outer loop
      vertex 4.78997 -18.5965 5
      vertex 4.40191 -29.6753 5
      vertex 5.85271 -29.4236 5
    endloop
  endfacet
  facet normal -0 0 1
    outer loop
      vertex 3.94352 -13 5
      vertex 4.78997 -18.5965 5
      vertex 4.57665 -12.7909 5
    endloop
  endfacet
  facet normal -0 0 1
    outer loop
      vertex 3.30089 -13.1779 5
      vertex 4.78997 -18.5965 5
      vertex 3.94352 -13 5
    endloop
  endfacet
  facet normal -0 0 1
    outer loop
      vertex 2.6503 -13.324 5
      vertex 4.78997 -18.5965 5
      vertex 3.30089 -13.1779 5
    endloop
  endfacet
  facet normal -0 0 1
    outer loop
      vertex 1.99333 -13.438 5
      vertex 4.78997 -18.5965 5
      vertex 2.6503 -13.324 5
    endloop
  endfacet
  facet normal -0 0 1
    outer loop
      vertex 1.33156 -13.5196 5
      vertex 4.78997 -18.5965 5
      vertex 1.99333 -13.438 5
    endloop
  endfacet
  facet normal 0 -0 1
    outer loop
      vertex 0 -30 5
      vertex 4.78997 -18.5965 5
      vertex -4.78997 -18.5965 5
    endloop
  endfacet
  facet normal 0 0 1
    outer loop
      vertex 4.78997 -18.5965 5
      vertex 2.94051 -29.8555 5
      vertex 4.40191 -29.6753 5
    endloop
  endfacet
  facet normal -0 0 1
    outer loop
      vertex 0.666584 -13.5686 5
      vertex 4.78997 -18.5965 5
      vertex 1.33156 -13.5196 5
    endloop
  endfacet
  facet normal -0 0 1
    outer loop
      vertex 0 -13.585 5
      vertex 4.78997 -18.5965 5
      vertex 0.666584 -13.5686 5
    endloop
  endfacet
  facet normal 0 0 1
    outer loop
      vertex 4.78997 -18.5965 5
      vertex 0 -13.585 5
      vertex -4.78997 -18.5965 5
    endloop
  endfacet
  facet normal 0 0 1
    outer loop
      vertex 4.78997 -18.5965 5
      vertex 1.47203 -29.9639 5
      vertex 2.94051 -29.8555 5
    endloop
  endfacet
  facet normal 0 0 1
    outer loop
      vertex -4.78997 -18.5965 5
      vertex 0 -13.585 5
      vertex -0.666584 -13.5686 5
    endloop
  endfacet
  facet normal 0 0 1
    outer loop
      vertex -4.78997 -18.5965 5
      vertex -0.666584 -13.5686 5
      vertex -1.33156 -13.5196 5
    endloop
  endfacet
  facet normal 0 0 1
    outer loop
      vertex 4.78997 -18.5965 5
      vertex 0 -30 5
      vertex 1.47203 -29.9639 5
    endloop
  endfacet
  facet normal 0 0 1
    outer loop
      vertex -4.78997 -18.5965 5
      vertex -1.33156 -13.5196 5
      vertex -1.99333 -13.438 5
    endloop
  endfacet
  facet normal 0 0 1
    outer loop
      vertex -4.78997 -18.5965 5
      vertex -1.99333 -13.438 5
      vertex -2.6503 -13.324 5
    endloop
  endfacet
  facet normal 0 0 1
    outer loop
      vertex 0 -30 5
      vertex -4.78997 -18.5965 5
      vertex -1.47203 -29.9639 5
    endloop
  endfacet
  facet normal 0 0 1
    outer loop
      vertex -4.78997 -18.5965 5
      vertex -2.6503 -13.324 5
      vertex -3.30089 -13.1779 5
    endloop
  endfacet
  facet normal 0 0 1
    outer loop
      vertex -4.78997 -18.5965 5
      vertex -3.30089 -13.1779 5
      vertex -3.94352 -13 5
    endloop
  endfacet
  facet normal 0 0 1
    outer loop
      vertex -1.47203 -29.9639 5
      vertex -4.78997 -18.5965 5
      vertex -2.94051 -29.8555 5
    endloop
  endfacet
  facet normal 0 0 1
    outer loop
      vertex -4.78997 -18.5965 5
      vertex -3.94352 -13 5
      vertex -4.57665 -12.7909 5
    endloop
  endfacet
  facet normal 0 0 1
    outer loop
      vertex -2.94051 -29.8555 5
      vertex -4.78997 -18.5965 5
      vertex -4.40191 -29.6753 5
    endloop
  endfacet
  facet normal 0 0 1
    outer loop
      vertex -4.78997 -18.5965 5
      vertex -5.85271 -29.4236 5
      vertex -4.40191 -29.6753 5
    endloop
  endfacet
  facet normal 0 0 1
    outer loop
      vertex -4.78997 -18.5965 5
      vertex -7.2894 -29.1009 5
      vertex -5.85271 -29.4236 5
    endloop
  endfacet
  facet normal 0 0 1
    outer loop
      vertex -4.78997 -18.5965 5
      vertex -8.70854 -28.7082 5
      vertex -7.2894 -29.1009 5
    endloop
  endfacet
  facet normal 0 0 1
    outer loop
      vertex -4.78997 -18.5965 5
      vertex -10.1067 -28.2463 5
      vertex -8.70854 -28.7082 5
    endloop
  endfacet
  facet normal 0 -0 1
    outer loop
      vertex -10.1067 -28.2463 5
      vertex -4.78997 -18.5965 5
      vertex -10.3149 -28.166 5
    endloop
  endfacet
  facet normal 0 0 1
    outer loop
      vertex -11.6522 -6.98409 5
      vertex -18.5 -5.15 5
      vertex -13.71 -13.4465 5
    endloop
  endfacet
  facet normal 0 0 1
    outer loop
      vertex -25.7319 -15.4231 5
      vertex -13.71 -13.4465 5
      vertex -18.5 -5.15 5
    endloop
  endfacet
  facet normal 0 0 1
    outer loop
      vertex -13.71 -13.4465 5
      vertex -20.1468 -22.2285 5
      vertex -19.2346 -23.0154 5
    endloop
  endfacet
  facet normal 0 0 1
    outer loop
      vertex -13.71 -13.4465 5
      vertex -21.2132 -21.2132 5
      vertex -20.1468 -22.2285 5
    endloop
  endfacet
  facet normal 0 0 1
    outer loop
      vertex -13.71 -13.4465 5
      vertex -22.2285 -20.1468 5
      vertex -21.2132 -21.2132 5
    endloop
  endfacet
  facet normal 0 0 1
    outer loop
      vertex -13.71 -13.4465 5
      vertex -23.1903 -19.0318 5
      vertex -22.2285 -20.1468 5
    endloop
  endfacet
  facet normal 0 0 1
    outer loop
      vertex -13.71 -13.4465 5
      vertex -24.0962 -17.871 5
      vertex -23.1903 -19.0318 5
    endloop
  endfacet
  facet normal 0 0 1
    outer loop
      vertex -13.71 -13.4465 5
      vertex -24.9441 -16.6671 5
      vertex -24.0962 -17.871 5
    endloop
  endfacet
  facet normal 0 0 1
    outer loop
      vertex -13.71 -13.4465 5
      vertex -25.7319 -15.4231 5
      vertex -24.9441 -16.6671 5
    endloop
  endfacet
  facet normal 0 0 1
    outer loop
      vertex -18.5 -5.15 5
      vertex -26.4576 -14.1419 5
      vertex -25.7319 -15.4231 5
    endloop
  endfacet
  facet normal 0 0 1
    outer loop
      vertex -18.5 -5.15 5
      vertex -27.1197 -12.8267 5
      vertex -26.4576 -14.1419 5
    endloop
  endfacet
  facet normal 0 0 1
    outer loop
      vertex -18.5 -5.15 5
      vertex -27.7164 -11.4805 5
      vertex -27.1197 -12.8267 5
    endloop
  endfacet
  facet normal 0 0 1
    outer loop
      vertex -18.5 -5.15 5
      vertex -28.2463 -10.1067 5
      vertex -27.7164 -11.4805 5
    endloop
  endfacet
  facet normal 0 0 1
    outer loop
      vertex -18.5 -5.15 5
      vertex -28.7082 -8.70854 5
      vertex -28.2463 -10.1067 5
    endloop
  endfacet
  facet normal 0 0 1
    outer loop
      vertex -18.5 -5.15 5
      vertex -29.1009 -7.2894 5
      vertex -28.7082 -8.70854 5
    endloop
  endfacet
  facet normal 0 0 1
    outer loop
      vertex -18.5 -5.15 5
      vertex -29.4236 -5.85271 5
      vertex -29.1009 -7.2894 5
    endloop
  endfacet
  facet normal 0 -0 1
    outer loop
      vertex -29.4236 -5.85271 5
      vertex -18.5 -5.15 5
      vertex -29.5455 -5.15 5
    endloop
  endfacet
  facet normal 0 0 1
    outer loop
      vertex -5.19875 -12.5509 5
      vertex -4.78997 -18.5965 5
      vertex -4.57665 -12.7909 5
    endloop
  endfacet
  facet normal 0 0 1
    outer loop
      vertex -5.80834 -12.2807 5
      vertex -4.78997 -18.5965 5
      vertex -5.19875 -12.5509 5
    endloop
  endfacet
  facet normal 0 0 1
    outer loop
      vertex -6.40392 -11.9809 5
      vertex -4.78997 -18.5965 5
      vertex -5.80834 -12.2807 5
    endloop
  endfacet
  facet normal 0 0 1
    outer loop
      vertex -6.98409 -11.6522 5
      vertex -4.78997 -18.5965 5
      vertex -6.40392 -11.9809 5
    endloop
  endfacet
  facet normal 0 0 1
    outer loop
      vertex -13.71 -13.4465 5
      vertex -6.98409 -11.6522 5
      vertex -7.54742 -11.2955 5
    endloop
  endfacet
  facet normal 0 0 1
    outer loop
      vertex -13.71 -13.4465 5
      vertex -7.54742 -11.2955 5
      vertex -8.09257 -10.9116 5
    endloop
  endfacet
  facet normal 0 0 1
    outer loop
      vertex -13.71 -13.4465 5
      vertex -8.09257 -10.9116 5
      vertex -8.61823 -10.5013 5
    endloop
  endfacet
  facet normal 0 0 1
    outer loop
      vertex -13.71 -13.4465 5
      vertex -8.61823 -10.5013 5
      vertex -9.12313 -10.0658 5
    endloop
  endfacet
  facet normal 0 0 1
    outer loop
      vertex -13.71 -13.4465 5
      vertex -9.12313 -10.0658 5
      vertex -9.60604 -9.60604 5
    endloop
  endfacet
  facet normal 0 0 1
    outer loop
      vertex -13.71 -13.4465 5
      vertex -9.60604 -9.60604 5
      vertex -10.0658 -9.12313 5
    endloop
  endfacet
  facet normal 0 0 1
    outer loop
      vertex -13.71 -13.4465 5
      vertex -10.0658 -9.12313 5
      vertex -10.5013 -8.61823 5
    endloop
  endfacet
  facet normal 0 0 1
    outer loop
      vertex -13.71 -13.4465 5
      vertex -10.5013 -8.61823 5
      vertex -10.9116 -8.09257 5
    endloop
  endfacet
  facet normal 0 0 1
    outer loop
      vertex -13.71 -13.4465 5
      vertex -10.9116 -8.09257 5
      vertex -11.2955 -7.54742 5
    endloop
  endfacet
  facet normal 0 0 1
    outer loop
      vertex -13.71 -13.4465 5
      vertex -11.2955 -7.54742 5
      vertex -11.6522 -6.98409 5
    endloop
  endfacet
  facet normal 0 0 1
    outer loop
      vertex -6.98409 -11.6522 5
      vertex -13.71 -13.4465 5
      vertex -4.78997 -18.5965 5
    endloop
  endfacet
  facet normal 0 0 1
    outer loop
      vertex -18.5 -5.15 5
      vertex -11.6522 -6.98409 5
      vertex -11.9809 -6.40392 5
    endloop
  endfacet
  facet normal 0 0 1
    outer loop
      vertex -18.5 -5.15 5
      vertex -11.9809 -6.40392 5
      vertex -12.2807 -5.80834 5
    endloop
  endfacet
  facet normal 0 0 1
    outer loop
      vertex -18.5 -5.15 5
      vertex -12.2807 -5.80834 5
      vertex -12.5509 -5.19875 5
    endloop
  endfacet
  facet normal -0 0 1
    outer loop
      vertex -18.5 -5.15 5
      vertex -12.5509 -5.19875 5
      vertex -12.7909 -4.57665 5
    endloop
  endfacet
  facet normal 0 0 1
    outer loop
      vertex -18.5 -5.15 5
      vertex -12.7909 -4.57665 5
      vertex -13 -3.94352 5
    endloop
  endfacet
  facet normal 0 0 1
    outer loop
      vertex -18.5 -5.15 5
      vertex -13 -3.94352 5
      vertex -13.1779 -3.30089 5
    endloop
  endfacet
  facet normal 0 0 1
    outer loop
      vertex -13.438 -1.99333 5
      vertex -18.5 -5.15 5
      vertex -13.324 -2.6503 5
    endloop
  endfacet
  facet normal 0 0 1
    outer loop
      vertex -13.5196 -1.33156 5
      vertex -18.5 -5.15 5
      vertex -13.438 -1.99333 5
    endloop
  endfacet
  facet normal 0 0 1
    outer loop
      vertex -13.5686 -0.666584 5
      vertex -18.5 -5.15 5
      vertex -13.5196 -1.33156 5
    endloop
  endfacet
  facet normal 0 0 1
    outer loop
      vertex -13.585 0 5
      vertex -18.5 -5.15 5
      vertex -13.5686 -0.666584 5
    endloop
  endfacet
  facet normal 0 0 1
    outer loop
      vertex -18.5 -5.15 5
      vertex -13.585 0 5
      vertex -18.5 5.15 5
    endloop
  endfacet
  facet normal 0 0 1
    outer loop
      vertex -13.5686 0.666584 5
      vertex -18.5 5.15 5
      vertex -13.585 0 5
    endloop
  endfacet
  facet normal 0 0 1
    outer loop
      vertex -13.324 -2.6503 5
      vertex -18.5 -5.15 5
      vertex -13.1779 -3.30089 5
    endloop
  endfacet
  facet normal -0 0 1
    outer loop
      vertex -20.1468 22.2285 5
      vertex -13.71 13.4465 5
      vertex -19.2346 23.0154 5
    endloop
  endfacet
  facet normal -0 0 1
    outer loop
      vertex -21.2132 21.2132 5
      vertex -13.71 13.4465 5
      vertex -20.1468 22.2285 5
    endloop
  endfacet
  facet normal -0 0 1
    outer loop
      vertex -22.2285 20.1468 5
      vertex -13.71 13.4465 5
      vertex -21.2132 21.2132 5
    endloop
  endfacet
  facet normal -0 0 1
    outer loop
      vertex -23.1903 19.0318 5
      vertex -13.71 13.4465 5
      vertex -22.2285 20.1468 5
    endloop
  endfacet
  facet normal -0 0 1
    outer loop
      vertex -24.0962 17.871 5
      vertex -13.71 13.4465 5
      vertex -23.1903 19.0318 5
    endloop
  endfacet
  facet normal -0 0 1
    outer loop
      vertex -24.9441 16.6671 5
      vertex -13.71 13.4465 5
      vertex -24.0962 17.871 5
    endloop
  endfacet
  facet normal -0 0 1
    outer loop
      vertex -25.7319 15.4231 5
      vertex -13.71 13.4465 5
      vertex -24.9441 16.6671 5
    endloop
  endfacet
  facet normal 0 0 1
    outer loop
      vertex -13.71 13.4465 5
      vertex -25.7319 15.4231 5
      vertex -18.5 5.15 5
    endloop
  endfacet
  facet normal -0 0 1
    outer loop
      vertex -26.4576 14.1419 5
      vertex -18.5 5.15 5
      vertex -25.7319 15.4231 5
    endloop
  endfacet
  facet normal -0 0 1
    outer loop
      vertex -27.1197 12.8267 5
      vertex -18.5 5.15 5
      vertex -26.4576 14.1419 5
    endloop
  endfacet
  facet normal -0 0 1
    outer loop
      vertex -27.7164 11.4805 5
      vertex -18.5 5.15 5
      vertex -27.1197 12.8267 5
    endloop
  endfacet
  facet normal -0 0 1
    outer loop
      vertex -28.2463 10.1067 5
      vertex -18.5 5.15 5
      vertex -27.7164 11.4805 5
    endloop
  endfacet
  facet normal -0 0 1
    outer loop
      vertex -28.7082 8.70854 5
      vertex -18.5 5.15 5
      vertex -28.2463 10.1067 5
    endloop
  endfacet
  facet normal -0 0 1
    outer loop
      vertex -29.1009 7.2894 5
      vertex -18.5 5.15 5
      vertex -28.7082 8.70854 5
    endloop
  endfacet
  facet normal -0 0 1
    outer loop
      vertex -29.4236 5.85271 5
      vertex -18.5 5.15 5
      vertex -29.1009 7.2894 5
    endloop
  endfacet
  facet normal 0 0 1
    outer loop
      vertex -18.5 5.15 5
      vertex -29.4236 5.85271 5
      vertex -29.5455 5.15 5
    endloop
  endfacet
  facet normal 0 0 1
    outer loop
      vertex -4.78997 18.5965 5
      vertex -5.19875 12.5509 5
      vertex -4.57665 12.7909 5
    endloop
  endfacet
  facet normal 0 0 1
    outer loop
      vertex -4.78997 18.5965 5
      vertex -5.80834 12.2807 5
      vertex -5.19875 12.5509 5
    endloop
  endfacet
  facet normal 0 0 1
    outer loop
      vertex -4.78997 18.5965 5
      vertex -6.40392 11.9809 5
      vertex -5.80834 12.2807 5
    endloop
  endfacet
  facet normal 0 0 1
    outer loop
      vertex -4.78997 18.5965 5
      vertex -6.98409 11.6522 5
      vertex -6.40392 11.9809 5
    endloop
  endfacet
  facet normal -0 0 1
    outer loop
      vertex -13.71 13.4465 5
      vertex -6.98409 11.6522 5
      vertex -4.78997 18.5965 5
    endloop
  endfacet
  facet normal 0 0 1
    outer loop
      vertex -6.98409 11.6522 5
      vertex -13.71 13.4465 5
      vertex -7.54742 11.2955 5
    endloop
  endfacet
  facet normal 0 0 1
    outer loop
      vertex -7.54742 11.2955 5
      vertex -13.71 13.4465 5
      vertex -8.09257 10.9116 5
    endloop
  endfacet
  facet normal 0 0 1
    outer loop
      vertex -8.09257 10.9116 5
      vertex -13.71 13.4465 5
      vertex -8.61823 10.5013 5
    endloop
  endfacet
  facet normal 0 0 1
    outer loop
      vertex -8.61823 10.5013 5
      vertex -13.71 13.4465 5
      vertex -9.12313 10.0658 5
    endloop
  endfacet
  facet normal 0 0 1
    outer loop
      vertex -9.12313 10.0658 5
      vertex -13.71 13.4465 5
      vertex -9.60604 9.60604 5
    endloop
  endfacet
  facet normal 0 0 1
    outer loop
      vertex -9.60604 9.60604 5
      vertex -13.71 13.4465 5
      vertex -10.0658 9.12313 5
    endloop
  endfacet
  facet normal 0 0 1
    outer loop
      vertex -10.0658 9.12313 5
      vertex -13.71 13.4465 5
      vertex -10.5013 8.61823 5
    endloop
  endfacet
  facet normal 0 0 1
    outer loop
      vertex -10.5013 8.61823 5
      vertex -13.71 13.4465 5
      vertex -10.9116 8.09257 5
    endloop
  endfacet
  facet normal 0 0 1
    outer loop
      vertex -10.9116 8.09257 5
      vertex -13.71 13.4465 5
      vertex -11.2955 7.54742 5
    endloop
  endfacet
  facet normal 0 0 1
    outer loop
      vertex -13.5196 1.33156 5
      vertex -18.5 5.15 5
      vertex -13.5686 0.666584 5
    endloop
  endfacet
  facet normal 0 0 1
    outer loop
      vertex -13.438 1.99333 5
      vertex -18.5 5.15 5
      vertex -13.5196 1.33156 5
    endloop
  endfacet
  facet normal 0 0 1
    outer loop
      vertex -13.324 2.6503 5
      vertex -18.5 5.15 5
      vertex -13.438 1.99333 5
    endloop
  endfacet
  facet normal 0 0 1
    outer loop
      vertex -13.1779 3.30089 5
      vertex -18.5 5.15 5
      vertex -13.324 2.6503 5
    endloop
  endfacet
  facet normal 0 0 1
    outer loop
      vertex -13 3.94352 5
      vertex -18.5 5.15 5
      vertex -13.1779 3.30089 5
    endloop
  endfacet
  facet normal 0 0 1
    outer loop
      vertex -12.7909 4.57665 5
      vertex -18.5 5.15 5
      vertex -13 3.94352 5
    endloop
  endfacet
  facet normal 0 0 1
    outer loop
      vertex -12.5509 5.19875 5
      vertex -18.5 5.15 5
      vertex -12.7909 4.57665 5
    endloop
  endfacet
  facet normal 0 0 1
    outer loop
      vertex -12.2807 5.80834 5
      vertex -18.5 5.15 5
      vertex -12.5509 5.19875 5
    endloop
  endfacet
  facet normal 0 0 1
    outer loop
      vertex -11.9809 6.40392 5
      vertex -18.5 5.15 5
      vertex -12.2807 5.80834 5
    endloop
  endfacet
  facet normal 0 0 1
    outer loop
      vertex -11.6522 6.98409 5
      vertex -18.5 5.15 5
      vertex -11.9809 6.40392 5
    endloop
  endfacet
  facet normal 0 0 1
    outer loop
      vertex -18.5 5.15 5
      vertex -11.6522 6.98409 5
      vertex -13.71 13.4465 5
    endloop
  endfacet
  facet normal 0 0 1
    outer loop
      vertex -11.2955 7.54742 5
      vertex -13.71 13.4465 5
      vertex -11.6522 6.98409 5
    endloop
  endfacet
  facet normal 0.653188 0.757196 -0
    outer loop
      vertex 20.1468 22.2285 0
      vertex 19.2346 23.0154 5
      vertex 20.1468 22.2285 5
    endloop
  endfacet
  facet normal 0.653188 0.757196 0
    outer loop
      vertex 19.2346 23.0154 5
      vertex 20.1468 22.2285 0
      vertex 19.2346 23.0154 0
    endloop
  endfacet
  facet normal 0.949526 -0.313688 0
    outer loop
      vertex 28.2463 -10.1067 5
      vertex 28.7082 -8.70854 0
      vertex 28.7082 -8.70854 5
    endloop
  endfacet
  facet normal 0.949526 -0.313688 0
    outer loop
      vertex 28.7082 -8.70854 0
      vertex 28.2463 -10.1067 5
      vertex 28.2463 -10.1067 0
    endloop
  endfacet
  facet normal 0.985285 -0.170919 0
    outer loop
      vertex 29.4236 -5.85271 5
      vertex 29.5455 -5.15 0
      vertex 29.5455 -5.15 5
    endloop
  endfacet
  facet normal 0.985285 -0.170919 0
    outer loop
      vertex 29.5455 -5.15 0
      vertex 29.4236 -5.85271 5
      vertex 29.4236 -5.85271 0
    endloop
  endfacet
  facet normal -0.933 0.359875 0
    outer loop
      vertex -28.2463 10.1067 0
      vertex -27.7164 11.4805 5
      vertex -27.7164 11.4805 0
    endloop
  endfacet
  facet normal -0.933 0.359875 0
    outer loop
      vertex -27.7164 11.4805 5
      vertex -28.2463 10.1067 0
      vertex -28.2463 10.1067 5
    endloop
  endfacet
  facet normal 0.0245166 -0.999699 0
    outer loop
      vertex 0 -30 0
      vertex 1.47203 -29.9639 5
      vertex 0 -30 5
    endloop
  endfacet
  facet normal 0.0245166 -0.999699 0
    outer loop
      vertex 1.47203 -29.9639 5
      vertex 0 -30 0
      vertex 1.47203 -29.9639 0
    endloop
  endfacet
  facet normal 0.724246 0.689542 0
    outer loop
      vertex 22.2285 20.1468 5
      vertex 21.2132 21.2132 0
      vertex 21.2132 21.2132 5
    endloop
  endfacet
  facet normal 0.724246 0.689542 0
    outer loop
      vertex 21.2132 21.2132 0
      vertex 22.2285 20.1468 5
      vertex 22.2285 20.1468 0
    endloop
  endfacet
  facet normal 0.653188 -0.757196 0
    outer loop
      vertex 19.2346 -23.0154 0
      vertex 20.1468 -22.2285 5
      vertex 19.2346 -23.0154 5
    endloop
  endfacet
  facet normal 0.653188 -0.757196 0
    outer loop
      vertex 20.1468 -22.2285 5
      vertex 19.2346 -23.0154 0
      vertex 20.1468 -22.2285 0
    endloop
  endfacet
  facet normal -0.0736175 -0.997287 0
    outer loop
      vertex -2.94051 -29.8555 0
      vertex -1.47203 -29.9639 5
      vertex -2.94051 -29.8555 5
    endloop
  endfacet
  facet normal -0.0736175 -0.997287 -0
    outer loop
      vertex -1.47203 -29.9639 5
      vertex -2.94051 -29.8555 0
      vertex -1.47203 -29.9639 0
    endloop
  endfacet
  facet normal 0.788346 -0.615233 0
    outer loop
      vertex 23.1903 -19.0318 5
      vertex 24.0962 -17.871 0
      vertex 24.0962 -17.871 5
    endloop
  endfacet
  facet normal 0.788346 -0.615233 0
    outer loop
      vertex 24.0962 -17.871 0
      vertex 23.1903 -19.0318 5
      vertex 23.1903 -19.0318 0
    endloop
  endfacet
  facet normal 0.84484 0.53502 0
    outer loop
      vertex 25.7319 15.4231 5
      vertex 24.9441 16.6671 0
      vertex 24.9441 16.6671 5
    endloop
  endfacet
  facet normal 0.84484 0.53502 0
    outer loop
      vertex 24.9441 16.6671 0
      vertex 25.7319 15.4231 5
      vertex 25.7319 15.4231 0
    endloop
  endfacet
  facet normal -0.757211 -0.653171 0
    outer loop
      vertex -22.2285 -20.1468 0
      vertex -23.1903 -19.0318 5
      vertex -23.1903 -19.0318 0
    endloop
  endfacet
  facet normal -0.757211 -0.653171 0
    outer loop
      vertex -23.1903 -19.0318 5
      vertex -22.2285 -20.1468 0
      vertex -22.2285 -20.1468 5
    endloop
  endfacet
  facet normal -0.724246 -0.689542 0
    outer loop
      vertex -21.2132 -21.2132 0
      vertex -22.2285 -20.1468 5
      vertex -22.2285 -20.1468 0
    endloop
  endfacet
  facet normal -0.724246 -0.689542 0
    outer loop
      vertex -22.2285 -20.1468 5
      vertex -21.2132 -21.2132 0
      vertex -21.2132 -21.2132 5
    endloop
  endfacet
  facet normal 0.757211 0.653171 0
    outer loop
      vertex 23.1903 19.0318 5
      vertex 22.2285 20.1468 0
      vertex 22.2285 20.1468 5
    endloop
  endfacet
  facet normal 0.757211 0.653171 0
    outer loop
      vertex 22.2285 20.1468 0
      vertex 23.1903 19.0318 5
      vertex 23.1903 19.0318 0
    endloop
  endfacet
  facet normal -0.870113 -0.492851 0
    outer loop
      vertex -25.7319 -15.4231 0
      vertex -26.4576 -14.1419 5
      vertex -26.4576 -14.1419 0
    endloop
  endfacet
  facet normal -0.870113 -0.492851 0
    outer loop
      vertex -26.4576 -14.1419 5
      vertex -25.7319 -15.4231 0
      vertex -25.7319 -15.4231 5
    endloop
  endfacet
  facet normal 0.985285 0.170919 0
    outer loop
      vertex 29.5455 5.15 5
      vertex 29.4236 5.85271 0
      vertex 29.4236 5.85271 5
    endloop
  endfacet
  facet normal 0.985285 0.170919 0
    outer loop
      vertex 29.4236 5.85271 0
      vertex 29.5455 5.15 5
      vertex 29.5455 5.15 0
    endloop
  endfacet
  facet normal 0.689542 -0.724246 0
    outer loop
      vertex 20.1468 -22.2285 0
      vertex 21.2132 -21.2132 5
      vertex 20.1468 -22.2285 5
    endloop
  endfacet
  facet normal 0.689542 -0.724246 0
    outer loop
      vertex 21.2132 -21.2132 5
      vertex 20.1468 -22.2285 0
      vertex 21.2132 -21.2132 0
    endloop
  endfacet
  facet normal -0.84484 -0.53502 0
    outer loop
      vertex -24.9441 -16.6671 0
      vertex -25.7319 -15.4231 5
      vertex -25.7319 -15.4231 0
    endloop
  endfacet
  facet normal -0.84484 -0.53502 0
    outer loop
      vertex -25.7319 -15.4231 5
      vertex -24.9441 -16.6671 0
      vertex -24.9441 -16.6671 5
    endloop
  endfacet
  facet normal 0.35985 0.93301 -0
    outer loop
      vertex 10.3149 28.166 0
      vertex 10.1067 28.2463 5
      vertex 10.3149 28.166 5
    endloop
  endfacet
  facet normal 0.35985 0.93301 0
    outer loop
      vertex 10.1067 28.2463 5
      vertex 10.3149 28.166 0
      vertex 10.1067 28.2463 0
    endloop
  endfacet
  facet normal -0.893201 0.449657 0
    outer loop
      vertex -27.1197 12.8267 0
      vertex -26.4576 14.1419 5
      vertex -26.4576 14.1419 0
    endloop
  endfacet
  facet normal -0.893201 0.449657 0
    outer loop
      vertex -26.4576 14.1419 5
      vertex -27.1197 12.8267 0
      vertex -27.1197 12.8267 5
    endloop
  endfacet
  facet normal -0.12238 -0.992483 0
    outer loop
      vertex -4.40191 -29.6753 0
      vertex -2.94051 -29.8555 5
      vertex -4.40191 -29.6753 5
    endloop
  endfacet
  facet normal -0.12238 -0.992483 -0
    outer loop
      vertex -2.94051 -29.8555 5
      vertex -4.40191 -29.6753 0
      vertex -2.94051 -29.8555 0
    endloop
  endfacet
  facet normal -0.35985 -0.93301 0
    outer loop
      vertex -10.3149 -28.166 0
      vertex -10.1067 -28.2463 5
      vertex -10.3149 -28.166 5
    endloop
  endfacet
  facet normal -0.35985 -0.93301 -0
    outer loop
      vertex -10.1067 -28.2463 5
      vertex -10.3149 -28.166 0
      vertex -10.1067 -28.2463 0
    endloop
  endfacet
  facet normal 0.97569 0.219153 0
    outer loop
      vertex 29.4236 5.85271 5
      vertex 29.1009 7.2894 0
      vertex 29.1009 7.2894 5
    endloop
  endfacet
  facet normal 0.97569 0.219153 0
    outer loop
      vertex 29.1009 7.2894 0
      vertex 29.4236 5.85271 5
      vertex 29.4236 5.85271 0
    endloop
  endfacet
  facet normal 0.817579 0.575816 0
    outer loop
      vertex 24.9441 16.6671 5
      vertex 24.0962 17.871 0
      vertex 24.0962 17.871 5
    endloop
  endfacet
  facet normal 0.817579 0.575816 0
    outer loop
      vertex 24.0962 17.871 0
      vertex 24.9441 16.6671 5
      vertex 24.9441 16.6671 0
    endloop
  endfacet
  facet normal -0.949526 0.313688 0
    outer loop
      vertex -28.7082 8.70854 0
      vertex -28.2463 10.1067 5
      vertex -28.2463 10.1067 0
    endloop
  endfacet
  facet normal -0.949526 0.313688 0
    outer loop
      vertex -28.2463 10.1067 5
      vertex -28.7082 8.70854 0
      vertex -28.7082 8.70854 5
    endloop
  endfacet
  facet normal 0.963781 0.266695 0
    outer loop
      vertex 29.1009 7.2894 5
      vertex 28.7082 8.70854 0
      vertex 28.7082 8.70854 5
    endloop
  endfacet
  facet normal 0.963781 0.266695 0
    outer loop
      vertex 28.7082 8.70854 0
      vertex 29.1009 7.2894 5
      vertex 29.1009 7.2894 0
    endloop
  endfacet
  facet normal -0.817579 0.575816 0
    outer loop
      vertex -24.9441 16.6671 0
      vertex -24.0962 17.871 5
      vertex -24.0962 17.871 0
    endloop
  endfacet
  facet normal -0.817579 0.575816 0
    outer loop
      vertex -24.0962 17.871 5
      vertex -24.9441 16.6671 0
      vertex -24.9441 16.6671 5
    endloop
  endfacet
  facet normal -0.35985 0.93301 0
    outer loop
      vertex -10.1067 28.2463 0
      vertex -10.3149 28.166 5
      vertex -10.1067 28.2463 5
    endloop
  endfacet
  facet normal -0.35985 0.93301 0
    outer loop
      vertex -10.3149 28.166 5
      vertex -10.1067 28.2463 0
      vertex -10.3149 28.166 0
    endloop
  endfacet
  facet normal -0.0245166 0.999699 0
    outer loop
      vertex 0 30 0
      vertex -1.47203 29.9639 5
      vertex 0 30 5
    endloop
  endfacet
  facet normal -0.0245166 0.999699 0
    outer loop
      vertex -1.47203 29.9639 5
      vertex 0 30 0
      vertex -1.47203 29.9639 0
    endloop
  endfacet
  facet normal 0.914217 0.405225 0
    outer loop
      vertex 27.7164 11.4805 5
      vertex 27.1197 12.8267 0
      vertex 27.1197 12.8267 5
    endloop
  endfacet
  facet normal 0.914217 0.405225 0
    outer loop
      vertex 27.1197 12.8267 0
      vertex 27.7164 11.4805 5
      vertex 27.7164 11.4805 0
    endloop
  endfacet
  facet normal -0.653188 0.757196 0
    outer loop
      vertex -19.2346 23.0154 0
      vertex -20.1468 22.2285 5
      vertex -19.2346 23.0154 5
    endloop
  endfacet
  facet normal -0.653188 0.757196 0
    outer loop
      vertex -20.1468 22.2285 5
      vertex -19.2346 23.0154 0
      vertex -20.1468 22.2285 0
    endloop
  endfacet
  facet normal -0.170937 0.985282 0
    outer loop
      vertex -4.40191 29.6753 0
      vertex -5.85271 29.4236 5
      vertex -4.40191 29.6753 5
    endloop
  endfacet
  facet normal -0.170937 0.985282 0
    outer loop
      vertex -5.85271 29.4236 5
      vertex -4.40191 29.6753 0
      vertex -5.85271 29.4236 0
    endloop
  endfacet
  facet normal 0.788346 0.615233 0
    outer loop
      vertex 24.0962 17.871 5
      vertex 23.1903 19.0318 0
      vertex 23.1903 19.0318 5
    endloop
  endfacet
  facet normal 0.788346 0.615233 0
    outer loop
      vertex 23.1903 19.0318 0
      vertex 24.0962 17.871 5
      vertex 24.0962 17.871 0
    endloop
  endfacet
  facet normal -0.933 -0.359875 0
    outer loop
      vertex -27.7164 -11.4805 0
      vertex -28.2463 -10.1067 5
      vertex -28.2463 -10.1067 0
    endloop
  endfacet
  facet normal -0.933 -0.359875 0
    outer loop
      vertex -28.2463 -10.1067 5
      vertex -27.7164 -11.4805 0
      vertex -27.7164 -11.4805 5
    endloop
  endfacet
  facet normal -0.817579 -0.575816 0
    outer loop
      vertex -24.0962 -17.871 0
      vertex -24.9441 -16.6671 5
      vertex -24.9441 -16.6671 0
    endloop
  endfacet
  facet normal -0.817579 -0.575816 0
    outer loop
      vertex -24.9441 -16.6671 5
      vertex -24.0962 -17.871 0
      vertex -24.0962 -17.871 5
    endloop
  endfacet
  facet normal -0.266695 -0.963781 0
    outer loop
      vertex -8.70854 -28.7082 0
      vertex -7.2894 -29.1009 5
      vertex -8.70854 -28.7082 5
    endloop
  endfacet
  facet normal -0.266695 -0.963781 -0
    outer loop
      vertex -7.2894 -29.1009 5
      vertex -8.70854 -28.7082 0
      vertex -7.2894 -29.1009 0
    endloop
  endfacet
  facet normal 0.266695 0.963781 -0
    outer loop
      vertex 8.70854 28.7082 0
      vertex 7.2894 29.1009 5
      vertex 8.70854 28.7082 5
    endloop
  endfacet
  facet normal 0.266695 0.963781 0
    outer loop
      vertex 7.2894 29.1009 5
      vertex 8.70854 28.7082 0
      vertex 7.2894 29.1009 0
    endloop
  endfacet
  facet normal -0.914217 -0.405225 0
    outer loop
      vertex -27.1197 -12.8267 0
      vertex -27.7164 -11.4805 5
      vertex -27.7164 -11.4805 0
    endloop
  endfacet
  facet normal -0.914217 -0.405225 0
    outer loop
      vertex -27.7164 -11.4805 5
      vertex -27.1197 -12.8267 0
      vertex -27.1197 -12.8267 5
    endloop
  endfacet
  facet normal 0.219153 0.97569 -0
    outer loop
      vertex 7.2894 29.1009 0
      vertex 5.85271 29.4236 5
      vertex 7.2894 29.1009 5
    endloop
  endfacet
  facet normal 0.219153 0.97569 0
    outer loop
      vertex 5.85271 29.4236 5
      vertex 7.2894 29.1009 0
      vertex 5.85271 29.4236 0
    endloop
  endfacet
  facet normal -0.219153 -0.97569 0
    outer loop
      vertex -7.2894 -29.1009 0
      vertex -5.85271 -29.4236 5
      vertex -7.2894 -29.1009 5
    endloop
  endfacet
  facet normal -0.219153 -0.97569 -0
    outer loop
      vertex -5.85271 -29.4236 5
      vertex -7.2894 -29.1009 0
      vertex -5.85271 -29.4236 0
    endloop
  endfacet
  facet normal 0.84484 -0.53502 0
    outer loop
      vertex 24.9441 -16.6671 5
      vertex 25.7319 -15.4231 0
      vertex 25.7319 -15.4231 5
    endloop
  endfacet
  facet normal 0.84484 -0.53502 0
    outer loop
      vertex 25.7319 -15.4231 0
      vertex 24.9441 -16.6671 5
      vertex 24.9441 -16.6671 0
    endloop
  endfacet
  facet normal 0.12238 -0.992483 0
    outer loop
      vertex 2.94051 -29.8555 0
      vertex 4.40191 -29.6753 5
      vertex 2.94051 -29.8555 5
    endloop
  endfacet
  facet normal 0.12238 -0.992483 0
    outer loop
      vertex 4.40191 -29.6753 5
      vertex 2.94051 -29.8555 0
      vertex 4.40191 -29.6753 0
    endloop
  endfacet
  facet normal -0.724246 0.689542 0
    outer loop
      vertex -22.2285 20.1468 0
      vertex -21.2132 21.2132 5
      vertex -21.2132 21.2132 0
    endloop
  endfacet
  facet normal -0.724246 0.689542 0
    outer loop
      vertex -21.2132 21.2132 5
      vertex -22.2285 20.1468 0
      vertex -22.2285 20.1468 5
    endloop
  endfacet
  facet normal -0.914217 0.405225 0
    outer loop
      vertex -27.7164 11.4805 0
      vertex -27.1197 12.8267 5
      vertex -27.1197 12.8267 0
    endloop
  endfacet
  facet normal -0.914217 0.405225 0
    outer loop
      vertex -27.1197 12.8267 5
      vertex -27.7164 11.4805 0
      vertex -27.7164 11.4805 5
    endloop
  endfacet
  facet normal -0.84484 0.53502 0
    outer loop
      vertex -25.7319 15.4231 0
      vertex -24.9441 16.6671 5
      vertex -24.9441 16.6671 0
    endloop
  endfacet
  facet normal -0.84484 0.53502 0
    outer loop
      vertex -24.9441 16.6671 5
      vertex -25.7319 15.4231 0
      vertex -25.7319 15.4231 5
    endloop
  endfacet
  facet normal 0.266695 -0.963781 0
    outer loop
      vertex 7.2894 -29.1009 0
      vertex 8.70854 -28.7082 5
      vertex 7.2894 -29.1009 5
    endloop
  endfacet
  facet normal 0.266695 -0.963781 0
    outer loop
      vertex 8.70854 -28.7082 5
      vertex 7.2894 -29.1009 0
      vertex 8.70854 -28.7082 0
    endloop
  endfacet
  facet normal -0.985285 -0.170919 0
    outer loop
      vertex -29.4236 -5.85271 0
      vertex -29.5455 -5.15 5
      vertex -29.5455 -5.15 0
    endloop
  endfacet
  facet normal -0.985285 -0.170919 0
    outer loop
      vertex -29.5455 -5.15 5
      vertex -29.4236 -5.85271 0
      vertex -29.4236 -5.85271 5
    endloop
  endfacet
  facet normal -0.97569 0.219153 0
    outer loop
      vertex -29.4236 5.85271 0
      vertex -29.1009 7.2894 5
      vertex -29.1009 7.2894 0
    endloop
  endfacet
  facet normal -0.97569 0.219153 0
    outer loop
      vertex -29.1009 7.2894 5
      vertex -29.4236 5.85271 0
      vertex -29.4236 5.85271 5
    endloop
  endfacet
  facet normal -0.689542 -0.724246 0
    outer loop
      vertex -21.2132 -21.2132 0
      vertex -20.1468 -22.2285 5
      vertex -21.2132 -21.2132 5
    endloop
  endfacet
  facet normal -0.689542 -0.724246 -0
    outer loop
      vertex -20.1468 -22.2285 5
      vertex -21.2132 -21.2132 0
      vertex -20.1468 -22.2285 0
    endloop
  endfacet
  facet normal -0.963781 0.266695 0
    outer loop
      vertex -29.1009 7.2894 0
      vertex -28.7082 8.70854 5
      vertex -28.7082 8.70854 0
    endloop
  endfacet
  facet normal -0.963781 0.266695 0
    outer loop
      vertex -28.7082 8.70854 5
      vertex -29.1009 7.2894 0
      vertex -29.1009 7.2894 5
    endloop
  endfacet
  facet normal 0.0245166 0.999699 -0
    outer loop
      vertex 1.47203 29.9639 0
      vertex 0 30 5
      vertex 1.47203 29.9639 5
    endloop
  endfacet
  facet normal 0.0245166 0.999699 0
    outer loop
      vertex 0 30 5
      vertex 1.47203 29.9639 0
      vertex 0 30 0
    endloop
  endfacet
  facet normal 0.0736175 0.997287 -0
    outer loop
      vertex 2.94051 29.8555 0
      vertex 1.47203 29.9639 5
      vertex 2.94051 29.8555 5
    endloop
  endfacet
  facet normal 0.0736175 0.997287 0
    outer loop
      vertex 1.47203 29.9639 5
      vertex 2.94051 29.8555 0
      vertex 1.47203 29.9639 0
    endloop
  endfacet
  facet normal -0.313688 -0.949526 0
    outer loop
      vertex -10.1067 -28.2463 0
      vertex -8.70854 -28.7082 5
      vertex -10.1067 -28.2463 5
    endloop
  endfacet
  facet normal -0.313688 -0.949526 -0
    outer loop
      vertex -8.70854 -28.7082 5
      vertex -10.1067 -28.2463 0
      vertex -8.70854 -28.7082 0
    endloop
  endfacet
  facet normal -0.985285 0.170919 0
    outer loop
      vertex -29.5455 5.15 0
      vertex -29.4236 5.85271 5
      vertex -29.4236 5.85271 0
    endloop
  endfacet
  facet normal -0.985285 0.170919 0
    outer loop
      vertex -29.4236 5.85271 5
      vertex -29.5455 5.15 0
      vertex -29.5455 5.15 5
    endloop
  endfacet
  facet normal 0.313688 -0.949526 0
    outer loop
      vertex 8.70854 -28.7082 0
      vertex 10.1067 -28.2463 5
      vertex 8.70854 -28.7082 5
    endloop
  endfacet
  facet normal 0.313688 -0.949526 0
    outer loop
      vertex 10.1067 -28.2463 5
      vertex 8.70854 -28.7082 0
      vertex 10.1067 -28.2463 0
    endloop
  endfacet
  facet normal -0.266695 0.963781 0
    outer loop
      vertex -7.2894 29.1009 0
      vertex -8.70854 28.7082 5
      vertex -7.2894 29.1009 5
    endloop
  endfacet
  facet normal -0.266695 0.963781 0
    outer loop
      vertex -8.70854 28.7082 5
      vertex -7.2894 29.1009 0
      vertex -8.70854 28.7082 0
    endloop
  endfacet
  facet normal -0.788346 -0.615233 0
    outer loop
      vertex -23.1903 -19.0318 0
      vertex -24.0962 -17.871 5
      vertex -24.0962 -17.871 0
    endloop
  endfacet
  facet normal -0.788346 -0.615233 0
    outer loop
      vertex -24.0962 -17.871 5
      vertex -23.1903 -19.0318 0
      vertex -23.1903 -19.0318 5
    endloop
  endfacet
  facet normal -0.963781 -0.266695 0
    outer loop
      vertex -28.7082 -8.70854 0
      vertex -29.1009 -7.2894 5
      vertex -29.1009 -7.2894 0
    endloop
  endfacet
  facet normal -0.963781 -0.266695 0
    outer loop
      vertex -29.1009 -7.2894 5
      vertex -28.7082 -8.70854 0
      vertex -28.7082 -8.70854 5
    endloop
  endfacet
  facet normal -0.870113 0.492851 0
    outer loop
      vertex -26.4576 14.1419 0
      vertex -25.7319 15.4231 5
      vertex -25.7319 15.4231 0
    endloop
  endfacet
  facet normal -0.870113 0.492851 0
    outer loop
      vertex -25.7319 15.4231 5
      vertex -26.4576 14.1419 0
      vertex -26.4576 14.1419 5
    endloop
  endfacet
  facet normal -0.893201 -0.449657 0
    outer loop
      vertex -26.4576 -14.1419 0
      vertex -27.1197 -12.8267 5
      vertex -27.1197 -12.8267 0
    endloop
  endfacet
  facet normal -0.893201 -0.449657 0
    outer loop
      vertex -27.1197 -12.8267 5
      vertex -26.4576 -14.1419 0
      vertex -26.4576 -14.1419 5
    endloop
  endfacet
endsolid OpenSCAD_Model
