solid OpenSCAD_Model
  facet normal 0 -1 0
    outer loop
      vertex 18.5 5.15 81
      vertex 23.0005 5.15 123.137
      vertex 18.5 5.15 123.137
    endloop
  endfacet
  facet normal 0 -1 0
    outer loop
      vertex 23.0005 5.15 123.137
      vertex 18.5 5.15 81
      vertex 19.2088 5.15 80.8866
    endloop
  endfacet
  facet normal 0 -1 0
    outer loop
      vertex 18.5 5.15 25
      vertex 24.0266 5.15 16
      vertex 21.4984 5.15 27.7985
    endloop
  endfacet
  facet normal 0 -1 0
    outer loop
      vertex 18.5 5.15 0
      vertex 24.0266 5.15 16
      vertex 18.5 5.15 25
    endloop
  endfacet
  facet normal 0 -1 -0
    outer loop
      vertex 24.0266 5.15 16
      vertex 23.2833 5.15 6.01776
      vertex 24.0266 5.15 8
    endloop
  endfacet
  facet normal 0 -1 0
    outer loop
      vertex 24.0266 5.15 16
      vertex 18.5 5.15 0
      vertex 23.2833 5.15 6.01776
    endloop
  endfacet
  facet normal 0 -1 0
    outer loop
      vertex 23.2833 5.15 6.01776
      vertex 18.5 5.15 0
      vertex 21.0266 5.15 0
    endloop
  endfacet
  facet normal 0 1 0
    outer loop
      vertex 23.0005 -5.15 123.137
      vertex 18.5 -5.15 81
      vertex 18.5 -5.15 123.137
    endloop
  endfacet
  facet normal -0 1 0
    outer loop
      vertex 18.5 -5.15 81
      vertex 23.0005 -5.15 123.137
      vertex 19.2088 -5.15 80.8866
    endloop
  endfacet
  facet normal 0 1 0
    outer loop
      vertex 21.7395 -5.15 26.6736
      vertex 18.5 -5.15 25
      vertex 21.4984 -5.15 27.7985
    endloop
  endfacet
  facet normal 0 1 0
    outer loop
      vertex 24.0266 -5.15 16
      vertex 18.5 -5.15 25
      vertex 21.7395 -5.15 26.6736
    endloop
  endfacet
  facet normal 0 1 0
    outer loop
      vertex 18.5 -5.15 0
      vertex 24.0266 -5.15 16
      vertex 24.0266 -5.15 8
    endloop
  endfacet
  facet normal 0 1 0
    outer loop
      vertex 18.5 -5.15 0
      vertex 24.0266 -5.15 8
      vertex 21.6874 -5.15 1.76199
    endloop
  endfacet
  facet normal 0 1 0
    outer loop
      vertex 18.5 -5.15 0
      vertex 21.6874 -5.15 1.76199
      vertex 21.0266 -5.15 0
    endloop
  endfacet
  facet normal 0 1 0
    outer loop
      vertex 24.0266 -5.15 16
      vertex 18.5 -5.15 0
      vertex 18.5 -5.15 25
    endloop
  endfacet
  facet normal 1 -0 0
    outer loop
      vertex 18.5 -5.15 123.137
      vertex 18.5 5.15 81
      vertex 18.5 5.15 123.137
    endloop
  endfacet
  facet normal 1 0 0
    outer loop
      vertex 18.5 5.15 81
      vertex 18.5 -5.15 123.137
      vertex 18.5 -5.15 81
    endloop
  endfacet
  facet normal 0.15798 8.39596e-06 0.987442
    outer loop
      vertex 18.5 5.15 81
      vertex 21.0391 1.93433 80.5938
      vertex 19.2088 5.15 80.8866
    endloop
  endfacet
  facet normal 0.157969 0 0.987444
    outer loop
      vertex 21.0391 1.93433 80.5938
      vertex 18.5 5.15 81
      vertex 21.0391 -1.93433 80.5938
    endloop
  endfacet
  facet normal 0.157969 -0 0.987444
    outer loop
      vertex 18.5 -5.15 81
      vertex 21.0391 -1.93433 80.5938
      vertex 18.5 5.15 81
    endloop
  endfacet
  facet normal 0.15798 -8.39596e-06 0.987442
    outer loop
      vertex 21.0391 -1.93433 80.5938
      vertex 18.5 -5.15 81
      vertex 19.2088 -5.15 80.8866
    endloop
  endfacet
  facet normal 0.290552 0 0.956859
    outer loop
      vertex 21.0391 1.93433 80.5938
      vertex 21.0391 -1.93433 80.5938
      vertex 22.1262 0 80.2637
    endloop
  endfacet
  facet normal 0.752395 0 -0.658712
    outer loop
      vertex 23.9183 0 30.3811
      vertex 22.3672 -3.34425 28.6094
      vertex 22.3672 3.34425 28.6094
    endloop
  endfacet
  facet normal 0.682317 8.87903e-06 -0.731056
    outer loop
      vertex 18.5 -5.15 25
      vertex 22.3672 -3.34425 28.6094
      vertex 21.4984 -5.15 27.7985
    endloop
  endfacet
  facet normal 0.68232 0 -0.731054
    outer loop
      vertex 22.3672 -3.34425 28.6094
      vertex 18.5 -5.15 25
      vertex 22.3672 3.34425 28.6094
    endloop
  endfacet
  facet normal 0.68232 0 -0.731054
    outer loop
      vertex 18.5 5.15 25
      vertex 22.3672 3.34425 28.6094
      vertex 18.5 -5.15 25
    endloop
  endfacet
  facet normal 0.682317 -8.87903e-06 -0.731056
    outer loop
      vertex 22.3672 3.34425 28.6094
      vertex 18.5 5.15 25
      vertex 21.4984 5.15 27.7985
    endloop
  endfacet
  facet normal 1 -0 0
    outer loop
      vertex 18.5 -5.15 25
      vertex 18.5 5.15 0
      vertex 18.5 5.15 25
    endloop
  endfacet
  facet normal 1 0 0
    outer loop
      vertex 18.5 5.15 0
      vertex 18.5 -5.15 25
      vertex 18.5 -5.15 0
    endloop
  endfacet
  facet normal 0.866015 -0.500019 5.49492e-07
    outer loop
      vertex 6.28023 21.1777 123.137
      vertex 6.46269 21.4937 110.267
      vertex 6.63757 21.7966 123.137
    endloop
  endfacet
  facet normal 0.866019 -0.500011 8.11244e-07
    outer loop
      vertex 4.78997 18.5965 81
      vertex 6.46269 21.4937 110.267
      vertex 6.28023 21.1777 123.137
    endloop
  endfacet
  facet normal 0.866018 -0.500013 1.09702e-06
    outer loop
      vertex 6.46269 21.4937 110.267
      vertex 4.78997 18.5965 81
      vertex 5.14436 19.2103 80.8866
    endloop
  endfacet
  facet normal 0.865933 -0.50016 6.37079e-06
    outer loop
      vertex 7.04023 22.494 123.137
      vertex 6.96572 22.365 123.137
      vertex 6.97503 22.3811 121.684
    endloop
  endfacet
  facet normal 0.866036 -0.499982 9.00656e-06
    outer loop
      vertex 6.63757 21.7966 123.137
      vertex 6.97503 22.3811 121.684
      vertex 6.96572 22.365 123.137
    endloop
  endfacet
  facet normal 0.866026 -0.499999 -7.89607e-08
    outer loop
      vertex 6.97503 22.3811 121.684
      vertex 6.63757 21.7966 123.137
      vertex 6.46269 21.4937 110.267
    endloop
  endfacet
  facet normal 0.866025 -0.500001 0
    outer loop
      vertex 4.78997 18.5965 123.137
      vertex 4.78997 18.5965 81
      vertex 6.28023 21.1777 123.137
    endloop
  endfacet
  facet normal 0.866024 -0.500002 3.65476e-06
    outer loop
      vertex 6.28917 21.1932 27.7985
      vertex 4.78997 18.5965 25
      vertex 7.30333 22.9497 18.333
    endloop
  endfacet
  facet normal 0.866009 -0.500028 -1.89433e-05
    outer loop
      vertex 4.78997 18.5965 25
      vertex 7.55329 23.3827 16
      vertex 7.30333 22.9497 18.333
    endloop
  endfacet
  facet normal 0.866025 -0.500001 0
    outer loop
      vertex 7.55329 23.3827 16
      vertex 4.78997 18.5965 0
      vertex 7.55329 23.3827 8
    endloop
  endfacet
  facet normal 0.866025 -0.500001 0
    outer loop
      vertex 7.55329 23.3827 16
      vertex 4.78997 18.5965 25
      vertex 4.78997 18.5965 0
    endloop
  endfacet
  facet normal 0.866022 -0.500006 4.04158e-06
    outer loop
      vertex 7.55329 23.3827 8
      vertex 4.78997 18.5965 0
      vertex 6.05329 20.7846 0
    endloop
  endfacet
  facet normal -0.866039 0.499977 2.11349e-06
    outer loop
      vertex 15.3827 16.3437 110.266
      vertex 15.2003 16.0277 123.137
      vertex 15.5576 16.6466 123.137
    endloop
  endfacet
  facet normal -0.866012 0.500023 -3.04988e-06
    outer loop
      vertex 13.71 13.4465 81
      vertex 15.3827 16.3437 110.266
      vertex 14.0644 14.0603 80.8866
    endloop
  endfacet
  facet normal -0.866035 0.499983 2.30606e-06
    outer loop
      vertex 15.3827 16.3437 110.266
      vertex 13.71 13.4465 81
      vertex 15.2003 16.0277 123.137
    endloop
  endfacet
  facet normal -0.865962 0.50011 -1.155e-06
    outer loop
      vertex 15.8951 17.2311 121.684
      vertex 15.8858 17.215 123.137
      vertex 15.9603 17.344 123.137
    endloop
  endfacet
  facet normal -0.866003 0.500039 -2.20201e-06
    outer loop
      vertex 15.8951 17.2311 121.684
      vertex 15.5576 16.6466 123.137
      vertex 15.8858 17.215 123.137
    endloop
  endfacet
  facet normal -0.866 0.500043 3.2625e-08
    outer loop
      vertex 15.5576 16.6466 123.137
      vertex 15.8951 17.2311 121.684
      vertex 15.3827 16.3437 110.266
    endloop
  endfacet
  facet normal -0.866019 0.500011 0
    outer loop
      vertex 15.2003 16.0277 123.137
      vertex 13.71 13.4465 81
      vertex 13.71 13.4465 123.137
    endloop
  endfacet
  facet normal -0.866014 0.50002 7.3642e-06
    outer loop
      vertex 13.71 13.4465 25
      vertex 15.3298 16.2519 26.6736
      vertex 16.2234 17.7997 18.333
    endloop
  endfacet
  facet normal -0.865994 0.500054 -6.89272e-05
    outer loop
      vertex 15.3298 16.2519 26.6736
      vertex 13.71 13.4465 25
      vertex 15.2092 16.0432 27.7985
    endloop
  endfacet
  facet normal -0.866019 0.500012 0
    outer loop
      vertex 13.71 13.4465 0
      vertex 16.4734 18.2327 16
      vertex 16.4734 18.2327 8
    endloop
  endfacet
  facet normal -0.866021 0.500008 2.92371e-06
    outer loop
      vertex 13.71 13.4465 0
      vertex 16.4734 18.2327 8
      vertex 15.3037 16.2068 1.76199
    endloop
  endfacet
  facet normal -0.866008 0.50003 -4.22401e-05
    outer loop
      vertex 13.71 13.4465 0
      vertex 15.3037 16.2068 1.76199
      vertex 14.9734 15.6346 0
    endloop
  endfacet
  facet normal -0.866019 0.500012 0
    outer loop
      vertex 13.71 13.4465 25
      vertex 16.4734 18.2327 16
      vertex 13.71 13.4465 0
    endloop
  endfacet
  facet normal -0.866018 0.500012 2.62098e-07
    outer loop
      vertex 16.4734 18.2327 16
      vertex 13.71 13.4465 25
      vertex 16.2234 17.7997 18.333
    endloop
  endfacet
  facet normal 0.500001 0.866025 -0
    outer loop
      vertex 13.71 13.4465 81
      vertex 4.78997 18.5965 123.137
      vertex 13.71 13.4465 123.137
    endloop
  endfacet
  facet normal 0.500001 0.866025 0
    outer loop
      vertex 4.78997 18.5965 123.137
      vertex 13.71 13.4465 81
      vertex 4.78997 18.5965 81
    endloop
  endfacet
  facet normal 0.0790037 0.136815 0.987441
    outer loop
      vertex 12.1947 17.2532 80.5938
      vertex 13.71 13.4465 81
      vertex 14.0644 14.0603 80.8866
    endloop
  endfacet
  facet normal 0.0789848 0.136808 0.987444
    outer loop
      vertex 8.84435 19.1875 80.5938
      vertex 13.71 13.4465 81
      vertex 12.1947 17.2532 80.5938
    endloop
  endfacet
  facet normal 0.0789846 0.136827 0.987441
    outer loop
      vertex 4.78997 18.5965 81
      vertex 8.84435 19.1875 80.5938
      vertex 5.14436 19.2103 80.8866
    endloop
  endfacet
  facet normal 0.0789874 0.13681 0.987443
    outer loop
      vertex 8.84435 19.1875 80.5938
      vertex 4.78997 18.5965 81
      vertex 13.71 13.4465 81
    endloop
  endfacet
  facet normal 0.145263 0.251606 0.956866
    outer loop
      vertex 11.0631 19.1619 80.2637
      vertex 8.84435 19.1875 80.5938
      vertex 12.1947 17.2532 80.5938
    endloop
  endfacet
  facet normal 0.376194 0.651577 -0.658731
    outer loop
      vertex 14.0798 17.6984 28.6094
      vertex 8.28739 21.0427 28.6094
      vertex 11.9592 20.7139 30.3811
    endloop
  endfacet
  facet normal 0.341165 0.590896 -0.731059
    outer loop
      vertex 4.78997 18.5965 25
      vertex 14.0798 17.6984 28.6094
      vertex 14.5748 16.9729 28.254
    endloop
  endfacet
  facet normal 0.341164 0.590904 -0.731053
    outer loop
      vertex 14.0798 17.6984 28.6094
      vertex 4.78997 18.5965 25
      vertex 8.28739 21.0427 28.6094
    endloop
  endfacet
  facet normal 0.341175 0.590893 -0.731057
    outer loop
      vertex 8.28739 21.0427 28.6094
      vertex 4.78997 18.5965 25
      vertex 6.28917 21.1932 27.7985
    endloop
  endfacet
  facet normal 0.341103 0.590935 -0.731057
    outer loop
      vertex 13.71 13.4465 25
      vertex 14.5748 16.9729 28.254
      vertex 15.2092 16.0432 27.7985
    endloop
  endfacet
  facet normal 0.341164 0.590911 -0.731048
    outer loop
      vertex 14.5748 16.9729 28.254
      vertex 13.71 13.4465 25
      vertex 4.78997 18.5965 25
    endloop
  endfacet
  facet normal 0.500001 0.866025 -0
    outer loop
      vertex 13.71 13.4465 0
      vertex 4.78997 18.5965 25
      vertex 13.71 13.4465 25
    endloop
  endfacet
  facet normal 0.500001 0.866025 0
    outer loop
      vertex 4.78997 18.5965 25
      vertex 13.71 13.4465 0
      vertex 4.78997 18.5965 0
    endloop
  endfacet
  facet normal 0.866039 0.499977 2.11349e-06
    outer loop
      vertex -15.2003 16.0277 123.137
      vertex -15.3827 16.3437 110.266
      vertex -15.5576 16.6466 123.137
    endloop
  endfacet
  facet normal 0.866035 0.499983 2.30606e-06
    outer loop
      vertex -13.71 13.4465 81
      vertex -15.3827 16.3437 110.266
      vertex -15.2003 16.0277 123.137
    endloop
  endfacet
  facet normal 0.866012 0.500023 -3.04988e-06
    outer loop
      vertex -15.3827 16.3437 110.266
      vertex -13.71 13.4465 81
      vertex -14.0644 14.0603 80.8866
    endloop
  endfacet
  facet normal 0.865962 0.50011 -1.155e-06
    outer loop
      vertex -15.8951 17.2311 121.684
      vertex -15.9603 17.344 123.137
      vertex -15.8858 17.215 123.137
    endloop
  endfacet
  facet normal 0.866003 0.500039 -2.20201e-06
    outer loop
      vertex -15.5576 16.6466 123.137
      vertex -15.8951 17.2311 121.684
      vertex -15.8858 17.215 123.137
    endloop
  endfacet
  facet normal 0.866 0.500043 3.2625e-08
    outer loop
      vertex -15.8951 17.2311 121.684
      vertex -15.5576 16.6466 123.137
      vertex -15.3827 16.3437 110.266
    endloop
  endfacet
  facet normal 0.866019 0.500011 -0
    outer loop
      vertex -13.71 13.4465 81
      vertex -15.2003 16.0277 123.137
      vertex -13.71 13.4465 123.137
    endloop
  endfacet
  facet normal 0.866023 0.500004 -6.70453e-06
    outer loop
      vertex -13.71 13.4465 25
      vertex -16.2234 17.7997 18.333
      vertex -15.2092 16.0432 27.7985
    endloop
  endfacet
  facet normal 0.866018 0.500012 2.62098e-07
    outer loop
      vertex -13.71 13.4465 25
      vertex -16.4734 18.2327 16
      vertex -16.2234 17.7997 18.333
    endloop
  endfacet
  facet normal 0.866019 0.500012 0
    outer loop
      vertex -16.4734 18.2327 16
      vertex -13.71 13.4465 0
      vertex -16.4734 18.2327 8
    endloop
  endfacet
  facet normal 0.866012 0.500023 -9.26116e-06
    outer loop
      vertex -16.4734 18.2327 8
      vertex -13.71 13.4465 0
      vertex -16.1017 17.5889 6.01776
    endloop
  endfacet
  facet normal 0.866019 0.500012 0
    outer loop
      vertex -16.4734 18.2327 16
      vertex -13.71 13.4465 25
      vertex -13.71 13.4465 0
    endloop
  endfacet
  facet normal 0.866008 0.50003 -1.50867e-05
    outer loop
      vertex -16.1017 17.5889 6.01776
      vertex -13.71 13.4465 0
      vertex -14.9734 15.6346 0
    endloop
  endfacet
  facet normal -0.866015 -0.500019 5.49492e-07
    outer loop
      vertex -6.46269 21.4937 110.267
      vertex -6.28023 21.1777 123.137
      vertex -6.63757 21.7966 123.137
    endloop
  endfacet
  facet normal -0.866018 -0.500013 1.09702e-06
    outer loop
      vertex -4.78997 18.5965 81
      vertex -6.46269 21.4937 110.267
      vertex -5.14436 19.2103 80.8866
    endloop
  endfacet
  facet normal -0.866019 -0.500011 8.11244e-07
    outer loop
      vertex -6.46269 21.4937 110.267
      vertex -4.78997 18.5965 81
      vertex -6.28023 21.1777 123.137
    endloop
  endfacet
  facet normal -0.865933 -0.50016 6.37079e-06
    outer loop
      vertex -6.96572 22.365 123.137
      vertex -7.04023 22.494 123.137
      vertex -6.97503 22.3811 121.684
    endloop
  endfacet
  facet normal -0.866036 -0.499982 9.00656e-06
    outer loop
      vertex -6.97503 22.3811 121.684
      vertex -6.63757 21.7966 123.137
      vertex -6.96572 22.365 123.137
    endloop
  endfacet
  facet normal -0.866026 -0.499999 -7.89607e-08
    outer loop
      vertex -6.63757 21.7966 123.137
      vertex -6.97503 22.3811 121.684
      vertex -6.46269 21.4937 110.267
    endloop
  endfacet
  facet normal -0.866025 -0.500001 -0
    outer loop
      vertex -4.78997 18.5965 123.137
      vertex -6.28023 21.1777 123.137
      vertex -4.78997 18.5965 81
    endloop
  endfacet
  facet normal -0.866024 -0.500002 3.65476e-06
    outer loop
      vertex -6.28917 21.1932 27.7985
      vertex -7.30333 22.9497 18.333
      vertex -4.78997 18.5965 25
    endloop
  endfacet
  facet normal -0.866025 -0.500001 0
    outer loop
      vertex -4.78997 18.5965 0
      vertex -7.55329 23.3827 16
      vertex -7.55329 23.3827 8
    endloop
  endfacet
  facet normal -0.866022 -0.500006 4.04158e-06
    outer loop
      vertex -4.78997 18.5965 0
      vertex -7.55329 23.3827 8
      vertex -6.05329 20.7846 0
    endloop
  endfacet
  facet normal -0.866025 -0.500001 -0
    outer loop
      vertex -4.78997 18.5965 25
      vertex -7.55329 23.3827 16
      vertex -4.78997 18.5965 0
    endloop
  endfacet
  facet normal -0.866009 -0.500028 -1.89433e-05
    outer loop
      vertex -7.55329 23.3827 16
      vertex -4.78997 18.5965 25
      vertex -7.30333 22.9497 18.333
    endloop
  endfacet
  facet normal -0.500001 0.866025 0
    outer loop
      vertex -4.78997 18.5965 81
      vertex -13.71 13.4465 123.137
      vertex -4.78997 18.5965 123.137
    endloop
  endfacet
  facet normal -0.500001 0.866025 0
    outer loop
      vertex -13.71 13.4465 123.137
      vertex -4.78997 18.5965 81
      vertex -13.71 13.4465 81
    endloop
  endfacet
  facet normal -0.0789846 0.136827 0.987441
    outer loop
      vertex -8.84435 19.1875 80.5938
      vertex -4.78997 18.5965 81
      vertex -5.14436 19.2103 80.8866
    endloop
  endfacet
  facet normal -0.0789871 0.136811 0.987443
    outer loop
      vertex -12.1947 17.2532 80.5938
      vertex -4.78997 18.5965 81
      vertex -8.84435 19.1875 80.5938
    endloop
  endfacet
  facet normal -0.0789865 0.136808 0.987443
    outer loop
      vertex -12.1947 17.2532 80.5938
      vertex -13.71 13.4465 81
      vertex -4.78997 18.5965 81
    endloop
  endfacet
  facet normal -0.0790037 0.136815 0.987441
    outer loop
      vertex -13.71 13.4465 81
      vertex -12.1947 17.2532 80.5938
      vertex -14.0644 14.0603 80.8866
    endloop
  endfacet
  facet normal -0.145263 0.251606 0.956866
    outer loop
      vertex -11.0631 19.1619 80.2637
      vertex -12.1947 17.2532 80.5938
      vertex -8.84435 19.1875 80.5938
    endloop
  endfacet
  facet normal -0.376194 0.651577 -0.658731
    outer loop
      vertex -8.28739 21.0427 28.6094
      vertex -14.0798 17.6984 28.6094
      vertex -11.9592 20.7139 30.3811
    endloop
  endfacet
  facet normal -0.341114 0.59089 -0.731088
    outer loop
      vertex -13.71 13.4465 25
      vertex -8.28739 21.0427 28.6094
      vertex -7.41153 21.1086 28.254
    endloop
  endfacet
  facet normal -0.341166 0.590909 -0.731049
    outer loop
      vertex -13.71 13.4465 25
      vertex -14.0798 17.6984 28.6094
      vertex -8.28739 21.0427 28.6094
    endloop
  endfacet
  facet normal -0.341132 0.590919 -0.731057
    outer loop
      vertex -14.0798 17.6984 28.6094
      vertex -13.71 13.4465 25
      vertex -15.2092 16.0432 27.7985
    endloop
  endfacet
  facet normal -0.34123 0.590862 -0.731057
    outer loop
      vertex -4.78997 18.5965 25
      vertex -7.41153 21.1086 28.254
      vertex -6.28917 21.1932 27.7985
    endloop
  endfacet
  facet normal -0.341166 0.590914 -0.731045
    outer loop
      vertex -7.41153 21.1086 28.254
      vertex -4.78997 18.5965 25
      vertex -13.71 13.4465 25
    endloop
  endfacet
  facet normal -0.500001 0.866025 0
    outer loop
      vertex -4.78997 18.5965 0
      vertex -13.71 13.4465 25
      vertex -4.78997 18.5965 25
    endloop
  endfacet
  facet normal -0.500001 0.866025 0
    outer loop
      vertex -13.71 13.4465 25
      vertex -4.78997 18.5965 0
      vertex -13.71 13.4465 0
    endloop
  endfacet
  facet normal 0 1 -0
    outer loop
      vertex -18.5 -5.15 81
      vertex -23.0005 -5.15 123.137
      vertex -18.5 -5.15 123.137
    endloop
  endfacet
  facet normal 0 1 0
    outer loop
      vertex -23.0005 -5.15 123.137
      vertex -18.5 -5.15 81
      vertex -19.2088 -5.15 80.8866
    endloop
  endfacet
  facet normal 0 1 0
    outer loop
      vertex -18.5 -5.15 25
      vertex -24.0266 -5.15 16
      vertex -21.4984 -5.15 27.7985
    endloop
  endfacet
  facet normal 0 1 -0
    outer loop
      vertex -18.5 -5.15 0
      vertex -24.0266 -5.15 16
      vertex -18.5 -5.15 25
    endloop
  endfacet
  facet normal 0 1 0
    outer loop
      vertex -24.0266 -5.15 16
      vertex -23.2833 -5.15 6.01776
      vertex -24.0266 -5.15 8
    endloop
  endfacet
  facet normal 0 1 0
    outer loop
      vertex -24.0266 -5.15 16
      vertex -18.5 -5.15 0
      vertex -23.2833 -5.15 6.01776
    endloop
  endfacet
  facet normal 0 1 0
    outer loop
      vertex -23.2833 -5.15 6.01776
      vertex -18.5 -5.15 0
      vertex -21.0266 -5.15 0
    endloop
  endfacet
  facet normal 0 -1 0
    outer loop
      vertex -23.0005 5.15 123.137
      vertex -18.5 5.15 81
      vertex -18.5 5.15 123.137
    endloop
  endfacet
  facet normal -0 -1 0
    outer loop
      vertex -18.5 5.15 81
      vertex -23.0005 5.15 123.137
      vertex -19.2088 5.15 80.8866
    endloop
  endfacet
  facet normal 0 -1 0
    outer loop
      vertex -21.7395 5.15 26.6736
      vertex -18.5 5.15 25
      vertex -21.4984 5.15 27.7985
    endloop
  endfacet
  facet normal 0 -1 0
    outer loop
      vertex -24.0266 5.15 16
      vertex -18.5 5.15 25
      vertex -21.7395 5.15 26.6736
    endloop
  endfacet
  facet normal 0 -1 0
    outer loop
      vertex -18.5 5.15 0
      vertex -24.0266 5.15 16
      vertex -24.0266 5.15 8
    endloop
  endfacet
  facet normal 0 -1 0
    outer loop
      vertex -18.5 5.15 0
      vertex -24.0266 5.15 8
      vertex -21.6874 5.15 1.76199
    endloop
  endfacet
  facet normal 0 -1 0
    outer loop
      vertex -18.5 5.15 0
      vertex -21.6874 5.15 1.76199
      vertex -21.0266 5.15 0
    endloop
  endfacet
  facet normal 0 -1 0
    outer loop
      vertex -24.0266 5.15 16
      vertex -18.5 5.15 0
      vertex -18.5 5.15 25
    endloop
  endfacet
  facet normal -1 0 0
    outer loop
      vertex -18.5 -5.15 81
      vertex -18.5 5.15 123.137
      vertex -18.5 5.15 81
    endloop
  endfacet
  facet normal -1 -0 0
    outer loop
      vertex -18.5 5.15 123.137
      vertex -18.5 -5.15 81
      vertex -18.5 -5.15 123.137
    endloop
  endfacet
  facet normal -0.15798 8.39596e-06 0.987442
    outer loop
      vertex -21.0391 1.93433 80.5938
      vertex -18.5 5.15 81
      vertex -19.2088 5.15 80.8866
    endloop
  endfacet
  facet normal -0.157969 0 0.987444
    outer loop
      vertex -18.5 5.15 81
      vertex -21.0391 1.93433 80.5938
      vertex -18.5 -5.15 81
    endloop
  endfacet
  facet normal -0.157969 0 0.987444
    outer loop
      vertex -21.0391 -1.93433 80.5938
      vertex -18.5 -5.15 81
      vertex -21.0391 1.93433 80.5938
    endloop
  endfacet
  facet normal -0.15798 -8.39596e-06 0.987442
    outer loop
      vertex -18.5 -5.15 81
      vertex -21.0391 -1.93433 80.5938
      vertex -19.2088 -5.15 80.8866
    endloop
  endfacet
  facet normal -0.290552 0 0.956859
    outer loop
      vertex -21.0391 1.93433 80.5938
      vertex -22.1262 0 80.2637
      vertex -21.0391 -1.93433 80.5938
    endloop
  endfacet
  facet normal -0.752395 0 -0.658712
    outer loop
      vertex -22.3672 -3.34425 28.6094
      vertex -23.9183 0 30.3811
      vertex -22.3672 3.34425 28.6094
    endloop
  endfacet
  facet normal -0.682317 8.87903e-06 -0.731056
    outer loop
      vertex -22.3672 -3.34425 28.6094
      vertex -18.5 -5.15 25
      vertex -21.4984 -5.15 27.7985
    endloop
  endfacet
  facet normal -0.68232 0 -0.731054
    outer loop
      vertex -18.5 -5.15 25
      vertex -22.3672 -3.34425 28.6094
      vertex -18.5 5.15 25
    endloop
  endfacet
  facet normal -0.68232 -0 -0.731054
    outer loop
      vertex -22.3672 3.34425 28.6094
      vertex -18.5 5.15 25
      vertex -22.3672 -3.34425 28.6094
    endloop
  endfacet
  facet normal -0.682317 -8.87903e-06 -0.731056
    outer loop
      vertex -18.5 5.15 25
      vertex -22.3672 3.34425 28.6094
      vertex -21.4984 5.15 27.7985
    endloop
  endfacet
  facet normal -1 0 0
    outer loop
      vertex -18.5 -5.15 0
      vertex -18.5 5.15 25
      vertex -18.5 5.15 0
    endloop
  endfacet
  facet normal -1 -0 0
    outer loop
      vertex -18.5 5.15 25
      vertex -18.5 -5.15 0
      vertex -18.5 -5.15 25
    endloop
  endfacet
  facet normal -0.866018 0.500013 1.09702e-06
    outer loop
      vertex -6.46269 -21.4937 110.267
      vertex -4.78997 -18.5965 81
      vertex -5.14436 -19.2103 80.8866
    endloop
  endfacet
  facet normal -0.866019 0.500011 8.11244e-07
    outer loop
      vertex -4.78997 -18.5965 81
      vertex -6.46269 -21.4937 110.267
      vertex -6.28023 -21.1777 123.137
    endloop
  endfacet
  facet normal -0.866015 0.500019 5.49492e-07
    outer loop
      vertex -6.28023 -21.1777 123.137
      vertex -6.46269 -21.4937 110.267
      vertex -6.63757 -21.7966 123.137
    endloop
  endfacet
  facet normal -0.865933 0.50016 6.37079e-06
    outer loop
      vertex -6.97503 -22.3811 121.684
      vertex -7.04023 -22.494 123.137
      vertex -6.96572 -22.365 123.137
    endloop
  endfacet
  facet normal -0.866026 0.499999 -7.89607e-08
    outer loop
      vertex -6.97503 -22.3811 121.684
      vertex -6.63757 -21.7966 123.137
      vertex -6.46269 -21.4937 110.267
    endloop
  endfacet
  facet normal -0.866036 0.499982 9.00656e-06
    outer loop
      vertex -6.63757 -21.7966 123.137
      vertex -6.97503 -22.3811 121.684
      vertex -6.96572 -22.365 123.137
    endloop
  endfacet
  facet normal -0.866025 0.500001 0
    outer loop
      vertex -4.78997 -18.5965 81
      vertex -6.28023 -21.1777 123.137
      vertex -4.78997 -18.5965 123.137
    endloop
  endfacet
  facet normal -0.866024 0.500002 3.65476e-06
    outer loop
      vertex -4.78997 -18.5965 25
      vertex -7.30333 -22.9497 18.333
      vertex -6.28917 -21.1932 27.7985
    endloop
  endfacet
  facet normal -0.866022 0.500006 4.04158e-06
    outer loop
      vertex -7.55329 -23.3827 8
      vertex -4.78997 -18.5965 0
      vertex -6.05329 -20.7846 0
    endloop
  endfacet
  facet normal -0.866025 0.500001 0
    outer loop
      vertex -7.55329 -23.3827 16
      vertex -4.78997 -18.5965 0
      vertex -7.55329 -23.3827 8
    endloop
  endfacet
  facet normal -0.866025 0.500001 0
    outer loop
      vertex -4.78997 -18.5965 0
      vertex -7.55329 -23.3827 16
      vertex -4.78997 -18.5965 25
    endloop
  endfacet
  facet normal -0.866009 0.500028 -1.89433e-05
    outer loop
      vertex -4.78997 -18.5965 25
      vertex -7.55329 -23.3827 16
      vertex -7.30333 -22.9497 18.333
    endloop
  endfacet
  facet normal 0.866035 -0.499983 2.30606e-06
    outer loop
      vertex -15.3827 -16.3437 110.266
      vertex -13.71 -13.4465 81
      vertex -15.2003 -16.0277 123.137
    endloop
  endfacet
  facet normal 0.866012 -0.500023 -3.04988e-06
    outer loop
      vertex -13.71 -13.4465 81
      vertex -15.3827 -16.3437 110.266
      vertex -14.0644 -14.0603 80.8866
    endloop
  endfacet
  facet normal 0.866039 -0.499977 2.11349e-06
    outer loop
      vertex -15.3827 -16.3437 110.266
      vertex -15.2003 -16.0277 123.137
      vertex -15.5576 -16.6466 123.137
    endloop
  endfacet
  facet normal 0.865962 -0.50011 -1.155e-06
    outer loop
      vertex -15.8858 -17.215 123.137
      vertex -15.9603 -17.344 123.137
      vertex -15.8951 -17.2311 121.684
    endloop
  endfacet
  facet normal 0.866003 -0.500039 -2.20201e-06
    outer loop
      vertex -15.8951 -17.2311 121.684
      vertex -15.5576 -16.6466 123.137
      vertex -15.8858 -17.215 123.137
    endloop
  endfacet
  facet normal 0.866 -0.500043 3.2625e-08
    outer loop
      vertex -15.5576 -16.6466 123.137
      vertex -15.8951 -17.2311 121.684
      vertex -15.3827 -16.3437 110.266
    endloop
  endfacet
  facet normal 0.866019 -0.500011 0
    outer loop
      vertex -13.71 -13.4465 123.137
      vertex -15.2003 -16.0277 123.137
      vertex -13.71 -13.4465 81
    endloop
  endfacet
  facet normal 0.865994 -0.500054 -6.89272e-05
    outer loop
      vertex -15.3298 -16.2519 26.6736
      vertex -13.71 -13.4465 25
      vertex -15.2092 -16.0432 27.7985
    endloop
  endfacet
  facet normal 0.866014 -0.50002 7.3642e-06
    outer loop
      vertex -13.71 -13.4465 25
      vertex -15.3298 -16.2519 26.6736
      vertex -16.2234 -17.7997 18.333
    endloop
  endfacet
  facet normal 0.866019 -0.500012 0
    outer loop
      vertex -16.4734 -18.2327 16
      vertex -13.71 -13.4465 0
      vertex -13.71 -13.4465 25
    endloop
  endfacet
  facet normal 0.866008 -0.50003 -4.22401e-05
    outer loop
      vertex -13.71 -13.4465 0
      vertex -15.3037 -16.2068 1.76199
      vertex -14.9734 -15.6346 0
    endloop
  endfacet
  facet normal 0.866018 -0.500012 2.62098e-07
    outer loop
      vertex -16.4734 -18.2327 16
      vertex -13.71 -13.4465 25
      vertex -16.2234 -17.7997 18.333
    endloop
  endfacet
  facet normal 0.866019 -0.500012 0
    outer loop
      vertex -13.71 -13.4465 0
      vertex -16.4734 -18.2327 16
      vertex -16.4734 -18.2327 8
    endloop
  endfacet
  facet normal 0.866021 -0.500008 2.92371e-06
    outer loop
      vertex -13.71 -13.4465 0
      vertex -16.4734 -18.2327 8
      vertex -15.3037 -16.2068 1.76199
    endloop
  endfacet
  facet normal -0.500001 -0.866025 0
    outer loop
      vertex -13.71 -13.4465 81
      vertex -4.78997 -18.5965 123.137
      vertex -13.71 -13.4465 123.137
    endloop
  endfacet
  facet normal -0.500001 -0.866025 -0
    outer loop
      vertex -4.78997 -18.5965 123.137
      vertex -13.71 -13.4465 81
      vertex -4.78997 -18.5965 81
    endloop
  endfacet
  facet normal -0.0789846 -0.136827 0.987441
    outer loop
      vertex -4.78997 -18.5965 81
      vertex -8.84435 -19.1875 80.5938
      vertex -5.14436 -19.2103 80.8866
    endloop
  endfacet
  facet normal -0.0789871 -0.136811 0.987443
    outer loop
      vertex -4.78997 -18.5965 81
      vertex -12.1947 -17.2532 80.5938
      vertex -8.84435 -19.1875 80.5938
    endloop
  endfacet
  facet normal -0.0789865 -0.136808 0.987443
    outer loop
      vertex -13.71 -13.4465 81
      vertex -12.1947 -17.2532 80.5938
      vertex -4.78997 -18.5965 81
    endloop
  endfacet
  facet normal -0.0790037 -0.136815 0.987441
    outer loop
      vertex -12.1947 -17.2532 80.5938
      vertex -13.71 -13.4465 81
      vertex -14.0644 -14.0603 80.8866
    endloop
  endfacet
  facet normal -0.145263 -0.251606 0.956866
    outer loop
      vertex -8.84435 -19.1875 80.5938
      vertex -12.1947 -17.2532 80.5938
      vertex -11.0631 -19.1619 80.2637
    endloop
  endfacet
  facet normal -0.376194 -0.651577 -0.658731
    outer loop
      vertex -11.9592 -20.7139 30.3811
      vertex -14.0798 -17.6984 28.6094
      vertex -8.28739 -21.0427 28.6094
    endloop
  endfacet
  facet normal -0.341175 -0.590893 -0.731057
    outer loop
      vertex -8.28739 -21.0427 28.6094
      vertex -4.78997 -18.5965 25
      vertex -6.28917 -21.1932 27.7985
    endloop
  endfacet
  facet normal -0.341164 -0.590904 -0.731053
    outer loop
      vertex -14.0798 -17.6984 28.6094
      vertex -4.78997 -18.5965 25
      vertex -8.28739 -21.0427 28.6094
    endloop
  endfacet
  facet normal -0.341165 -0.590896 -0.731059
    outer loop
      vertex -4.78997 -18.5965 25
      vertex -14.0798 -17.6984 28.6094
      vertex -14.5748 -16.9729 28.254
    endloop
  endfacet
  facet normal -0.341164 -0.590911 -0.731048
    outer loop
      vertex -14.5748 -16.9729 28.254
      vertex -13.71 -13.4465 25
      vertex -4.78997 -18.5965 25
    endloop
  endfacet
  facet normal -0.341103 -0.590935 -0.731057
    outer loop
      vertex -13.71 -13.4465 25
      vertex -14.5748 -16.9729 28.254
      vertex -15.2092 -16.0432 27.7985
    endloop
  endfacet
  facet normal -0.500001 -0.866025 0
    outer loop
      vertex -13.71 -13.4465 0
      vertex -4.78997 -18.5965 25
      vertex -13.71 -13.4465 25
    endloop
  endfacet
  facet normal -0.500001 -0.866025 -0
    outer loop
      vertex -4.78997 -18.5965 25
      vertex -13.71 -13.4465 0
      vertex -4.78997 -18.5965 0
    endloop
  endfacet
  facet normal -0.866012 -0.500023 -3.04988e-06
    outer loop
      vertex 15.3827 -16.3437 110.266
      vertex 13.71 -13.4465 81
      vertex 14.0644 -14.0603 80.8866
    endloop
  endfacet
  facet normal -0.866035 -0.499983 2.30606e-06
    outer loop
      vertex 13.71 -13.4465 81
      vertex 15.3827 -16.3437 110.266
      vertex 15.2003 -16.0277 123.137
    endloop
  endfacet
  facet normal -0.866039 -0.499977 2.11349e-06
    outer loop
      vertex 15.2003 -16.0277 123.137
      vertex 15.3827 -16.3437 110.266
      vertex 15.5576 -16.6466 123.137
    endloop
  endfacet
  facet normal -0.865962 -0.50011 -1.155e-06
    outer loop
      vertex 15.9603 -17.344 123.137
      vertex 15.8858 -17.215 123.137
      vertex 15.8951 -17.2311 121.684
    endloop
  endfacet
  facet normal -0.866 -0.500043 3.2625e-08
    outer loop
      vertex 15.8951 -17.2311 121.684
      vertex 15.5576 -16.6466 123.137
      vertex 15.3827 -16.3437 110.266
    endloop
  endfacet
  facet normal -0.866003 -0.500039 -2.20201e-06
    outer loop
      vertex 15.5576 -16.6466 123.137
      vertex 15.8951 -17.2311 121.684
      vertex 15.8858 -17.215 123.137
    endloop
  endfacet
  facet normal -0.866019 -0.500011 -0
    outer loop
      vertex 13.71 -13.4465 123.137
      vertex 13.71 -13.4465 81
      vertex 15.2003 -16.0277 123.137
    endloop
  endfacet
  facet normal -0.866023 -0.500004 -6.70453e-06
    outer loop
      vertex 15.2092 -16.0432 27.7985
      vertex 13.71 -13.4465 25
      vertex 16.2234 -17.7997 18.333
    endloop
  endfacet
  facet normal -0.866008 -0.50003 -1.50867e-05
    outer loop
      vertex 16.1017 -17.5889 6.01776
      vertex 13.71 -13.4465 0
      vertex 14.9734 -15.6346 0
    endloop
  endfacet
  facet normal -0.866017 -0.500014 -1.07177e-06
    outer loop
      vertex 16.4734 -18.2327 16
      vertex 13.71 -13.4465 0
      vertex 16.1017 -17.5889 6.01776
    endloop
  endfacet
  facet normal -0.866019 -0.500012 0
    outer loop
      vertex 13.71 -13.4465 0
      vertex 16.4734 -18.2327 16
      vertex 13.71 -13.4465 25
    endloop
  endfacet
  facet normal -0.866024 -0.500002 -0
    outer loop
      vertex 16.4734 -18.2327 16
      vertex 16.1017 -17.5889 6.01776
      vertex 16.4734 -18.2327 8
    endloop
  endfacet
  facet normal -0.866018 -0.500012 2.62098e-07
    outer loop
      vertex 13.71 -13.4465 25
      vertex 16.4734 -18.2327 16
      vertex 16.2234 -17.7997 18.333
    endloop
  endfacet
  facet normal 0.866019 0.500011 8.11244e-07
    outer loop
      vertex 6.46269 -21.4937 110.267
      vertex 4.78997 -18.5965 81
      vertex 6.28023 -21.1777 123.137
    endloop
  endfacet
  facet normal 0.866018 0.500013 1.09702e-06
    outer loop
      vertex 4.78997 -18.5965 81
      vertex 6.46269 -21.4937 110.267
      vertex 5.14436 -19.2103 80.8866
    endloop
  endfacet
  facet normal 0.866015 0.500019 5.49492e-07
    outer loop
      vertex 6.46269 -21.4937 110.267
      vertex 6.28023 -21.1777 123.137
      vertex 6.63757 -21.7966 123.137
    endloop
  endfacet
  facet normal 0.865933 0.50016 6.37079e-06
    outer loop
      vertex 6.97503 -22.3811 121.684
      vertex 6.96572 -22.365 123.137
      vertex 7.04023 -22.494 123.137
    endloop
  endfacet
  facet normal 0.866036 0.499982 9.00656e-06
    outer loop
      vertex 6.97503 -22.3811 121.684
      vertex 6.63757 -21.7966 123.137
      vertex 6.96572 -22.365 123.137
    endloop
  endfacet
  facet normal 0.866026 0.499999 -7.89607e-08
    outer loop
      vertex 6.63757 -21.7966 123.137
      vertex 6.97503 -22.3811 121.684
      vertex 6.46269 -21.4937 110.267
    endloop
  endfacet
  facet normal 0.866025 0.500001 0
    outer loop
      vertex 6.28023 -21.1777 123.137
      vertex 4.78997 -18.5965 81
      vertex 4.78997 -18.5965 123.137
    endloop
  endfacet
  facet normal 0.866024 0.500002 3.65476e-06
    outer loop
      vertex 7.30333 -22.9497 18.333
      vertex 4.78997 -18.5965 25
      vertex 6.28917 -21.1932 27.7985
    endloop
  endfacet
  facet normal 0.866025 0.500001 0
    outer loop
      vertex 7.55329 -23.3827 16
      vertex 4.78997 -18.5965 0
      vertex 4.78997 -18.5965 25
    endloop
  endfacet
  facet normal 0.866009 0.500028 -1.89433e-05
    outer loop
      vertex 7.55329 -23.3827 16
      vertex 4.78997 -18.5965 25
      vertex 7.30333 -22.9497 18.333
    endloop
  endfacet
  facet normal 0.866025 0.500001 0
    outer loop
      vertex 4.78997 -18.5965 0
      vertex 7.55329 -23.3827 16
      vertex 7.55329 -23.3827 8
    endloop
  endfacet
  facet normal 0.866022 0.500006 4.04158e-06
    outer loop
      vertex 4.78997 -18.5965 0
      vertex 7.55329 -23.3827 8
      vertex 6.05329 -20.7846 0
    endloop
  endfacet
  facet normal 0.500001 -0.866025 0
    outer loop
      vertex 4.78997 -18.5965 81
      vertex 13.71 -13.4465 123.137
      vertex 4.78997 -18.5965 123.137
    endloop
  endfacet
  facet normal 0.500001 -0.866025 0
    outer loop
      vertex 13.71 -13.4465 123.137
      vertex 4.78997 -18.5965 81
      vertex 13.71 -13.4465 81
    endloop
  endfacet
  facet normal 0.0790037 -0.136815 0.987441
    outer loop
      vertex 13.71 -13.4465 81
      vertex 12.1947 -17.2532 80.5938
      vertex 14.0644 -14.0603 80.8866
    endloop
  endfacet
  facet normal 0.0789848 -0.136808 0.987444
    outer loop
      vertex 13.71 -13.4465 81
      vertex 8.84435 -19.1875 80.5938
      vertex 12.1947 -17.2532 80.5938
    endloop
  endfacet
  facet normal 0.0789874 -0.13681 0.987443
    outer loop
      vertex 4.78997 -18.5965 81
      vertex 8.84435 -19.1875 80.5938
      vertex 13.71 -13.4465 81
    endloop
  endfacet
  facet normal 0.0789846 -0.136827 0.987441
    outer loop
      vertex 8.84435 -19.1875 80.5938
      vertex 4.78997 -18.5965 81
      vertex 5.14436 -19.2103 80.8866
    endloop
  endfacet
  facet normal 0.145263 -0.251606 0.956866
    outer loop
      vertex 12.1947 -17.2532 80.5938
      vertex 8.84435 -19.1875 80.5938
      vertex 11.0631 -19.1619 80.2637
    endloop
  endfacet
  facet normal 0.376194 -0.651577 -0.658731
    outer loop
      vertex 11.9592 -20.7139 30.3811
      vertex 8.28739 -21.0427 28.6094
      vertex 14.0798 -17.6984 28.6094
    endloop
  endfacet
  facet normal 0.341132 -0.590919 -0.731057
    outer loop
      vertex 14.0798 -17.6984 28.6094
      vertex 13.71 -13.4465 25
      vertex 15.2092 -16.0432 27.7985
    endloop
  endfacet
  facet normal 0.341166 -0.590909 -0.731049
    outer loop
      vertex 8.28739 -21.0427 28.6094
      vertex 13.71 -13.4465 25
      vertex 14.0798 -17.6984 28.6094
    endloop
  endfacet
  facet normal 0.341114 -0.59089 -0.731088
    outer loop
      vertex 13.71 -13.4465 25
      vertex 8.28739 -21.0427 28.6094
      vertex 7.41153 -21.1086 28.254
    endloop
  endfacet
  facet normal 0.34123 -0.590862 -0.731057
    outer loop
      vertex 4.78997 -18.5965 25
      vertex 7.41153 -21.1086 28.254
      vertex 6.28917 -21.1932 27.7985
    endloop
  endfacet
  facet normal 0.341166 -0.590914 -0.731045
    outer loop
      vertex 7.41153 -21.1086 28.254
      vertex 4.78997 -18.5965 25
      vertex 13.71 -13.4465 25
    endloop
  endfacet
  facet normal 0.500001 -0.866025 0
    outer loop
      vertex 4.78997 -18.5965 0
      vertex 13.71 -13.4465 25
      vertex 4.78997 -18.5965 25
    endloop
  endfacet
  facet normal 0.500001 -0.866025 0
    outer loop
      vertex 13.71 -13.4465 25
      vertex 4.78997 -18.5965 0
      vertex 13.71 -13.4465 0
    endloop
  endfacet
  facet normal -0.866028 0.499995 0
    outer loop
      vertex -24.0266 5.15 8
      vertex -16.4734 18.2327 16
      vertex -16.4734 18.2327 8
    endloop
  endfacet
  facet normal -0.866028 0.499995 0
    outer loop
      vertex -16.4734 18.2327 16
      vertex -24.0266 5.15 8
      vertex -24.0266 5.15 16
    endloop
  endfacet
  facet normal -0.851513 0.491546 0.182505
    outer loop
      vertex -21.4984 5.15 27.7985
      vertex -9.75 16.8875 51
      vertex -21.7395 5.15 26.6736
    endloop
  endfacet
  facet normal -0.851486 0.491611 0.182459
    outer loop
      vertex -22.3672 3.34425 28.6094
      vertex -9.75 16.8875 51
      vertex -21.4984 5.15 27.7985
    endloop
  endfacet
  facet normal -0.851494 0.491596 0.182461
    outer loop
      vertex -19.5 0 51
      vertex -22.3672 3.34425 28.6094
      vertex -23.9183 0 30.3811
    endloop
  endfacet
  facet normal -0.851487 0.491606 0.182462
    outer loop
      vertex -22.3672 3.34425 28.6094
      vertex -19.5 0 51
      vertex -9.75 16.8875 51
    endloop
  endfacet
  facet normal -0.851487 0.4916 0.182484
    outer loop
      vertex -24.0266 5.15 16
      vertex -16.2234 17.7997 18.333
      vertex -16.4734 18.2327 16
    endloop
  endfacet
  facet normal -0.851489 0.491606 0.182454
    outer loop
      vertex -21.7395 5.15 26.6736
      vertex -16.2234 17.7997 18.333
      vertex -24.0266 5.15 16
    endloop
  endfacet
  facet normal -0.851493 0.491596 0.182462
    outer loop
      vertex -14.0798 17.6984 28.6094
      vertex -9.75 16.8875 51
      vertex -11.9592 20.7139 30.3811
    endloop
  endfacet
  facet normal -0.851486 0.491609 0.182461
    outer loop
      vertex -15.2092 16.0432 27.7985
      vertex -9.75 16.8875 51
      vertex -14.0798 17.6984 28.6094
    endloop
  endfacet
  facet normal -0.851485 0.49161 0.182461
    outer loop
      vertex -16.2234 17.7997 18.333
      vertex -21.7395 5.15 26.6736
      vertex -15.2092 16.0432 27.7985
    endloop
  endfacet
  facet normal -0.851486 0.49161 0.182461
    outer loop
      vertex -15.2092 16.0432 27.7985
      vertex -21.7395 5.15 26.6736
      vertex -9.75 16.8875 51
    endloop
  endfacet
  facet normal -0.863423 0.498495 -0.0774868
    outer loop
      vertex -19.5 0 51
      vertex -19.2088 5.15 80.8866
      vertex -16.7255 16.0187 123.137
    endloop
  endfacet
  facet normal -0.86342 0.498499 -0.0774876
    outer loop
      vertex -19.5 0 51
      vertex -21.0391 1.93433 80.5938
      vertex -19.2088 5.15 80.8866
    endloop
  endfacet
  facet normal -0.863434 0.498476 -0.0774868
    outer loop
      vertex -21.0391 1.93433 80.5938
      vertex -19.5 0 51
      vertex -22.1262 0 80.2637
    endloop
  endfacet
  facet normal -0.863423 0.498494 -0.0774866
    outer loop
      vertex -16.7255 16.0187 123.137
      vertex -19.2088 5.15 80.8866
      vertex -23.0005 5.15 123.137
    endloop
  endfacet
  facet normal -0.863424 0.498492 -0.0774862
    outer loop
      vertex -9.75 16.8875 51
      vertex -12.1947 17.2532 80.5938
      vertex -11.0631 19.1619 80.2637
    endloop
  endfacet
  facet normal -0.863421 0.498497 -0.0774861
    outer loop
      vertex -9.75 16.8875 51
      vertex -14.0644 14.0603 80.8866
      vertex -12.1947 17.2532 80.5938
    endloop
  endfacet
  facet normal -0.863422 0.498497 -0.0774861
    outer loop
      vertex -14.0644 14.0603 80.8866
      vertex -9.75 16.8875 51
      vertex -19.5 0 51
    endloop
  endfacet
  facet normal -0.863411 0.498515 -0.0774789
    outer loop
      vertex -15.8951 17.2311 121.684
      vertex -16.7255 16.0187 123.137
      vertex -15.9603 17.344 123.137
    endloop
  endfacet
  facet normal -0.863417 0.498505 -0.0774906
    outer loop
      vertex -15.3827 16.3437 110.266
      vertex -16.7255 16.0187 123.137
      vertex -15.8951 17.2311 121.684
    endloop
  endfacet
  facet normal -0.863421 0.498498 -0.0774869
    outer loop
      vertex -19.5 0 51
      vertex -15.3827 16.3437 110.266
      vertex -14.0644 14.0603 80.8866
    endloop
  endfacet
  facet normal -0.863414 0.498509 -0.0774903
    outer loop
      vertex -15.3827 16.3437 110.266
      vertex -19.5 0 51
      vertex -16.7255 16.0187 123.137
    endloop
  endfacet
  facet normal 0 0 -1
    outer loop
      vertex 4.78997 -18.5965 0
      vertex 3.94352 -13 0
      vertex 4.57665 -12.7909 0
    endloop
  endfacet
  facet normal 0 0 -1
    outer loop
      vertex 4.78997 -18.5965 0
      vertex 3.30089 -13.1779 0
      vertex 3.94352 -13 0
    endloop
  endfacet
  facet normal 0 0 -1
    outer loop
      vertex 4.78997 -18.5965 0
      vertex 2.6503 -13.324 0
      vertex 3.30089 -13.1779 0
    endloop
  endfacet
  facet normal 0 0 -1
    outer loop
      vertex 4.78997 -18.5965 0
      vertex 1.99333 -13.438 0
      vertex 2.6503 -13.324 0
    endloop
  endfacet
  facet normal 0 0 -1
    outer loop
      vertex 4.78997 -18.5965 0
      vertex 1.33156 -13.5196 0
      vertex 1.99333 -13.438 0
    endloop
  endfacet
  facet normal 0 0 -1
    outer loop
      vertex -4.78997 -18.5965 0
      vertex 4.78997 -18.5965 0
      vertex 6.05329 -20.7846 0
    endloop
  endfacet
  facet normal 0 0 -1
    outer loop
      vertex 4.78997 -18.5965 0
      vertex 0.666584 -13.5686 0
      vertex 1.33156 -13.5196 0
    endloop
  endfacet
  facet normal 0 -0 -1
    outer loop
      vertex 0 -13.585 0
      vertex 4.78997 -18.5965 0
      vertex -4.78997 -18.5965 0
    endloop
  endfacet
  facet normal 0 0 -1
    outer loop
      vertex 4.78997 -18.5965 0
      vertex 0 -13.585 0
      vertex 0.666584 -13.5686 0
    endloop
  endfacet
  facet normal -0 0 -1
    outer loop
      vertex 0 -13.585 0
      vertex -4.78997 -18.5965 0
      vertex -0.666584 -13.5686 0
    endloop
  endfacet
  facet normal -0 0 -1
    outer loop
      vertex -0.666584 -13.5686 0
      vertex -4.78997 -18.5965 0
      vertex -1.33156 -13.5196 0
    endloop
  endfacet
  facet normal -0 0 -1
    outer loop
      vertex -1.33156 -13.5196 0
      vertex -4.78997 -18.5965 0
      vertex -1.99333 -13.438 0
    endloop
  endfacet
  facet normal -0 0 -1
    outer loop
      vertex -1.99333 -13.438 0
      vertex -4.78997 -18.5965 0
      vertex -2.6503 -13.324 0
    endloop
  endfacet
  facet normal -0 0 -1
    outer loop
      vertex -2.6503 -13.324 0
      vertex -4.78997 -18.5965 0
      vertex -3.30089 -13.1779 0
    endloop
  endfacet
  facet normal -0 0 -1
    outer loop
      vertex -3.30089 -13.1779 0
      vertex -4.78997 -18.5965 0
      vertex -3.94352 -13 0
    endloop
  endfacet
  facet normal -0 0 -1
    outer loop
      vertex -3.94352 -13 0
      vertex -4.78997 -18.5965 0
      vertex -4.57665 -12.7909 0
    endloop
  endfacet
  facet normal 0 -0 -1
    outer loop
      vertex -4.78997 -18.5965 0
      vertex 6.05329 -20.7846 0
      vertex -6.05329 -20.7846 0
    endloop
  endfacet
  facet normal 0 0 -1
    outer loop
      vertex 13.5196 1.33156 0
      vertex 18.5 5.15 0
      vertex 13.5686 0.666584 0
    endloop
  endfacet
  facet normal 0 0 -1
    outer loop
      vertex 13.438 1.99333 0
      vertex 18.5 5.15 0
      vertex 13.5196 1.33156 0
    endloop
  endfacet
  facet normal 0 0 -1
    outer loop
      vertex 13.324 2.6503 0
      vertex 18.5 5.15 0
      vertex 13.438 1.99333 0
    endloop
  endfacet
  facet normal 0 0 -1
    outer loop
      vertex 13.1779 3.30089 0
      vertex 18.5 5.15 0
      vertex 13.324 2.6503 0
    endloop
  endfacet
  facet normal 0 0 -1
    outer loop
      vertex 13 3.94352 0
      vertex 18.5 5.15 0
      vertex 13.1779 3.30089 0
    endloop
  endfacet
  facet normal 0 0 -1
    outer loop
      vertex 12.7909 4.57665 0
      vertex 18.5 5.15 0
      vertex 13 3.94352 0
    endloop
  endfacet
  facet normal 0 0 -1
    outer loop
      vertex 12.5509 5.19875 0
      vertex 18.5 5.15 0
      vertex 12.7909 4.57665 0
    endloop
  endfacet
  facet normal 0 0 -1
    outer loop
      vertex 12.2807 5.80834 0
      vertex 18.5 5.15 0
      vertex 12.5509 5.19875 0
    endloop
  endfacet
  facet normal 0 0 -1
    outer loop
      vertex 11.9809 6.40392 0
      vertex 18.5 5.15 0
      vertex 12.2807 5.80834 0
    endloop
  endfacet
  facet normal 0 0 -1
    outer loop
      vertex 11.6522 6.98409 0
      vertex 18.5 5.15 0
      vertex 11.9809 6.40392 0
    endloop
  endfacet
  facet normal 0 0 -1
    outer loop
      vertex 18.5 5.15 0
      vertex 11.6522 6.98409 0
      vertex 13.71 13.4465 0
    endloop
  endfacet
  facet normal 0 0 -1
    outer loop
      vertex 11.2955 7.54742 0
      vertex 13.71 13.4465 0
      vertex 11.6522 6.98409 0
    endloop
  endfacet
  facet normal 0 0 -1
    outer loop
      vertex 10.9116 8.09257 0
      vertex 13.71 13.4465 0
      vertex 11.2955 7.54742 0
    endloop
  endfacet
  facet normal 0 0 -1
    outer loop
      vertex 10.5013 8.61823 0
      vertex 13.71 13.4465 0
      vertex 10.9116 8.09257 0
    endloop
  endfacet
  facet normal 0 0 -1
    outer loop
      vertex 10.0658 9.12313 0
      vertex 13.71 13.4465 0
      vertex 10.5013 8.61823 0
    endloop
  endfacet
  facet normal 0 0 -1
    outer loop
      vertex 9.60604 9.60604 0
      vertex 13.71 13.4465 0
      vertex 10.0658 9.12313 0
    endloop
  endfacet
  facet normal 0 0 -1
    outer loop
      vertex 9.12313 10.0658 0
      vertex 13.71 13.4465 0
      vertex 9.60604 9.60604 0
    endloop
  endfacet
  facet normal 0 0 -1
    outer loop
      vertex 8.61823 10.5013 0
      vertex 13.71 13.4465 0
      vertex 9.12313 10.0658 0
    endloop
  endfacet
  facet normal 0 0 -1
    outer loop
      vertex 8.09257 10.9116 0
      vertex 13.71 13.4465 0
      vertex 8.61823 10.5013 0
    endloop
  endfacet
  facet normal 0 0 -1
    outer loop
      vertex 7.54742 11.2955 0
      vertex 13.71 13.4465 0
      vertex 8.09257 10.9116 0
    endloop
  endfacet
  facet normal 0 0 -1
    outer loop
      vertex 6.98409 11.6522 0
      vertex 13.71 13.4465 0
      vertex 7.54742 11.2955 0
    endloop
  endfacet
  facet normal 0 0 -1
    outer loop
      vertex 4.78997 18.5965 0
      vertex 6.98409 11.6522 0
      vertex 6.40392 11.9809 0
    endloop
  endfacet
  facet normal 0 0 -1
    outer loop
      vertex 4.78997 18.5965 0
      vertex 6.40392 11.9809 0
      vertex 5.80834 12.2807 0
    endloop
  endfacet
  facet normal 0 0 -1
    outer loop
      vertex 4.78997 18.5965 0
      vertex 5.80834 12.2807 0
      vertex 5.19875 12.5509 0
    endloop
  endfacet
  facet normal 0 0 -1
    outer loop
      vertex 6.98409 11.6522 0
      vertex 4.78997 18.5965 0
      vertex 13.71 13.4465 0
    endloop
  endfacet
  facet normal 0 -0 -1
    outer loop
      vertex 4.78997 18.5965 0
      vertex 5.19875 12.5509 0
      vertex 4.57665 12.7909 0
    endloop
  endfacet
  facet normal 0 0 -1
    outer loop
      vertex 13.71 -13.4465 0
      vertex 18.5 -5.15 0
      vertex 14.9734 -15.6346 0
    endloop
  endfacet
  facet normal 0 0 -1
    outer loop
      vertex 14.9734 -15.6346 0
      vertex 18.5 -5.15 0
      vertex 21.0266 -5.15 0
    endloop
  endfacet
  facet normal 0 0 -1
    outer loop
      vertex 18.5 5.15 0
      vertex 14.9734 15.6346 0
      vertex 21.0266 5.15 0
    endloop
  endfacet
  facet normal 0 -0 -1
    outer loop
      vertex 13.324 -2.6503 0
      vertex 18.5 -5.15 0
      vertex 13.1779 -3.30089 0
    endloop
  endfacet
  facet normal 0 0 -1
    outer loop
      vertex 11.6522 -6.98409 0
      vertex 18.5 -5.15 0
      vertex 13.71 -13.4465 0
    endloop
  endfacet
  facet normal 0 0 -1
    outer loop
      vertex 13.5686 0.666584 0
      vertex 18.5 5.15 0
      vertex 13.585 0 0
    endloop
  endfacet
  facet normal 0 0 -1
    outer loop
      vertex 18.5 5.15 0
      vertex 13.71 13.4465 0
      vertex 14.9734 15.6346 0
    endloop
  endfacet
  facet normal 0 0 -1
    outer loop
      vertex 18.5 -5.15 0
      vertex 13.585 0 0
      vertex 18.5 5.15 0
    endloop
  endfacet
  facet normal 0 -0 -1
    outer loop
      vertex 13.585 0 0
      vertex 18.5 -5.15 0
      vertex 13.5686 -0.666584 0
    endloop
  endfacet
  facet normal 0 -0 -1
    outer loop
      vertex 13.5686 -0.666584 0
      vertex 18.5 -5.15 0
      vertex 13.5196 -1.33156 0
    endloop
  endfacet
  facet normal 0 -0 -1
    outer loop
      vertex 13.5196 -1.33156 0
      vertex 18.5 -5.15 0
      vertex 13.438 -1.99333 0
    endloop
  endfacet
  facet normal 0 -0 -1
    outer loop
      vertex 13.438 -1.99333 0
      vertex 18.5 -5.15 0
      vertex 13.324 -2.6503 0
    endloop
  endfacet
  facet normal 0 0 -1
    outer loop
      vertex 18.5 -5.15 0
      vertex 13 -3.94352 0
      vertex 13.1779 -3.30089 0
    endloop
  endfacet
  facet normal 0 0 -1
    outer loop
      vertex 18.5 -5.15 0
      vertex 12.7909 -4.57665 0
      vertex 13 -3.94352 0
    endloop
  endfacet
  facet normal -0 0 -1
    outer loop
      vertex 18.5 -5.15 0
      vertex 12.5509 -5.19875 0
      vertex 12.7909 -4.57665 0
    endloop
  endfacet
  facet normal 0 0 -1
    outer loop
      vertex 18.5 -5.15 0
      vertex 12.2807 -5.80834 0
      vertex 12.5509 -5.19875 0
    endloop
  endfacet
  facet normal 0 0 -1
    outer loop
      vertex 18.5 -5.15 0
      vertex 11.9809 -6.40392 0
      vertex 12.2807 -5.80834 0
    endloop
  endfacet
  facet normal 0 0 -1
    outer loop
      vertex 18.5 -5.15 0
      vertex 11.6522 -6.98409 0
      vertex 11.9809 -6.40392 0
    endloop
  endfacet
  facet normal 0 0 -1
    outer loop
      vertex 13.71 -13.4465 0
      vertex 11.2955 -7.54742 0
      vertex 11.6522 -6.98409 0
    endloop
  endfacet
  facet normal 0 0 -1
    outer loop
      vertex 13.71 -13.4465 0
      vertex 10.9116 -8.09257 0
      vertex 11.2955 -7.54742 0
    endloop
  endfacet
  facet normal 0 0 -1
    outer loop
      vertex 13.71 -13.4465 0
      vertex 10.5013 -8.61823 0
      vertex 10.9116 -8.09257 0
    endloop
  endfacet
  facet normal 0 0 -1
    outer loop
      vertex 13.71 -13.4465 0
      vertex 10.0658 -9.12313 0
      vertex 10.5013 -8.61823 0
    endloop
  endfacet
  facet normal 0 0 -1
    outer loop
      vertex 13.71 -13.4465 0
      vertex 9.60604 -9.60604 0
      vertex 10.0658 -9.12313 0
    endloop
  endfacet
  facet normal 0 0 -1
    outer loop
      vertex 13.71 -13.4465 0
      vertex 9.12313 -10.0658 0
      vertex 9.60604 -9.60604 0
    endloop
  endfacet
  facet normal 0 0 -1
    outer loop
      vertex 13.71 -13.4465 0
      vertex 8.61823 -10.5013 0
      vertex 9.12313 -10.0658 0
    endloop
  endfacet
  facet normal 0 0 -1
    outer loop
      vertex 13.71 -13.4465 0
      vertex 8.09257 -10.9116 0
      vertex 8.61823 -10.5013 0
    endloop
  endfacet
  facet normal 0 0 -1
    outer loop
      vertex 13.71 -13.4465 0
      vertex 7.54742 -11.2955 0
      vertex 8.09257 -10.9116 0
    endloop
  endfacet
  facet normal 0 0 -1
    outer loop
      vertex 13.71 -13.4465 0
      vertex 6.98409 -11.6522 0
      vertex 7.54742 -11.2955 0
    endloop
  endfacet
  facet normal 0 0 -1
    outer loop
      vertex 4.78997 -18.5965 0
      vertex 6.98409 -11.6522 0
      vertex 13.71 -13.4465 0
    endloop
  endfacet
  facet normal 0 0 -1
    outer loop
      vertex 6.98409 -11.6522 0
      vertex 4.78997 -18.5965 0
      vertex 6.40392 -11.9809 0
    endloop
  endfacet
  facet normal 0 0 -1
    outer loop
      vertex 6.40392 -11.9809 0
      vertex 4.78997 -18.5965 0
      vertex 5.80834 -12.2807 0
    endloop
  endfacet
  facet normal 0 0 -1
    outer loop
      vertex 5.80834 -12.2807 0
      vertex 4.78997 -18.5965 0
      vertex 5.19875 -12.5509 0
    endloop
  endfacet
  facet normal 0 0 -1
    outer loop
      vertex 5.19875 -12.5509 0
      vertex 4.78997 -18.5965 0
      vertex 4.57665 -12.7909 0
    endloop
  endfacet
  facet normal 0 0 -1
    outer loop
      vertex 3.94352 13 0
      vertex 4.78997 18.5965 0
      vertex 4.57665 12.7909 0
    endloop
  endfacet
  facet normal 0 0 -1
    outer loop
      vertex 3.30089 13.1779 0
      vertex 4.78997 18.5965 0
      vertex 3.94352 13 0
    endloop
  endfacet
  facet normal 0 0 -1
    outer loop
      vertex 2.6503 13.324 0
      vertex 4.78997 18.5965 0
      vertex 3.30089 13.1779 0
    endloop
  endfacet
  facet normal 0 0 -1
    outer loop
      vertex 1.99333 13.438 0
      vertex 4.78997 18.5965 0
      vertex 2.6503 13.324 0
    endloop
  endfacet
  facet normal 0 0 -1
    outer loop
      vertex 1.33156 13.5196 0
      vertex 4.78997 18.5965 0
      vertex 1.99333 13.438 0
    endloop
  endfacet
  facet normal 0 0 -1
    outer loop
      vertex 0.666584 13.5686 0
      vertex 4.78997 18.5965 0
      vertex 1.33156 13.5196 0
    endloop
  endfacet
  facet normal 0 0 -1
    outer loop
      vertex 0 13.585 0
      vertex 4.78997 18.5965 0
      vertex 0.666584 13.5686 0
    endloop
  endfacet
  facet normal -0 0 -1
    outer loop
      vertex 4.78997 18.5965 0
      vertex 0 13.585 0
      vertex -4.78997 18.5965 0
    endloop
  endfacet
  facet normal 0 0 -1
    outer loop
      vertex -4.78997 18.5965 0
      vertex 0 13.585 0
      vertex -0.666584 13.5686 0
    endloop
  endfacet
  facet normal 0 0 -1
    outer loop
      vertex -4.78997 18.5965 0
      vertex -0.666584 13.5686 0
      vertex -1.33156 13.5196 0
    endloop
  endfacet
  facet normal 0 0 -1
    outer loop
      vertex -4.78997 18.5965 0
      vertex -1.33156 13.5196 0
      vertex -1.99333 13.438 0
    endloop
  endfacet
  facet normal 0 0 -1
    outer loop
      vertex -4.78997 18.5965 0
      vertex -1.99333 13.438 0
      vertex -2.6503 13.324 0
    endloop
  endfacet
  facet normal 0 0 -1
    outer loop
      vertex -4.78997 18.5965 0
      vertex -2.6503 13.324 0
      vertex -3.30089 13.1779 0
    endloop
  endfacet
  facet normal 0 0 -1
    outer loop
      vertex -4.78997 18.5965 0
      vertex -3.30089 13.1779 0
      vertex -3.94352 13 0
    endloop
  endfacet
  facet normal 0 0 -1
    outer loop
      vertex -4.78997 18.5965 0
      vertex -3.94352 13 0
      vertex -4.57665 12.7909 0
    endloop
  endfacet
  facet normal 0 0 -1
    outer loop
      vertex 4.78997 18.5965 0
      vertex -4.78997 18.5965 0
      vertex 6.05329 20.7846 0
    endloop
  endfacet
  facet normal -0 0 -1
    outer loop
      vertex 6.05329 20.7846 0
      vertex -4.78997 18.5965 0
      vertex -6.05329 20.7846 0
    endloop
  endfacet
  facet normal -0 0 -1
    outer loop
      vertex -13.71 13.4465 0
      vertex -18.5 5.15 0
      vertex -14.9734 15.6346 0
    endloop
  endfacet
  facet normal 0 0 -1
    outer loop
      vertex -14.9734 15.6346 0
      vertex -18.5 5.15 0
      vertex -21.0266 5.15 0
    endloop
  endfacet
  facet normal 0 0 -1
    outer loop
      vertex -5.19875 12.5509 0
      vertex -4.78997 18.5965 0
      vertex -4.57665 12.7909 0
    endloop
  endfacet
  facet normal 0 0 -1
    outer loop
      vertex -5.80834 12.2807 0
      vertex -4.78997 18.5965 0
      vertex -5.19875 12.5509 0
    endloop
  endfacet
  facet normal 0 0 -1
    outer loop
      vertex -6.40392 11.9809 0
      vertex -4.78997 18.5965 0
      vertex -5.80834 12.2807 0
    endloop
  endfacet
  facet normal 0 0 -1
    outer loop
      vertex -6.98409 11.6522 0
      vertex -4.78997 18.5965 0
      vertex -6.40392 11.9809 0
    endloop
  endfacet
  facet normal 0 0 -1
    outer loop
      vertex -13.71 13.4465 0
      vertex -6.98409 11.6522 0
      vertex -7.54742 11.2955 0
    endloop
  endfacet
  facet normal 0 0 -1
    outer loop
      vertex -13.71 13.4465 0
      vertex -7.54742 11.2955 0
      vertex -8.09257 10.9116 0
    endloop
  endfacet
  facet normal 0 0 -1
    outer loop
      vertex -13.71 13.4465 0
      vertex -8.09257 10.9116 0
      vertex -8.61823 10.5013 0
    endloop
  endfacet
  facet normal 0 0 -1
    outer loop
      vertex -13.71 13.4465 0
      vertex -8.61823 10.5013 0
      vertex -9.12313 10.0658 0
    endloop
  endfacet
  facet normal 0 0 -1
    outer loop
      vertex -13.71 13.4465 0
      vertex -9.12313 10.0658 0
      vertex -9.60604 9.60604 0
    endloop
  endfacet
  facet normal 0 0 -1
    outer loop
      vertex -13.71 13.4465 0
      vertex -9.60604 9.60604 0
      vertex -10.0658 9.12313 0
    endloop
  endfacet
  facet normal 0 0 -1
    outer loop
      vertex -13.71 13.4465 0
      vertex -10.0658 9.12313 0
      vertex -10.5013 8.61823 0
    endloop
  endfacet
  facet normal 0 0 -1
    outer loop
      vertex -13.71 13.4465 0
      vertex -10.5013 8.61823 0
      vertex -10.9116 8.09257 0
    endloop
  endfacet
  facet normal 0 0 -1
    outer loop
      vertex -13.71 13.4465 0
      vertex -10.9116 8.09257 0
      vertex -11.2955 7.54742 0
    endloop
  endfacet
  facet normal 0 0 -1
    outer loop
      vertex -13.71 13.4465 0
      vertex -11.2955 7.54742 0
      vertex -11.6522 6.98409 0
    endloop
  endfacet
  facet normal 0 0 -1
    outer loop
      vertex -6.98409 11.6522 0
      vertex -13.71 13.4465 0
      vertex -4.78997 18.5965 0
    endloop
  endfacet
  facet normal 0 0 -1
    outer loop
      vertex -18.5 5.15 0
      vertex -11.6522 6.98409 0
      vertex -11.9809 6.40392 0
    endloop
  endfacet
  facet normal 0 0 -1
    outer loop
      vertex -18.5 5.15 0
      vertex -11.9809 6.40392 0
      vertex -12.2807 5.80834 0
    endloop
  endfacet
  facet normal 0 0 -1
    outer loop
      vertex -18.5 5.15 0
      vertex -12.2807 5.80834 0
      vertex -12.5509 5.19875 0
    endloop
  endfacet
  facet normal 0 0 -1
    outer loop
      vertex -18.5 5.15 0
      vertex -12.5509 5.19875 0
      vertex -12.7909 4.57665 0
    endloop
  endfacet
  facet normal 0 0 -1
    outer loop
      vertex -18.5 5.15 0
      vertex -12.7909 4.57665 0
      vertex -13 3.94352 0
    endloop
  endfacet
  facet normal 0 0 -1
    outer loop
      vertex -18.5 5.15 0
      vertex -13 3.94352 0
      vertex -13.1779 3.30089 0
    endloop
  endfacet
  facet normal 0 0 -1
    outer loop
      vertex -13.438 1.99333 0
      vertex -18.5 5.15 0
      vertex -13.324 2.6503 0
    endloop
  endfacet
  facet normal 0 0 -1
    outer loop
      vertex -13.5196 1.33156 0
      vertex -18.5 5.15 0
      vertex -13.438 1.99333 0
    endloop
  endfacet
  facet normal 0 0 -1
    outer loop
      vertex -13.5686 0.666584 0
      vertex -18.5 5.15 0
      vertex -13.5196 1.33156 0
    endloop
  endfacet
  facet normal 0 0 -1
    outer loop
      vertex -13.585 0 0
      vertex -18.5 5.15 0
      vertex -13.5686 0.666584 0
    endloop
  endfacet
  facet normal 0 0 -1
    outer loop
      vertex -18.5 5.15 0
      vertex -13.585 0 0
      vertex -18.5 -5.15 0
    endloop
  endfacet
  facet normal -0 0 -1
    outer loop
      vertex -13.5686 -0.666584 0
      vertex -18.5 -5.15 0
      vertex -13.585 0 0
    endloop
  endfacet
  facet normal 0 0 -1
    outer loop
      vertex -18.5 -5.15 0
      vertex -13.71 -13.4465 0
      vertex -14.9734 -15.6346 0
    endloop
  endfacet
  facet normal 0 0 -1
    outer loop
      vertex -13.324 2.6503 0
      vertex -18.5 5.15 0
      vertex -13.1779 3.30089 0
    endloop
  endfacet
  facet normal -0 0 -1
    outer loop
      vertex -11.6522 6.98409 0
      vertex -18.5 5.15 0
      vertex -13.71 13.4465 0
    endloop
  endfacet
  facet normal -0 -0 -1
    outer loop
      vertex -18.5 -5.15 0
      vertex -14.9734 -15.6346 0
      vertex -21.0266 -5.15 0
    endloop
  endfacet
  facet normal 0 0 -1
    outer loop
      vertex -4.78997 -18.5965 0
      vertex -5.19875 -12.5509 0
      vertex -4.57665 -12.7909 0
    endloop
  endfacet
  facet normal 0 0 -1
    outer loop
      vertex -4.78997 -18.5965 0
      vertex -5.80834 -12.2807 0
      vertex -5.19875 -12.5509 0
    endloop
  endfacet
  facet normal 0 0 -1
    outer loop
      vertex -4.78997 -18.5965 0
      vertex -6.40392 -11.9809 0
      vertex -5.80834 -12.2807 0
    endloop
  endfacet
  facet normal 0 0 -1
    outer loop
      vertex -4.78997 -18.5965 0
      vertex -6.98409 -11.6522 0
      vertex -6.40392 -11.9809 0
    endloop
  endfacet
  facet normal 0 0 -1
    outer loop
      vertex -13.71 -13.4465 0
      vertex -6.98409 -11.6522 0
      vertex -4.78997 -18.5965 0
    endloop
  endfacet
  facet normal -0 0 -1
    outer loop
      vertex -6.98409 -11.6522 0
      vertex -13.71 -13.4465 0
      vertex -7.54742 -11.2955 0
    endloop
  endfacet
  facet normal -0 0 -1
    outer loop
      vertex -7.54742 -11.2955 0
      vertex -13.71 -13.4465 0
      vertex -8.09257 -10.9116 0
    endloop
  endfacet
  facet normal -0 0 -1
    outer loop
      vertex -8.09257 -10.9116 0
      vertex -13.71 -13.4465 0
      vertex -8.61823 -10.5013 0
    endloop
  endfacet
  facet normal -0 0 -1
    outer loop
      vertex -8.61823 -10.5013 0
      vertex -13.71 -13.4465 0
      vertex -9.12313 -10.0658 0
    endloop
  endfacet
  facet normal -0 0 -1
    outer loop
      vertex -9.12313 -10.0658 0
      vertex -13.71 -13.4465 0
      vertex -9.60604 -9.60604 0
    endloop
  endfacet
  facet normal -0 0 -1
    outer loop
      vertex -9.60604 -9.60604 0
      vertex -13.71 -13.4465 0
      vertex -10.0658 -9.12313 0
    endloop
  endfacet
  facet normal -0 0 -1
    outer loop
      vertex -10.0658 -9.12313 0
      vertex -13.71 -13.4465 0
      vertex -10.5013 -8.61823 0
    endloop
  endfacet
  facet normal -0 0 -1
    outer loop
      vertex -10.5013 -8.61823 0
      vertex -13.71 -13.4465 0
      vertex -10.9116 -8.09257 0
    endloop
  endfacet
  facet normal -0 0 -1
    outer loop
      vertex -10.9116 -8.09257 0
      vertex -13.71 -13.4465 0
      vertex -11.2955 -7.54742 0
    endloop
  endfacet
  facet normal -0 0 -1
    outer loop
      vertex -13.5196 -1.33156 0
      vertex -18.5 -5.15 0
      vertex -13.5686 -0.666584 0
    endloop
  endfacet
  facet normal -0 0 -1
    outer loop
      vertex -13.438 -1.99333 0
      vertex -18.5 -5.15 0
      vertex -13.5196 -1.33156 0
    endloop
  endfacet
  facet normal -0 0 -1
    outer loop
      vertex -13.324 -2.6503 0
      vertex -18.5 -5.15 0
      vertex -13.438 -1.99333 0
    endloop
  endfacet
  facet normal -0 0 -1
    outer loop
      vertex -13.1779 -3.30089 0
      vertex -18.5 -5.15 0
      vertex -13.324 -2.6503 0
    endloop
  endfacet
  facet normal -0 0 -1
    outer loop
      vertex -13 -3.94352 0
      vertex -18.5 -5.15 0
      vertex -13.1779 -3.30089 0
    endloop
  endfacet
  facet normal -0 0 -1
    outer loop
      vertex -12.7909 -4.57665 0
      vertex -18.5 -5.15 0
      vertex -13 -3.94352 0
    endloop
  endfacet
  facet normal 0 0 -1
    outer loop
      vertex -12.5509 -5.19875 0
      vertex -18.5 -5.15 0
      vertex -12.7909 -4.57665 0
    endloop
  endfacet
  facet normal 0 0 -1
    outer loop
      vertex -12.2807 -5.80834 0
      vertex -18.5 -5.15 0
      vertex -12.5509 -5.19875 0
    endloop
  endfacet
  facet normal 0 0 -1
    outer loop
      vertex -11.9809 -6.40392 0
      vertex -18.5 -5.15 0
      vertex -12.2807 -5.80834 0
    endloop
  endfacet
  facet normal 0 0 -1
    outer loop
      vertex -11.6522 -6.98409 0
      vertex -18.5 -5.15 0
      vertex -11.9809 -6.40392 0
    endloop
  endfacet
  facet normal 0 0 -1
    outer loop
      vertex -18.5 -5.15 0
      vertex -11.6522 -6.98409 0
      vertex -13.71 -13.4465 0
    endloop
  endfacet
  facet normal -0 0 -1
    outer loop
      vertex -11.2955 -7.54742 0
      vertex -13.71 -13.4465 0
      vertex -11.6522 -6.98409 0
    endloop
  endfacet
  facet normal -0.82368 0.47555 -0.308873
    outer loop
      vertex -24.0266 5.15 8
      vertex -16.1017 17.5889 6.01776
      vertex -21.6874 5.15 1.76199
    endloop
  endfacet
  facet normal -0.823675 0.475543 -0.3089
    outer loop
      vertex -16.1017 17.5889 6.01776
      vertex -24.0266 5.15 8
      vertex -16.4734 18.2327 8
    endloop
  endfacet
  facet normal -0.823674 0.475542 -0.308903
    outer loop
      vertex -21.6874 5.15 1.76199
      vertex -14.9734 15.6346 0
      vertex -21.0266 5.15 0
    endloop
  endfacet
  facet normal -0.82368 0.47555 -0.308873
    outer loop
      vertex -14.9734 15.6346 0
      vertex -21.6874 5.15 1.76199
      vertex -16.1017 17.5889 6.01776
    endloop
  endfacet
  facet normal 0 1 -0
    outer loop
      vertex 7.55329 23.3827 8
      vertex -7.55329 23.3827 16
      vertex 7.55329 23.3827 16
    endloop
  endfacet
  facet normal 0 1 0
    outer loop
      vertex -7.55329 23.3827 16
      vertex 7.55329 23.3827 8
      vertex -7.55329 23.3827 8
    endloop
  endfacet
  facet normal 3.22836e-06 0.983213 0.182462
    outer loop
      vertex 8.28739 21.0427 28.6094
      vertex 9.75 16.8875 51
      vertex 11.9592 20.7139 30.3811
    endloop
  endfacet
  facet normal 7.5311e-06 0.983213 0.182462
    outer loop
      vertex 6.28917 21.1932 27.7985
      vertex 9.75 16.8875 51
      vertex 8.28739 21.0427 28.6094
    endloop
  endfacet
  facet normal 0 0.983213 0.182463
    outer loop
      vertex 9.75 16.8875 51
      vertex 6.28917 21.1932 27.7985
      vertex -9.75 16.8875 51
    endloop
  endfacet
  facet normal -3.22836e-06 0.983213 0.182462
    outer loop
      vertex -9.75 16.8875 51
      vertex -8.28739 21.0427 28.6094
      vertex -11.9592 20.7139 30.3811
    endloop
  endfacet
  facet normal 6.27042e-05 0.983212 0.182467
    outer loop
      vertex -9.75 16.8875 51
      vertex -7.41153 21.1086 28.254
      vertex -8.28739 21.0427 28.6094
    endloop
  endfacet
  facet normal -0 0.983213 0.182463
    outer loop
      vertex -6.28917 21.1932 27.7985
      vertex -9.75 16.8875 51
      vertex 6.28917 21.1932 27.7985
    endloop
  endfacet
  facet normal -6.43264e-05 0.983214 0.182454
    outer loop
      vertex -9.75 16.8875 51
      vertex -6.28917 21.1932 27.7985
      vertex -7.41153 21.1086 28.254
    endloop
  endfacet
  facet normal 0 0.983214 0.182454
    outer loop
      vertex 7.30333 22.9497 18.333
      vertex -6.28917 21.1932 27.7985
      vertex 6.28917 21.1932 27.7985
    endloop
  endfacet
  facet normal 0 0.983214 0.182454
    outer loop
      vertex 7.30333 22.9497 18.333
      vertex -7.30333 22.9497 18.333
      vertex -6.28917 21.1932 27.7985
    endloop
  endfacet
  facet normal 0 0.983209 0.182482
    outer loop
      vertex 7.55329 23.3827 16
      vertex -7.30333 22.9497 18.333
      vertex 7.30333 22.9497 18.333
    endloop
  endfacet
  facet normal 0 0.983209 0.182482
    outer loop
      vertex -7.30333 22.9497 18.333
      vertex 7.55329 23.3827 16
      vertex -7.55329 23.3827 16
    endloop
  endfacet
  facet normal 0 0.996995 -0.0774678
    outer loop
      vertex 6.97503 22.3811 121.684
      vertex -7.04023 22.494 123.137
      vertex 7.04023 22.494 123.137
    endloop
  endfacet
  facet normal 0 0.996995 -0.0774678
    outer loop
      vertex 6.97503 22.3811 121.684
      vertex -6.97503 22.3811 121.684
      vertex -7.04023 22.494 123.137
    endloop
  endfacet
  facet normal 0 0.996993 -0.0774925
    outer loop
      vertex 6.46269 21.4937 110.267
      vertex -6.97503 22.3811 121.684
      vertex 6.97503 22.3811 121.684
    endloop
  endfacet
  facet normal 0 0.996993 -0.0774925
    outer loop
      vertex 6.46269 21.4937 110.267
      vertex -6.46269 21.4937 110.267
      vertex -6.97503 22.3811 121.684
    endloop
  endfacet
  facet normal 0 0.996994 -0.0774848
    outer loop
      vertex 5.14436 19.2103 80.8866
      vertex -6.46269 21.4937 110.267
      vertex 6.46269 21.4937 110.267
    endloop
  endfacet
  facet normal 0 0.996994 -0.0774848
    outer loop
      vertex 5.14436 19.2103 80.8866
      vertex -5.14436 19.2103 80.8866
      vertex -6.46269 21.4937 110.267
    endloop
  endfacet
  facet normal 1.18531e-05 0.996994 -0.077485
    outer loop
      vertex 9.75 16.8875 51
      vertex 5.14436 19.2103 80.8866
      vertex 8.84435 19.1875 80.5938
    endloop
  endfacet
  facet normal 0 0.996993 -0.0774868
    outer loop
      vertex 5.14436 19.2103 80.8866
      vertex 9.75 16.8875 51
      vertex -5.14436 19.2103 80.8866
    endloop
  endfacet
  facet normal -2.48434e-05 0.996993 -0.0774861
    outer loop
      vertex 9.75 16.8875 51
      vertex 8.84435 19.1875 80.5938
      vertex 11.0631 19.1619 80.2637
    endloop
  endfacet
  facet normal 0 0.996993 -0.0774868
    outer loop
      vertex -9.75 16.8875 51
      vertex -5.14436 19.2103 80.8866
      vertex 9.75 16.8875 51
    endloop
  endfacet
  facet normal -1.18531e-05 0.996994 -0.077485
    outer loop
      vertex -5.14436 19.2103 80.8866
      vertex -9.75 16.8875 51
      vertex -8.84435 19.1875 80.5938
    endloop
  endfacet
  facet normal 2.48434e-05 0.996993 -0.0774861
    outer loop
      vertex -8.84435 19.1875 80.5938
      vertex -9.75 16.8875 51
      vertex -11.0631 19.1619 80.2637
    endloop
  endfacet
  facet normal 0 0.9511 -0.308882
    outer loop
      vertex 6.05329 20.7846 0
      vertex -7.55329 23.3827 8
      vertex 7.55329 23.3827 8
    endloop
  endfacet
  facet normal 0 0.9511 -0.308882
    outer loop
      vertex -7.55329 23.3827 8
      vertex 6.05329 20.7846 0
      vertex -6.05329 20.7846 0
    endloop
  endfacet
  facet normal 0.866028 0.499995 0
    outer loop
      vertex 24.0266 5.15 16
      vertex 16.4734 18.2327 8
      vertex 16.4734 18.2327 16
    endloop
  endfacet
  facet normal 0.866028 0.499995 0
    outer loop
      vertex 16.4734 18.2327 8
      vertex 24.0266 5.15 16
      vertex 24.0266 5.15 8
    endloop
  endfacet
  facet normal 0.851493 0.491596 0.182462
    outer loop
      vertex 9.75 16.8875 51
      vertex 14.0798 17.6984 28.6094
      vertex 11.9592 20.7139 30.3811
    endloop
  endfacet
  facet normal 0.8515 0.491585 0.182463
    outer loop
      vertex 14.0798 17.6984 28.6094
      vertex 9.75 16.8875 51
      vertex 14.5748 16.9729 28.254
    endloop
  endfacet
  facet normal 0.851476 0.491628 0.182458
    outer loop
      vertex 9.75 16.8875 51
      vertex 15.2092 16.0432 27.7985
      vertex 14.5748 16.9729 28.254
    endloop
  endfacet
  facet normal 0.851488 0.491606 0.182461
    outer loop
      vertex 15.2092 16.0432 27.7985
      vertex 9.75 16.8875 51
      vertex 19.5 0 51
    endloop
  endfacet
  facet normal 0.851453 0.491652 0.182499
    outer loop
      vertex 15.3298 16.2519 26.6736
      vertex 15.2092 16.0432 27.7985
      vertex 19.5 0 51
    endloop
  endfacet
  facet normal 0.851489 0.491604 0.182461
    outer loop
      vertex 19.5 0 51
      vertex 21.4984 5.15 27.7985
      vertex 15.3298 16.2519 26.6736
    endloop
  endfacet
  facet normal 0.851484 0.491612 0.182463
    outer loop
      vertex 21.4984 5.15 27.7985
      vertex 19.5 0 51
      vertex 22.3672 3.34425 28.6094
    endloop
  endfacet
  facet normal 0.851494 0.491596 0.182461
    outer loop
      vertex 22.3672 3.34425 28.6094
      vertex 19.5 0 51
      vertex 23.9183 0 30.3811
    endloop
  endfacet
  facet normal 0.851489 0.491606 0.182457
    outer loop
      vertex 24.0266 5.15 16
      vertex 16.2234 17.7997 18.333
      vertex 15.3298 16.2519 26.6736
    endloop
  endfacet
  facet normal 0.851489 0.491605 0.182458
    outer loop
      vertex 24.0266 5.15 16
      vertex 15.3298 16.2519 26.6736
      vertex 21.4984 5.15 27.7985
    endloop
  endfacet
  facet normal 0.851487 0.4916 0.182484
    outer loop
      vertex 16.2234 17.7997 18.333
      vertex 24.0266 5.15 16
      vertex 16.4734 18.2327 16
    endloop
  endfacet
  facet normal 0.863421 0.498497 -0.0774868
    outer loop
      vertex 15.3827 16.3437 110.266
      vertex 22.2353 6.47534 123.137
      vertex 14.0644 14.0603 80.8866
    endloop
  endfacet
  facet normal 0.863423 0.498494 -0.0774901
    outer loop
      vertex 15.8951 17.2311 121.684
      vertex 22.2353 6.47534 123.137
      vertex 15.3827 16.3437 110.266
    endloop
  endfacet
  facet normal 0.863423 0.498496 -0.0774779
    outer loop
      vertex 22.2353 6.47534 123.137
      vertex 15.8951 17.2311 121.684
      vertex 15.9603 17.344 123.137
    endloop
  endfacet
  facet normal 0.863424 0.498492 -0.0774862
    outer loop
      vertex 12.1947 17.2532 80.5938
      vertex 9.75 16.8875 51
      vertex 11.0631 19.1619 80.2637
    endloop
  endfacet
  facet normal 0.863421 0.498497 -0.0774861
    outer loop
      vertex 14.0644 14.0603 80.8866
      vertex 9.75 16.8875 51
      vertex 12.1947 17.2532 80.5938
    endloop
  endfacet
  facet normal 0.863417 0.498504 -0.0774848
    outer loop
      vertex 9.75 16.8875 51
      vertex 14.0644 14.0603 80.8866
      vertex 22.2353 6.47534 123.137
    endloop
  endfacet
  facet normal 0.863418 0.498504 -0.0774861
    outer loop
      vertex 19.2088 5.15 80.8866
      vertex 22.2353 6.47534 123.137
      vertex 23.0005 5.15 123.137
    endloop
  endfacet
  facet normal 0.863421 0.498498 -0.0774862
    outer loop
      vertex 22.2353 6.47534 123.137
      vertex 19.2088 5.15 80.8866
      vertex 9.75 16.8875 51
    endloop
  endfacet
  facet normal 0.86342 0.498499 -0.0774876
    outer loop
      vertex 19.5 0 51
      vertex 19.2088 5.15 80.8866
      vertex 21.0391 1.93433 80.5938
    endloop
  endfacet
  facet normal 0.863434 0.498476 -0.0774868
    outer loop
      vertex 19.5 0 51
      vertex 21.0391 1.93433 80.5938
      vertex 22.1262 0 80.2637
    endloop
  endfacet
  facet normal 0.863422 0.498497 -0.0774872
    outer loop
      vertex 19.2088 5.15 80.8866
      vertex 19.5 0 51
      vertex 9.75 16.8875 51
    endloop
  endfacet
  facet normal 0.823685 0.475548 -0.308865
    outer loop
      vertex 23.2833 5.15 6.01776
      vertex 16.4734 18.2327 8
      vertex 24.0266 5.15 8
    endloop
  endfacet
  facet normal 0.823675 0.475547 -0.308891
    outer loop
      vertex 16.4734 18.2327 8
      vertex 23.2833 5.15 6.01776
      vertex 15.3037 16.2068 1.76199
    endloop
  endfacet
  facet normal 0.823676 0.47555 -0.308884
    outer loop
      vertex 21.0266 5.15 0
      vertex 15.3037 16.2068 1.76199
      vertex 23.2833 5.15 6.01776
    endloop
  endfacet
  facet normal 0.823691 0.475552 -0.308842
    outer loop
      vertex 15.3037 16.2068 1.76199
      vertex 21.0266 5.15 0
      vertex 14.9734 15.6346 0
    endloop
  endfacet
  facet normal 0.866028 -0.499995 0
    outer loop
      vertex 16.4734 -18.2327 16
      vertex 24.0266 -5.15 8
      vertex 24.0266 -5.15 16
    endloop
  endfacet
  facet normal 0.866028 -0.499995 0
    outer loop
      vertex 24.0266 -5.15 8
      vertex 16.4734 -18.2327 16
      vertex 16.4734 -18.2327 8
    endloop
  endfacet
  facet normal 0.851494 -0.491596 0.182461
    outer loop
      vertex 19.5 0 51
      vertex 22.3672 -3.34425 28.6094
      vertex 23.9183 0 30.3811
    endloop
  endfacet
  facet normal 0.851487 -0.491606 0.182462
    outer loop
      vertex 9.75 -16.8875 51
      vertex 22.3672 -3.34425 28.6094
      vertex 19.5 0 51
    endloop
  endfacet
  facet normal 0.851513 -0.491546 0.182505
    outer loop
      vertex 21.4984 -5.15 27.7985
      vertex 9.75 -16.8875 51
      vertex 21.7395 -5.15 26.6736
    endloop
  endfacet
  facet normal 0.851486 -0.491611 0.182459
    outer loop
      vertex 22.3672 -3.34425 28.6094
      vertex 9.75 -16.8875 51
      vertex 21.4984 -5.15 27.7985
    endloop
  endfacet
  facet normal 0.851485 -0.49161 0.182461
    outer loop
      vertex 16.2234 -17.7997 18.333
      vertex 21.7395 -5.15 26.6736
      vertex 15.2092 -16.0432 27.7985
    endloop
  endfacet
  facet normal 0.851486 -0.49161 0.182461
    outer loop
      vertex 9.75 -16.8875 51
      vertex 15.2092 -16.0432 27.7985
      vertex 21.7395 -5.15 26.6736
    endloop
  endfacet
  facet normal 0.851486 -0.491609 0.182461
    outer loop
      vertex 9.75 -16.8875 51
      vertex 14.0798 -17.6984 28.6094
      vertex 15.2092 -16.0432 27.7985
    endloop
  endfacet
  facet normal 0.851493 -0.491596 0.182462
    outer loop
      vertex 14.0798 -17.6984 28.6094
      vertex 9.75 -16.8875 51
      vertex 11.9592 -20.7139 30.3811
    endloop
  endfacet
  facet normal 0.851489 -0.491606 0.182454
    outer loop
      vertex 21.7395 -5.15 26.6736
      vertex 16.2234 -17.7997 18.333
      vertex 24.0266 -5.15 16
    endloop
  endfacet
  facet normal 0.851487 -0.4916 0.182484
    outer loop
      vertex 24.0266 -5.15 16
      vertex 16.2234 -17.7997 18.333
      vertex 16.4734 -18.2327 16
    endloop
  endfacet
  facet normal 0.863423 -0.498494 -0.0774866
    outer loop
      vertex 23.0005 -5.15 123.137
      vertex 16.7255 -16.0187 123.137
      vertex 19.2088 -5.15 80.8866
    endloop
  endfacet
  facet normal 0.863434 -0.498476 -0.0774868
    outer loop
      vertex 21.0391 -1.93433 80.5938
      vertex 19.5 0 51
      vertex 22.1262 0 80.2637
    endloop
  endfacet
  facet normal 0.86342 -0.498499 -0.0774876
    outer loop
      vertex 19.2088 -5.15 80.8866
      vertex 19.5 0 51
      vertex 21.0391 -1.93433 80.5938
    endloop
  endfacet
  facet normal 0.863423 -0.498495 -0.0774868
    outer loop
      vertex 19.5 0 51
      vertex 19.2088 -5.15 80.8866
      vertex 16.7255 -16.0187 123.137
    endloop
  endfacet
  facet normal 0.863414 -0.498509 -0.0774903
    outer loop
      vertex 15.3827 -16.3437 110.266
      vertex 19.5 0 51
      vertex 16.7255 -16.0187 123.137
    endloop
  endfacet
  facet normal 0.863421 -0.498498 -0.0774869
    outer loop
      vertex 19.5 0 51
      vertex 15.3827 -16.3437 110.266
      vertex 14.0644 -14.0603 80.8866
    endloop
  endfacet
  facet normal 0.863417 -0.498505 -0.0774906
    outer loop
      vertex 16.7255 -16.0187 123.137
      vertex 15.8951 -17.2311 121.684
      vertex 15.3827 -16.3437 110.266
    endloop
  endfacet
  facet normal 0.863411 -0.498515 -0.0774789
    outer loop
      vertex 15.8951 -17.2311 121.684
      vertex 16.7255 -16.0187 123.137
      vertex 15.9603 -17.344 123.137
    endloop
  endfacet
  facet normal 0.863422 -0.498497 -0.0774861
    outer loop
      vertex 14.0644 -14.0603 80.8866
      vertex 9.75 -16.8875 51
      vertex 19.5 0 51
    endloop
  endfacet
  facet normal 0.863421 -0.498497 -0.0774861
    outer loop
      vertex 12.1947 -17.2532 80.5938
      vertex 9.75 -16.8875 51
      vertex 14.0644 -14.0603 80.8866
    endloop
  endfacet
  facet normal 0.863424 -0.498492 -0.0774862
    outer loop
      vertex 9.75 -16.8875 51
      vertex 12.1947 -17.2532 80.5938
      vertex 11.0631 -19.1619 80.2637
    endloop
  endfacet
  facet normal 0.82368 -0.47555 -0.308873
    outer loop
      vertex 24.0266 -5.15 8
      vertex 16.1017 -17.5889 6.01776
      vertex 21.6874 -5.15 1.76199
    endloop
  endfacet
  facet normal 0.823675 -0.475543 -0.3089
    outer loop
      vertex 16.1017 -17.5889 6.01776
      vertex 24.0266 -5.15 8
      vertex 16.4734 -18.2327 8
    endloop
  endfacet
  facet normal 0.823674 -0.475542 -0.308903
    outer loop
      vertex 21.6874 -5.15 1.76199
      vertex 14.9734 -15.6346 0
      vertex 21.0266 -5.15 0
    endloop
  endfacet
  facet normal 0.82368 -0.47555 -0.308873
    outer loop
      vertex 14.9734 -15.6346 0
      vertex 21.6874 -5.15 1.76199
      vertex 16.1017 -17.5889 6.01776
    endloop
  endfacet
  facet normal 0 -1 0
    outer loop
      vertex -7.55329 -23.3827 8
      vertex 7.55329 -23.3827 16
      vertex -7.55329 -23.3827 16
    endloop
  endfacet
  facet normal 0 -1 -0
    outer loop
      vertex 7.55329 -23.3827 16
      vertex -7.55329 -23.3827 8
      vertex 7.55329 -23.3827 8
    endloop
  endfacet
  facet normal -3.22836e-06 -0.983213 0.182462
    outer loop
      vertex -8.28739 -21.0427 28.6094
      vertex -9.75 -16.8875 51
      vertex -11.9592 -20.7139 30.3811
    endloop
  endfacet
  facet normal -7.5311e-06 -0.983213 0.182462
    outer loop
      vertex -6.28917 -21.1932 27.7985
      vertex -9.75 -16.8875 51
      vertex -8.28739 -21.0427 28.6094
    endloop
  endfacet
  facet normal 0 -0.983213 0.182463
    outer loop
      vertex -9.75 -16.8875 51
      vertex -6.28917 -21.1932 27.7985
      vertex 9.75 -16.8875 51
    endloop
  endfacet
  facet normal 3.22836e-06 -0.983213 0.182462
    outer loop
      vertex 9.75 -16.8875 51
      vertex 8.28739 -21.0427 28.6094
      vertex 11.9592 -20.7139 30.3811
    endloop
  endfacet
  facet normal -6.27042e-05 -0.983212 0.182467
    outer loop
      vertex 9.75 -16.8875 51
      vertex 7.41153 -21.1086 28.254
      vertex 8.28739 -21.0427 28.6094
    endloop
  endfacet
  facet normal 0 -0.983213 0.182463
    outer loop
      vertex 6.28917 -21.1932 27.7985
      vertex 9.75 -16.8875 51
      vertex -6.28917 -21.1932 27.7985
    endloop
  endfacet
  facet normal 6.43264e-05 -0.983214 0.182454
    outer loop
      vertex 9.75 -16.8875 51
      vertex 6.28917 -21.1932 27.7985
      vertex 7.41153 -21.1086 28.254
    endloop
  endfacet
  facet normal 0 -0.983214 0.182454
    outer loop
      vertex -7.30333 -22.9497 18.333
      vertex 6.28917 -21.1932 27.7985
      vertex -6.28917 -21.1932 27.7985
    endloop
  endfacet
  facet normal 0 -0.983214 0.182454
    outer loop
      vertex -7.30333 -22.9497 18.333
      vertex 7.30333 -22.9497 18.333
      vertex 6.28917 -21.1932 27.7985
    endloop
  endfacet
  facet normal 0 -0.983209 0.182482
    outer loop
      vertex -7.55329 -23.3827 16
      vertex 7.30333 -22.9497 18.333
      vertex -7.30333 -22.9497 18.333
    endloop
  endfacet
  facet normal 0 -0.983209 0.182482
    outer loop
      vertex 7.30333 -22.9497 18.333
      vertex -7.55329 -23.3827 16
      vertex 7.55329 -23.3827 16
    endloop
  endfacet
  facet normal 0 -0.996995 -0.0774678
    outer loop
      vertex -6.97503 -22.3811 121.684
      vertex 7.04023 -22.494 123.137
      vertex -7.04023 -22.494 123.137
    endloop
  endfacet
  facet normal 0 -0.996995 -0.0774678
    outer loop
      vertex -6.97503 -22.3811 121.684
      vertex 6.97503 -22.3811 121.684
      vertex 7.04023 -22.494 123.137
    endloop
  endfacet
  facet normal 0 -0.996993 -0.0774925
    outer loop
      vertex -6.46269 -21.4937 110.267
      vertex 6.97503 -22.3811 121.684
      vertex -6.97503 -22.3811 121.684
    endloop
  endfacet
  facet normal 0 -0.996993 -0.0774925
    outer loop
      vertex -6.46269 -21.4937 110.267
      vertex 6.46269 -21.4937 110.267
      vertex 6.97503 -22.3811 121.684
    endloop
  endfacet
  facet normal 0 -0.996994 -0.0774848
    outer loop
      vertex -5.14436 -19.2103 80.8866
      vertex 6.46269 -21.4937 110.267
      vertex -6.46269 -21.4937 110.267
    endloop
  endfacet
  facet normal 0 -0.996994 -0.0774848
    outer loop
      vertex -5.14436 -19.2103 80.8866
      vertex 5.14436 -19.2103 80.8866
      vertex 6.46269 -21.4937 110.267
    endloop
  endfacet
  facet normal -1.18531e-05 -0.996994 -0.077485
    outer loop
      vertex -9.75 -16.8875 51
      vertex -5.14436 -19.2103 80.8866
      vertex -8.84435 -19.1875 80.5938
    endloop
  endfacet
  facet normal 0 -0.996993 -0.0774868
    outer loop
      vertex -5.14436 -19.2103 80.8866
      vertex -9.75 -16.8875 51
      vertex 5.14436 -19.2103 80.8866
    endloop
  endfacet
  facet normal 2.48434e-05 -0.996993 -0.0774861
    outer loop
      vertex -9.75 -16.8875 51
      vertex -8.84435 -19.1875 80.5938
      vertex -11.0631 -19.1619 80.2637
    endloop
  endfacet
  facet normal -0 -0.996993 -0.0774868
    outer loop
      vertex 9.75 -16.8875 51
      vertex 5.14436 -19.2103 80.8866
      vertex -9.75 -16.8875 51
    endloop
  endfacet
  facet normal 1.18531e-05 -0.996994 -0.077485
    outer loop
      vertex 5.14436 -19.2103 80.8866
      vertex 9.75 -16.8875 51
      vertex 8.84435 -19.1875 80.5938
    endloop
  endfacet
  facet normal -2.48434e-05 -0.996993 -0.0774861
    outer loop
      vertex 8.84435 -19.1875 80.5938
      vertex 9.75 -16.8875 51
      vertex 11.0631 -19.1619 80.2637
    endloop
  endfacet
  facet normal 0 -0.9511 -0.308882
    outer loop
      vertex -6.05329 -20.7846 0
      vertex 7.55329 -23.3827 8
      vertex -7.55329 -23.3827 8
    endloop
  endfacet
  facet normal 0 -0.9511 -0.308882
    outer loop
      vertex 7.55329 -23.3827 8
      vertex -6.05329 -20.7846 0
      vertex 6.05329 -20.7846 0
    endloop
  endfacet
  facet normal -0.866028 -0.499995 0
    outer loop
      vertex -16.4734 -18.2327 8
      vertex -24.0266 -5.15 16
      vertex -24.0266 -5.15 8
    endloop
  endfacet
  facet normal -0.866028 -0.499995 0
    outer loop
      vertex -24.0266 -5.15 16
      vertex -16.4734 -18.2327 8
      vertex -16.4734 -18.2327 16
    endloop
  endfacet
  facet normal -0.851453 -0.491652 0.182499
    outer loop
      vertex -19.5 0 51
      vertex -15.3298 -16.2519 26.6736
      vertex -15.2092 -16.0432 27.7985
    endloop
  endfacet
  facet normal -0.851488 -0.491606 0.182461
    outer loop
      vertex -15.2092 -16.0432 27.7985
      vertex -9.75 -16.8875 51
      vertex -19.5 0 51
    endloop
  endfacet
  facet normal -0.851476 -0.491628 0.182458
    outer loop
      vertex -14.5748 -16.9729 28.254
      vertex -9.75 -16.8875 51
      vertex -15.2092 -16.0432 27.7985
    endloop
  endfacet
  facet normal -0.8515 -0.491585 0.182463
    outer loop
      vertex -14.0798 -17.6984 28.6094
      vertex -9.75 -16.8875 51
      vertex -14.5748 -16.9729 28.254
    endloop
  endfacet
  facet normal -0.851493 -0.491596 0.182462
    outer loop
      vertex -9.75 -16.8875 51
      vertex -14.0798 -17.6984 28.6094
      vertex -11.9592 -20.7139 30.3811
    endloop
  endfacet
  facet normal -0.851489 -0.491605 0.182458
    outer loop
      vertex -24.0266 -5.15 16
      vertex -15.3298 -16.2519 26.6736
      vertex -21.4984 -5.15 27.7985
    endloop
  endfacet
  facet normal -0.851489 -0.491606 0.182457
    outer loop
      vertex -24.0266 -5.15 16
      vertex -16.2234 -17.7997 18.333
      vertex -15.3298 -16.2519 26.6736
    endloop
  endfacet
  facet normal -0.851487 -0.4916 0.182484
    outer loop
      vertex -16.2234 -17.7997 18.333
      vertex -24.0266 -5.15 16
      vertex -16.4734 -18.2327 16
    endloop
  endfacet
  facet normal -0.851494 -0.491596 0.182461
    outer loop
      vertex -22.3672 -3.34425 28.6094
      vertex -19.5 0 51
      vertex -23.9183 0 30.3811
    endloop
  endfacet
  facet normal -0.851484 -0.491612 0.182463
    outer loop
      vertex -21.4984 -5.15 27.7985
      vertex -19.5 0 51
      vertex -22.3672 -3.34425 28.6094
    endloop
  endfacet
  facet normal -0.851489 -0.491604 0.182461
    outer loop
      vertex -19.5 0 51
      vertex -21.4984 -5.15 27.7985
      vertex -15.3298 -16.2519 26.6736
    endloop
  endfacet
  facet normal -0.863417 -0.498504 -0.0774848
    outer loop
      vertex -9.75 -16.8875 51
      vertex -14.0644 -14.0603 80.8866
      vertex -22.2353 -6.47534 123.137
    endloop
  endfacet
  facet normal -0.863421 -0.498497 -0.0774861
    outer loop
      vertex -9.75 -16.8875 51
      vertex -12.1947 -17.2532 80.5938
      vertex -14.0644 -14.0603 80.8866
    endloop
  endfacet
  facet normal -0.863424 -0.498492 -0.0774862
    outer loop
      vertex -12.1947 -17.2532 80.5938
      vertex -9.75 -16.8875 51
      vertex -11.0631 -19.1619 80.2637
    endloop
  endfacet
  facet normal -0.863421 -0.498497 -0.0774868
    outer loop
      vertex -15.3827 -16.3437 110.266
      vertex -22.2353 -6.47534 123.137
      vertex -14.0644 -14.0603 80.8866
    endloop
  endfacet
  facet normal -0.863423 -0.498494 -0.0774901
    outer loop
      vertex -15.8951 -17.2311 121.684
      vertex -22.2353 -6.47534 123.137
      vertex -15.3827 -16.3437 110.266
    endloop
  endfacet
  facet normal -0.863423 -0.498496 -0.0774779
    outer loop
      vertex -22.2353 -6.47534 123.137
      vertex -15.8951 -17.2311 121.684
      vertex -15.9603 -17.344 123.137
    endloop
  endfacet
  facet normal -0.863434 -0.498476 -0.0774868
    outer loop
      vertex -19.5 0 51
      vertex -21.0391 -1.93433 80.5938
      vertex -22.1262 0 80.2637
    endloop
  endfacet
  facet normal -0.86342 -0.498499 -0.0774876
    outer loop
      vertex -19.5 0 51
      vertex -19.2088 -5.15 80.8866
      vertex -21.0391 -1.93433 80.5938
    endloop
  endfacet
  facet normal -0.863418 -0.498504 -0.0774861
    outer loop
      vertex -19.2088 -5.15 80.8866
      vertex -22.2353 -6.47534 123.137
      vertex -23.0005 -5.15 123.137
    endloop
  endfacet
  facet normal -0.863421 -0.498498 -0.0774862
    outer loop
      vertex -19.2088 -5.15 80.8866
      vertex -9.75 -16.8875 51
      vertex -22.2353 -6.47534 123.137
    endloop
  endfacet
  facet normal -0.863422 -0.498497 -0.0774872
    outer loop
      vertex -9.75 -16.8875 51
      vertex -19.2088 -5.15 80.8866
      vertex -19.5 0 51
    endloop
  endfacet
  facet normal -0.823675 -0.475547 -0.308891
    outer loop
      vertex -16.4734 -18.2327 8
      vertex -23.2833 -5.15 6.01776
      vertex -15.3037 -16.2068 1.76199
    endloop
  endfacet
  facet normal -0.823685 -0.475548 -0.308865
    outer loop
      vertex -23.2833 -5.15 6.01776
      vertex -16.4734 -18.2327 8
      vertex -24.0266 -5.15 8
    endloop
  endfacet
  facet normal -0.823691 -0.475552 -0.308842
    outer loop
      vertex -15.3037 -16.2068 1.76199
      vertex -21.0266 -5.15 0
      vertex -14.9734 -15.6346 0
    endloop
  endfacet
  facet normal -0.823676 -0.47555 -0.308884
    outer loop
      vertex -21.0266 -5.15 0
      vertex -15.3037 -16.2068 1.76199
      vertex -23.2833 -5.15 6.01776
    endloop
  endfacet
  facet normal -0.615298 0.788295 0
    outer loop
      vertex 8.61823 -10.5013 0
      vertex 8.09257 -10.9116 123.137
      vertex 8.61823 -10.5013 123.137
    endloop
  endfacet
  facet normal -0.615298 0.788295 0
    outer loop
      vertex 8.09257 -10.9116 123.137
      vertex 8.61823 -10.5013 0
      vertex 8.09257 -10.9116 0
    endloop
  endfacet
  facet normal -0.997296 -0.0734876 0
    outer loop
      vertex 13.5686 0.666584 0
      vertex 13.5196 1.33156 123.137
      vertex 13.5196 1.33156 0
    endloop
  endfacet
  facet normal -0.997296 -0.0734876 0
    outer loop
      vertex 13.5196 1.33156 123.137
      vertex 13.5686 0.666584 0
      vertex 13.5686 0.666584 123.137
    endloop
  endfacet
  facet normal -0.999697 -0.0245956 0
    outer loop
      vertex 13.585 0 0
      vertex 13.5686 0.666584 123.137
      vertex 13.5686 0.666584 0
    endloop
  endfacet
  facet normal -0.999697 -0.0245956 0
    outer loop
      vertex 13.5686 0.666584 123.137
      vertex 13.585 0 0
      vertex 13.585 0 123.137
    endloop
  endfacet
  facet normal -0.992483 -0.122379 0
    outer loop
      vertex 13.5196 1.33156 0
      vertex 13.438 1.99333 123.137
      vertex 13.438 1.99333 0
    endloop
  endfacet
  facet normal -0.992483 -0.122379 0
    outer loop
      vertex 13.438 1.99333 123.137
      vertex 13.5196 1.33156 0
      vertex 13.5196 1.33156 123.137
    endloop
  endfacet
  facet normal 0.492941 -0.870063 0
    outer loop
      vertex -6.98409 11.6522 0
      vertex -6.40392 11.9809 123.137
      vertex -6.98409 11.6522 123.137
    endloop
  endfacet
  facet normal 0.492941 -0.870063 0
    outer loop
      vertex -6.40392 11.9809 123.137
      vertex -6.98409 11.6522 0
      vertex -6.40392 11.9809 0
    endloop
  endfacet
  facet normal 0.963753 -0.266797 0
    outer loop
      vertex -13.1779 3.30089 123.137
      vertex -13 3.94352 0
      vertex -13 3.94352 123.137
    endloop
  endfacet
  facet normal 0.963753 -0.266797 0
    outer loop
      vertex -13 3.94352 0
      vertex -13.1779 3.30089 123.137
      vertex -13.1779 3.30089 0
    endloop
  endfacet
  facet normal 0.817612 -0.57577 0
    outer loop
      vertex -11.2955 7.54742 123.137
      vertex -10.9116 8.09257 0
      vertex -10.9116 8.09257 123.137
    endloop
  endfacet
  facet normal 0.817612 -0.57577 0
    outer loop
      vertex -10.9116 8.09257 0
      vertex -11.2955 7.54742 123.137
      vertex -11.2955 7.54742 0
    endloop
  endfacet
  facet normal -0.653147 -0.757231 0
    outer loop
      vertex 8.61823 10.5013 0
      vertex 9.12313 10.0658 123.137
      vertex 8.61823 10.5013 123.137
    endloop
  endfacet
  facet normal -0.653147 -0.757231 -0
    outer loop
      vertex 9.12313 10.0658 123.137
      vertex 8.61823 10.5013 0
      vertex 9.12313 10.0658 0
    endloop
  endfacet
  facet normal 0.914217 0.405225 0
    outer loop
      vertex -12.2807 -5.80834 123.137
      vertex -12.5509 -5.19875 0
      vertex -12.5509 -5.19875 123.137
    endloop
  endfacet
  facet normal 0.914217 0.405225 0
    outer loop
      vertex -12.5509 -5.19875 0
      vertex -12.2807 -5.80834 123.137
      vertex -12.2807 -5.80834 0
    endloop
  endfacet
  facet normal 0.219109 -0.9757 0
    outer loop
      vertex -3.30089 13.1779 0
      vertex -2.6503 13.324 123.137
      vertex -3.30089 13.1779 123.137
    endloop
  endfacet
  facet normal 0.219109 -0.9757 0
    outer loop
      vertex -2.6503 13.324 123.137
      vertex -3.30089 13.1779 0
      vertex -2.6503 13.324 0
    endloop
  endfacet
  facet normal 0.57577 -0.817612 0
    outer loop
      vertex -8.09257 10.9116 0
      vertex -7.54742 11.2955 123.137
      vertex -8.09257 10.9116 123.137
    endloop
  endfacet
  facet normal 0.57577 -0.817612 0
    outer loop
      vertex -7.54742 11.2955 123.137
      vertex -8.09257 10.9116 0
      vertex -7.54742 11.2955 0
    endloop
  endfacet
  facet normal -0.449624 -0.893218 0
    outer loop
      vertex 5.80834 12.2807 0
      vertex 6.40392 11.9809 123.137
      vertex 5.80834 12.2807 123.137
    endloop
  endfacet
  facet normal -0.449624 -0.893218 -0
    outer loop
      vertex 6.40392 11.9809 123.137
      vertex 5.80834 12.2807 0
      vertex 6.40392 11.9809 0
    endloop
  endfacet
  facet normal -0.9757 -0.219109 0
    outer loop
      vertex 13.324 2.6503 0
      vertex 13.1779 3.30089 123.137
      vertex 13.1779 3.30089 0
    endloop
  endfacet
  facet normal -0.9757 -0.219109 0
    outer loop
      vertex 13.1779 3.30089 123.137
      vertex 13.324 2.6503 0
      vertex 13.324 2.6503 123.137
    endloop
  endfacet
  facet normal -0.313603 0.949554 0
    outer loop
      vertex 4.57665 -12.7909 0
      vertex 3.94352 -13 123.137
      vertex 4.57665 -12.7909 123.137
    endloop
  endfacet
  facet normal -0.313603 0.949554 0
    outer loop
      vertex 3.94352 -13 123.137
      vertex 4.57665 -12.7909 0
      vertex 3.94352 -13 0
    endloop
  endfacet
  facet normal -0.757231 0.653147 0
    outer loop
      vertex 10.0658 -9.12313 0
      vertex 10.5013 -8.61823 123.137
      vertex 10.5013 -8.61823 0
    endloop
  endfacet
  facet normal -0.757231 0.653147 0
    outer loop
      vertex 10.5013 -8.61823 123.137
      vertex 10.0658 -9.12313 0
      vertex 10.0658 -9.12313 123.137
    endloop
  endfacet
  facet normal 0.757231 0.653147 0
    outer loop
      vertex -10.0658 -9.12313 123.137
      vertex -10.5013 -8.61823 0
      vertex -10.5013 -8.61823 123.137
    endloop
  endfacet
  facet normal 0.757231 0.653147 0
    outer loop
      vertex -10.5013 -8.61823 0
      vertex -10.0658 -9.12313 123.137
      vertex -10.0658 -9.12313 0
    endloop
  endfacet
  facet normal -0.914217 0.405225 0
    outer loop
      vertex 12.2807 -5.80834 0
      vertex 12.5509 -5.19875 123.137
      vertex 12.5509 -5.19875 0
    endloop
  endfacet
  facet normal -0.914217 0.405225 0
    outer loop
      vertex 12.5509 -5.19875 123.137
      vertex 12.2807 -5.80834 0
      vertex 12.2807 -5.80834 123.137
    endloop
  endfacet
  facet normal -0.788295 -0.615298 0
    outer loop
      vertex 10.9116 8.09257 0
      vertex 10.5013 8.61823 123.137
      vertex 10.5013 8.61823 0
    endloop
  endfacet
  facet normal -0.788295 -0.615298 0
    outer loop
      vertex 10.5013 8.61823 123.137
      vertex 10.9116 8.09257 0
      vertex 10.9116 8.09257 123.137
    endloop
  endfacet
  facet normal 0.170969 0.985276 -0
    outer loop
      vertex -1.99333 -13.438 0
      vertex -2.6503 -13.324 123.137
      vertex -1.99333 -13.438 123.137
    endloop
  endfacet
  facet normal 0.170969 0.985276 0
    outer loop
      vertex -2.6503 -13.324 123.137
      vertex -1.99333 -13.438 0
      vertex -2.6503 -13.324 0
    endloop
  endfacet
  facet normal -0.788295 0.615298 0
    outer loop
      vertex 10.5013 -8.61823 0
      vertex 10.9116 -8.09257 123.137
      vertex 10.9116 -8.09257 0
    endloop
  endfacet
  facet normal -0.788295 0.615298 0
    outer loop
      vertex 10.9116 -8.09257 123.137
      vertex 10.5013 -8.61823 0
      vertex 10.5013 -8.61823 123.137
    endloop
  endfacet
  facet normal 0.893218 -0.449624 0
    outer loop
      vertex -12.2807 5.80834 123.137
      vertex -11.9809 6.40392 0
      vertex -11.9809 6.40392 123.137
    endloop
  endfacet
  facet normal 0.893218 -0.449624 0
    outer loop
      vertex -11.9809 6.40392 0
      vertex -12.2807 5.80834 123.137
      vertex -12.2807 5.80834 0
    endloop
  endfacet
  facet normal -0.870063 0.492941 0
    outer loop
      vertex 11.6522 -6.98409 0
      vertex 11.9809 -6.40392 123.137
      vertex 11.9809 -6.40392 0
    endloop
  endfacet
  facet normal -0.870063 0.492941 0
    outer loop
      vertex 11.9809 -6.40392 123.137
      vertex 11.6522 -6.98409 0
      vertex 11.6522 -6.98409 123.137
    endloop
  endfacet
  facet normal 0.9757 -0.219109 0
    outer loop
      vertex -13.324 2.6503 123.137
      vertex -13.1779 3.30089 0
      vertex -13.1779 3.30089 123.137
    endloop
  endfacet
  facet normal 0.9757 -0.219109 0
    outer loop
      vertex -13.1779 3.30089 0
      vertex -13.324 2.6503 123.137
      vertex -13.324 2.6503 0
    endloop
  endfacet
  facet normal -0.914217 -0.405225 0
    outer loop
      vertex 12.5509 5.19875 0
      vertex 12.2807 5.80834 123.137
      vertex 12.2807 5.80834 0
    endloop
  endfacet
  facet normal -0.914217 -0.405225 0
    outer loop
      vertex 12.2807 5.80834 123.137
      vertex 12.5509 5.19875 0
      vertex 12.5509 5.19875 123.137
    endloop
  endfacet
  facet normal 0.999697 0.0245956 0
    outer loop
      vertex -13.5686 -0.666584 123.137
      vertex -13.585 0 0
      vertex -13.585 0 123.137
    endloop
  endfacet
  facet normal 0.999697 0.0245956 0
    outer loop
      vertex -13.585 0 0
      vertex -13.5686 -0.666584 123.137
      vertex -13.5686 -0.666584 0
    endloop
  endfacet
  facet normal -0.949554 0.313603 0
    outer loop
      vertex 12.7909 -4.57665 0
      vertex 13 -3.94352 123.137
      vertex 13 -3.94352 0
    endloop
  endfacet
  facet normal -0.949554 0.313603 0
    outer loop
      vertex 13 -3.94352 123.137
      vertex 12.7909 -4.57665 0
      vertex 12.7909 -4.57665 123.137
    endloop
  endfacet
  facet normal -0.870063 -0.492941 0
    outer loop
      vertex 11.9809 6.40392 0
      vertex 11.6522 6.98409 123.137
      vertex 11.6522 6.98409 0
    endloop
  endfacet
  facet normal -0.870063 -0.492941 0
    outer loop
      vertex 11.6522 6.98409 123.137
      vertex 11.9809 6.40392 0
      vertex 11.9809 6.40392 123.137
    endloop
  endfacet
  facet normal 0.689534 0.724253 -0
    outer loop
      vertex -9.12313 -10.0658 0
      vertex -9.60604 -9.60604 123.137
      vertex -9.12313 -10.0658 123.137
    endloop
  endfacet
  facet normal 0.689534 0.724253 0
    outer loop
      vertex -9.60604 -9.60604 123.137
      vertex -9.12313 -10.0658 0
      vertex -9.60604 -9.60604 0
    endloop
  endfacet
  facet normal 0.122379 0.992483 -0
    outer loop
      vertex -1.33156 -13.5196 0
      vertex -1.99333 -13.438 123.137
      vertex -1.33156 -13.5196 123.137
    endloop
  endfacet
  facet normal 0.122379 0.992483 0
    outer loop
      vertex -1.99333 -13.438 123.137
      vertex -1.33156 -13.5196 0
      vertex -1.99333 -13.438 0
    endloop
  endfacet
  facet normal 0.615298 -0.788295 0
    outer loop
      vertex -8.61823 10.5013 0
      vertex -8.09257 10.9116 123.137
      vertex -8.61823 10.5013 123.137
    endloop
  endfacet
  facet normal 0.615298 -0.788295 0
    outer loop
      vertex -8.09257 10.9116 123.137
      vertex -8.61823 10.5013 0
      vertex -8.09257 10.9116 0
    endloop
  endfacet
  facet normal 0.0245956 -0.999697 0
    outer loop
      vertex -0.666584 13.5686 0
      vertex 0 13.585 123.137
      vertex -0.666584 13.5686 123.137
    endloop
  endfacet
  facet normal 0.0245956 -0.999697 0
    outer loop
      vertex 0 13.585 123.137
      vertex -0.666584 13.5686 0
      vertex 0 13.585 0
    endloop
  endfacet
  facet normal -0.932978 -0.359934 0
    outer loop
      vertex 12.7909 4.57665 0
      vertex 12.5509 5.19875 123.137
      vertex 12.5509 5.19875 0
    endloop
  endfacet
  facet normal -0.932978 -0.359934 0
    outer loop
      vertex 12.5509 5.19875 123.137
      vertex 12.7909 4.57665 0
      vertex 12.7909 4.57665 123.137
    endloop
  endfacet
  facet normal -0.0734876 0.997296 0
    outer loop
      vertex 1.33156 -13.5196 0
      vertex 0.666584 -13.5686 123.137
      vertex 1.33156 -13.5196 123.137
    endloop
  endfacet
  facet normal -0.0734876 0.997296 0
    outer loop
      vertex 0.666584 -13.5686 123.137
      vertex 1.33156 -13.5196 0
      vertex 0.666584 -13.5686 0
    endloop
  endfacet
  facet normal -0.893218 -0.449624 0
    outer loop
      vertex 12.2807 5.80834 0
      vertex 11.9809 6.40392 123.137
      vertex 11.9809 6.40392 0
    endloop
  endfacet
  facet normal -0.893218 -0.449624 0
    outer loop
      vertex 11.9809 6.40392 123.137
      vertex 12.2807 5.80834 0
      vertex 12.2807 5.80834 123.137
    endloop
  endfacet
  facet normal -0.615298 -0.788295 0
    outer loop
      vertex 8.09257 10.9116 0
      vertex 8.61823 10.5013 123.137
      vertex 8.09257 10.9116 123.137
    endloop
  endfacet
  facet normal -0.615298 -0.788295 -0
    outer loop
      vertex 8.61823 10.5013 123.137
      vertex 8.09257 10.9116 0
      vertex 8.61823 10.5013 0
    endloop
  endfacet
  facet normal -0.122379 -0.992483 0
    outer loop
      vertex 1.33156 13.5196 0
      vertex 1.99333 13.438 123.137
      vertex 1.33156 13.5196 123.137
    endloop
  endfacet
  facet normal -0.122379 -0.992483 -0
    outer loop
      vertex 1.99333 13.438 123.137
      vertex 1.33156 13.5196 0
      vertex 1.99333 13.438 0
    endloop
  endfacet
  facet normal -0.405225 -0.914217 0
    outer loop
      vertex 5.19875 12.5509 0
      vertex 5.80834 12.2807 123.137
      vertex 5.19875 12.5509 123.137
    endloop
  endfacet
  facet normal -0.405225 -0.914217 -0
    outer loop
      vertex 5.80834 12.2807 123.137
      vertex 5.19875 12.5509 0
      vertex 5.80834 12.2807 0
    endloop
  endfacet
  facet normal -0.122379 0.992483 0
    outer loop
      vertex 1.99333 -13.438 0
      vertex 1.33156 -13.5196 123.137
      vertex 1.99333 -13.438 123.137
    endloop
  endfacet
  facet normal -0.122379 0.992483 0
    outer loop
      vertex 1.33156 -13.5196 123.137
      vertex 1.99333 -13.438 0
      vertex 1.33156 -13.5196 0
    endloop
  endfacet
  facet normal 0.57577 0.817612 -0
    outer loop
      vertex -7.54742 -11.2955 0
      vertex -8.09257 -10.9116 123.137
      vertex -7.54742 -11.2955 123.137
    endloop
  endfacet
  facet normal 0.57577 0.817612 0
    outer loop
      vertex -8.09257 -10.9116 123.137
      vertex -7.54742 -11.2955 0
      vertex -8.09257 -10.9116 0
    endloop
  endfacet
  facet normal -0.817612 0.57577 0
    outer loop
      vertex 10.9116 -8.09257 0
      vertex 11.2955 -7.54742 123.137
      vertex 11.2955 -7.54742 0
    endloop
  endfacet
  facet normal -0.817612 0.57577 0
    outer loop
      vertex 11.2955 -7.54742 123.137
      vertex 10.9116 -8.09257 0
      vertex 10.9116 -8.09257 123.137
    endloop
  endfacet
  facet normal -0.817612 -0.57577 0
    outer loop
      vertex 11.2955 7.54742 0
      vertex 10.9116 8.09257 123.137
      vertex 10.9116 8.09257 0
    endloop
  endfacet
  facet normal -0.817612 -0.57577 0
    outer loop
      vertex 10.9116 8.09257 123.137
      vertex 11.2955 7.54742 0
      vertex 11.2955 7.54742 123.137
    endloop
  endfacet
  facet normal -0.0734876 -0.997296 0
    outer loop
      vertex 0.666584 13.5686 0
      vertex 1.33156 13.5196 123.137
      vertex 0.666584 13.5686 123.137
    endloop
  endfacet
  facet normal -0.0734876 -0.997296 -0
    outer loop
      vertex 1.33156 13.5196 123.137
      vertex 0.666584 13.5686 0
      vertex 1.33156 13.5196 0
    endloop
  endfacet
  facet normal -0.689534 -0.724253 0
    outer loop
      vertex 9.12313 10.0658 0
      vertex 9.60604 9.60604 123.137
      vertex 9.12313 10.0658 123.137
    endloop
  endfacet
  facet normal -0.689534 -0.724253 -0
    outer loop
      vertex 9.60604 9.60604 123.137
      vertex 9.12313 10.0658 0
      vertex 9.60604 9.60604 0
    endloop
  endfacet
  facet normal 0.653147 0.757231 -0
    outer loop
      vertex -8.61823 -10.5013 0
      vertex -9.12313 -10.0658 123.137
      vertex -8.61823 -10.5013 123.137
    endloop
  endfacet
  facet normal 0.653147 0.757231 0
    outer loop
      vertex -9.12313 -10.0658 123.137
      vertex -8.61823 -10.5013 0
      vertex -9.12313 -10.0658 0
    endloop
  endfacet
  facet normal -0.999697 0.0245956 0
    outer loop
      vertex 13.5686 -0.666584 0
      vertex 13.585 0 123.137
      vertex 13.585 0 0
    endloop
  endfacet
  facet normal -0.999697 0.0245956 0
    outer loop
      vertex 13.585 0 123.137
      vertex 13.5686 -0.666584 0
      vertex 13.5686 -0.666584 123.137
    endloop
  endfacet
  facet normal 0.724253 -0.689534 0
    outer loop
      vertex -10.0658 9.12313 123.137
      vertex -9.60604 9.60604 0
      vertex -9.60604 9.60604 123.137
    endloop
  endfacet
  facet normal 0.724253 -0.689534 0
    outer loop
      vertex -9.60604 9.60604 0
      vertex -10.0658 9.12313 123.137
      vertex -10.0658 9.12313 0
    endloop
  endfacet
  facet normal -0.997296 0.0734876 0
    outer loop
      vertex 13.5196 -1.33156 0
      vertex 13.5686 -0.666584 123.137
      vertex 13.5686 -0.666584 0
    endloop
  endfacet
  facet normal -0.997296 0.0734876 0
    outer loop
      vertex 13.5686 -0.666584 123.137
      vertex 13.5196 -1.33156 0
      vertex 13.5196 -1.33156 123.137
    endloop
  endfacet
  facet normal -0.0245956 0.999697 0
    outer loop
      vertex 0.666584 -13.5686 0
      vertex 0 -13.585 123.137
      vertex 0.666584 -13.5686 123.137
    endloop
  endfacet
  facet normal -0.0245956 0.999697 0
    outer loop
      vertex 0 -13.585 123.137
      vertex 0.666584 -13.5686 0
      vertex 0 -13.585 0
    endloop
  endfacet
  facet normal 0.817612 0.57577 0
    outer loop
      vertex -10.9116 -8.09257 123.137
      vertex -11.2955 -7.54742 0
      vertex -11.2955 -7.54742 123.137
    endloop
  endfacet
  facet normal 0.817612 0.57577 0
    outer loop
      vertex -11.2955 -7.54742 0
      vertex -10.9116 -8.09257 123.137
      vertex -10.9116 -8.09257 0
    endloop
  endfacet
  facet normal -0.84487 -0.534971 0
    outer loop
      vertex 11.6522 6.98409 0
      vertex 11.2955 7.54742 123.137
      vertex 11.2955 7.54742 0
    endloop
  endfacet
  facet normal -0.84487 -0.534971 0
    outer loop
      vertex 11.2955 7.54742 123.137
      vertex 11.6522 6.98409 0
      vertex 11.6522 6.98409 123.137
    endloop
  endfacet
  facet normal 0.0245956 0.999697 -0
    outer loop
      vertex 0 -13.585 0
      vertex -0.666584 -13.5686 123.137
      vertex 0 -13.585 123.137
    endloop
  endfacet
  facet normal 0.0245956 0.999697 0
    outer loop
      vertex -0.666584 -13.5686 123.137
      vertex 0 -13.585 0
      vertex -0.666584 -13.5686 0
    endloop
  endfacet
  facet normal 0.405225 -0.914217 0
    outer loop
      vertex -5.80834 12.2807 0
      vertex -5.19875 12.5509 123.137
      vertex -5.80834 12.2807 123.137
    endloop
  endfacet
  facet normal 0.405225 -0.914217 0
    outer loop
      vertex -5.19875 12.5509 123.137
      vertex -5.80834 12.2807 0
      vertex -5.19875 12.5509 0
    endloop
  endfacet
  facet normal -0.405225 0.914217 0
    outer loop
      vertex 5.80834 -12.2807 0
      vertex 5.19875 -12.5509 123.137
      vertex 5.80834 -12.2807 123.137
    endloop
  endfacet
  facet normal -0.405225 0.914217 0
    outer loop
      vertex 5.19875 -12.5509 123.137
      vertex 5.80834 -12.2807 0
      vertex 5.19875 -12.5509 0
    endloop
  endfacet
  facet normal -0.57577 -0.817612 0
    outer loop
      vertex 7.54742 11.2955 0
      vertex 8.09257 10.9116 123.137
      vertex 7.54742 11.2955 123.137
    endloop
  endfacet
  facet normal -0.57577 -0.817612 -0
    outer loop
      vertex 8.09257 10.9116 123.137
      vertex 7.54742 11.2955 0
      vertex 8.09257 10.9116 0
    endloop
  endfacet
  facet normal -0.534971 0.84487 0
    outer loop
      vertex 7.54742 -11.2955 0
      vertex 6.98409 -11.6522 123.137
      vertex 7.54742 -11.2955 123.137
    endloop
  endfacet
  facet normal -0.534971 0.84487 0
    outer loop
      vertex 6.98409 -11.6522 123.137
      vertex 7.54742 -11.2955 0
      vertex 6.98409 -11.6522 0
    endloop
  endfacet
  facet normal -0.57577 0.817612 0
    outer loop
      vertex 8.09257 -10.9116 0
      vertex 7.54742 -11.2955 123.137
      vertex 8.09257 -10.9116 123.137
    endloop
  endfacet
  facet normal -0.57577 0.817612 0
    outer loop
      vertex 7.54742 -11.2955 123.137
      vertex 8.09257 -10.9116 0
      vertex 7.54742 -11.2955 0
    endloop
  endfacet
  facet normal -0.932978 0.359934 0
    outer loop
      vertex 12.5509 -5.19875 0
      vertex 12.7909 -4.57665 123.137
      vertex 12.7909 -4.57665 0
    endloop
  endfacet
  facet normal -0.932978 0.359934 0
    outer loop
      vertex 12.7909 -4.57665 123.137
      vertex 12.5509 -5.19875 0
      vertex 12.5509 -5.19875 123.137
    endloop
  endfacet
  facet normal -0.0245956 -0.999697 0
    outer loop
      vertex 0 13.585 0
      vertex 0.666584 13.5686 123.137
      vertex 0 13.585 123.137
    endloop
  endfacet
  facet normal -0.0245956 -0.999697 -0
    outer loop
      vertex 0.666584 13.5686 123.137
      vertex 0 13.585 0
      vertex 0.666584 13.5686 0
    endloop
  endfacet
  facet normal -0.9757 0.219109 0
    outer loop
      vertex 13.1779 -3.30089 0
      vertex 13.324 -2.6503 123.137
      vertex 13.324 -2.6503 0
    endloop
  endfacet
  facet normal -0.9757 0.219109 0
    outer loop
      vertex 13.324 -2.6503 123.137
      vertex 13.1779 -3.30089 0
      vertex 13.1779 -3.30089 123.137
    endloop
  endfacet
  facet normal -0.724253 -0.689534 0
    outer loop
      vertex 10.0658 9.12313 0
      vertex 9.60604 9.60604 123.137
      vertex 9.60604 9.60604 0
    endloop
  endfacet
  facet normal -0.724253 -0.689534 0
    outer loop
      vertex 9.60604 9.60604 123.137
      vertex 10.0658 9.12313 0
      vertex 10.0658 9.12313 123.137
    endloop
  endfacet
  facet normal -0.449624 0.893218 0
    outer loop
      vertex 6.40392 -11.9809 0
      vertex 5.80834 -12.2807 123.137
      vertex 6.40392 -11.9809 123.137
    endloop
  endfacet
  facet normal -0.449624 0.893218 0
    outer loop
      vertex 5.80834 -12.2807 123.137
      vertex 6.40392 -11.9809 0
      vertex 5.80834 -12.2807 0
    endloop
  endfacet
  facet normal -0.689534 0.724253 0
    outer loop
      vertex 9.60604 -9.60604 0
      vertex 9.12313 -10.0658 123.137
      vertex 9.60604 -9.60604 123.137
    endloop
  endfacet
  facet normal -0.689534 0.724253 0
    outer loop
      vertex 9.12313 -10.0658 123.137
      vertex 9.60604 -9.60604 0
      vertex 9.12313 -10.0658 0
    endloop
  endfacet
  facet normal 0.999697 -0.0245956 0
    outer loop
      vertex -13.585 0 123.137
      vertex -13.5686 0.666584 0
      vertex -13.5686 0.666584 123.137
    endloop
  endfacet
  facet normal 0.999697 -0.0245956 0
    outer loop
      vertex -13.5686 0.666584 0
      vertex -13.585 0 123.137
      vertex -13.585 0 0
    endloop
  endfacet
  facet normal -0.219109 0.9757 0
    outer loop
      vertex 3.30089 -13.1779 0
      vertex 2.6503 -13.324 123.137
      vertex 3.30089 -13.1779 123.137
    endloop
  endfacet
  facet normal -0.219109 0.9757 0
    outer loop
      vertex 2.6503 -13.324 123.137
      vertex 3.30089 -13.1779 0
      vertex 2.6503 -13.324 0
    endloop
  endfacet
  facet normal -0.949554 -0.313603 0
    outer loop
      vertex 13 3.94352 0
      vertex 12.7909 4.57665 123.137
      vertex 12.7909 4.57665 0
    endloop
  endfacet
  facet normal -0.949554 -0.313603 0
    outer loop
      vertex 12.7909 4.57665 123.137
      vertex 13 3.94352 0
      vertex 13 3.94352 123.137
    endloop
  endfacet
  facet normal 0.870063 0.492941 0
    outer loop
      vertex -11.6522 -6.98409 123.137
      vertex -11.9809 -6.40392 0
      vertex -11.9809 -6.40392 123.137
    endloop
  endfacet
  facet normal 0.870063 0.492941 0
    outer loop
      vertex -11.9809 -6.40392 0
      vertex -11.6522 -6.98409 123.137
      vertex -11.6522 -6.98409 0
    endloop
  endfacet
  facet normal -0.963753 0.266797 0
    outer loop
      vertex 13 -3.94352 0
      vertex 13.1779 -3.30089 123.137
      vertex 13.1779 -3.30089 0
    endloop
  endfacet
  facet normal -0.963753 0.266797 0
    outer loop
      vertex 13.1779 -3.30089 123.137
      vertex 13 -3.94352 0
      vertex 13 -3.94352 123.137
    endloop
  endfacet
  facet normal 0.757231 -0.653147 0
    outer loop
      vertex -10.5013 8.61823 123.137
      vertex -10.0658 9.12313 0
      vertex -10.0658 9.12313 123.137
    endloop
  endfacet
  facet normal 0.757231 -0.653147 0
    outer loop
      vertex -10.0658 9.12313 0
      vertex -10.5013 8.61823 123.137
      vertex -10.5013 8.61823 0
    endloop
  endfacet
  facet normal -0.492941 -0.870063 0
    outer loop
      vertex 6.40392 11.9809 0
      vertex 6.98409 11.6522 123.137
      vertex 6.40392 11.9809 123.137
    endloop
  endfacet
  facet normal -0.492941 -0.870063 -0
    outer loop
      vertex 6.98409 11.6522 123.137
      vertex 6.40392 11.9809 0
      vertex 6.98409 11.6522 0
    endloop
  endfacet
  facet normal -0.893218 0.449624 0
    outer loop
      vertex 11.9809 -6.40392 0
      vertex 12.2807 -5.80834 123.137
      vertex 12.2807 -5.80834 0
    endloop
  endfacet
  facet normal -0.893218 0.449624 0
    outer loop
      vertex 12.2807 -5.80834 123.137
      vertex 11.9809 -6.40392 0
      vertex 11.9809 -6.40392 123.137
    endloop
  endfacet
  facet normal 0.653147 -0.757231 0
    outer loop
      vertex -9.12313 10.0658 0
      vertex -8.61823 10.5013 123.137
      vertex -9.12313 10.0658 123.137
    endloop
  endfacet
  facet normal 0.653147 -0.757231 0
    outer loop
      vertex -8.61823 10.5013 123.137
      vertex -9.12313 10.0658 0
      vertex -8.61823 10.5013 0
    endloop
  endfacet
  facet normal -0.359934 -0.932978 0
    outer loop
      vertex 4.57665 12.7909 0
      vertex 5.19875 12.5509 123.137
      vertex 4.57665 12.7909 123.137
    endloop
  endfacet
  facet normal -0.359934 -0.932978 -0
    outer loop
      vertex 5.19875 12.5509 123.137
      vertex 4.57665 12.7909 0
      vertex 5.19875 12.5509 0
    endloop
  endfacet
  facet normal 0.985276 -0.170969 0
    outer loop
      vertex -13.438 1.99333 123.137
      vertex -13.324 2.6503 0
      vertex -13.324 2.6503 123.137
    endloop
  endfacet
  facet normal 0.985276 -0.170969 0
    outer loop
      vertex -13.324 2.6503 0
      vertex -13.438 1.99333 123.137
      vertex -13.438 1.99333 0
    endloop
  endfacet
  facet normal 0.359934 -0.932978 0
    outer loop
      vertex -5.19875 12.5509 0
      vertex -4.57665 12.7909 123.137
      vertex -5.19875 12.5509 123.137
    endloop
  endfacet
  facet normal 0.359934 -0.932978 0
    outer loop
      vertex -4.57665 12.7909 123.137
      vertex -5.19875 12.5509 0
      vertex -4.57665 12.7909 0
    endloop
  endfacet
  facet normal 0.985276 0.170969 0
    outer loop
      vertex -13.324 -2.6503 123.137
      vertex -13.438 -1.99333 0
      vertex -13.438 -1.99333 123.137
    endloop
  endfacet
  facet normal 0.985276 0.170969 0
    outer loop
      vertex -13.438 -1.99333 0
      vertex -13.324 -2.6503 123.137
      vertex -13.324 -2.6503 0
    endloop
  endfacet
  facet normal 0.949554 0.313603 0
    outer loop
      vertex -12.7909 -4.57665 123.137
      vertex -13 -3.94352 0
      vertex -13 -3.94352 123.137
    endloop
  endfacet
  facet normal 0.949554 0.313603 0
    outer loop
      vertex -13 -3.94352 0
      vertex -12.7909 -4.57665 123.137
      vertex -12.7909 -4.57665 0
    endloop
  endfacet
  facet normal 0.997296 -0.0734876 0
    outer loop
      vertex -13.5686 0.666584 123.137
      vertex -13.5196 1.33156 0
      vertex -13.5196 1.33156 123.137
    endloop
  endfacet
  facet normal 0.997296 -0.0734876 0
    outer loop
      vertex -13.5196 1.33156 0
      vertex -13.5686 0.666584 123.137
      vertex -13.5686 0.666584 0
    endloop
  endfacet
  facet normal -0.985276 0.170969 0
    outer loop
      vertex 13.324 -2.6503 0
      vertex 13.438 -1.99333 123.137
      vertex 13.438 -1.99333 0
    endloop
  endfacet
  facet normal -0.985276 0.170969 0
    outer loop
      vertex 13.438 -1.99333 123.137
      vertex 13.324 -2.6503 0
      vertex 13.324 -2.6503 123.137
    endloop
  endfacet
  facet normal 0.893218 0.449624 0
    outer loop
      vertex -11.9809 -6.40392 123.137
      vertex -12.2807 -5.80834 0
      vertex -12.2807 -5.80834 123.137
    endloop
  endfacet
  facet normal 0.893218 0.449624 0
    outer loop
      vertex -12.2807 -5.80834 0
      vertex -11.9809 -6.40392 123.137
      vertex -11.9809 -6.40392 0
    endloop
  endfacet
  facet normal -0.985276 -0.170969 0
    outer loop
      vertex 13.438 1.99333 0
      vertex 13.324 2.6503 123.137
      vertex 13.324 2.6503 0
    endloop
  endfacet
  facet normal -0.985276 -0.170969 0
    outer loop
      vertex 13.324 2.6503 123.137
      vertex 13.438 1.99333 0
      vertex 13.438 1.99333 123.137
    endloop
  endfacet
  facet normal -0.534971 -0.84487 0
    outer loop
      vertex 6.98409 11.6522 0
      vertex 7.54742 11.2955 123.137
      vertex 6.98409 11.6522 123.137
    endloop
  endfacet
  facet normal -0.534971 -0.84487 -0
    outer loop
      vertex 7.54742 11.2955 123.137
      vertex 6.98409 11.6522 0
      vertex 7.54742 11.2955 0
    endloop
  endfacet
  facet normal -0.963753 -0.266797 0
    outer loop
      vertex 13.1779 3.30089 0
      vertex 13 3.94352 123.137
      vertex 13 3.94352 0
    endloop
  endfacet
  facet normal -0.963753 -0.266797 0
    outer loop
      vertex 13 3.94352 123.137
      vertex 13.1779 3.30089 0
      vertex 13.1779 3.30089 123.137
    endloop
  endfacet
  facet normal 0.0734876 0.997296 -0
    outer loop
      vertex -0.666584 -13.5686 0
      vertex -1.33156 -13.5196 123.137
      vertex -0.666584 -13.5686 123.137
    endloop
  endfacet
  facet normal 0.0734876 0.997296 0
    outer loop
      vertex -1.33156 -13.5196 123.137
      vertex -0.666584 -13.5686 0
      vertex -1.33156 -13.5196 0
    endloop
  endfacet
  facet normal -0.992483 0.122379 0
    outer loop
      vertex 13.438 -1.99333 0
      vertex 13.5196 -1.33156 123.137
      vertex 13.5196 -1.33156 0
    endloop
  endfacet
  facet normal -0.992483 0.122379 0
    outer loop
      vertex 13.5196 -1.33156 123.137
      vertex 13.438 -1.99333 0
      vertex 13.438 -1.99333 123.137
    endloop
  endfacet
  facet normal -0.266797 -0.963753 0
    outer loop
      vertex 3.30089 13.1779 0
      vertex 3.94352 13 123.137
      vertex 3.30089 13.1779 123.137
    endloop
  endfacet
  facet normal -0.266797 -0.963753 -0
    outer loop
      vertex 3.94352 13 123.137
      vertex 3.30089 13.1779 0
      vertex 3.94352 13 0
    endloop
  endfacet
  facet normal 0.122379 -0.992483 0
    outer loop
      vertex -1.99333 13.438 0
      vertex -1.33156 13.5196 123.137
      vertex -1.99333 13.438 123.137
    endloop
  endfacet
  facet normal 0.122379 -0.992483 0
    outer loop
      vertex -1.33156 13.5196 123.137
      vertex -1.99333 13.438 0
      vertex -1.33156 13.5196 0
    endloop
  endfacet
  facet normal 0.84487 0.534971 0
    outer loop
      vertex -11.2955 -7.54742 123.137
      vertex -11.6522 -6.98409 0
      vertex -11.6522 -6.98409 123.137
    endloop
  endfacet
  facet normal 0.84487 0.534971 0
    outer loop
      vertex -11.6522 -6.98409 0
      vertex -11.2955 -7.54742 123.137
      vertex -11.2955 -7.54742 0
    endloop
  endfacet
  facet normal 0.170969 -0.985276 0
    outer loop
      vertex -2.6503 13.324 0
      vertex -1.99333 13.438 123.137
      vertex -2.6503 13.324 123.137
    endloop
  endfacet
  facet normal 0.170969 -0.985276 0
    outer loop
      vertex -1.99333 13.438 123.137
      vertex -2.6503 13.324 0
      vertex -1.99333 13.438 0
    endloop
  endfacet
  facet normal 0.405225 0.914217 -0
    outer loop
      vertex -5.19875 -12.5509 0
      vertex -5.80834 -12.2807 123.137
      vertex -5.19875 -12.5509 123.137
    endloop
  endfacet
  facet normal 0.405225 0.914217 0
    outer loop
      vertex -5.80834 -12.2807 123.137
      vertex -5.19875 -12.5509 0
      vertex -5.80834 -12.2807 0
    endloop
  endfacet
  facet normal 0.689534 -0.724253 0
    outer loop
      vertex -9.60604 9.60604 0
      vertex -9.12313 10.0658 123.137
      vertex -9.60604 9.60604 123.137
    endloop
  endfacet
  facet normal 0.689534 -0.724253 0
    outer loop
      vertex -9.12313 10.0658 123.137
      vertex -9.60604 9.60604 0
      vertex -9.12313 10.0658 0
    endloop
  endfacet
  facet normal 0.788295 0.615298 0
    outer loop
      vertex -10.5013 -8.61823 123.137
      vertex -10.9116 -8.09257 0
      vertex -10.9116 -8.09257 123.137
    endloop
  endfacet
  facet normal 0.788295 0.615298 0
    outer loop
      vertex -10.9116 -8.09257 0
      vertex -10.5013 -8.61823 123.137
      vertex -10.5013 -8.61823 0
    endloop
  endfacet
  facet normal 0.0734876 -0.997296 0
    outer loop
      vertex -1.33156 13.5196 0
      vertex -0.666584 13.5686 123.137
      vertex -1.33156 13.5196 123.137
    endloop
  endfacet
  facet normal 0.0734876 -0.997296 0
    outer loop
      vertex -0.666584 13.5686 123.137
      vertex -1.33156 13.5196 0
      vertex -0.666584 13.5686 0
    endloop
  endfacet
  facet normal 0.449624 0.893218 -0
    outer loop
      vertex -5.80834 -12.2807 0
      vertex -6.40392 -11.9809 123.137
      vertex -5.80834 -12.2807 123.137
    endloop
  endfacet
  facet normal 0.449624 0.893218 0
    outer loop
      vertex -6.40392 -11.9809 123.137
      vertex -5.80834 -12.2807 0
      vertex -6.40392 -11.9809 0
    endloop
  endfacet
  facet normal -0.724253 0.689534 0
    outer loop
      vertex 9.60604 -9.60604 0
      vertex 10.0658 -9.12313 123.137
      vertex 10.0658 -9.12313 0
    endloop
  endfacet
  facet normal -0.724253 0.689534 0
    outer loop
      vertex 10.0658 -9.12313 123.137
      vertex 9.60604 -9.60604 0
      vertex 9.60604 -9.60604 123.137
    endloop
  endfacet
  facet normal 0.992483 0.122379 0
    outer loop
      vertex -13.438 -1.99333 123.137
      vertex -13.5196 -1.33156 0
      vertex -13.5196 -1.33156 123.137
    endloop
  endfacet
  facet normal 0.992483 0.122379 0
    outer loop
      vertex -13.5196 -1.33156 0
      vertex -13.438 -1.99333 123.137
      vertex -13.438 -1.99333 0
    endloop
  endfacet
  facet normal -0.492941 0.870063 0
    outer loop
      vertex 6.98409 -11.6522 0
      vertex 6.40392 -11.9809 123.137
      vertex 6.98409 -11.6522 123.137
    endloop
  endfacet
  facet normal -0.492941 0.870063 0
    outer loop
      vertex 6.40392 -11.9809 123.137
      vertex 6.98409 -11.6522 0
      vertex 6.40392 -11.9809 0
    endloop
  endfacet
  facet normal 0.534971 -0.84487 0
    outer loop
      vertex -7.54742 11.2955 0
      vertex -6.98409 11.6522 123.137
      vertex -7.54742 11.2955 123.137
    endloop
  endfacet
  facet normal 0.534971 -0.84487 0
    outer loop
      vertex -6.98409 11.6522 123.137
      vertex -7.54742 11.2955 0
      vertex -6.98409 11.6522 0
    endloop
  endfacet
  facet normal -0.170969 0.985276 0
    outer loop
      vertex 2.6503 -13.324 0
      vertex 1.99333 -13.438 123.137
      vertex 2.6503 -13.324 123.137
    endloop
  endfacet
  facet normal -0.170969 0.985276 0
    outer loop
      vertex 1.99333 -13.438 123.137
      vertex 2.6503 -13.324 0
      vertex 1.99333 -13.438 0
    endloop
  endfacet
  facet normal 0.266797 0.963753 -0
    outer loop
      vertex -3.30089 -13.1779 0
      vertex -3.94352 -13 123.137
      vertex -3.30089 -13.1779 123.137
    endloop
  endfacet
  facet normal 0.266797 0.963753 0
    outer loop
      vertex -3.94352 -13 123.137
      vertex -3.30089 -13.1779 0
      vertex -3.94352 -13 0
    endloop
  endfacet
  facet normal 0.724253 0.689534 0
    outer loop
      vertex -9.60604 -9.60604 123.137
      vertex -10.0658 -9.12313 0
      vertex -10.0658 -9.12313 123.137
    endloop
  endfacet
  facet normal 0.724253 0.689534 0
    outer loop
      vertex -10.0658 -9.12313 0
      vertex -9.60604 -9.60604 123.137
      vertex -9.60604 -9.60604 0
    endloop
  endfacet
  facet normal 0.266797 -0.963753 0
    outer loop
      vertex -3.94352 13 0
      vertex -3.30089 13.1779 123.137
      vertex -3.94352 13 123.137
    endloop
  endfacet
  facet normal 0.266797 -0.963753 0
    outer loop
      vertex -3.30089 13.1779 123.137
      vertex -3.94352 13 0
      vertex -3.30089 13.1779 0
    endloop
  endfacet
  facet normal -0.359934 0.932978 0
    outer loop
      vertex 5.19875 -12.5509 0
      vertex 4.57665 -12.7909 123.137
      vertex 5.19875 -12.5509 123.137
    endloop
  endfacet
  facet normal -0.359934 0.932978 0
    outer loop
      vertex 4.57665 -12.7909 123.137
      vertex 5.19875 -12.5509 0
      vertex 4.57665 -12.7909 0
    endloop
  endfacet
  facet normal 0.788295 -0.615298 0
    outer loop
      vertex -10.9116 8.09257 123.137
      vertex -10.5013 8.61823 0
      vertex -10.5013 8.61823 123.137
    endloop
  endfacet
  facet normal 0.788295 -0.615298 0
    outer loop
      vertex -10.5013 8.61823 0
      vertex -10.9116 8.09257 123.137
      vertex -10.9116 8.09257 0
    endloop
  endfacet
  facet normal 0.9757 0.219109 0
    outer loop
      vertex -13.1779 -3.30089 123.137
      vertex -13.324 -2.6503 0
      vertex -13.324 -2.6503 123.137
    endloop
  endfacet
  facet normal 0.9757 0.219109 0
    outer loop
      vertex -13.324 -2.6503 0
      vertex -13.1779 -3.30089 123.137
      vertex -13.1779 -3.30089 0
    endloop
  endfacet
  facet normal 0.84487 -0.534971 0
    outer loop
      vertex -11.6522 6.98409 123.137
      vertex -11.2955 7.54742 0
      vertex -11.2955 7.54742 123.137
    endloop
  endfacet
  facet normal 0.84487 -0.534971 0
    outer loop
      vertex -11.2955 7.54742 0
      vertex -11.6522 6.98409 123.137
      vertex -11.6522 6.98409 0
    endloop
  endfacet
  facet normal 0.997296 0.0734876 0
    outer loop
      vertex -13.5196 -1.33156 123.137
      vertex -13.5686 -0.666584 0
      vertex -13.5686 -0.666584 123.137
    endloop
  endfacet
  facet normal 0.997296 0.0734876 0
    outer loop
      vertex -13.5686 -0.666584 0
      vertex -13.5196 -1.33156 123.137
      vertex -13.5196 -1.33156 0
    endloop
  endfacet
  facet normal -0.170969 -0.985276 0
    outer loop
      vertex 1.99333 13.438 0
      vertex 2.6503 13.324 123.137
      vertex 1.99333 13.438 123.137
    endloop
  endfacet
  facet normal -0.170969 -0.985276 -0
    outer loop
      vertex 2.6503 13.324 123.137
      vertex 1.99333 13.438 0
      vertex 2.6503 13.324 0
    endloop
  endfacet
  facet normal 0.949554 -0.313603 0
    outer loop
      vertex -13 3.94352 123.137
      vertex -12.7909 4.57665 0
      vertex -12.7909 4.57665 123.137
    endloop
  endfacet
  facet normal 0.949554 -0.313603 0
    outer loop
      vertex -12.7909 4.57665 0
      vertex -13 3.94352 123.137
      vertex -13 3.94352 0
    endloop
  endfacet
  facet normal 0.932978 -0.359934 0
    outer loop
      vertex -12.7909 4.57665 123.137
      vertex -12.5509 5.19875 0
      vertex -12.5509 5.19875 123.137
    endloop
  endfacet
  facet normal 0.932978 -0.359934 0
    outer loop
      vertex -12.5509 5.19875 0
      vertex -12.7909 4.57665 123.137
      vertex -12.7909 4.57665 0
    endloop
  endfacet
  facet normal 0.313603 0.949554 -0
    outer loop
      vertex -3.94352 -13 0
      vertex -4.57665 -12.7909 123.137
      vertex -3.94352 -13 123.137
    endloop
  endfacet
  facet normal 0.313603 0.949554 0
    outer loop
      vertex -4.57665 -12.7909 123.137
      vertex -3.94352 -13 0
      vertex -4.57665 -12.7909 0
    endloop
  endfacet
  facet normal 0.992483 -0.122379 0
    outer loop
      vertex -13.5196 1.33156 123.137
      vertex -13.438 1.99333 0
      vertex -13.438 1.99333 123.137
    endloop
  endfacet
  facet normal 0.992483 -0.122379 0
    outer loop
      vertex -13.438 1.99333 0
      vertex -13.5196 1.33156 123.137
      vertex -13.5196 1.33156 0
    endloop
  endfacet
  facet normal -0.653147 0.757231 0
    outer loop
      vertex 9.12313 -10.0658 0
      vertex 8.61823 -10.5013 123.137
      vertex 9.12313 -10.0658 123.137
    endloop
  endfacet
  facet normal -0.653147 0.757231 0
    outer loop
      vertex 8.61823 -10.5013 123.137
      vertex 9.12313 -10.0658 0
      vertex 8.61823 -10.5013 0
    endloop
  endfacet
  facet normal -0.84487 0.534971 0
    outer loop
      vertex 11.2955 -7.54742 0
      vertex 11.6522 -6.98409 123.137
      vertex 11.6522 -6.98409 0
    endloop
  endfacet
  facet normal -0.84487 0.534971 0
    outer loop
      vertex 11.6522 -6.98409 123.137
      vertex 11.2955 -7.54742 0
      vertex 11.2955 -7.54742 123.137
    endloop
  endfacet
  facet normal 0.313603 -0.949554 0
    outer loop
      vertex -4.57665 12.7909 0
      vertex -3.94352 13 123.137
      vertex -4.57665 12.7909 123.137
    endloop
  endfacet
  facet normal 0.313603 -0.949554 0
    outer loop
      vertex -3.94352 13 123.137
      vertex -4.57665 12.7909 0
      vertex -3.94352 13 0
    endloop
  endfacet
  facet normal 0.963753 0.266797 0
    outer loop
      vertex -13 -3.94352 123.137
      vertex -13.1779 -3.30089 0
      vertex -13.1779 -3.30089 123.137
    endloop
  endfacet
  facet normal 0.963753 0.266797 0
    outer loop
      vertex -13.1779 -3.30089 0
      vertex -13 -3.94352 123.137
      vertex -13 -3.94352 0
    endloop
  endfacet
  facet normal 0.932978 0.359934 0
    outer loop
      vertex -12.5509 -5.19875 123.137
      vertex -12.7909 -4.57665 0
      vertex -12.7909 -4.57665 123.137
    endloop
  endfacet
  facet normal 0.932978 0.359934 0
    outer loop
      vertex -12.7909 -4.57665 0
      vertex -12.5509 -5.19875 123.137
      vertex -12.5509 -5.19875 0
    endloop
  endfacet
  facet normal 0.449624 -0.893218 0
    outer loop
      vertex -6.40392 11.9809 0
      vertex -5.80834 12.2807 123.137
      vertex -6.40392 11.9809 123.137
    endloop
  endfacet
  facet normal 0.449624 -0.893218 0
    outer loop
      vertex -5.80834 12.2807 123.137
      vertex -6.40392 11.9809 0
      vertex -5.80834 12.2807 0
    endloop
  endfacet
  facet normal -0.313603 -0.949554 0
    outer loop
      vertex 3.94352 13 0
      vertex 4.57665 12.7909 123.137
      vertex 3.94352 13 123.137
    endloop
  endfacet
  facet normal -0.313603 -0.949554 -0
    outer loop
      vertex 4.57665 12.7909 123.137
      vertex 3.94352 13 0
      vertex 4.57665 12.7909 0
    endloop
  endfacet
  facet normal -0.757231 -0.653147 0
    outer loop
      vertex 10.5013 8.61823 0
      vertex 10.0658 9.12313 123.137
      vertex 10.0658 9.12313 0
    endloop
  endfacet
  facet normal -0.757231 -0.653147 0
    outer loop
      vertex 10.0658 9.12313 123.137
      vertex 10.5013 8.61823 0
      vertex 10.5013 8.61823 123.137
    endloop
  endfacet
  facet normal 0.219109 0.9757 -0
    outer loop
      vertex -2.6503 -13.324 0
      vertex -3.30089 -13.1779 123.137
      vertex -2.6503 -13.324 123.137
    endloop
  endfacet
  facet normal 0.219109 0.9757 0
    outer loop
      vertex -3.30089 -13.1779 123.137
      vertex -2.6503 -13.324 0
      vertex -3.30089 -13.1779 0
    endloop
  endfacet
  facet normal -0.266797 0.963753 0
    outer loop
      vertex 3.94352 -13 0
      vertex 3.30089 -13.1779 123.137
      vertex 3.94352 -13 123.137
    endloop
  endfacet
  facet normal -0.266797 0.963753 0
    outer loop
      vertex 3.30089 -13.1779 123.137
      vertex 3.94352 -13 0
      vertex 3.30089 -13.1779 0
    endloop
  endfacet
  facet normal 0.914217 -0.405225 0
    outer loop
      vertex -12.5509 5.19875 123.137
      vertex -12.2807 5.80834 0
      vertex -12.2807 5.80834 123.137
    endloop
  endfacet
  facet normal 0.914217 -0.405225 0
    outer loop
      vertex -12.2807 5.80834 0
      vertex -12.5509 5.19875 123.137
      vertex -12.5509 5.19875 0
    endloop
  endfacet
  facet normal 0.534971 0.84487 -0
    outer loop
      vertex -6.98409 -11.6522 0
      vertex -7.54742 -11.2955 123.137
      vertex -6.98409 -11.6522 123.137
    endloop
  endfacet
  facet normal 0.534971 0.84487 0
    outer loop
      vertex -7.54742 -11.2955 123.137
      vertex -6.98409 -11.6522 0
      vertex -7.54742 -11.2955 0
    endloop
  endfacet
  facet normal 0.615298 0.788295 -0
    outer loop
      vertex -8.09257 -10.9116 0
      vertex -8.61823 -10.5013 123.137
      vertex -8.09257 -10.9116 123.137
    endloop
  endfacet
  facet normal 0.615298 0.788295 0
    outer loop
      vertex -8.61823 -10.5013 123.137
      vertex -8.09257 -10.9116 0
      vertex -8.61823 -10.5013 0
    endloop
  endfacet
  facet normal 0.359934 0.932978 -0
    outer loop
      vertex -4.57665 -12.7909 0
      vertex -5.19875 -12.5509 123.137
      vertex -4.57665 -12.7909 123.137
    endloop
  endfacet
  facet normal 0.359934 0.932978 0
    outer loop
      vertex -5.19875 -12.5509 123.137
      vertex -4.57665 -12.7909 0
      vertex -5.19875 -12.5509 0
    endloop
  endfacet
  facet normal 0.492941 0.870063 -0
    outer loop
      vertex -6.40392 -11.9809 0
      vertex -6.98409 -11.6522 123.137
      vertex -6.40392 -11.9809 123.137
    endloop
  endfacet
  facet normal 0.492941 0.870063 0
    outer loop
      vertex -6.98409 -11.6522 123.137
      vertex -6.40392 -11.9809 0
      vertex -6.98409 -11.6522 0
    endloop
  endfacet
  facet normal -0.219109 -0.9757 0
    outer loop
      vertex 2.6503 13.324 0
      vertex 3.30089 13.1779 123.137
      vertex 2.6503 13.324 123.137
    endloop
  endfacet
  facet normal -0.219109 -0.9757 -0
    outer loop
      vertex 3.30089 13.1779 123.137
      vertex 2.6503 13.324 0
      vertex 3.30089 13.1779 0
    endloop
  endfacet
  facet normal 0.870063 -0.492941 0
    outer loop
      vertex -11.9809 6.40392 123.137
      vertex -11.6522 6.98409 0
      vertex -11.6522 6.98409 123.137
    endloop
  endfacet
  facet normal 0.870063 -0.492941 0
    outer loop
      vertex -11.6522 6.98409 0
      vertex -11.9809 6.40392 123.137
      vertex -11.9809 6.40392 0
    endloop
  endfacet
  facet normal 0 0 1
    outer loop
      vertex -6.63757 21.7966 123.137
      vertex 6.63757 21.7966 123.137
      vertex 6.96572 22.365 123.137
    endloop
  endfacet
  facet normal 0 0 1
    outer loop
      vertex 6.63757 21.7966 123.137
      vertex -6.63757 21.7966 123.137
      vertex 6.28023 21.1777 123.137
    endloop
  endfacet
  facet normal 0 0 1
    outer loop
      vertex 4.78997 18.5965 123.137
      vertex 3.94352 13 123.137
      vertex 4.57665 12.7909 123.137
    endloop
  endfacet
  facet normal 0 0 1
    outer loop
      vertex 4.78997 18.5965 123.137
      vertex 3.30089 13.1779 123.137
      vertex 3.94352 13 123.137
    endloop
  endfacet
  facet normal 0 0 1
    outer loop
      vertex 4.78997 18.5965 123.137
      vertex 2.6503 13.324 123.137
      vertex 3.30089 13.1779 123.137
    endloop
  endfacet
  facet normal 0 0 1
    outer loop
      vertex 4.78997 18.5965 123.137
      vertex 1.99333 13.438 123.137
      vertex 2.6503 13.324 123.137
    endloop
  endfacet
  facet normal 0 0 1
    outer loop
      vertex 4.78997 18.5965 123.137
      vertex 1.33156 13.5196 123.137
      vertex 1.99333 13.438 123.137
    endloop
  endfacet
  facet normal 0 0 1
    outer loop
      vertex 6.28023 21.1777 123.137
      vertex -6.28023 21.1777 123.137
      vertex 4.78997 18.5965 123.137
    endloop
  endfacet
  facet normal 0 0 1
    outer loop
      vertex -6.96572 22.365 123.137
      vertex 6.96572 22.365 123.137
      vertex 7.04023 22.494 123.137
    endloop
  endfacet
  facet normal 0 0 1
    outer loop
      vertex 4.78997 18.5965 123.137
      vertex 0.666584 13.5686 123.137
      vertex 1.33156 13.5196 123.137
    endloop
  endfacet
  facet normal 0 -0 1
    outer loop
      vertex 0 13.585 123.137
      vertex 4.78997 18.5965 123.137
      vertex -4.78997 18.5965 123.137
    endloop
  endfacet
  facet normal 0 0 1
    outer loop
      vertex 4.78997 18.5965 123.137
      vertex 0 13.585 123.137
      vertex 0.666584 13.5686 123.137
    endloop
  endfacet
  facet normal 0 0 1
    outer loop
      vertex 0 13.585 123.137
      vertex -4.78997 18.5965 123.137
      vertex -0.666584 13.5686 123.137
    endloop
  endfacet
  facet normal 0 0 1
    outer loop
      vertex -0.666584 13.5686 123.137
      vertex -4.78997 18.5965 123.137
      vertex -1.33156 13.5196 123.137
    endloop
  endfacet
  facet normal 0 0 1
    outer loop
      vertex -1.33156 13.5196 123.137
      vertex -4.78997 18.5965 123.137
      vertex -1.99333 13.438 123.137
    endloop
  endfacet
  facet normal 0 0 1
    outer loop
      vertex -1.99333 13.438 123.137
      vertex -4.78997 18.5965 123.137
      vertex -2.6503 13.324 123.137
    endloop
  endfacet
  facet normal 0 0 1
    outer loop
      vertex -2.6503 13.324 123.137
      vertex -4.78997 18.5965 123.137
      vertex -3.30089 13.1779 123.137
    endloop
  endfacet
  facet normal 0 0 1
    outer loop
      vertex -3.30089 13.1779 123.137
      vertex -4.78997 18.5965 123.137
      vertex -3.94352 13 123.137
    endloop
  endfacet
  facet normal 0 0 1
    outer loop
      vertex -3.94352 13 123.137
      vertex -4.78997 18.5965 123.137
      vertex -4.57665 12.7909 123.137
    endloop
  endfacet
  facet normal 0 0 1
    outer loop
      vertex 4.78997 18.5965 123.137
      vertex -6.28023 21.1777 123.137
      vertex -4.78997 18.5965 123.137
    endloop
  endfacet
  facet normal 0 0 1
    outer loop
      vertex 6.28023 21.1777 123.137
      vertex -6.63757 21.7966 123.137
      vertex -6.28023 21.1777 123.137
    endloop
  endfacet
  facet normal 0 0 1
    outer loop
      vertex 6.96572 22.365 123.137
      vertex -6.96572 22.365 123.137
      vertex -6.63757 21.7966 123.137
    endloop
  endfacet
  facet normal 0 -0 1
    outer loop
      vertex -6.96572 22.365 123.137
      vertex 7.04023 22.494 123.137
      vertex -7.04023 22.494 123.137
    endloop
  endfacet
  facet normal 0 0 1
    outer loop
      vertex 22.2353 6.47534 123.137
      vertex 18.5 5.15 123.137
      vertex 23.0005 5.15 123.137
    endloop
  endfacet
  facet normal -0 0 1
    outer loop
      vertex 17.4164 8.13518 123.137
      vertex 22.2353 6.47534 123.137
      vertex 17.5545 8.50212 123.137
    endloop
  endfacet
  facet normal -0 0 1
    outer loop
      vertex 17.5545 8.50212 123.137
      vertex 22.2353 6.47534 123.137
      vertex 17.6184 8.88895 123.137
    endloop
  endfacet
  facet normal 0 0 1
    outer loop
      vertex 22.2353 6.47534 123.137
      vertex 17.6056 9.28081 123.137
      vertex 17.6184 8.88895 123.137
    endloop
  endfacet
  facet normal 0 0 1
    outer loop
      vertex 22.2353 6.47534 123.137
      vertex 17.5165 9.66264 123.137
      vertex 17.6056 9.28081 123.137
    endloop
  endfacet
  facet normal 0 0 1
    outer loop
      vertex 22.2353 6.47534 123.137
      vertex 17.3547 10.0198 123.137
      vertex 17.5165 9.66264 123.137
    endloop
  endfacet
  facet normal 0 0 1
    outer loop
      vertex 15.9603 17.344 123.137
      vertex 17.3547 10.0198 123.137
      vertex 22.2353 6.47534 123.137
    endloop
  endfacet
  facet normal 0 0 1
    outer loop
      vertex 17.3547 10.0198 123.137
      vertex 15.9603 17.344 123.137
      vertex 17.1264 10.3385 123.137
    endloop
  endfacet
  facet normal 0 0 1
    outer loop
      vertex 17.1264 10.3385 123.137
      vertex 15.9603 17.344 123.137
      vertex 16.8402 10.6065 123.137
    endloop
  endfacet
  facet normal -0 0 1
    outer loop
      vertex 15.8858 17.215 123.137
      vertex 16.8402 10.6065 123.137
      vertex 15.9603 17.344 123.137
    endloop
  endfacet
  facet normal -0 0 1
    outer loop
      vertex 15.5576 16.6466 123.137
      vertex 16.8402 10.6065 123.137
      vertex 15.8858 17.215 123.137
    endloop
  endfacet
  facet normal -0 0 1
    outer loop
      vertex 15.2003 16.0277 123.137
      vertex 16.8402 10.6065 123.137
      vertex 15.5576 16.6466 123.137
    endloop
  endfacet
  facet normal 0 0 1
    outer loop
      vertex 16.8402 10.6065 123.137
      vertex 15.2003 16.0277 123.137
      vertex 16.5073 10.8135 123.137
    endloop
  endfacet
  facet normal 0 0 1
    outer loop
      vertex 16.5073 10.8135 123.137
      vertex 15.2003 16.0277 123.137
      vertex 16.1403 10.9516 123.137
    endloop
  endfacet
  facet normal 0 0 1
    outer loop
      vertex 16.1403 10.9516 123.137
      vertex 15.2003 16.0277 123.137
      vertex 15.7535 11.0155 123.137
    endloop
  endfacet
  facet normal -0 0 1
    outer loop
      vertex 13.71 13.4465 123.137
      vertex 15.7535 11.0155 123.137
      vertex 15.2003 16.0277 123.137
    endloop
  endfacet
  facet normal 0 0 1
    outer loop
      vertex 15.7535 11.0155 123.137
      vertex 13.71 13.4465 123.137
      vertex 15.3616 11.0026 123.137
    endloop
  endfacet
  facet normal 0 0 1
    outer loop
      vertex 15.3616 11.0026 123.137
      vertex 13.71 13.4465 123.137
      vertex 14.9798 10.9136 123.137
    endloop
  endfacet
  facet normal 0 0 1
    outer loop
      vertex 14.9798 10.9136 123.137
      vertex 13.71 13.4465 123.137
      vertex 14.6227 10.7518 123.137
    endloop
  endfacet
  facet normal 0 0 1
    outer loop
      vertex 14.6227 10.7518 123.137
      vertex 13.71 13.4465 123.137
      vertex 14.304 10.5234 123.137
    endloop
  endfacet
  facet normal 0 0 1
    outer loop
      vertex 14.304 10.5234 123.137
      vertex 13.71 13.4465 123.137
      vertex 14.036 10.2373 123.137
    endloop
  endfacet
  facet normal 0 0 1
    outer loop
      vertex 9.60604 9.60604 123.137
      vertex 14.036 10.2373 123.137
      vertex 13.71 13.4465 123.137
    endloop
  endfacet
  facet normal 0 0 1
    outer loop
      vertex 14.036 10.2373 123.137
      vertex 9.60604 9.60604 123.137
      vertex 13.8289 9.90434 123.137
    endloop
  endfacet
  facet normal 0 -0 1
    outer loop
      vertex 10.0658 9.12313 123.137
      vertex 13.8289 9.90434 123.137
      vertex 9.60604 9.60604 123.137
    endloop
  endfacet
  facet normal 0 0 1
    outer loop
      vertex 18.5 5.15 123.137
      vertex 13.585 0 123.137
      vertex 18.5 -5.15 123.137
    endloop
  endfacet
  facet normal 0 0 1
    outer loop
      vertex 13.6398 8.75871 123.137
      vertex 13.5196 1.33156 123.137
      vertex 13.5686 0.666584 123.137
    endloop
  endfacet
  facet normal 0 0 1
    outer loop
      vertex 13.6398 8.75871 123.137
      vertex 13.438 1.99333 123.137
      vertex 13.5196 1.33156 123.137
    endloop
  endfacet
  facet normal 0 0 1
    outer loop
      vertex 13.8289 9.90434 123.137
      vertex 10.0658 9.12313 123.137
      vertex 13.6908 9.5374 123.137
    endloop
  endfacet
  facet normal 0 0 1
    outer loop
      vertex 13.6398 8.75871 123.137
      vertex 13.324 2.6503 123.137
      vertex 13.438 1.99333 123.137
    endloop
  endfacet
  facet normal 0 0 1
    outer loop
      vertex 13.6398 8.75871 123.137
      vertex 13.1779 3.30089 123.137
      vertex 13.324 2.6503 123.137
    endloop
  endfacet
  facet normal 0 0 1
    outer loop
      vertex 13.6398 8.75871 123.137
      vertex 13 3.94352 123.137
      vertex 13.1779 3.30089 123.137
    endloop
  endfacet
  facet normal 0 0 1
    outer loop
      vertex 13.6398 8.75871 123.137
      vertex 12.7909 4.57665 123.137
      vertex 13 3.94352 123.137
    endloop
  endfacet
  facet normal 0 0 1
    outer loop
      vertex 13.6398 8.75871 123.137
      vertex 12.5509 5.19875 123.137
      vertex 12.7909 4.57665 123.137
    endloop
  endfacet
  facet normal 0 0 1
    outer loop
      vertex 13.6398 8.75871 123.137
      vertex 12.2807 5.80834 123.137
      vertex 12.5509 5.19875 123.137
    endloop
  endfacet
  facet normal 0 0 1
    outer loop
      vertex 13.6398 8.75871 123.137
      vertex 11.9809 6.40392 123.137
      vertex 12.2807 5.80834 123.137
    endloop
  endfacet
  facet normal 0 0 1
    outer loop
      vertex 13.6398 8.75871 123.137
      vertex 11.6522 6.98409 123.137
      vertex 11.9809 6.40392 123.137
    endloop
  endfacet
  facet normal 0 0 1
    outer loop
      vertex 13.6398 8.75871 123.137
      vertex 11.2955 7.54742 123.137
      vertex 11.6522 6.98409 123.137
    endloop
  endfacet
  facet normal 0 0 1
    outer loop
      vertex 13.6398 8.75871 123.137
      vertex 10.9116 8.09257 123.137
      vertex 11.2955 7.54742 123.137
    endloop
  endfacet
  facet normal 0 0 1
    outer loop
      vertex 13.627 9.15057 123.137
      vertex 10.5013 8.61823 123.137
      vertex 10.9116 8.09257 123.137
    endloop
  endfacet
  facet normal 0 0 1
    outer loop
      vertex 13.6908 9.5374 123.137
      vertex 10.5013 8.61823 123.137
      vertex 13.627 9.15057 123.137
    endloop
  endfacet
  facet normal 0 -0 1
    outer loop
      vertex 10.5013 8.61823 123.137
      vertex 13.6908 9.5374 123.137
      vertex 10.0658 9.12313 123.137
    endloop
  endfacet
  facet normal 0 0 1
    outer loop
      vertex 13.71 13.4465 123.137
      vertex 9.12313 10.0658 123.137
      vertex 9.60604 9.60604 123.137
    endloop
  endfacet
  facet normal 0 0 1
    outer loop
      vertex 13.71 13.4465 123.137
      vertex 8.61823 10.5013 123.137
      vertex 9.12313 10.0658 123.137
    endloop
  endfacet
  facet normal 0 0 1
    outer loop
      vertex 13.71 13.4465 123.137
      vertex 8.09257 10.9116 123.137
      vertex 8.61823 10.5013 123.137
    endloop
  endfacet
  facet normal 0 0 1
    outer loop
      vertex 13.71 13.4465 123.137
      vertex 7.54742 11.2955 123.137
      vertex 8.09257 10.9116 123.137
    endloop
  endfacet
  facet normal 0 0 1
    outer loop
      vertex 13.71 13.4465 123.137
      vertex 6.98409 11.6522 123.137
      vertex 7.54742 11.2955 123.137
    endloop
  endfacet
  facet normal 0 0 1
    outer loop
      vertex 4.78997 18.5965 123.137
      vertex 6.98409 11.6522 123.137
      vertex 13.71 13.4465 123.137
    endloop
  endfacet
  facet normal 0 0 1
    outer loop
      vertex 6.98409 11.6522 123.137
      vertex 4.78997 18.5965 123.137
      vertex 6.40392 11.9809 123.137
    endloop
  endfacet
  facet normal 0 0 1
    outer loop
      vertex 6.40392 11.9809 123.137
      vertex 4.78997 18.5965 123.137
      vertex 5.80834 12.2807 123.137
    endloop
  endfacet
  facet normal 0 0 1
    outer loop
      vertex 5.80834 12.2807 123.137
      vertex 4.78997 18.5965 123.137
      vertex 5.19875 12.5509 123.137
    endloop
  endfacet
  facet normal 0 0 1
    outer loop
      vertex 5.19875 12.5509 123.137
      vertex 4.78997 18.5965 123.137
      vertex 4.57665 12.7909 123.137
    endloop
  endfacet
  facet normal 0 0 1
    outer loop
      vertex 22.2353 6.47534 123.137
      vertex 17.4164 8.13518 123.137
      vertex 18.5 5.15 123.137
    endloop
  endfacet
  facet normal -0 0 1
    outer loop
      vertex 17.2094 7.80224 123.137
      vertex 18.5 5.15 123.137
      vertex 17.4164 8.13518 123.137
    endloop
  endfacet
  facet normal -0 0 1
    outer loop
      vertex 16.9414 7.51608 123.137
      vertex 18.5 5.15 123.137
      vertex 17.2094 7.80224 123.137
    endloop
  endfacet
  facet normal -0 0 1
    outer loop
      vertex 16.6227 7.28771 123.137
      vertex 18.5 5.15 123.137
      vertex 16.9414 7.51608 123.137
    endloop
  endfacet
  facet normal -0 0 1
    outer loop
      vertex 18.5 -5.15 123.137
      vertex 16.7255 -16.0187 123.137
      vertex 23.0005 -5.15 123.137
    endloop
  endfacet
  facet normal -0 0 1
    outer loop
      vertex 16.2656 7.1259 123.137
      vertex 18.5 5.15 123.137
      vertex 16.6227 7.28771 123.137
    endloop
  endfacet
  facet normal 0 -0 1
    outer loop
      vertex 13.585 0 123.137
      vertex 18.5 5.15 123.137
      vertex 13.5686 0.666584 123.137
    endloop
  endfacet
  facet normal -0 0 1
    outer loop
      vertex 15.8837 7.03687 123.137
      vertex 18.5 5.15 123.137
      vertex 16.2656 7.1259 123.137
    endloop
  endfacet
  facet normal -0 0 1
    outer loop
      vertex 13.438 -1.99333 123.137
      vertex 18.5 -5.15 123.137
      vertex 13.5196 -1.33156 123.137
    endloop
  endfacet
  facet normal -0 0 1
    outer loop
      vertex 13.1779 -3.30089 123.137
      vertex 18.5 -5.15 123.137
      vertex 13.324 -2.6503 123.137
    endloop
  endfacet
  facet normal -0 0 1
    outer loop
      vertex 15.4919 7.02404 123.137
      vertex 18.5 5.15 123.137
      vertex 15.8837 7.03687 123.137
    endloop
  endfacet
  facet normal -0 0 1
    outer loop
      vertex 13.324 -2.6503 123.137
      vertex 18.5 -5.15 123.137
      vertex 13.438 -1.99333 123.137
    endloop
  endfacet
  facet normal 0 0 1
    outer loop
      vertex 18.5 5.15 123.137
      vertex 15.4919 7.02404 123.137
      vertex 13.5686 0.666584 123.137
    endloop
  endfacet
  facet normal -0 0 1
    outer loop
      vertex 13 -3.94352 123.137
      vertex 18.5 -5.15 123.137
      vertex 13.1779 -3.30089 123.137
    endloop
  endfacet
  facet normal 0 0 1
    outer loop
      vertex 13.5686 0.666584 123.137
      vertex 15.4919 7.02404 123.137
      vertex 15.105 7.08791 123.137
    endloop
  endfacet
  facet normal 0 0 1
    outer loop
      vertex 13.5686 0.666584 123.137
      vertex 15.105 7.08791 123.137
      vertex 14.7381 7.22601 123.137
    endloop
  endfacet
  facet normal 0 0 1
    outer loop
      vertex 13.5686 0.666584 123.137
      vertex 14.7381 7.22601 123.137
      vertex 14.4052 7.43305 123.137
    endloop
  endfacet
  facet normal 0 0 1
    outer loop
      vertex 13.5686 0.666584 123.137
      vertex 14.4052 7.43305 123.137
      vertex 14.119 7.70107 123.137
    endloop
  endfacet
  facet normal 0 0 1
    outer loop
      vertex 13.5686 0.666584 123.137
      vertex 14.119 7.70107 123.137
      vertex 13.8906 8.01976 123.137
    endloop
  endfacet
  facet normal 0 0 1
    outer loop
      vertex 13.5686 0.666584 123.137
      vertex 13.8906 8.01976 123.137
      vertex 13.7288 8.37688 123.137
    endloop
  endfacet
  facet normal 0 0 1
    outer loop
      vertex 18.5 -5.15 123.137
      vertex 13.585 0 123.137
      vertex 13.5686 -0.666584 123.137
    endloop
  endfacet
  facet normal 0 0 1
    outer loop
      vertex 13.5686 0.666584 123.137
      vertex 13.7288 8.37688 123.137
      vertex 13.6398 8.75871 123.137
    endloop
  endfacet
  facet normal 0 0 1
    outer loop
      vertex 10.9116 8.09257 123.137
      vertex 13.6398 8.75871 123.137
      vertex 13.627 9.15057 123.137
    endloop
  endfacet
  facet normal 0 0 1
    outer loop
      vertex 18.5 -5.15 123.137
      vertex 13.5686 -0.666584 123.137
      vertex 13.5196 -1.33156 123.137
    endloop
  endfacet
  facet normal 0 0 1
    outer loop
      vertex 16.7255 -16.0187 123.137
      vertex 15.8858 -17.215 123.137
      vertex 15.9603 -17.344 123.137
    endloop
  endfacet
  facet normal 0 0 1
    outer loop
      vertex 16.7255 -16.0187 123.137
      vertex 15.5576 -16.6466 123.137
      vertex 15.8858 -17.215 123.137
    endloop
  endfacet
  facet normal 0 0 1
    outer loop
      vertex 16.7255 -16.0187 123.137
      vertex 15.2003 -16.0277 123.137
      vertex 15.5576 -16.6466 123.137
    endloop
  endfacet
  facet normal -0 0 1
    outer loop
      vertex 12.7909 -4.57665 123.137
      vertex 18.5 -5.15 123.137
      vertex 13 -3.94352 123.137
    endloop
  endfacet
  facet normal 0 0 1
    outer loop
      vertex 12.5509 -5.19875 123.137
      vertex 18.5 -5.15 123.137
      vertex 12.7909 -4.57665 123.137
    endloop
  endfacet
  facet normal 0 0 1
    outer loop
      vertex 16.7255 -16.0187 123.137
      vertex 13.71 -13.4465 123.137
      vertex 15.2003 -16.0277 123.137
    endloop
  endfacet
  facet normal 0 0 1
    outer loop
      vertex 12.2807 -5.80834 123.137
      vertex 18.5 -5.15 123.137
      vertex 12.5509 -5.19875 123.137
    endloop
  endfacet
  facet normal 0 0 1
    outer loop
      vertex 18.5 -5.15 123.137
      vertex 13.71 -13.4465 123.137
      vertex 16.7255 -16.0187 123.137
    endloop
  endfacet
  facet normal 0 0 1
    outer loop
      vertex 11.9809 -6.40392 123.137
      vertex 18.5 -5.15 123.137
      vertex 12.2807 -5.80834 123.137
    endloop
  endfacet
  facet normal 0 0 1
    outer loop
      vertex 11.6522 -6.98409 123.137
      vertex 18.5 -5.15 123.137
      vertex 11.9809 -6.40392 123.137
    endloop
  endfacet
  facet normal 0 0 1
    outer loop
      vertex 18.5 -5.15 123.137
      vertex 11.6522 -6.98409 123.137
      vertex 13.71 -13.4465 123.137
    endloop
  endfacet
  facet normal -0 0 1
    outer loop
      vertex 11.2955 -7.54742 123.137
      vertex 13.71 -13.4465 123.137
      vertex 11.6522 -6.98409 123.137
    endloop
  endfacet
  facet normal -0 0 1
    outer loop
      vertex 10.9116 -8.09257 123.137
      vertex 13.71 -13.4465 123.137
      vertex 11.2955 -7.54742 123.137
    endloop
  endfacet
  facet normal -0 0 1
    outer loop
      vertex 10.5013 -8.61823 123.137
      vertex 13.71 -13.4465 123.137
      vertex 10.9116 -8.09257 123.137
    endloop
  endfacet
  facet normal -0 0 1
    outer loop
      vertex 10.0658 -9.12313 123.137
      vertex 13.71 -13.4465 123.137
      vertex 10.5013 -8.61823 123.137
    endloop
  endfacet
  facet normal -0 0 1
    outer loop
      vertex 9.60604 -9.60604 123.137
      vertex 13.71 -13.4465 123.137
      vertex 10.0658 -9.12313 123.137
    endloop
  endfacet
  facet normal -0 0 1
    outer loop
      vertex 9.12313 -10.0658 123.137
      vertex 13.71 -13.4465 123.137
      vertex 9.60604 -9.60604 123.137
    endloop
  endfacet
  facet normal -0 0 1
    outer loop
      vertex 8.61823 -10.5013 123.137
      vertex 13.71 -13.4465 123.137
      vertex 9.12313 -10.0658 123.137
    endloop
  endfacet
  facet normal -0 0 1
    outer loop
      vertex 8.09257 -10.9116 123.137
      vertex 13.71 -13.4465 123.137
      vertex 8.61823 -10.5013 123.137
    endloop
  endfacet
  facet normal -0 0 1
    outer loop
      vertex 7.54742 -11.2955 123.137
      vertex 13.71 -13.4465 123.137
      vertex 8.09257 -10.9116 123.137
    endloop
  endfacet
  facet normal -0 0 1
    outer loop
      vertex 6.98409 -11.6522 123.137
      vertex 13.71 -13.4465 123.137
      vertex 7.54742 -11.2955 123.137
    endloop
  endfacet
  facet normal 0 0 1
    outer loop
      vertex 4.78997 -18.5965 123.137
      vertex 6.98409 -11.6522 123.137
      vertex 6.40392 -11.9809 123.137
    endloop
  endfacet
  facet normal 0 0 1
    outer loop
      vertex 4.78997 -18.5965 123.137
      vertex 6.40392 -11.9809 123.137
      vertex 5.80834 -12.2807 123.137
    endloop
  endfacet
  facet normal 0 0 1
    outer loop
      vertex 4.78997 -18.5965 123.137
      vertex 5.80834 -12.2807 123.137
      vertex 5.19875 -12.5509 123.137
    endloop
  endfacet
  facet normal 0 0 1
    outer loop
      vertex 6.98409 -11.6522 123.137
      vertex 4.78997 -18.5965 123.137
      vertex 13.71 -13.4465 123.137
    endloop
  endfacet
  facet normal 0 -0 1
    outer loop
      vertex 4.78997 -18.5965 123.137
      vertex 5.19875 -12.5509 123.137
      vertex 4.57665 -12.7909 123.137
    endloop
  endfacet
  facet normal 0 0 1
    outer loop
      vertex 0.765367 -19.8873 123.137
      vertex 6.63757 -21.7966 123.137
      vertex 6.28023 -21.1777 123.137
    endloop
  endfacet
  facet normal -0 0 1
    outer loop
      vertex 1.41421 -19.4537 123.137
      vertex 6.28023 -21.1777 123.137
      vertex 4.78997 -18.5965 123.137
    endloop
  endfacet
  facet normal -0 0 1
    outer loop
      vertex 3.94352 -13 123.137
      vertex 4.78997 -18.5965 123.137
      vertex 4.57665 -12.7909 123.137
    endloop
  endfacet
  facet normal -0 0 1
    outer loop
      vertex 3.30089 -13.1779 123.137
      vertex 4.78997 -18.5965 123.137
      vertex 3.94352 -13 123.137
    endloop
  endfacet
  facet normal 0 0 1
    outer loop
      vertex 1.66294 -16.9284 123.137
      vertex 3.30089 -13.1779 123.137
      vertex 2.6503 -13.324 123.137
    endloop
  endfacet
  facet normal 0 0 1
    outer loop
      vertex 3.30089 -13.1779 123.137
      vertex 1.84776 -17.2742 123.137
      vertex 4.78997 -18.5965 123.137
    endloop
  endfacet
  facet normal -0 0 1
    outer loop
      vertex 1.96157 -18.4297 123.137
      vertex 4.78997 -18.5965 123.137
      vertex 2 -18.0395 123.137
    endloop
  endfacet
  facet normal 0 0 1
    outer loop
      vertex 1.84776 -18.8049 123.137
      vertex 4.78997 -18.5965 123.137
      vertex 1.96157 -18.4297 123.137
    endloop
  endfacet
  facet normal 0 0 1
    outer loop
      vertex 1.66294 -19.1507 123.137
      vertex 4.78997 -18.5965 123.137
      vertex 1.84776 -18.8049 123.137
    endloop
  endfacet
  facet normal 0 0 1
    outer loop
      vertex 1.41421 -19.4537 123.137
      vertex 4.78997 -18.5965 123.137
      vertex 1.66294 -19.1507 123.137
    endloop
  endfacet
  facet normal -0 0 1
    outer loop
      vertex 1.11114 -19.7025 123.137
      vertex 6.28023 -21.1777 123.137
      vertex 1.41421 -19.4537 123.137
    endloop
  endfacet
  facet normal -0 0 1
    outer loop
      vertex 0.765367 -19.8873 123.137
      vertex 6.28023 -21.1777 123.137
      vertex 1.11114 -19.7025 123.137
    endloop
  endfacet
  facet normal 0 0 1
    outer loop
      vertex 6.63757 -21.7966 123.137
      vertex 0.765367 -19.8873 123.137
      vertex 6.96572 -22.365 123.137
    endloop
  endfacet
  facet normal 0 0 1
    outer loop
      vertex 6.96572 -22.365 123.137
      vertex 0.765367 -19.8873 123.137
      vertex 7.04023 -22.494 123.137
    endloop
  endfacet
  facet normal -0 0 1
    outer loop
      vertex 0.390181 -20.0011 123.137
      vertex 7.04023 -22.494 123.137
      vertex 0.765367 -19.8873 123.137
    endloop
  endfacet
  facet normal -0 0 1
    outer loop
      vertex 0 -20.0395 123.137
      vertex 7.04023 -22.494 123.137
      vertex 0.390181 -20.0011 123.137
    endloop
  endfacet
  facet normal 0 0 1
    outer loop
      vertex -7.04023 -22.494 123.137
      vertex 0 -20.0395 123.137
      vertex -0.390181 -20.0011 123.137
    endloop
  endfacet
  facet normal 0 0 1
    outer loop
      vertex -7.04023 -22.494 123.137
      vertex -0.390181 -20.0011 123.137
      vertex -0.765367 -19.8873 123.137
    endloop
  endfacet
  facet normal 0 0 1
    outer loop
      vertex -1.84776 -17.2742 123.137
      vertex -4.78997 -18.5965 123.137
      vertex -1.96157 -17.6493 123.137
    endloop
  endfacet
  facet normal 0 0 1
    outer loop
      vertex -1.96157 -17.6493 123.137
      vertex -4.78997 -18.5965 123.137
      vertex -2 -18.0395 123.137
    endloop
  endfacet
  facet normal 0 0 1
    outer loop
      vertex -4.78997 -18.5965 123.137
      vertex -3.30089 -13.1779 123.137
      vertex -3.94352 -13 123.137
    endloop
  endfacet
  facet normal 0 0 1
    outer loop
      vertex -2 -18.0395 123.137
      vertex -4.78997 -18.5965 123.137
      vertex -1.96157 -18.4297 123.137
    endloop
  endfacet
  facet normal 0 0 1
    outer loop
      vertex -4.78997 -18.5965 123.137
      vertex -3.94352 -13 123.137
      vertex -4.57665 -12.7909 123.137
    endloop
  endfacet
  facet normal 0 0 1
    outer loop
      vertex -1.96157 -18.4297 123.137
      vertex -4.78997 -18.5965 123.137
      vertex -1.84776 -18.8049 123.137
    endloop
  endfacet
  facet normal 0 0 1
    outer loop
      vertex -4.78997 -18.5965 123.137
      vertex -1.66294 -19.1507 123.137
      vertex -1.84776 -18.8049 123.137
    endloop
  endfacet
  facet normal 0 0 1
    outer loop
      vertex -4.78997 -18.5965 123.137
      vertex -1.41421 -19.4537 123.137
      vertex -1.66294 -19.1507 123.137
    endloop
  endfacet
  facet normal 0 0 1
    outer loop
      vertex -6.28023 -21.1777 123.137
      vertex -1.41421 -19.4537 123.137
      vertex -4.78997 -18.5965 123.137
    endloop
  endfacet
  facet normal 0 0 1
    outer loop
      vertex -1.41421 -19.4537 123.137
      vertex -6.28023 -21.1777 123.137
      vertex -1.11114 -19.7025 123.137
    endloop
  endfacet
  facet normal 0 0 1
    outer loop
      vertex -1.11114 -19.7025 123.137
      vertex -6.28023 -21.1777 123.137
      vertex -0.765367 -19.8873 123.137
    endloop
  endfacet
  facet normal 0 0 1
    outer loop
      vertex -6.63757 -21.7966 123.137
      vertex -0.765367 -19.8873 123.137
      vertex -6.28023 -21.1777 123.137
    endloop
  endfacet
  facet normal 0 0 1
    outer loop
      vertex -6.96572 -22.365 123.137
      vertex -0.765367 -19.8873 123.137
      vertex -6.63757 -21.7966 123.137
    endloop
  endfacet
  facet normal 0 0 1
    outer loop
      vertex -7.04023 -22.494 123.137
      vertex -0.765367 -19.8873 123.137
      vertex -6.96572 -22.365 123.137
    endloop
  endfacet
  facet normal 0 0 1
    outer loop
      vertex 0 -20.0395 123.137
      vertex -7.04023 -22.494 123.137
      vertex 7.04023 -22.494 123.137
    endloop
  endfacet
  facet normal 0 0 1
    outer loop
      vertex -5.19875 -12.5509 123.137
      vertex -4.78997 -18.5965 123.137
      vertex -4.57665 -12.7909 123.137
    endloop
  endfacet
  facet normal 0 0 1
    outer loop
      vertex -5.80834 -12.2807 123.137
      vertex -4.78997 -18.5965 123.137
      vertex -5.19875 -12.5509 123.137
    endloop
  endfacet
  facet normal 0 0 1
    outer loop
      vertex -6.40392 -11.9809 123.137
      vertex -4.78997 -18.5965 123.137
      vertex -5.80834 -12.2807 123.137
    endloop
  endfacet
  facet normal 0 0 1
    outer loop
      vertex -6.98409 -11.6522 123.137
      vertex -4.78997 -18.5965 123.137
      vertex -6.40392 -11.9809 123.137
    endloop
  endfacet
  facet normal 0 0 1
    outer loop
      vertex -13.71 -13.4465 123.137
      vertex -6.98409 -11.6522 123.137
      vertex -7.54742 -11.2955 123.137
    endloop
  endfacet
  facet normal 0 0 1
    outer loop
      vertex -13.71 -13.4465 123.137
      vertex -7.54742 -11.2955 123.137
      vertex -8.09257 -10.9116 123.137
    endloop
  endfacet
  facet normal 0 0 1
    outer loop
      vertex -13.71 -13.4465 123.137
      vertex -8.09257 -10.9116 123.137
      vertex -8.61823 -10.5013 123.137
    endloop
  endfacet
  facet normal 0 0 1
    outer loop
      vertex -13.71 -13.4465 123.137
      vertex -8.61823 -10.5013 123.137
      vertex -9.12313 -10.0658 123.137
    endloop
  endfacet
  facet normal 0 0 1
    outer loop
      vertex -13.71 -13.4465 123.137
      vertex -9.12313 -10.0658 123.137
      vertex -9.60604 -9.60604 123.137
    endloop
  endfacet
  facet normal 0 0 1
    outer loop
      vertex -13.71 -13.4465 123.137
      vertex -9.60604 -9.60604 123.137
      vertex -10.0658 -9.12313 123.137
    endloop
  endfacet
  facet normal 0 0 1
    outer loop
      vertex -13.71 -13.4465 123.137
      vertex -10.0658 -9.12313 123.137
      vertex -10.5013 -8.61823 123.137
    endloop
  endfacet
  facet normal 0 0 1
    outer loop
      vertex -13.71 -13.4465 123.137
      vertex -10.5013 -8.61823 123.137
      vertex -10.9116 -8.09257 123.137
    endloop
  endfacet
  facet normal 0 0 1
    outer loop
      vertex -13.71 -13.4465 123.137
      vertex -10.9116 -8.09257 123.137
      vertex -11.2955 -7.54742 123.137
    endloop
  endfacet
  facet normal 0 0 1
    outer loop
      vertex -13.71 -13.4465 123.137
      vertex -11.2955 -7.54742 123.137
      vertex -11.6522 -6.98409 123.137
    endloop
  endfacet
  facet normal 0 0 1
    outer loop
      vertex -12.7909 4.57665 123.137
      vertex -15.105 7.08791 123.137
      vertex -13 3.94352 123.137
    endloop
  endfacet
  facet normal 0 0 1
    outer loop
      vertex -6.98409 -11.6522 123.137
      vertex -13.71 -13.4465 123.137
      vertex -4.78997 -18.5965 123.137
    endloop
  endfacet
  facet normal 0 0 1
    outer loop
      vertex -18.5 -5.15 123.137
      vertex -11.6522 -6.98409 123.137
      vertex -11.9809 -6.40392 123.137
    endloop
  endfacet
  facet normal 0 0 1
    outer loop
      vertex -18.5 -5.15 123.137
      vertex -11.9809 -6.40392 123.137
      vertex -12.2807 -5.80834 123.137
    endloop
  endfacet
  facet normal 0 0 1
    outer loop
      vertex -18.5 -5.15 123.137
      vertex -12.2807 -5.80834 123.137
      vertex -12.5509 -5.19875 123.137
    endloop
  endfacet
  facet normal -0 0 1
    outer loop
      vertex -18.5 -5.15 123.137
      vertex -12.5509 -5.19875 123.137
      vertex -12.7909 -4.57665 123.137
    endloop
  endfacet
  facet normal 0 0 1
    outer loop
      vertex -18.5 -5.15 123.137
      vertex -12.7909 -4.57665 123.137
      vertex -13 -3.94352 123.137
    endloop
  endfacet
  facet normal 0 0 1
    outer loop
      vertex -18.5 -5.15 123.137
      vertex -13 -3.94352 123.137
      vertex -13.1779 -3.30089 123.137
    endloop
  endfacet
  facet normal 0 0 1
    outer loop
      vertex -18.5 -5.15 123.137
      vertex -13.1779 -3.30089 123.137
      vertex -13.324 -2.6503 123.137
    endloop
  endfacet
  facet normal 0 0 1
    outer loop
      vertex -18.5 -5.15 123.137
      vertex -13.324 -2.6503 123.137
      vertex -13.438 -1.99333 123.137
    endloop
  endfacet
  facet normal 0 0 1
    outer loop
      vertex -18.5 -5.15 123.137
      vertex -13.438 -1.99333 123.137
      vertex -13.5196 -1.33156 123.137
    endloop
  endfacet
  facet normal 0 0 1
    outer loop
      vertex -18.5 -5.15 123.137
      vertex -13.5196 -1.33156 123.137
      vertex -13.5686 -0.666584 123.137
    endloop
  endfacet
  facet normal 0 0 1
    outer loop
      vertex -18.5 -5.15 123.137
      vertex -13.5686 -0.666584 123.137
      vertex -13.585 0 123.137
    endloop
  endfacet
  facet normal -0 0 1
    outer loop
      vertex -15.4919 7.02404 123.137
      vertex -13 3.94352 123.137
      vertex -15.105 7.08791 123.137
    endloop
  endfacet
  facet normal 0 0 1
    outer loop
      vertex -13 3.94352 123.137
      vertex -15.4919 7.02404 123.137
      vertex -13.1779 3.30089 123.137
    endloop
  endfacet
  facet normal 0 0 1
    outer loop
      vertex -15.8837 7.03687 123.137
      vertex -13.1779 3.30089 123.137
      vertex -15.4919 7.02404 123.137
    endloop
  endfacet
  facet normal 0 0 1
    outer loop
      vertex -13.1779 3.30089 123.137
      vertex -18.5 5.15 123.137
      vertex -13.324 2.6503 123.137
    endloop
  endfacet
  facet normal 0 0 1
    outer loop
      vertex -13.324 2.6503 123.137
      vertex -18.5 5.15 123.137
      vertex -13.438 1.99333 123.137
    endloop
  endfacet
  facet normal 0 0 1
    outer loop
      vertex -13.438 1.99333 123.137
      vertex -18.5 5.15 123.137
      vertex -13.5196 1.33156 123.137
    endloop
  endfacet
  facet normal 0 0 1
    outer loop
      vertex -13.5196 1.33156 123.137
      vertex -18.5 5.15 123.137
      vertex -13.5686 0.666584 123.137
    endloop
  endfacet
  facet normal 0 0 1
    outer loop
      vertex -11.6522 -6.98409 123.137
      vertex -18.5 -5.15 123.137
      vertex -13.71 -13.4465 123.137
    endloop
  endfacet
  facet normal 0 0 1
    outer loop
      vertex -13.5686 0.666584 123.137
      vertex -18.5 5.15 123.137
      vertex -13.585 0 123.137
    endloop
  endfacet
  facet normal -0 0 1
    outer loop
      vertex -22.2353 -6.47534 123.137
      vertex -13.71 -13.4465 123.137
      vertex -18.5 -5.15 123.137
    endloop
  endfacet
  facet normal 0 0 1
    outer loop
      vertex -13.1779 3.30089 123.137
      vertex -15.8837 7.03687 123.137
      vertex -18.5 5.15 123.137
    endloop
  endfacet
  facet normal 0 0 1
    outer loop
      vertex -13.71 -13.4465 123.137
      vertex -22.2353 -6.47534 123.137
      vertex -15.2003 -16.0277 123.137
    endloop
  endfacet
  facet normal 0 0 1
    outer loop
      vertex -15.2003 -16.0277 123.137
      vertex -22.2353 -6.47534 123.137
      vertex -15.5576 -16.6466 123.137
    endloop
  endfacet
  facet normal 0 0 1
    outer loop
      vertex -18.5 5.15 123.137
      vertex -15.8837 7.03687 123.137
      vertex -16.2656 7.1259 123.137
    endloop
  endfacet
  facet normal 0 0 1
    outer loop
      vertex -18.5 5.15 123.137
      vertex -16.2656 7.1259 123.137
      vertex -16.6227 7.28771 123.137
    endloop
  endfacet
  facet normal 0 0 1
    outer loop
      vertex -18.5 5.15 123.137
      vertex -16.6227 7.28771 123.137
      vertex -16.9414 7.51608 123.137
    endloop
  endfacet
  facet normal 0 0 1
    outer loop
      vertex -18.5 5.15 123.137
      vertex -16.9414 7.51608 123.137
      vertex -17.2094 7.80224 123.137
    endloop
  endfacet
  facet normal 0 0 1
    outer loop
      vertex -18.5 5.15 123.137
      vertex -17.2094 7.80224 123.137
      vertex -17.4164 8.13518 123.137
    endloop
  endfacet
  facet normal 0 0 1
    outer loop
      vertex -18.5 5.15 123.137
      vertex -17.4164 8.13518 123.137
      vertex -17.5545 8.50212 123.137
    endloop
  endfacet
  facet normal 0 0 1
    outer loop
      vertex -23.0005 5.15 123.137
      vertex -17.5545 8.50212 123.137
      vertex -17.6184 8.88895 123.137
    endloop
  endfacet
  facet normal 0 0 1
    outer loop
      vertex -13.585 0 123.137
      vertex -18.5 5.15 123.137
      vertex -18.5 -5.15 123.137
    endloop
  endfacet
  facet normal 0 0 1
    outer loop
      vertex -15.5576 -16.6466 123.137
      vertex -22.2353 -6.47534 123.137
      vertex -15.8858 -17.215 123.137
    endloop
  endfacet
  facet normal 0 0 1
    outer loop
      vertex -15.8858 -17.215 123.137
      vertex -22.2353 -6.47534 123.137
      vertex -15.9603 -17.344 123.137
    endloop
  endfacet
  facet normal 0 -0 1
    outer loop
      vertex -22.2353 -6.47534 123.137
      vertex -18.5 -5.15 123.137
      vertex -23.0005 -5.15 123.137
    endloop
  endfacet
  facet normal 0 0 1
    outer loop
      vertex -4.78997 18.5965 123.137
      vertex -5.19875 12.5509 123.137
      vertex -4.57665 12.7909 123.137
    endloop
  endfacet
  facet normal 0 0 1
    outer loop
      vertex -4.78997 18.5965 123.137
      vertex -5.80834 12.2807 123.137
      vertex -5.19875 12.5509 123.137
    endloop
  endfacet
  facet normal 0 0 1
    outer loop
      vertex -4.78997 18.5965 123.137
      vertex -6.40392 11.9809 123.137
      vertex -5.80834 12.2807 123.137
    endloop
  endfacet
  facet normal 0 0 1
    outer loop
      vertex -4.78997 18.5965 123.137
      vertex -6.98409 11.6522 123.137
      vertex -6.40392 11.9809 123.137
    endloop
  endfacet
  facet normal -0 0 1
    outer loop
      vertex -13.71 13.4465 123.137
      vertex -6.98409 11.6522 123.137
      vertex -4.78997 18.5965 123.137
    endloop
  endfacet
  facet normal 0 0 1
    outer loop
      vertex -6.98409 11.6522 123.137
      vertex -13.71 13.4465 123.137
      vertex -7.54742 11.2955 123.137
    endloop
  endfacet
  facet normal 0 0 1
    outer loop
      vertex -7.54742 11.2955 123.137
      vertex -13.71 13.4465 123.137
      vertex -8.09257 10.9116 123.137
    endloop
  endfacet
  facet normal 0 0 1
    outer loop
      vertex -8.09257 10.9116 123.137
      vertex -13.71 13.4465 123.137
      vertex -8.61823 10.5013 123.137
    endloop
  endfacet
  facet normal 0 0 1
    outer loop
      vertex -8.61823 10.5013 123.137
      vertex -13.71 13.4465 123.137
      vertex -9.12313 10.0658 123.137
    endloop
  endfacet
  facet normal 0 0 1
    outer loop
      vertex -9.12313 10.0658 123.137
      vertex -13.71 13.4465 123.137
      vertex -9.60604 9.60604 123.137
    endloop
  endfacet
  facet normal -0 0 1
    outer loop
      vertex -14.036 10.2373 123.137
      vertex -9.60604 9.60604 123.137
      vertex -13.71 13.4465 123.137
    endloop
  endfacet
  facet normal 0 0 1
    outer loop
      vertex -9.60604 9.60604 123.137
      vertex -13.8289 9.90434 123.137
      vertex -10.0658 9.12313 123.137
    endloop
  endfacet
  facet normal -0 -0 1
    outer loop
      vertex -13.6908 9.5374 123.137
      vertex -10.0658 9.12313 123.137
      vertex -13.8289 9.90434 123.137
    endloop
  endfacet
  facet normal 0 0 1
    outer loop
      vertex -10.0658 9.12313 123.137
      vertex -13.6908 9.5374 123.137
      vertex -10.5013 8.61823 123.137
    endloop
  endfacet
  facet normal -0 0 1
    outer loop
      vertex -15.105 7.08791 123.137
      vertex -12.7909 4.57665 123.137
      vertex -14.7381 7.22601 123.137
    endloop
  endfacet
  facet normal 0 0 1
    outer loop
      vertex -12.5509 5.19875 123.137
      vertex -14.7381 7.22601 123.137
      vertex -12.7909 4.57665 123.137
    endloop
  endfacet
  facet normal -0 0 1
    outer loop
      vertex -14.7381 7.22601 123.137
      vertex -12.5509 5.19875 123.137
      vertex -14.4052 7.43305 123.137
    endloop
  endfacet
  facet normal 0 0 1
    outer loop
      vertex -12.2807 5.80834 123.137
      vertex -14.4052 7.43305 123.137
      vertex -12.5509 5.19875 123.137
    endloop
  endfacet
  facet normal -0 0 1
    outer loop
      vertex -14.4052 7.43305 123.137
      vertex -12.2807 5.80834 123.137
      vertex -14.119 7.70107 123.137
    endloop
  endfacet
  facet normal 0 0 1
    outer loop
      vertex -11.9809 6.40392 123.137
      vertex -14.119 7.70107 123.137
      vertex -12.2807 5.80834 123.137
    endloop
  endfacet
  facet normal -0 0 1
    outer loop
      vertex -14.119 7.70107 123.137
      vertex -11.9809 6.40392 123.137
      vertex -13.8906 8.01976 123.137
    endloop
  endfacet
  facet normal 0 0 1
    outer loop
      vertex -11.6522 6.98409 123.137
      vertex -13.8906 8.01976 123.137
      vertex -11.9809 6.40392 123.137
    endloop
  endfacet
  facet normal -0 0 1
    outer loop
      vertex -13.8906 8.01976 123.137
      vertex -11.6522 6.98409 123.137
      vertex -13.7288 8.37688 123.137
    endloop
  endfacet
  facet normal 0 0 1
    outer loop
      vertex -11.2955 7.54742 123.137
      vertex -13.7288 8.37688 123.137
      vertex -11.6522 6.98409 123.137
    endloop
  endfacet
  facet normal -0 0 1
    outer loop
      vertex -13.7288 8.37688 123.137
      vertex -11.2955 7.54742 123.137
      vertex -13.6398 8.75871 123.137
    endloop
  endfacet
  facet normal -0 -0 1
    outer loop
      vertex -13.627 9.15057 123.137
      vertex -10.5013 8.61823 123.137
      vertex -13.6908 9.5374 123.137
    endloop
  endfacet
  facet normal 0 0 1
    outer loop
      vertex -10.9116 8.09257 123.137
      vertex -13.6398 8.75871 123.137
      vertex -11.2955 7.54742 123.137
    endloop
  endfacet
  facet normal -0 0 1
    outer loop
      vertex -13.6398 8.75871 123.137
      vertex -10.9116 8.09257 123.137
      vertex -13.627 9.15057 123.137
    endloop
  endfacet
  facet normal 0 0 1
    outer loop
      vertex -10.5013 8.61823 123.137
      vertex -13.627 9.15057 123.137
      vertex -10.9116 8.09257 123.137
    endloop
  endfacet
  facet normal 0 0 1
    outer loop
      vertex -9.60604 9.60604 123.137
      vertex -14.036 10.2373 123.137
      vertex -13.8289 9.90434 123.137
    endloop
  endfacet
  facet normal 0 0 1
    outer loop
      vertex -13.71 13.4465 123.137
      vertex -14.304 10.5234 123.137
      vertex -14.036 10.2373 123.137
    endloop
  endfacet
  facet normal 0 0 1
    outer loop
      vertex -13.71 13.4465 123.137
      vertex -14.6227 10.7518 123.137
      vertex -14.304 10.5234 123.137
    endloop
  endfacet
  facet normal 0 0 1
    outer loop
      vertex -13.71 13.4465 123.137
      vertex -14.9798 10.9136 123.137
      vertex -14.6227 10.7518 123.137
    endloop
  endfacet
  facet normal -0 0 1
    outer loop
      vertex -16.7255 16.0187 123.137
      vertex -13.71 13.4465 123.137
      vertex -15.2003 16.0277 123.137
    endloop
  endfacet
  facet normal 0 0 1
    outer loop
      vertex -13.71 13.4465 123.137
      vertex -15.3616 11.0026 123.137
      vertex -14.9798 10.9136 123.137
    endloop
  endfacet
  facet normal 0 0 1
    outer loop
      vertex -16.7255 16.0187 123.137
      vertex -15.2003 16.0277 123.137
      vertex -15.5576 16.6466 123.137
    endloop
  endfacet
  facet normal 0 0 1
    outer loop
      vertex -13.71 13.4465 123.137
      vertex -16.7255 16.0187 123.137
      vertex -15.7535 11.0155 123.137
    endloop
  endfacet
  facet normal 0 0 1
    outer loop
      vertex -16.7255 16.0187 123.137
      vertex -15.5576 16.6466 123.137
      vertex -15.8858 17.215 123.137
    endloop
  endfacet
  facet normal 0 0 1
    outer loop
      vertex -16.7255 16.0187 123.137
      vertex -15.8858 17.215 123.137
      vertex -15.9603 17.344 123.137
    endloop
  endfacet
  facet normal 0 0 1
    outer loop
      vertex -13.71 13.4465 123.137
      vertex -15.7535 11.0155 123.137
      vertex -15.3616 11.0026 123.137
    endloop
  endfacet
  facet normal 0 0 1
    outer loop
      vertex -15.7535 11.0155 123.137
      vertex -16.7255 16.0187 123.137
      vertex -16.1403 10.9516 123.137
    endloop
  endfacet
  facet normal 0 0 1
    outer loop
      vertex -16.1403 10.9516 123.137
      vertex -16.7255 16.0187 123.137
      vertex -16.5073 10.8135 123.137
    endloop
  endfacet
  facet normal 0 0 1
    outer loop
      vertex -16.7255 16.0187 123.137
      vertex -16.8402 10.6065 123.137
      vertex -16.5073 10.8135 123.137
    endloop
  endfacet
  facet normal 0 0 1
    outer loop
      vertex -16.7255 16.0187 123.137
      vertex -17.1264 10.3385 123.137
      vertex -16.8402 10.6065 123.137
    endloop
  endfacet
  facet normal 0 0 1
    outer loop
      vertex -16.7255 16.0187 123.137
      vertex -17.3547 10.0198 123.137
      vertex -17.1264 10.3385 123.137
    endloop
  endfacet
  facet normal 0 0 1
    outer loop
      vertex -23.0005 5.15 123.137
      vertex -17.3547 10.0198 123.137
      vertex -16.7255 16.0187 123.137
    endloop
  endfacet
  facet normal 0 0 1
    outer loop
      vertex -17.3547 10.0198 123.137
      vertex -23.0005 5.15 123.137
      vertex -17.5165 9.66264 123.137
    endloop
  endfacet
  facet normal 0 0 1
    outer loop
      vertex -23.0005 5.15 123.137
      vertex -17.6184 8.88895 123.137
      vertex -17.6056 9.28081 123.137
    endloop
  endfacet
  facet normal 0 0 1
    outer loop
      vertex -17.5165 9.66264 123.137
      vertex -23.0005 5.15 123.137
      vertex -17.6056 9.28081 123.137
    endloop
  endfacet
  facet normal 0 0 1
    outer loop
      vertex -17.5545 8.50212 123.137
      vertex -23.0005 5.15 123.137
      vertex -18.5 5.15 123.137
    endloop
  endfacet
  facet normal 0 0 1
    outer loop
      vertex 1.41421 -16.6253 123.137
      vertex 2.6503 -13.324 123.137
      vertex 1.99333 -13.438 123.137
    endloop
  endfacet
  facet normal 0 0 1
    outer loop
      vertex 4.78997 -18.5965 123.137
      vertex 1.96157 -17.6493 123.137
      vertex 2 -18.0395 123.137
    endloop
  endfacet
  facet normal 0 0 1
    outer loop
      vertex 4.78997 -18.5965 123.137
      vertex 1.84776 -17.2742 123.137
      vertex 1.96157 -17.6493 123.137
    endloop
  endfacet
  facet normal 0 0 1
    outer loop
      vertex 3.30089 -13.1779 123.137
      vertex 1.66294 -16.9284 123.137
      vertex 1.84776 -17.2742 123.137
    endloop
  endfacet
  facet normal 0 0 1
    outer loop
      vertex 2.6503 -13.324 123.137
      vertex 1.41421 -16.6253 123.137
      vertex 1.66294 -16.9284 123.137
    endloop
  endfacet
  facet normal 0 0 1
    outer loop
      vertex 1.11114 -16.3766 123.137
      vertex 1.99333 -13.438 123.137
      vertex 1.33156 -13.5196 123.137
    endloop
  endfacet
  facet normal 0 0 1
    outer loop
      vertex 1.99333 -13.438 123.137
      vertex 1.11114 -16.3766 123.137
      vertex 1.41421 -16.6253 123.137
    endloop
  endfacet
  facet normal 0 0 1
    outer loop
      vertex 1.33156 -13.5196 123.137
      vertex 0.765367 -16.1918 123.137
      vertex 1.11114 -16.3766 123.137
    endloop
  endfacet
  facet normal -0 0 1
    outer loop
      vertex 0.666584 -13.5686 123.137
      vertex 0.765367 -16.1918 123.137
      vertex 1.33156 -13.5196 123.137
    endloop
  endfacet
  facet normal 0 0 1
    outer loop
      vertex 0.666584 -13.5686 123.137
      vertex 0.390181 -16.0779 123.137
      vertex 0.765367 -16.1918 123.137
    endloop
  endfacet
  facet normal -0 0 1
    outer loop
      vertex 0 -13.585 123.137
      vertex 0.390181 -16.0779 123.137
      vertex 0.666584 -13.5686 123.137
    endloop
  endfacet
  facet normal 0 0 1
    outer loop
      vertex 0 -13.585 123.137
      vertex 0 -16.0395 123.137
      vertex 0.390181 -16.0779 123.137
    endloop
  endfacet
  facet normal 0 0 1
    outer loop
      vertex 0 -13.585 123.137
      vertex -0.390181 -16.0779 123.137
      vertex 0 -16.0395 123.137
    endloop
  endfacet
  facet normal 0 0 1
    outer loop
      vertex -0.666584 -13.5686 123.137
      vertex -0.390181 -16.0779 123.137
      vertex 0 -13.585 123.137
    endloop
  endfacet
  facet normal 0 0 1
    outer loop
      vertex -0.666584 -13.5686 123.137
      vertex -0.765367 -16.1918 123.137
      vertex -0.390181 -16.0779 123.137
    endloop
  endfacet
  facet normal 0 0 1
    outer loop
      vertex -1.33156 -13.5196 123.137
      vertex -0.765367 -16.1918 123.137
      vertex -0.666584 -13.5686 123.137
    endloop
  endfacet
  facet normal 0 0 1
    outer loop
      vertex -0.765367 -16.1918 123.137
      vertex -1.33156 -13.5196 123.137
      vertex -1.11114 -16.3766 123.137
    endloop
  endfacet
  facet normal 0 0 1
    outer loop
      vertex -1.99333 -13.438 123.137
      vertex -1.11114 -16.3766 123.137
      vertex -1.33156 -13.5196 123.137
    endloop
  endfacet
  facet normal 0 0 1
    outer loop
      vertex -1.11114 -16.3766 123.137
      vertex -1.99333 -13.438 123.137
      vertex -1.41421 -16.6253 123.137
    endloop
  endfacet
  facet normal 0 0 1
    outer loop
      vertex -2.6503 -13.324 123.137
      vertex -1.41421 -16.6253 123.137
      vertex -1.99333 -13.438 123.137
    endloop
  endfacet
  facet normal 0 0 1
    outer loop
      vertex -1.41421 -16.6253 123.137
      vertex -2.6503 -13.324 123.137
      vertex -1.66294 -16.9284 123.137
    endloop
  endfacet
  facet normal 0 0 1
    outer loop
      vertex -3.30089 -13.1779 123.137
      vertex -1.66294 -16.9284 123.137
      vertex -2.6503 -13.324 123.137
    endloop
  endfacet
  facet normal 0 0 1
    outer loop
      vertex -1.66294 -16.9284 123.137
      vertex -3.30089 -13.1779 123.137
      vertex -1.84776 -17.2742 123.137
    endloop
  endfacet
  facet normal 0 0 1
    outer loop
      vertex -4.78997 -18.5965 123.137
      vertex -1.84776 -17.2742 123.137
      vertex -3.30089 -13.1779 123.137
    endloop
  endfacet
  facet normal -0.849143 0.528164 0
    outer loop
      vertex 13.8289 9.90434 123.137
      vertex 14.036 10.2373 128.538
      vertex 14.036 10.2373 123.137
    endloop
  endfacet
  facet normal -0.849143 0.528164 0
    outer loop
      vertex 14.036 10.2373 128.538
      vertex 13.8289 9.90434 123.137
      vertex 13.8289 9.90434 128.538
    endloop
  endfacet
  facet normal -0.0328987 0.999459 0
    outer loop
      vertex 15.7535 11.0155 123.137
      vertex 15.3616 11.0026 128.538
      vertex 15.7535 11.0155 128.538
    endloop
  endfacet
  facet normal -0.0328987 0.999459 0
    outer loop
      vertex 15.3616 11.0026 128.538
      vertex 15.7535 11.0155 123.137
      vertex 15.3616 11.0026 123.137
    endloop
  endfacet
  facet normal 0.683517 0.729935 -0
    outer loop
      vertex 17.1264 10.3385 123.137
      vertex 16.8402 10.6065 128.538
      vertex 17.1264 10.3385 128.538
    endloop
  endfacet
  facet normal 0.683517 0.729935 0
    outer loop
      vertex 16.8402 10.6065 128.538
      vertex 17.1264 10.3385 123.137
      vertex 16.8402 10.6065 123.137
    endloop
  endfacet
  facet normal 0.81294 0.582348 0
    outer loop
      vertex 17.3547 10.0198 128.538
      vertex 17.1264 10.3385 123.137
      vertex 17.1264 10.3385 128.538
    endloop
  endfacet
  facet normal 0.81294 0.582348 0
    outer loop
      vertex 17.1264 10.3385 123.137
      vertex 17.3547 10.0198 128.538
      vertex 17.3547 10.0198 123.137
    endloop
  endfacet
  facet normal 0.528048 0.849214 -0
    outer loop
      vertex 16.8402 10.6065 123.137
      vertex 16.5073 10.8135 128.538
      vertex 16.8402 10.6065 128.538
    endloop
  endfacet
  facet normal 0.528048 0.849214 0
    outer loop
      vertex 16.5073 10.8135 128.538
      vertex 16.8402 10.6065 123.137
      vertex 16.5073 10.8135 123.137
    endloop
  endfacet
  facet normal -0.412707 0.910864 0
    outer loop
      vertex 14.9798 10.9136 123.137
      vertex 14.6227 10.7518 128.538
      vertex 14.9798 10.9136 128.538
    endloop
  endfacet
  facet normal -0.412707 0.910864 0
    outer loop
      vertex 14.6227 10.7518 128.538
      vertex 14.9798 10.9136 123.137
      vertex 14.6227 10.7518 123.137
    endloop
  endfacet
  facet normal 0.582466 -0.812855 0
    outer loop
      vertex 16.6227 7.28771 123.137
      vertex 16.9414 7.51608 128.538
      vertex 16.6227 7.28771 128.538
    endloop
  endfacet
  facet normal 0.582466 -0.812855 0
    outer loop
      vertex 16.9414 7.51608 128.538
      vertex 16.6227 7.28771 123.137
      vertex 16.9414 7.51608 123.137
    endloop
  endfacet
  facet normal -0.22702 0.97389 0
    outer loop
      vertex 15.3616 11.0026 123.137
      vertex 14.9798 10.9136 128.538
      vertex 15.3616 11.0026 128.538
    endloop
  endfacet
  facet normal -0.22702 0.97389 0
    outer loop
      vertex 14.9798 10.9136 128.538
      vertex 15.3616 11.0026 123.137
      vertex 14.9798 10.9136 123.137
    endloop
  endfacet
  facet normal 0.162992 0.986627 -0
    outer loop
      vertex 16.1403 10.9516 123.137
      vertex 15.7535 11.0155 128.538
      vertex 16.1403 10.9516 128.538
    endloop
  endfacet
  facet normal 0.162992 0.986627 0
    outer loop
      vertex 15.7535 11.0155 128.538
      vertex 16.1403 10.9516 123.137
      vertex 15.7535 11.0155 123.137
    endloop
  endfacet
  facet normal 0.986629 -0.16298 0
    outer loop
      vertex 17.5545 8.50212 128.538
      vertex 17.6184 8.88895 123.137
      vertex 17.6184 8.88895 128.538
    endloop
  endfacet
  facet normal 0.986629 -0.16298 0
    outer loop
      vertex 17.6184 8.88895 123.137
      vertex 17.5545 8.50212 128.538
      vertex 17.5545 8.50212 123.137
    endloop
  endfacet
  facet normal -0.935911 0.352236 0
    outer loop
      vertex 13.6908 9.5374 123.137
      vertex 13.8289 9.90434 128.538
      vertex 13.8289 9.90434 123.137
    endloop
  endfacet
  facet normal -0.935911 0.352236 0
    outer loop
      vertex 13.8289 9.90434 128.538
      vertex 13.6908 9.5374 123.137
      vertex 13.6908 9.5374 128.538
    endloop
  endfacet
  facet normal 0.849243 -0.528003 0
    outer loop
      vertex 17.2094 7.80224 128.538
      vertex 17.4164 8.13518 123.137
      vertex 17.4164 8.13518 128.538
    endloop
  endfacet
  facet normal 0.849243 -0.528003 0
    outer loop
      vertex 17.4164 8.13518 123.137
      vertex 17.2094 7.80224 128.538
      vertex 17.2094 7.80224 123.137
    endloop
  endfacet
  facet normal -0.528122 -0.849168 0
    outer loop
      vertex 14.4052 7.43305 123.137
      vertex 14.7381 7.22601 128.538
      vertex 14.4052 7.43305 128.538
    endloop
  endfacet
  facet normal -0.528122 -0.849168 -0
    outer loop
      vertex 14.7381 7.22601 128.538
      vertex 14.4052 7.43305 123.137
      vertex 14.7381 7.22601 123.137
    endloop
  endfacet
  facet normal 0.91089 0.41265 0
    outer loop
      vertex 17.5165 9.66264 128.538
      vertex 17.3547 10.0198 123.137
      vertex 17.3547 10.0198 128.538
    endloop
  endfacet
  facet normal 0.91089 0.41265 0
    outer loop
      vertex 17.3547 10.0198 123.137
      vertex 17.5165 9.66264 128.538
      vertex 17.5165 9.66264 123.137
    endloop
  endfacet
  facet normal -0.729816 0.683644 0
    outer loop
      vertex 14.036 10.2373 123.137
      vertex 14.304 10.5234 128.538
      vertex 14.304 10.5234 123.137
    endloop
  endfacet
  facet normal -0.729816 0.683644 0
    outer loop
      vertex 14.304 10.5234 128.538
      vertex 14.036 10.2373 123.137
      vertex 14.036 10.2373 128.538
    endloop
  endfacet
  facet normal 0.412728 -0.910854 0
    outer loop
      vertex 16.2656 7.1259 123.137
      vertex 16.6227 7.28771 128.538
      vertex 16.2656 7.1259 128.538
    endloop
  endfacet
  facet normal 0.412728 -0.910854 0
    outer loop
      vertex 16.6227 7.28771 128.538
      vertex 16.2656 7.1259 123.137
      vertex 16.6227 7.28771 123.137
    endloop
  endfacet
  facet normal -0.999467 -0.0326473 0
    outer loop
      vertex 13.6398 8.75871 123.137
      vertex 13.627 9.15057 128.538
      vertex 13.627 9.15057 123.137
    endloop
  endfacet
  facet normal -0.999467 -0.0326473 0
    outer loop
      vertex 13.627 9.15057 128.538
      vertex 13.6398 8.75871 123.137
      vertex 13.6398 8.75871 128.538
    endloop
  endfacet
  facet normal 0.729887 -0.683568 0
    outer loop
      vertex 16.9414 7.51608 128.538
      vertex 17.2094 7.80224 123.137
      vertex 17.2094 7.80224 128.538
    endloop
  endfacet
  facet normal 0.729887 -0.683568 0
    outer loop
      vertex 17.2094 7.80224 123.137
      vertex 16.9414 7.51608 128.538
      vertex 16.9414 7.51608 123.137
    endloop
  endfacet
  facet normal 0.227036 -0.973886 0
    outer loop
      vertex 15.8837 7.03687 123.137
      vertex 16.2656 7.1259 128.538
      vertex 15.8837 7.03687 128.538
    endloop
  endfacet
  facet normal 0.227036 -0.973886 0
    outer loop
      vertex 16.2656 7.1259 128.538
      vertex 15.8837 7.03687 123.137
      vertex 16.2656 7.1259 123.137
    endloop
  endfacet
  facet normal 0.973838 0.227245 0
    outer loop
      vertex 17.6056 9.28081 128.538
      vertex 17.5165 9.66264 123.137
      vertex 17.5165 9.66264 128.538
    endloop
  endfacet
  facet normal 0.973838 0.227245 0
    outer loop
      vertex 17.5165 9.66264 123.137
      vertex 17.6056 9.28081 128.538
      vertex 17.6056 9.28081 123.137
    endloop
  endfacet
  facet normal 0.352185 0.93593 -0
    outer loop
      vertex 16.5073 10.8135 123.137
      vertex 16.1403 10.9516 128.538
      vertex 16.5073 10.8135 128.538
    endloop
  endfacet
  facet normal 0.352185 0.93593 0
    outer loop
      vertex 16.1403 10.9516 128.538
      vertex 16.5073 10.8135 123.137
      vertex 16.1403 10.9516 123.137
    endloop
  endfacet
  facet normal -0.910872 -0.412688 0
    outer loop
      vertex 13.8906 8.01976 123.137
      vertex 13.7288 8.37688 128.538
      vertex 13.7288 8.37688 123.137
    endloop
  endfacet
  facet normal -0.910872 -0.412688 0
    outer loop
      vertex 13.7288 8.37688 128.538
      vertex 13.8906 8.01976 123.137
      vertex 13.8906 8.01976 128.538
    endloop
  endfacet
  facet normal 0.935911 -0.352236 0
    outer loop
      vertex 17.4164 8.13518 128.538
      vertex 17.5545 8.50212 123.137
      vertex 17.5545 8.50212 128.538
    endloop
  endfacet
  facet normal 0.935911 -0.352236 0
    outer loop
      vertex 17.5545 8.50212 123.137
      vertex 17.4164 8.13518 128.538
      vertex 17.4164 8.13518 123.137
    endloop
  endfacet
  facet normal -0.162877 -0.986646 0
    outer loop
      vertex 15.105 7.08791 123.137
      vertex 15.4919 7.02404 128.538
      vertex 15.105 7.08791 128.538
    endloop
  endfacet
  facet normal -0.162877 -0.986646 -0
    outer loop
      vertex 15.4919 7.02404 128.538
      vertex 15.105 7.08791 123.137
      vertex 15.4919 7.02404 123.137
    endloop
  endfacet
  facet normal -0.582516 0.812819 0
    outer loop
      vertex 14.6227 10.7518 123.137
      vertex 14.304 10.5234 128.538
      vertex 14.6227 10.7518 128.538
    endloop
  endfacet
  facet normal -0.582516 0.812819 0
    outer loop
      vertex 14.304 10.5234 128.538
      vertex 14.6227 10.7518 123.137
      vertex 14.304 10.5234 123.137
    endloop
  endfacet
  facet normal 0.999467 0.0326473 0
    outer loop
      vertex 17.6184 8.88895 128.538
      vertex 17.6056 9.28081 123.137
      vertex 17.6056 9.28081 128.538
    endloop
  endfacet
  facet normal 0.999467 0.0326473 0
    outer loop
      vertex 17.6056 9.28081 123.137
      vertex 17.6184 8.88895 128.538
      vertex 17.6184 8.88895 123.137
    endloop
  endfacet
  facet normal -0.683544 -0.729909 0
    outer loop
      vertex 14.119 7.70107 123.137
      vertex 14.4052 7.43305 128.538
      vertex 14.119 7.70107 128.538
    endloop
  endfacet
  facet normal -0.683544 -0.729909 -0
    outer loop
      vertex 14.4052 7.43305 128.538
      vertex 14.119 7.70107 123.137
      vertex 14.4052 7.43305 123.137
    endloop
  endfacet
  facet normal -0.81281 -0.582528 0
    outer loop
      vertex 14.119 7.70107 123.137
      vertex 13.8906 8.01976 128.538
      vertex 13.8906 8.01976 123.137
    endloop
  endfacet
  facet normal -0.81281 -0.582528 0
    outer loop
      vertex 13.8906 8.01976 128.538
      vertex 14.119 7.70107 123.137
      vertex 14.119 7.70107 128.538
    endloop
  endfacet
  facet normal -0.352269 -0.935899 0
    outer loop
      vertex 14.7381 7.22601 123.137
      vertex 15.105 7.08791 128.538
      vertex 14.7381 7.22601 128.538
    endloop
  endfacet
  facet normal -0.352269 -0.935899 -0
    outer loop
      vertex 15.105 7.08791 128.538
      vertex 14.7381 7.22601 123.137
      vertex 15.105 7.08791 123.137
    endloop
  endfacet
  facet normal -0.98667 0.162732 0
    outer loop
      vertex 13.627 9.15057 123.137
      vertex 13.6908 9.5374 128.538
      vertex 13.6908 9.5374 123.137
    endloop
  endfacet
  facet normal -0.98667 0.162732 0
    outer loop
      vertex 13.6908 9.5374 128.538
      vertex 13.627 9.15057 123.137
      vertex 13.627 9.15057 128.538
    endloop
  endfacet
  facet normal -0.973894 -0.227003 0
    outer loop
      vertex 13.7288 8.37688 123.137
      vertex 13.6398 8.75871 128.538
      vertex 13.6398 8.75871 123.137
    endloop
  endfacet
  facet normal -0.973894 -0.227003 0
    outer loop
      vertex 13.6398 8.75871 128.538
      vertex 13.7288 8.37688 123.137
      vertex 13.7288 8.37688 128.538
    endloop
  endfacet
  facet normal 0.0327288 -0.999464 0
    outer loop
      vertex 15.4919 7.02404 123.137
      vertex 15.8837 7.03687 128.538
      vertex 15.4919 7.02404 128.538
    endloop
  endfacet
  facet normal 0.0327288 -0.999464 0
    outer loop
      vertex 15.8837 7.03687 128.538
      vertex 15.4919 7.02404 123.137
      vertex 15.8837 7.03687 123.137
    endloop
  endfacet
  facet normal 0.292261 -0.645112 0.705985
    outer loop
      vertex 16.3227 7.80732 129.137
      vertex 16.0727 7.69406 129.137
      vertex 16.6227 7.28771 128.538
    endloop
  endfacet
  facet normal 0.575736 0.41242 0.706001
    outer loop
      vertex 17.3547 10.0198 128.538
      vertex 16.6753 9.94284 129.137
      vertex 16.8351 9.71976 129.137
    endloop
  endfacet
  facet normal 0.575734 0.412426 0.706
    outer loop
      vertex 17.1264 10.3385 128.538
      vertex 16.6753 9.94284 129.137
      vertex 17.3547 10.0198 128.538
    endloop
  endfacet
  facet normal 0.11544 0.69878 0.705961
    outer loop
      vertex 16.1403 10.9516 128.538
      vertex 15.7535 11.0155 128.538
      vertex 15.985 10.3721 129.137
    endloop
  endfacet
  facet normal -0.689714 -0.160764 0.70601
    outer loop
      vertex 14.2347 8.83702 129.137
      vertex 13.6398 8.75871 128.538
      vertex 13.7288 8.37688 128.538
    endloop
  endfacet
  facet normal 0.115343 0.698769 0.705987
    outer loop
      vertex 15.7535 11.0155 128.538
      vertex 15.7142 10.4168 129.137
      vertex 15.985 10.3721 129.137
    endloop
  endfacet
  facet normal -0.57565 -0.412559 0.70599
    outer loop
      vertex 14.5701 8.09668 129.137
      vertex 13.8906 8.01976 128.538
      vertex 14.119 7.70107 128.538
    endloop
  endfacet
  facet normal -0.412553 0.575659 0.705986
    outer loop
      vertex 14.6227 10.7518 128.538
      vertex 14.304 10.5234 128.538
      vertex 14.6996 10.0723 129.137
    endloop
  endfacet
  facet normal 0.601462 -0.373949 0.705978
    outer loop
      vertex 17.4164 8.13518 128.538
      vertex 16.7334 8.16749 129.137
      vertex 17.2094 7.80224 128.538
    endloop
  endfacet
  facet normal 0.374013 0.601415 0.705984
    outer loop
      vertex 16.5073 10.8135 128.538
      vertex 16.2419 10.2754 129.137
      vertex 16.4749 10.1305 129.137
    endloop
  endfacet
  facet normal 0.484071 0.516945 0.706005
    outer loop
      vertex 16.8402 10.6065 128.538
      vertex 16.4749 10.1305 129.137
      vertex 17.1264 10.3385 128.538
    endloop
  endfacet
  facet normal 0.160806 -0.68972 0.705994
    outer loop
      vertex 16.0727 7.69406 129.137
      vertex 15.8054 7.63174 129.137
      vertex 16.2656 7.1259 128.538
    endloop
  endfacet
  facet normal -0.60138 0.374057 0.705991
    outer loop
      vertex 14.036 10.2373 128.538
      vertex 13.8289 9.90434 128.538
      vertex 14.512 9.87203 129.137
    endloop
  endfacet
  facet normal -0.373943 -0.601437 0.706003
    outer loop
      vertex 14.7704 7.90907 129.137
      vertex 14.7381 7.22601 128.538
      vertex 15.0035 7.76414 129.137
    endloop
  endfacet
  facet normal 0.373972 0.601427 0.705996
    outer loop
      vertex 16.5073 10.8135 128.538
      vertex 16.4749 10.1305 129.137
      vertex 16.8402 10.6065 128.538
    endloop
  endfacet
  facet normal -0.484113 -0.516951 0.705972
    outer loop
      vertex 14.7704 7.90907 129.137
      vertex 14.119 7.70107 128.538
      vertex 14.4052 7.43305 128.538
    endloop
  endfacet
  facet normal -0.115354 -0.698768 0.705986
    outer loop
      vertex 15.2603 7.66746 129.137
      vertex 15.105 7.08791 128.538
      vertex 15.4919 7.02404 128.538
    endloop
  endfacet
  facet normal -0.0232253 0.707855 0.705976
    outer loop
      vertex 15.7535 11.0155 128.538
      vertex 15.4399 10.4078 129.137
      vertex 15.7142 10.4168 129.137
    endloop
  endfacet
  facet normal 0.412506 -0.575691 0.705988
    outer loop
      vertex 16.5458 7.96718 129.137
      vertex 16.3227 7.80732 129.137
      vertex 16.6227 7.28771 128.538
    endloop
  endfacet
  facet normal -0.516874 0.484174 0.705987
    outer loop
      vertex 14.6996 10.0723 129.137
      vertex 14.304 10.5234 128.538
      vertex 14.512 9.87203 129.137
    endloop
  endfacet
  facet normal -0.292298 0.645115 0.705967
    outer loop
      vertex 14.9798 10.9136 128.538
      vertex 14.6227 10.7518 128.538
      vertex 15.1727 10.3455 129.137
    endloop
  endfacet
  facet normal -0.66281 0.249453 0.706014
    outer loop
      vertex 13.8289 9.90434 128.538
      vertex 13.6908 9.5374 128.538
      vertex 14.2704 9.38211 129.137
    endloop
  endfacet
  facet normal 0.516928 -0.484123 0.705982
    outer loop
      vertex 17.2094 7.80224 128.538
      vertex 16.7334 8.16749 129.137
      vertex 16.9414 7.51608 128.538
    endloop
  endfacet
  facet normal 0.0231732 -0.70784 0.705993
    outer loop
      vertex 15.5311 7.62276 129.137
      vertex 15.4919 7.02404 128.538
      vertex 15.8054 7.63174 129.137
    endloop
  endfacet
  facet normal 0.707853 0.0232244 0.705977
    outer loop
      vertex 17.6184 8.88895 128.538
      vertex 17.0107 9.2025 129.137
      vertex 17.0197 8.92819 129.137
    endloop
  endfacet
  facet normal 0.249435 0.662872 0.705962
    outer loop
      vertex 16.1403 10.9516 128.538
      vertex 15.985 10.3721 129.137
      vertex 16.5073 10.8135 128.538
    endloop
  endfacet
  facet normal 0.0231792 -0.707841 0.705991
    outer loop
      vertex 15.8054 7.63174 129.137
      vertex 15.4919 7.02404 128.538
      vertex 15.8837 7.03687 128.538
    endloop
  endfacet
  facet normal 0.516924 -0.484125 0.705983
    outer loop
      vertex 16.7334 8.16749 129.137
      vertex 16.5458 7.96718 129.137
      vertex 16.9414 7.51608 128.538
    endloop
  endfacet
  facet normal -0.484147 -0.516895 0.705989
    outer loop
      vertex 14.5701 8.09668 129.137
      vertex 14.119 7.70107 128.538
      vertex 14.7704 7.90907 129.137
    endloop
  endfacet
  facet normal -0.249529 -0.662795 0.706001
    outer loop
      vertex 15.0035 7.76414 129.137
      vertex 14.7381 7.22601 128.538
      vertex 15.2603 7.66746 129.137
    endloop
  endfacet
  facet normal -0.689713 -0.160765 0.70601
    outer loop
      vertex 14.2347 8.83702 129.137
      vertex 13.7288 8.37688 128.538
      vertex 14.297 8.56974 129.137
    endloop
  endfacet
  facet normal -0.662762 0.249519 0.706036
    outer loop
      vertex 14.3671 9.63896 129.137
      vertex 13.8289 9.90434 128.538
      vertex 14.2704 9.38211 129.137
    endloop
  endfacet
  facet normal 0 0 1
    outer loop
      vertex 17.0107 9.2025 129.137
      vertex 16.975 8.65741 129.137
      vertex 17.0197 8.92819 129.137
    endloop
  endfacet
  facet normal 0 0 1
    outer loop
      vertex 16.9484 9.46978 129.137
      vertex 16.975 8.65741 129.137
      vertex 17.0107 9.2025 129.137
    endloop
  endfacet
  facet normal 0 0 1
    outer loop
      vertex 16.9484 9.46978 129.137
      vertex 16.8783 8.40056 129.137
      vertex 16.975 8.65741 129.137
    endloop
  endfacet
  facet normal 0 0 1
    outer loop
      vertex 16.8351 9.71976 129.137
      vertex 16.8783 8.40056 129.137
      vertex 16.9484 9.46978 129.137
    endloop
  endfacet
  facet normal 0 0 1
    outer loop
      vertex 16.8351 9.71976 129.137
      vertex 16.7334 8.16749 129.137
      vertex 16.8783 8.40056 129.137
    endloop
  endfacet
  facet normal 0 0 1
    outer loop
      vertex 16.6753 9.94284 129.137
      vertex 16.7334 8.16749 129.137
      vertex 16.8351 9.71976 129.137
    endloop
  endfacet
  facet normal 0 0 1
    outer loop
      vertex 16.6753 9.94284 129.137
      vertex 16.5458 7.96718 129.137
      vertex 16.7334 8.16749 129.137
    endloop
  endfacet
  facet normal 0 0 1
    outer loop
      vertex 16.4749 10.1305 129.137
      vertex 16.5458 7.96718 129.137
      vertex 16.6753 9.94284 129.137
    endloop
  endfacet
  facet normal 0 0 1
    outer loop
      vertex 16.4749 10.1305 129.137
      vertex 16.3227 7.80732 129.137
      vertex 16.5458 7.96718 129.137
    endloop
  endfacet
  facet normal 0 0 1
    outer loop
      vertex 16.2419 10.2754 129.137
      vertex 16.3227 7.80732 129.137
      vertex 16.4749 10.1305 129.137
    endloop
  endfacet
  facet normal 0 0 1
    outer loop
      vertex 16.2419 10.2754 129.137
      vertex 16.0727 7.69406 129.137
      vertex 16.3227 7.80732 129.137
    endloop
  endfacet
  facet normal 0 0 1
    outer loop
      vertex 15.985 10.3721 129.137
      vertex 16.0727 7.69406 129.137
      vertex 16.2419 10.2754 129.137
    endloop
  endfacet
  facet normal 0 0 1
    outer loop
      vertex 15.985 10.3721 129.137
      vertex 15.8054 7.63174 129.137
      vertex 16.0727 7.69406 129.137
    endloop
  endfacet
  facet normal 0 0 1
    outer loop
      vertex 15.7142 10.4168 129.137
      vertex 15.8054 7.63174 129.137
      vertex 15.985 10.3721 129.137
    endloop
  endfacet
  facet normal 0 0 1
    outer loop
      vertex 15.7142 10.4168 129.137
      vertex 15.5311 7.62276 129.137
      vertex 15.8054 7.63174 129.137
    endloop
  endfacet
  facet normal -0 0 1
    outer loop
      vertex 15.4399 10.4078 129.137
      vertex 15.5311 7.62276 129.137
      vertex 15.7142 10.4168 129.137
    endloop
  endfacet
  facet normal 0 0 1
    outer loop
      vertex 15.4399 10.4078 129.137
      vertex 15.2603 7.66746 129.137
      vertex 15.5311 7.62276 129.137
    endloop
  endfacet
  facet normal -0 0 1
    outer loop
      vertex 15.1727 10.3455 129.137
      vertex 15.2603 7.66746 129.137
      vertex 15.4399 10.4078 129.137
    endloop
  endfacet
  facet normal 0 0 1
    outer loop
      vertex 15.1727 10.3455 129.137
      vertex 15.0035 7.76414 129.137
      vertex 15.2603 7.66746 129.137
    endloop
  endfacet
  facet normal -0 0 1
    outer loop
      vertex 14.9227 10.2322 129.137
      vertex 15.0035 7.76414 129.137
      vertex 15.1727 10.3455 129.137
    endloop
  endfacet
  facet normal 0 0 1
    outer loop
      vertex 14.9227 10.2322 129.137
      vertex 14.7704 7.90907 129.137
      vertex 15.0035 7.76414 129.137
    endloop
  endfacet
  facet normal -0 0 1
    outer loop
      vertex 14.6996 10.0723 129.137
      vertex 14.7704 7.90907 129.137
      vertex 14.9227 10.2322 129.137
    endloop
  endfacet
  facet normal 0 0 1
    outer loop
      vertex 14.6996 10.0723 129.137
      vertex 14.5701 8.09668 129.137
      vertex 14.7704 7.90907 129.137
    endloop
  endfacet
  facet normal -0 0 1
    outer loop
      vertex 14.512 9.87203 129.137
      vertex 14.5701 8.09668 129.137
      vertex 14.6996 10.0723 129.137
    endloop
  endfacet
  facet normal 0 0 1
    outer loop
      vertex 14.512 9.87203 129.137
      vertex 14.4102 8.31976 129.137
      vertex 14.5701 8.09668 129.137
    endloop
  endfacet
  facet normal -0 0 1
    outer loop
      vertex 14.3671 9.63896 129.137
      vertex 14.4102 8.31976 129.137
      vertex 14.512 9.87203 129.137
    endloop
  endfacet
  facet normal 0 0 1
    outer loop
      vertex 14.3671 9.63896 129.137
      vertex 14.297 8.56974 129.137
      vertex 14.4102 8.31976 129.137
    endloop
  endfacet
  facet normal -0 0 1
    outer loop
      vertex 14.2704 9.38211 129.137
      vertex 14.297 8.56974 129.137
      vertex 14.3671 9.63896 129.137
    endloop
  endfacet
  facet normal 0 0 1
    outer loop
      vertex 14.2704 9.38211 129.137
      vertex 14.2347 8.83702 129.137
      vertex 14.297 8.56974 129.137
    endloop
  endfacet
  facet normal 0 -0 1
    outer loop
      vertex 14.2347 8.83702 129.137
      vertex 14.2704 9.38211 129.137
      vertex 14.2257 9.11132 129.137
    endloop
  endfacet
  facet normal -0.115343 -0.698767 0.705989
    outer loop
      vertex 15.5311 7.62276 129.137
      vertex 15.2603 7.66746 129.137
      vertex 15.4919 7.02404 128.538
    endloop
  endfacet
  facet normal -0.575633 -0.412604 0.705977
    outer loop
      vertex 14.4102 8.31976 129.137
      vertex 13.8906 8.01976 128.538
      vertex 14.5701 8.09668 129.137
    endloop
  endfacet
  facet normal 0.64514 0.29226 0.705959
    outer loop
      vertex 17.3547 10.0198 128.538
      vertex 16.9484 9.46978 129.137
      vertex 17.5165 9.66264 128.538
    endloop
  endfacet
  facet normal 0.645055 0.292362 0.705995
    outer loop
      vertex 17.3547 10.0198 128.538
      vertex 16.8351 9.71976 129.137
      vertex 16.9484 9.46978 129.137
    endloop
  endfacet
  facet normal -0.292347 0.645073 0.705984
    outer loop
      vertex 15.1727 10.3455 129.137
      vertex 14.6227 10.7518 128.538
      vertex 14.9227 10.2322 129.137
    endloop
  endfacet
  facet normal 0.698774 -0.115353 0.705981
    outer loop
      vertex 17.0197 8.92819 129.137
      vertex 16.975 8.65741 129.137
      vertex 17.6184 8.88895 128.538
    endloop
  endfacet
  facet normal 0.689682 0.160937 0.706001
    outer loop
      vertex 17.5165 9.66264 128.538
      vertex 17.0107 9.2025 129.137
      vertex 17.6056 9.28081 128.538
    endloop
  endfacet
  facet normal -0.645171 -0.292157 0.705973
    outer loop
      vertex 14.297 8.56974 129.137
      vertex 13.8906 8.01976 128.538
      vertex 14.4102 8.31976 129.137
    endloop
  endfacet
  facet normal 0.484075 0.516938 0.706007
    outer loop
      vertex 17.1264 10.3385 128.538
      vertex 16.4749 10.1305 129.137
      vertex 16.6753 9.94284 129.137
    endloop
  endfacet
  facet normal -0.249486 -0.662827 0.705987
    outer loop
      vertex 15.2603 7.66746 129.137
      vertex 14.7381 7.22601 128.538
      vertex 15.105 7.08791 128.538
    endloop
  endfacet
  facet normal -0.374034 -0.60141 0.705978
    outer loop
      vertex 14.7704 7.90907 129.137
      vertex 14.4052 7.43305 128.538
      vertex 14.7381 7.22601 128.538
    endloop
  endfacet
  facet normal 0.707828 0.023121 0.706006
    outer loop
      vertex 17.6056 9.28081 128.538
      vertex 17.0107 9.2025 129.137
      vertex 17.6184 8.88895 128.538
    endloop
  endfacet
  facet normal -0.707854 -0.0232252 0.705977
    outer loop
      vertex 14.2257 9.11132 129.137
      vertex 13.627 9.15057 128.538
      vertex 14.2347 8.83702 129.137
    endloop
  endfacet
  facet normal 0.249496 0.662828 0.705983
    outer loop
      vertex 16.5073 10.8135 128.538
      vertex 15.985 10.3721 129.137
      vertex 16.2419 10.2754 129.137
    endloop
  endfacet
  facet normal 0.160792 -0.689727 0.70599
    outer loop
      vertex 16.2656 7.1259 128.538
      vertex 15.8054 7.63174 129.137
      vertex 15.8837 7.03687 128.538
    endloop
  endfacet
  facet normal 0.412518 -0.575687 0.705984
    outer loop
      vertex 16.9414 7.51608 128.538
      vertex 16.5458 7.96718 129.137
      vertex 16.6227 7.28771 128.538
    endloop
  endfacet
  facet normal -0.516874 0.484174 0.705987
    outer loop
      vertex 14.304 10.5234 128.538
      vertex 14.036 10.2373 128.538
      vertex 14.512 9.87203 129.137
    endloop
  endfacet
  facet normal 0.689769 0.160778 0.705952
    outer loop
      vertex 17.5165 9.66264 128.538
      vertex 16.9484 9.46978 129.137
      vertex 17.0107 9.2025 129.137
    endloop
  endfacet
  facet normal -0.412579 0.57565 0.705979
    outer loop
      vertex 14.9227 10.2322 129.137
      vertex 14.6227 10.7518 128.538
      vertex 14.6996 10.0723 129.137
    endloop
  endfacet
  facet normal -0.64508 -0.292266 0.706012
    outer loop
      vertex 14.297 8.56974 129.137
      vertex 13.7288 8.37688 128.538
      vertex 13.8906 8.01976 128.538
    endloop
  endfacet
  facet normal -0.698763 0.115247 0.706009
    outer loop
      vertex 13.6908 9.5374 128.538
      vertex 13.627 9.15057 128.538
      vertex 14.2704 9.38211 129.137
    endloop
  endfacet
  facet normal -0.698774 0.115348 0.705982
    outer loop
      vertex 14.2704 9.38211 129.137
      vertex 13.627 9.15057 128.538
      vertex 14.2257 9.11132 129.137
    endloop
  endfacet
  facet normal -0.707828 -0.023121 0.706006
    outer loop
      vertex 14.2347 8.83702 129.137
      vertex 13.627 9.15057 128.538
      vertex 13.6398 8.75871 128.538
    endloop
  endfacet
  facet normal 0.662862 -0.249472 0.705959
    outer loop
      vertex 17.5545 8.50212 128.538
      vertex 16.975 8.65741 129.137
      vertex 17.4164 8.13518 128.538
    endloop
  endfacet
  facet normal 0.698782 -0.115431 0.705959
    outer loop
      vertex 17.6184 8.88895 128.538
      vertex 16.975 8.65741 129.137
      vertex 17.5545 8.50212 128.538
    endloop
  endfacet
  facet normal -0.160789 0.689769 0.70595
    outer loop
      vertex 15.3616 11.0026 128.538
      vertex 14.9798 10.9136 128.538
      vertex 15.4399 10.4078 129.137
    endloop
  endfacet
  facet normal -0.0233007 0.707873 0.705955
    outer loop
      vertex 15.7535 11.0155 128.538
      vertex 15.3616 11.0026 128.538
      vertex 15.4399 10.4078 129.137
    endloop
  endfacet
  facet normal 0.2923 -0.645079 0.705998
    outer loop
      vertex 16.6227 7.28771 128.538
      vertex 16.0727 7.69406 129.137
      vertex 16.2656 7.1259 128.538
    endloop
  endfacet
  facet normal -0.601424 0.373906 0.706033
    outer loop
      vertex 14.512 9.87203 129.137
      vertex 13.8289 9.90434 128.538
      vertex 14.3671 9.63896 129.137
    endloop
  endfacet
  facet normal -0.160821 0.689751 0.70596
    outer loop
      vertex 15.4399 10.4078 129.137
      vertex 14.9798 10.9136 128.538
      vertex 15.1727 10.3455 129.137
    endloop
  endfacet
  facet normal 0.662813 -0.249539 0.705981
    outer loop
      vertex 16.975 8.65741 129.137
      vertex 16.8783 8.40056 129.137
      vertex 17.4164 8.13518 128.538
    endloop
  endfacet
  facet normal 0.601467 -0.373933 0.705983
    outer loop
      vertex 16.8783 8.40056 129.137
      vertex 16.7334 8.16749 129.137
      vertex 17.4164 8.13518 128.538
    endloop
  endfacet
  facet normal -0.0327288 -0.999464 0
    outer loop
      vertex -15.8837 7.03687 123.137
      vertex -15.4919 7.02404 128.538
      vertex -15.8837 7.03687 128.538
    endloop
  endfacet
  facet normal -0.0327288 -0.999464 -0
    outer loop
      vertex -15.4919 7.02404 128.538
      vertex -15.8837 7.03687 123.137
      vertex -15.4919 7.02404 123.137
    endloop
  endfacet
  facet normal -0.849243 -0.528003 0
    outer loop
      vertex -17.2094 7.80224 123.137
      vertex -17.4164 8.13518 128.538
      vertex -17.4164 8.13518 123.137
    endloop
  endfacet
  facet normal -0.849243 -0.528003 0
    outer loop
      vertex -17.4164 8.13518 128.538
      vertex -17.2094 7.80224 123.137
      vertex -17.2094 7.80224 128.538
    endloop
  endfacet
  facet normal -0.973838 0.227245 0
    outer loop
      vertex -17.6056 9.28081 123.137
      vertex -17.5165 9.66264 128.538
      vertex -17.5165 9.66264 123.137
    endloop
  endfacet
  facet normal -0.973838 0.227245 0
    outer loop
      vertex -17.5165 9.66264 128.538
      vertex -17.6056 9.28081 123.137
      vertex -17.6056 9.28081 128.538
    endloop
  endfacet
  facet normal -0.91089 0.41265 0
    outer loop
      vertex -17.5165 9.66264 123.137
      vertex -17.3547 10.0198 128.538
      vertex -17.3547 10.0198 123.137
    endloop
  endfacet
  facet normal -0.91089 0.41265 0
    outer loop
      vertex -17.3547 10.0198 128.538
      vertex -17.5165 9.66264 123.137
      vertex -17.5165 9.66264 128.538
    endloop
  endfacet
  facet normal -0.999467 0.0326473 0
    outer loop
      vertex -17.6184 8.88895 123.137
      vertex -17.6056 9.28081 128.538
      vertex -17.6056 9.28081 123.137
    endloop
  endfacet
  facet normal -0.999467 0.0326473 0
    outer loop
      vertex -17.6056 9.28081 128.538
      vertex -17.6184 8.88895 123.137
      vertex -17.6184 8.88895 128.538
    endloop
  endfacet
  facet normal -0.582466 -0.812855 0
    outer loop
      vertex -16.9414 7.51608 123.137
      vertex -16.6227 7.28771 128.538
      vertex -16.9414 7.51608 128.538
    endloop
  endfacet
  facet normal -0.582466 -0.812855 -0
    outer loop
      vertex -16.6227 7.28771 128.538
      vertex -16.9414 7.51608 123.137
      vertex -16.6227 7.28771 123.137
    endloop
  endfacet
  facet normal 0.412707 0.910864 -0
    outer loop
      vertex -14.6227 10.7518 123.137
      vertex -14.9798 10.9136 128.538
      vertex -14.6227 10.7518 128.538
    endloop
  endfacet
  facet normal 0.412707 0.910864 0
    outer loop
      vertex -14.9798 10.9136 128.538
      vertex -14.6227 10.7518 123.137
      vertex -14.9798 10.9136 123.137
    endloop
  endfacet
  facet normal -0.729887 -0.683568 0
    outer loop
      vertex -16.9414 7.51608 123.137
      vertex -17.2094 7.80224 128.538
      vertex -17.2094 7.80224 123.137
    endloop
  endfacet
  facet normal -0.729887 -0.683568 0
    outer loop
      vertex -17.2094 7.80224 128.538
      vertex -16.9414 7.51608 123.137
      vertex -16.9414 7.51608 128.538
    endloop
  endfacet
  facet normal -0.935911 -0.352236 0
    outer loop
      vertex -17.4164 8.13518 123.137
      vertex -17.5545 8.50212 128.538
      vertex -17.5545 8.50212 123.137
    endloop
  endfacet
  facet normal -0.935911 -0.352236 0
    outer loop
      vertex -17.5545 8.50212 128.538
      vertex -17.4164 8.13518 123.137
      vertex -17.4164 8.13518 128.538
    endloop
  endfacet
  facet normal -0.352185 0.93593 0
    outer loop
      vertex -16.1403 10.9516 123.137
      vertex -16.5073 10.8135 128.538
      vertex -16.1403 10.9516 128.538
    endloop
  endfacet
  facet normal -0.352185 0.93593 0
    outer loop
      vertex -16.5073 10.8135 128.538
      vertex -16.1403 10.9516 123.137
      vertex -16.5073 10.8135 123.137
    endloop
  endfacet
  facet normal 0.162877 -0.986646 0
    outer loop
      vertex -15.4919 7.02404 123.137
      vertex -15.105 7.08791 128.538
      vertex -15.4919 7.02404 128.538
    endloop
  endfacet
  facet normal 0.162877 -0.986646 0
    outer loop
      vertex -15.105 7.08791 128.538
      vertex -15.4919 7.02404 123.137
      vertex -15.105 7.08791 123.137
    endloop
  endfacet
  facet normal 0.0328987 0.999459 -0
    outer loop
      vertex -15.3616 11.0026 123.137
      vertex -15.7535 11.0155 128.538
      vertex -15.3616 11.0026 128.538
    endloop
  endfacet
  facet normal 0.0328987 0.999459 0
    outer loop
      vertex -15.7535 11.0155 128.538
      vertex -15.3616 11.0026 123.137
      vertex -15.7535 11.0155 123.137
    endloop
  endfacet
  facet normal 0.999467 -0.0326473 0
    outer loop
      vertex -13.6398 8.75871 128.538
      vertex -13.627 9.15057 123.137
      vertex -13.627 9.15057 128.538
    endloop
  endfacet
  facet normal 0.999467 -0.0326473 0
    outer loop
      vertex -13.627 9.15057 123.137
      vertex -13.6398 8.75871 128.538
      vertex -13.6398 8.75871 123.137
    endloop
  endfacet
  facet normal -0.81294 0.582348 0
    outer loop
      vertex -17.3547 10.0198 123.137
      vertex -17.1264 10.3385 128.538
      vertex -17.1264 10.3385 123.137
    endloop
  endfacet
  facet normal -0.81294 0.582348 0
    outer loop
      vertex -17.1264 10.3385 128.538
      vertex -17.3547 10.0198 123.137
      vertex -17.3547 10.0198 128.538
    endloop
  endfacet
  facet normal -0.227036 -0.973886 0
    outer loop
      vertex -16.2656 7.1259 123.137
      vertex -15.8837 7.03687 128.538
      vertex -16.2656 7.1259 128.538
    endloop
  endfacet
  facet normal -0.227036 -0.973886 -0
    outer loop
      vertex -15.8837 7.03687 128.538
      vertex -16.2656 7.1259 123.137
      vertex -15.8837 7.03687 123.137
    endloop
  endfacet
  facet normal 0.582516 0.812819 -0
    outer loop
      vertex -14.304 10.5234 123.137
      vertex -14.6227 10.7518 128.538
      vertex -14.304 10.5234 128.538
    endloop
  endfacet
  facet normal 0.582516 0.812819 0
    outer loop
      vertex -14.6227 10.7518 128.538
      vertex -14.304 10.5234 123.137
      vertex -14.6227 10.7518 123.137
    endloop
  endfacet
  facet normal 0.528122 -0.849168 0
    outer loop
      vertex -14.7381 7.22601 123.137
      vertex -14.4052 7.43305 128.538
      vertex -14.7381 7.22601 128.538
    endloop
  endfacet
  facet normal 0.528122 -0.849168 0
    outer loop
      vertex -14.4052 7.43305 128.538
      vertex -14.7381 7.22601 123.137
      vertex -14.4052 7.43305 123.137
    endloop
  endfacet
  facet normal 0.22702 0.97389 -0
    outer loop
      vertex -14.9798 10.9136 123.137
      vertex -15.3616 11.0026 128.538
      vertex -14.9798 10.9136 128.538
    endloop
  endfacet
  facet normal 0.22702 0.97389 0
    outer loop
      vertex -15.3616 11.0026 128.538
      vertex -14.9798 10.9136 123.137
      vertex -15.3616 11.0026 123.137
    endloop
  endfacet
  facet normal 0.729816 0.683644 0
    outer loop
      vertex -14.036 10.2373 128.538
      vertex -14.304 10.5234 123.137
      vertex -14.304 10.5234 128.538
    endloop
  endfacet
  facet normal 0.729816 0.683644 0
    outer loop
      vertex -14.304 10.5234 123.137
      vertex -14.036 10.2373 128.538
      vertex -14.036 10.2373 123.137
    endloop
  endfacet
  facet normal -0.683517 0.729935 0
    outer loop
      vertex -16.8402 10.6065 123.137
      vertex -17.1264 10.3385 128.538
      vertex -16.8402 10.6065 128.538
    endloop
  endfacet
  facet normal -0.683517 0.729935 0
    outer loop
      vertex -17.1264 10.3385 128.538
      vertex -16.8402 10.6065 123.137
      vertex -17.1264 10.3385 123.137
    endloop
  endfacet
  facet normal -0.986629 -0.16298 0
    outer loop
      vertex -17.5545 8.50212 123.137
      vertex -17.6184 8.88895 128.538
      vertex -17.6184 8.88895 123.137
    endloop
  endfacet
  facet normal -0.986629 -0.16298 0
    outer loop
      vertex -17.6184 8.88895 128.538
      vertex -17.5545 8.50212 123.137
      vertex -17.5545 8.50212 128.538
    endloop
  endfacet
  facet normal 0.81281 -0.582528 0
    outer loop
      vertex -14.119 7.70107 128.538
      vertex -13.8906 8.01976 123.137
      vertex -13.8906 8.01976 128.538
    endloop
  endfacet
  facet normal 0.81281 -0.582528 0
    outer loop
      vertex -13.8906 8.01976 123.137
      vertex -14.119 7.70107 128.538
      vertex -14.119 7.70107 123.137
    endloop
  endfacet
  facet normal -0.162992 0.986627 0
    outer loop
      vertex -15.7535 11.0155 123.137
      vertex -16.1403 10.9516 128.538
      vertex -15.7535 11.0155 128.538
    endloop
  endfacet
  facet normal -0.162992 0.986627 0
    outer loop
      vertex -16.1403 10.9516 128.538
      vertex -15.7535 11.0155 123.137
      vertex -16.1403 10.9516 123.137
    endloop
  endfacet
  facet normal 0.935911 0.352236 0
    outer loop
      vertex -13.6908 9.5374 128.538
      vertex -13.8289 9.90434 123.137
      vertex -13.8289 9.90434 128.538
    endloop
  endfacet
  facet normal 0.935911 0.352236 0
    outer loop
      vertex -13.8289 9.90434 123.137
      vertex -13.6908 9.5374 128.538
      vertex -13.6908 9.5374 123.137
    endloop
  endfacet
  facet normal -0.412728 -0.910854 0
    outer loop
      vertex -16.6227 7.28771 123.137
      vertex -16.2656 7.1259 128.538
      vertex -16.6227 7.28771 128.538
    endloop
  endfacet
  facet normal -0.412728 -0.910854 -0
    outer loop
      vertex -16.2656 7.1259 128.538
      vertex -16.6227 7.28771 123.137
      vertex -16.2656 7.1259 123.137
    endloop
  endfacet
  facet normal -0.528048 0.849214 0
    outer loop
      vertex -16.5073 10.8135 123.137
      vertex -16.8402 10.6065 128.538
      vertex -16.5073 10.8135 128.538
    endloop
  endfacet
  facet normal -0.528048 0.849214 0
    outer loop
      vertex -16.8402 10.6065 128.538
      vertex -16.5073 10.8135 123.137
      vertex -16.8402 10.6065 123.137
    endloop
  endfacet
  facet normal 0.973894 -0.227003 0
    outer loop
      vertex -13.7288 8.37688 128.538
      vertex -13.6398 8.75871 123.137
      vertex -13.6398 8.75871 128.538
    endloop
  endfacet
  facet normal 0.973894 -0.227003 0
    outer loop
      vertex -13.6398 8.75871 123.137
      vertex -13.7288 8.37688 128.538
      vertex -13.7288 8.37688 123.137
    endloop
  endfacet
  facet normal 0.910872 -0.412688 0
    outer loop
      vertex -13.8906 8.01976 128.538
      vertex -13.7288 8.37688 123.137
      vertex -13.7288 8.37688 128.538
    endloop
  endfacet
  facet normal 0.910872 -0.412688 0
    outer loop
      vertex -13.7288 8.37688 123.137
      vertex -13.8906 8.01976 128.538
      vertex -13.8906 8.01976 123.137
    endloop
  endfacet
  facet normal 0.98667 0.162732 0
    outer loop
      vertex -13.627 9.15057 128.538
      vertex -13.6908 9.5374 123.137
      vertex -13.6908 9.5374 128.538
    endloop
  endfacet
  facet normal 0.98667 0.162732 0
    outer loop
      vertex -13.6908 9.5374 123.137
      vertex -13.627 9.15057 128.538
      vertex -13.627 9.15057 123.137
    endloop
  endfacet
  facet normal 0.352269 -0.935899 0
    outer loop
      vertex -15.105 7.08791 123.137
      vertex -14.7381 7.22601 128.538
      vertex -15.105 7.08791 128.538
    endloop
  endfacet
  facet normal 0.352269 -0.935899 0
    outer loop
      vertex -14.7381 7.22601 128.538
      vertex -15.105 7.08791 123.137
      vertex -14.7381 7.22601 123.137
    endloop
  endfacet
  facet normal 0.683544 -0.729909 0
    outer loop
      vertex -14.4052 7.43305 123.137
      vertex -14.119 7.70107 128.538
      vertex -14.4052 7.43305 128.538
    endloop
  endfacet
  facet normal 0.683544 -0.729909 0
    outer loop
      vertex -14.119 7.70107 128.538
      vertex -14.4052 7.43305 123.137
      vertex -14.119 7.70107 123.137
    endloop
  endfacet
  facet normal 0.849143 0.528164 0
    outer loop
      vertex -13.8289 9.90434 128.538
      vertex -14.036 10.2373 123.137
      vertex -14.036 10.2373 128.538
    endloop
  endfacet
  facet normal 0.849143 0.528164 0
    outer loop
      vertex -14.036 10.2373 123.137
      vertex -13.8289 9.90434 128.538
      vertex -13.8289 9.90434 123.137
    endloop
  endfacet
  facet normal 0.412579 0.57565 0.705979
    outer loop
      vertex -14.6227 10.7518 128.538
      vertex -14.9227 10.2322 129.137
      vertex -14.6996 10.0723 129.137
    endloop
  endfacet
  facet normal -0.645055 0.292362 0.705995
    outer loop
      vertex -16.8351 9.71976 129.137
      vertex -17.3547 10.0198 128.538
      vertex -16.9484 9.46978 129.137
    endloop
  endfacet
  facet normal -0.64514 0.29226 0.705959
    outer loop
      vertex -17.3547 10.0198 128.538
      vertex -17.5165 9.66264 128.538
      vertex -16.9484 9.46978 129.137
    endloop
  endfacet
  facet normal -0.662862 -0.249472 0.705959
    outer loop
      vertex -16.975 8.65741 129.137
      vertex -17.5545 8.50212 128.538
      vertex -17.4164 8.13518 128.538
    endloop
  endfacet
  facet normal 0.484113 -0.516951 0.705972
    outer loop
      vertex -14.119 7.70107 128.538
      vertex -14.7704 7.90907 129.137
      vertex -14.4052 7.43305 128.538
    endloop
  endfacet
  facet normal -0.662813 -0.249539 0.705981
    outer loop
      vertex -16.975 8.65741 129.137
      vertex -17.4164 8.13518 128.538
      vertex -16.8783 8.40056 129.137
    endloop
  endfacet
  facet normal 0.64508 -0.292266 0.706012
    outer loop
      vertex -13.7288 8.37688 128.538
      vertex -14.297 8.56974 129.137
      vertex -13.8906 8.01976 128.538
    endloop
  endfacet
  facet normal -0.2923 -0.645079 0.705998
    outer loop
      vertex -16.0727 7.69406 129.137
      vertex -16.6227 7.28771 128.538
      vertex -16.2656 7.1259 128.538
    endloop
  endfacet
  facet normal 0.0233007 0.707873 0.705955
    outer loop
      vertex -15.3616 11.0026 128.538
      vertex -15.7535 11.0155 128.538
      vertex -15.4399 10.4078 129.137
    endloop
  endfacet
  facet normal -0.707853 0.0232244 0.705977
    outer loop
      vertex -17.0107 9.2025 129.137
      vertex -17.6184 8.88895 128.538
      vertex -17.0197 8.92819 129.137
    endloop
  endfacet
  facet normal -0.689682 0.160937 0.706001
    outer loop
      vertex -17.5165 9.66264 128.538
      vertex -17.6056 9.28081 128.538
      vertex -17.0107 9.2025 129.137
    endloop
  endfacet
  facet normal 0.516874 0.484174 0.705987
    outer loop
      vertex -14.304 10.5234 128.538
      vertex -14.6996 10.0723 129.137
      vertex -14.512 9.87203 129.137
    endloop
  endfacet
  facet normal -0.0231792 -0.707841 0.705991
    outer loop
      vertex -15.8054 7.63174 129.137
      vertex -15.8837 7.03687 128.538
      vertex -15.4919 7.02404 128.538
    endloop
  endfacet
  facet normal 0.707854 -0.0232252 0.705977
    outer loop
      vertex -14.2257 9.11132 129.137
      vertex -14.2347 8.83702 129.137
      vertex -13.627 9.15057 128.538
    endloop
  endfacet
  facet normal -0.707828 0.023121 0.706006
    outer loop
      vertex -17.6056 9.28081 128.538
      vertex -17.6184 8.88895 128.538
      vertex -17.0107 9.2025 129.137
    endloop
  endfacet
  facet normal 0.689714 -0.160764 0.70601
    outer loop
      vertex -13.6398 8.75871 128.538
      vertex -14.2347 8.83702 129.137
      vertex -13.7288 8.37688 128.538
    endloop
  endfacet
  facet normal 0.66281 0.249453 0.706014
    outer loop
      vertex -13.8289 9.90434 128.538
      vertex -14.2704 9.38211 129.137
      vertex -13.6908 9.5374 128.538
    endloop
  endfacet
  facet normal -0.601467 -0.373933 0.705983
    outer loop
      vertex -16.8783 8.40056 129.137
      vertex -17.4164 8.13518 128.538
      vertex -16.7334 8.16749 129.137
    endloop
  endfacet
  facet normal 0.292347 0.645073 0.705984
    outer loop
      vertex -14.6227 10.7518 128.538
      vertex -15.1727 10.3455 129.137
      vertex -14.9227 10.2322 129.137
    endloop
  endfacet
  facet normal -0.160806 -0.68972 0.705994
    outer loop
      vertex -16.0727 7.69406 129.137
      vertex -16.2656 7.1259 128.538
      vertex -15.8054 7.63174 129.137
    endloop
  endfacet
  facet normal -0.412518 -0.575687 0.705984
    outer loop
      vertex -16.5458 7.96718 129.137
      vertex -16.9414 7.51608 128.538
      vertex -16.6227 7.28771 128.538
    endloop
  endfacet
  facet normal 0.115354 -0.698768 0.705986
    outer loop
      vertex -15.2603 7.66746 129.137
      vertex -15.4919 7.02404 128.538
      vertex -15.105 7.08791 128.538
    endloop
  endfacet
  facet normal 0.160789 0.689769 0.70595
    outer loop
      vertex -15.3616 11.0026 128.538
      vertex -15.4399 10.4078 129.137
      vertex -14.9798 10.9136 128.538
    endloop
  endfacet
  facet normal 0.601424 0.373906 0.706033
    outer loop
      vertex -13.8289 9.90434 128.538
      vertex -14.512 9.87203 129.137
      vertex -14.3671 9.63896 129.137
    endloop
  endfacet
  facet normal -0.374013 0.601415 0.705984
    outer loop
      vertex -16.2419 10.2754 129.137
      vertex -16.5073 10.8135 128.538
      vertex -16.4749 10.1305 129.137
    endloop
  endfacet
  facet normal -0.698782 -0.115431 0.705959
    outer loop
      vertex -16.975 8.65741 129.137
      vertex -17.6184 8.88895 128.538
      vertex -17.5545 8.50212 128.538
    endloop
  endfacet
  facet normal 0.60138 0.374057 0.705991
    outer loop
      vertex -14.036 10.2373 128.538
      vertex -14.512 9.87203 129.137
      vertex -13.8289 9.90434 128.538
    endloop
  endfacet
  facet normal 0.160821 0.689751 0.70596
    outer loop
      vertex -14.9798 10.9136 128.538
      vertex -15.4399 10.4078 129.137
      vertex -15.1727 10.3455 129.137
    endloop
  endfacet
  facet normal 0.689713 -0.160765 0.70601
    outer loop
      vertex -14.2347 8.83702 129.137
      vertex -14.297 8.56974 129.137
      vertex -13.7288 8.37688 128.538
    endloop
  endfacet
  facet normal 0.698774 0.115348 0.705982
    outer loop
      vertex -13.627 9.15057 128.538
      vertex -14.2704 9.38211 129.137
      vertex -14.2257 9.11132 129.137
    endloop
  endfacet
  facet normal 0.484147 -0.516895 0.705989
    outer loop
      vertex -14.5701 8.09668 129.137
      vertex -14.7704 7.90907 129.137
      vertex -14.119 7.70107 128.538
    endloop
  endfacet
  facet normal 0.115343 -0.698767 0.705989
    outer loop
      vertex -15.2603 7.66746 129.137
      vertex -15.5311 7.62276 129.137
      vertex -15.4919 7.02404 128.538
    endloop
  endfacet
  facet normal 0 0 1
    outer loop
      vertex -14.2704 9.38211 129.137
      vertex -14.2347 8.83702 129.137
      vertex -14.2257 9.11132 129.137
    endloop
  endfacet
  facet normal 0 0 1
    outer loop
      vertex -14.2704 9.38211 129.137
      vertex -14.297 8.56974 129.137
      vertex -14.2347 8.83702 129.137
    endloop
  endfacet
  facet normal 0 0 1
    outer loop
      vertex -14.3671 9.63896 129.137
      vertex -14.297 8.56974 129.137
      vertex -14.2704 9.38211 129.137
    endloop
  endfacet
  facet normal 0 0 1
    outer loop
      vertex -14.3671 9.63896 129.137
      vertex -14.4102 8.31976 129.137
      vertex -14.297 8.56974 129.137
    endloop
  endfacet
  facet normal 0 0 1
    outer loop
      vertex -14.512 9.87203 129.137
      vertex -14.4102 8.31976 129.137
      vertex -14.3671 9.63896 129.137
    endloop
  endfacet
  facet normal 0 0 1
    outer loop
      vertex -14.512 9.87203 129.137
      vertex -14.5701 8.09668 129.137
      vertex -14.4102 8.31976 129.137
    endloop
  endfacet
  facet normal 0 0 1
    outer loop
      vertex -14.6996 10.0723 129.137
      vertex -14.5701 8.09668 129.137
      vertex -14.512 9.87203 129.137
    endloop
  endfacet
  facet normal 0 0 1
    outer loop
      vertex -14.6996 10.0723 129.137
      vertex -14.7704 7.90907 129.137
      vertex -14.5701 8.09668 129.137
    endloop
  endfacet
  facet normal 0 0 1
    outer loop
      vertex -14.9227 10.2322 129.137
      vertex -14.7704 7.90907 129.137
      vertex -14.6996 10.0723 129.137
    endloop
  endfacet
  facet normal 0 0 1
    outer loop
      vertex -14.9227 10.2322 129.137
      vertex -15.0035 7.76414 129.137
      vertex -14.7704 7.90907 129.137
    endloop
  endfacet
  facet normal 0 0 1
    outer loop
      vertex -15.1727 10.3455 129.137
      vertex -15.0035 7.76414 129.137
      vertex -14.9227 10.2322 129.137
    endloop
  endfacet
  facet normal 0 0 1
    outer loop
      vertex -15.1727 10.3455 129.137
      vertex -15.2603 7.66746 129.137
      vertex -15.0035 7.76414 129.137
    endloop
  endfacet
  facet normal 0 0 1
    outer loop
      vertex -15.4399 10.4078 129.137
      vertex -15.2603 7.66746 129.137
      vertex -15.1727 10.3455 129.137
    endloop
  endfacet
  facet normal 0 0 1
    outer loop
      vertex -15.4399 10.4078 129.137
      vertex -15.5311 7.62276 129.137
      vertex -15.2603 7.66746 129.137
    endloop
  endfacet
  facet normal 0 0 1
    outer loop
      vertex -15.7142 10.4168 129.137
      vertex -15.5311 7.62276 129.137
      vertex -15.4399 10.4078 129.137
    endloop
  endfacet
  facet normal 0 0 1
    outer loop
      vertex -15.7142 10.4168 129.137
      vertex -15.8054 7.63174 129.137
      vertex -15.5311 7.62276 129.137
    endloop
  endfacet
  facet normal -0 0 1
    outer loop
      vertex -15.985 10.3721 129.137
      vertex -15.8054 7.63174 129.137
      vertex -15.7142 10.4168 129.137
    endloop
  endfacet
  facet normal 0 0 1
    outer loop
      vertex -15.985 10.3721 129.137
      vertex -16.0727 7.69406 129.137
      vertex -15.8054 7.63174 129.137
    endloop
  endfacet
  facet normal -0 0 1
    outer loop
      vertex -16.2419 10.2754 129.137
      vertex -16.0727 7.69406 129.137
      vertex -15.985 10.3721 129.137
    endloop
  endfacet
  facet normal 0 0 1
    outer loop
      vertex -16.2419 10.2754 129.137
      vertex -16.3227 7.80732 129.137
      vertex -16.0727 7.69406 129.137
    endloop
  endfacet
  facet normal -0 0 1
    outer loop
      vertex -16.4749 10.1305 129.137
      vertex -16.3227 7.80732 129.137
      vertex -16.2419 10.2754 129.137
    endloop
  endfacet
  facet normal 0 0 1
    outer loop
      vertex -16.4749 10.1305 129.137
      vertex -16.5458 7.96718 129.137
      vertex -16.3227 7.80732 129.137
    endloop
  endfacet
  facet normal -0 0 1
    outer loop
      vertex -16.6753 9.94284 129.137
      vertex -16.5458 7.96718 129.137
      vertex -16.4749 10.1305 129.137
    endloop
  endfacet
  facet normal 0 0 1
    outer loop
      vertex -16.6753 9.94284 129.137
      vertex -16.7334 8.16749 129.137
      vertex -16.5458 7.96718 129.137
    endloop
  endfacet
  facet normal -0 0 1
    outer loop
      vertex -16.8351 9.71976 129.137
      vertex -16.7334 8.16749 129.137
      vertex -16.6753 9.94284 129.137
    endloop
  endfacet
  facet normal 0 0 1
    outer loop
      vertex -16.8351 9.71976 129.137
      vertex -16.8783 8.40056 129.137
      vertex -16.7334 8.16749 129.137
    endloop
  endfacet
  facet normal -0 0 1
    outer loop
      vertex -16.9484 9.46978 129.137
      vertex -16.8783 8.40056 129.137
      vertex -16.8351 9.71976 129.137
    endloop
  endfacet
  facet normal 0 0 1
    outer loop
      vertex -16.9484 9.46978 129.137
      vertex -16.975 8.65741 129.137
      vertex -16.8783 8.40056 129.137
    endloop
  endfacet
  facet normal -0 0 1
    outer loop
      vertex -17.0107 9.2025 129.137
      vertex -16.975 8.65741 129.137
      vertex -16.9484 9.46978 129.137
    endloop
  endfacet
  facet normal 0 0 1
    outer loop
      vertex -16.975 8.65741 129.137
      vertex -17.0107 9.2025 129.137
      vertex -17.0197 8.92819 129.137
    endloop
  endfacet
  facet normal 0.662762 0.249519 0.706036
    outer loop
      vertex -13.8289 9.90434 128.538
      vertex -14.3671 9.63896 129.137
      vertex -14.2704 9.38211 129.137
    endloop
  endfacet
  facet normal 0.645171 -0.292157 0.705973
    outer loop
      vertex -14.297 8.56974 129.137
      vertex -14.4102 8.31976 129.137
      vertex -13.8906 8.01976 128.538
    endloop
  endfacet
  facet normal -0.575734 0.412426 0.706
    outer loop
      vertex -17.1264 10.3385 128.538
      vertex -17.3547 10.0198 128.538
      vertex -16.6753 9.94284 129.137
    endloop
  endfacet
  facet normal -0.575736 0.41242 0.706001
    outer loop
      vertex -16.6753 9.94284 129.137
      vertex -17.3547 10.0198 128.538
      vertex -16.8351 9.71976 129.137
    endloop
  endfacet
  facet normal -0.412506 -0.575691 0.705988
    outer loop
      vertex -16.5458 7.96718 129.137
      vertex -16.6227 7.28771 128.538
      vertex -16.3227 7.80732 129.137
    endloop
  endfacet
  facet normal -0.249496 0.662828 0.705983
    outer loop
      vertex -15.985 10.3721 129.137
      vertex -16.5073 10.8135 128.538
      vertex -16.2419 10.2754 129.137
    endloop
  endfacet
  facet normal -0.484071 0.516945 0.706005
    outer loop
      vertex -16.8402 10.6065 128.538
      vertex -17.1264 10.3385 128.538
      vertex -16.4749 10.1305 129.137
    endloop
  endfacet
  facet normal 0.575633 -0.412604 0.705977
    outer loop
      vertex -14.4102 8.31976 129.137
      vertex -14.5701 8.09668 129.137
      vertex -13.8906 8.01976 128.538
    endloop
  endfacet
  facet normal -0.689769 0.160778 0.705952
    outer loop
      vertex -16.9484 9.46978 129.137
      vertex -17.5165 9.66264 128.538
      vertex -17.0107 9.2025 129.137
    endloop
  endfacet
  facet normal 0.698763 0.115247 0.706009
    outer loop
      vertex -13.6908 9.5374 128.538
      vertex -14.2704 9.38211 129.137
      vertex -13.627 9.15057 128.538
    endloop
  endfacet
  facet normal 0.707828 -0.023121 0.706006
    outer loop
      vertex -13.627 9.15057 128.538
      vertex -14.2347 8.83702 129.137
      vertex -13.6398 8.75871 128.538
    endloop
  endfacet
  facet normal -0.373972 0.601427 0.705996
    outer loop
      vertex -16.5073 10.8135 128.538
      vertex -16.8402 10.6065 128.538
      vertex -16.4749 10.1305 129.137
    endloop
  endfacet
  facet normal 0.373943 -0.601437 0.706003
    outer loop
      vertex -14.7704 7.90907 129.137
      vertex -15.0035 7.76414 129.137
      vertex -14.7381 7.22601 128.538
    endloop
  endfacet
  facet normal -0.698774 -0.115353 0.705981
    outer loop
      vertex -17.0197 8.92819 129.137
      vertex -17.6184 8.88895 128.538
      vertex -16.975 8.65741 129.137
    endloop
  endfacet
  facet normal 0.516874 0.484174 0.705987
    outer loop
      vertex -14.304 10.5234 128.538
      vertex -14.512 9.87203 129.137
      vertex -14.036 10.2373 128.538
    endloop
  endfacet
  facet normal 0.292298 0.645115 0.705967
    outer loop
      vertex -14.9798 10.9136 128.538
      vertex -15.1727 10.3455 129.137
      vertex -14.6227 10.7518 128.538
    endloop
  endfacet
  facet normal -0.160792 -0.689727 0.70599
    outer loop
      vertex -15.8054 7.63174 129.137
      vertex -16.2656 7.1259 128.538
      vertex -15.8837 7.03687 128.538
    endloop
  endfacet
  facet normal -0.484075 0.516938 0.706007
    outer loop
      vertex -16.4749 10.1305 129.137
      vertex -17.1264 10.3385 128.538
      vertex -16.6753 9.94284 129.137
    endloop
  endfacet
  facet normal -0.292261 -0.645112 0.705985
    outer loop
      vertex -16.3227 7.80732 129.137
      vertex -16.6227 7.28771 128.538
      vertex -16.0727 7.69406 129.137
    endloop
  endfacet
  facet normal 0.57565 -0.412559 0.70599
    outer loop
      vertex -13.8906 8.01976 128.538
      vertex -14.5701 8.09668 129.137
      vertex -14.119 7.70107 128.538
    endloop
  endfacet
  facet normal 0.249486 -0.662827 0.705987
    outer loop
      vertex -14.7381 7.22601 128.538
      vertex -15.2603 7.66746 129.137
      vertex -15.105 7.08791 128.538
    endloop
  endfacet
  facet normal 0.249529 -0.662795 0.706001
    outer loop
      vertex -15.0035 7.76414 129.137
      vertex -15.2603 7.66746 129.137
      vertex -14.7381 7.22601 128.538
    endloop
  endfacet
  facet normal 0.374034 -0.60141 0.705978
    outer loop
      vertex -14.4052 7.43305 128.538
      vertex -14.7704 7.90907 129.137
      vertex -14.7381 7.22601 128.538
    endloop
  endfacet
  facet normal -0.11544 0.69878 0.705961
    outer loop
      vertex -15.7535 11.0155 128.538
      vertex -16.1403 10.9516 128.538
      vertex -15.985 10.3721 129.137
    endloop
  endfacet
  facet normal -0.249435 0.662872 0.705962
    outer loop
      vertex -16.1403 10.9516 128.538
      vertex -16.5073 10.8135 128.538
      vertex -15.985 10.3721 129.137
    endloop
  endfacet
  facet normal -0.516928 -0.484123 0.705982
    outer loop
      vertex -16.7334 8.16749 129.137
      vertex -17.2094 7.80224 128.538
      vertex -16.9414 7.51608 128.538
    endloop
  endfacet
  facet normal -0.601462 -0.373949 0.705978
    outer loop
      vertex -16.7334 8.16749 129.137
      vertex -17.4164 8.13518 128.538
      vertex -17.2094 7.80224 128.538
    endloop
  endfacet
  facet normal 0.412553 0.575659 0.705986
    outer loop
      vertex -14.6227 10.7518 128.538
      vertex -14.6996 10.0723 129.137
      vertex -14.304 10.5234 128.538
    endloop
  endfacet
  facet normal -0.0231732 -0.70784 0.705993
    outer loop
      vertex -15.5311 7.62276 129.137
      vertex -15.8054 7.63174 129.137
      vertex -15.4919 7.02404 128.538
    endloop
  endfacet
  facet normal -0.516924 -0.484125 0.705983
    outer loop
      vertex -16.7334 8.16749 129.137
      vertex -16.9414 7.51608 128.538
      vertex -16.5458 7.96718 129.137
    endloop
  endfacet
  facet normal -0.115343 0.698769 0.705987
    outer loop
      vertex -15.7535 11.0155 128.538
      vertex -15.985 10.3721 129.137
      vertex -15.7142 10.4168 129.137
    endloop
  endfacet
  facet normal 0.0232253 0.707855 0.705976
    outer loop
      vertex -15.4399 10.4078 129.137
      vertex -15.7535 11.0155 128.538
      vertex -15.7142 10.4168 129.137
    endloop
  endfacet
  facet normal 0.881936 0.471369 0
    outer loop
      vertex 1.84776 -17.2742 128.538
      vertex 1.66294 -16.9284 123.137
      vertex 1.66294 -16.9284 128.538
    endloop
  endfacet
  facet normal 0.881936 0.471369 0
    outer loop
      vertex 1.66294 -16.9284 123.137
      vertex 1.84776 -17.2742 128.538
      vertex 1.84776 -17.2742 123.137
    endloop
  endfacet
  facet normal 0.881936 -0.471369 0
    outer loop
      vertex 1.66294 -19.1507 128.538
      vertex 1.84776 -18.8049 123.137
      vertex 1.84776 -18.8049 128.538
    endloop
  endfacet
  facet normal 0.881936 -0.471369 0
    outer loop
      vertex 1.84776 -18.8049 123.137
      vertex 1.66294 -19.1507 128.538
      vertex 1.66294 -19.1507 123.137
    endloop
  endfacet
  facet normal 0.290258 -0.956948 0
    outer loop
      vertex 0.390181 -20.0011 123.137
      vertex 0.765367 -19.8873 128.538
      vertex 0.390181 -20.0011 128.538
    endloop
  endfacet
  facet normal 0.290258 -0.956948 0
    outer loop
      vertex 0.765367 -19.8873 128.538
      vertex 0.390181 -20.0011 123.137
      vertex 0.765367 -19.8873 123.137
    endloop
  endfacet
  facet normal 0.0979427 -0.995192 0
    outer loop
      vertex 0 -20.0395 123.137
      vertex 0.390181 -20.0011 128.538
      vertex 0 -20.0395 128.538
    endloop
  endfacet
  facet normal 0.0979427 -0.995192 0
    outer loop
      vertex 0.390181 -20.0011 128.538
      vertex 0 -20.0395 123.137
      vertex 0.390181 -20.0011 123.137
    endloop
  endfacet
  facet normal 0.471358 -0.881942 0
    outer loop
      vertex 0.765367 -19.8873 123.137
      vertex 1.11114 -19.7025 128.538
      vertex 0.765367 -19.8873 128.538
    endloop
  endfacet
  facet normal 0.471358 -0.881942 0
    outer loop
      vertex 1.11114 -19.7025 128.538
      vertex 0.765367 -19.8873 123.137
      vertex 1.11114 -19.7025 123.137
    endloop
  endfacet
  facet normal 0.995185 -0.0980137 0
    outer loop
      vertex 1.96157 -18.4297 128.538
      vertex 2 -18.0395 123.137
      vertex 2 -18.0395 128.538
    endloop
  endfacet
  facet normal 0.995185 -0.0980137 0
    outer loop
      vertex 2 -18.0395 123.137
      vertex 1.96157 -18.4297 128.538
      vertex 1.96157 -18.4297 123.137
    endloop
  endfacet
  facet normal -0.995185 -0.0980137 0
    outer loop
      vertex -1.96157 -18.4297 123.137
      vertex -2 -18.0395 128.538
      vertex -2 -18.0395 123.137
    endloop
  endfacet
  facet normal -0.995185 -0.0980137 0
    outer loop
      vertex -2 -18.0395 128.538
      vertex -1.96157 -18.4297 123.137
      vertex -1.96157 -18.4297 128.538
    endloop
  endfacet
  facet normal 0.956944 -0.290271 0
    outer loop
      vertex 1.84776 -18.8049 128.538
      vertex 1.96157 -18.4297 123.137
      vertex 1.96157 -18.4297 128.538
    endloop
  endfacet
  facet normal 0.956944 -0.290271 0
    outer loop
      vertex 1.96157 -18.4297 123.137
      vertex 1.84776 -18.8049 128.538
      vertex 1.84776 -18.8049 123.137
    endloop
  endfacet
  facet normal 0.77293 -0.634491 0
    outer loop
      vertex 1.41421 -19.4537 128.538
      vertex 1.66294 -19.1507 123.137
      vertex 1.66294 -19.1507 128.538
    endloop
  endfacet
  facet normal 0.77293 -0.634491 0
    outer loop
      vertex 1.66294 -19.1507 123.137
      vertex 1.41421 -19.4537 128.538
      vertex 1.41421 -19.4537 123.137
    endloop
  endfacet
  facet normal -0.63451 -0.772914 0
    outer loop
      vertex -1.41421 -19.4537 123.137
      vertex -1.11114 -19.7025 128.538
      vertex -1.41421 -19.4537 128.538
    endloop
  endfacet
  facet normal -0.63451 -0.772914 -0
    outer loop
      vertex -1.11114 -19.7025 128.538
      vertex -1.41421 -19.4537 123.137
      vertex -1.11114 -19.7025 123.137
    endloop
  endfacet
  facet normal 0.773033 0.634366 0
    outer loop
      vertex 1.66294 -16.9284 128.538
      vertex 1.41421 -16.6253 123.137
      vertex 1.41421 -16.6253 128.538
    endloop
  endfacet
  facet normal 0.773033 0.634366 0
    outer loop
      vertex 1.41421 -16.6253 123.137
      vertex 1.66294 -16.9284 128.538
      vertex 1.66294 -16.9284 123.137
    endloop
  endfacet
  facet normal -0.881936 -0.471369 0
    outer loop
      vertex -1.66294 -19.1507 123.137
      vertex -1.84776 -18.8049 128.538
      vertex -1.84776 -18.8049 123.137
    endloop
  endfacet
  facet normal -0.881936 -0.471369 0
    outer loop
      vertex -1.84776 -18.8049 128.538
      vertex -1.66294 -19.1507 123.137
      vertex -1.66294 -19.1507 128.538
    endloop
  endfacet
  facet normal -0.471358 0.881942 0
    outer loop
      vertex -0.765367 -16.1918 123.137
      vertex -1.11114 -16.3766 128.538
      vertex -0.765367 -16.1918 128.538
    endloop
  endfacet
  facet normal -0.471358 0.881942 0
    outer loop
      vertex -1.11114 -16.3766 128.538
      vertex -0.765367 -16.1918 123.137
      vertex -1.11114 -16.3766 123.137
    endloop
  endfacet
  facet normal -0.0979427 -0.995192 0
    outer loop
      vertex -0.390181 -20.0011 123.137
      vertex 0 -20.0395 128.538
      vertex -0.390181 -20.0011 128.538
    endloop
  endfacet
  facet normal -0.0979427 -0.995192 -0
    outer loop
      vertex 0 -20.0395 128.538
      vertex -0.390181 -20.0011 123.137
      vertex 0 -20.0395 123.137
    endloop
  endfacet
  facet normal 0.956923 0.290342 0
    outer loop
      vertex 1.96157 -17.6493 128.538
      vertex 1.84776 -17.2742 123.137
      vertex 1.84776 -17.2742 128.538
    endloop
  endfacet
  facet normal 0.956923 0.290342 0
    outer loop
      vertex 1.84776 -17.2742 123.137
      vertex 1.96157 -17.6493 128.538
      vertex 1.96157 -17.6493 123.137
    endloop
  endfacet
  facet normal -0.995185 0.0980137 0
    outer loop
      vertex -2 -18.0395 123.137
      vertex -1.96157 -17.6493 128.538
      vertex -1.96157 -17.6493 123.137
    endloop
  endfacet
  facet normal -0.995185 0.0980137 0
    outer loop
      vertex -1.96157 -17.6493 128.538
      vertex -2 -18.0395 123.137
      vertex -2 -18.0395 128.538
    endloop
  endfacet
  facet normal 0.471358 0.881942 -0
    outer loop
      vertex 1.11114 -16.3766 123.137
      vertex 0.765367 -16.1918 128.538
      vertex 1.11114 -16.3766 128.538
    endloop
  endfacet
  facet normal 0.471358 0.881942 0
    outer loop
      vertex 0.765367 -16.1918 128.538
      vertex 1.11114 -16.3766 123.137
      vertex 0.765367 -16.1918 123.137
    endloop
  endfacet
  facet normal -0.956944 -0.290271 0
    outer loop
      vertex -1.84776 -18.8049 123.137
      vertex -1.96157 -18.4297 128.538
      vertex -1.96157 -18.4297 123.137
    endloop
  endfacet
  facet normal -0.956944 -0.290271 0
    outer loop
      vertex -1.96157 -18.4297 128.538
      vertex -1.84776 -18.8049 123.137
      vertex -1.84776 -18.8049 128.538
    endloop
  endfacet
  facet normal -0.956923 0.290342 0
    outer loop
      vertex -1.96157 -17.6493 123.137
      vertex -1.84776 -17.2742 128.538
      vertex -1.84776 -17.2742 123.137
    endloop
  endfacet
  facet normal -0.956923 0.290342 0
    outer loop
      vertex -1.84776 -17.2742 128.538
      vertex -1.96157 -17.6493 123.137
      vertex -1.96157 -17.6493 128.538
    endloop
  endfacet
  facet normal -0.290258 -0.956948 0
    outer loop
      vertex -0.765367 -19.8873 123.137
      vertex -0.390181 -20.0011 128.538
      vertex -0.765367 -19.8873 128.538
    endloop
  endfacet
  facet normal -0.290258 -0.956948 -0
    outer loop
      vertex -0.390181 -20.0011 128.538
      vertex -0.765367 -19.8873 123.137
      vertex -0.390181 -20.0011 123.137
    endloop
  endfacet
  facet normal 0.63451 -0.772914 0
    outer loop
      vertex 1.11114 -19.7025 123.137
      vertex 1.41421 -19.4537 128.538
      vertex 1.11114 -19.7025 128.538
    endloop
  endfacet
  facet normal 0.63451 -0.772914 0
    outer loop
      vertex 1.41421 -19.4537 128.538
      vertex 1.11114 -19.7025 123.137
      vertex 1.41421 -19.4537 123.137
    endloop
  endfacet
  facet normal 0.0979427 0.995192 -0
    outer loop
      vertex 0.390181 -16.0779 123.137
      vertex 0 -16.0395 128.538
      vertex 0.390181 -16.0779 128.538
    endloop
  endfacet
  facet normal 0.0979427 0.995192 0
    outer loop
      vertex 0 -16.0395 128.538
      vertex 0.390181 -16.0779 123.137
      vertex 0 -16.0395 123.137
    endloop
  endfacet
  facet normal -0.77293 -0.634491 0
    outer loop
      vertex -1.41421 -19.4537 123.137
      vertex -1.66294 -19.1507 128.538
      vertex -1.66294 -19.1507 123.137
    endloop
  endfacet
  facet normal -0.77293 -0.634491 0
    outer loop
      vertex -1.66294 -19.1507 128.538
      vertex -1.41421 -19.4537 123.137
      vertex -1.41421 -19.4537 128.538
    endloop
  endfacet
  facet normal -0.773033 0.634366 0
    outer loop
      vertex -1.66294 -16.9284 123.137
      vertex -1.41421 -16.6253 128.538
      vertex -1.41421 -16.6253 123.137
    endloop
  endfacet
  facet normal -0.773033 0.634366 0
    outer loop
      vertex -1.41421 -16.6253 128.538
      vertex -1.66294 -16.9284 123.137
      vertex -1.66294 -16.9284 128.538
    endloop
  endfacet
  facet normal 0.995185 0.0980137 0
    outer loop
      vertex 2 -18.0395 128.538
      vertex 1.96157 -17.6493 123.137
      vertex 1.96157 -17.6493 128.538
    endloop
  endfacet
  facet normal 0.995185 0.0980137 0
    outer loop
      vertex 1.96157 -17.6493 123.137
      vertex 2 -18.0395 128.538
      vertex 2 -18.0395 123.137
    endloop
  endfacet
  facet normal -0.471358 -0.881942 0
    outer loop
      vertex -1.11114 -19.7025 123.137
      vertex -0.765367 -19.8873 128.538
      vertex -1.11114 -19.7025 128.538
    endloop
  endfacet
  facet normal -0.471358 -0.881942 -0
    outer loop
      vertex -0.765367 -19.8873 128.538
      vertex -1.11114 -19.7025 123.137
      vertex -0.765367 -19.8873 123.137
    endloop
  endfacet
  facet normal -0.290492 0.956878 0
    outer loop
      vertex -0.390181 -16.0779 123.137
      vertex -0.765367 -16.1918 128.538
      vertex -0.390181 -16.0779 128.538
    endloop
  endfacet
  facet normal -0.290492 0.956878 0
    outer loop
      vertex -0.765367 -16.1918 128.538
      vertex -0.390181 -16.0779 123.137
      vertex -0.765367 -16.1918 123.137
    endloop
  endfacet
  facet normal -0.0979427 0.995192 0
    outer loop
      vertex 0 -16.0395 123.137
      vertex -0.390181 -16.0779 128.538
      vertex 0 -16.0395 128.538
    endloop
  endfacet
  facet normal -0.0979427 0.995192 0
    outer loop
      vertex -0.390181 -16.0779 128.538
      vertex 0 -16.0395 123.137
      vertex -0.390181 -16.0779 123.137
    endloop
  endfacet
  facet normal -0.634358 0.773039 0
    outer loop
      vertex -1.11114 -16.3766 123.137
      vertex -1.41421 -16.6253 128.538
      vertex -1.11114 -16.3766 128.538
    endloop
  endfacet
  facet normal -0.634358 0.773039 0
    outer loop
      vertex -1.41421 -16.6253 128.538
      vertex -1.11114 -16.3766 123.137
      vertex -1.41421 -16.6253 123.137
    endloop
  endfacet
  facet normal 0.634358 0.773039 -0
    outer loop
      vertex 1.41421 -16.6253 123.137
      vertex 1.11114 -16.3766 128.538
      vertex 1.41421 -16.6253 128.538
    endloop
  endfacet
  facet normal 0.634358 0.773039 0
    outer loop
      vertex 1.11114 -16.3766 128.538
      vertex 1.41421 -16.6253 123.137
      vertex 1.11114 -16.3766 123.137
    endloop
  endfacet
  facet normal 0.290492 0.956878 -0
    outer loop
      vertex 0.765367 -16.1918 123.137
      vertex 0.390181 -16.0779 128.538
      vertex 0.765367 -16.1918 128.538
    endloop
  endfacet
  facet normal 0.290492 0.956878 0
    outer loop
      vertex 0.390181 -16.0779 128.538
      vertex 0.765367 -16.1918 123.137
      vertex 0.390181 -16.0779 123.137
    endloop
  endfacet
  facet normal -0.881936 0.471369 0
    outer loop
      vertex -1.84776 -17.2742 123.137
      vertex -1.66294 -16.9284 128.538
      vertex -1.66294 -16.9284 123.137
    endloop
  endfacet
  facet normal -0.881936 0.471369 0
    outer loop
      vertex -1.66294 -16.9284 128.538
      vertex -1.84776 -17.2742 123.137
      vertex -1.84776 -17.2742 128.538
    endloop
  endfacet
  facet normal -0.704812 0.0694231 0.705989
    outer loop
      vertex -1.3731 -17.7664 129.137
      vertex -2 -18.0395 128.538
      vertex -1.4 -18.0395 129.137
    endloop
  endfacet
  facet normal 0.0694165 -0.704813 0.705989
    outer loop
      vertex 0 -19.4395 129.137
      vertex 0 -20.0395 128.538
      vertex 0.273126 -19.4126 129.137
    endloop
  endfacet
  facet normal 0.0693638 -0.704803 0.706004
    outer loop
      vertex 0.273126 -19.4126 129.137
      vertex 0 -20.0395 128.538
      vertex 0.390181 -20.0011 128.538
    endloop
  endfacet
  facet normal 0.547423 -0.449375 0.705968
    outer loop
      vertex 1.66294 -19.1507 128.538
      vertex 0.989949 -19.0295 129.137
      vertex 1.41421 -19.4537 128.538
    endloop
  endfacet
  facet normal 0.205735 0.67769 0.705981
    outer loop
      vertex 0.765367 -16.1918 128.538
      vertex 0.390181 -16.0779 128.538
      vertex 0.535756 -16.7461 129.137
    endloop
  endfacet
  facet normal 0.547491 -0.449219 0.706014
    outer loop
      vertex 1.16406 -18.8173 129.137
      vertex 0.989949 -19.0295 129.137
      vertex 1.66294 -19.1507 128.538
    endloop
  endfacet
  facet normal -0.0693638 0.704803 0.706004
    outer loop
      vertex 0 -16.0395 128.538
      vertex -0.390181 -16.0779 128.538
      vertex -0.273126 -16.6664 129.137
    endloop
  endfacet
  facet normal 0.704811 0.0694154 0.705991
    outer loop
      vertex 1.96157 -17.6493 128.538
      vertex 1.3731 -17.7664 129.137
      vertex 2 -18.0395 128.538
    endloop
  endfacet
  facet normal -0.624608 -0.333835 0.705989
    outer loop
      vertex -1.29343 -18.5753 129.137
      vertex -1.84776 -18.8049 128.538
      vertex -1.66294 -19.1507 128.538
    endloop
  endfacet
  facet normal 0.3339 -0.624558 0.706001
    outer loop
      vertex 0.777798 -19.2036 129.137
      vertex 0.535756 -19.333 129.137
      vertex 1.11114 -19.7025 128.538
    endloop
  endfacet
  facet normal 0.205572 -0.677748 0.705973
    outer loop
      vertex 0.535756 -19.333 129.137
      vertex 0.390181 -20.0011 128.538
      vertex 0.765367 -19.8873 128.538
    endloop
  endfacet
  facet normal -0.677713 0.205611 0.705995
    outer loop
      vertex -1.29343 -17.5038 129.137
      vertex -1.96157 -17.6493 128.538
      vertex -1.3731 -17.7664 129.137
    endloop
  endfacet
  facet normal 0.624608 0.333835 0.705989
    outer loop
      vertex 1.66294 -16.9284 128.538
      vertex 1.29343 -17.5038 129.137
      vertex 1.84776 -17.2742 128.538
    endloop
  endfacet
  facet normal -0.3339 0.624558 0.706001
    outer loop
      vertex -0.535756 -16.7461 129.137
      vertex -1.11114 -16.3766 128.538
      vertex -0.777798 -16.8755 129.137
    endloop
  endfacet
  facet normal 0.333832 -0.624623 0.705976
    outer loop
      vertex 1.11114 -19.7025 128.538
      vertex 0.535756 -19.333 129.137
      vertex 0.765367 -19.8873 128.538
    endloop
  endfacet
  facet normal -0.205735 0.67769 0.705981
    outer loop
      vertex -0.390181 -16.0779 128.538
      vertex -0.765367 -16.1918 128.538
      vertex -0.535756 -16.7461 129.137
    endloop
  endfacet
  facet normal -0.547471 0.449266 0.706
    outer loop
      vertex -1.41421 -16.6253 128.538
      vertex -1.66294 -16.9284 128.538
      vertex -0.989949 -17.0496 129.137
    endloop
  endfacet
  facet normal 0.624562 -0.333882 0.706006
    outer loop
      vertex 1.29343 -18.5753 129.137
      vertex 1.16406 -18.8173 129.137
      vertex 1.66294 -19.1507 128.538
    endloop
  endfacet
  facet normal -0.704812 -0.0694231 0.705989
    outer loop
      vertex -1.4 -18.0395 129.137
      vertex -2 -18.0395 128.538
      vertex -1.3731 -18.3126 129.137
    endloop
  endfacet
  facet normal 0.677713 0.205611 0.705995
    outer loop
      vertex 1.96157 -17.6493 128.538
      vertex 1.29343 -17.5038 129.137
      vertex 1.3731 -17.7664 129.137
    endloop
  endfacet
  facet normal 0.704811 -0.0694154 0.705991
    outer loop
      vertex 2 -18.0395 128.538
      vertex 1.3731 -18.3126 129.137
      vertex 1.96157 -18.4297 128.538
    endloop
  endfacet
  facet normal 0.547471 0.449266 0.706
    outer loop
      vertex 1.41421 -16.6253 128.538
      vertex 0.989949 -17.0496 129.137
      vertex 1.66294 -16.9284 128.538
    endloop
  endfacet
  facet normal -0.677731 -0.205577 0.705988
    outer loop
      vertex -1.29343 -18.5753 129.137
      vertex -1.96157 -18.4297 128.538
      vertex -1.84776 -18.8049 128.538
    endloop
  endfacet
  facet normal -0.624649 0.333791 0.705972
    outer loop
      vertex -1.16406 -17.2617 129.137
      vertex -1.66294 -16.9284 128.538
      vertex -1.29343 -17.5038 129.137
    endloop
  endfacet
  facet normal -0.3339 -0.624558 0.706001
    outer loop
      vertex -0.777798 -19.2036 129.137
      vertex -1.11114 -19.7025 128.538
      vertex -0.535756 -19.333 129.137
    endloop
  endfacet
  facet normal 0.449391 -0.547415 0.705964
    outer loop
      vertex 1.41421 -19.4537 128.538
      vertex 0.989949 -19.0295 129.137
      vertex 1.11114 -19.7025 128.538
    endloop
  endfacet
  facet normal -0.624608 0.333835 0.705989
    outer loop
      vertex -1.66294 -16.9284 128.538
      vertex -1.84776 -17.2742 128.538
      vertex -1.29343 -17.5038 129.137
    endloop
  endfacet
  facet normal -0.677732 -0.205538 0.705999
    outer loop
      vertex -1.3731 -18.3126 129.137
      vertex -1.96157 -18.4297 128.538
      vertex -1.29343 -18.5753 129.137
    endloop
  endfacet
  facet normal -0.205658 0.677692 0.706002
    outer loop
      vertex -0.390181 -16.0779 128.538
      vertex -0.535756 -16.7461 129.137
      vertex -0.273126 -16.6664 129.137
    endloop
  endfacet
  facet normal -0.449274 0.547466 0.705998
    outer loop
      vertex -0.777798 -16.8755 129.137
      vertex -1.11114 -16.3766 128.538
      vertex -0.989949 -17.0496 129.137
    endloop
  endfacet
  facet normal 0.205658 0.677692 0.706002
    outer loop
      vertex 0.390181 -16.0779 128.538
      vertex 0.273126 -16.6664 129.137
      vertex 0.535756 -16.7461 129.137
    endloop
  endfacet
  facet normal 0.547423 0.449375 0.705968
    outer loop
      vertex 1.66294 -16.9284 128.538
      vertex 0.989949 -17.0496 129.137
      vertex 1.16406 -17.2617 129.137
    endloop
  endfacet
  facet normal 0 0 1
    outer loop
      vertex 1.3731 -17.7664 129.137
      vertex 1.3731 -18.3126 129.137
      vertex 1.4 -18.0395 129.137
    endloop
  endfacet
  facet normal 0 0 1
    outer loop
      vertex 1.29343 -17.5038 129.137
      vertex 1.3731 -18.3126 129.137
      vertex 1.3731 -17.7664 129.137
    endloop
  endfacet
  facet normal 0 0 1
    outer loop
      vertex 1.29343 -17.5038 129.137
      vertex 1.29343 -18.5753 129.137
      vertex 1.3731 -18.3126 129.137
    endloop
  endfacet
  facet normal 0 0 1
    outer loop
      vertex 1.16406 -17.2617 129.137
      vertex 1.29343 -18.5753 129.137
      vertex 1.29343 -17.5038 129.137
    endloop
  endfacet
  facet normal 0 0 1
    outer loop
      vertex 1.16406 -17.2617 129.137
      vertex 1.16406 -18.8173 129.137
      vertex 1.29343 -18.5753 129.137
    endloop
  endfacet
  facet normal 0 0 1
    outer loop
      vertex 0.989949 -17.0496 129.137
      vertex 1.16406 -18.8173 129.137
      vertex 1.16406 -17.2617 129.137
    endloop
  endfacet
  facet normal 0 0 1
    outer loop
      vertex 0.989949 -17.0496 129.137
      vertex 0.989949 -19.0295 129.137
      vertex 1.16406 -18.8173 129.137
    endloop
  endfacet
  facet normal 0 0 1
    outer loop
      vertex 0.777798 -16.8755 129.137
      vertex 0.989949 -19.0295 129.137
      vertex 0.989949 -17.0496 129.137
    endloop
  endfacet
  facet normal 0 0 1
    outer loop
      vertex 0.777798 -16.8755 129.137
      vertex 0.777798 -19.2036 129.137
      vertex 0.989949 -19.0295 129.137
    endloop
  endfacet
  facet normal 0 0 1
    outer loop
      vertex 0.535756 -16.7461 129.137
      vertex 0.777798 -19.2036 129.137
      vertex 0.777798 -16.8755 129.137
    endloop
  endfacet
  facet normal 0 0 1
    outer loop
      vertex 0.535756 -16.7461 129.137
      vertex 0.535756 -19.333 129.137
      vertex 0.777798 -19.2036 129.137
    endloop
  endfacet
  facet normal 0 0 1
    outer loop
      vertex 0.273126 -16.6664 129.137
      vertex 0.535756 -19.333 129.137
      vertex 0.535756 -16.7461 129.137
    endloop
  endfacet
  facet normal 0 0 1
    outer loop
      vertex 0.273126 -16.6664 129.137
      vertex 0.273126 -19.4126 129.137
      vertex 0.535756 -19.333 129.137
    endloop
  endfacet
  facet normal 0 0 1
    outer loop
      vertex 0 -16.6395 129.137
      vertex 0.273126 -19.4126 129.137
      vertex 0.273126 -16.6664 129.137
    endloop
  endfacet
  facet normal 0 0 1
    outer loop
      vertex 0 -16.6395 129.137
      vertex 0 -19.4395 129.137
      vertex 0.273126 -19.4126 129.137
    endloop
  endfacet
  facet normal -0 0 1
    outer loop
      vertex -0.273126 -16.6664 129.137
      vertex 0 -19.4395 129.137
      vertex 0 -16.6395 129.137
    endloop
  endfacet
  facet normal 0 0 1
    outer loop
      vertex -0.273126 -16.6664 129.137
      vertex -0.273126 -19.4126 129.137
      vertex 0 -19.4395 129.137
    endloop
  endfacet
  facet normal -0 0 1
    outer loop
      vertex -0.535756 -16.7461 129.137
      vertex -0.273126 -19.4126 129.137
      vertex -0.273126 -16.6664 129.137
    endloop
  endfacet
  facet normal 0 0 1
    outer loop
      vertex -0.535756 -16.7461 129.137
      vertex -0.535756 -19.333 129.137
      vertex -0.273126 -19.4126 129.137
    endloop
  endfacet
  facet normal -0 0 1
    outer loop
      vertex -0.777798 -16.8755 129.137
      vertex -0.535756 -19.333 129.137
      vertex -0.535756 -16.7461 129.137
    endloop
  endfacet
  facet normal 0 0 1
    outer loop
      vertex -0.777798 -16.8755 129.137
      vertex -0.777798 -19.2036 129.137
      vertex -0.535756 -19.333 129.137
    endloop
  endfacet
  facet normal -0 0 1
    outer loop
      vertex -0.989949 -17.0496 129.137
      vertex -0.777798 -19.2036 129.137
      vertex -0.777798 -16.8755 129.137
    endloop
  endfacet
  facet normal 0 0 1
    outer loop
      vertex -0.989949 -17.0496 129.137
      vertex -0.989949 -19.0295 129.137
      vertex -0.777798 -19.2036 129.137
    endloop
  endfacet
  facet normal -0 0 1
    outer loop
      vertex -1.16406 -17.2617 129.137
      vertex -0.989949 -19.0295 129.137
      vertex -0.989949 -17.0496 129.137
    endloop
  endfacet
  facet normal 0 0 1
    outer loop
      vertex -1.16406 -17.2617 129.137
      vertex -1.16406 -18.8173 129.137
      vertex -0.989949 -19.0295 129.137
    endloop
  endfacet
  facet normal -0 0 1
    outer loop
      vertex -1.29343 -17.5038 129.137
      vertex -1.16406 -18.8173 129.137
      vertex -1.16406 -17.2617 129.137
    endloop
  endfacet
  facet normal 0 0 1
    outer loop
      vertex -1.29343 -17.5038 129.137
      vertex -1.29343 -18.5753 129.137
      vertex -1.16406 -18.8173 129.137
    endloop
  endfacet
  facet normal -0 0 1
    outer loop
      vertex -1.3731 -17.7664 129.137
      vertex -1.29343 -18.5753 129.137
      vertex -1.29343 -17.5038 129.137
    endloop
  endfacet
  facet normal 0 0 1
    outer loop
      vertex -1.3731 -17.7664 129.137
      vertex -1.3731 -18.3126 129.137
      vertex -1.29343 -18.5753 129.137
    endloop
  endfacet
  facet normal 0 -0 1
    outer loop
      vertex -1.3731 -18.3126 129.137
      vertex -1.3731 -17.7664 129.137
      vertex -1.4 -18.0395 129.137
    endloop
  endfacet
  facet normal -0.547423 0.449375 0.705968
    outer loop
      vertex -0.989949 -17.0496 129.137
      vertex -1.66294 -16.9284 128.538
      vertex -1.16406 -17.2617 129.137
    endloop
  endfacet
  facet normal -0.0694165 0.704813 0.705989
    outer loop
      vertex 0 -16.0395 128.538
      vertex -0.273126 -16.6664 129.137
      vertex 0 -16.6395 129.137
    endloop
  endfacet
  facet normal -0.0693638 -0.704803 0.706004
    outer loop
      vertex -0.273126 -19.4126 129.137
      vertex -0.390181 -20.0011 128.538
      vertex 0 -20.0395 128.538
    endloop
  endfacet
  facet normal -0.0694165 -0.704813 0.705989
    outer loop
      vertex 0 -19.4395 129.137
      vertex -0.273126 -19.4126 129.137
      vertex 0 -20.0395 128.538
    endloop
  endfacet
  facet normal 0.704812 -0.0694231 0.705989
    outer loop
      vertex 1.4 -18.0395 129.137
      vertex 1.3731 -18.3126 129.137
      vertex 2 -18.0395 128.538
    endloop
  endfacet
  facet normal -0.449274 -0.547466 0.705998
    outer loop
      vertex -0.989949 -19.0295 129.137
      vertex -1.11114 -19.7025 128.538
      vertex -0.777798 -19.2036 129.137
    endloop
  endfacet
  facet normal -0.205572 -0.677748 0.705973
    outer loop
      vertex -0.535756 -19.333 129.137
      vertex -0.765367 -19.8873 128.538
      vertex -0.390181 -20.0011 128.538
    endloop
  endfacet
  facet normal 0.0694165 0.704813 0.705989
    outer loop
      vertex 0 -16.0395 128.538
      vertex 0 -16.6395 129.137
      vertex 0.273126 -16.6664 129.137
    endloop
  endfacet
  facet normal 0.205418 -0.677752 0.706014
    outer loop
      vertex 0.535756 -19.333 129.137
      vertex 0.273126 -19.4126 129.137
      vertex 0.390181 -20.0011 128.538
    endloop
  endfacet
  facet normal -0.449258 0.547473 0.706003
    outer loop
      vertex -1.11114 -16.3766 128.538
      vertex -1.41421 -16.6253 128.538
      vertex -0.989949 -17.0496 129.137
    endloop
  endfacet
  facet normal -0.333832 0.624623 0.705976
    outer loop
      vertex -0.765367 -16.1918 128.538
      vertex -1.11114 -16.3766 128.538
      vertex -0.535756 -16.7461 129.137
    endloop
  endfacet
  facet normal -0.333832 -0.624623 0.705976
    outer loop
      vertex -0.535756 -19.333 129.137
      vertex -1.11114 -19.7025 128.538
      vertex -0.765367 -19.8873 128.538
    endloop
  endfacet
  facet normal 0.3339 0.624558 0.706001
    outer loop
      vertex 1.11114 -16.3766 128.538
      vertex 0.535756 -16.7461 129.137
      vertex 0.777798 -16.8755 129.137
    endloop
  endfacet
  facet normal 0.449274 -0.547466 0.705998
    outer loop
      vertex 0.989949 -19.0295 129.137
      vertex 0.777798 -19.2036 129.137
      vertex 1.11114 -19.7025 128.538
    endloop
  endfacet
  facet normal -0.677713 0.205627 0.705991
    outer loop
      vertex -1.84776 -17.2742 128.538
      vertex -1.96157 -17.6493 128.538
      vertex -1.29343 -17.5038 129.137
    endloop
  endfacet
  facet normal -0.704811 -0.0694154 0.705991
    outer loop
      vertex -1.3731 -18.3126 129.137
      vertex -2 -18.0395 128.538
      vertex -1.96157 -18.4297 128.538
    endloop
  endfacet
  facet normal 0.677713 0.205627 0.705991
    outer loop
      vertex 1.84776 -17.2742 128.538
      vertex 1.29343 -17.5038 129.137
      vertex 1.96157 -17.6493 128.538
    endloop
  endfacet
  facet normal -0.205418 -0.677752 0.706014
    outer loop
      vertex -0.273126 -19.4126 129.137
      vertex -0.535756 -19.333 129.137
      vertex -0.390181 -20.0011 128.538
    endloop
  endfacet
  facet normal 0.704812 0.0694231 0.705989
    outer loop
      vertex 2 -18.0395 128.538
      vertex 1.3731 -17.7664 129.137
      vertex 1.4 -18.0395 129.137
    endloop
  endfacet
  facet normal 0.0693638 0.704803 0.706004
    outer loop
      vertex 0.390181 -16.0779 128.538
      vertex 0 -16.0395 128.538
      vertex 0.273126 -16.6664 129.137
    endloop
  endfacet
  facet normal 0.449258 0.547473 0.706003
    outer loop
      vertex 1.11114 -16.3766 128.538
      vertex 0.989949 -17.0496 129.137
      vertex 1.41421 -16.6253 128.538
    endloop
  endfacet
  facet normal 0.449274 0.547466 0.705998
    outer loop
      vertex 1.11114 -16.3766 128.538
      vertex 0.777798 -16.8755 129.137
      vertex 0.989949 -17.0496 129.137
    endloop
  endfacet
  facet normal 0.333832 0.624623 0.705976
    outer loop
      vertex 0.765367 -16.1918 128.538
      vertex 0.535756 -16.7461 129.137
      vertex 1.11114 -16.3766 128.538
    endloop
  endfacet
  facet normal -0.547423 -0.449375 0.705968
    outer loop
      vertex -0.989949 -19.0295 129.137
      vertex -1.66294 -19.1507 128.538
      vertex -1.41421 -19.4537 128.538
    endloop
  endfacet
  facet normal -0.449391 -0.547415 0.705964
    outer loop
      vertex -0.989949 -19.0295 129.137
      vertex -1.41421 -19.4537 128.538
      vertex -1.11114 -19.7025 128.538
    endloop
  endfacet
  facet normal 0.677731 -0.205577 0.705988
    outer loop
      vertex 1.96157 -18.4297 128.538
      vertex 1.29343 -18.5753 129.137
      vertex 1.84776 -18.8049 128.538
    endloop
  endfacet
  facet normal 0.624608 -0.333835 0.705989
    outer loop
      vertex 1.84776 -18.8049 128.538
      vertex 1.29343 -18.5753 129.137
      vertex 1.66294 -19.1507 128.538
    endloop
  endfacet
  facet normal -0.704811 0.0694154 0.705991
    outer loop
      vertex -1.96157 -17.6493 128.538
      vertex -2 -18.0395 128.538
      vertex -1.3731 -17.7664 129.137
    endloop
  endfacet
  facet normal 0.624649 0.333791 0.705972
    outer loop
      vertex 1.66294 -16.9284 128.538
      vertex 1.16406 -17.2617 129.137
      vertex 1.29343 -17.5038 129.137
    endloop
  endfacet
  facet normal 0.677732 -0.205538 0.705999
    outer loop
      vertex 1.3731 -18.3126 129.137
      vertex 1.29343 -18.5753 129.137
      vertex 1.96157 -18.4297 128.538
    endloop
  endfacet
  facet normal -0.547491 -0.449219 0.706014
    outer loop
      vertex -1.16406 -18.8173 129.137
      vertex -1.66294 -19.1507 128.538
      vertex -0.989949 -19.0295 129.137
    endloop
  endfacet
  facet normal -0.624562 -0.333882 0.706006
    outer loop
      vertex -1.29343 -18.5753 129.137
      vertex -1.66294 -19.1507 128.538
      vertex -1.16406 -18.8173 129.137
    endloop
  endfacet
endsolid OpenSCAD_Model
