solid OpenSCAD_Model
  facet normal 0 -1 0
    outer loop
      vertex 18.5 5.25 203
      vertex 21.7824 5.25 203.328
      vertex 21.346 5.25 206.301
    endloop
  endfacet
  facet normal 0 -1 0
    outer loop
      vertex 18.5 5.25 171
      vertex 21.7824 5.25 203.328
      vertex 18.5 5.25 203
    endloop
  endfacet
  facet normal 0 -1 0
    outer loop
      vertex 22.6411 5.25 170.455
      vertex 21.7824 5.25 203.328
      vertex 18.5 5.25 171
    endloop
  endfacet
  facet normal 0 -1 0
    outer loop
      vertex 26.5 5.25 168.856
      vertex 21.7824 5.25 203.328
      vertex 22.6411 5.25 170.455
    endloop
  endfacet
  facet normal 0 -1 0
    outer loop
      vertex 21.7824 5.25 203.328
      vertex 26.5 5.25 168.856
      vertex 26.8868 5.25 168.56
    endloop
  endfacet
  facet normal 0 -1 0
    outer loop
      vertex 22.6411 5.25 139.545
      vertex 23.7047 5.25 131.627
      vertex 24.4838 5.25 140.308
    endloop
  endfacet
  facet normal 0 -1 0
    outer loop
      vertex 18.5 5.25 139
      vertex 23.7047 5.25 131.627
      vertex 22.6411 5.25 139.545
    endloop
  endfacet
  facet normal 0 -1 0
    outer loop
      vertex 18.5 5.25 81
      vertex 23.7047 5.25 131.627
      vertex 18.5 5.25 139
    endloop
  endfacet
  facet normal 0 -1 0
    outer loop
      vertex 23.7047 5.25 131.627
      vertex 18.5 5.25 81
      vertex 19.1519 5.25 80.8957
    endloop
  endfacet
  facet normal 0 -1 0
    outer loop
      vertex 18.5 5.25 25
      vertex 23.9689 5.25 16
      vertex 21.4503 5.25 27.7536
    endloop
  endfacet
  facet normal 0 -1 0
    outer loop
      vertex 18.5 5.25 0
      vertex 23.9689 5.25 16
      vertex 18.5 5.25 25
    endloop
  endfacet
  facet normal 0 -1 -0
    outer loop
      vertex 23.9689 5.25 16
      vertex 23.2111 5.25 5.97927
      vertex 23.9689 5.25 8
    endloop
  endfacet
  facet normal 0 -1 0
    outer loop
      vertex 23.9689 5.25 16
      vertex 18.5 5.25 0
      vertex 23.2111 5.25 5.97927
    endloop
  endfacet
  facet normal 0 -1 0
    outer loop
      vertex 23.2111 5.25 5.97927
      vertex 18.5 5.25 0
      vertex 20.9689 5.25 0
    endloop
  endfacet
  facet normal 0 1 0
    outer loop
      vertex 25.2921 -5.25 179.421
      vertex 18.5 -5.25 203
      vertex 21.346 -5.25 206.301
    endloop
  endfacet
  facet normal 0 1 0
    outer loop
      vertex 25.2921 -5.25 179.421
      vertex 18.5 -5.25 171
      vertex 18.5 -5.25 203
    endloop
  endfacet
  facet normal 0 1 0
    outer loop
      vertex 25.2921 -5.25 179.421
      vertex 22.6411 -5.25 170.455
      vertex 18.5 -5.25 171
    endloop
  endfacet
  facet normal 0 1 0
    outer loop
      vertex 25.2921 -5.25 179.421
      vertex 26.5 -5.25 168.856
      vertex 22.6411 -5.25 170.455
    endloop
  endfacet
  facet normal -0 1 -0
    outer loop
      vertex 26.5 -5.25 168.856
      vertex 25.2921 -5.25 179.421
      vertex 26.8868 -5.25 168.56
    endloop
  endfacet
  facet normal 0 1 -0
    outer loop
      vertex 19.1519 -5.25 80.8957
      vertex 18.5 -5.25 139
      vertex 22.6411 -5.25 139.545
    endloop
  endfacet
  facet normal 0 1 0
    outer loop
      vertex 19.1519 -5.25 80.8957
      vertex 22.6411 -5.25 139.545
      vertex 24.4838 -5.25 140.308
    endloop
  endfacet
  facet normal 0 1 0
    outer loop
      vertex 18.5 -5.25 139
      vertex 19.1519 -5.25 80.8957
      vertex 18.5 -5.25 81
    endloop
  endfacet
  facet normal 0 1 0
    outer loop
      vertex 21.6373 -5.25 26.8808
      vertex 18.5 -5.25 25
      vertex 21.4503 -5.25 27.7536
    endloop
  endfacet
  facet normal 0 1 0
    outer loop
      vertex 23.9689 -5.25 16
      vertex 18.5 -5.25 25
      vertex 21.6373 -5.25 26.8808
    endloop
  endfacet
  facet normal 0 1 0
    outer loop
      vertex 18.5 -5.25 0
      vertex 23.9689 -5.25 16
      vertex 23.9689 -5.25 8
    endloop
  endfacet
  facet normal 0 1 0
    outer loop
      vertex 18.5 -5.25 0
      vertex 23.9689 -5.25 8
      vertex 21.6425 -5.25 1.7962
    endloop
  endfacet
  facet normal 0 1 0
    outer loop
      vertex 18.5 -5.25 0
      vertex 21.6425 -5.25 1.7962
      vertex 20.9689 -5.25 0
    endloop
  endfacet
  facet normal 0 1 0
    outer loop
      vertex 23.9689 -5.25 16
      vertex 18.5 -5.25 0
      vertex 18.5 -5.25 25
    endloop
  endfacet
  facet normal 0.849491 0 -0.527603
    outer loop
      vertex 22.7835 2.19002 208.543
      vertex 21.5078 -4.92193 206.489
      vertex 21.5078 4.92193 206.489
    endloop
  endfacet
  facet normal 0.849528 -2.3691e-05 -0.527544
    outer loop
      vertex 21.5078 -4.92193 206.489
      vertex 22.7835 2.19002 208.543
      vertex 23.8062 0 210.19
    endloop
  endfacet
  facet normal 0.757375 -0.000661731 -0.65298
    outer loop
      vertex 21.5078 4.92193 206.489
      vertex 18.5 5.25 203
      vertex 21.346 5.25 206.301
    endloop
  endfacet
  facet normal 0.757406 0 -0.652945
    outer loop
      vertex 21.5078 -4.92193 206.489
      vertex 18.5 5.25 203
      vertex 21.5078 4.92193 206.489
    endloop
  endfacet
  facet normal 0.757375 0.000661731 -0.65298
    outer loop
      vertex 18.5 -5.25 203
      vertex 21.5078 -4.92193 206.489
      vertex 21.346 -5.25 206.301
    endloop
  endfacet
  facet normal 0.757406 0 -0.652945
    outer loop
      vertex 21.5078 -4.92193 206.489
      vertex 18.5 -5.25 203
      vertex 18.5 5.25 203
    endloop
  endfacet
  facet normal 1 -0 0
    outer loop
      vertex 18.5 -5.25 203
      vertex 18.5 5.25 171
      vertex 18.5 5.25 203
    endloop
  endfacet
  facet normal 1 0 0
    outer loop
      vertex 18.5 5.25 171
      vertex 18.5 -5.25 203
      vertex 18.5 -5.25 171
    endloop
  endfacet
  facet normal 0.130482 0 0.991451
    outer loop
      vertex 18.5 5.25 171
      vertex 22.6411 -5.25 170.455
      vertex 22.6411 5.25 170.455
    endloop
  endfacet
  facet normal 0.130482 0 0.991451
    outer loop
      vertex 22.6411 -5.25 170.455
      vertex 18.5 5.25 171
      vertex 18.5 -5.25 171
    endloop
  endfacet
  facet normal 0.382804 0 0.923829
    outer loop
      vertex 22.6411 5.25 170.455
      vertex 26.5 -5.25 168.856
      vertex 26.5 5.25 168.856
    endloop
  endfacet
  facet normal 0.382804 0 0.923829
    outer loop
      vertex 26.5 -5.25 168.856
      vertex 22.6411 5.25 170.455
      vertex 22.6411 -5.25 170.455
    endloop
  endfacet
  facet normal 0.605992 0 0.795471
    outer loop
      vertex 29.7205 0.233075 166.385
      vertex 29.8137 -0.0605532 166.314
      vertex 29.8137 0.0605532 166.314
    endloop
  endfacet
  facet normal 0.608818 -0 0.79331
    outer loop
      vertex 27.6161 -4.12907 168
      vertex 29.7205 0.233075 166.385
      vertex 27.6161 4.12907 168
    endloop
  endfacet
  facet normal 0.607699 0.000857065 0.794167
    outer loop
      vertex 29.7205 0.233075 166.385
      vertex 27.6161 -4.12907 168
      vertex 29.8137 -0.0605532 166.314
    endloop
  endfacet
  facet normal 0.607724 -0.00134661 0.794147
    outer loop
      vertex 26.5 5.25 168.856
      vertex 27.6161 4.12907 168
      vertex 26.8868 5.25 168.56
    endloop
  endfacet
  facet normal 0.608576 0 0.793495
    outer loop
      vertex 27.6161 4.12907 168
      vertex 26.5 5.25 168.856
      vertex 27.6161 -4.12907 168
    endloop
  endfacet
  facet normal 0.608576 -0 0.793495
    outer loop
      vertex 26.5 -5.25 168.856
      vertex 27.6161 -4.12907 168
      vertex 26.5 5.25 168.856
    endloop
  endfacet
  facet normal 0.607724 0.00134661 0.794147
    outer loop
      vertex 27.6161 -4.12907 168
      vertex 26.5 -5.25 168.856
      vertex 26.8868 -5.25 168.56
    endloop
  endfacet
  facet normal 0.794853 0 0.606802
    outer loop
      vertex 29.8137 0.0605532 166.314
      vertex 29.8137 -0.0605532 166.314
      vertex 29.845 0 166.273
    endloop
  endfacet
  facet normal 0.608728 0 -0.793379
    outer loop
      vertex 27.6704 0 142.042
      vertex 26.5 -1.8876 141.144
      vertex 26.5 1.8876 141.144
    endloop
  endfacet
  facet normal 0.382804 0 -0.923829
    outer loop
      vertex 22.6411 5.25 139.545
      vertex 26.5 1.8876 141.144
      vertex 26.5 -1.8876 141.144
    endloop
  endfacet
  facet normal 0.382567 0.000318608 -0.923928
    outer loop
      vertex 22.6411 -5.25 139.545
      vertex 26.5 -1.8876 141.144
      vertex 24.4838 -5.25 140.308
    endloop
  endfacet
  facet normal 0.382804 0 -0.923829
    outer loop
      vertex 22.6411 5.25 139.545
      vertex 26.5 -1.8876 141.144
      vertex 22.6411 -5.25 139.545
    endloop
  endfacet
  facet normal 0.382477 -0.000440621 -0.923965
    outer loop
      vertex 26.5 1.8876 141.144
      vertex 22.6411 5.25 139.545
      vertex 25.2631 3.95034 140.631
    endloop
  endfacet
  facet normal 0.382567 -0.000226151 -0.923928
    outer loop
      vertex 25.2631 3.95034 140.631
      vertex 22.6411 5.25 139.545
      vertex 24.4838 5.25 140.308
    endloop
  endfacet
  facet normal 0.130482 0 -0.991451
    outer loop
      vertex 18.5 -5.25 139
      vertex 22.6411 5.25 139.545
      vertex 22.6411 -5.25 139.545
    endloop
  endfacet
  facet normal 0.130482 0 -0.991451
    outer loop
      vertex 22.6411 5.25 139.545
      vertex 18.5 -5.25 139
      vertex 18.5 5.25 139
    endloop
  endfacet
  facet normal 1 -0 0
    outer loop
      vertex 18.5 -5.25 139
      vertex 18.5 5.25 81
      vertex 18.5 5.25 139
    endloop
  endfacet
  facet normal 1 0 0
    outer loop
      vertex 18.5 5.25 81
      vertex 18.5 -5.25 139
      vertex 18.5 -5.25 81
    endloop
  endfacet
  facet normal 0.157985 1.20376e-05 0.987442
    outer loop
      vertex 18.5 5.25 81
      vertex 21.0391 1.93433 80.5938
      vertex 19.1519 5.25 80.8957
    endloop
  endfacet
  facet normal 0.157969 0 0.987444
    outer loop
      vertex 21.0391 1.93433 80.5938
      vertex 18.5 5.25 81
      vertex 21.0391 -1.93433 80.5938
    endloop
  endfacet
  facet normal 0.157969 -0 0.987444
    outer loop
      vertex 18.5 -5.25 81
      vertex 21.0391 -1.93433 80.5938
      vertex 18.5 5.25 81
    endloop
  endfacet
  facet normal 0.157985 -1.20376e-05 0.987442
    outer loop
      vertex 21.0391 -1.93433 80.5938
      vertex 18.5 -5.25 81
      vertex 19.1519 -5.25 80.8957
    endloop
  endfacet
  facet normal 0.290552 0 0.956859
    outer loop
      vertex 21.0391 1.93433 80.5938
      vertex 21.0391 -1.93433 80.5938
      vertex 22.1262 0 80.2637
    endloop
  endfacet
  facet normal 0.752395 0 -0.658712
    outer loop
      vertex 23.9183 0 30.3811
      vertex 22.3672 -3.34425 28.6094
      vertex 22.3672 3.34425 28.6094
    endloop
  endfacet
  facet normal 0.682316 1.18191e-05 -0.731057
    outer loop
      vertex 18.5 -5.25 25
      vertex 22.3672 -3.34425 28.6094
      vertex 21.4503 -5.25 27.7536
    endloop
  endfacet
  facet normal 0.68232 0 -0.731054
    outer loop
      vertex 22.3672 -3.34425 28.6094
      vertex 18.5 -5.25 25
      vertex 22.3672 3.34425 28.6094
    endloop
  endfacet
  facet normal 0.68232 0 -0.731054
    outer loop
      vertex 18.5 5.25 25
      vertex 22.3672 3.34425 28.6094
      vertex 18.5 -5.25 25
    endloop
  endfacet
  facet normal 0.682316 -1.18191e-05 -0.731057
    outer loop
      vertex 22.3672 3.34425 28.6094
      vertex 18.5 5.25 25
      vertex 21.4503 5.25 27.7536
    endloop
  endfacet
  facet normal 1 -0 0
    outer loop
      vertex 18.5 -5.25 25
      vertex 18.5 5.25 0
      vertex 18.5 5.25 25
    endloop
  endfacet
  facet normal 1 0 0
    outer loop
      vertex 18.5 5.25 0
      vertex 18.5 -5.25 25
      vertex 18.5 -5.25 0
    endloop
  endfacet
  facet normal 0.866021 -0.500007 -4.33101e-06
    outer loop
      vertex 4.70337 18.6465 203
      vertex 7.09498 22.7889 193.105
      vertex 6.12635 21.1111 206.301
    endloop
  endfacet
  facet normal 0.866027 -0.499998 5.65575e-07
    outer loop
      vertex 7.09498 22.7889 193.105
      vertex 4.70337 18.6465 203
      vertex 8.70337 25.5747 168.856
    endloop
  endfacet
  facet normal 0.866006 -0.500033 -4.78735e-06
    outer loop
      vertex 8.89674 25.9096 168.56
      vertex 7.09498 22.7889 193.105
      vertex 8.70337 25.5747 168.856
    endloop
  endfacet
  facet normal 0.866025 -0.500001 -1.30205e-07
    outer loop
      vertex 8.70337 25.5747 168.856
      vertex 4.70337 18.6465 203
      vertex 6.77392 22.2328 170.455
    endloop
  endfacet
  facet normal 0.866026 -0.5 0
    outer loop
      vertex 4.70337 18.6465 203
      vertex 4.70337 18.6465 171
      vertex 6.77392 22.2328 170.455
    endloop
  endfacet
  facet normal 0.866017 -0.500014 1.15727e-06
    outer loop
      vertex 4.70337 18.6465 81
      vertex 6.38862 21.5654 111.189
      vertex 6.77392 22.2328 139.545
    endloop
  endfacet
  facet normal 0.866015 -0.500018 1.67011e-06
    outer loop
      vertex 6.38862 21.5654 111.189
      vertex 4.70337 18.6465 81
      vertex 5.0293 19.211 80.8957
    endloop
  endfacet
  facet normal 0.866027 -0.499998 -4.14215e-07
    outer loop
      vertex 7.69525 23.8286 140.308
      vertex 6.77392 22.2328 139.545
      vertex 6.88482 22.4249 122.247
    endloop
  endfacet
  facet normal 0.86604 -0.499975 -7.49228e-08
    outer loop
      vertex 6.77392 22.2328 139.545
      vertex 6.38862 21.5654 111.189
      vertex 6.88482 22.4249 122.247
    endloop
  endfacet
  facet normal 0.866026 -0.5 0
    outer loop
      vertex 4.70337 18.6465 139
      vertex 4.70337 18.6465 81
      vertex 6.77392 22.2328 139.545
    endloop
  endfacet
  facet normal 0.866024 -0.500002 -6.98325e-07
    outer loop
      vertex 6.17851 21.2015 27.7536
      vertex 4.70337 18.6465 25
      vertex 7.1764 22.9299 18.44
    endloop
  endfacet
  facet normal 0.866023 -0.500004 -2.49534e-06
    outer loop
      vertex 4.70337 18.6465 25
      vertex 7.43782 23.3827 16
      vertex 7.1764 22.9299 18.44
    endloop
  endfacet
  facet normal 0.866025 -0.500001 0
    outer loop
      vertex 7.43782 23.3827 16
      vertex 4.70337 18.6465 0
      vertex 7.43782 23.3827 8
    endloop
  endfacet
  facet normal 0.866025 -0.500001 0
    outer loop
      vertex 7.43782 23.3827 16
      vertex 4.70337 18.6465 25
      vertex 4.70337 18.6465 0
    endloop
  endfacet
  facet normal 0.866022 -0.500005 3.77424e-06
    outer loop
      vertex 7.43782 23.3827 8
      vertex 4.70337 18.6465 0
      vertex 5.93782 20.7846 0
    endloop
  endfacet
  facet normal -0.866028 0.499995 -1.38881e-06
    outer loop
      vertex 13.7966 13.3965 203
      vertex 16.1882 17.5389 193.105
      vertex 17.7966 20.3247 168.856
    endloop
  endfacet
  facet normal -0.86602 0.50001 6.77684e-06
    outer loop
      vertex 16.1882 17.5389 193.105
      vertex 13.7966 13.3965 203
      vertex 15.2196 15.8611 206.301
    endloop
  endfacet
  facet normal -0.865967 0.5001 1.86761e-05
    outer loop
      vertex 17.7966 20.3247 168.856
      vertex 17.1927 19.2786 179.421
      vertex 17.99 20.6596 168.56
    endloop
  endfacet
  facet normal -0.86586 0.500286 4.31578e-05
    outer loop
      vertex 17.1927 19.2786 179.421
      vertex 17.7966 20.3247 168.856
      vertex 16.1882 17.5389 193.105
    endloop
  endfacet
  facet normal -0.866031 0.49999 -2.78165e-06
    outer loop
      vertex 15.8672 16.9828 170.455
      vertex 13.7966 13.3965 203
      vertex 17.7966 20.3247 168.856
    endloop
  endfacet
  facet normal -0.86602 0.500009 0
    outer loop
      vertex 15.8672 16.9828 170.455
      vertex 13.7966 13.3965 171
      vertex 13.7966 13.3965 203
    endloop
  endfacet
  facet normal -0.865969 0.500097 -1.04613e-05
    outer loop
      vertex 13.7966 13.3965 81
      vertex 15.4819 16.3154 111.189
      vertex 14.1226 13.961 80.8957
    endloop
  endfacet
  facet normal -0.866009 0.500029 -1.61875e-06
    outer loop
      vertex 15.4819 16.3154 111.189
      vertex 13.7966 13.3965 81
      vertex 15.8672 16.9828 139.545
    endloop
  endfacet
  facet normal -0.866034 0.499985 2.34369e-07
    outer loop
      vertex 15.9781 17.1749 122.247
      vertex 15.8672 16.9828 139.545
      vertex 16.7885 18.5786 140.308
    endloop
  endfacet
  facet normal -0.86604 0.499975 7.49228e-08
    outer loop
      vertex 15.9781 17.1749 122.247
      vertex 15.4819 16.3154 111.189
      vertex 15.8672 16.9828 139.545
    endloop
  endfacet
  facet normal -0.86602 0.500009 0
    outer loop
      vertex 15.8672 16.9828 139.545
      vertex 13.7966 13.3965 81
      vertex 13.7966 13.3965 139
    endloop
  endfacet
  facet normal -0.866029 0.499994 2.90932e-05
    outer loop
      vertex 15.3653 16.1135 26.8808
      vertex 13.7966 13.3965 25
      vertex 15.2718 15.9515 27.7536
    endloop
  endfacet
  facet normal -0.86602 0.50001 -1.44293e-06
    outer loop
      vertex 13.7966 13.3965 25
      vertex 15.3653 16.1135 26.8808
      vertex 16.2697 17.6799 18.44
    endloop
  endfacet
  facet normal -0.866021 0.500007 0
    outer loop
      vertex 13.7966 13.3965 0
      vertex 16.5311 18.1327 16
      vertex 16.5311 18.1327 8
    endloop
  endfacet
  facet normal -0.866006 0.500034 -2.10729e-05
    outer loop
      vertex 13.7966 13.3965 0
      vertex 16.5311 18.1327 8
      vertex 15.3679 16.1179 1.7962
    endloop
  endfacet
  facet normal -0.866014 0.50002 6.3658e-06
    outer loop
      vertex 13.7966 13.3965 0
      vertex 15.3679 16.1179 1.7962
      vertex 15.0311 15.5346 0
    endloop
  endfacet
  facet normal -0.866021 0.500007 0
    outer loop
      vertex 13.7966 13.3965 25
      vertex 16.5311 18.1327 16
      vertex 13.7966 13.3965 0
    endloop
  endfacet
  facet normal -0.866008 0.50003 1.60812e-05
    outer loop
      vertex 16.5311 18.1327 16
      vertex 13.7966 13.3965 25
      vertex 16.2697 17.6799 18.44
    endloop
  endfacet
  facet normal 0.424765 0.735703 -0.527556
    outer loop
      vertex 15.0164 16.1653 206.489
      vertex 6.49139 21.0873 206.489
      vertex 11.9031 20.6167 210.19
    endloop
  endfacet
  facet normal 0.37822 0.656188 -0.652968
    outer loop
      vertex 13.7966 13.3965 203
      vertex 15.0164 16.1653 206.489
      vertex 15.2196 15.8611 206.301
    endloop
  endfacet
  facet normal 0.37871 0.655934 -0.652938
    outer loop
      vertex 15.0164 16.1653 206.489
      vertex 13.7966 13.3965 203
      vertex 6.49139 21.0873 206.489
    endloop
  endfacet
  facet normal 0.378704 0.655931 -0.652945
    outer loop
      vertex 4.70337 18.6465 203
      vertex 6.49139 21.0873 206.489
      vertex 13.7966 13.3965 203
    endloop
  endfacet
  facet normal 0.379037 0.655717 -0.652967
    outer loop
      vertex 6.49139 21.0873 206.489
      vertex 4.70337 18.6465 203
      vertex 6.12635 21.1111 206.301
    endloop
  endfacet
  facet normal 0.500002 0.866025 -0
    outer loop
      vertex 13.7966 13.3965 171
      vertex 4.70337 18.6465 203
      vertex 13.7966 13.3965 203
    endloop
  endfacet
  facet normal 0.500002 0.866025 0
    outer loop
      vertex 4.70337 18.6465 203
      vertex 13.7966 13.3965 171
      vertex 4.70337 18.6465 171
    endloop
  endfacet
  facet normal 0.0652407 0.113 0.991451
    outer loop
      vertex 6.77392 22.2328 170.455
      vertex 13.7966 13.3965 171
      vertex 15.8672 16.9828 170.455
    endloop
  endfacet
  facet normal 0.0652414 0.113001 0.991451
    outer loop
      vertex 13.7966 13.3965 171
      vertex 6.77392 22.2328 170.455
      vertex 4.70337 18.6465 171
    endloop
  endfacet
  facet normal 0.191404 0.33152 0.923828
    outer loop
      vertex 8.70337 25.5747 168.856
      vertex 15.8672 16.9828 170.455
      vertex 17.7966 20.3247 168.856
    endloop
  endfacet
  facet normal 0.191402 0.331519 0.923829
    outer loop
      vertex 15.8672 16.9828 170.455
      vertex 8.70337 25.5747 168.856
      vertex 6.77392 22.2328 170.455
    endloop
  endfacet
  facet normal 0.302808 0.526991 0.794096
    outer loop
      vertex 17.3839 21.8517 168
      vertex 17.7966 20.3247 168.856
      vertex 17.99 20.6596 168.56
    endloop
  endfacet
  facet normal 0.304356 0.527152 0.793397
    outer loop
      vertex 10.2322 25.9808 168
      vertex 17.3839 21.8517 168
      vertex 14.9593 25.7891 166.314
    endloop
  endfacet
  facet normal 0.304397 0.526918 0.793537
    outer loop
      vertex 10.2322 25.9808 168
      vertex 14.9593 25.7891 166.314
      vertex 14.8544 25.8497 166.314
    endloop
  endfacet
  facet normal 0.304298 0.527051 0.793486
    outer loop
      vertex 17.3839 21.8517 168
      vertex 10.2322 25.9808 168
      vertex 17.7966 20.3247 168.856
    endloop
  endfacet
  facet normal 0.304953 0.52577 0.794084
    outer loop
      vertex 8.70337 25.5747 168.856
      vertex 10.2322 25.9808 168
      vertex 8.89674 25.9096 168.56
    endloop
  endfacet
  facet normal 0.304287 0.527039 0.793498
    outer loop
      vertex 10.2322 25.9808 168
      vertex 8.70337 25.5747 168.856
      vertex 17.7966 20.3247 168.856
    endloop
  endfacet
  facet normal 0.39763 0.688307 0.606732
    outer loop
      vertex 14.9225 25.8465 166.273
      vertex 14.8544 25.8497 166.314
      vertex 14.9593 25.7891 166.314
    endloop
  endfacet
  facet normal 0.304365 0.527172 -0.79338
    outer loop
      vertex 14.8847 22.0059 141.144
      vertex 11.6153 23.8935 141.144
      vertex 13.8352 23.9633 142.042
    endloop
  endfacet
  facet normal 0.19102 0.331475 -0.923924
    outer loop
      vertex 15.8672 16.9828 139.545
      vertex 14.8847 22.0059 141.144
      vertex 16.7885 18.5786 140.308
    endloop
  endfacet
  facet normal 0.191404 0.33152 -0.923829
    outer loop
      vertex 15.8672 16.9828 139.545
      vertex 11.6153 23.8935 141.144
      vertex 14.8847 22.0059 141.144
    endloop
  endfacet
  facet normal 0.191402 0.331519 -0.923829
    outer loop
      vertex 6.77392 22.2328 139.545
      vertex 11.6153 23.8935 141.144
      vertex 15.8672 16.9828 139.545
    endloop
  endfacet
  facet normal 0.191556 0.331162 -0.923925
    outer loop
      vertex 11.6153 23.8935 141.144
      vertex 6.77392 22.2328 139.545
      vertex 7.69525 23.8286 140.308
    endloop
  endfacet
  facet normal 0.0652407 0.113 -0.991451
    outer loop
      vertex 13.7966 13.3965 139
      vertex 6.77392 22.2328 139.545
      vertex 15.8672 16.9828 139.545
    endloop
  endfacet
  facet normal 0.0652414 0.113001 -0.991451
    outer loop
      vertex 6.77392 22.2328 139.545
      vertex 13.7966 13.3965 139
      vertex 4.70337 18.6465 139
    endloop
  endfacet
  facet normal 0.500002 0.866025 -0
    outer loop
      vertex 13.7966 13.3965 81
      vertex 4.70337 18.6465 139
      vertex 13.7966 13.3965 139
    endloop
  endfacet
  facet normal 0.500002 0.866025 0
    outer loop
      vertex 4.70337 18.6465 139
      vertex 13.7966 13.3965 81
      vertex 4.70337 18.6465 81
    endloop
  endfacet
  facet normal 0.0790087 0.136817 0.98744
    outer loop
      vertex 12.1947 17.2532 80.5938
      vertex 13.7966 13.3965 81
      vertex 14.1226 13.961 80.8957
    endloop
  endfacet
  facet normal 0.0789848 0.136807 0.987444
    outer loop
      vertex 8.84435 19.1875 80.5938
      vertex 13.7966 13.3965 81
      vertex 12.1947 17.2532 80.5938
    endloop
  endfacet
  facet normal 0.0789829 0.136841 0.987439
    outer loop
      vertex 4.70337 18.6465 81
      vertex 8.84435 19.1875 80.5938
      vertex 5.0293 19.211 80.8957
    endloop
  endfacet
  facet normal 0.0789874 0.13681 0.987443
    outer loop
      vertex 8.84435 19.1875 80.5938
      vertex 4.70337 18.6465 81
      vertex 13.7966 13.3965 81
    endloop
  endfacet
  facet normal 0.145263 0.251606 0.956866
    outer loop
      vertex 11.0631 19.1619 80.2637
      vertex 8.84435 19.1875 80.5938
      vertex 12.1947 17.2532 80.5938
    endloop
  endfacet
  facet normal 0.376194 0.651577 -0.658731
    outer loop
      vertex 14.0798 17.6984 28.6094
      vertex 8.28739 21.0427 28.6094
      vertex 11.9592 20.7139 30.3811
    endloop
  endfacet
  facet normal 0.341136 0.590917 -0.731056
    outer loop
      vertex 13.7966 13.3965 25
      vertex 14.0798 17.6984 28.6094
      vertex 15.2718 15.9515 27.7536
    endloop
  endfacet
  facet normal 0.341166 0.590909 -0.731049
    outer loop
      vertex 13.7966 13.3965 25
      vertex 8.28739 21.0427 28.6094
      vertex 14.0798 17.6984 28.6094
    endloop
  endfacet
  facet normal 0.341162 0.590907 -0.731053
    outer loop
      vertex 4.70337 18.6465 25
      vertex 8.28739 21.0427 28.6094
      vertex 13.7966 13.3965 25
    endloop
  endfacet
  facet normal 0.341163 0.590906 -0.731053
    outer loop
      vertex 8.28739 21.0427 28.6094
      vertex 4.70337 18.6465 25
      vertex 6.17851 21.2015 27.7536
    endloop
  endfacet
  facet normal 0.500002 0.866025 -0
    outer loop
      vertex 13.7966 13.3965 0
      vertex 4.70337 18.6465 25
      vertex 13.7966 13.3965 25
    endloop
  endfacet
  facet normal 0.500002 0.866025 0
    outer loop
      vertex 4.70337 18.6465 25
      vertex 13.7966 13.3965 0
      vertex 4.70337 18.6465 0
    endloop
  endfacet
  facet normal 0.866022 0.500005 4.25048e-06
    outer loop
      vertex -13.7966 13.3965 203
      vertex -16.1882 17.5389 193.105
      vertex -15.4378 16.2391 203.328
    endloop
  endfacet
  facet normal 0.866023 0.500004 1.19455e-05
    outer loop
      vertex -13.7966 13.3965 203
      vertex -15.4378 16.2391 203.328
      vertex -15.2196 15.8611 206.301
    endloop
  endfacet
  facet normal 0.866028 0.499995 -1.38881e-06
    outer loop
      vertex -16.1882 17.5389 193.105
      vertex -13.7966 13.3965 203
      vertex -17.7966 20.3247 168.856
    endloop
  endfacet
  facet normal 0.865969 0.500098 1.43086e-05
    outer loop
      vertex -17.7966 20.3247 168.856
      vertex -17.99 20.6596 168.56
      vertex -16.1882 17.5389 193.105
    endloop
  endfacet
  facet normal 0.866031 0.49999 -2.78165e-06
    outer loop
      vertex -15.8672 16.9828 170.455
      vertex -17.7966 20.3247 168.856
      vertex -13.7966 13.3965 203
    endloop
  endfacet
  facet normal 0.86602 0.500009 -0
    outer loop
      vertex -13.7966 13.3965 171
      vertex -15.8672 16.9828 170.455
      vertex -13.7966 13.3965 203
    endloop
  endfacet
  facet normal 0.866009 0.500029 -1.61875e-06
    outer loop
      vertex -13.7966 13.3965 81
      vertex -15.4819 16.3154 111.189
      vertex -15.8672 16.9828 139.545
    endloop
  endfacet
  facet normal 0.865969 0.500097 -1.04613e-05
    outer loop
      vertex -15.4819 16.3154 111.189
      vertex -13.7966 13.3965 81
      vertex -14.1226 13.961 80.8957
    endloop
  endfacet
  facet normal 0.865996 0.50005 1.19469e-06
    outer loop
      vertex -16.399 17.9038 131.627
      vertex -15.8672 16.9828 139.545
      vertex -15.9781 17.1749 122.247
    endloop
  endfacet
  facet normal 0.866032 0.499989 -8.38485e-06
    outer loop
      vertex -15.8672 16.9828 139.545
      vertex -16.399 17.9038 131.627
      vertex -16.7885 18.5786 140.308
    endloop
  endfacet
  facet normal 0.86604 0.499975 7.49228e-08
    outer loop
      vertex -15.4819 16.3154 111.189
      vertex -15.9781 17.1749 122.247
      vertex -15.8672 16.9828 139.545
    endloop
  endfacet
  facet normal 0.86602 0.500009 -0
    outer loop
      vertex -13.7966 13.3965 81
      vertex -15.8672 16.9828 139.545
      vertex -13.7966 13.3965 139
    endloop
  endfacet
  facet normal 0.866017 0.500015 3.06853e-06
    outer loop
      vertex -13.7966 13.3965 25
      vertex -16.2697 17.6799 18.44
      vertex -15.2718 15.9515 27.7536
    endloop
  endfacet
  facet normal 0.866008 0.50003 1.60812e-05
    outer loop
      vertex -13.7966 13.3965 25
      vertex -16.5311 18.1327 16
      vertex -16.2697 17.6799 18.44
    endloop
  endfacet
  facet normal 0.866021 0.500007 0
    outer loop
      vertex -16.5311 18.1327 16
      vertex -13.7966 13.3965 0
      vertex -16.5311 18.1327 8
    endloop
  endfacet
  facet normal 0.866006 0.500034 -2.12824e-05
    outer loop
      vertex -16.5311 18.1327 8
      vertex -13.7966 13.3965 0
      vertex -16.1522 17.4764 5.97927
    endloop
  endfacet
  facet normal 0.866021 0.500007 0
    outer loop
      vertex -16.5311 18.1327 16
      vertex -13.7966 13.3965 25
      vertex -13.7966 13.3965 0
    endloop
  endfacet
  facet normal 0.866014 0.50002 -8.68366e-06
    outer loop
      vertex -16.1522 17.4764 5.97927
      vertex -13.7966 13.3965 0
      vertex -15.0311 15.5346 0
    endloop
  endfacet
  facet normal -0.866027 -0.499998 5.65575e-07
    outer loop
      vertex -4.70337 18.6465 203
      vertex -7.09498 22.7889 193.105
      vertex -8.70337 25.5747 168.856
    endloop
  endfacet
  facet normal -0.866021 -0.500007 -4.33101e-06
    outer loop
      vertex -7.09498 22.7889 193.105
      vertex -4.70337 18.6465 203
      vertex -6.12635 21.1111 206.301
    endloop
  endfacet
  facet normal -0.866006 -0.500033 -4.78735e-06
    outer loop
      vertex -7.09498 22.7889 193.105
      vertex -8.89674 25.9096 168.56
      vertex -8.70337 25.5747 168.856
    endloop
  endfacet
  facet normal -0.866025 -0.500001 -1.30205e-07
    outer loop
      vertex -4.70337 18.6465 203
      vertex -8.70337 25.5747 168.856
      vertex -6.77392 22.2328 170.455
    endloop
  endfacet
  facet normal -0.866026 -0.5 -0
    outer loop
      vertex -4.70337 18.6465 203
      vertex -6.77392 22.2328 170.455
      vertex -4.70337 18.6465 171
    endloop
  endfacet
  facet normal -0.866015 -0.500018 1.67011e-06
    outer loop
      vertex -4.70337 18.6465 81
      vertex -6.38862 21.5654 111.189
      vertex -5.0293 19.211 80.8957
    endloop
  endfacet
  facet normal -0.866017 -0.500014 1.15727e-06
    outer loop
      vertex -6.38862 21.5654 111.189
      vertex -4.70337 18.6465 81
      vertex -6.77392 22.2328 139.545
    endloop
  endfacet
  facet normal -0.866027 -0.499998 -4.14215e-07
    outer loop
      vertex -6.77392 22.2328 139.545
      vertex -7.69525 23.8286 140.308
      vertex -6.88482 22.4249 122.247
    endloop
  endfacet
  facet normal -0.86604 -0.499975 -7.49228e-08
    outer loop
      vertex -6.77392 22.2328 139.545
      vertex -6.88482 22.4249 122.247
      vertex -6.38862 21.5654 111.189
    endloop
  endfacet
  facet normal -0.866026 -0.5 -0
    outer loop
      vertex -4.70337 18.6465 139
      vertex -6.77392 22.2328 139.545
      vertex -4.70337 18.6465 81
    endloop
  endfacet
  facet normal -0.866024 -0.500002 -6.98325e-07
    outer loop
      vertex -6.17851 21.2015 27.7536
      vertex -7.1764 22.9299 18.44
      vertex -4.70337 18.6465 25
    endloop
  endfacet
  facet normal -0.866025 -0.500001 0
    outer loop
      vertex -4.70337 18.6465 0
      vertex -7.43782 23.3827 16
      vertex -7.43782 23.3827 8
    endloop
  endfacet
  facet normal -0.866022 -0.500005 3.77424e-06
    outer loop
      vertex -4.70337 18.6465 0
      vertex -7.43782 23.3827 8
      vertex -5.93782 20.7846 0
    endloop
  endfacet
  facet normal -0.866025 -0.500001 -0
    outer loop
      vertex -4.70337 18.6465 25
      vertex -7.43782 23.3827 16
      vertex -4.70337 18.6465 0
    endloop
  endfacet
  facet normal -0.866023 -0.500004 -2.49534e-06
    outer loop
      vertex -7.43782 23.3827 16
      vertex -4.70337 18.6465 25
      vertex -7.1764 22.9299 18.44
    endloop
  endfacet
  facet normal -0.424742 0.735745 -0.527517
    outer loop
      vertex -6.49139 21.0873 206.489
      vertex -13.2884 18.6361 208.543
      vertex -11.9031 20.6167 210.19
    endloop
  endfacet
  facet normal -0.424746 0.735669 -0.527619
    outer loop
      vertex -13.2884 18.6361 208.543
      vertex -6.49139 21.0873 206.489
      vertex -15.0164 16.1653 206.489
    endloop
  endfacet
  facet normal -0.379037 0.655717 -0.652967
    outer loop
      vertex -4.70337 18.6465 203
      vertex -6.49139 21.0873 206.489
      vertex -6.12635 21.1111 206.301
    endloop
  endfacet
  facet normal -0.37871 0.655934 -0.652938
    outer loop
      vertex -6.49139 21.0873 206.489
      vertex -13.7966 13.3965 203
      vertex -15.0164 16.1653 206.489
    endloop
  endfacet
  facet normal -0.378704 0.655931 -0.652945
    outer loop
      vertex -6.49139 21.0873 206.489
      vertex -4.70337 18.6465 203
      vertex -13.7966 13.3965 203
    endloop
  endfacet
  facet normal -0.37822 0.656188 -0.652968
    outer loop
      vertex -15.0164 16.1653 206.489
      vertex -13.7966 13.3965 203
      vertex -15.2196 15.8611 206.301
    endloop
  endfacet
  facet normal -0.500002 0.866025 0
    outer loop
      vertex -4.70337 18.6465 171
      vertex -13.7966 13.3965 203
      vertex -4.70337 18.6465 203
    endloop
  endfacet
  facet normal -0.500002 0.866025 0
    outer loop
      vertex -13.7966 13.3965 203
      vertex -4.70337 18.6465 171
      vertex -13.7966 13.3965 171
    endloop
  endfacet
  facet normal -0.0652414 0.113001 0.991451
    outer loop
      vertex -6.77392 22.2328 170.455
      vertex -13.7966 13.3965 171
      vertex -4.70337 18.6465 171
    endloop
  endfacet
  facet normal -0.0652407 0.113 0.991451
    outer loop
      vertex -13.7966 13.3965 171
      vertex -6.77392 22.2328 170.455
      vertex -15.8672 16.9828 170.455
    endloop
  endfacet
  facet normal -0.191402 0.331519 0.923829
    outer loop
      vertex -8.70337 25.5747 168.856
      vertex -15.8672 16.9828 170.455
      vertex -6.77392 22.2328 170.455
    endloop
  endfacet
  facet normal -0.191404 0.33152 0.923828
    outer loop
      vertex -15.8672 16.9828 170.455
      vertex -8.70337 25.5747 168.856
      vertex -17.7966 20.3247 168.856
    endloop
  endfacet
  facet normal -0.304953 0.52577 0.794084
    outer loop
      vertex -10.2322 25.9808 168
      vertex -8.70337 25.5747 168.856
      vertex -8.89674 25.9096 168.56
    endloop
  endfacet
  facet normal -0.304585 0.525914 0.79413
    outer loop
      vertex -15.0621 25.6222 166.385
      vertex -10.2322 25.9808 168
      vertex -14.8544 25.8497 166.314
    endloop
  endfacet
  facet normal -0.303346 0.5251 0.795142
    outer loop
      vertex -15.0621 25.6222 166.385
      vertex -14.8544 25.8497 166.314
      vertex -14.9593 25.7891 166.314
    endloop
  endfacet
  facet normal -0.30441 0.527246 0.793313
    outer loop
      vertex -17.3839 21.8517 168
      vertex -10.2322 25.9808 168
      vertex -15.0621 25.6222 166.385
    endloop
  endfacet
  facet normal -0.304289 0.527036 0.793499
    outer loop
      vertex -10.2322 25.9808 168
      vertex -17.3839 21.8517 168
      vertex -8.70337 25.5747 168.856
    endloop
  endfacet
  facet normal -0.304294 0.527051 0.793487
    outer loop
      vertex -17.3839 21.8517 168
      vertex -17.7966 20.3247 168.856
      vertex -8.70337 25.5747 168.856
    endloop
  endfacet
  facet normal -0.302808 0.526991 0.794096
    outer loop
      vertex -17.7966 20.3247 168.856
      vertex -17.3839 21.8517 168
      vertex -17.99 20.6596 168.56
    endloop
  endfacet
  facet normal -0.39763 0.688307 0.606732
    outer loop
      vertex -14.9225 25.8465 166.273
      vertex -14.9593 25.7891 166.314
      vertex -14.8544 25.8497 166.314
    endloop
  endfacet
  facet normal -0.304365 0.527172 -0.79338
    outer loop
      vertex -11.6153 23.8935 141.144
      vertex -14.8847 22.0059 141.144
      vertex -13.8352 23.9633 142.042
    endloop
  endfacet
  facet normal -0.191556 0.331162 -0.923925
    outer loop
      vertex -6.77392 22.2328 139.545
      vertex -11.6153 23.8935 141.144
      vertex -7.69525 23.8286 140.308
    endloop
  endfacet
  facet normal -0.191403 0.331517 -0.92383
    outer loop
      vertex -6.77392 22.2328 139.545
      vertex -14.8847 22.0059 141.144
      vertex -11.6153 23.8935 141.144
    endloop
  endfacet
  facet normal -0.191403 0.331519 -0.923829
    outer loop
      vertex -15.8672 16.9828 139.545
      vertex -14.8847 22.0059 141.144
      vertex -6.77392 22.2328 139.545
    endloop
  endfacet
  facet normal -0.190887 0.331459 -0.923957
    outer loop
      vertex -15.8672 16.9828 139.545
      vertex -16.0526 19.9033 140.631
      vertex -14.8847 22.0059 141.144
    endloop
  endfacet
  facet normal -0.19109 0.331434 -0.923924
    outer loop
      vertex -16.0526 19.9033 140.631
      vertex -15.8672 16.9828 139.545
      vertex -16.7885 18.5786 140.308
    endloop
  endfacet
  facet normal -0.0652414 0.113001 -0.991451
    outer loop
      vertex -13.7966 13.3965 139
      vertex -6.77392 22.2328 139.545
      vertex -4.70337 18.6465 139
    endloop
  endfacet
  facet normal -0.0652407 0.113 -0.991451
    outer loop
      vertex -6.77392 22.2328 139.545
      vertex -13.7966 13.3965 139
      vertex -15.8672 16.9828 139.545
    endloop
  endfacet
  facet normal -0.500002 0.866025 0
    outer loop
      vertex -4.70337 18.6465 81
      vertex -13.7966 13.3965 139
      vertex -4.70337 18.6465 139
    endloop
  endfacet
  facet normal -0.500002 0.866025 0
    outer loop
      vertex -13.7966 13.3965 139
      vertex -4.70337 18.6465 81
      vertex -13.7966 13.3965 81
    endloop
  endfacet
  facet normal -0.0789829 0.136841 0.987439
    outer loop
      vertex -8.84435 19.1875 80.5938
      vertex -4.70337 18.6465 81
      vertex -5.0293 19.211 80.8957
    endloop
  endfacet
  facet normal -0.0789872 0.136812 0.987443
    outer loop
      vertex -12.1947 17.2532 80.5938
      vertex -4.70337 18.6465 81
      vertex -8.84435 19.1875 80.5938
    endloop
  endfacet
  facet normal -0.0789866 0.136808 0.987443
    outer loop
      vertex -12.1947 17.2532 80.5938
      vertex -13.7966 13.3965 81
      vertex -4.70337 18.6465 81
    endloop
  endfacet
  facet normal -0.0790087 0.136817 0.98744
    outer loop
      vertex -13.7966 13.3965 81
      vertex -12.1947 17.2532 80.5938
      vertex -14.1226 13.961 80.8957
    endloop
  endfacet
  facet normal -0.145263 0.251606 0.956866
    outer loop
      vertex -11.0631 19.1619 80.2637
      vertex -12.1947 17.2532 80.5938
      vertex -8.84435 19.1875 80.5938
    endloop
  endfacet
  facet normal -0.376194 0.651577 -0.658731
    outer loop
      vertex -8.28739 21.0427 28.6094
      vertex -14.0798 17.6984 28.6094
      vertex -11.9592 20.7139 30.3811
    endloop
  endfacet
  facet normal -0.341163 0.590906 -0.731053
    outer loop
      vertex -4.70337 18.6465 25
      vertex -8.28739 21.0427 28.6094
      vertex -6.17851 21.2015 27.7536
    endloop
  endfacet
  facet normal -0.341162 0.590907 -0.731053
    outer loop
      vertex -13.7966 13.3965 25
      vertex -8.28739 21.0427 28.6094
      vertex -4.70337 18.6465 25
    endloop
  endfacet
  facet normal -0.341166 0.590909 -0.731049
    outer loop
      vertex -13.7966 13.3965 25
      vertex -14.0798 17.6984 28.6094
      vertex -8.28739 21.0427 28.6094
    endloop
  endfacet
  facet normal -0.341136 0.590917 -0.731056
    outer loop
      vertex -14.0798 17.6984 28.6094
      vertex -13.7966 13.3965 25
      vertex -15.2718 15.9515 27.7536
    endloop
  endfacet
  facet normal -0.500002 0.866025 0
    outer loop
      vertex -4.70337 18.6465 0
      vertex -13.7966 13.3965 25
      vertex -4.70337 18.6465 25
    endloop
  endfacet
  facet normal -0.500002 0.866025 0
    outer loop
      vertex -13.7966 13.3965 25
      vertex -4.70337 18.6465 0
      vertex -13.7966 13.3965 0
    endloop
  endfacet
  facet normal 0 1 0
    outer loop
      vertex -18.5 -5.25 203
      vertex -21.7824 -5.25 203.328
      vertex -21.346 -5.25 206.301
    endloop
  endfacet
  facet normal 0 1 -0
    outer loop
      vertex -18.5 -5.25 171
      vertex -21.7824 -5.25 203.328
      vertex -18.5 -5.25 203
    endloop
  endfacet
  facet normal 0 1 0
    outer loop
      vertex -22.6411 -5.25 170.455
      vertex -21.7824 -5.25 203.328
      vertex -18.5 -5.25 171
    endloop
  endfacet
  facet normal 0 1 0
    outer loop
      vertex -26.5 -5.25 168.856
      vertex -21.7824 -5.25 203.328
      vertex -22.6411 -5.25 170.455
    endloop
  endfacet
  facet normal 0 1 0
    outer loop
      vertex -21.7824 -5.25 203.328
      vertex -26.5 -5.25 168.856
      vertex -26.8868 -5.25 168.56
    endloop
  endfacet
  facet normal 0 1 0
    outer loop
      vertex -22.6411 -5.25 139.545
      vertex -23.7047 -5.25 131.627
      vertex -24.4838 -5.25 140.308
    endloop
  endfacet
  facet normal 0 1 0
    outer loop
      vertex -18.5 -5.25 139
      vertex -23.7047 -5.25 131.627
      vertex -22.6411 -5.25 139.545
    endloop
  endfacet
  facet normal 0 1 -0
    outer loop
      vertex -18.5 -5.25 81
      vertex -23.7047 -5.25 131.627
      vertex -18.5 -5.25 139
    endloop
  endfacet
  facet normal 0 1 0
    outer loop
      vertex -23.7047 -5.25 131.627
      vertex -18.5 -5.25 81
      vertex -19.1519 -5.25 80.8957
    endloop
  endfacet
  facet normal 0 1 0
    outer loop
      vertex -18.5 -5.25 25
      vertex -23.9689 -5.25 16
      vertex -21.4503 -5.25 27.7536
    endloop
  endfacet
  facet normal 0 1 -0
    outer loop
      vertex -18.5 -5.25 0
      vertex -23.9689 -5.25 16
      vertex -18.5 -5.25 25
    endloop
  endfacet
  facet normal 0 1 0
    outer loop
      vertex -23.9689 -5.25 16
      vertex -23.2111 -5.25 5.97927
      vertex -23.9689 -5.25 8
    endloop
  endfacet
  facet normal 0 1 0
    outer loop
      vertex -23.9689 -5.25 16
      vertex -18.5 -5.25 0
      vertex -23.2111 -5.25 5.97927
    endloop
  endfacet
  facet normal 0 1 0
    outer loop
      vertex -23.2111 -5.25 5.97927
      vertex -18.5 -5.25 0
      vertex -20.9689 -5.25 0
    endloop
  endfacet
  facet normal 0 -1 0
    outer loop
      vertex -25.2921 5.25 179.421
      vertex -18.5 5.25 203
      vertex -21.346 5.25 206.301
    endloop
  endfacet
  facet normal 0 -1 0
    outer loop
      vertex -25.2921 5.25 179.421
      vertex -18.5 5.25 171
      vertex -18.5 5.25 203
    endloop
  endfacet
  facet normal 0 -1 0
    outer loop
      vertex -25.2921 5.25 179.421
      vertex -22.6411 5.25 170.455
      vertex -18.5 5.25 171
    endloop
  endfacet
  facet normal 0 -1 -0
    outer loop
      vertex -25.2921 5.25 179.421
      vertex -26.5 5.25 168.856
      vertex -22.6411 5.25 170.455
    endloop
  endfacet
  facet normal -0 -1 0
    outer loop
      vertex -26.5 5.25 168.856
      vertex -25.2921 5.25 179.421
      vertex -26.8868 5.25 168.56
    endloop
  endfacet
  facet normal 0 -1 0
    outer loop
      vertex -19.1519 5.25 80.8957
      vertex -18.5 5.25 139
      vertex -22.6411 5.25 139.545
    endloop
  endfacet
  facet normal 0 -1 0
    outer loop
      vertex -19.1519 5.25 80.8957
      vertex -22.6411 5.25 139.545
      vertex -24.4838 5.25 140.308
    endloop
  endfacet
  facet normal 0 -1 -0
    outer loop
      vertex -18.5 5.25 139
      vertex -19.1519 5.25 80.8957
      vertex -18.5 5.25 81
    endloop
  endfacet
  facet normal 0 -1 0
    outer loop
      vertex -21.6373 5.25 26.8808
      vertex -18.5 5.25 25
      vertex -21.4503 5.25 27.7536
    endloop
  endfacet
  facet normal 0 -1 0
    outer loop
      vertex -23.9689 5.25 16
      vertex -18.5 5.25 25
      vertex -21.6373 5.25 26.8808
    endloop
  endfacet
  facet normal 0 -1 0
    outer loop
      vertex -18.5 5.25 0
      vertex -23.9689 5.25 16
      vertex -23.9689 5.25 8
    endloop
  endfacet
  facet normal 0 -1 0
    outer loop
      vertex -18.5 5.25 0
      vertex -23.9689 5.25 8
      vertex -21.6425 5.25 1.7962
    endloop
  endfacet
  facet normal 0 -1 0
    outer loop
      vertex -18.5 5.25 0
      vertex -21.6425 5.25 1.7962
      vertex -20.9689 5.25 0
    endloop
  endfacet
  facet normal 0 -1 0
    outer loop
      vertex -23.9689 5.25 16
      vertex -18.5 5.25 0
      vertex -18.5 5.25 25
    endloop
  endfacet
  facet normal -0.849528 2.3691e-05 -0.527544
    outer loop
      vertex -21.5078 4.92193 206.489
      vertex -22.7835 -2.19002 208.543
      vertex -23.8062 0 210.19
    endloop
  endfacet
  facet normal -0.849491 0 -0.527603
    outer loop
      vertex -22.7835 -2.19002 208.543
      vertex -21.5078 4.92193 206.489
      vertex -21.5078 -4.92193 206.489
    endloop
  endfacet
  facet normal -0.757375 -0.000661731 -0.65298
    outer loop
      vertex -18.5 5.25 203
      vertex -21.5078 4.92193 206.489
      vertex -21.346 5.25 206.301
    endloop
  endfacet
  facet normal -0.757406 0 -0.652945
    outer loop
      vertex -18.5 5.25 203
      vertex -21.5078 -4.92193 206.489
      vertex -21.5078 4.92193 206.489
    endloop
  endfacet
  facet normal -0.757406 0 -0.652945
    outer loop
      vertex -18.5 -5.25 203
      vertex -21.5078 -4.92193 206.489
      vertex -18.5 5.25 203
    endloop
  endfacet
  facet normal -0.757375 0.000661731 -0.65298
    outer loop
      vertex -21.5078 -4.92193 206.489
      vertex -18.5 -5.25 203
      vertex -21.346 -5.25 206.301
    endloop
  endfacet
  facet normal -1 0 0
    outer loop
      vertex -18.5 -5.25 171
      vertex -18.5 5.25 203
      vertex -18.5 5.25 171
    endloop
  endfacet
  facet normal -1 -0 0
    outer loop
      vertex -18.5 5.25 203
      vertex -18.5 -5.25 171
      vertex -18.5 -5.25 203
    endloop
  endfacet
  facet normal -0.130482 0 0.991451
    outer loop
      vertex -22.6411 5.25 170.455
      vertex -18.5 -5.25 171
      vertex -18.5 5.25 171
    endloop
  endfacet
  facet normal -0.130482 0 0.991451
    outer loop
      vertex -18.5 -5.25 171
      vertex -22.6411 5.25 170.455
      vertex -22.6411 -5.25 170.455
    endloop
  endfacet
  facet normal -0.382804 0 0.923829
    outer loop
      vertex -26.5 5.25 168.856
      vertex -22.6411 -5.25 170.455
      vertex -22.6411 5.25 170.455
    endloop
  endfacet
  facet normal -0.382804 0 0.923829
    outer loop
      vertex -22.6411 -5.25 170.455
      vertex -26.5 5.25 168.856
      vertex -26.5 -5.25 168.856
    endloop
  endfacet
  facet normal -0.607724 -0.00134661 0.794147
    outer loop
      vertex -27.6161 4.12907 168
      vertex -26.5 5.25 168.856
      vertex -26.8868 5.25 168.56
    endloop
  endfacet
  facet normal -0.608576 0 0.793495
    outer loop
      vertex -26.5 5.25 168.856
      vertex -27.6161 4.12907 168
      vertex -26.5 -5.25 168.856
    endloop
  endfacet
  facet normal -0.608576 0 0.793495
    outer loop
      vertex -27.6161 -4.12907 168
      vertex -26.5 -5.25 168.856
      vertex -27.6161 4.12907 168
    endloop
  endfacet
  facet normal -0.607724 0.00134661 0.794147
    outer loop
      vertex -26.5 -5.25 168.856
      vertex -27.6161 -4.12907 168
      vertex -26.8868 -5.25 168.56
    endloop
  endfacet
  facet normal -0.608818 0 0.79331
    outer loop
      vertex -27.6161 4.12907 168
      vertex -29.7205 -0.233075 166.385
      vertex -27.6161 -4.12907 168
    endloop
  endfacet
  facet normal -0.607699 -0.000857065 0.794167
    outer loop
      vertex -29.8137 0.0605532 166.314
      vertex -29.7205 -0.233075 166.385
      vertex -27.6161 4.12907 168
    endloop
  endfacet
  facet normal -0.605992 0 0.795471
    outer loop
      vertex -29.7205 -0.233075 166.385
      vertex -29.8137 0.0605532 166.314
      vertex -29.8137 -0.0605532 166.314
    endloop
  endfacet
  facet normal -0.794853 0 0.606802
    outer loop
      vertex -29.8137 0.0605532 166.314
      vertex -29.845 0 166.273
      vertex -29.8137 -0.0605532 166.314
    endloop
  endfacet
  facet normal -0.608728 0 -0.793379
    outer loop
      vertex -26.5 -1.8876 141.144
      vertex -27.6704 0 142.042
      vertex -26.5 1.8876 141.144
    endloop
  endfacet
  facet normal -0.382567 0.000226151 -0.923928
    outer loop
      vertex -25.2631 -3.95034 140.631
      vertex -22.6411 -5.25 139.545
      vertex -24.4838 -5.25 140.308
    endloop
  endfacet
  facet normal -0.382477 0.000440621 -0.923965
    outer loop
      vertex -26.5 -1.8876 141.144
      vertex -22.6411 -5.25 139.545
      vertex -25.2631 -3.95034 140.631
    endloop
  endfacet
  facet normal -0.382804 0 -0.923829
    outer loop
      vertex -22.6411 -5.25 139.545
      vertex -26.5 -1.8876 141.144
      vertex -22.6411 5.25 139.545
    endloop
  endfacet
  facet normal -0.382804 0 -0.923829
    outer loop
      vertex -22.6411 5.25 139.545
      vertex -26.5 -1.8876 141.144
      vertex -26.5 1.8876 141.144
    endloop
  endfacet
  facet normal -0.382567 -0.000318608 -0.923928
    outer loop
      vertex -22.6411 5.25 139.545
      vertex -26.5 1.8876 141.144
      vertex -24.4838 5.25 140.308
    endloop
  endfacet
  facet normal -0.130482 0 -0.991451
    outer loop
      vertex -22.6411 -5.25 139.545
      vertex -18.5 5.25 139
      vertex -18.5 -5.25 139
    endloop
  endfacet
  facet normal -0.130482 0 -0.991451
    outer loop
      vertex -18.5 5.25 139
      vertex -22.6411 -5.25 139.545
      vertex -22.6411 5.25 139.545
    endloop
  endfacet
  facet normal -1 0 0
    outer loop
      vertex -18.5 -5.25 81
      vertex -18.5 5.25 139
      vertex -18.5 5.25 81
    endloop
  endfacet
  facet normal -1 -0 0
    outer loop
      vertex -18.5 5.25 139
      vertex -18.5 -5.25 81
      vertex -18.5 -5.25 139
    endloop
  endfacet
  facet normal -0.157985 1.20376e-05 0.987442
    outer loop
      vertex -21.0391 1.93433 80.5938
      vertex -18.5 5.25 81
      vertex -19.1519 5.25 80.8957
    endloop
  endfacet
  facet normal -0.157969 0 0.987444
    outer loop
      vertex -18.5 5.25 81
      vertex -21.0391 1.93433 80.5938
      vertex -18.5 -5.25 81
    endloop
  endfacet
  facet normal -0.157969 0 0.987444
    outer loop
      vertex -21.0391 -1.93433 80.5938
      vertex -18.5 -5.25 81
      vertex -21.0391 1.93433 80.5938
    endloop
  endfacet
  facet normal -0.157985 -1.20376e-05 0.987442
    outer loop
      vertex -18.5 -5.25 81
      vertex -21.0391 -1.93433 80.5938
      vertex -19.1519 -5.25 80.8957
    endloop
  endfacet
  facet normal -0.290552 0 0.956859
    outer loop
      vertex -21.0391 1.93433 80.5938
      vertex -22.1262 0 80.2637
      vertex -21.0391 -1.93433 80.5938
    endloop
  endfacet
  facet normal -0.752395 0 -0.658712
    outer loop
      vertex -22.3672 -3.34425 28.6094
      vertex -23.9183 0 30.3811
      vertex -22.3672 3.34425 28.6094
    endloop
  endfacet
  facet normal -0.682316 1.18191e-05 -0.731057
    outer loop
      vertex -22.3672 -3.34425 28.6094
      vertex -18.5 -5.25 25
      vertex -21.4503 -5.25 27.7536
    endloop
  endfacet
  facet normal -0.68232 0 -0.731054
    outer loop
      vertex -18.5 -5.25 25
      vertex -22.3672 -3.34425 28.6094
      vertex -18.5 5.25 25
    endloop
  endfacet
  facet normal -0.68232 -0 -0.731054
    outer loop
      vertex -22.3672 3.34425 28.6094
      vertex -18.5 5.25 25
      vertex -22.3672 -3.34425 28.6094
    endloop
  endfacet
  facet normal -0.682316 -1.18191e-05 -0.731057
    outer loop
      vertex -18.5 5.25 25
      vertex -22.3672 3.34425 28.6094
      vertex -21.4503 5.25 27.7536
    endloop
  endfacet
  facet normal -1 0 0
    outer loop
      vertex -18.5 -5.25 0
      vertex -18.5 5.25 25
      vertex -18.5 5.25 0
    endloop
  endfacet
  facet normal -1 -0 0
    outer loop
      vertex -18.5 5.25 25
      vertex -18.5 -5.25 0
      vertex -18.5 -5.25 25
    endloop
  endfacet
  facet normal -0.866021 0.500007 -4.33101e-06
    outer loop
      vertex -4.70337 -18.6465 203
      vertex -7.09498 -22.7889 193.105
      vertex -6.12635 -21.1111 206.301
    endloop
  endfacet
  facet normal -0.866027 0.499998 5.65575e-07
    outer loop
      vertex -7.09498 -22.7889 193.105
      vertex -4.70337 -18.6465 203
      vertex -8.70337 -25.5747 168.856
    endloop
  endfacet
  facet normal -0.866006 0.500033 -4.78735e-06
    outer loop
      vertex -8.70337 -25.5747 168.856
      vertex -8.89674 -25.9096 168.56
      vertex -7.09498 -22.7889 193.105
    endloop
  endfacet
  facet normal -0.866025 0.500001 -1.30205e-07
    outer loop
      vertex -6.77392 -22.2328 170.455
      vertex -8.70337 -25.5747 168.856
      vertex -4.70337 -18.6465 203
    endloop
  endfacet
  facet normal -0.866026 0.5 0
    outer loop
      vertex -4.70337 -18.6465 171
      vertex -6.77392 -22.2328 170.455
      vertex -4.70337 -18.6465 203
    endloop
  endfacet
  facet normal -0.866015 0.500018 1.67011e-06
    outer loop
      vertex -6.38862 -21.5654 111.189
      vertex -4.70337 -18.6465 81
      vertex -5.0293 -19.211 80.8957
    endloop
  endfacet
  facet normal -0.866017 0.500014 1.15727e-06
    outer loop
      vertex -4.70337 -18.6465 81
      vertex -6.38862 -21.5654 111.189
      vertex -6.77392 -22.2328 139.545
    endloop
  endfacet
  facet normal -0.866027 0.499998 -4.14215e-07
    outer loop
      vertex -6.88482 -22.4249 122.247
      vertex -7.69525 -23.8286 140.308
      vertex -6.77392 -22.2328 139.545
    endloop
  endfacet
  facet normal -0.86604 0.499975 -7.49228e-08
    outer loop
      vertex -6.38862 -21.5654 111.189
      vertex -6.88482 -22.4249 122.247
      vertex -6.77392 -22.2328 139.545
    endloop
  endfacet
  facet normal -0.866026 0.5 0
    outer loop
      vertex -4.70337 -18.6465 81
      vertex -6.77392 -22.2328 139.545
      vertex -4.70337 -18.6465 139
    endloop
  endfacet
  facet normal -0.866024 0.500002 -6.98325e-07
    outer loop
      vertex -4.70337 -18.6465 25
      vertex -7.1764 -22.9299 18.44
      vertex -6.17851 -21.2015 27.7536
    endloop
  endfacet
  facet normal -0.866022 0.500005 3.77424e-06
    outer loop
      vertex -7.43782 -23.3827 8
      vertex -4.70337 -18.6465 0
      vertex -5.93782 -20.7846 0
    endloop
  endfacet
  facet normal -0.866025 0.500001 0
    outer loop
      vertex -7.43782 -23.3827 16
      vertex -4.70337 -18.6465 0
      vertex -7.43782 -23.3827 8
    endloop
  endfacet
  facet normal -0.866025 0.500001 0
    outer loop
      vertex -4.70337 -18.6465 0
      vertex -7.43782 -23.3827 16
      vertex -4.70337 -18.6465 25
    endloop
  endfacet
  facet normal -0.866023 0.500004 -2.49534e-06
    outer loop
      vertex -4.70337 -18.6465 25
      vertex -7.43782 -23.3827 16
      vertex -7.1764 -22.9299 18.44
    endloop
  endfacet
  facet normal 0.86602 -0.50001 6.77684e-06
    outer loop
      vertex -16.1882 -17.5389 193.105
      vertex -13.7966 -13.3965 203
      vertex -15.2196 -15.8611 206.301
    endloop
  endfacet
  facet normal 0.866028 -0.499995 -1.38881e-06
    outer loop
      vertex -13.7966 -13.3965 203
      vertex -16.1882 -17.5389 193.105
      vertex -17.7966 -20.3247 168.856
    endloop
  endfacet
  facet normal 0.86586 -0.500286 4.31578e-05
    outer loop
      vertex -17.1927 -19.2786 179.421
      vertex -17.7966 -20.3247 168.856
      vertex -16.1882 -17.5389 193.105
    endloop
  endfacet
  facet normal 0.865967 -0.5001 1.86761e-05
    outer loop
      vertex -17.7966 -20.3247 168.856
      vertex -17.1927 -19.2786 179.421
      vertex -17.99 -20.6596 168.56
    endloop
  endfacet
  facet normal 0.866031 -0.49999 -2.78165e-06
    outer loop
      vertex -13.7966 -13.3965 203
      vertex -17.7966 -20.3247 168.856
      vertex -15.8672 -16.9828 170.455
    endloop
  endfacet
  facet normal 0.86602 -0.500009 0
    outer loop
      vertex -13.7966 -13.3965 203
      vertex -15.8672 -16.9828 170.455
      vertex -13.7966 -13.3965 171
    endloop
  endfacet
  facet normal 0.865969 -0.500097 -1.04613e-05
    outer loop
      vertex -13.7966 -13.3965 81
      vertex -15.4819 -16.3154 111.189
      vertex -14.1226 -13.961 80.8957
    endloop
  endfacet
  facet normal 0.866009 -0.500029 -1.61875e-06
    outer loop
      vertex -15.4819 -16.3154 111.189
      vertex -13.7966 -13.3965 81
      vertex -15.8672 -16.9828 139.545
    endloop
  endfacet
  facet normal 0.866034 -0.499985 2.34369e-07
    outer loop
      vertex -15.8672 -16.9828 139.545
      vertex -16.7885 -18.5786 140.308
      vertex -15.9781 -17.1749 122.247
    endloop
  endfacet
  facet normal 0.86604 -0.499975 7.49228e-08
    outer loop
      vertex -15.8672 -16.9828 139.545
      vertex -15.9781 -17.1749 122.247
      vertex -15.4819 -16.3154 111.189
    endloop
  endfacet
  facet normal 0.86602 -0.500009 0
    outer loop
      vertex -13.7966 -13.3965 139
      vertex -15.8672 -16.9828 139.545
      vertex -13.7966 -13.3965 81
    endloop
  endfacet
  facet normal 0.866029 -0.499994 2.90932e-05
    outer loop
      vertex -15.3653 -16.1135 26.8808
      vertex -13.7966 -13.3965 25
      vertex -15.2718 -15.9515 27.7536
    endloop
  endfacet
  facet normal 0.86602 -0.50001 -1.44293e-06
    outer loop
      vertex -13.7966 -13.3965 25
      vertex -15.3653 -16.1135 26.8808
      vertex -16.2697 -17.6799 18.44
    endloop
  endfacet
  facet normal 0.866021 -0.500007 0
    outer loop
      vertex -16.5311 -18.1327 16
      vertex -13.7966 -13.3965 0
      vertex -13.7966 -13.3965 25
    endloop
  endfacet
  facet normal 0.866014 -0.50002 6.3658e-06
    outer loop
      vertex -13.7966 -13.3965 0
      vertex -15.3679 -16.1179 1.7962
      vertex -15.0311 -15.5346 0
    endloop
  endfacet
  facet normal 0.866008 -0.50003 1.60812e-05
    outer loop
      vertex -16.5311 -18.1327 16
      vertex -13.7966 -13.3965 25
      vertex -16.2697 -17.6799 18.44
    endloop
  endfacet
  facet normal 0.866021 -0.500007 0
    outer loop
      vertex -13.7966 -13.3965 0
      vertex -16.5311 -18.1327 16
      vertex -16.5311 -18.1327 8
    endloop
  endfacet
  facet normal 0.866006 -0.500034 -2.10729e-05
    outer loop
      vertex -13.7966 -13.3965 0
      vertex -16.5311 -18.1327 8
      vertex -15.3679 -16.1179 1.7962
    endloop
  endfacet
  facet normal -0.424765 -0.735703 -0.527556
    outer loop
      vertex -11.9031 -20.6167 210.19
      vertex -15.0164 -16.1653 206.489
      vertex -6.49139 -21.0873 206.489
    endloop
  endfacet
  facet normal -0.37822 -0.656188 -0.652968
    outer loop
      vertex -13.7966 -13.3965 203
      vertex -15.0164 -16.1653 206.489
      vertex -15.2196 -15.8611 206.301
    endloop
  endfacet
  facet normal -0.37871 -0.655934 -0.652938
    outer loop
      vertex -15.0164 -16.1653 206.489
      vertex -13.7966 -13.3965 203
      vertex -6.49139 -21.0873 206.489
    endloop
  endfacet
  facet normal -0.378704 -0.655931 -0.652945
    outer loop
      vertex -4.70337 -18.6465 203
      vertex -6.49139 -21.0873 206.489
      vertex -13.7966 -13.3965 203
    endloop
  endfacet
  facet normal -0.379037 -0.655717 -0.652967
    outer loop
      vertex -6.49139 -21.0873 206.489
      vertex -4.70337 -18.6465 203
      vertex -6.12635 -21.1111 206.301
    endloop
  endfacet
  facet normal -0.500002 -0.866025 0
    outer loop
      vertex -13.7966 -13.3965 171
      vertex -4.70337 -18.6465 203
      vertex -13.7966 -13.3965 203
    endloop
  endfacet
  facet normal -0.500002 -0.866025 -0
    outer loop
      vertex -4.70337 -18.6465 203
      vertex -13.7966 -13.3965 171
      vertex -4.70337 -18.6465 171
    endloop
  endfacet
  facet normal -0.0652414 -0.113001 0.991451
    outer loop
      vertex -13.7966 -13.3965 171
      vertex -6.77392 -22.2328 170.455
      vertex -4.70337 -18.6465 171
    endloop
  endfacet
  facet normal -0.0652407 -0.113 0.991451
    outer loop
      vertex -6.77392 -22.2328 170.455
      vertex -13.7966 -13.3965 171
      vertex -15.8672 -16.9828 170.455
    endloop
  endfacet
  facet normal -0.191402 -0.331519 0.923829
    outer loop
      vertex -15.8672 -16.9828 170.455
      vertex -8.70337 -25.5747 168.856
      vertex -6.77392 -22.2328 170.455
    endloop
  endfacet
  facet normal -0.191404 -0.33152 0.923828
    outer loop
      vertex -8.70337 -25.5747 168.856
      vertex -15.8672 -16.9828 170.455
      vertex -17.7966 -20.3247 168.856
    endloop
  endfacet
  facet normal -0.304953 -0.52577 0.794084
    outer loop
      vertex -8.70337 -25.5747 168.856
      vertex -10.2322 -25.9808 168
      vertex -8.89674 -25.9096 168.56
    endloop
  endfacet
  facet normal -0.304289 -0.527036 0.793499
    outer loop
      vertex -17.3839 -21.8517 168
      vertex -10.2322 -25.9808 168
      vertex -8.70337 -25.5747 168.856
    endloop
  endfacet
  facet normal -0.304353 -0.527147 0.793401
    outer loop
      vertex -10.2322 -25.9808 168
      vertex -17.3839 -21.8517 168
      vertex -14.8544 -25.8497 166.314
    endloop
  endfacet
  facet normal -0.304577 -0.52723 0.79326
    outer loop
      vertex -14.8544 -25.8497 166.314
      vertex -17.3839 -21.8517 168
      vertex -14.9593 -25.7891 166.314
    endloop
  endfacet
  facet normal -0.304294 -0.527051 0.793487
    outer loop
      vertex -17.7966 -20.3247 168.856
      vertex -17.3839 -21.8517 168
      vertex -8.70337 -25.5747 168.856
    endloop
  endfacet
  facet normal -0.302808 -0.526991 0.794096
    outer loop
      vertex -17.3839 -21.8517 168
      vertex -17.7966 -20.3247 168.856
      vertex -17.99 -20.6596 168.56
    endloop
  endfacet
  facet normal -0.39763 -0.688307 0.606732
    outer loop
      vertex -14.8544 -25.8497 166.314
      vertex -14.9593 -25.7891 166.314
      vertex -14.9225 -25.8465 166.273
    endloop
  endfacet
  facet normal -0.304365 -0.527172 -0.79338
    outer loop
      vertex -13.8352 -23.9633 142.042
      vertex -14.8847 -22.0059 141.144
      vertex -11.6153 -23.8935 141.144
    endloop
  endfacet
  facet normal -0.191556 -0.331162 -0.923925
    outer loop
      vertex -11.6153 -23.8935 141.144
      vertex -6.77392 -22.2328 139.545
      vertex -7.69525 -23.8286 140.308
    endloop
  endfacet
  facet normal -0.191403 -0.331517 -0.92383
    outer loop
      vertex -14.8847 -22.0059 141.144
      vertex -6.77392 -22.2328 139.545
      vertex -11.6153 -23.8935 141.144
    endloop
  endfacet
  facet normal -0.191403 -0.331519 -0.923829
    outer loop
      vertex -14.8847 -22.0059 141.144
      vertex -15.8672 -16.9828 139.545
      vertex -6.77392 -22.2328 139.545
    endloop
  endfacet
  facet normal -0.19102 -0.331475 -0.923924
    outer loop
      vertex -15.8672 -16.9828 139.545
      vertex -14.8847 -22.0059 141.144
      vertex -16.7885 -18.5786 140.308
    endloop
  endfacet
  facet normal -0.0652414 -0.113001 -0.991451
    outer loop
      vertex -6.77392 -22.2328 139.545
      vertex -13.7966 -13.3965 139
      vertex -4.70337 -18.6465 139
    endloop
  endfacet
  facet normal -0.0652407 -0.113 -0.991451
    outer loop
      vertex -13.7966 -13.3965 139
      vertex -6.77392 -22.2328 139.545
      vertex -15.8672 -16.9828 139.545
    endloop
  endfacet
  facet normal -0.500002 -0.866025 0
    outer loop
      vertex -13.7966 -13.3965 81
      vertex -4.70337 -18.6465 139
      vertex -13.7966 -13.3965 139
    endloop
  endfacet
  facet normal -0.500002 -0.866025 -0
    outer loop
      vertex -4.70337 -18.6465 139
      vertex -13.7966 -13.3965 81
      vertex -4.70337 -18.6465 81
    endloop
  endfacet
  facet normal -0.0789829 -0.136841 0.987439
    outer loop
      vertex -4.70337 -18.6465 81
      vertex -8.84435 -19.1875 80.5938
      vertex -5.0293 -19.211 80.8957
    endloop
  endfacet
  facet normal -0.0789872 -0.136812 0.987443
    outer loop
      vertex -4.70337 -18.6465 81
      vertex -12.1947 -17.2532 80.5938
      vertex -8.84435 -19.1875 80.5938
    endloop
  endfacet
  facet normal -0.0789866 -0.136808 0.987443
    outer loop
      vertex -13.7966 -13.3965 81
      vertex -12.1947 -17.2532 80.5938
      vertex -4.70337 -18.6465 81
    endloop
  endfacet
  facet normal -0.0790087 -0.136817 0.98744
    outer loop
      vertex -12.1947 -17.2532 80.5938
      vertex -13.7966 -13.3965 81
      vertex -14.1226 -13.961 80.8957
    endloop
  endfacet
  facet normal -0.145263 -0.251606 0.956866
    outer loop
      vertex -8.84435 -19.1875 80.5938
      vertex -12.1947 -17.2532 80.5938
      vertex -11.0631 -19.1619 80.2637
    endloop
  endfacet
  facet normal -0.376194 -0.651577 -0.658731
    outer loop
      vertex -11.9592 -20.7139 30.3811
      vertex -14.0798 -17.6984 28.6094
      vertex -8.28739 -21.0427 28.6094
    endloop
  endfacet
  facet normal -0.341163 -0.590906 -0.731053
    outer loop
      vertex -8.28739 -21.0427 28.6094
      vertex -4.70337 -18.6465 25
      vertex -6.17851 -21.2015 27.7536
    endloop
  endfacet
  facet normal -0.341162 -0.590907 -0.731053
    outer loop
      vertex -8.28739 -21.0427 28.6094
      vertex -13.7966 -13.3965 25
      vertex -4.70337 -18.6465 25
    endloop
  endfacet
  facet normal -0.341166 -0.590909 -0.731049
    outer loop
      vertex -14.0798 -17.6984 28.6094
      vertex -13.7966 -13.3965 25
      vertex -8.28739 -21.0427 28.6094
    endloop
  endfacet
  facet normal -0.341136 -0.590917 -0.731056
    outer loop
      vertex -13.7966 -13.3965 25
      vertex -14.0798 -17.6984 28.6094
      vertex -15.2718 -15.9515 27.7536
    endloop
  endfacet
  facet normal -0.500002 -0.866025 0
    outer loop
      vertex -13.7966 -13.3965 0
      vertex -4.70337 -18.6465 25
      vertex -13.7966 -13.3965 25
    endloop
  endfacet
  facet normal -0.500002 -0.866025 -0
    outer loop
      vertex -4.70337 -18.6465 25
      vertex -13.7966 -13.3965 0
      vertex -4.70337 -18.6465 0
    endloop
  endfacet
  facet normal -0.866023 -0.500004 1.19455e-05
    outer loop
      vertex 13.7966 -13.3965 203
      vertex 15.4378 -16.2391 203.328
      vertex 15.2196 -15.8611 206.301
    endloop
  endfacet
  facet normal -0.866022 -0.500005 4.25048e-06
    outer loop
      vertex 13.7966 -13.3965 203
      vertex 16.1882 -17.5389 193.105
      vertex 15.4378 -16.2391 203.328
    endloop
  endfacet
  facet normal -0.866028 -0.499995 -1.38881e-06
    outer loop
      vertex 16.1882 -17.5389 193.105
      vertex 13.7966 -13.3965 203
      vertex 17.7966 -20.3247 168.856
    endloop
  endfacet
  facet normal -0.865969 -0.500098 1.43086e-05
    outer loop
      vertex 17.99 -20.6596 168.56
      vertex 16.1882 -17.5389 193.105
      vertex 17.7966 -20.3247 168.856
    endloop
  endfacet
  facet normal -0.866031 -0.49999 -2.78165e-06
    outer loop
      vertex 17.7966 -20.3247 168.856
      vertex 13.7966 -13.3965 203
      vertex 15.8672 -16.9828 170.455
    endloop
  endfacet
  facet normal -0.86602 -0.500009 -0
    outer loop
      vertex 13.7966 -13.3965 203
      vertex 13.7966 -13.3965 171
      vertex 15.8672 -16.9828 170.455
    endloop
  endfacet
  facet normal -0.865969 -0.500097 -1.04613e-05
    outer loop
      vertex 15.4819 -16.3154 111.189
      vertex 13.7966 -13.3965 81
      vertex 14.1226 -13.961 80.8957
    endloop
  endfacet
  facet normal -0.866009 -0.500029 -1.61875e-06
    outer loop
      vertex 13.7966 -13.3965 81
      vertex 15.4819 -16.3154 111.189
      vertex 15.8672 -16.9828 139.545
    endloop
  endfacet
  facet normal -0.865996 -0.50005 1.19469e-06
    outer loop
      vertex 16.399 -17.9038 131.627
      vertex 15.8672 -16.9828 139.545
      vertex 15.9781 -17.1749 122.247
    endloop
  endfacet
  facet normal -0.866032 -0.499989 -8.38485e-06
    outer loop
      vertex 15.8672 -16.9828 139.545
      vertex 16.399 -17.9038 131.627
      vertex 16.7885 -18.5786 140.308
    endloop
  endfacet
  facet normal -0.86604 -0.499975 7.49228e-08
    outer loop
      vertex 15.8672 -16.9828 139.545
      vertex 15.4819 -16.3154 111.189
      vertex 15.9781 -17.1749 122.247
    endloop
  endfacet
  facet normal -0.86602 -0.500009 -0
    outer loop
      vertex 13.7966 -13.3965 139
      vertex 13.7966 -13.3965 81
      vertex 15.8672 -16.9828 139.545
    endloop
  endfacet
  facet normal -0.866017 -0.500015 3.06853e-06
    outer loop
      vertex 15.2718 -15.9515 27.7536
      vertex 13.7966 -13.3965 25
      vertex 16.2697 -17.6799 18.44
    endloop
  endfacet
  facet normal -0.866014 -0.50002 -8.68366e-06
    outer loop
      vertex 16.1522 -17.4764 5.97927
      vertex 13.7966 -13.3965 0
      vertex 15.0311 -15.5346 0
    endloop
  endfacet
  facet normal -0.866018 -0.500014 -2.48773e-06
    outer loop
      vertex 16.5311 -18.1327 16
      vertex 13.7966 -13.3965 0
      vertex 16.1522 -17.4764 5.97927
    endloop
  endfacet
  facet normal -0.866021 -0.500007 0
    outer loop
      vertex 13.7966 -13.3965 0
      vertex 16.5311 -18.1327 16
      vertex 13.7966 -13.3965 25
    endloop
  endfacet
  facet normal -0.866034 -0.499985 -0
    outer loop
      vertex 16.5311 -18.1327 16
      vertex 16.1522 -17.4764 5.97927
      vertex 16.5311 -18.1327 8
    endloop
  endfacet
  facet normal -0.866008 -0.50003 1.60812e-05
    outer loop
      vertex 13.7966 -13.3965 25
      vertex 16.5311 -18.1327 16
      vertex 16.2697 -17.6799 18.44
    endloop
  endfacet
  facet normal 0.866021 0.500007 -4.33101e-06
    outer loop
      vertex 7.09498 -22.7889 193.105
      vertex 4.70337 -18.6465 203
      vertex 6.12635 -21.1111 206.301
    endloop
  endfacet
  facet normal 0.866027 0.499998 5.65575e-07
    outer loop
      vertex 4.70337 -18.6465 203
      vertex 7.09498 -22.7889 193.105
      vertex 8.70337 -25.5747 168.856
    endloop
  endfacet
  facet normal 0.866006 0.500033 -4.78735e-06
    outer loop
      vertex 8.70337 -25.5747 168.856
      vertex 7.09498 -22.7889 193.105
      vertex 8.89674 -25.9096 168.56
    endloop
  endfacet
  facet normal 0.866025 0.500001 -1.30205e-07
    outer loop
      vertex 6.77392 -22.2328 170.455
      vertex 4.70337 -18.6465 203
      vertex 8.70337 -25.5747 168.856
    endloop
  endfacet
  facet normal 0.866026 0.5 0
    outer loop
      vertex 6.77392 -22.2328 170.455
      vertex 4.70337 -18.6465 171
      vertex 4.70337 -18.6465 203
    endloop
  endfacet
  facet normal 0.866015 0.500018 1.67011e-06
    outer loop
      vertex 4.70337 -18.6465 81
      vertex 6.38862 -21.5654 111.189
      vertex 5.0293 -19.211 80.8957
    endloop
  endfacet
  facet normal 0.866017 0.500014 1.15727e-06
    outer loop
      vertex 6.38862 -21.5654 111.189
      vertex 4.70337 -18.6465 81
      vertex 6.77392 -22.2328 139.545
    endloop
  endfacet
  facet normal 0.866027 0.499998 -4.14215e-07
    outer loop
      vertex 6.88482 -22.4249 122.247
      vertex 6.77392 -22.2328 139.545
      vertex 7.69525 -23.8286 140.308
    endloop
  endfacet
  facet normal 0.86604 0.499975 -7.49228e-08
    outer loop
      vertex 6.88482 -22.4249 122.247
      vertex 6.38862 -21.5654 111.189
      vertex 6.77392 -22.2328 139.545
    endloop
  endfacet
  facet normal 0.866026 0.5 0
    outer loop
      vertex 6.77392 -22.2328 139.545
      vertex 4.70337 -18.6465 81
      vertex 4.70337 -18.6465 139
    endloop
  endfacet
  facet normal 0.866024 0.500002 -6.98325e-07
    outer loop
      vertex 7.1764 -22.9299 18.44
      vertex 4.70337 -18.6465 25
      vertex 6.17851 -21.2015 27.7536
    endloop
  endfacet
  facet normal 0.866025 0.500001 0
    outer loop
      vertex 7.43782 -23.3827 16
      vertex 4.70337 -18.6465 0
      vertex 4.70337 -18.6465 25
    endloop
  endfacet
  facet normal 0.866023 0.500004 -2.49534e-06
    outer loop
      vertex 7.43782 -23.3827 16
      vertex 4.70337 -18.6465 25
      vertex 7.1764 -22.9299 18.44
    endloop
  endfacet
  facet normal 0.866025 0.500001 0
    outer loop
      vertex 4.70337 -18.6465 0
      vertex 7.43782 -23.3827 16
      vertex 7.43782 -23.3827 8
    endloop
  endfacet
  facet normal 0.866022 0.500005 3.77424e-06
    outer loop
      vertex 4.70337 -18.6465 0
      vertex 7.43782 -23.3827 8
      vertex 5.93782 -20.7846 0
    endloop
  endfacet
  facet normal 0.424742 -0.735745 -0.527517
    outer loop
      vertex 6.49139 -21.0873 206.489
      vertex 13.2884 -18.6361 208.543
      vertex 11.9031 -20.6167 210.19
    endloop
  endfacet
  facet normal 0.424746 -0.735669 -0.527619
    outer loop
      vertex 13.2884 -18.6361 208.543
      vertex 6.49139 -21.0873 206.489
      vertex 15.0164 -16.1653 206.489
    endloop
  endfacet
  facet normal 0.379037 -0.655717 -0.652967
    outer loop
      vertex 4.70337 -18.6465 203
      vertex 6.49139 -21.0873 206.489
      vertex 6.12635 -21.1111 206.301
    endloop
  endfacet
  facet normal 0.37871 -0.655934 -0.652938
    outer loop
      vertex 6.49139 -21.0873 206.489
      vertex 13.7966 -13.3965 203
      vertex 15.0164 -16.1653 206.489
    endloop
  endfacet
  facet normal 0.378704 -0.655931 -0.652945
    outer loop
      vertex 6.49139 -21.0873 206.489
      vertex 4.70337 -18.6465 203
      vertex 13.7966 -13.3965 203
    endloop
  endfacet
  facet normal 0.37822 -0.656188 -0.652968
    outer loop
      vertex 15.0164 -16.1653 206.489
      vertex 13.7966 -13.3965 203
      vertex 15.2196 -15.8611 206.301
    endloop
  endfacet
  facet normal 0.500002 -0.866025 0
    outer loop
      vertex 4.70337 -18.6465 171
      vertex 13.7966 -13.3965 203
      vertex 4.70337 -18.6465 203
    endloop
  endfacet
  facet normal 0.500002 -0.866025 0
    outer loop
      vertex 13.7966 -13.3965 203
      vertex 4.70337 -18.6465 171
      vertex 13.7966 -13.3965 171
    endloop
  endfacet
  facet normal 0.0652407 -0.113 0.991451
    outer loop
      vertex 13.7966 -13.3965 171
      vertex 6.77392 -22.2328 170.455
      vertex 15.8672 -16.9828 170.455
    endloop
  endfacet
  facet normal 0.0652414 -0.113001 0.991451
    outer loop
      vertex 6.77392 -22.2328 170.455
      vertex 13.7966 -13.3965 171
      vertex 4.70337 -18.6465 171
    endloop
  endfacet
  facet normal 0.191404 -0.33152 0.923828
    outer loop
      vertex 15.8672 -16.9828 170.455
      vertex 8.70337 -25.5747 168.856
      vertex 17.7966 -20.3247 168.856
    endloop
  endfacet
  facet normal 0.191402 -0.331519 0.923829
    outer loop
      vertex 8.70337 -25.5747 168.856
      vertex 15.8672 -16.9828 170.455
      vertex 6.77392 -22.2328 170.455
    endloop
  endfacet
  facet normal 0.302808 -0.526991 0.794096
    outer loop
      vertex 17.7966 -20.3247 168.856
      vertex 17.3839 -21.8517 168
      vertex 17.99 -20.6596 168.56
    endloop
  endfacet
  facet normal 0.304298 -0.527051 0.793486
    outer loop
      vertex 10.2322 -25.9808 168
      vertex 17.3839 -21.8517 168
      vertex 17.7966 -20.3247 168.856
    endloop
  endfacet
  facet normal 0.30441 -0.527246 0.793313
    outer loop
      vertex 17.3839 -21.8517 168
      vertex 10.2322 -25.9808 168
      vertex 15.0621 -25.6222 166.385
    endloop
  endfacet
  facet normal 0.304585 -0.525914 0.79413
    outer loop
      vertex 14.8544 -25.8497 166.314
      vertex 15.0621 -25.6222 166.385
      vertex 10.2322 -25.9808 168
    endloop
  endfacet
  facet normal 0.303346 -0.5251 0.795142
    outer loop
      vertex 15.0621 -25.6222 166.385
      vertex 14.8544 -25.8497 166.314
      vertex 14.9593 -25.7891 166.314
    endloop
  endfacet
  facet normal 0.304287 -0.527039 0.793498
    outer loop
      vertex 8.70337 -25.5747 168.856
      vertex 10.2322 -25.9808 168
      vertex 17.7966 -20.3247 168.856
    endloop
  endfacet
  facet normal 0.304953 -0.52577 0.794084
    outer loop
      vertex 10.2322 -25.9808 168
      vertex 8.70337 -25.5747 168.856
      vertex 8.89674 -25.9096 168.56
    endloop
  endfacet
  facet normal 0.39763 -0.688307 0.606732
    outer loop
      vertex 14.9593 -25.7891 166.314
      vertex 14.8544 -25.8497 166.314
      vertex 14.9225 -25.8465 166.273
    endloop
  endfacet
  facet normal 0.304365 -0.527172 -0.79338
    outer loop
      vertex 13.8352 -23.9633 142.042
      vertex 11.6153 -23.8935 141.144
      vertex 14.8847 -22.0059 141.144
    endloop
  endfacet
  facet normal 0.19109 -0.331434 -0.923924
    outer loop
      vertex 16.0526 -19.9033 140.631
      vertex 15.8672 -16.9828 139.545
      vertex 16.7885 -18.5786 140.308
    endloop
  endfacet
  facet normal 0.190887 -0.331459 -0.923957
    outer loop
      vertex 14.8847 -22.0059 141.144
      vertex 15.8672 -16.9828 139.545
      vertex 16.0526 -19.9033 140.631
    endloop
  endfacet
  facet normal 0.191404 -0.33152 -0.923829
    outer loop
      vertex 11.6153 -23.8935 141.144
      vertex 15.8672 -16.9828 139.545
      vertex 14.8847 -22.0059 141.144
    endloop
  endfacet
  facet normal 0.191556 -0.331162 -0.923925
    outer loop
      vertex 6.77392 -22.2328 139.545
      vertex 11.6153 -23.8935 141.144
      vertex 7.69525 -23.8286 140.308
    endloop
  endfacet
  facet normal 0.191402 -0.331519 -0.923829
    outer loop
      vertex 11.6153 -23.8935 141.144
      vertex 6.77392 -22.2328 139.545
      vertex 15.8672 -16.9828 139.545
    endloop
  endfacet
  facet normal 0.0652407 -0.113 -0.991451
    outer loop
      vertex 6.77392 -22.2328 139.545
      vertex 13.7966 -13.3965 139
      vertex 15.8672 -16.9828 139.545
    endloop
  endfacet
  facet normal 0.0652414 -0.113001 -0.991451
    outer loop
      vertex 13.7966 -13.3965 139
      vertex 6.77392 -22.2328 139.545
      vertex 4.70337 -18.6465 139
    endloop
  endfacet
  facet normal 0.500002 -0.866025 0
    outer loop
      vertex 4.70337 -18.6465 81
      vertex 13.7966 -13.3965 139
      vertex 4.70337 -18.6465 139
    endloop
  endfacet
  facet normal 0.500002 -0.866025 0
    outer loop
      vertex 13.7966 -13.3965 139
      vertex 4.70337 -18.6465 81
      vertex 13.7966 -13.3965 81
    endloop
  endfacet
  facet normal 0.0790087 -0.136817 0.98744
    outer loop
      vertex 13.7966 -13.3965 81
      vertex 12.1947 -17.2532 80.5938
      vertex 14.1226 -13.961 80.8957
    endloop
  endfacet
  facet normal 0.0789848 -0.136807 0.987444
    outer loop
      vertex 13.7966 -13.3965 81
      vertex 8.84435 -19.1875 80.5938
      vertex 12.1947 -17.2532 80.5938
    endloop
  endfacet
  facet normal 0.0789874 -0.13681 0.987443
    outer loop
      vertex 4.70337 -18.6465 81
      vertex 8.84435 -19.1875 80.5938
      vertex 13.7966 -13.3965 81
    endloop
  endfacet
  facet normal 0.0789829 -0.136841 0.987439
    outer loop
      vertex 8.84435 -19.1875 80.5938
      vertex 4.70337 -18.6465 81
      vertex 5.0293 -19.211 80.8957
    endloop
  endfacet
  facet normal 0.145263 -0.251606 0.956866
    outer loop
      vertex 12.1947 -17.2532 80.5938
      vertex 8.84435 -19.1875 80.5938
      vertex 11.0631 -19.1619 80.2637
    endloop
  endfacet
  facet normal 0.376194 -0.651577 -0.658731
    outer loop
      vertex 11.9592 -20.7139 30.3811
      vertex 8.28739 -21.0427 28.6094
      vertex 14.0798 -17.6984 28.6094
    endloop
  endfacet
  facet normal 0.341136 -0.590917 -0.731056
    outer loop
      vertex 14.0798 -17.6984 28.6094
      vertex 13.7966 -13.3965 25
      vertex 15.2718 -15.9515 27.7536
    endloop
  endfacet
  facet normal 0.341166 -0.590909 -0.731049
    outer loop
      vertex 8.28739 -21.0427 28.6094
      vertex 13.7966 -13.3965 25
      vertex 14.0798 -17.6984 28.6094
    endloop
  endfacet
  facet normal 0.341163 -0.590906 -0.731053
    outer loop
      vertex 4.70337 -18.6465 25
      vertex 8.28739 -21.0427 28.6094
      vertex 6.17851 -21.2015 27.7536
    endloop
  endfacet
  facet normal 0.341162 -0.590907 -0.731053
    outer loop
      vertex 8.28739 -21.0427 28.6094
      vertex 4.70337 -18.6465 25
      vertex 13.7966 -13.3965 25
    endloop
  endfacet
  facet normal 0.500002 -0.866025 0
    outer loop
      vertex 4.70337 -18.6465 0
      vertex 13.7966 -13.3965 25
      vertex 4.70337 -18.6465 25
    endloop
  endfacet
  facet normal 0.500002 -0.866025 0
    outer loop
      vertex 13.7966 -13.3965 25
      vertex 4.70337 -18.6465 0
      vertex 13.7966 -13.3965 0
    endloop
  endfacet
  facet normal -0.866026 0.499998 0
    outer loop
      vertex -23.9689 5.25 8
      vertex -16.5311 18.1327 16
      vertex -16.5311 18.1327 8
    endloop
  endfacet
  facet normal -0.866026 0.499998 0
    outer loop
      vertex -16.5311 18.1327 16
      vertex -23.9689 5.25 8
      vertex -23.9689 5.25 16
    endloop
  endfacet
  facet normal -0.851468 0.491652 0.18243
    outer loop
      vertex -21.4503 5.25 27.7536
      vertex -9.75 16.8875 51
      vertex -21.6373 5.25 26.8808
    endloop
  endfacet
  facet normal -0.851487 0.491607 0.182462
    outer loop
      vertex -22.3672 3.34425 28.6094
      vertex -9.75 16.8875 51
      vertex -21.4503 5.25 27.7536
    endloop
  endfacet
  facet normal -0.851494 0.491596 0.182461
    outer loop
      vertex -19.5 0 51
      vertex -22.3672 3.34425 28.6094
      vertex -23.9183 0 30.3811
    endloop
  endfacet
  facet normal -0.851487 0.491606 0.182462
    outer loop
      vertex -22.3672 3.34425 28.6094
      vertex -19.5 0 51
      vertex -9.75 16.8875 51
    endloop
  endfacet
  facet normal -0.851489 0.491603 0.182462
    outer loop
      vertex -21.6373 5.25 26.8808
      vertex -16.2697 17.6799 18.44
      vertex -23.9689 5.25 16
    endloop
  endfacet
  facet normal -0.85149 0.491606 0.18245
    outer loop
      vertex -23.9689 5.25 16
      vertex -16.2697 17.6799 18.44
      vertex -16.5311 18.1327 16
    endloop
  endfacet
  facet normal -0.851493 0.491596 0.182462
    outer loop
      vertex -14.0798 17.6984 28.6094
      vertex -9.75 16.8875 51
      vertex -11.9592 20.7139 30.3811
    endloop
  endfacet
  facet normal -0.851479 0.491622 0.18246
    outer loop
      vertex -15.2718 15.9515 27.7536
      vertex -9.75 16.8875 51
      vertex -14.0798 17.6984 28.6094
    endloop
  endfacet
  facet normal -0.851489 0.491604 0.182463
    outer loop
      vertex -16.2697 17.6799 18.44
      vertex -21.6373 5.25 26.8808
      vertex -15.2718 15.9515 27.7536
    endloop
  endfacet
  facet normal -0.851489 0.491604 0.182463
    outer loop
      vertex -15.2718 15.9515 27.7536
      vertex -21.6373 5.25 26.8808
      vertex -9.75 16.8875 51
    endloop
  endfacet
  facet normal -0.863411 0.498515 -0.077491
    outer loop
      vertex -19.5 0 51
      vertex -19.1519 5.25 80.8957
      vertex -16.399 17.9038 131.627
    endloop
  endfacet
  facet normal -0.863423 0.498495 -0.0774874
    outer loop
      vertex -19.5 0 51
      vertex -21.0391 1.93433 80.5938
      vertex -19.1519 5.25 80.8957
    endloop
  endfacet
  facet normal -0.863434 0.498476 -0.0774868
    outer loop
      vertex -21.0391 1.93433 80.5938
      vertex -19.5 0 51
      vertex -22.1262 0 80.2637
    endloop
  endfacet
  facet normal -0.863425 0.498491 -0.0774868
    outer loop
      vertex -16.0526 19.9033 140.631
      vertex -17.3839 21.8517 168
      vertex -15.0621 25.6222 166.385
    endloop
  endfacet
  facet normal -0.863401 0.498532 -0.0774886
    outer loop
      vertex -16.7885 18.5786 140.308
      vertex -17.3839 21.8517 168
      vertex -16.0526 19.9033 140.631
    endloop
  endfacet
  facet normal -0.86342 0.4985 -0.0774868
    outer loop
      vertex -24.4838 5.25 140.308
      vertex -16.399 17.9038 131.627
      vertex -19.1519 5.25 80.8957
    endloop
  endfacet
  facet normal -0.863421 0.498498 -0.0774898
    outer loop
      vertex -16.399 17.9038 131.627
      vertex -24.4838 5.25 140.308
      vertex -16.7885 18.5786 140.308
    endloop
  endfacet
  facet normal -0.863421 0.498498 -0.0774849
    outer loop
      vertex -27.6161 4.12907 168
      vertex -16.7885 18.5786 140.308
      vertex -24.4838 5.25 140.308
    endloop
  endfacet
  facet normal -0.863421 0.498498 -0.077485
    outer loop
      vertex -16.7885 18.5786 140.308
      vertex -27.6161 4.12907 168
      vertex -17.3839 21.8517 168
    endloop
  endfacet
  facet normal -0.863434 0.498475 -0.0774907
    outer loop
      vertex -29.845 0 166.273
      vertex -24.4838 5.25 140.308
      vertex -26.5 1.8876 141.144
    endloop
  endfacet
  facet normal -0.863425 0.498491 -0.0774856
    outer loop
      vertex -24.4838 5.25 140.308
      vertex -29.845 0 166.273
      vertex -27.6161 4.12907 168
    endloop
  endfacet
  facet normal -0.863421 0.498498 -0.0774873
    outer loop
      vertex -29.845 0 166.273
      vertex -26.5 1.8876 141.144
      vertex -27.6704 0 142.042
    endloop
  endfacet
  facet normal -0.86369 0.498194 -0.0764329
    outer loop
      vertex -27.6161 4.12907 168
      vertex -29.845 0 166.273
      vertex -29.8137 0.0605532 166.314
    endloop
  endfacet
  facet normal -0.863424 0.498492 -0.0774862
    outer loop
      vertex -9.75 16.8875 51
      vertex -12.1947 17.2532 80.5938
      vertex -11.0631 19.1619 80.2637
    endloop
  endfacet
  facet normal -0.863416 0.498507 -0.0774857
    outer loop
      vertex -9.75 16.8875 51
      vertex -14.1226 13.961 80.8957
      vertex -12.1947 17.2532 80.5938
    endloop
  endfacet
  facet normal -0.863422 0.498497 -0.0774876
    outer loop
      vertex -14.1226 13.961 80.8957
      vertex -9.75 16.8875 51
      vertex -19.5 0 51
    endloop
  endfacet
  facet normal -0.863414 0.49851 -0.077491
    outer loop
      vertex -19.5 0 51
      vertex -15.9781 17.1749 122.247
      vertex -15.4819 16.3154 111.189
    endloop
  endfacet
  facet normal -0.86344 0.498466 -0.0774791
    outer loop
      vertex -15.9781 17.1749 122.247
      vertex -19.5 0 51
      vertex -16.399 17.9038 131.627
    endloop
  endfacet
  facet normal -0.863423 0.498494 -0.0774859
    outer loop
      vertex -19.5 0 51
      vertex -15.4819 16.3154 111.189
      vertex -14.1226 13.961 80.8957
    endloop
  endfacet
  facet normal -0.863007 0.499562 -0.0752149
    outer loop
      vertex -14.9225 25.8465 166.273
      vertex -15.0621 25.6222 166.385
      vertex -14.9593 25.7891 166.314
    endloop
  endfacet
  facet normal -0.863342 0.498633 -0.0774932
    outer loop
      vertex -13.8352 23.9633 142.042
      vertex -15.0621 25.6222 166.385
      vertex -14.9225 25.8465 166.273
    endloop
  endfacet
  facet normal -0.863415 0.498502 -0.0775216
    outer loop
      vertex -16.0526 19.9033 140.631
      vertex -13.8352 23.9633 142.042
      vertex -14.8847 22.0059 141.144
    endloop
  endfacet
  facet normal -0.863423 0.498495 -0.0774878
    outer loop
      vertex -13.8352 23.9633 142.042
      vertex -16.0526 19.9033 140.631
      vertex -15.0621 25.6222 166.385
    endloop
  endfacet
  facet normal -0.859107 0.496013 0.126121
    outer loop
      vertex -21.346 5.25 206.301
      vertex -15.4378 16.2391 203.328
      vertex -25.2921 5.25 179.421
    endloop
  endfacet
  facet normal -0.859129 0.495963 0.126168
    outer loop
      vertex -15.0164 16.1653 206.489
      vertex -11.75 20.3516 212.275
      vertex -13.2884 18.6361 208.543
    endloop
  endfacet
  facet normal -0.859163 0.495884 0.126244
    outer loop
      vertex -15.2196 15.8611 206.301
      vertex -11.75 20.3516 212.275
      vertex -15.0164 16.1653 206.489
    endloop
  endfacet
  facet normal -0.859108 0.496012 0.126118
    outer loop
      vertex -15.4378 16.2391 203.328
      vertex -21.346 5.25 206.301
      vertex -15.2196 15.8611 206.301
    endloop
  endfacet
  facet normal -0.859108 0.496013 0.126116
    outer loop
      vertex -21.346 5.25 206.301
      vertex -11.75 20.3516 212.275
      vertex -15.2196 15.8611 206.301
    endloop
  endfacet
  facet normal -0.85911 0.495997 0.126158
    outer loop
      vertex -21.5078 4.92193 206.489
      vertex -11.75 20.3516 212.275
      vertex -21.346 5.25 206.301
    endloop
  endfacet
  facet normal -0.859087 0.496037 0.126164
    outer loop
      vertex -23.5 0 212.275
      vertex -21.5078 4.92193 206.489
      vertex -23.8062 0 210.19
    endloop
  endfacet
  facet normal -0.859109 0.496007 0.126131
    outer loop
      vertex -21.5078 4.92193 206.489
      vertex -23.5 0 212.275
      vertex -11.75 20.3516 212.275
    endloop
  endfacet
  facet normal -0.859114 0.495994 0.126148
    outer loop
      vertex -11.75 20.3516 212.275
      vertex -11.9031 20.6167 210.19
      vertex -13.2884 18.6361 208.543
    endloop
  endfacet
  facet normal -0.859112 0.496003 0.126128
    outer loop
      vertex -25.2921 5.25 179.421
      vertex -16.1882 17.5389 193.105
      vertex -17.99 20.6596 168.56
    endloop
  endfacet
  facet normal -0.859106 0.496009 0.126141
    outer loop
      vertex -25.2921 5.25 179.421
      vertex -17.99 20.6596 168.56
      vertex -26.8868 5.25 168.56
    endloop
  endfacet
  facet normal -0.859117 0.496013 0.126047
    outer loop
      vertex -27.6161 4.12907 168
      vertex -17.99 20.6596 168.56
      vertex -17.3839 21.8517 168
    endloop
  endfacet
  facet normal -0.859123 0.496018 0.125994
    outer loop
      vertex -17.99 20.6596 168.56
      vertex -27.6161 4.12907 168
      vertex -26.8868 5.25 168.56
    endloop
  endfacet
  facet normal -0.859111 0.496005 0.126126
    outer loop
      vertex -16.1882 17.5389 193.105
      vertex -25.2921 5.25 179.421
      vertex -15.4378 16.2391 203.328
    endloop
  endfacet
  facet normal -0.840673 0.485363 0.240192
    outer loop
      vertex -19.5 0 226.275
      vertex -9.75 16.8875 226.275
      vertex -23.5 0 212.275
    endloop
  endfacet
  facet normal -0.840673 0.485363 0.240192
    outer loop
      vertex -9.75 16.8875 226.275
      vertex -11.75 20.3516 212.275
      vertex -23.5 0 212.275
    endloop
  endfacet
  facet normal -0.661692 0.382028 0.64515
    outer loop
      vertex 0 0 246.275
      vertex -9.75 16.8875 226.275
      vertex -19.5 0 226.275
    endloop
  endfacet
  facet normal 0 0 -1
    outer loop
      vertex 4.70337 -18.6465 0
      vertex 3.94352 -13 0
      vertex 4.57665 -12.7909 0
    endloop
  endfacet
  facet normal 0 0 -1
    outer loop
      vertex 4.70337 -18.6465 0
      vertex 3.30089 -13.1779 0
      vertex 3.94352 -13 0
    endloop
  endfacet
  facet normal 0 0 -1
    outer loop
      vertex 4.70337 -18.6465 0
      vertex 2.6503 -13.324 0
      vertex 3.30089 -13.1779 0
    endloop
  endfacet
  facet normal 0 0 -1
    outer loop
      vertex 4.70337 -18.6465 0
      vertex 1.99333 -13.438 0
      vertex 2.6503 -13.324 0
    endloop
  endfacet
  facet normal 0 0 -1
    outer loop
      vertex 4.70337 -18.6465 0
      vertex 1.33156 -13.5196 0
      vertex 1.99333 -13.438 0
    endloop
  endfacet
  facet normal 0 0 -1
    outer loop
      vertex -4.70337 -18.6465 0
      vertex 4.70337 -18.6465 0
      vertex 5.93782 -20.7846 0
    endloop
  endfacet
  facet normal 0 0 -1
    outer loop
      vertex 4.70337 -18.6465 0
      vertex 0.666584 -13.5686 0
      vertex 1.33156 -13.5196 0
    endloop
  endfacet
  facet normal 0 -0 -1
    outer loop
      vertex 0 -13.585 0
      vertex 4.70337 -18.6465 0
      vertex -4.70337 -18.6465 0
    endloop
  endfacet
  facet normal 0 0 -1
    outer loop
      vertex 4.70337 -18.6465 0
      vertex 0 -13.585 0
      vertex 0.666584 -13.5686 0
    endloop
  endfacet
  facet normal -0 0 -1
    outer loop
      vertex 0 -13.585 0
      vertex -4.70337 -18.6465 0
      vertex -0.666584 -13.5686 0
    endloop
  endfacet
  facet normal -0 0 -1
    outer loop
      vertex -0.666584 -13.5686 0
      vertex -4.70337 -18.6465 0
      vertex -1.33156 -13.5196 0
    endloop
  endfacet
  facet normal -0 0 -1
    outer loop
      vertex -1.33156 -13.5196 0
      vertex -4.70337 -18.6465 0
      vertex -1.99333 -13.438 0
    endloop
  endfacet
  facet normal -0 0 -1
    outer loop
      vertex -1.99333 -13.438 0
      vertex -4.70337 -18.6465 0
      vertex -2.6503 -13.324 0
    endloop
  endfacet
  facet normal -0 0 -1
    outer loop
      vertex -2.6503 -13.324 0
      vertex -4.70337 -18.6465 0
      vertex -3.30089 -13.1779 0
    endloop
  endfacet
  facet normal -0 0 -1
    outer loop
      vertex -3.30089 -13.1779 0
      vertex -4.70337 -18.6465 0
      vertex -3.94352 -13 0
    endloop
  endfacet
  facet normal -0 0 -1
    outer loop
      vertex -3.94352 -13 0
      vertex -4.70337 -18.6465 0
      vertex -4.57665 -12.7909 0
    endloop
  endfacet
  facet normal 0 -0 -1
    outer loop
      vertex -4.70337 -18.6465 0
      vertex 5.93782 -20.7846 0
      vertex -5.93782 -20.7846 0
    endloop
  endfacet
  facet normal 0 0 -1
    outer loop
      vertex 13.5196 1.33156 0
      vertex 18.5 5.25 0
      vertex 13.5686 0.666584 0
    endloop
  endfacet
  facet normal 0 0 -1
    outer loop
      vertex 13.438 1.99333 0
      vertex 18.5 5.25 0
      vertex 13.5196 1.33156 0
    endloop
  endfacet
  facet normal 0 0 -1
    outer loop
      vertex 13.324 2.6503 0
      vertex 18.5 5.25 0
      vertex 13.438 1.99333 0
    endloop
  endfacet
  facet normal 0 0 -1
    outer loop
      vertex 13.1779 3.30089 0
      vertex 18.5 5.25 0
      vertex 13.324 2.6503 0
    endloop
  endfacet
  facet normal 0 0 -1
    outer loop
      vertex 13 3.94352 0
      vertex 18.5 5.25 0
      vertex 13.1779 3.30089 0
    endloop
  endfacet
  facet normal 0 0 -1
    outer loop
      vertex 12.7909 4.57665 0
      vertex 18.5 5.25 0
      vertex 13 3.94352 0
    endloop
  endfacet
  facet normal 0 0 -1
    outer loop
      vertex 12.5509 5.19875 0
      vertex 18.5 5.25 0
      vertex 12.7909 4.57665 0
    endloop
  endfacet
  facet normal 0 0 -1
    outer loop
      vertex 12.2807 5.80834 0
      vertex 18.5 5.25 0
      vertex 12.5509 5.19875 0
    endloop
  endfacet
  facet normal 0 0 -1
    outer loop
      vertex 11.9809 6.40392 0
      vertex 18.5 5.25 0
      vertex 12.2807 5.80834 0
    endloop
  endfacet
  facet normal 0 0 -1
    outer loop
      vertex 11.6522 6.98409 0
      vertex 18.5 5.25 0
      vertex 11.9809 6.40392 0
    endloop
  endfacet
  facet normal 0 0 -1
    outer loop
      vertex 18.5 5.25 0
      vertex 11.6522 6.98409 0
      vertex 13.7966 13.3965 0
    endloop
  endfacet
  facet normal 0 0 -1
    outer loop
      vertex 11.2955 7.54742 0
      vertex 13.7966 13.3965 0
      vertex 11.6522 6.98409 0
    endloop
  endfacet
  facet normal 0 0 -1
    outer loop
      vertex 10.9116 8.09257 0
      vertex 13.7966 13.3965 0
      vertex 11.2955 7.54742 0
    endloop
  endfacet
  facet normal 0 0 -1
    outer loop
      vertex 10.5013 8.61823 0
      vertex 13.7966 13.3965 0
      vertex 10.9116 8.09257 0
    endloop
  endfacet
  facet normal 0 0 -1
    outer loop
      vertex 10.0658 9.12313 0
      vertex 13.7966 13.3965 0
      vertex 10.5013 8.61823 0
    endloop
  endfacet
  facet normal 0 0 -1
    outer loop
      vertex 9.60604 9.60604 0
      vertex 13.7966 13.3965 0
      vertex 10.0658 9.12313 0
    endloop
  endfacet
  facet normal 0 0 -1
    outer loop
      vertex 9.12313 10.0658 0
      vertex 13.7966 13.3965 0
      vertex 9.60604 9.60604 0
    endloop
  endfacet
  facet normal 0 0 -1
    outer loop
      vertex 8.61823 10.5013 0
      vertex 13.7966 13.3965 0
      vertex 9.12313 10.0658 0
    endloop
  endfacet
  facet normal 0 0 -1
    outer loop
      vertex 8.09257 10.9116 0
      vertex 13.7966 13.3965 0
      vertex 8.61823 10.5013 0
    endloop
  endfacet
  facet normal 0 0 -1
    outer loop
      vertex 7.54742 11.2955 0
      vertex 13.7966 13.3965 0
      vertex 8.09257 10.9116 0
    endloop
  endfacet
  facet normal 0 0 -1
    outer loop
      vertex 6.98409 11.6522 0
      vertex 13.7966 13.3965 0
      vertex 7.54742 11.2955 0
    endloop
  endfacet
  facet normal 0 0 -1
    outer loop
      vertex 4.70337 18.6465 0
      vertex 6.98409 11.6522 0
      vertex 6.40392 11.9809 0
    endloop
  endfacet
  facet normal 0 0 -1
    outer loop
      vertex 4.70337 18.6465 0
      vertex 6.40392 11.9809 0
      vertex 5.80834 12.2807 0
    endloop
  endfacet
  facet normal 0 0 -1
    outer loop
      vertex 4.70337 18.6465 0
      vertex 5.80834 12.2807 0
      vertex 5.19875 12.5509 0
    endloop
  endfacet
  facet normal 0 0 -1
    outer loop
      vertex 6.98409 11.6522 0
      vertex 4.70337 18.6465 0
      vertex 13.7966 13.3965 0
    endloop
  endfacet
  facet normal 0 -0 -1
    outer loop
      vertex 4.70337 18.6465 0
      vertex 5.19875 12.5509 0
      vertex 4.57665 12.7909 0
    endloop
  endfacet
  facet normal 0 0 -1
    outer loop
      vertex 13.7966 -13.3965 0
      vertex 18.5 -5.25 0
      vertex 15.0311 -15.5346 0
    endloop
  endfacet
  facet normal 0 0 -1
    outer loop
      vertex 15.0311 -15.5346 0
      vertex 18.5 -5.25 0
      vertex 20.9689 -5.25 0
    endloop
  endfacet
  facet normal 0 0 -1
    outer loop
      vertex 18.5 5.25 0
      vertex 15.0311 15.5346 0
      vertex 20.9689 5.25 0
    endloop
  endfacet
  facet normal 0 -0 -1
    outer loop
      vertex 13.324 -2.6503 0
      vertex 18.5 -5.25 0
      vertex 13.1779 -3.30089 0
    endloop
  endfacet
  facet normal 0 0 -1
    outer loop
      vertex 11.6522 -6.98409 0
      vertex 18.5 -5.25 0
      vertex 13.7966 -13.3965 0
    endloop
  endfacet
  facet normal 0 0 -1
    outer loop
      vertex 13.5686 0.666584 0
      vertex 18.5 5.25 0
      vertex 13.585 0 0
    endloop
  endfacet
  facet normal 0 0 -1
    outer loop
      vertex 18.5 5.25 0
      vertex 13.7966 13.3965 0
      vertex 15.0311 15.5346 0
    endloop
  endfacet
  facet normal 0 0 -1
    outer loop
      vertex 18.5 -5.25 0
      vertex 13.585 0 0
      vertex 18.5 5.25 0
    endloop
  endfacet
  facet normal 0 -0 -1
    outer loop
      vertex 13.585 0 0
      vertex 18.5 -5.25 0
      vertex 13.5686 -0.666584 0
    endloop
  endfacet
  facet normal 0 -0 -1
    outer loop
      vertex 13.5686 -0.666584 0
      vertex 18.5 -5.25 0
      vertex 13.5196 -1.33156 0
    endloop
  endfacet
  facet normal 0 -0 -1
    outer loop
      vertex 13.5196 -1.33156 0
      vertex 18.5 -5.25 0
      vertex 13.438 -1.99333 0
    endloop
  endfacet
  facet normal 0 -0 -1
    outer loop
      vertex 13.438 -1.99333 0
      vertex 18.5 -5.25 0
      vertex 13.324 -2.6503 0
    endloop
  endfacet
  facet normal 0 0 -1
    outer loop
      vertex 18.5 -5.25 0
      vertex 13 -3.94352 0
      vertex 13.1779 -3.30089 0
    endloop
  endfacet
  facet normal 0 0 -1
    outer loop
      vertex 18.5 -5.25 0
      vertex 12.7909 -4.57665 0
      vertex 13 -3.94352 0
    endloop
  endfacet
  facet normal 0 0 -1
    outer loop
      vertex 18.5 -5.25 0
      vertex 12.5509 -5.19875 0
      vertex 12.7909 -4.57665 0
    endloop
  endfacet
  facet normal -0 0 -1
    outer loop
      vertex 18.5 -5.25 0
      vertex 12.2807 -5.80834 0
      vertex 12.5509 -5.19875 0
    endloop
  endfacet
  facet normal 0 0 -1
    outer loop
      vertex 18.5 -5.25 0
      vertex 11.9809 -6.40392 0
      vertex 12.2807 -5.80834 0
    endloop
  endfacet
  facet normal 0 0 -1
    outer loop
      vertex 18.5 -5.25 0
      vertex 11.6522 -6.98409 0
      vertex 11.9809 -6.40392 0
    endloop
  endfacet
  facet normal 0 0 -1
    outer loop
      vertex 13.7966 -13.3965 0
      vertex 11.2955 -7.54742 0
      vertex 11.6522 -6.98409 0
    endloop
  endfacet
  facet normal 0 0 -1
    outer loop
      vertex 13.7966 -13.3965 0
      vertex 10.9116 -8.09257 0
      vertex 11.2955 -7.54742 0
    endloop
  endfacet
  facet normal 0 0 -1
    outer loop
      vertex 13.7966 -13.3965 0
      vertex 10.5013 -8.61823 0
      vertex 10.9116 -8.09257 0
    endloop
  endfacet
  facet normal 0 0 -1
    outer loop
      vertex 13.7966 -13.3965 0
      vertex 10.0658 -9.12313 0
      vertex 10.5013 -8.61823 0
    endloop
  endfacet
  facet normal 0 0 -1
    outer loop
      vertex 13.7966 -13.3965 0
      vertex 9.60604 -9.60604 0
      vertex 10.0658 -9.12313 0
    endloop
  endfacet
  facet normal 0 0 -1
    outer loop
      vertex 13.7966 -13.3965 0
      vertex 9.12313 -10.0658 0
      vertex 9.60604 -9.60604 0
    endloop
  endfacet
  facet normal 0 0 -1
    outer loop
      vertex 13.7966 -13.3965 0
      vertex 8.61823 -10.5013 0
      vertex 9.12313 -10.0658 0
    endloop
  endfacet
  facet normal 0 0 -1
    outer loop
      vertex 13.7966 -13.3965 0
      vertex 8.09257 -10.9116 0
      vertex 8.61823 -10.5013 0
    endloop
  endfacet
  facet normal 0 0 -1
    outer loop
      vertex 13.7966 -13.3965 0
      vertex 7.54742 -11.2955 0
      vertex 8.09257 -10.9116 0
    endloop
  endfacet
  facet normal 0 0 -1
    outer loop
      vertex 13.7966 -13.3965 0
      vertex 6.98409 -11.6522 0
      vertex 7.54742 -11.2955 0
    endloop
  endfacet
  facet normal 0 0 -1
    outer loop
      vertex 4.70337 -18.6465 0
      vertex 6.98409 -11.6522 0
      vertex 13.7966 -13.3965 0
    endloop
  endfacet
  facet normal 0 0 -1
    outer loop
      vertex 6.98409 -11.6522 0
      vertex 4.70337 -18.6465 0
      vertex 6.40392 -11.9809 0
    endloop
  endfacet
  facet normal 0 0 -1
    outer loop
      vertex 6.40392 -11.9809 0
      vertex 4.70337 -18.6465 0
      vertex 5.80834 -12.2807 0
    endloop
  endfacet
  facet normal 0 0 -1
    outer loop
      vertex 5.80834 -12.2807 0
      vertex 4.70337 -18.6465 0
      vertex 5.19875 -12.5509 0
    endloop
  endfacet
  facet normal 0 0 -1
    outer loop
      vertex 5.19875 -12.5509 0
      vertex 4.70337 -18.6465 0
      vertex 4.57665 -12.7909 0
    endloop
  endfacet
  facet normal 0 0 -1
    outer loop
      vertex 3.94352 13 0
      vertex 4.70337 18.6465 0
      vertex 4.57665 12.7909 0
    endloop
  endfacet
  facet normal 0 0 -1
    outer loop
      vertex 3.30089 13.1779 0
      vertex 4.70337 18.6465 0
      vertex 3.94352 13 0
    endloop
  endfacet
  facet normal 0 0 -1
    outer loop
      vertex 2.6503 13.324 0
      vertex 4.70337 18.6465 0
      vertex 3.30089 13.1779 0
    endloop
  endfacet
  facet normal 0 0 -1
    outer loop
      vertex 1.99333 13.438 0
      vertex 4.70337 18.6465 0
      vertex 2.6503 13.324 0
    endloop
  endfacet
  facet normal 0 0 -1
    outer loop
      vertex 1.33156 13.5196 0
      vertex 4.70337 18.6465 0
      vertex 1.99333 13.438 0
    endloop
  endfacet
  facet normal 0 0 -1
    outer loop
      vertex 0.666584 13.5686 0
      vertex 4.70337 18.6465 0
      vertex 1.33156 13.5196 0
    endloop
  endfacet
  facet normal 0 0 -1
    outer loop
      vertex 0 13.585 0
      vertex 4.70337 18.6465 0
      vertex 0.666584 13.5686 0
    endloop
  endfacet
  facet normal -0 0 -1
    outer loop
      vertex 4.70337 18.6465 0
      vertex 0 13.585 0
      vertex -4.70337 18.6465 0
    endloop
  endfacet
  facet normal 0 0 -1
    outer loop
      vertex -4.70337 18.6465 0
      vertex 0 13.585 0
      vertex -0.666584 13.5686 0
    endloop
  endfacet
  facet normal 0 0 -1
    outer loop
      vertex -4.70337 18.6465 0
      vertex -0.666584 13.5686 0
      vertex -1.33156 13.5196 0
    endloop
  endfacet
  facet normal 0 0 -1
    outer loop
      vertex -4.70337 18.6465 0
      vertex -1.33156 13.5196 0
      vertex -1.99333 13.438 0
    endloop
  endfacet
  facet normal 0 0 -1
    outer loop
      vertex -4.70337 18.6465 0
      vertex -1.99333 13.438 0
      vertex -2.6503 13.324 0
    endloop
  endfacet
  facet normal 0 0 -1
    outer loop
      vertex -4.70337 18.6465 0
      vertex -2.6503 13.324 0
      vertex -3.30089 13.1779 0
    endloop
  endfacet
  facet normal 0 0 -1
    outer loop
      vertex -4.70337 18.6465 0
      vertex -3.30089 13.1779 0
      vertex -3.94352 13 0
    endloop
  endfacet
  facet normal 0 0 -1
    outer loop
      vertex -4.70337 18.6465 0
      vertex -3.94352 13 0
      vertex -4.57665 12.7909 0
    endloop
  endfacet
  facet normal 0 0 -1
    outer loop
      vertex 4.70337 18.6465 0
      vertex -4.70337 18.6465 0
      vertex 5.93782 20.7846 0
    endloop
  endfacet
  facet normal -0 0 -1
    outer loop
      vertex 5.93782 20.7846 0
      vertex -4.70337 18.6465 0
      vertex -5.93782 20.7846 0
    endloop
  endfacet
  facet normal -0 0 -1
    outer loop
      vertex -13.7966 13.3965 0
      vertex -18.5 5.25 0
      vertex -15.0311 15.5346 0
    endloop
  endfacet
  facet normal 0 0 -1
    outer loop
      vertex -15.0311 15.5346 0
      vertex -18.5 5.25 0
      vertex -20.9689 5.25 0
    endloop
  endfacet
  facet normal 0 0 -1
    outer loop
      vertex -5.19875 12.5509 0
      vertex -4.70337 18.6465 0
      vertex -4.57665 12.7909 0
    endloop
  endfacet
  facet normal 0 0 -1
    outer loop
      vertex -5.80834 12.2807 0
      vertex -4.70337 18.6465 0
      vertex -5.19875 12.5509 0
    endloop
  endfacet
  facet normal 0 0 -1
    outer loop
      vertex -6.40392 11.9809 0
      vertex -4.70337 18.6465 0
      vertex -5.80834 12.2807 0
    endloop
  endfacet
  facet normal 0 0 -1
    outer loop
      vertex -6.98409 11.6522 0
      vertex -4.70337 18.6465 0
      vertex -6.40392 11.9809 0
    endloop
  endfacet
  facet normal 0 0 -1
    outer loop
      vertex -13.7966 13.3965 0
      vertex -6.98409 11.6522 0
      vertex -7.54742 11.2955 0
    endloop
  endfacet
  facet normal 0 0 -1
    outer loop
      vertex -13.7966 13.3965 0
      vertex -7.54742 11.2955 0
      vertex -8.09257 10.9116 0
    endloop
  endfacet
  facet normal 0 0 -1
    outer loop
      vertex -13.7966 13.3965 0
      vertex -8.09257 10.9116 0
      vertex -8.61823 10.5013 0
    endloop
  endfacet
  facet normal 0 0 -1
    outer loop
      vertex -13.7966 13.3965 0
      vertex -8.61823 10.5013 0
      vertex -9.12313 10.0658 0
    endloop
  endfacet
  facet normal 0 0 -1
    outer loop
      vertex -13.7966 13.3965 0
      vertex -9.12313 10.0658 0
      vertex -9.60604 9.60604 0
    endloop
  endfacet
  facet normal 0 0 -1
    outer loop
      vertex -13.7966 13.3965 0
      vertex -9.60604 9.60604 0
      vertex -10.0658 9.12313 0
    endloop
  endfacet
  facet normal 0 0 -1
    outer loop
      vertex -13.7966 13.3965 0
      vertex -10.0658 9.12313 0
      vertex -10.5013 8.61823 0
    endloop
  endfacet
  facet normal 0 0 -1
    outer loop
      vertex -13.7966 13.3965 0
      vertex -10.5013 8.61823 0
      vertex -10.9116 8.09257 0
    endloop
  endfacet
  facet normal 0 0 -1
    outer loop
      vertex -13.7966 13.3965 0
      vertex -10.9116 8.09257 0
      vertex -11.2955 7.54742 0
    endloop
  endfacet
  facet normal 0 0 -1
    outer loop
      vertex -13.7966 13.3965 0
      vertex -11.2955 7.54742 0
      vertex -11.6522 6.98409 0
    endloop
  endfacet
  facet normal 0 0 -1
    outer loop
      vertex -6.98409 11.6522 0
      vertex -13.7966 13.3965 0
      vertex -4.70337 18.6465 0
    endloop
  endfacet
  facet normal 0 0 -1
    outer loop
      vertex -18.5 5.25 0
      vertex -11.6522 6.98409 0
      vertex -11.9809 6.40392 0
    endloop
  endfacet
  facet normal 0 0 -1
    outer loop
      vertex -18.5 5.25 0
      vertex -11.9809 6.40392 0
      vertex -12.2807 5.80834 0
    endloop
  endfacet
  facet normal 0 0 -1
    outer loop
      vertex -18.5 5.25 0
      vertex -12.2807 5.80834 0
      vertex -12.5509 5.19875 0
    endloop
  endfacet
  facet normal 0 0 -1
    outer loop
      vertex -18.5 5.25 0
      vertex -12.5509 5.19875 0
      vertex -12.7909 4.57665 0
    endloop
  endfacet
  facet normal 0 0 -1
    outer loop
      vertex -18.5 5.25 0
      vertex -12.7909 4.57665 0
      vertex -13 3.94352 0
    endloop
  endfacet
  facet normal 0 0 -1
    outer loop
      vertex -18.5 5.25 0
      vertex -13 3.94352 0
      vertex -13.1779 3.30089 0
    endloop
  endfacet
  facet normal 0 0 -1
    outer loop
      vertex -13.438 1.99333 0
      vertex -18.5 5.25 0
      vertex -13.324 2.6503 0
    endloop
  endfacet
  facet normal 0 0 -1
    outer loop
      vertex -13.5196 1.33156 0
      vertex -18.5 5.25 0
      vertex -13.438 1.99333 0
    endloop
  endfacet
  facet normal 0 0 -1
    outer loop
      vertex -13.5686 0.666584 0
      vertex -18.5 5.25 0
      vertex -13.5196 1.33156 0
    endloop
  endfacet
  facet normal 0 0 -1
    outer loop
      vertex -13.585 0 0
      vertex -18.5 5.25 0
      vertex -13.5686 0.666584 0
    endloop
  endfacet
  facet normal 0 0 -1
    outer loop
      vertex -18.5 5.25 0
      vertex -13.585 0 0
      vertex -18.5 -5.25 0
    endloop
  endfacet
  facet normal -0 0 -1
    outer loop
      vertex -13.5686 -0.666584 0
      vertex -18.5 -5.25 0
      vertex -13.585 0 0
    endloop
  endfacet
  facet normal 0 0 -1
    outer loop
      vertex -18.5 -5.25 0
      vertex -13.7966 -13.3965 0
      vertex -15.0311 -15.5346 0
    endloop
  endfacet
  facet normal 0 0 -1
    outer loop
      vertex -13.324 2.6503 0
      vertex -18.5 5.25 0
      vertex -13.1779 3.30089 0
    endloop
  endfacet
  facet normal -0 0 -1
    outer loop
      vertex -11.6522 6.98409 0
      vertex -18.5 5.25 0
      vertex -13.7966 13.3965 0
    endloop
  endfacet
  facet normal -0 -0 -1
    outer loop
      vertex -18.5 -5.25 0
      vertex -15.0311 -15.5346 0
      vertex -20.9689 -5.25 0
    endloop
  endfacet
  facet normal 0 0 -1
    outer loop
      vertex -4.70337 -18.6465 0
      vertex -5.19875 -12.5509 0
      vertex -4.57665 -12.7909 0
    endloop
  endfacet
  facet normal 0 0 -1
    outer loop
      vertex -4.70337 -18.6465 0
      vertex -5.80834 -12.2807 0
      vertex -5.19875 -12.5509 0
    endloop
  endfacet
  facet normal 0 0 -1
    outer loop
      vertex -4.70337 -18.6465 0
      vertex -6.40392 -11.9809 0
      vertex -5.80834 -12.2807 0
    endloop
  endfacet
  facet normal 0 0 -1
    outer loop
      vertex -4.70337 -18.6465 0
      vertex -6.98409 -11.6522 0
      vertex -6.40392 -11.9809 0
    endloop
  endfacet
  facet normal 0 0 -1
    outer loop
      vertex -13.7966 -13.3965 0
      vertex -6.98409 -11.6522 0
      vertex -4.70337 -18.6465 0
    endloop
  endfacet
  facet normal -0 0 -1
    outer loop
      vertex -6.98409 -11.6522 0
      vertex -13.7966 -13.3965 0
      vertex -7.54742 -11.2955 0
    endloop
  endfacet
  facet normal -0 0 -1
    outer loop
      vertex -7.54742 -11.2955 0
      vertex -13.7966 -13.3965 0
      vertex -8.09257 -10.9116 0
    endloop
  endfacet
  facet normal -0 0 -1
    outer loop
      vertex -8.09257 -10.9116 0
      vertex -13.7966 -13.3965 0
      vertex -8.61823 -10.5013 0
    endloop
  endfacet
  facet normal -0 0 -1
    outer loop
      vertex -8.61823 -10.5013 0
      vertex -13.7966 -13.3965 0
      vertex -9.12313 -10.0658 0
    endloop
  endfacet
  facet normal -0 0 -1
    outer loop
      vertex -9.12313 -10.0658 0
      vertex -13.7966 -13.3965 0
      vertex -9.60604 -9.60604 0
    endloop
  endfacet
  facet normal -0 0 -1
    outer loop
      vertex -9.60604 -9.60604 0
      vertex -13.7966 -13.3965 0
      vertex -10.0658 -9.12313 0
    endloop
  endfacet
  facet normal -0 0 -1
    outer loop
      vertex -10.0658 -9.12313 0
      vertex -13.7966 -13.3965 0
      vertex -10.5013 -8.61823 0
    endloop
  endfacet
  facet normal -0 0 -1
    outer loop
      vertex -10.5013 -8.61823 0
      vertex -13.7966 -13.3965 0
      vertex -10.9116 -8.09257 0
    endloop
  endfacet
  facet normal -0 0 -1
    outer loop
      vertex -10.9116 -8.09257 0
      vertex -13.7966 -13.3965 0
      vertex -11.2955 -7.54742 0
    endloop
  endfacet
  facet normal -0 0 -1
    outer loop
      vertex -13.5196 -1.33156 0
      vertex -18.5 -5.25 0
      vertex -13.5686 -0.666584 0
    endloop
  endfacet
  facet normal -0 0 -1
    outer loop
      vertex -13.438 -1.99333 0
      vertex -18.5 -5.25 0
      vertex -13.5196 -1.33156 0
    endloop
  endfacet
  facet normal -0 0 -1
    outer loop
      vertex -13.324 -2.6503 0
      vertex -18.5 -5.25 0
      vertex -13.438 -1.99333 0
    endloop
  endfacet
  facet normal -0 0 -1
    outer loop
      vertex -13.1779 -3.30089 0
      vertex -18.5 -5.25 0
      vertex -13.324 -2.6503 0
    endloop
  endfacet
  facet normal -0 0 -1
    outer loop
      vertex -13 -3.94352 0
      vertex -18.5 -5.25 0
      vertex -13.1779 -3.30089 0
    endloop
  endfacet
  facet normal -0 0 -1
    outer loop
      vertex -12.7909 -4.57665 0
      vertex -18.5 -5.25 0
      vertex -13 -3.94352 0
    endloop
  endfacet
  facet normal -0 0 -1
    outer loop
      vertex -12.5509 -5.19875 0
      vertex -18.5 -5.25 0
      vertex -12.7909 -4.57665 0
    endloop
  endfacet
  facet normal 0 0 -1
    outer loop
      vertex -12.2807 -5.80834 0
      vertex -18.5 -5.25 0
      vertex -12.5509 -5.19875 0
    endloop
  endfacet
  facet normal 0 0 -1
    outer loop
      vertex -11.9809 -6.40392 0
      vertex -18.5 -5.25 0
      vertex -12.2807 -5.80834 0
    endloop
  endfacet
  facet normal 0 0 -1
    outer loop
      vertex -11.6522 -6.98409 0
      vertex -18.5 -5.25 0
      vertex -11.9809 -6.40392 0
    endloop
  endfacet
  facet normal 0 0 -1
    outer loop
      vertex -18.5 -5.25 0
      vertex -11.6522 -6.98409 0
      vertex -13.7966 -13.3965 0
    endloop
  endfacet
  facet normal -0 0 -1
    outer loop
      vertex -11.2955 -7.54742 0
      vertex -13.7966 -13.3965 0
      vertex -11.6522 -6.98409 0
    endloop
  endfacet
  facet normal -0.823678 0.475552 -0.308876
    outer loop
      vertex -23.9689 5.25 8
      vertex -16.1522 17.4764 5.97927
      vertex -21.6425 5.25 1.7962
    endloop
  endfacet
  facet normal -0.823675 0.475547 -0.308894
    outer loop
      vertex -16.1522 17.4764 5.97927
      vertex -23.9689 5.25 8
      vertex -16.5311 18.1327 8
    endloop
  endfacet
  facet normal -0.823675 0.475548 -0.30889
    outer loop
      vertex -21.6425 5.25 1.7962
      vertex -15.0311 15.5346 0
      vertex -20.9689 5.25 0
    endloop
  endfacet
  facet normal -0.823678 0.475552 -0.308876
    outer loop
      vertex -15.0311 15.5346 0
      vertex -21.6425 5.25 1.7962
      vertex -16.1522 17.4764 5.97927
    endloop
  endfacet
  facet normal 0 1 -0
    outer loop
      vertex 7.43782 23.3827 8
      vertex -7.43782 23.3827 16
      vertex 7.43782 23.3827 16
    endloop
  endfacet
  facet normal 0 1 0
    outer loop
      vertex -7.43782 23.3827 16
      vertex 7.43782 23.3827 8
      vertex -7.43782 23.3827 8
    endloop
  endfacet
  facet normal 3.22836e-06 0.983213 0.182462
    outer loop
      vertex 8.28739 21.0427 28.6094
      vertex 9.75 16.8875 51
      vertex 11.9592 20.7139 30.3811
    endloop
  endfacet
  facet normal -8.40345e-06 0.983213 0.182463
    outer loop
      vertex 6.17851 21.2015 27.7536
      vertex 9.75 16.8875 51
      vertex 8.28739 21.0427 28.6094
    endloop
  endfacet
  facet normal 0 0.983213 0.182462
    outer loop
      vertex 9.75 16.8875 51
      vertex 6.17851 21.2015 27.7536
      vertex -9.75 16.8875 51
    endloop
  endfacet
  facet normal -3.22836e-06 0.983213 0.182462
    outer loop
      vertex -9.75 16.8875 51
      vertex -8.28739 21.0427 28.6094
      vertex -11.9592 20.7139 30.3811
    endloop
  endfacet
  facet normal -0 0.983213 0.182462
    outer loop
      vertex -6.17851 21.2015 27.7536
      vertex -9.75 16.8875 51
      vertex 6.17851 21.2015 27.7536
    endloop
  endfacet
  facet normal 8.40345e-06 0.983213 0.182463
    outer loop
      vertex -9.75 16.8875 51
      vertex -6.17851 21.2015 27.7536
      vertex -8.28739 21.0427 28.6094
    endloop
  endfacet
  facet normal 0 0.983213 0.182463
    outer loop
      vertex 7.1764 22.9299 18.44
      vertex -6.17851 21.2015 27.7536
      vertex 6.17851 21.2015 27.7536
    endloop
  endfacet
  facet normal 0 0.983213 0.182463
    outer loop
      vertex 7.1764 22.9299 18.44
      vertex -7.1764 22.9299 18.44
      vertex -6.17851 21.2015 27.7536
    endloop
  endfacet
  facet normal 0 0.983214 0.182459
    outer loop
      vertex 7.43782 23.3827 16
      vertex -7.1764 22.9299 18.44
      vertex 7.1764 22.9299 18.44
    endloop
  endfacet
  facet normal 0 0.983214 0.182459
    outer loop
      vertex -7.1764 22.9299 18.44
      vertex 7.43782 23.3827 16
      vertex -7.43782 23.3827 16
    endloop
  endfacet
  facet normal 1.39061e-05 0.996993 -0.0774861
    outer loop
      vertex 13.8352 23.9633 142.042
      vertex 10.2322 25.9808 168
      vertex 14.8544 25.8497 166.314
    endloop
  endfacet
  facet normal 0 0.996993 -0.0774855
    outer loop
      vertex 10.2322 25.9808 168
      vertex 7.69525 23.8286 140.308
      vertex -10.2322 25.9808 168
    endloop
  endfacet
  facet normal 0.000192961 0.996993 -0.0774936
    outer loop
      vertex 13.8352 23.9633 142.042
      vertex 14.8544 25.8497 166.314
      vertex 14.9225 25.8465 166.273
    endloop
  endfacet
  facet normal 0 0.996993 -0.0774855
    outer loop
      vertex -7.69525 23.8286 140.308
      vertex -10.2322 25.9808 168
      vertex 7.69525 23.8286 140.308
    endloop
  endfacet
  facet normal -2.51297e-06 0.996993 -0.0774884
    outer loop
      vertex 10.2322 25.9808 168
      vertex 13.8352 23.9633 142.042
      vertex 11.6153 23.8935 141.144
    endloop
  endfacet
  facet normal -1.90007e-05 0.996993 -0.0774873
    outer loop
      vertex -11.6153 23.8935 141.144
      vertex -10.2322 25.9808 168
      vertex -7.69525 23.8286 140.308
    endloop
  endfacet
  facet normal 1.90007e-05 0.996993 -0.0774873
    outer loop
      vertex 10.2322 25.9808 168
      vertex 11.6153 23.8935 141.144
      vertex 7.69525 23.8286 140.308
    endloop
  endfacet
  facet normal 2.51297e-06 0.996993 -0.0774884
    outer loop
      vertex -13.8352 23.9633 142.042
      vertex -10.2322 25.9808 168
      vertex -11.6153 23.8935 141.144
    endloop
  endfacet
  facet normal -1.39061e-05 0.996993 -0.0774861
    outer loop
      vertex -10.2322 25.9808 168
      vertex -13.8352 23.9633 142.042
      vertex -14.8544 25.8497 166.314
    endloop
  endfacet
  facet normal -0.000192961 0.996993 -0.0774936
    outer loop
      vertex -14.8544 25.8497 166.314
      vertex -13.8352 23.9633 142.042
      vertex -14.9225 25.8465 166.273
    endloop
  endfacet
  facet normal 0 0.996993 -0.0774863
    outer loop
      vertex 6.88482 22.4249 122.247
      vertex -7.69525 23.8286 140.308
      vertex 7.69525 23.8286 140.308
    endloop
  endfacet
  facet normal 0 0.996993 -0.0774863
    outer loop
      vertex 6.88482 22.4249 122.247
      vertex -6.88482 22.4249 122.247
      vertex -7.69525 23.8286 140.308
    endloop
  endfacet
  facet normal 0 0.996993 -0.0774928
    outer loop
      vertex 6.38862 21.5654 111.189
      vertex -6.88482 22.4249 122.247
      vertex 6.88482 22.4249 122.247
    endloop
  endfacet
  facet normal 0 0.996993 -0.0774928
    outer loop
      vertex 6.38862 21.5654 111.189
      vertex -6.38862 21.5654 111.189
      vertex -6.88482 22.4249 122.247
    endloop
  endfacet
  facet normal 0 0.996993 -0.0774865
    outer loop
      vertex 5.0293 19.211 80.8957
      vertex -6.38862 21.5654 111.189
      vertex 6.38862 21.5654 111.189
    endloop
  endfacet
  facet normal 0 0.996993 -0.0774865
    outer loop
      vertex 5.0293 19.211 80.8957
      vertex -5.0293 19.211 80.8957
      vertex -6.38862 21.5654 111.189
    endloop
  endfacet
  facet normal 9.59829e-06 0.996994 -0.077485
    outer loop
      vertex 9.75 16.8875 51
      vertex 5.0293 19.211 80.8957
      vertex 8.84435 19.1875 80.5938
    endloop
  endfacet
  facet normal 0 0.996993 -0.0774865
    outer loop
      vertex 5.0293 19.211 80.8957
      vertex 9.75 16.8875 51
      vertex -5.0293 19.211 80.8957
    endloop
  endfacet
  facet normal -2.48434e-05 0.996993 -0.0774861
    outer loop
      vertex 9.75 16.8875 51
      vertex 8.84435 19.1875 80.5938
      vertex 11.0631 19.1619 80.2637
    endloop
  endfacet
  facet normal 0 0.996993 -0.0774865
    outer loop
      vertex -9.75 16.8875 51
      vertex -5.0293 19.211 80.8957
      vertex 9.75 16.8875 51
    endloop
  endfacet
  facet normal -9.59829e-06 0.996994 -0.077485
    outer loop
      vertex -5.0293 19.211 80.8957
      vertex -9.75 16.8875 51
      vertex -8.84435 19.1875 80.5938
    endloop
  endfacet
  facet normal 2.48434e-05 0.996993 -0.0774861
    outer loop
      vertex -8.84435 19.1875 80.5938
      vertex -9.75 16.8875 51
      vertex -11.0631 19.1619 80.2637
    endloop
  endfacet
  facet normal 5.51675e-06 0.992014 0.126131
    outer loop
      vertex 6.49139 21.0873 206.489
      vertex 11.75 20.3516 212.275
      vertex 11.9031 20.6167 210.19
    endloop
  endfacet
  facet normal -0.000533984 0.991952 0.126614
    outer loop
      vertex 6.12635 21.1111 206.301
      vertex 11.75 20.3516 212.275
      vertex 6.49139 21.0873 206.489
    endloop
  endfacet
  facet normal 0 0.992015 0.126119
    outer loop
      vertex 11.75 20.3516 212.275
      vertex 6.12635 21.1111 206.301
      vertex -11.75 20.3516 212.275
    endloop
  endfacet
  facet normal -5.51675e-06 0.992014 0.126131
    outer loop
      vertex -11.75 20.3516 212.275
      vertex -6.49139 21.0873 206.489
      vertex -11.9031 20.6167 210.19
    endloop
  endfacet
  facet normal -0 0.992015 0.126119
    outer loop
      vertex -6.12635 21.1111 206.301
      vertex -11.75 20.3516 212.275
      vertex 6.12635 21.1111 206.301
    endloop
  endfacet
  facet normal 0.000533984 0.991952 0.126614
    outer loop
      vertex -11.75 20.3516 212.275
      vertex -6.12635 21.1111 206.301
      vertex -6.49139 21.0873 206.489
    endloop
  endfacet
  facet normal 0 0.992014 0.126129
    outer loop
      vertex 7.09498 22.7889 193.105
      vertex -6.12635 21.1111 206.301
      vertex 6.12635 21.1111 206.301
    endloop
  endfacet
  facet normal 0 0.992014 0.126129
    outer loop
      vertex 7.09498 22.7889 193.105
      vertex -7.09498 22.7889 193.105
      vertex -6.12635 21.1111 206.301
    endloop
  endfacet
  facet normal 0 0.992014 0.126127
    outer loop
      vertex 8.89674 25.9096 168.56
      vertex -7.09498 22.7889 193.105
      vertex 7.09498 22.7889 193.105
    endloop
  endfacet
  facet normal 0 0.992014 0.126127
    outer loop
      vertex 8.89674 25.9096 168.56
      vertex -8.89674 25.9096 168.56
      vertex -7.09498 22.7889 193.105
    endloop
  endfacet
  facet normal 0 0.992014 0.126127
    outer loop
      vertex 10.2322 25.9808 168
      vertex -8.89674 25.9096 168.56
      vertex 8.89674 25.9096 168.56
    endloop
  endfacet
  facet normal 0 0.992014 0.126127
    outer loop
      vertex -8.89674 25.9096 168.56
      vertex 10.2322 25.9808 168
      vertex -10.2322 25.9808 168
    endloop
  endfacet
  facet normal 0 0.970725 0.240192
    outer loop
      vertex 11.75 20.3516 212.275
      vertex -9.75 16.8875 226.275
      vertex 9.75 16.8875 226.275
    endloop
  endfacet
  facet normal 0 0.970725 0.240192
    outer loop
      vertex -9.75 16.8875 226.275
      vertex 11.75 20.3516 212.275
      vertex -11.75 20.3516 212.275
    endloop
  endfacet
  facet normal 0 0.764056 0.64515
    outer loop
      vertex 0 0 246.275
      vertex 9.75 16.8875 226.275
      vertex -9.75 16.8875 226.275
    endloop
  endfacet
  facet normal 0 0.9511 -0.308882
    outer loop
      vertex 5.93782 20.7846 0
      vertex -7.43782 23.3827 8
      vertex 7.43782 23.3827 8
    endloop
  endfacet
  facet normal 0 0.9511 -0.308882
    outer loop
      vertex -7.43782 23.3827 8
      vertex 5.93782 20.7846 0
      vertex -5.93782 20.7846 0
    endloop
  endfacet
  facet normal 0.866026 0.499998 0
    outer loop
      vertex 23.9689 5.25 16
      vertex 16.5311 18.1327 8
      vertex 16.5311 18.1327 16
    endloop
  endfacet
  facet normal 0.866026 0.499998 0
    outer loop
      vertex 16.5311 18.1327 8
      vertex 23.9689 5.25 16
      vertex 23.9689 5.25 8
    endloop
  endfacet
  facet normal 0.851493 0.491596 0.182462
    outer loop
      vertex 9.75 16.8875 51
      vertex 14.0798 17.6984 28.6094
      vertex 11.9592 20.7139 30.3811
    endloop
  endfacet
  facet normal 0.851479 0.491622 0.18246
    outer loop
      vertex 9.75 16.8875 51
      vertex 15.2718 15.9515 27.7536
      vertex 14.0798 17.6984 28.6094
    endloop
  endfacet
  facet normal 0.851487 0.491606 0.182463
    outer loop
      vertex 15.2718 15.9515 27.7536
      vertex 9.75 16.8875 51
      vertex 19.5 0 51
    endloop
  endfacet
  facet normal 0.851486 0.491608 0.182464
    outer loop
      vertex 15.3653 16.1135 26.8808
      vertex 15.2718 15.9515 27.7536
      vertex 19.5 0 51
    endloop
  endfacet
  facet normal 0.851488 0.491606 0.182462
    outer loop
      vertex 19.5 0 51
      vertex 21.4503 5.25 27.7536
      vertex 15.3653 16.1135 26.8808
    endloop
  endfacet
  facet normal 0.851487 0.491607 0.182462
    outer loop
      vertex 21.4503 5.25 27.7536
      vertex 19.5 0 51
      vertex 22.3672 3.34425 28.6094
    endloop
  endfacet
  facet normal 0.851494 0.491596 0.182461
    outer loop
      vertex 22.3672 3.34425 28.6094
      vertex 19.5 0 51
      vertex 23.9183 0 30.3811
    endloop
  endfacet
  facet normal 0.851488 0.491606 0.18246
    outer loop
      vertex 23.9689 5.25 16
      vertex 15.3653 16.1135 26.8808
      vertex 21.4503 5.25 27.7536
    endloop
  endfacet
  facet normal 0.851489 0.491603 0.182463
    outer loop
      vertex 15.3653 16.1135 26.8808
      vertex 23.9689 5.25 16
      vertex 16.2697 17.6799 18.44
    endloop
  endfacet
  facet normal 0.85149 0.491606 0.18245
    outer loop
      vertex 16.2697 17.6799 18.44
      vertex 23.9689 5.25 16
      vertex 16.5311 18.1327 16
    endloop
  endfacet
  facet normal 0.863295 0.498879 -0.0764301
    outer loop
      vertex 17.3839 21.8517 168
      vertex 14.9225 25.8465 166.273
      vertex 14.9593 25.7891 166.314
    endloop
  endfacet
  facet normal 0.86342 0.498499 -0.0774863
    outer loop
      vertex 14.9225 25.8465 166.273
      vertex 17.3839 21.8517 168
      vertex 13.8352 23.9633 142.042
    endloop
  endfacet
  facet normal 0.863424 0.498492 -0.0774874
    outer loop
      vertex 13.8352 23.9633 142.042
      vertex 17.3839 21.8517 168
      vertex 14.8847 22.0059 141.144
    endloop
  endfacet
  facet normal 0.863414 0.498511 -0.0774863
    outer loop
      vertex 17.3839 21.8517 168
      vertex 16.7885 18.5786 140.308
      vertex 14.8847 22.0059 141.144
    endloop
  endfacet
  facet normal 0.863422 0.498496 -0.077485
    outer loop
      vertex 23.7047 5.25 131.627
      vertex 15.9781 17.1749 122.247
      vertex 16.7885 18.5786 140.308
    endloop
  endfacet
  facet normal 0.863424 0.498492 -0.0774901
    outer loop
      vertex 15.9781 17.1749 122.247
      vertex 23.7047 5.25 131.627
      vertex 15.4819 16.3154 111.189
    endloop
  endfacet
  facet normal 0.863421 0.498498 -0.07749
    outer loop
      vertex 23.7047 5.25 131.627
      vertex 16.7885 18.5786 140.308
      vertex 24.4838 5.25 140.308
    endloop
  endfacet
  facet normal 0.863421 0.498498 -0.077485
    outer loop
      vertex 27.6161 4.12907 168
      vertex 16.7885 18.5786 140.308
      vertex 17.3839 21.8517 168
    endloop
  endfacet
  facet normal 0.863421 0.498498 -0.0774849
    outer loop
      vertex 16.7885 18.5786 140.308
      vertex 27.6161 4.12907 168
      vertex 24.4838 5.25 140.308
    endloop
  endfacet
  facet normal 0.863435 0.498474 -0.0774875
    outer loop
      vertex 27.6161 4.12907 168
      vertex 25.2631 3.95034 140.631
      vertex 24.4838 5.25 140.308
    endloop
  endfacet
  facet normal 0.863423 0.498494 -0.0774866
    outer loop
      vertex 25.2631 3.95034 140.631
      vertex 27.6161 4.12907 168
      vertex 29.7205 0.233075 166.385
    endloop
  endfacet
  facet normal 0.863424 0.498492 -0.0774862
    outer loop
      vertex 12.1947 17.2532 80.5938
      vertex 9.75 16.8875 51
      vertex 11.0631 19.1619 80.2637
    endloop
  endfacet
  facet normal 0.863416 0.498507 -0.0774857
    outer loop
      vertex 14.1226 13.961 80.8957
      vertex 9.75 16.8875 51
      vertex 12.1947 17.2532 80.5938
    endloop
  endfacet
  facet normal 0.863421 0.498498 -0.0774862
    outer loop
      vertex 15.4819 16.3154 111.189
      vertex 23.7047 5.25 131.627
      vertex 14.1226 13.961 80.8957
    endloop
  endfacet
  facet normal 0.863428 0.498484 -0.0774898
    outer loop
      vertex 14.1226 13.961 80.8957
      vertex 23.7047 5.25 131.627
      vertex 9.75 16.8875 51
    endloop
  endfacet
  facet normal 0.86342 0.498499 -0.0774863
    outer loop
      vertex 19.1519 5.25 80.8957
      vertex 9.75 16.8875 51
      vertex 23.7047 5.25 131.627
    endloop
  endfacet
  facet normal 0.863423 0.498495 -0.0774874
    outer loop
      vertex 19.5 0 51
      vertex 19.1519 5.25 80.8957
      vertex 21.0391 1.93433 80.5938
    endloop
  endfacet
  facet normal 0.863434 0.498476 -0.0774868
    outer loop
      vertex 19.5 0 51
      vertex 21.0391 1.93433 80.5938
      vertex 22.1262 0 80.2637
    endloop
  endfacet
  facet normal 0.863422 0.498497 -0.0774877
    outer loop
      vertex 19.1519 5.25 80.8957
      vertex 19.5 0 51
      vertex 9.75 16.8875 51
    endloop
  endfacet
  facet normal 0.863427 0.498487 -0.0774883
    outer loop
      vertex 27.6704 0 142.042
      vertex 25.2631 3.95034 140.631
      vertex 29.7205 0.233075 166.385
    endloop
  endfacet
  facet normal 0.863898 0.49792 -0.0758685
    outer loop
      vertex 29.845 0 166.273
      vertex 29.7205 0.233075 166.385
      vertex 29.8137 0.0605532 166.314
    endloop
  endfacet
  facet normal 0.863445 0.498456 -0.0774895
    outer loop
      vertex 27.6704 0 142.042
      vertex 29.7205 0.233075 166.385
      vertex 29.845 0 166.273
    endloop
  endfacet
  facet normal 0.863438 0.49845 -0.0776101
    outer loop
      vertex 25.2631 3.95034 140.631
      vertex 27.6704 0 142.042
      vertex 26.5 1.8876 141.144
    endloop
  endfacet
  facet normal 0.859119 0.495985 0.126147
    outer loop
      vertex 11.75 20.3516 212.275
      vertex 15.0164 16.1653 206.489
      vertex 11.9031 20.6167 210.19
    endloop
  endfacet
  facet normal 0.859163 0.495884 0.126244
    outer loop
      vertex 11.75 20.3516 212.275
      vertex 15.2196 15.8611 206.301
      vertex 15.0164 16.1653 206.489
    endloop
  endfacet
  facet normal 0.859108 0.496013 0.126116
    outer loop
      vertex 11.75 20.3516 212.275
      vertex 21.346 5.25 206.301
      vertex 15.2196 15.8611 206.301
    endloop
  endfacet
  facet normal 0.85911 0.495997 0.126158
    outer loop
      vertex 11.75 20.3516 212.275
      vertex 21.5078 4.92193 206.489
      vertex 21.346 5.25 206.301
    endloop
  endfacet
  facet normal 0.859109 0.496007 0.126131
    outer loop
      vertex 23.5 0 212.275
      vertex 21.5078 4.92193 206.489
      vertex 11.75 20.3516 212.275
    endloop
  endfacet
  facet normal 0.859113 0.496001 0.126125
    outer loop
      vertex 21.5078 4.92193 206.489
      vertex 23.5 0 212.275
      vertex 22.7835 2.19002 208.543
    endloop
  endfacet
  facet normal 0.859109 0.496008 0.126124
    outer loop
      vertex 21.7824 5.25 203.328
      vertex 16.1882 17.5389 193.105
      vertex 15.2196 15.8611 206.301
    endloop
  endfacet
  facet normal 0.859109 0.496013 0.126107
    outer loop
      vertex 21.7824 5.25 203.328
      vertex 15.2196 15.8611 206.301
      vertex 21.346 5.25 206.301
    endloop
  endfacet
  facet normal 0.859109 0.496008 0.126124
    outer loop
      vertex 16.1882 17.5389 193.105
      vertex 21.7824 5.25 203.328
      vertex 17.1927 19.2786 179.421
    endloop
  endfacet
  facet normal 0.859077 0.496054 0.126163
    outer loop
      vertex 23.5 0 212.275
      vertex 23.8062 0 210.19
      vertex 22.7835 2.19002 208.543
    endloop
  endfacet
  facet normal 0.859105 0.496014 0.126128
    outer loop
      vertex 26.8868 5.25 168.56
      vertex 17.1927 19.2786 179.421
      vertex 21.7824 5.25 203.328
    endloop
  endfacet
  facet normal 0.859107 0.496009 0.126135
    outer loop
      vertex 17.1927 19.2786 179.421
      vertex 26.8868 5.25 168.56
      vertex 17.99 20.6596 168.56
    endloop
  endfacet
  facet normal 0.859123 0.496018 0.125994
    outer loop
      vertex 27.6161 4.12907 168
      vertex 17.99 20.6596 168.56
      vertex 26.8868 5.25 168.56
    endloop
  endfacet
  facet normal 0.859117 0.496013 0.126047
    outer loop
      vertex 17.99 20.6596 168.56
      vertex 27.6161 4.12907 168
      vertex 17.3839 21.8517 168
    endloop
  endfacet
  facet normal 0.840673 0.485363 0.240192
    outer loop
      vertex 19.5 0 226.275
      vertex 11.75 20.3516 212.275
      vertex 9.75 16.8875 226.275
    endloop
  endfacet
  facet normal 0.840673 0.485363 0.240192
    outer loop
      vertex 19.5 0 226.275
      vertex 23.5 0 212.275
      vertex 11.75 20.3516 212.275
    endloop
  endfacet
  facet normal 0.661692 0.382028 0.64515
    outer loop
      vertex 19.5 0 226.275
      vertex 9.75 16.8875 226.275
      vertex 0 0 246.275
    endloop
  endfacet
  facet normal 0.823676 0.475548 -0.308889
    outer loop
      vertex 23.2111 5.25 5.97927
      vertex 16.5311 18.1327 8
      vertex 23.9689 5.25 8
    endloop
  endfacet
  facet normal 0.823679 0.475548 -0.308881
    outer loop
      vertex 16.5311 18.1327 8
      vertex 23.2111 5.25 5.97927
      vertex 15.3679 16.1179 1.7962
    endloop
  endfacet
  facet normal 0.823679 0.47555 -0.308876
    outer loop
      vertex 20.9689 5.25 0
      vertex 15.3679 16.1179 1.7962
      vertex 23.2111 5.25 5.97927
    endloop
  endfacet
  facet normal 0.823679 0.47555 -0.308876
    outer loop
      vertex 15.3679 16.1179 1.7962
      vertex 20.9689 5.25 0
      vertex 15.0311 15.5346 0
    endloop
  endfacet
  facet normal 0.866026 -0.499998 0
    outer loop
      vertex 16.5311 -18.1327 16
      vertex 23.9689 -5.25 8
      vertex 23.9689 -5.25 16
    endloop
  endfacet
  facet normal 0.866026 -0.499998 0
    outer loop
      vertex 23.9689 -5.25 8
      vertex 16.5311 -18.1327 16
      vertex 16.5311 -18.1327 8
    endloop
  endfacet
  facet normal 0.851494 -0.491596 0.182461
    outer loop
      vertex 19.5 0 51
      vertex 22.3672 -3.34425 28.6094
      vertex 23.9183 0 30.3811
    endloop
  endfacet
  facet normal 0.851487 -0.491606 0.182462
    outer loop
      vertex 9.75 -16.8875 51
      vertex 22.3672 -3.34425 28.6094
      vertex 19.5 0 51
    endloop
  endfacet
  facet normal 0.851468 -0.491652 0.18243
    outer loop
      vertex 21.4503 -5.25 27.7536
      vertex 9.75 -16.8875 51
      vertex 21.6373 -5.25 26.8808
    endloop
  endfacet
  facet normal 0.851487 -0.491607 0.182462
    outer loop
      vertex 22.3672 -3.34425 28.6094
      vertex 9.75 -16.8875 51
      vertex 21.4503 -5.25 27.7536
    endloop
  endfacet
  facet normal 0.851489 -0.491604 0.182463
    outer loop
      vertex 16.2697 -17.6799 18.44
      vertex 21.6373 -5.25 26.8808
      vertex 15.2718 -15.9515 27.7536
    endloop
  endfacet
  facet normal 0.851489 -0.491604 0.182463
    outer loop
      vertex 9.75 -16.8875 51
      vertex 15.2718 -15.9515 27.7536
      vertex 21.6373 -5.25 26.8808
    endloop
  endfacet
  facet normal 0.851479 -0.491622 0.18246
    outer loop
      vertex 9.75 -16.8875 51
      vertex 14.0798 -17.6984 28.6094
      vertex 15.2718 -15.9515 27.7536
    endloop
  endfacet
  facet normal 0.851493 -0.491596 0.182462
    outer loop
      vertex 14.0798 -17.6984 28.6094
      vertex 9.75 -16.8875 51
      vertex 11.9592 -20.7139 30.3811
    endloop
  endfacet
  facet normal 0.851489 -0.491603 0.182462
    outer loop
      vertex 21.6373 -5.25 26.8808
      vertex 16.2697 -17.6799 18.44
      vertex 23.9689 -5.25 16
    endloop
  endfacet
  facet normal 0.85149 -0.491606 0.18245
    outer loop
      vertex 23.9689 -5.25 16
      vertex 16.2697 -17.6799 18.44
      vertex 16.5311 -18.1327 16
    endloop
  endfacet
  facet normal 0.86369 -0.498194 -0.0764329
    outer loop
      vertex 27.6161 -4.12907 168
      vertex 29.845 0 166.273
      vertex 29.8137 -0.0605532 166.314
    endloop
  endfacet
  facet normal 0.863421 -0.498498 -0.0774873
    outer loop
      vertex 29.845 0 166.273
      vertex 26.5 -1.8876 141.144
      vertex 27.6704 0 142.042
    endloop
  endfacet
  facet normal 0.863425 -0.498491 -0.0774856
    outer loop
      vertex 29.845 0 166.273
      vertex 27.6161 -4.12907 168
      vertex 24.4838 -5.25 140.308
    endloop
  endfacet
  facet normal 0.863434 -0.498475 -0.0774907
    outer loop
      vertex 29.845 0 166.273
      vertex 24.4838 -5.25 140.308
      vertex 26.5 -1.8876 141.144
    endloop
  endfacet
  facet normal 0.86342 -0.4985 -0.0774868
    outer loop
      vertex 24.4838 -5.25 140.308
      vertex 16.399 -17.9038 131.627
      vertex 19.1519 -5.25 80.8957
    endloop
  endfacet
  facet normal 0.863421 -0.498498 -0.0774849
    outer loop
      vertex 16.7885 -18.5786 140.308
      vertex 24.4838 -5.25 140.308
      vertex 27.6161 -4.12907 168
    endloop
  endfacet
  facet normal 0.863421 -0.498498 -0.0774898
    outer loop
      vertex 24.4838 -5.25 140.308
      vertex 16.7885 -18.5786 140.308
      vertex 16.399 -17.9038 131.627
    endloop
  endfacet
  facet normal 0.863421 -0.498498 -0.077485
    outer loop
      vertex 17.3839 -21.8517 168
      vertex 16.7885 -18.5786 140.308
      vertex 27.6161 -4.12907 168
    endloop
  endfacet
  facet normal 0.863401 -0.498532 -0.0774886
    outer loop
      vertex 16.7885 -18.5786 140.308
      vertex 17.3839 -21.8517 168
      vertex 16.0526 -19.9033 140.631
    endloop
  endfacet
  facet normal 0.863425 -0.498491 -0.0774868
    outer loop
      vertex 16.0526 -19.9033 140.631
      vertex 17.3839 -21.8517 168
      vertex 15.0621 -25.6222 166.385
    endloop
  endfacet
  facet normal 0.863434 -0.498476 -0.0774868
    outer loop
      vertex 21.0391 -1.93433 80.5938
      vertex 19.5 0 51
      vertex 22.1262 0 80.2637
    endloop
  endfacet
  facet normal 0.863423 -0.498495 -0.0774874
    outer loop
      vertex 19.1519 -5.25 80.8957
      vertex 19.5 0 51
      vertex 21.0391 -1.93433 80.5938
    endloop
  endfacet
  facet normal 0.863411 -0.498515 -0.077491
    outer loop
      vertex 19.5 0 51
      vertex 19.1519 -5.25 80.8957
      vertex 16.399 -17.9038 131.627
    endloop
  endfacet
  facet normal 0.863423 -0.498494 -0.0774859
    outer loop
      vertex 19.5 0 51
      vertex 15.4819 -16.3154 111.189
      vertex 14.1226 -13.961 80.8957
    endloop
  endfacet
  facet normal 0.863414 -0.49851 -0.077491
    outer loop
      vertex 19.5 0 51
      vertex 15.9781 -17.1749 122.247
      vertex 15.4819 -16.3154 111.189
    endloop
  endfacet
  facet normal 0.86344 -0.498466 -0.0774791
    outer loop
      vertex 15.9781 -17.1749 122.247
      vertex 19.5 0 51
      vertex 16.399 -17.9038 131.627
    endloop
  endfacet
  facet normal 0.863422 -0.498497 -0.0774876
    outer loop
      vertex 14.1226 -13.961 80.8957
      vertex 9.75 -16.8875 51
      vertex 19.5 0 51
    endloop
  endfacet
  facet normal 0.863416 -0.498507 -0.0774857
    outer loop
      vertex 12.1947 -17.2532 80.5938
      vertex 9.75 -16.8875 51
      vertex 14.1226 -13.961 80.8957
    endloop
  endfacet
  facet normal 0.863424 -0.498492 -0.0774862
    outer loop
      vertex 9.75 -16.8875 51
      vertex 12.1947 -17.2532 80.5938
      vertex 11.0631 -19.1619 80.2637
    endloop
  endfacet
  facet normal 0.863415 -0.498502 -0.0775216
    outer loop
      vertex 16.0526 -19.9033 140.631
      vertex 13.8352 -23.9633 142.042
      vertex 14.8847 -22.0059 141.144
    endloop
  endfacet
  facet normal 0.863423 -0.498495 -0.0774878
    outer loop
      vertex 15.0621 -25.6222 166.385
      vertex 13.8352 -23.9633 142.042
      vertex 16.0526 -19.9033 140.631
    endloop
  endfacet
  facet normal 0.863007 -0.499562 -0.0752149
    outer loop
      vertex 14.9225 -25.8465 166.273
      vertex 15.0621 -25.6222 166.385
      vertex 14.9593 -25.7891 166.314
    endloop
  endfacet
  facet normal 0.863342 -0.498633 -0.0774932
    outer loop
      vertex 15.0621 -25.6222 166.385
      vertex 14.9225 -25.8465 166.273
      vertex 13.8352 -23.9633 142.042
    endloop
  endfacet
  facet normal 0.859087 -0.496037 0.126164
    outer loop
      vertex 23.5 0 212.275
      vertex 21.5078 -4.92193 206.489
      vertex 23.8062 0 210.19
    endloop
  endfacet
  facet normal 0.859109 -0.496007 0.126131
    outer loop
      vertex 11.75 -20.3516 212.275
      vertex 21.5078 -4.92193 206.489
      vertex 23.5 0 212.275
    endloop
  endfacet
  facet normal 0.859108 -0.496012 0.126118
    outer loop
      vertex 15.4378 -16.2391 203.328
      vertex 21.346 -5.25 206.301
      vertex 15.2196 -15.8611 206.301
    endloop
  endfacet
  facet normal 0.85911 -0.495997 0.126158
    outer loop
      vertex 21.5078 -4.92193 206.489
      vertex 11.75 -20.3516 212.275
      vertex 21.346 -5.25 206.301
    endloop
  endfacet
  facet normal 0.859108 -0.496013 0.126116
    outer loop
      vertex 21.346 -5.25 206.301
      vertex 11.75 -20.3516 212.275
      vertex 15.2196 -15.8611 206.301
    endloop
  endfacet
  facet normal 0.859163 -0.495884 0.126244
    outer loop
      vertex 15.2196 -15.8611 206.301
      vertex 11.75 -20.3516 212.275
      vertex 15.0164 -16.1653 206.489
    endloop
  endfacet
  facet normal 0.859129 -0.495963 0.126168
    outer loop
      vertex 15.0164 -16.1653 206.489
      vertex 11.75 -20.3516 212.275
      vertex 13.2884 -18.6361 208.543
    endloop
  endfacet
  facet normal 0.859107 -0.496013 0.126121
    outer loop
      vertex 21.346 -5.25 206.301
      vertex 15.4378 -16.2391 203.328
      vertex 25.2921 -5.25 179.421
    endloop
  endfacet
  facet normal 0.859114 -0.495994 0.126148
    outer loop
      vertex 11.9031 -20.6167 210.19
      vertex 13.2884 -18.6361 208.543
      vertex 11.75 -20.3516 212.275
    endloop
  endfacet
  facet normal 0.859111 -0.496005 0.126126
    outer loop
      vertex 16.1882 -17.5389 193.105
      vertex 25.2921 -5.25 179.421
      vertex 15.4378 -16.2391 203.328
    endloop
  endfacet
  facet normal 0.859112 -0.496003 0.126128
    outer loop
      vertex 17.99 -20.6596 168.56
      vertex 25.2921 -5.25 179.421
      vertex 16.1882 -17.5389 193.105
    endloop
  endfacet
  facet normal 0.859106 -0.496009 0.126141
    outer loop
      vertex 25.2921 -5.25 179.421
      vertex 17.99 -20.6596 168.56
      vertex 26.8868 -5.25 168.56
    endloop
  endfacet
  facet normal 0.859123 -0.496018 0.125994
    outer loop
      vertex 17.99 -20.6596 168.56
      vertex 27.6161 -4.12907 168
      vertex 26.8868 -5.25 168.56
    endloop
  endfacet
  facet normal 0.859117 -0.496013 0.126047
    outer loop
      vertex 27.6161 -4.12907 168
      vertex 17.99 -20.6596 168.56
      vertex 17.3839 -21.8517 168
    endloop
  endfacet
  facet normal 0.840673 -0.485363 0.240192
    outer loop
      vertex 23.5 0 212.275
      vertex 19.5 0 226.275
      vertex 9.75 -16.8875 226.275
    endloop
  endfacet
  facet normal 0.840673 -0.485363 0.240192
    outer loop
      vertex 11.75 -20.3516 212.275
      vertex 23.5 0 212.275
      vertex 9.75 -16.8875 226.275
    endloop
  endfacet
  facet normal 0.661692 -0.382028 0.64515
    outer loop
      vertex 9.75 -16.8875 226.275
      vertex 19.5 0 226.275
      vertex 0 0 246.275
    endloop
  endfacet
  facet normal 0.823678 -0.475552 -0.308876
    outer loop
      vertex 23.9689 -5.25 8
      vertex 16.1522 -17.4764 5.97927
      vertex 21.6425 -5.25 1.7962
    endloop
  endfacet
  facet normal 0.823675 -0.475547 -0.308894
    outer loop
      vertex 16.1522 -17.4764 5.97927
      vertex 23.9689 -5.25 8
      vertex 16.5311 -18.1327 8
    endloop
  endfacet
  facet normal 0.823675 -0.475548 -0.30889
    outer loop
      vertex 21.6425 -5.25 1.7962
      vertex 15.0311 -15.5346 0
      vertex 20.9689 -5.25 0
    endloop
  endfacet
  facet normal 0.823678 -0.475552 -0.308876
    outer loop
      vertex 15.0311 -15.5346 0
      vertex 21.6425 -5.25 1.7962
      vertex 16.1522 -17.4764 5.97927
    endloop
  endfacet
  facet normal 0 -1 0
    outer loop
      vertex -7.43782 -23.3827 8
      vertex 7.43782 -23.3827 16
      vertex -7.43782 -23.3827 16
    endloop
  endfacet
  facet normal 0 -1 -0
    outer loop
      vertex 7.43782 -23.3827 16
      vertex -7.43782 -23.3827 8
      vertex 7.43782 -23.3827 8
    endloop
  endfacet
  facet normal -3.22836e-06 -0.983213 0.182462
    outer loop
      vertex -8.28739 -21.0427 28.6094
      vertex -9.75 -16.8875 51
      vertex -11.9592 -20.7139 30.3811
    endloop
  endfacet
  facet normal 8.40345e-06 -0.983213 0.182463
    outer loop
      vertex -6.17851 -21.2015 27.7536
      vertex -9.75 -16.8875 51
      vertex -8.28739 -21.0427 28.6094
    endloop
  endfacet
  facet normal 0 -0.983213 0.182462
    outer loop
      vertex -9.75 -16.8875 51
      vertex -6.17851 -21.2015 27.7536
      vertex 9.75 -16.8875 51
    endloop
  endfacet
  facet normal 3.22836e-06 -0.983213 0.182462
    outer loop
      vertex 9.75 -16.8875 51
      vertex 8.28739 -21.0427 28.6094
      vertex 11.9592 -20.7139 30.3811
    endloop
  endfacet
  facet normal 0 -0.983213 0.182462
    outer loop
      vertex 6.17851 -21.2015 27.7536
      vertex 9.75 -16.8875 51
      vertex -6.17851 -21.2015 27.7536
    endloop
  endfacet
  facet normal -8.40345e-06 -0.983213 0.182463
    outer loop
      vertex 9.75 -16.8875 51
      vertex 6.17851 -21.2015 27.7536
      vertex 8.28739 -21.0427 28.6094
    endloop
  endfacet
  facet normal 0 -0.983213 0.182463
    outer loop
      vertex -7.1764 -22.9299 18.44
      vertex 6.17851 -21.2015 27.7536
      vertex -6.17851 -21.2015 27.7536
    endloop
  endfacet
  facet normal 0 -0.983213 0.182463
    outer loop
      vertex -7.1764 -22.9299 18.44
      vertex 7.1764 -22.9299 18.44
      vertex 6.17851 -21.2015 27.7536
    endloop
  endfacet
  facet normal 0 -0.983214 0.182459
    outer loop
      vertex -7.43782 -23.3827 16
      vertex 7.1764 -22.9299 18.44
      vertex -7.1764 -22.9299 18.44
    endloop
  endfacet
  facet normal 0 -0.983214 0.182459
    outer loop
      vertex 7.1764 -22.9299 18.44
      vertex -7.43782 -23.3827 16
      vertex 7.43782 -23.3827 16
    endloop
  endfacet
  facet normal -1.39061e-05 -0.996993 -0.0774861
    outer loop
      vertex -13.8352 -23.9633 142.042
      vertex -10.2322 -25.9808 168
      vertex -14.8544 -25.8497 166.314
    endloop
  endfacet
  facet normal 0 -0.996993 -0.0774855
    outer loop
      vertex -10.2322 -25.9808 168
      vertex -7.69525 -23.8286 140.308
      vertex 10.2322 -25.9808 168
    endloop
  endfacet
  facet normal -0.000192961 -0.996993 -0.0774936
    outer loop
      vertex -13.8352 -23.9633 142.042
      vertex -14.8544 -25.8497 166.314
      vertex -14.9225 -25.8465 166.273
    endloop
  endfacet
  facet normal -0 -0.996993 -0.0774855
    outer loop
      vertex 7.69525 -23.8286 140.308
      vertex 10.2322 -25.9808 168
      vertex -7.69525 -23.8286 140.308
    endloop
  endfacet
  facet normal 2.51297e-06 -0.996993 -0.0774884
    outer loop
      vertex -10.2322 -25.9808 168
      vertex -13.8352 -23.9633 142.042
      vertex -11.6153 -23.8935 141.144
    endloop
  endfacet
  facet normal 1.90007e-05 -0.996993 -0.0774873
    outer loop
      vertex 11.6153 -23.8935 141.144
      vertex 10.2322 -25.9808 168
      vertex 7.69525 -23.8286 140.308
    endloop
  endfacet
  facet normal -1.90007e-05 -0.996993 -0.0774873
    outer loop
      vertex -10.2322 -25.9808 168
      vertex -11.6153 -23.8935 141.144
      vertex -7.69525 -23.8286 140.308
    endloop
  endfacet
  facet normal -2.51297e-06 -0.996993 -0.0774884
    outer loop
      vertex 13.8352 -23.9633 142.042
      vertex 10.2322 -25.9808 168
      vertex 11.6153 -23.8935 141.144
    endloop
  endfacet
  facet normal 1.39061e-05 -0.996993 -0.0774861
    outer loop
      vertex 10.2322 -25.9808 168
      vertex 13.8352 -23.9633 142.042
      vertex 14.8544 -25.8497 166.314
    endloop
  endfacet
  facet normal 0.000192961 -0.996993 -0.0774936
    outer loop
      vertex 14.8544 -25.8497 166.314
      vertex 13.8352 -23.9633 142.042
      vertex 14.9225 -25.8465 166.273
    endloop
  endfacet
  facet normal 0 -0.996993 -0.0774863
    outer loop
      vertex -6.88482 -22.4249 122.247
      vertex 7.69525 -23.8286 140.308
      vertex -7.69525 -23.8286 140.308
    endloop
  endfacet
  facet normal 0 -0.996993 -0.0774863
    outer loop
      vertex -6.88482 -22.4249 122.247
      vertex 6.88482 -22.4249 122.247
      vertex 7.69525 -23.8286 140.308
    endloop
  endfacet
  facet normal 0 -0.996993 -0.0774928
    outer loop
      vertex -6.38862 -21.5654 111.189
      vertex 6.88482 -22.4249 122.247
      vertex -6.88482 -22.4249 122.247
    endloop
  endfacet
  facet normal 0 -0.996993 -0.0774928
    outer loop
      vertex -6.38862 -21.5654 111.189
      vertex 6.38862 -21.5654 111.189
      vertex 6.88482 -22.4249 122.247
    endloop
  endfacet
  facet normal 0 -0.996993 -0.0774865
    outer loop
      vertex -5.0293 -19.211 80.8957
      vertex 6.38862 -21.5654 111.189
      vertex -6.38862 -21.5654 111.189
    endloop
  endfacet
  facet normal 0 -0.996993 -0.0774865
    outer loop
      vertex -5.0293 -19.211 80.8957
      vertex 5.0293 -19.211 80.8957
      vertex 6.38862 -21.5654 111.189
    endloop
  endfacet
  facet normal -9.59829e-06 -0.996994 -0.077485
    outer loop
      vertex -9.75 -16.8875 51
      vertex -5.0293 -19.211 80.8957
      vertex -8.84435 -19.1875 80.5938
    endloop
  endfacet
  facet normal 0 -0.996993 -0.0774865
    outer loop
      vertex -5.0293 -19.211 80.8957
      vertex -9.75 -16.8875 51
      vertex 5.0293 -19.211 80.8957
    endloop
  endfacet
  facet normal 2.48434e-05 -0.996993 -0.0774861
    outer loop
      vertex -9.75 -16.8875 51
      vertex -8.84435 -19.1875 80.5938
      vertex -11.0631 -19.1619 80.2637
    endloop
  endfacet
  facet normal -0 -0.996993 -0.0774865
    outer loop
      vertex 9.75 -16.8875 51
      vertex 5.0293 -19.211 80.8957
      vertex -9.75 -16.8875 51
    endloop
  endfacet
  facet normal 9.59829e-06 -0.996994 -0.077485
    outer loop
      vertex 5.0293 -19.211 80.8957
      vertex 9.75 -16.8875 51
      vertex 8.84435 -19.1875 80.5938
    endloop
  endfacet
  facet normal -2.48434e-05 -0.996993 -0.0774861
    outer loop
      vertex 8.84435 -19.1875 80.5938
      vertex 9.75 -16.8875 51
      vertex 11.0631 -19.1619 80.2637
    endloop
  endfacet
  facet normal -5.51675e-06 -0.992014 0.126131
    outer loop
      vertex -6.49139 -21.0873 206.489
      vertex -11.75 -20.3516 212.275
      vertex -11.9031 -20.6167 210.19
    endloop
  endfacet
  facet normal 0.000533984 -0.991952 0.126614
    outer loop
      vertex -6.12635 -21.1111 206.301
      vertex -11.75 -20.3516 212.275
      vertex -6.49139 -21.0873 206.489
    endloop
  endfacet
  facet normal 0 -0.992015 0.126119
    outer loop
      vertex -11.75 -20.3516 212.275
      vertex -6.12635 -21.1111 206.301
      vertex 11.75 -20.3516 212.275
    endloop
  endfacet
  facet normal 5.51675e-06 -0.992014 0.126131
    outer loop
      vertex 11.75 -20.3516 212.275
      vertex 6.49139 -21.0873 206.489
      vertex 11.9031 -20.6167 210.19
    endloop
  endfacet
  facet normal 0 -0.992015 0.126119
    outer loop
      vertex 6.12635 -21.1111 206.301
      vertex 11.75 -20.3516 212.275
      vertex -6.12635 -21.1111 206.301
    endloop
  endfacet
  facet normal -0.000533984 -0.991952 0.126614
    outer loop
      vertex 11.75 -20.3516 212.275
      vertex 6.12635 -21.1111 206.301
      vertex 6.49139 -21.0873 206.489
    endloop
  endfacet
  facet normal 0 -0.992014 0.126129
    outer loop
      vertex -7.09498 -22.7889 193.105
      vertex 6.12635 -21.1111 206.301
      vertex -6.12635 -21.1111 206.301
    endloop
  endfacet
  facet normal 0 -0.992014 0.126129
    outer loop
      vertex -7.09498 -22.7889 193.105
      vertex 7.09498 -22.7889 193.105
      vertex 6.12635 -21.1111 206.301
    endloop
  endfacet
  facet normal 0 -0.992014 0.126127
    outer loop
      vertex -8.89674 -25.9096 168.56
      vertex 7.09498 -22.7889 193.105
      vertex -7.09498 -22.7889 193.105
    endloop
  endfacet
  facet normal 0 -0.992014 0.126127
    outer loop
      vertex -8.89674 -25.9096 168.56
      vertex 8.89674 -25.9096 168.56
      vertex 7.09498 -22.7889 193.105
    endloop
  endfacet
  facet normal 0 -0.992014 0.126127
    outer loop
      vertex -10.2322 -25.9808 168
      vertex 8.89674 -25.9096 168.56
      vertex -8.89674 -25.9096 168.56
    endloop
  endfacet
  facet normal 0 -0.992014 0.126127
    outer loop
      vertex 8.89674 -25.9096 168.56
      vertex -10.2322 -25.9808 168
      vertex 10.2322 -25.9808 168
    endloop
  endfacet
  facet normal 0 -0.970725 0.240192
    outer loop
      vertex -11.75 -20.3516 212.275
      vertex 9.75 -16.8875 226.275
      vertex -9.75 -16.8875 226.275
    endloop
  endfacet
  facet normal 0 -0.970725 0.240192
    outer loop
      vertex 9.75 -16.8875 226.275
      vertex -11.75 -20.3516 212.275
      vertex 11.75 -20.3516 212.275
    endloop
  endfacet
  facet normal 0 -0.764056 0.64515
    outer loop
      vertex 9.75 -16.8875 226.275
      vertex 0 0 246.275
      vertex -9.75 -16.8875 226.275
    endloop
  endfacet
  facet normal 0 -0.9511 -0.308882
    outer loop
      vertex -5.93782 -20.7846 0
      vertex 7.43782 -23.3827 8
      vertex -7.43782 -23.3827 8
    endloop
  endfacet
  facet normal 0 -0.9511 -0.308882
    outer loop
      vertex 7.43782 -23.3827 8
      vertex -5.93782 -20.7846 0
      vertex 5.93782 -20.7846 0
    endloop
  endfacet
  facet normal -0.866026 -0.499998 0
    outer loop
      vertex -16.5311 -18.1327 8
      vertex -23.9689 -5.25 16
      vertex -23.9689 -5.25 8
    endloop
  endfacet
  facet normal -0.866026 -0.499998 0
    outer loop
      vertex -23.9689 -5.25 16
      vertex -16.5311 -18.1327 8
      vertex -16.5311 -18.1327 16
    endloop
  endfacet
  facet normal -0.851486 -0.491608 0.182464
    outer loop
      vertex -19.5 0 51
      vertex -15.3653 -16.1135 26.8808
      vertex -15.2718 -15.9515 27.7536
    endloop
  endfacet
  facet normal -0.851487 -0.491606 0.182463
    outer loop
      vertex -15.2718 -15.9515 27.7536
      vertex -9.75 -16.8875 51
      vertex -19.5 0 51
    endloop
  endfacet
  facet normal -0.851479 -0.491622 0.18246
    outer loop
      vertex -14.0798 -17.6984 28.6094
      vertex -9.75 -16.8875 51
      vertex -15.2718 -15.9515 27.7536
    endloop
  endfacet
  facet normal -0.851493 -0.491596 0.182462
    outer loop
      vertex -9.75 -16.8875 51
      vertex -14.0798 -17.6984 28.6094
      vertex -11.9592 -20.7139 30.3811
    endloop
  endfacet
  facet normal -0.851488 -0.491606 0.18246
    outer loop
      vertex -23.9689 -5.25 16
      vertex -15.3653 -16.1135 26.8808
      vertex -21.4503 -5.25 27.7536
    endloop
  endfacet
  facet normal -0.851489 -0.491603 0.182463
    outer loop
      vertex -23.9689 -5.25 16
      vertex -16.2697 -17.6799 18.44
      vertex -15.3653 -16.1135 26.8808
    endloop
  endfacet
  facet normal -0.85149 -0.491606 0.18245
    outer loop
      vertex -16.2697 -17.6799 18.44
      vertex -23.9689 -5.25 16
      vertex -16.5311 -18.1327 16
    endloop
  endfacet
  facet normal -0.851494 -0.491596 0.182461
    outer loop
      vertex -22.3672 -3.34425 28.6094
      vertex -19.5 0 51
      vertex -23.9183 0 30.3811
    endloop
  endfacet
  facet normal -0.851487 -0.491607 0.182462
    outer loop
      vertex -21.4503 -5.25 27.7536
      vertex -19.5 0 51
      vertex -22.3672 -3.34425 28.6094
    endloop
  endfacet
  facet normal -0.851488 -0.491606 0.182462
    outer loop
      vertex -19.5 0 51
      vertex -21.4503 -5.25 27.7536
      vertex -15.3653 -16.1135 26.8808
    endloop
  endfacet
  facet normal -0.863421 -0.498498 -0.0774862
    outer loop
      vertex -15.4819 -16.3154 111.189
      vertex -23.7047 -5.25 131.627
      vertex -14.1226 -13.961 80.8957
    endloop
  endfacet
  facet normal -0.863428 -0.498484 -0.0774898
    outer loop
      vertex -9.75 -16.8875 51
      vertex -14.1226 -13.961 80.8957
      vertex -23.7047 -5.25 131.627
    endloop
  endfacet
  facet normal -0.863416 -0.498507 -0.0774857
    outer loop
      vertex -9.75 -16.8875 51
      vertex -12.1947 -17.2532 80.5938
      vertex -14.1226 -13.961 80.8957
    endloop
  endfacet
  facet normal -0.863424 -0.498492 -0.0774862
    outer loop
      vertex -12.1947 -17.2532 80.5938
      vertex -9.75 -16.8875 51
      vertex -11.0631 -19.1619 80.2637
    endloop
  endfacet
  facet normal -0.863423 -0.498494 -0.0774866
    outer loop
      vertex -25.2631 -3.95034 140.631
      vertex -27.6161 -4.12907 168
      vertex -29.7205 -0.233075 166.385
    endloop
  endfacet
  facet normal -0.863435 -0.498474 -0.0774875
    outer loop
      vertex -24.4838 -5.25 140.308
      vertex -27.6161 -4.12907 168
      vertex -25.2631 -3.95034 140.631
    endloop
  endfacet
  facet normal -0.863424 -0.498492 -0.0774901
    outer loop
      vertex -15.9781 -17.1749 122.247
      vertex -23.7047 -5.25 131.627
      vertex -15.4819 -16.3154 111.189
    endloop
  endfacet
  facet normal -0.863422 -0.498496 -0.077485
    outer loop
      vertex -16.7885 -18.5786 140.308
      vertex -23.7047 -5.25 131.627
      vertex -15.9781 -17.1749 122.247
    endloop
  endfacet
  facet normal -0.863421 -0.498498 -0.07749
    outer loop
      vertex -23.7047 -5.25 131.627
      vertex -16.7885 -18.5786 140.308
      vertex -24.4838 -5.25 140.308
    endloop
  endfacet
  facet normal -0.863421 -0.498498 -0.0774849
    outer loop
      vertex -24.4838 -5.25 140.308
      vertex -16.7885 -18.5786 140.308
      vertex -27.6161 -4.12907 168
    endloop
  endfacet
  facet normal -0.863421 -0.498498 -0.077485
    outer loop
      vertex -16.7885 -18.5786 140.308
      vertex -17.3839 -21.8517 168
      vertex -27.6161 -4.12907 168
    endloop
  endfacet
  facet normal -0.863414 -0.498511 -0.0774863
    outer loop
      vertex -14.8847 -22.0059 141.144
      vertex -17.3839 -21.8517 168
      vertex -16.7885 -18.5786 140.308
    endloop
  endfacet
  facet normal -0.863424 -0.498492 -0.0774874
    outer loop
      vertex -13.8352 -23.9633 142.042
      vertex -17.3839 -21.8517 168
      vertex -14.8847 -22.0059 141.144
    endloop
  endfacet
  facet normal -0.86342 -0.498499 -0.0774863
    outer loop
      vertex -14.9225 -25.8465 166.273
      vertex -17.3839 -21.8517 168
      vertex -13.8352 -23.9633 142.042
    endloop
  endfacet
  facet normal -0.863295 -0.498879 -0.0764301
    outer loop
      vertex -17.3839 -21.8517 168
      vertex -14.9225 -25.8465 166.273
      vertex -14.9593 -25.7891 166.314
    endloop
  endfacet
  facet normal -0.863434 -0.498476 -0.0774868
    outer loop
      vertex -19.5 0 51
      vertex -21.0391 -1.93433 80.5938
      vertex -22.1262 0 80.2637
    endloop
  endfacet
  facet normal -0.863423 -0.498495 -0.0774874
    outer loop
      vertex -19.5 0 51
      vertex -19.1519 -5.25 80.8957
      vertex -21.0391 -1.93433 80.5938
    endloop
  endfacet
  facet normal -0.86342 -0.498499 -0.0774863
    outer loop
      vertex -19.1519 -5.25 80.8957
      vertex -9.75 -16.8875 51
      vertex -23.7047 -5.25 131.627
    endloop
  endfacet
  facet normal -0.863422 -0.498497 -0.0774877
    outer loop
      vertex -9.75 -16.8875 51
      vertex -19.1519 -5.25 80.8957
      vertex -19.5 0 51
    endloop
  endfacet
  facet normal -0.863445 -0.498456 -0.0774895
    outer loop
      vertex -29.7205 -0.233075 166.385
      vertex -29.845 0 166.273
      vertex -27.6704 0 142.042
    endloop
  endfacet
  facet normal -0.863898 -0.49792 -0.0758685
    outer loop
      vertex -29.845 0 166.273
      vertex -29.7205 -0.233075 166.385
      vertex -29.8137 -0.0605532 166.314
    endloop
  endfacet
  facet normal -0.863438 -0.49845 -0.0776101
    outer loop
      vertex -25.2631 -3.95034 140.631
      vertex -27.6704 0 142.042
      vertex -26.5 -1.8876 141.144
    endloop
  endfacet
  facet normal -0.863427 -0.498487 -0.0774883
    outer loop
      vertex -27.6704 0 142.042
      vertex -25.2631 -3.95034 140.631
      vertex -29.7205 -0.233075 166.385
    endloop
  endfacet
  facet normal -0.859109 -0.496013 0.126107
    outer loop
      vertex -21.7824 -5.25 203.328
      vertex -15.2196 -15.8611 206.301
      vertex -21.346 -5.25 206.301
    endloop
  endfacet
  facet normal -0.859109 -0.496008 0.126124
    outer loop
      vertex -21.7824 -5.25 203.328
      vertex -16.1882 -17.5389 193.105
      vertex -15.2196 -15.8611 206.301
    endloop
  endfacet
  facet normal -0.859109 -0.496008 0.126124
    outer loop
      vertex -16.1882 -17.5389 193.105
      vertex -21.7824 -5.25 203.328
      vertex -17.1927 -19.2786 179.421
    endloop
  endfacet
  facet normal -0.859113 -0.496001 0.126125
    outer loop
      vertex -21.5078 -4.92193 206.489
      vertex -23.5 0 212.275
      vertex -22.7835 -2.19002 208.543
    endloop
  endfacet
  facet normal -0.85911 -0.495997 0.126158
    outer loop
      vertex -11.75 -20.3516 212.275
      vertex -21.5078 -4.92193 206.489
      vertex -21.346 -5.25 206.301
    endloop
  endfacet
  facet normal -0.859108 -0.496013 0.126116
    outer loop
      vertex -11.75 -20.3516 212.275
      vertex -21.346 -5.25 206.301
      vertex -15.2196 -15.8611 206.301
    endloop
  endfacet
  facet normal -0.859163 -0.495884 0.126244
    outer loop
      vertex -11.75 -20.3516 212.275
      vertex -15.2196 -15.8611 206.301
      vertex -15.0164 -16.1653 206.489
    endloop
  endfacet
  facet normal -0.859109 -0.496007 0.126131
    outer loop
      vertex -21.5078 -4.92193 206.489
      vertex -11.75 -20.3516 212.275
      vertex -23.5 0 212.275
    endloop
  endfacet
  facet normal -0.859119 -0.495985 0.126147
    outer loop
      vertex -11.75 -20.3516 212.275
      vertex -15.0164 -16.1653 206.489
      vertex -11.9031 -20.6167 210.19
    endloop
  endfacet
  facet normal -0.859077 -0.496054 0.126163
    outer loop
      vertex -22.7835 -2.19002 208.543
      vertex -23.5 0 212.275
      vertex -23.8062 0 210.19
    endloop
  endfacet
  facet normal -0.859105 -0.496014 0.126128
    outer loop
      vertex -26.8868 -5.25 168.56
      vertex -17.1927 -19.2786 179.421
      vertex -21.7824 -5.25 203.328
    endloop
  endfacet
  facet normal -0.859107 -0.496009 0.126135
    outer loop
      vertex -26.8868 -5.25 168.56
      vertex -17.99 -20.6596 168.56
      vertex -17.1927 -19.2786 179.421
    endloop
  endfacet
  facet normal -0.859123 -0.496018 0.125994
    outer loop
      vertex -27.6161 -4.12907 168
      vertex -17.99 -20.6596 168.56
      vertex -26.8868 -5.25 168.56
    endloop
  endfacet
  facet normal -0.859117 -0.496013 0.126047
    outer loop
      vertex -17.99 -20.6596 168.56
      vertex -27.6161 -4.12907 168
      vertex -17.3839 -21.8517 168
    endloop
  endfacet
  facet normal -0.840673 -0.485363 0.240192
    outer loop
      vertex -11.75 -20.3516 212.275
      vertex -9.75 -16.8875 226.275
      vertex -19.5 0 226.275
    endloop
  endfacet
  facet normal -0.840673 -0.485363 0.240192
    outer loop
      vertex -11.75 -20.3516 212.275
      vertex -19.5 0 226.275
      vertex -23.5 0 212.275
    endloop
  endfacet
  facet normal -0.661692 -0.382028 0.64515
    outer loop
      vertex -9.75 -16.8875 226.275
      vertex 0 0 246.275
      vertex -19.5 0 226.275
    endloop
  endfacet
  facet normal -0.823679 -0.475548 -0.308881
    outer loop
      vertex -16.5311 -18.1327 8
      vertex -23.2111 -5.25 5.97927
      vertex -15.3679 -16.1179 1.7962
    endloop
  endfacet
  facet normal -0.823676 -0.475548 -0.308889
    outer loop
      vertex -23.2111 -5.25 5.97927
      vertex -16.5311 -18.1327 8
      vertex -23.9689 -5.25 8
    endloop
  endfacet
  facet normal -0.823679 -0.47555 -0.308876
    outer loop
      vertex -15.3679 -16.1179 1.7962
      vertex -20.9689 -5.25 0
      vertex -15.0311 -15.5346 0
    endloop
  endfacet
  facet normal -0.823679 -0.47555 -0.308876
    outer loop
      vertex -20.9689 -5.25 0
      vertex -15.3679 -16.1179 1.7962
      vertex -23.2111 -5.25 5.97927
    endloop
  endfacet
  facet normal -0.615298 0.788295 0
    outer loop
      vertex 8.61823 -10.5013 0
      vertex 8.09257 -10.9116 224.275
      vertex 8.61823 -10.5013 224.275
    endloop
  endfacet
  facet normal -0.615298 0.788295 0
    outer loop
      vertex 8.09257 -10.9116 224.275
      vertex 8.61823 -10.5013 0
      vertex 8.09257 -10.9116 0
    endloop
  endfacet
  facet normal -0.997296 -0.0734876 0
    outer loop
      vertex 13.5686 0.666584 0
      vertex 13.5196 1.33156 224.275
      vertex 13.5196 1.33156 0
    endloop
  endfacet
  facet normal -0.997296 -0.0734876 0
    outer loop
      vertex 13.5196 1.33156 224.275
      vertex 13.5686 0.666584 0
      vertex 13.5686 0.666584 224.275
    endloop
  endfacet
  facet normal -0.999697 -0.0245956 0
    outer loop
      vertex 13.585 0 0
      vertex 13.5686 0.666584 224.275
      vertex 13.5686 0.666584 0
    endloop
  endfacet
  facet normal -0.999697 -0.0245956 0
    outer loop
      vertex 13.5686 0.666584 224.275
      vertex 13.585 0 0
      vertex 13.585 0 224.275
    endloop
  endfacet
  facet normal -0.992483 -0.122379 0
    outer loop
      vertex 13.5196 1.33156 0
      vertex 13.438 1.99333 224.275
      vertex 13.438 1.99333 0
    endloop
  endfacet
  facet normal -0.992483 -0.122379 0
    outer loop
      vertex 13.438 1.99333 224.275
      vertex 13.5196 1.33156 0
      vertex 13.5196 1.33156 224.275
    endloop
  endfacet
  facet normal 0.492941 -0.870063 0
    outer loop
      vertex -6.98409 11.6522 0
      vertex -6.40392 11.9809 224.275
      vertex -6.98409 11.6522 224.275
    endloop
  endfacet
  facet normal 0.492941 -0.870063 0
    outer loop
      vertex -6.40392 11.9809 224.275
      vertex -6.98409 11.6522 0
      vertex -6.40392 11.9809 0
    endloop
  endfacet
  facet normal 0.963753 -0.266797 0
    outer loop
      vertex -13.1779 3.30089 224.275
      vertex -13 3.94352 0
      vertex -13 3.94352 224.275
    endloop
  endfacet
  facet normal 0.963753 -0.266797 0
    outer loop
      vertex -13 3.94352 0
      vertex -13.1779 3.30089 224.275
      vertex -13.1779 3.30089 0
    endloop
  endfacet
  facet normal 0.817612 -0.57577 0
    outer loop
      vertex -11.2955 7.54742 224.275
      vertex -10.9116 8.09257 0
      vertex -10.9116 8.09257 224.275
    endloop
  endfacet
  facet normal 0.817612 -0.57577 0
    outer loop
      vertex -10.9116 8.09257 0
      vertex -11.2955 7.54742 224.275
      vertex -11.2955 7.54742 0
    endloop
  endfacet
  facet normal -0.963753 -0.266797 0
    outer loop
      vertex 13.1779 3.30089 0
      vertex 13 3.94352 224.275
      vertex 13 3.94352 0
    endloop
  endfacet
  facet normal -0.963753 -0.266797 0
    outer loop
      vertex 13 3.94352 224.275
      vertex 13.1779 3.30089 0
      vertex 13.1779 3.30089 224.275
    endloop
  endfacet
  facet normal -0.653147 -0.757231 0
    outer loop
      vertex 8.61823 10.5013 0
      vertex 9.12313 10.0658 224.275
      vertex 8.61823 10.5013 224.275
    endloop
  endfacet
  facet normal -0.653147 -0.757231 -0
    outer loop
      vertex 9.12313 10.0658 224.275
      vertex 8.61823 10.5013 0
      vertex 9.12313 10.0658 0
    endloop
  endfacet
  facet normal 0.914217 0.405225 0
    outer loop
      vertex -12.2807 -5.80834 224.275
      vertex -12.5509 -5.19875 0
      vertex -12.5509 -5.19875 224.275
    endloop
  endfacet
  facet normal 0.914217 0.405225 0
    outer loop
      vertex -12.5509 -5.19875 0
      vertex -12.2807 -5.80834 224.275
      vertex -12.2807 -5.80834 0
    endloop
  endfacet
  facet normal 0.219109 -0.9757 0
    outer loop
      vertex -3.30089 13.1779 0
      vertex -2.6503 13.324 224.275
      vertex -3.30089 13.1779 224.275
    endloop
  endfacet
  facet normal 0.219109 -0.9757 0
    outer loop
      vertex -2.6503 13.324 224.275
      vertex -3.30089 13.1779 0
      vertex -2.6503 13.324 0
    endloop
  endfacet
  facet normal 0.57577 -0.817612 0
    outer loop
      vertex -8.09257 10.9116 0
      vertex -7.54742 11.2955 224.275
      vertex -8.09257 10.9116 224.275
    endloop
  endfacet
  facet normal 0.57577 -0.817612 0
    outer loop
      vertex -7.54742 11.2955 224.275
      vertex -8.09257 10.9116 0
      vertex -7.54742 11.2955 0
    endloop
  endfacet
  facet normal -0.449624 -0.893218 0
    outer loop
      vertex 5.80834 12.2807 0
      vertex 6.40392 11.9809 224.275
      vertex 5.80834 12.2807 224.275
    endloop
  endfacet
  facet normal -0.449624 -0.893218 -0
    outer loop
      vertex 6.40392 11.9809 224.275
      vertex 5.80834 12.2807 0
      vertex 6.40392 11.9809 0
    endloop
  endfacet
  facet normal -0.9757 -0.219109 0
    outer loop
      vertex 13.324 2.6503 0
      vertex 13.1779 3.30089 224.275
      vertex 13.1779 3.30089 0
    endloop
  endfacet
  facet normal -0.9757 -0.219109 0
    outer loop
      vertex 13.1779 3.30089 224.275
      vertex 13.324 2.6503 0
      vertex 13.324 2.6503 224.275
    endloop
  endfacet
  facet normal -0.313603 0.949554 0
    outer loop
      vertex 4.57665 -12.7909 0
      vertex 3.94352 -13 224.275
      vertex 4.57665 -12.7909 224.275
    endloop
  endfacet
  facet normal -0.313603 0.949554 0
    outer loop
      vertex 3.94352 -13 224.275
      vertex 4.57665 -12.7909 0
      vertex 3.94352 -13 0
    endloop
  endfacet
  facet normal -0.757231 0.653147 0
    outer loop
      vertex 10.0658 -9.12313 0
      vertex 10.5013 -8.61823 224.275
      vertex 10.5013 -8.61823 0
    endloop
  endfacet
  facet normal -0.757231 0.653147 0
    outer loop
      vertex 10.5013 -8.61823 224.275
      vertex 10.0658 -9.12313 0
      vertex 10.0658 -9.12313 224.275
    endloop
  endfacet
  facet normal 0.757231 0.653147 0
    outer loop
      vertex -10.0658 -9.12313 224.275
      vertex -10.5013 -8.61823 0
      vertex -10.5013 -8.61823 224.275
    endloop
  endfacet
  facet normal 0.757231 0.653147 0
    outer loop
      vertex -10.5013 -8.61823 0
      vertex -10.0658 -9.12313 224.275
      vertex -10.0658 -9.12313 0
    endloop
  endfacet
  facet normal -0.914217 0.405225 0
    outer loop
      vertex 12.2807 -5.80834 0
      vertex 12.5509 -5.19875 224.275
      vertex 12.5509 -5.19875 0
    endloop
  endfacet
  facet normal -0.914217 0.405225 0
    outer loop
      vertex 12.5509 -5.19875 224.275
      vertex 12.2807 -5.80834 0
      vertex 12.2807 -5.80834 224.275
    endloop
  endfacet
  facet normal -0.788295 -0.615298 0
    outer loop
      vertex 10.9116 8.09257 0
      vertex 10.5013 8.61823 224.275
      vertex 10.5013 8.61823 0
    endloop
  endfacet
  facet normal -0.788295 -0.615298 0
    outer loop
      vertex 10.5013 8.61823 224.275
      vertex 10.9116 8.09257 0
      vertex 10.9116 8.09257 224.275
    endloop
  endfacet
  facet normal 0.170969 0.985276 -0
    outer loop
      vertex -1.99333 -13.438 0
      vertex -2.6503 -13.324 224.275
      vertex -1.99333 -13.438 224.275
    endloop
  endfacet
  facet normal 0.170969 0.985276 0
    outer loop
      vertex -2.6503 -13.324 224.275
      vertex -1.99333 -13.438 0
      vertex -2.6503 -13.324 0
    endloop
  endfacet
  facet normal 0.893218 -0.449624 0
    outer loop
      vertex -12.2807 5.80834 224.275
      vertex -11.9809 6.40392 0
      vertex -11.9809 6.40392 224.275
    endloop
  endfacet
  facet normal 0.893218 -0.449624 0
    outer loop
      vertex -11.9809 6.40392 0
      vertex -12.2807 5.80834 224.275
      vertex -12.2807 5.80834 0
    endloop
  endfacet
  facet normal -0.870063 0.492941 0
    outer loop
      vertex 11.6522 -6.98409 0
      vertex 11.9809 -6.40392 224.275
      vertex 11.9809 -6.40392 0
    endloop
  endfacet
  facet normal -0.870063 0.492941 0
    outer loop
      vertex 11.9809 -6.40392 224.275
      vertex 11.6522 -6.98409 0
      vertex 11.6522 -6.98409 224.275
    endloop
  endfacet
  facet normal 0.9757 -0.219109 0
    outer loop
      vertex -13.324 2.6503 224.275
      vertex -13.1779 3.30089 0
      vertex -13.1779 3.30089 224.275
    endloop
  endfacet
  facet normal 0.9757 -0.219109 0
    outer loop
      vertex -13.1779 3.30089 0
      vertex -13.324 2.6503 224.275
      vertex -13.324 2.6503 0
    endloop
  endfacet
  facet normal -0.914217 -0.405225 0
    outer loop
      vertex 12.5509 5.19875 0
      vertex 12.2807 5.80834 224.275
      vertex 12.2807 5.80834 0
    endloop
  endfacet
  facet normal -0.914217 -0.405225 0
    outer loop
      vertex 12.2807 5.80834 224.275
      vertex 12.5509 5.19875 0
      vertex 12.5509 5.19875 224.275
    endloop
  endfacet
  facet normal 0.999697 0.0245956 0
    outer loop
      vertex -13.5686 -0.666584 224.275
      vertex -13.585 0 0
      vertex -13.585 0 224.275
    endloop
  endfacet
  facet normal 0.999697 0.0245956 0
    outer loop
      vertex -13.585 0 0
      vertex -13.5686 -0.666584 224.275
      vertex -13.5686 -0.666584 0
    endloop
  endfacet
  facet normal -0.949554 0.313603 0
    outer loop
      vertex 12.7909 -4.57665 0
      vertex 13 -3.94352 224.275
      vertex 13 -3.94352 0
    endloop
  endfacet
  facet normal -0.949554 0.313603 0
    outer loop
      vertex 13 -3.94352 224.275
      vertex 12.7909 -4.57665 0
      vertex 12.7909 -4.57665 224.275
    endloop
  endfacet
  facet normal -0.870063 -0.492941 0
    outer loop
      vertex 11.9809 6.40392 0
      vertex 11.6522 6.98409 224.275
      vertex 11.6522 6.98409 0
    endloop
  endfacet
  facet normal -0.870063 -0.492941 0
    outer loop
      vertex 11.6522 6.98409 224.275
      vertex 11.9809 6.40392 0
      vertex 11.9809 6.40392 224.275
    endloop
  endfacet
  facet normal 0.689534 0.724253 -0
    outer loop
      vertex -9.12313 -10.0658 0
      vertex -9.60604 -9.60604 224.275
      vertex -9.12313 -10.0658 224.275
    endloop
  endfacet
  facet normal 0.689534 0.724253 0
    outer loop
      vertex -9.60604 -9.60604 224.275
      vertex -9.12313 -10.0658 0
      vertex -9.60604 -9.60604 0
    endloop
  endfacet
  facet normal 0.122379 0.992483 -0
    outer loop
      vertex -1.33156 -13.5196 0
      vertex -1.99333 -13.438 224.275
      vertex -1.33156 -13.5196 224.275
    endloop
  endfacet
  facet normal 0.122379 0.992483 0
    outer loop
      vertex -1.99333 -13.438 224.275
      vertex -1.33156 -13.5196 0
      vertex -1.99333 -13.438 0
    endloop
  endfacet
  facet normal 0.615298 -0.788295 0
    outer loop
      vertex -8.61823 10.5013 0
      vertex -8.09257 10.9116 224.275
      vertex -8.61823 10.5013 224.275
    endloop
  endfacet
  facet normal 0.615298 -0.788295 0
    outer loop
      vertex -8.09257 10.9116 224.275
      vertex -8.61823 10.5013 0
      vertex -8.09257 10.9116 0
    endloop
  endfacet
  facet normal 0.0245956 -0.999697 0
    outer loop
      vertex -0.666584 13.5686 0
      vertex 0 13.585 224.275
      vertex -0.666584 13.5686 224.275
    endloop
  endfacet
  facet normal 0.0245956 -0.999697 0
    outer loop
      vertex 0 13.585 224.275
      vertex -0.666584 13.5686 0
      vertex 0 13.585 0
    endloop
  endfacet
  facet normal -0.932978 -0.359934 0
    outer loop
      vertex 12.7909 4.57665 0
      vertex 12.5509 5.19875 224.275
      vertex 12.5509 5.19875 0
    endloop
  endfacet
  facet normal -0.932978 -0.359934 0
    outer loop
      vertex 12.5509 5.19875 224.275
      vertex 12.7909 4.57665 0
      vertex 12.7909 4.57665 224.275
    endloop
  endfacet
  facet normal -0.0734876 0.997296 0
    outer loop
      vertex 1.33156 -13.5196 0
      vertex 0.666584 -13.5686 224.275
      vertex 1.33156 -13.5196 224.275
    endloop
  endfacet
  facet normal -0.0734876 0.997296 0
    outer loop
      vertex 0.666584 -13.5686 224.275
      vertex 1.33156 -13.5196 0
      vertex 0.666584 -13.5686 0
    endloop
  endfacet
  facet normal -0.893218 -0.449624 0
    outer loop
      vertex 12.2807 5.80834 0
      vertex 11.9809 6.40392 224.275
      vertex 11.9809 6.40392 0
    endloop
  endfacet
  facet normal -0.893218 -0.449624 0
    outer loop
      vertex 11.9809 6.40392 224.275
      vertex 12.2807 5.80834 0
      vertex 12.2807 5.80834 224.275
    endloop
  endfacet
  facet normal -0.615298 -0.788295 0
    outer loop
      vertex 8.09257 10.9116 0
      vertex 8.61823 10.5013 224.275
      vertex 8.09257 10.9116 224.275
    endloop
  endfacet
  facet normal -0.615298 -0.788295 -0
    outer loop
      vertex 8.61823 10.5013 224.275
      vertex 8.09257 10.9116 0
      vertex 8.61823 10.5013 0
    endloop
  endfacet
  facet normal -0.122379 -0.992483 0
    outer loop
      vertex 1.33156 13.5196 0
      vertex 1.99333 13.438 224.275
      vertex 1.33156 13.5196 224.275
    endloop
  endfacet
  facet normal -0.122379 -0.992483 -0
    outer loop
      vertex 1.99333 13.438 224.275
      vertex 1.33156 13.5196 0
      vertex 1.99333 13.438 0
    endloop
  endfacet
  facet normal -0.405225 -0.914217 0
    outer loop
      vertex 5.19875 12.5509 0
      vertex 5.80834 12.2807 224.275
      vertex 5.19875 12.5509 224.275
    endloop
  endfacet
  facet normal -0.405225 -0.914217 -0
    outer loop
      vertex 5.80834 12.2807 224.275
      vertex 5.19875 12.5509 0
      vertex 5.80834 12.2807 0
    endloop
  endfacet
  facet normal -0.122379 0.992483 0
    outer loop
      vertex 1.99333 -13.438 0
      vertex 1.33156 -13.5196 224.275
      vertex 1.99333 -13.438 224.275
    endloop
  endfacet
  facet normal -0.122379 0.992483 0
    outer loop
      vertex 1.33156 -13.5196 224.275
      vertex 1.99333 -13.438 0
      vertex 1.33156 -13.5196 0
    endloop
  endfacet
  facet normal 0.57577 0.817612 -0
    outer loop
      vertex -7.54742 -11.2955 0
      vertex -8.09257 -10.9116 224.275
      vertex -7.54742 -11.2955 224.275
    endloop
  endfacet
  facet normal 0.57577 0.817612 0
    outer loop
      vertex -8.09257 -10.9116 224.275
      vertex -7.54742 -11.2955 0
      vertex -8.09257 -10.9116 0
    endloop
  endfacet
  facet normal -0.817612 0.57577 0
    outer loop
      vertex 10.9116 -8.09257 0
      vertex 11.2955 -7.54742 224.275
      vertex 11.2955 -7.54742 0
    endloop
  endfacet
  facet normal -0.817612 0.57577 0
    outer loop
      vertex 11.2955 -7.54742 224.275
      vertex 10.9116 -8.09257 0
      vertex 10.9116 -8.09257 224.275
    endloop
  endfacet
  facet normal -0.817612 -0.57577 0
    outer loop
      vertex 11.2955 7.54742 0
      vertex 10.9116 8.09257 224.275
      vertex 10.9116 8.09257 0
    endloop
  endfacet
  facet normal -0.817612 -0.57577 0
    outer loop
      vertex 10.9116 8.09257 224.275
      vertex 11.2955 7.54742 0
      vertex 11.2955 7.54742 224.275
    endloop
  endfacet
  facet normal -0.0734876 -0.997296 0
    outer loop
      vertex 0.666584 13.5686 0
      vertex 1.33156 13.5196 224.275
      vertex 0.666584 13.5686 224.275
    endloop
  endfacet
  facet normal -0.0734876 -0.997296 -0
    outer loop
      vertex 1.33156 13.5196 224.275
      vertex 0.666584 13.5686 0
      vertex 1.33156 13.5196 0
    endloop
  endfacet
  facet normal -0.689534 -0.724253 0
    outer loop
      vertex 9.12313 10.0658 0
      vertex 9.60604 9.60604 224.275
      vertex 9.12313 10.0658 224.275
    endloop
  endfacet
  facet normal -0.689534 -0.724253 -0
    outer loop
      vertex 9.60604 9.60604 224.275
      vertex 9.12313 10.0658 0
      vertex 9.60604 9.60604 0
    endloop
  endfacet
  facet normal 0.653147 0.757231 -0
    outer loop
      vertex -8.61823 -10.5013 0
      vertex -9.12313 -10.0658 224.275
      vertex -8.61823 -10.5013 224.275
    endloop
  endfacet
  facet normal 0.653147 0.757231 0
    outer loop
      vertex -9.12313 -10.0658 224.275
      vertex -8.61823 -10.5013 0
      vertex -9.12313 -10.0658 0
    endloop
  endfacet
  facet normal -0.999697 0.0245956 0
    outer loop
      vertex 13.5686 -0.666584 0
      vertex 13.585 0 224.275
      vertex 13.585 0 0
    endloop
  endfacet
  facet normal -0.999697 0.0245956 0
    outer loop
      vertex 13.585 0 224.275
      vertex 13.5686 -0.666584 0
      vertex 13.5686 -0.666584 224.275
    endloop
  endfacet
  facet normal 0.724253 -0.689534 0
    outer loop
      vertex -10.0658 9.12313 224.275
      vertex -9.60604 9.60604 0
      vertex -9.60604 9.60604 224.275
    endloop
  endfacet
  facet normal 0.724253 -0.689534 0
    outer loop
      vertex -9.60604 9.60604 0
      vertex -10.0658 9.12313 224.275
      vertex -10.0658 9.12313 0
    endloop
  endfacet
  facet normal -0.997296 0.0734876 0
    outer loop
      vertex 13.5196 -1.33156 0
      vertex 13.5686 -0.666584 224.275
      vertex 13.5686 -0.666584 0
    endloop
  endfacet
  facet normal -0.997296 0.0734876 0
    outer loop
      vertex 13.5686 -0.666584 224.275
      vertex 13.5196 -1.33156 0
      vertex 13.5196 -1.33156 224.275
    endloop
  endfacet
  facet normal -0.0245956 0.999697 0
    outer loop
      vertex 0.666584 -13.5686 0
      vertex 0 -13.585 224.275
      vertex 0.666584 -13.5686 224.275
    endloop
  endfacet
  facet normal -0.0245956 0.999697 0
    outer loop
      vertex 0 -13.585 224.275
      vertex 0.666584 -13.5686 0
      vertex 0 -13.585 0
    endloop
  endfacet
  facet normal 0.817612 0.57577 0
    outer loop
      vertex -10.9116 -8.09257 224.275
      vertex -11.2955 -7.54742 0
      vertex -11.2955 -7.54742 224.275
    endloop
  endfacet
  facet normal 0.817612 0.57577 0
    outer loop
      vertex -11.2955 -7.54742 0
      vertex -10.9116 -8.09257 224.275
      vertex -10.9116 -8.09257 0
    endloop
  endfacet
  facet normal -0.84487 -0.534971 0
    outer loop
      vertex 11.6522 6.98409 0
      vertex 11.2955 7.54742 224.275
      vertex 11.2955 7.54742 0
    endloop
  endfacet
  facet normal -0.84487 -0.534971 0
    outer loop
      vertex 11.2955 7.54742 224.275
      vertex 11.6522 6.98409 0
      vertex 11.6522 6.98409 224.275
    endloop
  endfacet
  facet normal 0.0245956 0.999697 -0
    outer loop
      vertex 0 -13.585 0
      vertex -0.666584 -13.5686 224.275
      vertex 0 -13.585 224.275
    endloop
  endfacet
  facet normal 0.0245956 0.999697 0
    outer loop
      vertex -0.666584 -13.5686 224.275
      vertex 0 -13.585 0
      vertex -0.666584 -13.5686 0
    endloop
  endfacet
  facet normal 0.405225 -0.914217 0
    outer loop
      vertex -5.80834 12.2807 0
      vertex -5.19875 12.5509 224.275
      vertex -5.80834 12.2807 224.275
    endloop
  endfacet
  facet normal 0.405225 -0.914217 0
    outer loop
      vertex -5.19875 12.5509 224.275
      vertex -5.80834 12.2807 0
      vertex -5.19875 12.5509 0
    endloop
  endfacet
  facet normal -0.405225 0.914217 0
    outer loop
      vertex 5.80834 -12.2807 0
      vertex 5.19875 -12.5509 224.275
      vertex 5.80834 -12.2807 224.275
    endloop
  endfacet
  facet normal -0.405225 0.914217 0
    outer loop
      vertex 5.19875 -12.5509 224.275
      vertex 5.80834 -12.2807 0
      vertex 5.19875 -12.5509 0
    endloop
  endfacet
  facet normal -0.57577 -0.817612 0
    outer loop
      vertex 7.54742 11.2955 0
      vertex 8.09257 10.9116 224.275
      vertex 7.54742 11.2955 224.275
    endloop
  endfacet
  facet normal -0.57577 -0.817612 -0
    outer loop
      vertex 8.09257 10.9116 224.275
      vertex 7.54742 11.2955 0
      vertex 8.09257 10.9116 0
    endloop
  endfacet
  facet normal -0.534971 0.84487 0
    outer loop
      vertex 7.54742 -11.2955 0
      vertex 6.98409 -11.6522 224.275
      vertex 7.54742 -11.2955 224.275
    endloop
  endfacet
  facet normal -0.534971 0.84487 0
    outer loop
      vertex 6.98409 -11.6522 224.275
      vertex 7.54742 -11.2955 0
      vertex 6.98409 -11.6522 0
    endloop
  endfacet
  facet normal -0.57577 0.817612 0
    outer loop
      vertex 8.09257 -10.9116 0
      vertex 7.54742 -11.2955 224.275
      vertex 8.09257 -10.9116 224.275
    endloop
  endfacet
  facet normal -0.57577 0.817612 0
    outer loop
      vertex 7.54742 -11.2955 224.275
      vertex 8.09257 -10.9116 0
      vertex 7.54742 -11.2955 0
    endloop
  endfacet
  facet normal -0.932978 0.359934 0
    outer loop
      vertex 12.5509 -5.19875 0
      vertex 12.7909 -4.57665 224.275
      vertex 12.7909 -4.57665 0
    endloop
  endfacet
  facet normal -0.932978 0.359934 0
    outer loop
      vertex 12.7909 -4.57665 224.275
      vertex 12.5509 -5.19875 0
      vertex 12.5509 -5.19875 224.275
    endloop
  endfacet
  facet normal -0.0245956 -0.999697 0
    outer loop
      vertex 0 13.585 0
      vertex 0.666584 13.5686 224.275
      vertex 0 13.585 224.275
    endloop
  endfacet
  facet normal -0.0245956 -0.999697 -0
    outer loop
      vertex 0.666584 13.5686 224.275
      vertex 0 13.585 0
      vertex 0.666584 13.5686 0
    endloop
  endfacet
  facet normal -0.9757 0.219109 0
    outer loop
      vertex 13.1779 -3.30089 0
      vertex 13.324 -2.6503 224.275
      vertex 13.324 -2.6503 0
    endloop
  endfacet
  facet normal -0.9757 0.219109 0
    outer loop
      vertex 13.324 -2.6503 224.275
      vertex 13.1779 -3.30089 0
      vertex 13.1779 -3.30089 224.275
    endloop
  endfacet
  facet normal -0.724253 -0.689534 0
    outer loop
      vertex 10.0658 9.12313 0
      vertex 9.60604 9.60604 224.275
      vertex 9.60604 9.60604 0
    endloop
  endfacet
  facet normal -0.724253 -0.689534 0
    outer loop
      vertex 9.60604 9.60604 224.275
      vertex 10.0658 9.12313 0
      vertex 10.0658 9.12313 224.275
    endloop
  endfacet
  facet normal -0.449624 0.893218 0
    outer loop
      vertex 6.40392 -11.9809 0
      vertex 5.80834 -12.2807 224.275
      vertex 6.40392 -11.9809 224.275
    endloop
  endfacet
  facet normal -0.449624 0.893218 0
    outer loop
      vertex 5.80834 -12.2807 224.275
      vertex 6.40392 -11.9809 0
      vertex 5.80834 -12.2807 0
    endloop
  endfacet
  facet normal -0.689534 0.724253 0
    outer loop
      vertex 9.60604 -9.60604 0
      vertex 9.12313 -10.0658 224.275
      vertex 9.60604 -9.60604 224.275
    endloop
  endfacet
  facet normal -0.689534 0.724253 0
    outer loop
      vertex 9.12313 -10.0658 224.275
      vertex 9.60604 -9.60604 0
      vertex 9.12313 -10.0658 0
    endloop
  endfacet
  facet normal 0.999697 -0.0245956 0
    outer loop
      vertex -13.585 0 224.275
      vertex -13.5686 0.666584 0
      vertex -13.5686 0.666584 224.275
    endloop
  endfacet
  facet normal 0.999697 -0.0245956 0
    outer loop
      vertex -13.5686 0.666584 0
      vertex -13.585 0 224.275
      vertex -13.585 0 0
    endloop
  endfacet
  facet normal -0.219109 0.9757 0
    outer loop
      vertex 3.30089 -13.1779 0
      vertex 2.6503 -13.324 224.275
      vertex 3.30089 -13.1779 224.275
    endloop
  endfacet
  facet normal -0.219109 0.9757 0
    outer loop
      vertex 2.6503 -13.324 224.275
      vertex 3.30089 -13.1779 0
      vertex 2.6503 -13.324 0
    endloop
  endfacet
  facet normal -0.949554 -0.313603 0
    outer loop
      vertex 13 3.94352 0
      vertex 12.7909 4.57665 224.275
      vertex 12.7909 4.57665 0
    endloop
  endfacet
  facet normal -0.949554 -0.313603 0
    outer loop
      vertex 12.7909 4.57665 224.275
      vertex 13 3.94352 0
      vertex 13 3.94352 224.275
    endloop
  endfacet
  facet normal 0.870063 0.492941 0
    outer loop
      vertex -11.6522 -6.98409 224.275
      vertex -11.9809 -6.40392 0
      vertex -11.9809 -6.40392 224.275
    endloop
  endfacet
  facet normal 0.870063 0.492941 0
    outer loop
      vertex -11.9809 -6.40392 0
      vertex -11.6522 -6.98409 224.275
      vertex -11.6522 -6.98409 0
    endloop
  endfacet
  facet normal -0.963753 0.266797 0
    outer loop
      vertex 13 -3.94352 0
      vertex 13.1779 -3.30089 224.275
      vertex 13.1779 -3.30089 0
    endloop
  endfacet
  facet normal -0.963753 0.266797 0
    outer loop
      vertex 13.1779 -3.30089 224.275
      vertex 13 -3.94352 0
      vertex 13 -3.94352 224.275
    endloop
  endfacet
  facet normal 0.757231 -0.653147 0
    outer loop
      vertex -10.5013 8.61823 224.275
      vertex -10.0658 9.12313 0
      vertex -10.0658 9.12313 224.275
    endloop
  endfacet
  facet normal 0.757231 -0.653147 0
    outer loop
      vertex -10.0658 9.12313 0
      vertex -10.5013 8.61823 224.275
      vertex -10.5013 8.61823 0
    endloop
  endfacet
  facet normal -0.492941 -0.870063 0
    outer loop
      vertex 6.40392 11.9809 0
      vertex 6.98409 11.6522 224.275
      vertex 6.40392 11.9809 224.275
    endloop
  endfacet
  facet normal -0.492941 -0.870063 -0
    outer loop
      vertex 6.98409 11.6522 224.275
      vertex 6.40392 11.9809 0
      vertex 6.98409 11.6522 0
    endloop
  endfacet
  facet normal -0.893218 0.449624 0
    outer loop
      vertex 11.9809 -6.40392 0
      vertex 12.2807 -5.80834 224.275
      vertex 12.2807 -5.80834 0
    endloop
  endfacet
  facet normal -0.893218 0.449624 0
    outer loop
      vertex 12.2807 -5.80834 224.275
      vertex 11.9809 -6.40392 0
      vertex 11.9809 -6.40392 224.275
    endloop
  endfacet
  facet normal 0.653147 -0.757231 0
    outer loop
      vertex -9.12313 10.0658 0
      vertex -8.61823 10.5013 224.275
      vertex -9.12313 10.0658 224.275
    endloop
  endfacet
  facet normal 0.653147 -0.757231 0
    outer loop
      vertex -8.61823 10.5013 224.275
      vertex -9.12313 10.0658 0
      vertex -8.61823 10.5013 0
    endloop
  endfacet
  facet normal -0.359934 -0.932978 0
    outer loop
      vertex 4.57665 12.7909 0
      vertex 5.19875 12.5509 224.275
      vertex 4.57665 12.7909 224.275
    endloop
  endfacet
  facet normal -0.359934 -0.932978 -0
    outer loop
      vertex 5.19875 12.5509 224.275
      vertex 4.57665 12.7909 0
      vertex 5.19875 12.5509 0
    endloop
  endfacet
  facet normal 0.985276 -0.170969 0
    outer loop
      vertex -13.438 1.99333 224.275
      vertex -13.324 2.6503 0
      vertex -13.324 2.6503 224.275
    endloop
  endfacet
  facet normal 0.985276 -0.170969 0
    outer loop
      vertex -13.324 2.6503 0
      vertex -13.438 1.99333 224.275
      vertex -13.438 1.99333 0
    endloop
  endfacet
  facet normal 0.359934 -0.932978 0
    outer loop
      vertex -5.19875 12.5509 0
      vertex -4.57665 12.7909 224.275
      vertex -5.19875 12.5509 224.275
    endloop
  endfacet
  facet normal 0.359934 -0.932978 0
    outer loop
      vertex -4.57665 12.7909 224.275
      vertex -5.19875 12.5509 0
      vertex -4.57665 12.7909 0
    endloop
  endfacet
  facet normal 0.985276 0.170969 0
    outer loop
      vertex -13.324 -2.6503 224.275
      vertex -13.438 -1.99333 0
      vertex -13.438 -1.99333 224.275
    endloop
  endfacet
  facet normal 0.985276 0.170969 0
    outer loop
      vertex -13.438 -1.99333 0
      vertex -13.324 -2.6503 224.275
      vertex -13.324 -2.6503 0
    endloop
  endfacet
  facet normal 0.949554 0.313603 0
    outer loop
      vertex -12.7909 -4.57665 224.275
      vertex -13 -3.94352 0
      vertex -13 -3.94352 224.275
    endloop
  endfacet
  facet normal 0.949554 0.313603 0
    outer loop
      vertex -13 -3.94352 0
      vertex -12.7909 -4.57665 224.275
      vertex -12.7909 -4.57665 0
    endloop
  endfacet
  facet normal 0.997296 -0.0734876 0
    outer loop
      vertex -13.5686 0.666584 224.275
      vertex -13.5196 1.33156 0
      vertex -13.5196 1.33156 224.275
    endloop
  endfacet
  facet normal 0.997296 -0.0734876 0
    outer loop
      vertex -13.5196 1.33156 0
      vertex -13.5686 0.666584 224.275
      vertex -13.5686 0.666584 0
    endloop
  endfacet
  facet normal -0.985276 0.170969 0
    outer loop
      vertex 13.324 -2.6503 0
      vertex 13.438 -1.99333 224.275
      vertex 13.438 -1.99333 0
    endloop
  endfacet
  facet normal -0.985276 0.170969 0
    outer loop
      vertex 13.438 -1.99333 224.275
      vertex 13.324 -2.6503 0
      vertex 13.324 -2.6503 224.275
    endloop
  endfacet
  facet normal 0.893218 0.449624 0
    outer loop
      vertex -11.9809 -6.40392 224.275
      vertex -12.2807 -5.80834 0
      vertex -12.2807 -5.80834 224.275
    endloop
  endfacet
  facet normal 0.893218 0.449624 0
    outer loop
      vertex -12.2807 -5.80834 0
      vertex -11.9809 -6.40392 224.275
      vertex -11.9809 -6.40392 0
    endloop
  endfacet
  facet normal -0.985276 -0.170969 0
    outer loop
      vertex 13.438 1.99333 0
      vertex 13.324 2.6503 224.275
      vertex 13.324 2.6503 0
    endloop
  endfacet
  facet normal -0.985276 -0.170969 0
    outer loop
      vertex 13.324 2.6503 224.275
      vertex 13.438 1.99333 0
      vertex 13.438 1.99333 224.275
    endloop
  endfacet
  facet normal -0.534971 -0.84487 0
    outer loop
      vertex 6.98409 11.6522 0
      vertex 7.54742 11.2955 224.275
      vertex 6.98409 11.6522 224.275
    endloop
  endfacet
  facet normal -0.534971 -0.84487 -0
    outer loop
      vertex 7.54742 11.2955 224.275
      vertex 6.98409 11.6522 0
      vertex 7.54742 11.2955 0
    endloop
  endfacet
  facet normal 0.0734876 0.997296 -0
    outer loop
      vertex -0.666584 -13.5686 0
      vertex -1.33156 -13.5196 224.275
      vertex -0.666584 -13.5686 224.275
    endloop
  endfacet
  facet normal 0.0734876 0.997296 0
    outer loop
      vertex -1.33156 -13.5196 224.275
      vertex -0.666584 -13.5686 0
      vertex -1.33156 -13.5196 0
    endloop
  endfacet
  facet normal -0.992483 0.122379 0
    outer loop
      vertex 13.438 -1.99333 0
      vertex 13.5196 -1.33156 224.275
      vertex 13.5196 -1.33156 0
    endloop
  endfacet
  facet normal -0.992483 0.122379 0
    outer loop
      vertex 13.5196 -1.33156 224.275
      vertex 13.438 -1.99333 0
      vertex 13.438 -1.99333 224.275
    endloop
  endfacet
  facet normal -0.313603 -0.949554 0
    outer loop
      vertex 3.94352 13 0
      vertex 4.57665 12.7909 224.275
      vertex 3.94352 13 224.275
    endloop
  endfacet
  facet normal -0.313603 -0.949554 -0
    outer loop
      vertex 4.57665 12.7909 224.275
      vertex 3.94352 13 0
      vertex 4.57665 12.7909 0
    endloop
  endfacet
  facet normal -0.266797 -0.963753 0
    outer loop
      vertex 3.30089 13.1779 0
      vertex 3.94352 13 224.275
      vertex 3.30089 13.1779 224.275
    endloop
  endfacet
  facet normal -0.266797 -0.963753 -0
    outer loop
      vertex 3.94352 13 224.275
      vertex 3.30089 13.1779 0
      vertex 3.94352 13 0
    endloop
  endfacet
  facet normal 0.122379 -0.992483 0
    outer loop
      vertex -1.99333 13.438 0
      vertex -1.33156 13.5196 224.275
      vertex -1.99333 13.438 224.275
    endloop
  endfacet
  facet normal 0.122379 -0.992483 0
    outer loop
      vertex -1.33156 13.5196 224.275
      vertex -1.99333 13.438 0
      vertex -1.33156 13.5196 0
    endloop
  endfacet
  facet normal 0.84487 0.534971 0
    outer loop
      vertex -11.2955 -7.54742 224.275
      vertex -11.6522 -6.98409 0
      vertex -11.6522 -6.98409 224.275
    endloop
  endfacet
  facet normal 0.84487 0.534971 0
    outer loop
      vertex -11.6522 -6.98409 0
      vertex -11.2955 -7.54742 224.275
      vertex -11.2955 -7.54742 0
    endloop
  endfacet
  facet normal 0.170969 -0.985276 0
    outer loop
      vertex -2.6503 13.324 0
      vertex -1.99333 13.438 224.275
      vertex -2.6503 13.324 224.275
    endloop
  endfacet
  facet normal 0.170969 -0.985276 0
    outer loop
      vertex -1.99333 13.438 224.275
      vertex -2.6503 13.324 0
      vertex -1.99333 13.438 0
    endloop
  endfacet
  facet normal 0.405225 0.914217 -0
    outer loop
      vertex -5.19875 -12.5509 0
      vertex -5.80834 -12.2807 224.275
      vertex -5.19875 -12.5509 224.275
    endloop
  endfacet
  facet normal 0.405225 0.914217 0
    outer loop
      vertex -5.80834 -12.2807 224.275
      vertex -5.19875 -12.5509 0
      vertex -5.80834 -12.2807 0
    endloop
  endfacet
  facet normal 0.689534 -0.724253 0
    outer loop
      vertex -9.60604 9.60604 0
      vertex -9.12313 10.0658 224.275
      vertex -9.60604 9.60604 224.275
    endloop
  endfacet
  facet normal 0.689534 -0.724253 0
    outer loop
      vertex -9.12313 10.0658 224.275
      vertex -9.60604 9.60604 0
      vertex -9.12313 10.0658 0
    endloop
  endfacet
  facet normal 0.788295 0.615298 0
    outer loop
      vertex -10.5013 -8.61823 224.275
      vertex -10.9116 -8.09257 0
      vertex -10.9116 -8.09257 224.275
    endloop
  endfacet
  facet normal 0.788295 0.615298 0
    outer loop
      vertex -10.9116 -8.09257 0
      vertex -10.5013 -8.61823 224.275
      vertex -10.5013 -8.61823 0
    endloop
  endfacet
  facet normal 0.0734876 -0.997296 0
    outer loop
      vertex -1.33156 13.5196 0
      vertex -0.666584 13.5686 224.275
      vertex -1.33156 13.5196 224.275
    endloop
  endfacet
  facet normal 0.0734876 -0.997296 0
    outer loop
      vertex -0.666584 13.5686 224.275
      vertex -1.33156 13.5196 0
      vertex -0.666584 13.5686 0
    endloop
  endfacet
  facet normal 0.449624 0.893218 -0
    outer loop
      vertex -5.80834 -12.2807 0
      vertex -6.40392 -11.9809 224.275
      vertex -5.80834 -12.2807 224.275
    endloop
  endfacet
  facet normal 0.449624 0.893218 0
    outer loop
      vertex -6.40392 -11.9809 224.275
      vertex -5.80834 -12.2807 0
      vertex -6.40392 -11.9809 0
    endloop
  endfacet
  facet normal -0.724253 0.689534 0
    outer loop
      vertex 9.60604 -9.60604 0
      vertex 10.0658 -9.12313 224.275
      vertex 10.0658 -9.12313 0
    endloop
  endfacet
  facet normal -0.724253 0.689534 0
    outer loop
      vertex 10.0658 -9.12313 224.275
      vertex 9.60604 -9.60604 0
      vertex 9.60604 -9.60604 224.275
    endloop
  endfacet
  facet normal 0.992483 0.122379 0
    outer loop
      vertex -13.438 -1.99333 224.275
      vertex -13.5196 -1.33156 0
      vertex -13.5196 -1.33156 224.275
    endloop
  endfacet
  facet normal 0.992483 0.122379 0
    outer loop
      vertex -13.5196 -1.33156 0
      vertex -13.438 -1.99333 224.275
      vertex -13.438 -1.99333 0
    endloop
  endfacet
  facet normal -0.492941 0.870063 0
    outer loop
      vertex 6.98409 -11.6522 0
      vertex 6.40392 -11.9809 224.275
      vertex 6.98409 -11.6522 224.275
    endloop
  endfacet
  facet normal -0.492941 0.870063 0
    outer loop
      vertex 6.40392 -11.9809 224.275
      vertex 6.98409 -11.6522 0
      vertex 6.40392 -11.9809 0
    endloop
  endfacet
  facet normal 0.534971 -0.84487 0
    outer loop
      vertex -7.54742 11.2955 0
      vertex -6.98409 11.6522 224.275
      vertex -7.54742 11.2955 224.275
    endloop
  endfacet
  facet normal 0.534971 -0.84487 0
    outer loop
      vertex -6.98409 11.6522 224.275
      vertex -7.54742 11.2955 0
      vertex -6.98409 11.6522 0
    endloop
  endfacet
  facet normal -0.170969 0.985276 0
    outer loop
      vertex 2.6503 -13.324 0
      vertex 1.99333 -13.438 224.275
      vertex 2.6503 -13.324 224.275
    endloop
  endfacet
  facet normal -0.170969 0.985276 0
    outer loop
      vertex 1.99333 -13.438 224.275
      vertex 2.6503 -13.324 0
      vertex 1.99333 -13.438 0
    endloop
  endfacet
  facet normal 0.266797 0.963753 -0
    outer loop
      vertex -3.30089 -13.1779 0
      vertex -3.94352 -13 224.275
      vertex -3.30089 -13.1779 224.275
    endloop
  endfacet
  facet normal 0.266797 0.963753 0
    outer loop
      vertex -3.94352 -13 224.275
      vertex -3.30089 -13.1779 0
      vertex -3.94352 -13 0
    endloop
  endfacet
  facet normal 0.724253 0.689534 0
    outer loop
      vertex -9.60604 -9.60604 224.275
      vertex -10.0658 -9.12313 0
      vertex -10.0658 -9.12313 224.275
    endloop
  endfacet
  facet normal 0.724253 0.689534 0
    outer loop
      vertex -10.0658 -9.12313 0
      vertex -9.60604 -9.60604 224.275
      vertex -9.60604 -9.60604 0
    endloop
  endfacet
  facet normal 0.266797 -0.963753 0
    outer loop
      vertex -3.94352 13 0
      vertex -3.30089 13.1779 224.275
      vertex -3.94352 13 224.275
    endloop
  endfacet
  facet normal 0.266797 -0.963753 0
    outer loop
      vertex -3.30089 13.1779 224.275
      vertex -3.94352 13 0
      vertex -3.30089 13.1779 0
    endloop
  endfacet
  facet normal -0.359934 0.932978 0
    outer loop
      vertex 5.19875 -12.5509 0
      vertex 4.57665 -12.7909 224.275
      vertex 5.19875 -12.5509 224.275
    endloop
  endfacet
  facet normal -0.359934 0.932978 0
    outer loop
      vertex 4.57665 -12.7909 224.275
      vertex 5.19875 -12.5509 0
      vertex 4.57665 -12.7909 0
    endloop
  endfacet
  facet normal 0.788295 -0.615298 0
    outer loop
      vertex -10.9116 8.09257 224.275
      vertex -10.5013 8.61823 0
      vertex -10.5013 8.61823 224.275
    endloop
  endfacet
  facet normal 0.788295 -0.615298 0
    outer loop
      vertex -10.5013 8.61823 0
      vertex -10.9116 8.09257 224.275
      vertex -10.9116 8.09257 0
    endloop
  endfacet
  facet normal 0.9757 0.219109 0
    outer loop
      vertex -13.1779 -3.30089 224.275
      vertex -13.324 -2.6503 0
      vertex -13.324 -2.6503 224.275
    endloop
  endfacet
  facet normal 0.9757 0.219109 0
    outer loop
      vertex -13.324 -2.6503 0
      vertex -13.1779 -3.30089 224.275
      vertex -13.1779 -3.30089 0
    endloop
  endfacet
  facet normal 0.84487 -0.534971 0
    outer loop
      vertex -11.6522 6.98409 224.275
      vertex -11.2955 7.54742 0
      vertex -11.2955 7.54742 224.275
    endloop
  endfacet
  facet normal 0.84487 -0.534971 0
    outer loop
      vertex -11.2955 7.54742 0
      vertex -11.6522 6.98409 224.275
      vertex -11.6522 6.98409 0
    endloop
  endfacet
  facet normal 0.997296 0.0734876 0
    outer loop
      vertex -13.5196 -1.33156 224.275
      vertex -13.5686 -0.666584 0
      vertex -13.5686 -0.666584 224.275
    endloop
  endfacet
  facet normal 0.997296 0.0734876 0
    outer loop
      vertex -13.5686 -0.666584 0
      vertex -13.5196 -1.33156 224.275
      vertex -13.5196 -1.33156 0
    endloop
  endfacet
  facet normal -0.170969 -0.985276 0
    outer loop
      vertex 1.99333 13.438 0
      vertex 2.6503 13.324 224.275
      vertex 1.99333 13.438 224.275
    endloop
  endfacet
  facet normal -0.170969 -0.985276 -0
    outer loop
      vertex 2.6503 13.324 224.275
      vertex 1.99333 13.438 0
      vertex 2.6503 13.324 0
    endloop
  endfacet
  facet normal 0.949554 -0.313603 0
    outer loop
      vertex -13 3.94352 224.275
      vertex -12.7909 4.57665 0
      vertex -12.7909 4.57665 224.275
    endloop
  endfacet
  facet normal 0.949554 -0.313603 0
    outer loop
      vertex -12.7909 4.57665 0
      vertex -13 3.94352 224.275
      vertex -13 3.94352 0
    endloop
  endfacet
  facet normal 0.932978 -0.359934 0
    outer loop
      vertex -12.7909 4.57665 224.275
      vertex -12.5509 5.19875 0
      vertex -12.5509 5.19875 224.275
    endloop
  endfacet
  facet normal 0.932978 -0.359934 0
    outer loop
      vertex -12.5509 5.19875 0
      vertex -12.7909 4.57665 224.275
      vertex -12.7909 4.57665 0
    endloop
  endfacet
  facet normal -0.788295 0.615298 0
    outer loop
      vertex 10.5013 -8.61823 0
      vertex 10.9116 -8.09257 224.275
      vertex 10.9116 -8.09257 0
    endloop
  endfacet
  facet normal -0.788295 0.615298 0
    outer loop
      vertex 10.9116 -8.09257 224.275
      vertex 10.5013 -8.61823 0
      vertex 10.5013 -8.61823 224.275
    endloop
  endfacet
  facet normal 0.313603 0.949554 -0
    outer loop
      vertex -3.94352 -13 0
      vertex -4.57665 -12.7909 224.275
      vertex -3.94352 -13 224.275
    endloop
  endfacet
  facet normal 0.313603 0.949554 0
    outer loop
      vertex -4.57665 -12.7909 224.275
      vertex -3.94352 -13 0
      vertex -4.57665 -12.7909 0
    endloop
  endfacet
  facet normal 0.992483 -0.122379 0
    outer loop
      vertex -13.5196 1.33156 224.275
      vertex -13.438 1.99333 0
      vertex -13.438 1.99333 224.275
    endloop
  endfacet
  facet normal 0.992483 -0.122379 0
    outer loop
      vertex -13.438 1.99333 0
      vertex -13.5196 1.33156 224.275
      vertex -13.5196 1.33156 0
    endloop
  endfacet
  facet normal -0.653147 0.757231 0
    outer loop
      vertex 9.12313 -10.0658 0
      vertex 8.61823 -10.5013 224.275
      vertex 9.12313 -10.0658 224.275
    endloop
  endfacet
  facet normal -0.653147 0.757231 0
    outer loop
      vertex 8.61823 -10.5013 224.275
      vertex 9.12313 -10.0658 0
      vertex 8.61823 -10.5013 0
    endloop
  endfacet
  facet normal -0.84487 0.534971 0
    outer loop
      vertex 11.2955 -7.54742 0
      vertex 11.6522 -6.98409 224.275
      vertex 11.6522 -6.98409 0
    endloop
  endfacet
  facet normal -0.84487 0.534971 0
    outer loop
      vertex 11.6522 -6.98409 224.275
      vertex 11.2955 -7.54742 0
      vertex 11.2955 -7.54742 224.275
    endloop
  endfacet
  facet normal 0.313603 -0.949554 0
    outer loop
      vertex -4.57665 12.7909 0
      vertex -3.94352 13 224.275
      vertex -4.57665 12.7909 224.275
    endloop
  endfacet
  facet normal 0.313603 -0.949554 0
    outer loop
      vertex -3.94352 13 224.275
      vertex -4.57665 12.7909 0
      vertex -3.94352 13 0
    endloop
  endfacet
  facet normal 0.963753 0.266797 0
    outer loop
      vertex -13 -3.94352 224.275
      vertex -13.1779 -3.30089 0
      vertex -13.1779 -3.30089 224.275
    endloop
  endfacet
  facet normal 0.963753 0.266797 0
    outer loop
      vertex -13.1779 -3.30089 0
      vertex -13 -3.94352 224.275
      vertex -13 -3.94352 0
    endloop
  endfacet
  facet normal 0.932978 0.359934 0
    outer loop
      vertex -12.5509 -5.19875 224.275
      vertex -12.7909 -4.57665 0
      vertex -12.7909 -4.57665 224.275
    endloop
  endfacet
  facet normal 0.932978 0.359934 0
    outer loop
      vertex -12.7909 -4.57665 0
      vertex -12.5509 -5.19875 224.275
      vertex -12.5509 -5.19875 0
    endloop
  endfacet
  facet normal 0.449624 -0.893218 0
    outer loop
      vertex -6.40392 11.9809 0
      vertex -5.80834 12.2807 224.275
      vertex -6.40392 11.9809 224.275
    endloop
  endfacet
  facet normal 0.449624 -0.893218 0
    outer loop
      vertex -5.80834 12.2807 224.275
      vertex -6.40392 11.9809 0
      vertex -5.80834 12.2807 0
    endloop
  endfacet
  facet normal -0.757231 -0.653147 0
    outer loop
      vertex 10.5013 8.61823 0
      vertex 10.0658 9.12313 224.275
      vertex 10.0658 9.12313 0
    endloop
  endfacet
  facet normal -0.757231 -0.653147 0
    outer loop
      vertex 10.0658 9.12313 224.275
      vertex 10.5013 8.61823 0
      vertex 10.5013 8.61823 224.275
    endloop
  endfacet
  facet normal 0.219109 0.9757 -0
    outer loop
      vertex -2.6503 -13.324 0
      vertex -3.30089 -13.1779 224.275
      vertex -2.6503 -13.324 224.275
    endloop
  endfacet
  facet normal 0.219109 0.9757 0
    outer loop
      vertex -3.30089 -13.1779 224.275
      vertex -2.6503 -13.324 0
      vertex -3.30089 -13.1779 0
    endloop
  endfacet
  facet normal -0.266797 0.963753 0
    outer loop
      vertex 3.94352 -13 0
      vertex 3.30089 -13.1779 224.275
      vertex 3.94352 -13 224.275
    endloop
  endfacet
  facet normal -0.266797 0.963753 0
    outer loop
      vertex 3.30089 -13.1779 224.275
      vertex 3.94352 -13 0
      vertex 3.30089 -13.1779 0
    endloop
  endfacet
  facet normal 0.914217 -0.405225 0
    outer loop
      vertex -12.5509 5.19875 224.275
      vertex -12.2807 5.80834 0
      vertex -12.2807 5.80834 224.275
    endloop
  endfacet
  facet normal 0.914217 -0.405225 0
    outer loop
      vertex -12.2807 5.80834 0
      vertex -12.5509 5.19875 224.275
      vertex -12.5509 5.19875 0
    endloop
  endfacet
  facet normal 0.615298 0.788295 -0
    outer loop
      vertex -8.09257 -10.9116 0
      vertex -8.61823 -10.5013 224.275
      vertex -8.09257 -10.9116 224.275
    endloop
  endfacet
  facet normal 0.615298 0.788295 0
    outer loop
      vertex -8.61823 -10.5013 224.275
      vertex -8.09257 -10.9116 0
      vertex -8.61823 -10.5013 0
    endloop
  endfacet
  facet normal 0.534971 0.84487 -0
    outer loop
      vertex -6.98409 -11.6522 0
      vertex -7.54742 -11.2955 224.275
      vertex -6.98409 -11.6522 224.275
    endloop
  endfacet
  facet normal 0.534971 0.84487 0
    outer loop
      vertex -7.54742 -11.2955 224.275
      vertex -6.98409 -11.6522 0
      vertex -7.54742 -11.2955 0
    endloop
  endfacet
  facet normal 0.359934 0.932978 -0
    outer loop
      vertex -4.57665 -12.7909 0
      vertex -5.19875 -12.5509 224.275
      vertex -4.57665 -12.7909 224.275
    endloop
  endfacet
  facet normal 0.359934 0.932978 0
    outer loop
      vertex -5.19875 -12.5509 224.275
      vertex -4.57665 -12.7909 0
      vertex -5.19875 -12.5509 0
    endloop
  endfacet
  facet normal 0.492941 0.870063 -0
    outer loop
      vertex -6.40392 -11.9809 0
      vertex -6.98409 -11.6522 224.275
      vertex -6.40392 -11.9809 224.275
    endloop
  endfacet
  facet normal 0.492941 0.870063 0
    outer loop
      vertex -6.98409 -11.6522 224.275
      vertex -6.40392 -11.9809 0
      vertex -6.98409 -11.6522 0
    endloop
  endfacet
  facet normal -0.219109 -0.9757 0
    outer loop
      vertex 2.6503 13.324 0
      vertex 3.30089 13.1779 224.275
      vertex 2.6503 13.324 224.275
    endloop
  endfacet
  facet normal -0.219109 -0.9757 -0
    outer loop
      vertex 3.30089 13.1779 224.275
      vertex 2.6503 13.324 0
      vertex 3.30089 13.1779 0
    endloop
  endfacet
  facet normal 0.870063 -0.492941 0
    outer loop
      vertex -11.9809 6.40392 224.275
      vertex -11.6522 6.98409 0
      vertex -11.6522 6.98409 224.275
    endloop
  endfacet
  facet normal 0.870063 -0.492941 0
    outer loop
      vertex -11.6522 6.98409 0
      vertex -11.9809 6.40392 224.275
      vertex -11.9809 6.40392 0
    endloop
  endfacet
  facet normal -0.707 -0.0173944 -0.707
    outer loop
      vertex 13.5686 0.666584 224.275
      vertex 13.585 0 224.275
      vertex 0 0 237.86
    endloop
  endfacet
  facet normal 0.631696 -0.31798 -0.707
    outer loop
      vertex -11.9809 6.40392 224.275
      vertex 0 0 237.86
      vertex -12.2807 5.80834 224.275
    endloop
  endfacet
  facet normal 0.461915 -0.535524 -0.707
    outer loop
      vertex -8.61823 10.5013 224.275
      vertex 0 0 237.86
      vertex -9.12313 10.0658 224.275
    endloop
  endfacet
  facet normal -0.348615 0.61532 -0.707
    outer loop
      vertex 6.98409 -11.6522 224.275
      vertex 6.40392 -11.9809 224.275
      vertex 0 0 237.86
    endloop
  endfacet
  facet normal 0.646546 -0.286581 -0.707
    outer loop
      vertex -12.2807 5.80834 224.275
      vertex 0 0 237.86
      vertex -12.5509 5.19875 224.275
    endloop
  endfacet
  facet normal -0.557493 -0.435147 -0.707
    outer loop
      vertex 10.5013 8.61823 224.275
      vertex 10.9116 8.09257 224.275
      vertex 0 0 237.86
    endloop
  endfacet
  facet normal 0.31798 -0.631696 -0.707
    outer loop
      vertex -5.80834 12.2807 224.275
      vertex 0 0 237.86
      vertex -6.40392 11.9809 224.275
    endloop
  endfacet
  facet normal 0.25455 -0.659814 -0.707001
    outer loop
      vertex -4.57665 12.7909 224.275
      vertex 0 0 237.86
      vertex -5.19875 12.5509 224.275
    endloop
  endfacet
  facet normal -0.597504 0.378339 -0.707
    outer loop
      vertex 11.6522 -6.98409 224.275
      vertex 11.2955 -7.54742 224.275
      vertex 0 0 237.86
    endloop
  endfacet
  facet normal -0.378339 -0.597504 -0.707
    outer loop
      vertex 6.98409 11.6522 224.275
      vertex 7.54742 11.2955 224.275
      vertex 0 0 237.86
    endloop
  endfacet
  facet normal -0.0865479 -0.701897 -0.707001
    outer loop
      vertex 1.33156 13.5196 224.275
      vertex 1.99333 13.438 224.275
      vertex 0 0 237.86
    endloop
  endfacet
  facet normal -0.407192 -0.578226 -0.707
    outer loop
      vertex 7.54742 11.2955 224.275
      vertex 8.09257 10.9116 224.275
      vertex 0 0 237.86
    endloop
  endfacet
  facet normal -0.578226 -0.407192 -0.707
    outer loop
      vertex 10.9116 8.09257 224.275
      vertex 11.2955 7.54742 224.275
      vertex 0 0 237.86
    endloop
  endfacet
  facet normal 0.31798 0.631696 -0.707
    outer loop
      vertex 0 0 237.86
      vertex -5.80834 -12.2807 224.275
      vertex -6.40392 -11.9809 224.275
    endloop
  endfacet
  facet normal -0.512202 0.487648 -0.707
    outer loop
      vertex 10.0658 -9.12313 224.275
      vertex 9.60604 -9.60604 224.275
      vertex 0 0 237.86
    endloop
  endfacet
  facet normal -0.0865479 0.701897 -0.707001
    outer loop
      vertex 1.99333 -13.438 224.275
      vertex 1.33156 -13.5196 224.275
      vertex 0 0 237.86
    endloop
  endfacet
  facet normal 0.659814 -0.25455 -0.707001
    outer loop
      vertex -12.5509 5.19875 224.275
      vertex 0 0 237.86
      vertex -12.7909 4.57665 224.275
    endloop
  endfacet
  facet normal 0.0519714 -0.705301 -0.707
    outer loop
      vertex -0.666584 13.5686 224.275
      vertex 0 0 237.86
      vertex -1.33156 13.5196 224.275
    endloop
  endfacet
  facet normal 0.705301 -0.0519714 -0.707
    outer loop
      vertex -13.5196 1.33156 224.275
      vertex 0 0 237.86
      vertex -13.5686 0.666584 224.275
    endloop
  endfacet
  facet normal 0.512202 -0.487648 -0.707
    outer loop
      vertex -9.60604 9.60604 224.275
      vertex 0 0 237.86
      vertex -10.0658 9.12313 224.275
    endloop
  endfacet
  facet normal 0.6968 -0.120911 -0.707001
    outer loop
      vertex -13.324 2.6503 224.275
      vertex 0 0 237.86
      vertex -13.438 1.99333 224.275
    endloop
  endfacet
  facet normal 0.0173944 -0.707 -0.707
    outer loop
      vertex 0 13.585 224.275
      vertex 0 0 237.86
      vertex -0.666584 13.5686 224.275
    endloop
  endfacet
  facet normal 0.681579 -0.188682 -0.707
    outer loop
      vertex -13 3.94352 224.275
      vertex 0 0 237.86
      vertex -13.1779 3.30089 224.275
    endloop
  endfacet
  facet normal 0.701897 -0.0865479 -0.707001
    outer loop
      vertex -13.438 1.99333 224.275
      vertex 0 0 237.86
      vertex -13.5196 1.33156 224.275
    endloop
  endfacet
  facet normal 0.407192 -0.578226 -0.707
    outer loop
      vertex -7.54742 11.2955 224.275
      vertex 0 0 237.86
      vertex -8.09257 10.9116 224.275
    endloop
  endfacet
  facet normal -0.348615 -0.61532 -0.707
    outer loop
      vertex 6.40392 11.9809 224.275
      vertex 6.98409 11.6522 224.275
      vertex 0 0 237.86
    endloop
  endfacet
  facet normal 0.154956 -0.690028 -0.707001
    outer loop
      vertex -2.6503 13.324 224.275
      vertex 0 0 237.86
      vertex -3.30089 13.1779 224.275
    endloop
  endfacet
  facet normal 0.646546 0.286581 -0.707
    outer loop
      vertex 0 0 237.86
      vertex -12.2807 -5.80834 224.275
      vertex -12.5509 -5.19875 224.275
    endloop
  endfacet
  facet normal -0.435147 0.557493 -0.707
    outer loop
      vertex 8.61823 -10.5013 224.275
      vertex 8.09257 -10.9116 224.275
      vertex 0 0 237.86
    endloop
  endfacet
  facet normal 0.61532 -0.348615 -0.707
    outer loop
      vertex -11.6522 6.98409 224.275
      vertex 0 0 237.86
      vertex -11.9809 6.40392 224.275
    endloop
  endfacet
  facet normal 0.535524 -0.461915 -0.707
    outer loop
      vertex -10.0658 9.12313 224.275
      vertex 0 0 237.86
      vertex -10.5013 8.61823 224.275
    endloop
  endfacet
  facet normal 0.6968 0.120911 -0.707001
    outer loop
      vertex 0 0 237.86
      vertex -13.324 -2.6503 224.275
      vertex -13.438 -1.99333 224.275
    endloop
  endfacet
  facet normal -0.671537 -0.221785 -0.707
    outer loop
      vertex 12.7909 4.57665 224.275
      vertex 13 3.94352 224.275
      vertex 0 0 237.86
    endloop
  endfacet
  facet normal -0.61532 0.348615 -0.707
    outer loop
      vertex 11.9809 -6.40392 224.275
      vertex 11.6522 -6.98409 224.275
      vertex 0 0 237.86
    endloop
  endfacet
  facet normal 0.597504 0.378339 -0.707
    outer loop
      vertex 0 0 237.86
      vertex -11.2955 -7.54742 224.275
      vertex -11.6522 -6.98409 224.275
    endloop
  endfacet
  facet normal 0.0519714 0.705301 -0.707
    outer loop
      vertex 0 0 237.86
      vertex -0.666584 -13.5686 224.275
      vertex -1.33156 -13.5196 224.275
    endloop
  endfacet
  facet normal -0.535524 0.461915 -0.707
    outer loop
      vertex 10.5013 -8.61823 224.275
      vertex 10.0658 -9.12313 224.275
      vertex 0 0 237.86
    endloop
  endfacet
  facet normal 0.707 -0.0173944 -0.707
    outer loop
      vertex -13.5686 0.666584 224.275
      vertex 0 0 237.86
      vertex -13.585 0 224.275
    endloop
  endfacet
  facet normal 0.435147 0.557493 -0.707
    outer loop
      vertex 0 0 237.86
      vertex -8.09257 -10.9116 224.275
      vertex -8.61823 -10.5013 224.275
    endloop
  endfacet
  facet normal 0.578226 -0.407192 -0.707
    outer loop
      vertex -10.9116 8.09257 224.275
      vertex 0 0 237.86
      vertex -11.2955 7.54742 224.275
    endloop
  endfacet
  facet normal 0.557493 -0.435147 -0.707
    outer loop
      vertex -10.5013 8.61823 224.275
      vertex 0 0 237.86
      vertex -10.9116 8.09257 224.275
    endloop
  endfacet
  facet normal 0.286581 -0.646546 -0.707
    outer loop
      vertex -5.19875 12.5509 224.275
      vertex 0 0 237.86
      vertex -5.80834 12.2807 224.275
    endloop
  endfacet
  facet normal -0.0519714 0.705301 -0.707
    outer loop
      vertex 1.33156 -13.5196 224.275
      vertex 0.666584 -13.5686 224.275
      vertex 0 0 237.86
    endloop
  endfacet
  facet normal -0.512202 -0.487648 -0.707
    outer loop
      vertex 9.60604 9.60604 224.275
      vertex 10.0658 9.12313 224.275
      vertex 0 0 237.86
    endloop
  endfacet
  facet normal 0.690028 0.154956 -0.707001
    outer loop
      vertex 0 0 237.86
      vertex -13.1779 -3.30089 224.275
      vertex -13.324 -2.6503 224.275
    endloop
  endfacet
  facet normal 0.535524 0.461915 -0.707
    outer loop
      vertex 0 0 237.86
      vertex -10.0658 -9.12313 224.275
      vertex -10.5013 -8.61823 224.275
    endloop
  endfacet
  facet normal 0.487648 -0.512202 -0.707
    outer loop
      vertex -9.12313 10.0658 224.275
      vertex 0 0 237.86
      vertex -9.60604 9.60604 224.275
    endloop
  endfacet
  facet normal 0.597504 -0.378339 -0.707
    outer loop
      vertex -11.2955 7.54742 224.275
      vertex 0 0 237.86
      vertex -11.6522 6.98409 224.275
    endloop
  endfacet
  facet normal -0.578226 0.407192 -0.707
    outer loop
      vertex 11.2955 -7.54742 224.275
      vertex 10.9116 -8.09257 224.275
      vertex 0 0 237.86
    endloop
  endfacet
  facet normal 0.378339 -0.597504 -0.707
    outer loop
      vertex -6.98409 11.6522 224.275
      vertex 0 0 237.86
      vertex -7.54742 11.2955 224.275
    endloop
  endfacet
  facet normal 0.671537 -0.221785 -0.707
    outer loop
      vertex -12.7909 4.57665 224.275
      vertex 0 0 237.86
      vertex -13 3.94352 224.275
    endloop
  endfacet
  facet normal 0.25455 0.659814 -0.707001
    outer loop
      vertex 0 0 237.86
      vertex -4.57665 -12.7909 224.275
      vertex -5.19875 -12.5509 224.275
    endloop
  endfacet
  facet normal -0.435147 -0.557493 -0.707
    outer loop
      vertex 8.09257 10.9116 224.275
      vertex 8.61823 10.5013 224.275
      vertex 0 0 237.86
    endloop
  endfacet
  facet normal -0.461915 -0.535524 -0.707
    outer loop
      vertex 8.61823 10.5013 224.275
      vertex 9.12313 10.0658 224.275
      vertex 0 0 237.86
    endloop
  endfacet
  facet normal -0.61532 -0.348615 -0.707
    outer loop
      vertex 11.6522 6.98409 224.275
      vertex 11.9809 6.40392 224.275
      vertex 0 0 237.86
    endloop
  endfacet
  facet normal 0.690028 -0.154956 -0.707001
    outer loop
      vertex -13.1779 3.30089 224.275
      vertex 0 0 237.86
      vertex -13.324 2.6503 224.275
    endloop
  endfacet
  facet normal -0.6968 0.120911 -0.707001
    outer loop
      vertex 13.438 -1.99333 224.275
      vertex 13.324 -2.6503 224.275
      vertex 0 0 237.86
    endloop
  endfacet
  facet normal -0.705301 0.0519714 -0.707
    outer loop
      vertex 13.5686 -0.666584 224.275
      vertex 13.5196 -1.33156 224.275
      vertex 0 0 237.86
    endloop
  endfacet
  facet normal 0.61532 0.348615 -0.707
    outer loop
      vertex 0 0 237.86
      vertex -11.6522 -6.98409 224.275
      vertex -11.9809 -6.40392 224.275
    endloop
  endfacet
  facet normal -0.188682 -0.681579 -0.707
    outer loop
      vertex 3.30089 13.1779 224.275
      vertex 3.94352 13 224.275
      vertex 0 0 237.86
    endloop
  endfacet
  facet normal -0.221785 -0.671537 -0.707
    outer loop
      vertex 3.94352 13 224.275
      vertex 4.57665 12.7909 224.275
      vertex 0 0 237.86
    endloop
  endfacet
  facet normal 0.221785 -0.671537 -0.707
    outer loop
      vertex -3.94352 13 224.275
      vertex 0 0 237.86
      vertex -4.57665 12.7909 224.275
    endloop
  endfacet
  facet normal -0.681579 -0.188682 -0.707
    outer loop
      vertex 13 3.94352 224.275
      vertex 13.1779 3.30089 224.275
      vertex 0 0 237.86
    endloop
  endfacet
  facet normal 0.348615 -0.61532 -0.707
    outer loop
      vertex -6.40392 11.9809 224.275
      vertex 0 0 237.86
      vertex -6.98409 11.6522 224.275
    endloop
  endfacet
  facet normal 0.659814 0.25455 -0.707001
    outer loop
      vertex 0 0 237.86
      vertex -12.5509 -5.19875 224.275
      vertex -12.7909 -4.57665 224.275
    endloop
  endfacet
  facet normal -0.535524 -0.461915 -0.707
    outer loop
      vertex 10.0658 9.12313 224.275
      vertex 10.5013 8.61823 224.275
      vertex 0 0 237.86
    endloop
  endfacet
  facet normal 0.0865479 0.701897 -0.707001
    outer loop
      vertex 0 0 237.86
      vertex -1.33156 -13.5196 224.275
      vertex -1.99333 -13.438 224.275
    endloop
  endfacet
  facet normal 0.120911 0.6968 -0.707001
    outer loop
      vertex 0 0 237.86
      vertex -1.99333 -13.438 224.275
      vertex -2.6503 -13.324 224.275
    endloop
  endfacet
  facet normal -0.0173944 0.707 -0.707
    outer loop
      vertex 0 0 237.86
      vertex 0.666584 -13.5686 224.275
      vertex 0 -13.585 224.275
    endloop
  endfacet
  facet normal -0.646546 -0.286581 -0.707
    outer loop
      vertex 12.2807 5.80834 224.275
      vertex 12.5509 5.19875 224.275
      vertex 0 0 237.86
    endloop
  endfacet
  facet normal -0.659814 -0.25455 -0.707001
    outer loop
      vertex 12.5509 5.19875 224.275
      vertex 12.7909 4.57665 224.275
      vertex 0 0 237.86
    endloop
  endfacet
  facet normal 0.435147 -0.557493 -0.707
    outer loop
      vertex -8.09257 10.9116 224.275
      vertex 0 0 237.86
      vertex -8.61823 10.5013 224.275
    endloop
  endfacet
  facet normal 0.0865479 -0.701897 -0.707001
    outer loop
      vertex -1.33156 13.5196 224.275
      vertex 0 0 237.86
      vertex -1.99333 13.438 224.275
    endloop
  endfacet
  facet normal -0.690028 -0.154956 -0.707001
    outer loop
      vertex 13.1779 3.30089 224.275
      vertex 13.324 2.6503 224.275
      vertex 0 0 237.86
    endloop
  endfacet
  facet normal -0.31798 0.631696 -0.707
    outer loop
      vertex 6.40392 -11.9809 224.275
      vertex 5.80834 -12.2807 224.275
      vertex 0 0 237.86
    endloop
  endfacet
  facet normal -0.31798 -0.631696 -0.707
    outer loop
      vertex 5.80834 12.2807 224.275
      vertex 6.40392 11.9809 224.275
      vertex 0 0 237.86
    endloop
  endfacet
  facet normal -0.631696 -0.31798 -0.707
    outer loop
      vertex 11.9809 6.40392 224.275
      vertex 12.2807 5.80834 224.275
      vertex 0 0 237.86
    endloop
  endfacet
  facet normal -0.0519714 -0.705301 -0.707
    outer loop
      vertex 0.666584 13.5686 224.275
      vertex 1.33156 13.5196 224.275
      vertex 0 0 237.86
    endloop
  endfacet
  facet normal 0.120911 -0.6968 -0.707001
    outer loop
      vertex -1.99333 13.438 224.275
      vertex 0 0 237.86
      vertex -2.6503 13.324 224.275
    endloop
  endfacet
  facet normal -0.0173944 -0.707 -0.707
    outer loop
      vertex 0 13.585 224.275
      vertex 0.666584 13.5686 224.275
      vertex 0 0 237.86
    endloop
  endfacet
  facet normal 0.188682 -0.681579 -0.707
    outer loop
      vertex -3.30089 13.1779 224.275
      vertex 0 0 237.86
      vertex -3.94352 13 224.275
    endloop
  endfacet
  facet normal -0.557493 0.435147 -0.707
    outer loop
      vertex 10.9116 -8.09257 224.275
      vertex 10.5013 -8.61823 224.275
      vertex 0 0 237.86
    endloop
  endfacet
  facet normal -0.487648 -0.512202 -0.707
    outer loop
      vertex 9.12313 10.0658 224.275
      vertex 9.60604 9.60604 224.275
      vertex 0 0 237.86
    endloop
  endfacet
  facet normal -0.120911 -0.6968 -0.707001
    outer loop
      vertex 1.99333 13.438 224.275
      vertex 2.6503 13.324 224.275
      vertex 0 0 237.86
    endloop
  endfacet
  facet normal -0.154956 -0.690028 -0.707001
    outer loop
      vertex 2.6503 13.324 224.275
      vertex 3.30089 13.1779 224.275
      vertex 0 0 237.86
    endloop
  endfacet
  facet normal 0.348615 0.61532 -0.707
    outer loop
      vertex 0 0 237.86
      vertex -6.40392 -11.9809 224.275
      vertex -6.98409 -11.6522 224.275
    endloop
  endfacet
  facet normal -0.25455 -0.659814 -0.707001
    outer loop
      vertex 4.57665 12.7909 224.275
      vertex 5.19875 12.5509 224.275
      vertex 0 0 237.86
    endloop
  endfacet
  facet normal -0.597504 -0.378339 -0.707
    outer loop
      vertex 11.2955 7.54742 224.275
      vertex 11.6522 6.98409 224.275
      vertex 0 0 237.86
    endloop
  endfacet
  facet normal 0.512202 0.487648 -0.707
    outer loop
      vertex 0 0 237.86
      vertex -9.60604 -9.60604 224.275
      vertex -10.0658 -9.12313 224.275
    endloop
  endfacet
  facet normal -0.286581 -0.646546 -0.707
    outer loop
      vertex 5.19875 12.5509 224.275
      vertex 5.80834 12.2807 224.275
      vertex 0 0 237.86
    endloop
  endfacet
  facet normal -0.646546 0.286581 -0.707
    outer loop
      vertex 12.5509 -5.19875 224.275
      vertex 12.2807 -5.80834 224.275
      vertex 0 0 237.86
    endloop
  endfacet
  facet normal -0.631696 0.31798 -0.707
    outer loop
      vertex 12.2807 -5.80834 224.275
      vertex 11.9809 -6.40392 224.275
      vertex 0 0 237.86
    endloop
  endfacet
  facet normal -0.690028 0.154956 -0.707001
    outer loop
      vertex 13.324 -2.6503 224.275
      vertex 13.1779 -3.30089 224.275
      vertex 0 0 237.86
    endloop
  endfacet
  facet normal -0.681579 0.188682 -0.707
    outer loop
      vertex 13.1779 -3.30089 224.275
      vertex 13 -3.94352 224.275
      vertex 0 0 237.86
    endloop
  endfacet
  facet normal -0.487648 0.512202 -0.707
    outer loop
      vertex 9.60604 -9.60604 224.275
      vertex 9.12313 -10.0658 224.275
      vertex 0 0 237.86
    endloop
  endfacet
  facet normal -0.461915 0.535524 -0.707
    outer loop
      vertex 9.12313 -10.0658 224.275
      vertex 8.61823 -10.5013 224.275
      vertex 0 0 237.86
    endloop
  endfacet
  facet normal -0.25455 0.659814 -0.707001
    outer loop
      vertex 5.19875 -12.5509 224.275
      vertex 4.57665 -12.7909 224.275
      vertex 0 0 237.86
    endloop
  endfacet
  facet normal -0.221785 0.671537 -0.707
    outer loop
      vertex 4.57665 -12.7909 224.275
      vertex 3.94352 -13 224.275
      vertex 0 0 237.86
    endloop
  endfacet
  facet normal 0.378339 0.597504 -0.707
    outer loop
      vertex 0 0 237.86
      vertex -6.98409 -11.6522 224.275
      vertex -7.54742 -11.2955 224.275
    endloop
  endfacet
  facet normal 0.671537 0.221785 -0.707
    outer loop
      vertex 0 0 237.86
      vertex -12.7909 -4.57665 224.275
      vertex -13 -3.94352 224.275
    endloop
  endfacet
  facet normal -0.286581 0.646546 -0.707
    outer loop
      vertex 5.80834 -12.2807 224.275
      vertex 5.19875 -12.5509 224.275
      vertex 0 0 237.86
    endloop
  endfacet
  facet normal 0.461915 0.535524 -0.707
    outer loop
      vertex 0 0 237.86
      vertex -8.61823 -10.5013 224.275
      vertex -9.12313 -10.0658 224.275
    endloop
  endfacet
  facet normal 0.487648 0.512202 -0.707
    outer loop
      vertex 0 0 237.86
      vertex -9.12313 -10.0658 224.275
      vertex -9.60604 -9.60604 224.275
    endloop
  endfacet
  facet normal 0.286581 0.646546 -0.707
    outer loop
      vertex 0 0 237.86
      vertex -5.19875 -12.5509 224.275
      vertex -5.80834 -12.2807 224.275
    endloop
  endfacet
  facet normal -0.671537 0.221785 -0.707
    outer loop
      vertex 13 -3.94352 224.275
      vertex 12.7909 -4.57665 224.275
      vertex 0 0 237.86
    endloop
  endfacet
  facet normal -0.659814 0.25455 -0.707001
    outer loop
      vertex 12.7909 -4.57665 224.275
      vertex 12.5509 -5.19875 224.275
      vertex 0 0 237.86
    endloop
  endfacet
  facet normal 0.681579 0.188682 -0.707
    outer loop
      vertex 0 0 237.86
      vertex -13 -3.94352 224.275
      vertex -13.1779 -3.30089 224.275
    endloop
  endfacet
  facet normal -0.701897 0.0865479 -0.707001
    outer loop
      vertex 13.5196 -1.33156 224.275
      vertex 13.438 -1.99333 224.275
      vertex 0 0 237.86
    endloop
  endfacet
  facet normal -0.6968 -0.120911 -0.707001
    outer loop
      vertex 13.324 2.6503 224.275
      vertex 13.438 1.99333 224.275
      vertex 0 0 237.86
    endloop
  endfacet
  facet normal -0.707 0.0173944 -0.707
    outer loop
      vertex 13.585 0 224.275
      vertex 13.5686 -0.666584 224.275
      vertex 0 0 237.86
    endloop
  endfacet
  facet normal -0.701897 -0.0865479 -0.707001
    outer loop
      vertex 13.438 1.99333 224.275
      vertex 13.5196 1.33156 224.275
      vertex 0 0 237.86
    endloop
  endfacet
  facet normal -0.705301 -0.0519714 -0.707
    outer loop
      vertex 13.5196 1.33156 224.275
      vertex 13.5686 0.666584 224.275
      vertex 0 0 237.86
    endloop
  endfacet
  facet normal -0.188682 0.681579 -0.707
    outer loop
      vertex 3.94352 -13 224.275
      vertex 3.30089 -13.1779 224.275
      vertex 0 0 237.86
    endloop
  endfacet
  facet normal -0.154956 0.690028 -0.707001
    outer loop
      vertex 3.30089 -13.1779 224.275
      vertex 2.6503 -13.324 224.275
      vertex 0 0 237.86
    endloop
  endfacet
  facet normal -0.407192 0.578226 -0.707
    outer loop
      vertex 8.09257 -10.9116 224.275
      vertex 7.54742 -11.2955 224.275
      vertex 0 0 237.86
    endloop
  endfacet
  facet normal 0.631696 0.31798 -0.707
    outer loop
      vertex 0 0 237.86
      vertex -11.9809 -6.40392 224.275
      vertex -12.2807 -5.80834 224.275
    endloop
  endfacet
  facet normal 0.557493 0.435147 -0.707
    outer loop
      vertex 0 0 237.86
      vertex -10.5013 -8.61823 224.275
      vertex -10.9116 -8.09257 224.275
    endloop
  endfacet
  facet normal -0.378339 0.597504 -0.707
    outer loop
      vertex 7.54742 -11.2955 224.275
      vertex 6.98409 -11.6522 224.275
      vertex 0 0 237.86
    endloop
  endfacet
  facet normal 0.154956 0.690028 -0.707001
    outer loop
      vertex 0 0 237.86
      vertex -2.6503 -13.324 224.275
      vertex -3.30089 -13.1779 224.275
    endloop
  endfacet
  facet normal 0.188682 0.681579 -0.707
    outer loop
      vertex 0 0 237.86
      vertex -3.30089 -13.1779 224.275
      vertex -3.94352 -13 224.275
    endloop
  endfacet
  facet normal 0.0173944 0.707 -0.707
    outer loop
      vertex 0 0 237.86
      vertex 0 -13.585 224.275
      vertex -0.666584 -13.5686 224.275
    endloop
  endfacet
  facet normal 0.578226 0.407192 -0.707
    outer loop
      vertex 0 0 237.86
      vertex -10.9116 -8.09257 224.275
      vertex -11.2955 -7.54742 224.275
    endloop
  endfacet
  facet normal -0.120911 0.6968 -0.707001
    outer loop
      vertex 2.6503 -13.324 224.275
      vertex 1.99333 -13.438 224.275
      vertex 0 0 237.86
    endloop
  endfacet
  facet normal 0.407192 0.578226 -0.707
    outer loop
      vertex 0 0 237.86
      vertex -7.54742 -11.2955 224.275
      vertex -8.09257 -10.9116 224.275
    endloop
  endfacet
  facet normal 0.221785 0.671537 -0.707
    outer loop
      vertex 0 0 237.86
      vertex -3.94352 -13 224.275
      vertex -4.57665 -12.7909 224.275
    endloop
  endfacet
  facet normal 0.701897 0.0865479 -0.707001
    outer loop
      vertex 0 0 237.86
      vertex -13.438 -1.99333 224.275
      vertex -13.5196 -1.33156 224.275
    endloop
  endfacet
  facet normal 0.705301 0.0519714 -0.707
    outer loop
      vertex 0 0 237.86
      vertex -13.5196 -1.33156 224.275
      vertex -13.5686 -0.666584 224.275
    endloop
  endfacet
  facet normal 0.707 0.0173944 -0.707
    outer loop
      vertex 0 0 237.86
      vertex -13.5686 -0.666584 224.275
      vertex -13.585 0 224.275
    endloop
  endfacet
endsolid OpenSCAD_Model
