solid OpenSCAD_Model
  facet normal 0 -1 0
    outer loop
      vertex 18.5 5.25 79.8625
      vertex 21.7824 5.25 80.1907
      vertex 21.346 5.25 83.1634
    endloop
  endfacet
  facet normal 0 -1 0
    outer loop
      vertex 18.5 5.25 47.8625
      vertex 21.7824 5.25 80.1907
      vertex 18.5 5.25 79.8625
    endloop
  endfacet
  facet normal 0 -1 0
    outer loop
      vertex 22.6411 5.25 47.3173
      vertex 21.7824 5.25 80.1907
      vertex 18.5 5.25 47.8625
    endloop
  endfacet
  facet normal 0 -1 0
    outer loop
      vertex 26.5 5.25 45.7189
      vertex 21.7824 5.25 80.1907
      vertex 22.6411 5.25 47.3173
    endloop
  endfacet
  facet normal 0 -1 0
    outer loop
      vertex 21.7824 5.25 80.1907
      vertex 26.5 5.25 45.7189
      vertex 26.8868 5.25 45.4221
    endloop
  endfacet
  facet normal 0 -1 0
    outer loop
      vertex 22.6411 5.25 16.4077
      vertex 23.7047 5.25 8.48943
      vertex 24.4838 5.25 17.1709
    endloop
  endfacet
  facet normal 0 -1 0
    outer loop
      vertex 18.5 5.25 15.8625
      vertex 23.7047 5.25 8.48943
      vertex 22.6411 5.25 16.4077
    endloop
  endfacet
  facet normal 0 -1 0
    outer loop
      vertex 18.5 5.25 -1.90735e-07
      vertex 23.7047 5.25 8.48943
      vertex 18.5 5.25 15.8625
    endloop
  endfacet
  facet normal 0 -1 0
    outer loop
      vertex 23.7047 5.25 8.48943
      vertex 18.5 5.25 -1.90735e-07
      vertex 22.9428 5.25 -1.90735e-07
    endloop
  endfacet
  facet normal 0 1 0
    outer loop
      vertex 25.2921 -5.25 56.2839
      vertex 18.5 -5.25 79.8625
      vertex 21.346 -5.25 83.1634
    endloop
  endfacet
  facet normal 0 1 0
    outer loop
      vertex 25.2921 -5.25 56.2839
      vertex 18.5 -5.25 47.8625
      vertex 18.5 -5.25 79.8625
    endloop
  endfacet
  facet normal 0 1 0
    outer loop
      vertex 25.2921 -5.25 56.2839
      vertex 22.6411 -5.25 47.3173
      vertex 18.5 -5.25 47.8625
    endloop
  endfacet
  facet normal 0 1 0
    outer loop
      vertex 25.2921 -5.25 56.2839
      vertex 26.5 -5.25 45.7189
      vertex 22.6411 -5.25 47.3173
    endloop
  endfacet
  facet normal -0 1 -0
    outer loop
      vertex 26.5 -5.25 45.7189
      vertex 25.2921 -5.25 56.2839
      vertex 26.8868 -5.25 45.4221
    endloop
  endfacet
  facet normal 0 1 -0
    outer loop
      vertex 22.9428 -5.25 -1.90735e-07
      vertex 22.6411 -5.25 16.4077
      vertex 24.4838 -5.25 17.1709
    endloop
  endfacet
  facet normal 0 1 0
    outer loop
      vertex 22.9428 -5.25 -1.90735e-07
      vertex 18.5 -5.25 15.8625
      vertex 22.6411 -5.25 16.4077
    endloop
  endfacet
  facet normal 0 1 0
    outer loop
      vertex 18.5 -5.25 15.8625
      vertex 22.9428 -5.25 -1.90735e-07
      vertex 18.5 -5.25 -1.90735e-07
    endloop
  endfacet
  facet normal 0.849514 0 -0.527566
    outer loop
      vertex 22.7835 2.19002 85.4054
      vertex 21.5078 -4.92193 83.3512
      vertex 21.5078 4.92193 83.3512
    endloop
  endfacet
  facet normal 0.849503 7.08269e-06 -0.527583
    outer loop
      vertex 21.5078 -4.92193 83.3512
      vertex 22.7835 2.19002 85.4054
      vertex 23.8062 0 87.0521
    endloop
  endfacet
  facet normal 0.757365 -0.000274978 -0.652992
    outer loop
      vertex 21.5078 4.92193 83.3512
      vertex 18.5 5.25 79.8625
      vertex 21.346 5.25 83.1634
    endloop
  endfacet
  facet normal 0.757378 0 -0.652977
    outer loop
      vertex 21.5078 -4.92193 83.3512
      vertex 18.5 5.25 79.8625
      vertex 21.5078 4.92193 83.3512
    endloop
  endfacet
  facet normal 0.757365 0.000274978 -0.652992
    outer loop
      vertex 18.5 -5.25 79.8625
      vertex 21.5078 -4.92193 83.3512
      vertex 21.346 -5.25 83.1634
    endloop
  endfacet
  facet normal 0.757378 0 -0.652977
    outer loop
      vertex 21.5078 -4.92193 83.3512
      vertex 18.5 -5.25 79.8625
      vertex 18.5 5.25 79.8625
    endloop
  endfacet
  facet normal 1 -0 0
    outer loop
      vertex 18.5 -5.25 79.8625
      vertex 18.5 5.25 47.8625
      vertex 18.5 5.25 79.8625
    endloop
  endfacet
  facet normal 1 0 0
    outer loop
      vertex 18.5 5.25 47.8625
      vertex 18.5 -5.25 79.8625
      vertex 18.5 -5.25 47.8625
    endloop
  endfacet
  facet normal 0.130529 0 0.991444
    outer loop
      vertex 18.5 5.25 47.8625
      vertex 22.6411 -5.25 47.3173
      vertex 22.6411 5.25 47.3173
    endloop
  endfacet
  facet normal 0.130529 0 0.991444
    outer loop
      vertex 22.6411 -5.25 47.3173
      vertex 18.5 5.25 47.8625
      vertex 18.5 -5.25 47.8625
    endloop
  endfacet
  facet normal 0.382682 0 0.92388
    outer loop
      vertex 22.6411 5.25 47.3173
      vertex 26.5 -5.25 45.7189
      vertex 26.5 5.25 45.7189
    endloop
  endfacet
  facet normal 0.382682 0 0.92388
    outer loop
      vertex 26.5 -5.25 45.7189
      vertex 22.6411 5.25 47.3173
      vertex 22.6411 -5.25 47.3173
    endloop
  endfacet
  facet normal 0.608682 0 0.793414
    outer loop
      vertex 29.7205 0.233075 43.2477
      vertex 29.8137 -0.0605532 43.1762
      vertex 29.8137 0.0605532 43.1762
    endloop
  endfacet
  facet normal 0.60877 -0 0.793347
    outer loop
      vertex 27.6161 -4.12907 44.8625
      vertex 29.7205 0.233075 43.2477
      vertex 27.6161 4.12907 44.8625
    endloop
  endfacet
  facet normal 0.608735 2.69191e-05 0.793374
    outer loop
      vertex 29.7205 0.233075 43.2477
      vertex 27.6161 -4.12907 44.8625
      vertex 29.8137 -0.0605532 43.1762
    endloop
  endfacet
  facet normal 0.608759 5.4162e-06 0.793355
    outer loop
      vertex 26.5 5.25 45.7189
      vertex 27.6161 4.12907 44.8625
      vertex 26.8868 5.25 45.4221
    endloop
  endfacet
  facet normal 0.608755 0 0.793358
    outer loop
      vertex 27.6161 4.12907 44.8625
      vertex 26.5 5.25 45.7189
      vertex 27.6161 -4.12907 44.8625
    endloop
  endfacet
  facet normal 0.608755 -0 0.793358
    outer loop
      vertex 26.5 -5.25 45.7189
      vertex 27.6161 -4.12907 44.8625
      vertex 26.5 5.25 45.7189
    endloop
  endfacet
  facet normal 0.608759 -5.4162e-06 0.793355
    outer loop
      vertex 27.6161 -4.12907 44.8625
      vertex 26.5 -5.25 45.7189
      vertex 26.8868 -5.25 45.4221
    endloop
  endfacet
  facet normal 0.793419 0 0.608676
    outer loop
      vertex 29.8137 0.0605532 43.1762
      vertex 29.8137 -0.0605532 43.1762
      vertex 29.845 0 43.1354
    endloop
  endfacet
  facet normal 0.60877 0 -0.793347
    outer loop
      vertex 27.6704 0 18.9042
      vertex 26.5 -1.8876 18.0061
      vertex 26.5 1.8876 18.0061
    endloop
  endfacet
  facet normal 0.382682 0 -0.92388
    outer loop
      vertex 22.6411 5.25 16.4077
      vertex 26.5 1.8876 18.0061
      vertex 26.5 -1.8876 18.0061
    endloop
  endfacet
  facet normal 0.382653 3.86502e-05 -0.923892
    outer loop
      vertex 22.6411 -5.25 16.4077
      vertex 26.5 -1.8876 18.0061
      vertex 24.4838 -5.25 17.1709
    endloop
  endfacet
  facet normal 0.382682 0 -0.92388
    outer loop
      vertex 22.6411 5.25 16.4077
      vertex 26.5 -1.8876 18.0061
      vertex 22.6411 -5.25 16.4077
    endloop
  endfacet
  facet normal 0.382638 -5.8191e-05 -0.923898
    outer loop
      vertex 26.5 1.8876 18.0061
      vertex 22.6411 5.25 16.4077
      vertex 25.2631 3.95034 17.4937
    endloop
  endfacet
  facet normal 0.382653 -2.3841e-05 -0.923892
    outer loop
      vertex 25.2631 3.95034 17.4937
      vertex 22.6411 5.25 16.4077
      vertex 24.4838 5.25 17.1709
    endloop
  endfacet
  facet normal 0.130529 0 -0.991444
    outer loop
      vertex 18.5 -5.25 15.8625
      vertex 22.6411 5.25 16.4077
      vertex 22.6411 -5.25 16.4077
    endloop
  endfacet
  facet normal 0.130529 0 -0.991444
    outer loop
      vertex 22.6411 5.25 16.4077
      vertex 18.5 -5.25 15.8625
      vertex 18.5 5.25 15.8625
    endloop
  endfacet
  facet normal 1 -0 0
    outer loop
      vertex 18.5 -5.25 15.8625
      vertex 18.5 5.25 -1.90735e-07
      vertex 18.5 5.25 15.8625
    endloop
  endfacet
  facet normal 1 0 0
    outer loop
      vertex 18.5 5.25 -1.90735e-07
      vertex 18.5 -5.25 15.8625
      vertex 18.5 -5.25 -1.90735e-07
    endloop
  endfacet
  facet normal 0.866021 -0.500007 -4.33111e-06
    outer loop
      vertex 4.70337 18.6465 79.8625
      vertex 7.09498 22.7889 69.9677
      vertex 6.12635 21.1111 83.1634
    endloop
  endfacet
  facet normal 0.866027 -0.499998 5.65577e-07
    outer loop
      vertex 7.09498 22.7889 69.9677
      vertex 4.70337 18.6465 79.8625
      vertex 8.70337 25.5747 45.7189
    endloop
  endfacet
  facet normal 0.866006 -0.500033 -4.78885e-06
    outer loop
      vertex 8.89674 25.9096 45.4221
      vertex 7.09498 22.7889 69.9677
      vertex 8.70337 25.5747 45.7189
    endloop
  endfacet
  facet normal 0.866025 -0.500001 -1.30202e-07
    outer loop
      vertex 8.70337 25.5747 45.7189
      vertex 4.70337 18.6465 79.8625
      vertex 6.77392 22.2328 47.3173
    endloop
  endfacet
  facet normal 0.866026 -0.5 0
    outer loop
      vertex 4.70337 18.6465 79.8625
      vertex 4.70337 18.6465 47.8625
      vertex 6.77392 22.2328 47.3173
    endloop
  endfacet
  facet normal 0.866015 -0.500019 1.78691e-06
    outer loop
      vertex 6.77392 22.2328 16.4077
      vertex 6.19363 21.2277 -1.90735e-07
      vertex 6.55097 21.8466 -1.90735e-07
    endloop
  endfacet
  facet normal 0.866026 -0.499998 1.9392e-06
    outer loop
      vertex 6.77392 22.2328 16.4077
      vertex 6.92476 22.494 -1.90735e-07
      vertex 7.69525 23.8286 17.1709
    endloop
  endfacet
  facet normal 0.865839 -0.500323 -4.9564e-06
    outer loop
      vertex 6.92476 22.494 -1.90735e-07
      vertex 6.77392 22.2328 16.4077
      vertex 6.87911 22.415 -1.90735e-07
    endloop
  endfacet
  facet normal 0.866042 -0.49997 2.68185e-07
    outer loop
      vertex 6.77392 22.2328 16.4077
      vertex 6.55097 21.8466 -1.90735e-07
      vertex 6.87911 22.415 -1.90735e-07
    endloop
  endfacet
  facet normal 0.866026 -0.5 2.34397e-07
    outer loop
      vertex 4.70337 18.6465 15.8625
      vertex 6.19363 21.2277 -1.90735e-07
      vertex 6.77392 22.2328 16.4077
    endloop
  endfacet
  facet normal 0.866025 -0.500001 0
    outer loop
      vertex 6.19363 21.2277 -1.90735e-07
      vertex 4.70337 18.6465 15.8625
      vertex 4.70337 18.6465 -1.90735e-07
    endloop
  endfacet
  facet normal -0.866028 0.499995 -1.38881e-06
    outer loop
      vertex 13.7966 13.3965 79.8625
      vertex 16.1882 17.5389 69.9677
      vertex 17.7966 20.3247 45.7189
    endloop
  endfacet
  facet normal -0.86602 0.50001 6.77701e-06
    outer loop
      vertex 16.1882 17.5389 69.9677
      vertex 13.7966 13.3965 79.8625
      vertex 15.2196 15.8611 83.1634
    endloop
  endfacet
  facet normal -0.865967 0.5001 1.8681e-05
    outer loop
      vertex 17.7966 20.3247 45.7189
      vertex 17.1927 19.2786 56.2839
      vertex 17.99 20.6596 45.4221
    endloop
  endfacet
  facet normal -0.86586 0.500286 4.31556e-05
    outer loop
      vertex 17.1927 19.2786 56.2839
      vertex 17.7966 20.3247 45.7189
      vertex 16.1882 17.5389 69.9677
    endloop
  endfacet
  facet normal -0.866031 0.49999 -2.78158e-06
    outer loop
      vertex 15.8672 16.9828 47.3173
      vertex 13.7966 13.3965 79.8625
      vertex 17.7966 20.3247 45.7189
    endloop
  endfacet
  facet normal -0.86602 0.500009 0
    outer loop
      vertex 15.8672 16.9828 47.3173
      vertex 13.7966 13.3965 47.8625
      vertex 13.7966 13.3965 79.8625
    endloop
  endfacet
  facet normal -0.866039 0.499977 2.16963e-06
    outer loop
      vertex 15.6442 16.5966 -1.90735e-07
      vertex 15.2869 15.9777 -1.90735e-07
      vertex 15.8672 16.9828 16.4077
    endloop
  endfacet
  facet normal -0.866076 0.499912 -1.65704e-06
    outer loop
      vertex 15.8672 16.9828 16.4077
      vertex 16.018 17.244 -1.90735e-07
      vertex 15.9724 17.165 -1.90735e-07
    endloop
  endfacet
  facet normal -0.866034 0.499986 -1.01103e-07
    outer loop
      vertex 16.018 17.244 -1.90735e-07
      vertex 15.8672 16.9828 16.4077
      vertex 16.7885 18.5786 17.1709
    endloop
  endfacet
  facet normal -0.866003 0.500039 2.19144e-07
    outer loop
      vertex 15.9724 17.165 -1.90735e-07
      vertex 15.6442 16.5966 -1.90735e-07
      vertex 15.8672 16.9828 16.4077
    endloop
  endfacet
  facet normal -0.866019 0.500011 0
    outer loop
      vertex 13.7966 13.3965 15.8625
      vertex 15.2869 15.9777 -1.90735e-07
      vertex 13.7966 13.3965 -1.90735e-07
    endloop
  endfacet
  facet normal -0.86602 0.500009 -4.48201e-07
    outer loop
      vertex 15.2869 15.9777 -1.90735e-07
      vertex 13.7966 13.3965 15.8625
      vertex 15.8672 16.9828 16.4077
    endloop
  endfacet
  facet normal 0.424762 0.735697 -0.527567
    outer loop
      vertex 15.0164 16.1653 83.3512
      vertex 6.49139 21.0873 83.3512
      vertex 11.9031 20.6167 87.0521
    endloop
  endfacet
  facet normal 0.37855 0.655986 -0.652979
    outer loop
      vertex 13.7966 13.3965 79.8625
      vertex 15.0164 16.1653 83.3512
      vertex 15.2196 15.8611 83.1634
    endloop
  endfacet
  facet normal 0.378696 0.65591 -0.652971
    outer loop
      vertex 15.0164 16.1653 83.3512
      vertex 13.7966 13.3965 79.8625
      vertex 6.49139 21.0873 83.3512
    endloop
  endfacet
  facet normal 0.37869 0.655907 -0.652978
    outer loop
      vertex 4.70337 18.6465 79.8625
      vertex 6.49139 21.0873 83.3512
      vertex 13.7966 13.3965 79.8625
    endloop
  endfacet
  facet normal 0.378698 0.655902 -0.652978
    outer loop
      vertex 6.49139 21.0873 83.3512
      vertex 4.70337 18.6465 79.8625
      vertex 6.12635 21.1111 83.1634
    endloop
  endfacet
  facet normal 0.500002 0.866025 -0
    outer loop
      vertex 13.7966 13.3965 47.8625
      vertex 4.70337 18.6465 79.8625
      vertex 13.7966 13.3965 79.8625
    endloop
  endfacet
  facet normal 0.500002 0.866025 0
    outer loop
      vertex 4.70337 18.6465 79.8625
      vertex 13.7966 13.3965 47.8625
      vertex 4.70337 18.6465 47.8625
    endloop
  endfacet
  facet normal 0.0652642 0.113041 0.991445
    outer loop
      vertex 6.77392 22.2328 47.3173
      vertex 13.7966 13.3965 47.8625
      vertex 15.8672 16.9828 47.3173
    endloop
  endfacet
  facet normal 0.0652649 0.113042 0.991444
    outer loop
      vertex 13.7966 13.3965 47.8625
      vertex 6.77392 22.2328 47.3173
      vertex 4.70337 18.6465 47.8625
    endloop
  endfacet
  facet normal 0.191343 0.331414 0.923879
    outer loop
      vertex 8.70337 25.5747 45.7189
      vertex 15.8672 16.9828 47.3173
      vertex 17.7966 20.3247 45.7189
    endloop
  endfacet
  facet normal 0.191341 0.331412 0.92388
    outer loop
      vertex 15.8672 16.9828 47.3173
      vertex 8.70337 25.5747 45.7189
      vertex 6.77392 22.2328 47.3173
    endloop
  endfacet
  facet normal 0.304496 0.527211 0.793304
    outer loop
      vertex 17.3839 21.8517 44.8625
      vertex 17.7966 20.3247 45.7189
      vertex 17.99 20.6596 45.4221
    endloop
  endfacet
  facet normal 0.30439 0.527211 0.793344
    outer loop
      vertex 10.2322 25.9808 44.8625
      vertex 17.3839 21.8517 44.8625
      vertex 14.9593 25.7891 43.1762
    endloop
  endfacet
  facet normal 0.304431 0.526977 0.793485
    outer loop
      vertex 10.2322 25.9808 44.8625
      vertex 14.9593 25.7891 43.1762
      vertex 14.8544 25.8497 43.1762
    endloop
  endfacet
  facet normal 0.304388 0.527206 0.793348
    outer loop
      vertex 17.3839 21.8517 44.8625
      vertex 10.2322 25.9808 44.8625
      vertex 17.7966 20.3247 45.7189
    endloop
  endfacet
  facet normal 0.304299 0.527342 0.793292
    outer loop
      vertex 8.70337 25.5747 45.7189
      vertex 10.2322 25.9808 44.8625
      vertex 8.89674 25.9096 45.4221
    endloop
  endfacet
  facet normal 0.304377 0.527194 0.793361
    outer loop
      vertex 10.2322 25.9808 44.8625
      vertex 8.70337 25.5747 45.7189
      vertex 17.7966 20.3247 45.7189
    endloop
  endfacet
  facet normal 0.396913 0.687065 0.608607
    outer loop
      vertex 14.9225 25.8465 43.1354
      vertex 14.8544 25.8497 43.1762
      vertex 14.9593 25.7891 43.1762
    endloop
  endfacet
  facet normal 0.304386 0.527209 -0.793347
    outer loop
      vertex 14.8847 22.0059 18.0061
      vertex 11.6153 23.8935 18.0061
      vertex 13.8352 23.9633 18.9042
    endloop
  endfacet
  facet normal 0.191305 0.331409 -0.923889
    outer loop
      vertex 15.8672 16.9828 16.4077
      vertex 14.8847 22.0059 18.0061
      vertex 16.7885 18.5786 17.1709
    endloop
  endfacet
  facet normal 0.191343 0.331413 -0.923879
    outer loop
      vertex 15.8672 16.9828 16.4077
      vertex 11.6153 23.8935 18.0061
      vertex 14.8847 22.0059 18.0061
    endloop
  endfacet
  facet normal 0.191341 0.331412 -0.92388
    outer loop
      vertex 6.77392 22.2328 16.4077
      vertex 11.6153 23.8935 18.0061
      vertex 15.8672 16.9828 16.4077
    endloop
  endfacet
  facet normal 0.191356 0.331376 -0.92389
    outer loop
      vertex 11.6153 23.8935 18.0061
      vertex 6.77392 22.2328 16.4077
      vertex 7.69525 23.8286 17.1709
    endloop
  endfacet
  facet normal 0.0652642 0.113041 -0.991445
    outer loop
      vertex 13.7966 13.3965 15.8625
      vertex 6.77392 22.2328 16.4077
      vertex 15.8672 16.9828 16.4077
    endloop
  endfacet
  facet normal 0.0652649 0.113042 -0.991444
    outer loop
      vertex 6.77392 22.2328 16.4077
      vertex 13.7966 13.3965 15.8625
      vertex 4.70337 18.6465 15.8625
    endloop
  endfacet
  facet normal 0.500002 0.866025 -0
    outer loop
      vertex 13.7966 13.3965 -1.90735e-07
      vertex 4.70337 18.6465 15.8625
      vertex 13.7966 13.3965 15.8625
    endloop
  endfacet
  facet normal 0.500002 0.866025 0
    outer loop
      vertex 4.70337 18.6465 15.8625
      vertex 13.7966 13.3965 -1.90735e-07
      vertex 4.70337 18.6465 -1.90735e-07
    endloop
  endfacet
  facet normal 0.866022 0.500005 4.25045e-06
    outer loop
      vertex -13.7966 13.3965 79.8625
      vertex -16.1882 17.5389 69.9677
      vertex -15.4378 16.2391 80.1907
    endloop
  endfacet
  facet normal 0.866023 0.500004 1.19466e-05
    outer loop
      vertex -13.7966 13.3965 79.8625
      vertex -15.4378 16.2391 80.1907
      vertex -15.2196 15.8611 83.1634
    endloop
  endfacet
  facet normal 0.866028 0.499995 -1.38881e-06
    outer loop
      vertex -16.1882 17.5389 69.9677
      vertex -13.7966 13.3965 79.8625
      vertex -17.7966 20.3247 45.7189
    endloop
  endfacet
  facet normal 0.865969 0.500098 1.43131e-05
    outer loop
      vertex -17.7966 20.3247 45.7189
      vertex -17.99 20.6596 45.4221
      vertex -16.1882 17.5389 69.9677
    endloop
  endfacet
  facet normal 0.866031 0.49999 -2.78158e-06
    outer loop
      vertex -15.8672 16.9828 47.3173
      vertex -17.7966 20.3247 45.7189
      vertex -13.7966 13.3965 79.8625
    endloop
  endfacet
  facet normal 0.86602 0.500009 -0
    outer loop
      vertex -13.7966 13.3965 47.8625
      vertex -15.8672 16.9828 47.3173
      vertex -13.7966 13.3965 79.8625
    endloop
  endfacet
  facet normal 0.866039 0.499977 2.16963e-06
    outer loop
      vertex -15.6442 16.5966 -1.90735e-07
      vertex -15.8672 16.9828 16.4077
      vertex -15.2869 15.9777 -1.90735e-07
    endloop
  endfacet
  facet normal 0.866032 0.499989 -8.38447e-06
    outer loop
      vertex -15.8672 16.9828 16.4077
      vertex -16.399 17.9038 8.48944
      vertex -16.7885 18.5786 17.1709
    endloop
  endfacet
  facet normal 0.866 0.500045 3.01575e-07
    outer loop
      vertex -15.9724 17.165 -1.90735e-07
      vertex -16.399 17.9038 8.48944
      vertex -15.8672 16.9828 16.4077
    endloop
  endfacet
  facet normal 0.866076 0.499912 1.56514e-05
    outer loop
      vertex -16.399 17.9038 8.48944
      vertex -15.9724 17.165 -1.90735e-07
      vertex -16.018 17.244 -1.90735e-07
    endloop
  endfacet
  facet normal 0.866003 0.500039 2.19144e-07
    outer loop
      vertex -15.6442 16.5966 -1.90735e-07
      vertex -15.9724 17.165 -1.90735e-07
      vertex -15.8672 16.9828 16.4077
    endloop
  endfacet
  facet normal 0.86602 0.500009 -4.48201e-07
    outer loop
      vertex -13.7966 13.3965 15.8625
      vertex -15.2869 15.9777 -1.90735e-07
      vertex -15.8672 16.9828 16.4077
    endloop
  endfacet
  facet normal 0.866019 0.500011 0
    outer loop
      vertex -15.2869 15.9777 -1.90735e-07
      vertex -13.7966 13.3965 15.8625
      vertex -13.7966 13.3965 -1.90735e-07
    endloop
  endfacet
  facet normal -0.866027 -0.499998 5.65577e-07
    outer loop
      vertex -4.70337 18.6465 79.8625
      vertex -7.09498 22.7889 69.9677
      vertex -8.70337 25.5747 45.7189
    endloop
  endfacet
  facet normal -0.866021 -0.500007 -4.33111e-06
    outer loop
      vertex -7.09498 22.7889 69.9677
      vertex -4.70337 18.6465 79.8625
      vertex -6.12635 21.1111 83.1634
    endloop
  endfacet
  facet normal -0.866006 -0.500033 -4.78885e-06
    outer loop
      vertex -7.09498 22.7889 69.9677
      vertex -8.89674 25.9096 45.4221
      vertex -8.70337 25.5747 45.7189
    endloop
  endfacet
  facet normal -0.866025 -0.500001 -1.30202e-07
    outer loop
      vertex -4.70337 18.6465 79.8625
      vertex -8.70337 25.5747 45.7189
      vertex -6.77392 22.2328 47.3173
    endloop
  endfacet
  facet normal -0.866026 -0.5 -0
    outer loop
      vertex -4.70337 18.6465 79.8625
      vertex -6.77392 22.2328 47.3173
      vertex -4.70337 18.6465 47.8625
    endloop
  endfacet
  facet normal -0.866015 -0.500019 1.78691e-06
    outer loop
      vertex -6.19363 21.2277 -1.90735e-07
      vertex -6.77392 22.2328 16.4077
      vertex -6.55097 21.8466 -1.90735e-07
    endloop
  endfacet
  facet normal -0.865839 -0.500323 -4.9564e-06
    outer loop
      vertex -6.77392 22.2328 16.4077
      vertex -6.92476 22.494 -1.90735e-07
      vertex -6.87911 22.415 -1.90735e-07
    endloop
  endfacet
  facet normal -0.866026 -0.499998 1.9392e-06
    outer loop
      vertex -6.92476 22.494 -1.90735e-07
      vertex -6.77392 22.2328 16.4077
      vertex -7.69525 23.8286 17.1709
    endloop
  endfacet
  facet normal -0.866042 -0.49997 2.68185e-07
    outer loop
      vertex -6.77392 22.2328 16.4077
      vertex -6.87911 22.415 -1.90735e-07
      vertex -6.55097 21.8466 -1.90735e-07
    endloop
  endfacet
  facet normal -0.866025 -0.500001 -0
    outer loop
      vertex -4.70337 18.6465 15.8625
      vertex -6.19363 21.2277 -1.90735e-07
      vertex -4.70337 18.6465 -1.90735e-07
    endloop
  endfacet
  facet normal -0.866026 -0.5 2.34397e-07
    outer loop
      vertex -6.19363 21.2277 -1.90735e-07
      vertex -4.70337 18.6465 15.8625
      vertex -6.77392 22.2328 16.4077
    endloop
  endfacet
  facet normal -0.424756 0.735708 -0.527557
    outer loop
      vertex -6.49139 21.0873 83.3512
      vertex -13.2884 18.6361 85.4054
      vertex -11.9031 20.6167 87.0521
    endloop
  endfacet
  facet normal -0.424757 0.735689 -0.527582
    outer loop
      vertex -13.2884 18.6361 85.4054
      vertex -6.49139 21.0873 83.3512
      vertex -15.0164 16.1653 83.3512
    endloop
  endfacet
  facet normal -0.378698 0.655902 -0.652978
    outer loop
      vertex -4.70337 18.6465 79.8625
      vertex -6.49139 21.0873 83.3512
      vertex -6.12635 21.1111 83.1634
    endloop
  endfacet
  facet normal -0.378696 0.65591 -0.652971
    outer loop
      vertex -6.49139 21.0873 83.3512
      vertex -13.7966 13.3965 79.8625
      vertex -15.0164 16.1653 83.3512
    endloop
  endfacet
  facet normal -0.37869 0.655907 -0.652978
    outer loop
      vertex -6.49139 21.0873 83.3512
      vertex -4.70337 18.6465 79.8625
      vertex -13.7966 13.3965 79.8625
    endloop
  endfacet
  facet normal -0.37855 0.655986 -0.652979
    outer loop
      vertex -15.0164 16.1653 83.3512
      vertex -13.7966 13.3965 79.8625
      vertex -15.2196 15.8611 83.1634
    endloop
  endfacet
  facet normal -0.500002 0.866025 0
    outer loop
      vertex -4.70337 18.6465 47.8625
      vertex -13.7966 13.3965 79.8625
      vertex -4.70337 18.6465 79.8625
    endloop
  endfacet
  facet normal -0.500002 0.866025 0
    outer loop
      vertex -13.7966 13.3965 79.8625
      vertex -4.70337 18.6465 47.8625
      vertex -13.7966 13.3965 47.8625
    endloop
  endfacet
  facet normal -0.0652649 0.113042 0.991444
    outer loop
      vertex -6.77392 22.2328 47.3173
      vertex -13.7966 13.3965 47.8625
      vertex -4.70337 18.6465 47.8625
    endloop
  endfacet
  facet normal -0.0652642 0.113041 0.991445
    outer loop
      vertex -13.7966 13.3965 47.8625
      vertex -6.77392 22.2328 47.3173
      vertex -15.8672 16.9828 47.3173
    endloop
  endfacet
  facet normal -0.191341 0.331412 0.92388
    outer loop
      vertex -8.70337 25.5747 45.7189
      vertex -15.8672 16.9828 47.3173
      vertex -6.77392 22.2328 47.3173
    endloop
  endfacet
  facet normal -0.191343 0.331414 0.923879
    outer loop
      vertex -15.8672 16.9828 47.3173
      vertex -8.70337 25.5747 45.7189
      vertex -17.7966 20.3247 45.7189
    endloop
  endfacet
  facet normal -0.304299 0.527342 0.793292
    outer loop
      vertex -10.2322 25.9808 44.8625
      vertex -8.70337 25.5747 45.7189
      vertex -8.89674 25.9096 45.4221
    endloop
  endfacet
  facet normal -0.304384 0.527227 0.793336
    outer loop
      vertex -15.0621 25.6222 43.2477
      vertex -10.2322 25.9808 44.8625
      vertex -14.8544 25.8497 43.1762
    endloop
  endfacet
  facet normal -0.304692 0.527428 0.793084
    outer loop
      vertex -15.0621 25.6222 43.2477
      vertex -14.8544 25.8497 43.1762
      vertex -14.9593 25.7891 43.1762
    endloop
  endfacet
  facet normal -0.304387 0.527205 0.79335
    outer loop
      vertex -17.3839 21.8517 44.8625
      vertex -10.2322 25.9808 44.8625
      vertex -15.0621 25.6222 43.2477
    endloop
  endfacet
  facet normal -0.304379 0.527191 0.793362
    outer loop
      vertex -10.2322 25.9808 44.8625
      vertex -17.3839 21.8517 44.8625
      vertex -8.70337 25.5747 45.7189
    endloop
  endfacet
  facet normal -0.304384 0.527206 0.79335
    outer loop
      vertex -17.3839 21.8517 44.8625
      vertex -17.7966 20.3247 45.7189
      vertex -8.70337 25.5747 45.7189
    endloop
  endfacet
  facet normal -0.304496 0.527211 0.793304
    outer loop
      vertex -17.7966 20.3247 45.7189
      vertex -17.3839 21.8517 44.8625
      vertex -17.99 20.6596 45.4221
    endloop
  endfacet
  facet normal -0.396913 0.687065 0.608607
    outer loop
      vertex -14.9225 25.8465 43.1354
      vertex -14.9593 25.7891 43.1762
      vertex -14.8544 25.8497 43.1762
    endloop
  endfacet
  facet normal -0.304386 0.527209 -0.793347
    outer loop
      vertex -11.6153 23.8935 18.0061
      vertex -14.8847 22.0059 18.0061
      vertex -13.8352 23.9633 18.9042
    endloop
  endfacet
  facet normal -0.191356 0.331376 -0.92389
    outer loop
      vertex -6.77392 22.2328 16.4077
      vertex -11.6153 23.8935 18.0061
      vertex -7.69525 23.8286 17.1709
    endloop
  endfacet
  facet normal -0.191341 0.331411 -0.923881
    outer loop
      vertex -6.77392 22.2328 16.4077
      vertex -14.8847 22.0059 18.0061
      vertex -11.6153 23.8935 18.0061
    endloop
  endfacet
  facet normal -0.191341 0.331413 -0.92388
    outer loop
      vertex -15.8672 16.9828 16.4077
      vertex -14.8847 22.0059 18.0061
      vertex -6.77392 22.2328 16.4077
    endloop
  endfacet
  facet normal -0.191299 0.331408 -0.92389
    outer loop
      vertex -15.8672 16.9828 16.4077
      vertex -16.0526 19.9033 17.4937
      vertex -14.8847 22.0059 18.0061
    endloop
  endfacet
  facet normal -0.191308 0.331407 -0.923889
    outer loop
      vertex -16.0526 19.9033 17.4937
      vertex -15.8672 16.9828 16.4077
      vertex -16.7885 18.5786 17.1709
    endloop
  endfacet
  facet normal -0.0652649 0.113042 -0.991444
    outer loop
      vertex -13.7966 13.3965 15.8625
      vertex -6.77392 22.2328 16.4077
      vertex -4.70337 18.6465 15.8625
    endloop
  endfacet
  facet normal -0.0652642 0.113041 -0.991445
    outer loop
      vertex -6.77392 22.2328 16.4077
      vertex -13.7966 13.3965 15.8625
      vertex -15.8672 16.9828 16.4077
    endloop
  endfacet
  facet normal -0.500002 0.866025 0
    outer loop
      vertex -4.70337 18.6465 -1.90735e-07
      vertex -13.7966 13.3965 15.8625
      vertex -4.70337 18.6465 15.8625
    endloop
  endfacet
  facet normal -0.500002 0.866025 0
    outer loop
      vertex -13.7966 13.3965 15.8625
      vertex -4.70337 18.6465 -1.90735e-07
      vertex -13.7966 13.3965 -1.90735e-07
    endloop
  endfacet
  facet normal 0 1 0
    outer loop
      vertex -18.5 -5.25 79.8625
      vertex -21.7824 -5.25 80.1907
      vertex -21.346 -5.25 83.1634
    endloop
  endfacet
  facet normal 0 1 -0
    outer loop
      vertex -18.5 -5.25 47.8625
      vertex -21.7824 -5.25 80.1907
      vertex -18.5 -5.25 79.8625
    endloop
  endfacet
  facet normal 0 1 0
    outer loop
      vertex -22.6411 -5.25 47.3173
      vertex -21.7824 -5.25 80.1907
      vertex -18.5 -5.25 47.8625
    endloop
  endfacet
  facet normal 0 1 0
    outer loop
      vertex -26.5 -5.25 45.7189
      vertex -21.7824 -5.25 80.1907
      vertex -22.6411 -5.25 47.3173
    endloop
  endfacet
  facet normal 0 1 0
    outer loop
      vertex -21.7824 -5.25 80.1907
      vertex -26.5 -5.25 45.7189
      vertex -26.8868 -5.25 45.4221
    endloop
  endfacet
  facet normal 0 1 0
    outer loop
      vertex -22.6411 -5.25 16.4077
      vertex -23.7047 -5.25 8.48943
      vertex -24.4838 -5.25 17.1709
    endloop
  endfacet
  facet normal 0 1 0
    outer loop
      vertex -18.5 -5.25 15.8625
      vertex -23.7047 -5.25 8.48943
      vertex -22.6411 -5.25 16.4077
    endloop
  endfacet
  facet normal 0 1 -0
    outer loop
      vertex -18.5 -5.25 -1.90735e-07
      vertex -23.7047 -5.25 8.48943
      vertex -18.5 -5.25 15.8625
    endloop
  endfacet
  facet normal 0 1 0
    outer loop
      vertex -23.7047 -5.25 8.48943
      vertex -18.5 -5.25 -1.90735e-07
      vertex -22.9428 -5.25 -1.90735e-07
    endloop
  endfacet
  facet normal 0 -1 0
    outer loop
      vertex -25.2921 5.25 56.2839
      vertex -18.5 5.25 79.8625
      vertex -21.346 5.25 83.1634
    endloop
  endfacet
  facet normal 0 -1 0
    outer loop
      vertex -25.2921 5.25 56.2839
      vertex -18.5 5.25 47.8625
      vertex -18.5 5.25 79.8625
    endloop
  endfacet
  facet normal 0 -1 0
    outer loop
      vertex -25.2921 5.25 56.2839
      vertex -22.6411 5.25 47.3173
      vertex -18.5 5.25 47.8625
    endloop
  endfacet
  facet normal 0 -1 -0
    outer loop
      vertex -25.2921 5.25 56.2839
      vertex -26.5 5.25 45.7189
      vertex -22.6411 5.25 47.3173
    endloop
  endfacet
  facet normal -0 -1 0
    outer loop
      vertex -26.5 5.25 45.7189
      vertex -25.2921 5.25 56.2839
      vertex -26.8868 5.25 45.4221
    endloop
  endfacet
  facet normal 0 -1 0
    outer loop
      vertex -22.9428 5.25 -1.90735e-07
      vertex -22.6411 5.25 16.4077
      vertex -24.4838 5.25 17.1709
    endloop
  endfacet
  facet normal 0 -1 0
    outer loop
      vertex -22.9428 5.25 -1.90735e-07
      vertex -18.5 5.25 15.8625
      vertex -22.6411 5.25 16.4077
    endloop
  endfacet
  facet normal 0 -1 -0
    outer loop
      vertex -18.5 5.25 15.8625
      vertex -22.9428 5.25 -1.90735e-07
      vertex -18.5 5.25 -1.90735e-07
    endloop
  endfacet
  facet normal -0.849503 -7.08269e-06 -0.527583
    outer loop
      vertex -21.5078 4.92193 83.3512
      vertex -22.7835 -2.19002 85.4054
      vertex -23.8062 0 87.0521
    endloop
  endfacet
  facet normal -0.849514 0 -0.527566
    outer loop
      vertex -22.7835 -2.19002 85.4054
      vertex -21.5078 4.92193 83.3512
      vertex -21.5078 -4.92193 83.3512
    endloop
  endfacet
  facet normal -0.757365 -0.000274978 -0.652992
    outer loop
      vertex -18.5 5.25 79.8625
      vertex -21.5078 4.92193 83.3512
      vertex -21.346 5.25 83.1634
    endloop
  endfacet
  facet normal -0.757378 0 -0.652977
    outer loop
      vertex -18.5 5.25 79.8625
      vertex -21.5078 -4.92193 83.3512
      vertex -21.5078 4.92193 83.3512
    endloop
  endfacet
  facet normal -0.757378 0 -0.652977
    outer loop
      vertex -18.5 -5.25 79.8625
      vertex -21.5078 -4.92193 83.3512
      vertex -18.5 5.25 79.8625
    endloop
  endfacet
  facet normal -0.757365 0.000274978 -0.652992
    outer loop
      vertex -21.5078 -4.92193 83.3512
      vertex -18.5 -5.25 79.8625
      vertex -21.346 -5.25 83.1634
    endloop
  endfacet
  facet normal -1 0 0
    outer loop
      vertex -18.5 -5.25 47.8625
      vertex -18.5 5.25 79.8625
      vertex -18.5 5.25 47.8625
    endloop
  endfacet
  facet normal -1 -0 0
    outer loop
      vertex -18.5 5.25 79.8625
      vertex -18.5 -5.25 47.8625
      vertex -18.5 -5.25 79.8625
    endloop
  endfacet
  facet normal -0.130529 0 0.991444
    outer loop
      vertex -22.6411 5.25 47.3173
      vertex -18.5 -5.25 47.8625
      vertex -18.5 5.25 47.8625
    endloop
  endfacet
  facet normal -0.130529 0 0.991444
    outer loop
      vertex -18.5 -5.25 47.8625
      vertex -22.6411 5.25 47.3173
      vertex -22.6411 -5.25 47.3173
    endloop
  endfacet
  facet normal -0.382682 0 0.92388
    outer loop
      vertex -26.5 5.25 45.7189
      vertex -22.6411 -5.25 47.3173
      vertex -22.6411 5.25 47.3173
    endloop
  endfacet
  facet normal -0.382682 0 0.92388
    outer loop
      vertex -22.6411 -5.25 47.3173
      vertex -26.5 5.25 45.7189
      vertex -26.5 -5.25 45.7189
    endloop
  endfacet
  facet normal -0.608759 5.4162e-06 0.793355
    outer loop
      vertex -27.6161 4.12907 44.8625
      vertex -26.5 5.25 45.7189
      vertex -26.8868 5.25 45.4221
    endloop
  endfacet
  facet normal -0.608755 0 0.793358
    outer loop
      vertex -26.5 5.25 45.7189
      vertex -27.6161 4.12907 44.8625
      vertex -26.5 -5.25 45.7189
    endloop
  endfacet
  facet normal -0.608755 0 0.793358
    outer loop
      vertex -27.6161 -4.12907 44.8625
      vertex -26.5 -5.25 45.7189
      vertex -27.6161 4.12907 44.8625
    endloop
  endfacet
  facet normal -0.608759 -5.4162e-06 0.793355
    outer loop
      vertex -26.5 -5.25 45.7189
      vertex -27.6161 -4.12907 44.8625
      vertex -26.8868 -5.25 45.4221
    endloop
  endfacet
  facet normal -0.60877 0 0.793347
    outer loop
      vertex -27.6161 4.12907 44.8625
      vertex -29.7205 -0.233075 43.2477
      vertex -27.6161 -4.12907 44.8625
    endloop
  endfacet
  facet normal -0.608735 -2.69191e-05 0.793374
    outer loop
      vertex -29.8137 0.0605532 43.1762
      vertex -29.7205 -0.233075 43.2477
      vertex -27.6161 4.12907 44.8625
    endloop
  endfacet
  facet normal -0.608682 0 0.793414
    outer loop
      vertex -29.7205 -0.233075 43.2477
      vertex -29.8137 0.0605532 43.1762
      vertex -29.8137 -0.0605532 43.1762
    endloop
  endfacet
  facet normal -0.793419 0 0.608676
    outer loop
      vertex -29.8137 0.0605532 43.1762
      vertex -29.845 0 43.1354
      vertex -29.8137 -0.0605532 43.1762
    endloop
  endfacet
  facet normal -0.60877 0 -0.793347
    outer loop
      vertex -26.5 -1.8876 18.0061
      vertex -27.6704 0 18.9042
      vertex -26.5 1.8876 18.0061
    endloop
  endfacet
  facet normal -0.382653 2.3841e-05 -0.923892
    outer loop
      vertex -25.2631 -3.95034 17.4937
      vertex -22.6411 -5.25 16.4077
      vertex -24.4838 -5.25 17.1709
    endloop
  endfacet
  facet normal -0.382638 5.8191e-05 -0.923898
    outer loop
      vertex -26.5 -1.8876 18.0061
      vertex -22.6411 -5.25 16.4077
      vertex -25.2631 -3.95034 17.4937
    endloop
  endfacet
  facet normal -0.382682 0 -0.92388
    outer loop
      vertex -22.6411 -5.25 16.4077
      vertex -26.5 -1.8876 18.0061
      vertex -22.6411 5.25 16.4077
    endloop
  endfacet
  facet normal -0.382682 0 -0.92388
    outer loop
      vertex -22.6411 5.25 16.4077
      vertex -26.5 -1.8876 18.0061
      vertex -26.5 1.8876 18.0061
    endloop
  endfacet
  facet normal -0.382653 -3.86502e-05 -0.923892
    outer loop
      vertex -22.6411 5.25 16.4077
      vertex -26.5 1.8876 18.0061
      vertex -24.4838 5.25 17.1709
    endloop
  endfacet
  facet normal -0.130529 0 -0.991444
    outer loop
      vertex -22.6411 -5.25 16.4077
      vertex -18.5 5.25 15.8625
      vertex -18.5 -5.25 15.8625
    endloop
  endfacet
  facet normal -0.130529 0 -0.991444
    outer loop
      vertex -18.5 5.25 15.8625
      vertex -22.6411 -5.25 16.4077
      vertex -22.6411 5.25 16.4077
    endloop
  endfacet
  facet normal -1 0 0
    outer loop
      vertex -18.5 -5.25 -1.90735e-07
      vertex -18.5 5.25 15.8625
      vertex -18.5 5.25 -1.90735e-07
    endloop
  endfacet
  facet normal -1 -0 0
    outer loop
      vertex -18.5 5.25 15.8625
      vertex -18.5 -5.25 -1.90735e-07
      vertex -18.5 -5.25 15.8625
    endloop
  endfacet
  facet normal -0.866021 0.500007 -4.33111e-06
    outer loop
      vertex -4.70337 -18.6465 79.8625
      vertex -7.09498 -22.7889 69.9677
      vertex -6.12635 -21.1111 83.1634
    endloop
  endfacet
  facet normal -0.866027 0.499998 5.65577e-07
    outer loop
      vertex -7.09498 -22.7889 69.9677
      vertex -4.70337 -18.6465 79.8625
      vertex -8.70337 -25.5747 45.7189
    endloop
  endfacet
  facet normal -0.866006 0.500033 -4.78885e-06
    outer loop
      vertex -8.70337 -25.5747 45.7189
      vertex -8.89674 -25.9096 45.4221
      vertex -7.09498 -22.7889 69.9677
    endloop
  endfacet
  facet normal -0.866025 0.500001 -1.30202e-07
    outer loop
      vertex -6.77392 -22.2328 47.3173
      vertex -8.70337 -25.5747 45.7189
      vertex -4.70337 -18.6465 79.8625
    endloop
  endfacet
  facet normal -0.866026 0.5 0
    outer loop
      vertex -4.70337 -18.6465 47.8625
      vertex -6.77392 -22.2328 47.3173
      vertex -4.70337 -18.6465 79.8625
    endloop
  endfacet
  facet normal -0.866015 0.500019 1.78691e-06
    outer loop
      vertex -6.55097 -21.8466 -1.90735e-07
      vertex -6.77392 -22.2328 16.4077
      vertex -6.19363 -21.2277 -1.90735e-07
    endloop
  endfacet
  facet normal -0.865839 0.500323 -4.9564e-06
    outer loop
      vertex -6.92476 -22.494 -1.90735e-07
      vertex -6.77392 -22.2328 16.4077
      vertex -6.87911 -22.415 -1.90735e-07
    endloop
  endfacet
  facet normal -0.866026 0.499998 1.9392e-06
    outer loop
      vertex -6.77392 -22.2328 16.4077
      vertex -6.92476 -22.494 -1.90735e-07
      vertex -7.69525 -23.8286 17.1709
    endloop
  endfacet
  facet normal -0.866042 0.49997 2.68185e-07
    outer loop
      vertex -6.55097 -21.8466 -1.90735e-07
      vertex -6.87911 -22.415 -1.90735e-07
      vertex -6.77392 -22.2328 16.4077
    endloop
  endfacet
  facet normal -0.866025 0.500001 0
    outer loop
      vertex -6.19363 -21.2277 -1.90735e-07
      vertex -4.70337 -18.6465 15.8625
      vertex -4.70337 -18.6465 -1.90735e-07
    endloop
  endfacet
  facet normal -0.866026 0.5 2.34397e-07
    outer loop
      vertex -4.70337 -18.6465 15.8625
      vertex -6.19363 -21.2277 -1.90735e-07
      vertex -6.77392 -22.2328 16.4077
    endloop
  endfacet
  facet normal 0.86602 -0.50001 6.77701e-06
    outer loop
      vertex -16.1882 -17.5389 69.9677
      vertex -13.7966 -13.3965 79.8625
      vertex -15.2196 -15.8611 83.1634
    endloop
  endfacet
  facet normal 0.866028 -0.499995 -1.38881e-06
    outer loop
      vertex -13.7966 -13.3965 79.8625
      vertex -16.1882 -17.5389 69.9677
      vertex -17.7966 -20.3247 45.7189
    endloop
  endfacet
  facet normal 0.86586 -0.500286 4.31556e-05
    outer loop
      vertex -17.1927 -19.2786 56.2839
      vertex -17.7966 -20.3247 45.7189
      vertex -16.1882 -17.5389 69.9677
    endloop
  endfacet
  facet normal 0.865967 -0.5001 1.8681e-05
    outer loop
      vertex -17.7966 -20.3247 45.7189
      vertex -17.1927 -19.2786 56.2839
      vertex -17.99 -20.6596 45.4221
    endloop
  endfacet
  facet normal 0.866031 -0.49999 -2.78158e-06
    outer loop
      vertex -13.7966 -13.3965 79.8625
      vertex -17.7966 -20.3247 45.7189
      vertex -15.8672 -16.9828 47.3173
    endloop
  endfacet
  facet normal 0.86602 -0.500009 0
    outer loop
      vertex -13.7966 -13.3965 79.8625
      vertex -15.8672 -16.9828 47.3173
      vertex -13.7966 -13.3965 47.8625
    endloop
  endfacet
  facet normal 0.866039 -0.499977 2.16963e-06
    outer loop
      vertex -15.2869 -15.9777 -1.90735e-07
      vertex -15.8672 -16.9828 16.4077
      vertex -15.6442 -16.5966 -1.90735e-07
    endloop
  endfacet
  facet normal 0.866076 -0.499912 -1.65704e-06
    outer loop
      vertex -15.8672 -16.9828 16.4077
      vertex -16.018 -17.244 -1.90735e-07
      vertex -15.9724 -17.165 -1.90735e-07
    endloop
  endfacet
  facet normal 0.866034 -0.499986 -1.01103e-07
    outer loop
      vertex -16.018 -17.244 -1.90735e-07
      vertex -15.8672 -16.9828 16.4077
      vertex -16.7885 -18.5786 17.1709
    endloop
  endfacet
  facet normal 0.866003 -0.500039 2.19144e-07
    outer loop
      vertex -15.8672 -16.9828 16.4077
      vertex -15.9724 -17.165 -1.90735e-07
      vertex -15.6442 -16.5966 -1.90735e-07
    endloop
  endfacet
  facet normal 0.866019 -0.500011 0
    outer loop
      vertex -13.7966 -13.3965 15.8625
      vertex -15.2869 -15.9777 -1.90735e-07
      vertex -13.7966 -13.3965 -1.90735e-07
    endloop
  endfacet
  facet normal 0.86602 -0.500009 -4.48201e-07
    outer loop
      vertex -15.2869 -15.9777 -1.90735e-07
      vertex -13.7966 -13.3965 15.8625
      vertex -15.8672 -16.9828 16.4077
    endloop
  endfacet
  facet normal -0.424762 -0.735697 -0.527567
    outer loop
      vertex -11.9031 -20.6167 87.0521
      vertex -15.0164 -16.1653 83.3512
      vertex -6.49139 -21.0873 83.3512
    endloop
  endfacet
  facet normal -0.37855 -0.655986 -0.652979
    outer loop
      vertex -13.7966 -13.3965 79.8625
      vertex -15.0164 -16.1653 83.3512
      vertex -15.2196 -15.8611 83.1634
    endloop
  endfacet
  facet normal -0.378696 -0.65591 -0.652971
    outer loop
      vertex -15.0164 -16.1653 83.3512
      vertex -13.7966 -13.3965 79.8625
      vertex -6.49139 -21.0873 83.3512
    endloop
  endfacet
  facet normal -0.37869 -0.655907 -0.652978
    outer loop
      vertex -4.70337 -18.6465 79.8625
      vertex -6.49139 -21.0873 83.3512
      vertex -13.7966 -13.3965 79.8625
    endloop
  endfacet
  facet normal -0.378698 -0.655902 -0.652978
    outer loop
      vertex -6.49139 -21.0873 83.3512
      vertex -4.70337 -18.6465 79.8625
      vertex -6.12635 -21.1111 83.1634
    endloop
  endfacet
  facet normal -0.500002 -0.866025 0
    outer loop
      vertex -13.7966 -13.3965 47.8625
      vertex -4.70337 -18.6465 79.8625
      vertex -13.7966 -13.3965 79.8625
    endloop
  endfacet
  facet normal -0.500002 -0.866025 -0
    outer loop
      vertex -4.70337 -18.6465 79.8625
      vertex -13.7966 -13.3965 47.8625
      vertex -4.70337 -18.6465 47.8625
    endloop
  endfacet
  facet normal -0.0652649 -0.113042 0.991444
    outer loop
      vertex -13.7966 -13.3965 47.8625
      vertex -6.77392 -22.2328 47.3173
      vertex -4.70337 -18.6465 47.8625
    endloop
  endfacet
  facet normal -0.0652642 -0.113041 0.991445
    outer loop
      vertex -6.77392 -22.2328 47.3173
      vertex -13.7966 -13.3965 47.8625
      vertex -15.8672 -16.9828 47.3173
    endloop
  endfacet
  facet normal -0.191341 -0.331412 0.92388
    outer loop
      vertex -15.8672 -16.9828 47.3173
      vertex -8.70337 -25.5747 45.7189
      vertex -6.77392 -22.2328 47.3173
    endloop
  endfacet
  facet normal -0.191343 -0.331414 0.923879
    outer loop
      vertex -8.70337 -25.5747 45.7189
      vertex -15.8672 -16.9828 47.3173
      vertex -17.7966 -20.3247 45.7189
    endloop
  endfacet
  facet normal -0.304299 -0.527342 0.793292
    outer loop
      vertex -8.70337 -25.5747 45.7189
      vertex -10.2322 -25.9808 44.8625
      vertex -8.89674 -25.9096 45.4221
    endloop
  endfacet
  facet normal -0.304379 -0.527191 0.793362
    outer loop
      vertex -17.3839 -21.8517 44.8625
      vertex -10.2322 -25.9808 44.8625
      vertex -8.70337 -25.5747 45.7189
    endloop
  endfacet
  facet normal -0.304388 -0.527206 0.793348
    outer loop
      vertex -10.2322 -25.9808 44.8625
      vertex -17.3839 -21.8517 44.8625
      vertex -14.8544 -25.8497 43.1762
    endloop
  endfacet
  facet normal -0.304611 -0.527289 0.793208
    outer loop
      vertex -14.8544 -25.8497 43.1762
      vertex -17.3839 -21.8517 44.8625
      vertex -14.9593 -25.7891 43.1762
    endloop
  endfacet
  facet normal -0.304384 -0.527206 0.79335
    outer loop
      vertex -17.7966 -20.3247 45.7189
      vertex -17.3839 -21.8517 44.8625
      vertex -8.70337 -25.5747 45.7189
    endloop
  endfacet
  facet normal -0.304496 -0.527211 0.793304
    outer loop
      vertex -17.3839 -21.8517 44.8625
      vertex -17.7966 -20.3247 45.7189
      vertex -17.99 -20.6596 45.4221
    endloop
  endfacet
  facet normal -0.396913 -0.687065 0.608607
    outer loop
      vertex -14.8544 -25.8497 43.1762
      vertex -14.9593 -25.7891 43.1762
      vertex -14.9225 -25.8465 43.1354
    endloop
  endfacet
  facet normal -0.304386 -0.527209 -0.793347
    outer loop
      vertex -13.8352 -23.9633 18.9042
      vertex -14.8847 -22.0059 18.0061
      vertex -11.6153 -23.8935 18.0061
    endloop
  endfacet
  facet normal -0.191356 -0.331376 -0.92389
    outer loop
      vertex -11.6153 -23.8935 18.0061
      vertex -6.77392 -22.2328 16.4077
      vertex -7.69525 -23.8286 17.1709
    endloop
  endfacet
  facet normal -0.191341 -0.331411 -0.923881
    outer loop
      vertex -14.8847 -22.0059 18.0061
      vertex -6.77392 -22.2328 16.4077
      vertex -11.6153 -23.8935 18.0061
    endloop
  endfacet
  facet normal -0.191341 -0.331413 -0.92388
    outer loop
      vertex -14.8847 -22.0059 18.0061
      vertex -15.8672 -16.9828 16.4077
      vertex -6.77392 -22.2328 16.4077
    endloop
  endfacet
  facet normal -0.191305 -0.331409 -0.923889
    outer loop
      vertex -15.8672 -16.9828 16.4077
      vertex -14.8847 -22.0059 18.0061
      vertex -16.7885 -18.5786 17.1709
    endloop
  endfacet
  facet normal -0.0652649 -0.113042 -0.991444
    outer loop
      vertex -6.77392 -22.2328 16.4077
      vertex -13.7966 -13.3965 15.8625
      vertex -4.70337 -18.6465 15.8625
    endloop
  endfacet
  facet normal -0.0652642 -0.113041 -0.991445
    outer loop
      vertex -13.7966 -13.3965 15.8625
      vertex -6.77392 -22.2328 16.4077
      vertex -15.8672 -16.9828 16.4077
    endloop
  endfacet
  facet normal -0.500002 -0.866025 0
    outer loop
      vertex -13.7966 -13.3965 -1.90735e-07
      vertex -4.70337 -18.6465 15.8625
      vertex -13.7966 -13.3965 15.8625
    endloop
  endfacet
  facet normal -0.500002 -0.866025 -0
    outer loop
      vertex -4.70337 -18.6465 15.8625
      vertex -13.7966 -13.3965 -1.90735e-07
      vertex -4.70337 -18.6465 -1.90735e-07
    endloop
  endfacet
  facet normal -0.866023 -0.500004 1.19466e-05
    outer loop
      vertex 13.7966 -13.3965 79.8625
      vertex 15.4378 -16.2391 80.1907
      vertex 15.2196 -15.8611 83.1634
    endloop
  endfacet
  facet normal -0.866022 -0.500005 4.25045e-06
    outer loop
      vertex 13.7966 -13.3965 79.8625
      vertex 16.1882 -17.5389 69.9677
      vertex 15.4378 -16.2391 80.1907
    endloop
  endfacet
  facet normal -0.866028 -0.499995 -1.38881e-06
    outer loop
      vertex 16.1882 -17.5389 69.9677
      vertex 13.7966 -13.3965 79.8625
      vertex 17.7966 -20.3247 45.7189
    endloop
  endfacet
  facet normal -0.865969 -0.500098 1.43131e-05
    outer loop
      vertex 17.99 -20.6596 45.4221
      vertex 16.1882 -17.5389 69.9677
      vertex 17.7966 -20.3247 45.7189
    endloop
  endfacet
  facet normal -0.866031 -0.49999 -2.78158e-06
    outer loop
      vertex 17.7966 -20.3247 45.7189
      vertex 13.7966 -13.3965 79.8625
      vertex 15.8672 -16.9828 47.3173
    endloop
  endfacet
  facet normal -0.86602 -0.500009 -0
    outer loop
      vertex 13.7966 -13.3965 79.8625
      vertex 13.7966 -13.3965 47.8625
      vertex 15.8672 -16.9828 47.3173
    endloop
  endfacet
  facet normal -0.866039 -0.499977 2.16963e-06
    outer loop
      vertex 15.8672 -16.9828 16.4077
      vertex 15.2869 -15.9777 -1.90735e-07
      vertex 15.6442 -16.5966 -1.90735e-07
    endloop
  endfacet
  facet normal -0.866076 -0.499912 1.56514e-05
    outer loop
      vertex 16.399 -17.9038 8.48944
      vertex 15.9724 -17.165 -1.90735e-07
      vertex 16.018 -17.244 -1.90735e-07
    endloop
  endfacet
  facet normal -0.866 -0.500045 3.01575e-07
    outer loop
      vertex 15.9724 -17.165 -1.90735e-07
      vertex 16.399 -17.9038 8.48944
      vertex 15.8672 -16.9828 16.4077
    endloop
  endfacet
  facet normal -0.866032 -0.499989 -8.38447e-06
    outer loop
      vertex 15.8672 -16.9828 16.4077
      vertex 16.399 -17.9038 8.48944
      vertex 16.7885 -18.5786 17.1709
    endloop
  endfacet
  facet normal -0.866003 -0.500039 2.19144e-07
    outer loop
      vertex 15.8672 -16.9828 16.4077
      vertex 15.6442 -16.5966 -1.90735e-07
      vertex 15.9724 -17.165 -1.90735e-07
    endloop
  endfacet
  facet normal -0.866019 -0.500011 0
    outer loop
      vertex 15.2869 -15.9777 -1.90735e-07
      vertex 13.7966 -13.3965 15.8625
      vertex 13.7966 -13.3965 -1.90735e-07
    endloop
  endfacet
  facet normal -0.86602 -0.500009 -4.48201e-07
    outer loop
      vertex 13.7966 -13.3965 15.8625
      vertex 15.2869 -15.9777 -1.90735e-07
      vertex 15.8672 -16.9828 16.4077
    endloop
  endfacet
  facet normal 0.866021 0.500007 -4.33111e-06
    outer loop
      vertex 7.09498 -22.7889 69.9677
      vertex 4.70337 -18.6465 79.8625
      vertex 6.12635 -21.1111 83.1634
    endloop
  endfacet
  facet normal 0.866027 0.499998 5.65577e-07
    outer loop
      vertex 4.70337 -18.6465 79.8625
      vertex 7.09498 -22.7889 69.9677
      vertex 8.70337 -25.5747 45.7189
    endloop
  endfacet
  facet normal 0.866006 0.500033 -4.78885e-06
    outer loop
      vertex 8.70337 -25.5747 45.7189
      vertex 7.09498 -22.7889 69.9677
      vertex 8.89674 -25.9096 45.4221
    endloop
  endfacet
  facet normal 0.866025 0.500001 -1.30202e-07
    outer loop
      vertex 6.77392 -22.2328 47.3173
      vertex 4.70337 -18.6465 79.8625
      vertex 8.70337 -25.5747 45.7189
    endloop
  endfacet
  facet normal 0.866026 0.5 0
    outer loop
      vertex 6.77392 -22.2328 47.3173
      vertex 4.70337 -18.6465 47.8625
      vertex 4.70337 -18.6465 79.8625
    endloop
  endfacet
  facet normal 0.866015 0.500019 1.78691e-06
    outer loop
      vertex 6.55097 -21.8466 -1.90735e-07
      vertex 6.19363 -21.2277 -1.90735e-07
      vertex 6.77392 -22.2328 16.4077
    endloop
  endfacet
  facet normal 0.865839 0.500323 -4.9564e-06
    outer loop
      vertex 6.77392 -22.2328 16.4077
      vertex 6.92476 -22.494 -1.90735e-07
      vertex 6.87911 -22.415 -1.90735e-07
    endloop
  endfacet
  facet normal 0.866026 0.499998 1.9392e-06
    outer loop
      vertex 6.92476 -22.494 -1.90735e-07
      vertex 6.77392 -22.2328 16.4077
      vertex 7.69525 -23.8286 17.1709
    endloop
  endfacet
  facet normal 0.866042 0.49997 2.68185e-07
    outer loop
      vertex 6.87911 -22.415 -1.90735e-07
      vertex 6.55097 -21.8466 -1.90735e-07
      vertex 6.77392 -22.2328 16.4077
    endloop
  endfacet
  facet normal 0.866025 0.500001 0
    outer loop
      vertex 4.70337 -18.6465 15.8625
      vertex 6.19363 -21.2277 -1.90735e-07
      vertex 4.70337 -18.6465 -1.90735e-07
    endloop
  endfacet
  facet normal 0.866026 0.5 2.34397e-07
    outer loop
      vertex 6.19363 -21.2277 -1.90735e-07
      vertex 4.70337 -18.6465 15.8625
      vertex 6.77392 -22.2328 16.4077
    endloop
  endfacet
  facet normal 0.424756 -0.735708 -0.527557
    outer loop
      vertex 6.49139 -21.0873 83.3512
      vertex 13.2884 -18.6361 85.4054
      vertex 11.9031 -20.6167 87.0521
    endloop
  endfacet
  facet normal 0.424757 -0.735689 -0.527582
    outer loop
      vertex 13.2884 -18.6361 85.4054
      vertex 6.49139 -21.0873 83.3512
      vertex 15.0164 -16.1653 83.3512
    endloop
  endfacet
  facet normal 0.378698 -0.655902 -0.652978
    outer loop
      vertex 4.70337 -18.6465 79.8625
      vertex 6.49139 -21.0873 83.3512
      vertex 6.12635 -21.1111 83.1634
    endloop
  endfacet
  facet normal 0.378696 -0.65591 -0.652971
    outer loop
      vertex 6.49139 -21.0873 83.3512
      vertex 13.7966 -13.3965 79.8625
      vertex 15.0164 -16.1653 83.3512
    endloop
  endfacet
  facet normal 0.37869 -0.655907 -0.652978
    outer loop
      vertex 6.49139 -21.0873 83.3512
      vertex 4.70337 -18.6465 79.8625
      vertex 13.7966 -13.3965 79.8625
    endloop
  endfacet
  facet normal 0.37855 -0.655986 -0.652979
    outer loop
      vertex 15.0164 -16.1653 83.3512
      vertex 13.7966 -13.3965 79.8625
      vertex 15.2196 -15.8611 83.1634
    endloop
  endfacet
  facet normal 0.500002 -0.866025 0
    outer loop
      vertex 4.70337 -18.6465 47.8625
      vertex 13.7966 -13.3965 79.8625
      vertex 4.70337 -18.6465 79.8625
    endloop
  endfacet
  facet normal 0.500002 -0.866025 0
    outer loop
      vertex 13.7966 -13.3965 79.8625
      vertex 4.70337 -18.6465 47.8625
      vertex 13.7966 -13.3965 47.8625
    endloop
  endfacet
  facet normal 0.0652642 -0.113041 0.991445
    outer loop
      vertex 13.7966 -13.3965 47.8625
      vertex 6.77392 -22.2328 47.3173
      vertex 15.8672 -16.9828 47.3173
    endloop
  endfacet
  facet normal 0.0652649 -0.113042 0.991444
    outer loop
      vertex 6.77392 -22.2328 47.3173
      vertex 13.7966 -13.3965 47.8625
      vertex 4.70337 -18.6465 47.8625
    endloop
  endfacet
  facet normal 0.191343 -0.331414 0.923879
    outer loop
      vertex 15.8672 -16.9828 47.3173
      vertex 8.70337 -25.5747 45.7189
      vertex 17.7966 -20.3247 45.7189
    endloop
  endfacet
  facet normal 0.191341 -0.331412 0.92388
    outer loop
      vertex 8.70337 -25.5747 45.7189
      vertex 15.8672 -16.9828 47.3173
      vertex 6.77392 -22.2328 47.3173
    endloop
  endfacet
  facet normal 0.304496 -0.527211 0.793304
    outer loop
      vertex 17.7966 -20.3247 45.7189
      vertex 17.3839 -21.8517 44.8625
      vertex 17.99 -20.6596 45.4221
    endloop
  endfacet
  facet normal 0.304388 -0.527206 0.793348
    outer loop
      vertex 10.2322 -25.9808 44.8625
      vertex 17.3839 -21.8517 44.8625
      vertex 17.7966 -20.3247 45.7189
    endloop
  endfacet
  facet normal 0.304387 -0.527205 0.79335
    outer loop
      vertex 17.3839 -21.8517 44.8625
      vertex 10.2322 -25.9808 44.8625
      vertex 15.0621 -25.6222 43.2477
    endloop
  endfacet
  facet normal 0.304384 -0.527227 0.793336
    outer loop
      vertex 14.8544 -25.8497 43.1762
      vertex 15.0621 -25.6222 43.2477
      vertex 10.2322 -25.9808 44.8625
    endloop
  endfacet
  facet normal 0.304692 -0.527428 0.793084
    outer loop
      vertex 15.0621 -25.6222 43.2477
      vertex 14.8544 -25.8497 43.1762
      vertex 14.9593 -25.7891 43.1762
    endloop
  endfacet
  facet normal 0.304377 -0.527194 0.793361
    outer loop
      vertex 8.70337 -25.5747 45.7189
      vertex 10.2322 -25.9808 44.8625
      vertex 17.7966 -20.3247 45.7189
    endloop
  endfacet
  facet normal 0.304299 -0.527342 0.793292
    outer loop
      vertex 10.2322 -25.9808 44.8625
      vertex 8.70337 -25.5747 45.7189
      vertex 8.89674 -25.9096 45.4221
    endloop
  endfacet
  facet normal 0.396913 -0.687065 0.608607
    outer loop
      vertex 14.9593 -25.7891 43.1762
      vertex 14.8544 -25.8497 43.1762
      vertex 14.9225 -25.8465 43.1354
    endloop
  endfacet
  facet normal 0.304386 -0.527209 -0.793347
    outer loop
      vertex 13.8352 -23.9633 18.9042
      vertex 11.6153 -23.8935 18.0061
      vertex 14.8847 -22.0059 18.0061
    endloop
  endfacet
  facet normal 0.191308 -0.331407 -0.923889
    outer loop
      vertex 16.0526 -19.9033 17.4937
      vertex 15.8672 -16.9828 16.4077
      vertex 16.7885 -18.5786 17.1709
    endloop
  endfacet
  facet normal 0.191299 -0.331408 -0.92389
    outer loop
      vertex 14.8847 -22.0059 18.0061
      vertex 15.8672 -16.9828 16.4077
      vertex 16.0526 -19.9033 17.4937
    endloop
  endfacet
  facet normal 0.191343 -0.331413 -0.923879
    outer loop
      vertex 11.6153 -23.8935 18.0061
      vertex 15.8672 -16.9828 16.4077
      vertex 14.8847 -22.0059 18.0061
    endloop
  endfacet
  facet normal 0.191356 -0.331376 -0.92389
    outer loop
      vertex 6.77392 -22.2328 16.4077
      vertex 11.6153 -23.8935 18.0061
      vertex 7.69525 -23.8286 17.1709
    endloop
  endfacet
  facet normal 0.191341 -0.331412 -0.92388
    outer loop
      vertex 11.6153 -23.8935 18.0061
      vertex 6.77392 -22.2328 16.4077
      vertex 15.8672 -16.9828 16.4077
    endloop
  endfacet
  facet normal 0.0652642 -0.113041 -0.991445
    outer loop
      vertex 6.77392 -22.2328 16.4077
      vertex 13.7966 -13.3965 15.8625
      vertex 15.8672 -16.9828 16.4077
    endloop
  endfacet
  facet normal 0.0652649 -0.113042 -0.991444
    outer loop
      vertex 13.7966 -13.3965 15.8625
      vertex 6.77392 -22.2328 16.4077
      vertex 4.70337 -18.6465 15.8625
    endloop
  endfacet
  facet normal 0.500002 -0.866025 0
    outer loop
      vertex 4.70337 -18.6465 -1.90735e-07
      vertex 13.7966 -13.3965 15.8625
      vertex 4.70337 -18.6465 15.8625
    endloop
  endfacet
  facet normal 0.500002 -0.866025 0
    outer loop
      vertex 13.7966 -13.3965 15.8625
      vertex 4.70337 -18.6465 -1.90735e-07
      vertex 13.7966 -13.3965 -1.90735e-07
    endloop
  endfacet
  facet normal -0.863423 0.498493 -0.0774875
    outer loop
      vertex -16.0526 19.9033 17.4937
      vertex -17.3839 21.8517 44.8625
      vertex -15.0621 25.6222 43.2477
    endloop
  endfacet
  facet normal -0.863406 0.498523 -0.0774888
    outer loop
      vertex -16.7885 18.5786 17.1709
      vertex -17.3839 21.8517 44.8625
      vertex -16.0526 19.9033 17.4937
    endloop
  endfacet
  facet normal -0.863422 0.498496 -0.0774854
    outer loop
      vertex -22.9428 5.25 -1.90735e-07
      vertex -16.399 17.9038 8.48944
      vertex -16.7255 16.0187 -1.90735e-07
    endloop
  endfacet
  facet normal -0.863421 0.498498 -0.0774857
    outer loop
      vertex -16.399 17.9038 8.48944
      vertex -24.4838 5.25 17.1709
      vertex -16.7885 18.5786 17.1709
    endloop
  endfacet
  facet normal -0.863421 0.498497 -0.0774876
    outer loop
      vertex -16.399 17.9038 8.48944
      vertex -22.9428 5.25 -1.90735e-07
      vertex -24.4838 5.25 17.1709
    endloop
  endfacet
  facet normal -0.863421 0.498498 -0.077486
    outer loop
      vertex -27.6161 4.12907 44.8625
      vertex -16.7885 18.5786 17.1709
      vertex -24.4838 5.25 17.1709
    endloop
  endfacet
  facet normal -0.863421 0.498498 -0.0774861
    outer loop
      vertex -16.7885 18.5786 17.1709
      vertex -27.6161 4.12907 44.8625
      vertex -17.3839 21.8517 44.8625
    endloop
  endfacet
  facet normal -0.863426 0.49849 -0.0774876
    outer loop
      vertex -29.845 0 43.1354
      vertex -24.4838 5.25 17.1709
      vertex -26.5 1.8876 18.0061
    endloop
  endfacet
  facet normal -0.863424 0.498493 -0.0774866
    outer loop
      vertex -24.4838 5.25 17.1709
      vertex -29.845 0 43.1354
      vertex -27.6161 4.12907 44.8625
    endloop
  endfacet
  facet normal -0.863423 0.498495 -0.0774868
    outer loop
      vertex -29.845 0 43.1354
      vertex -26.5 1.8876 18.0061
      vertex -27.6704 0 18.9042
    endloop
  endfacet
  facet normal -0.863444 0.49847 -0.0774061
    outer loop
      vertex -27.6161 4.12907 44.8625
      vertex -29.845 0 43.1354
      vertex -29.8137 0.0605532 43.1762
    endloop
  endfacet
  facet normal -0.863399 0.498535 -0.0774949
    outer loop
      vertex -16.399 17.9038 8.48944
      vertex -16.018 17.244 -1.90735e-07
      vertex -16.7255 16.0187 -1.90735e-07
    endloop
  endfacet
  facet normal -0.863309 0.498772 -0.0769678
    outer loop
      vertex -14.9225 25.8465 43.1354
      vertex -15.0621 25.6222 43.2477
      vertex -14.9593 25.7891 43.1762
    endloop
  endfacet
  facet normal -0.863386 0.498558 -0.0774887
    outer loop
      vertex -13.8352 23.9633 18.9042
      vertex -15.0621 25.6222 43.2477
      vertex -14.9225 25.8465 43.1354
    endloop
  endfacet
  facet normal -0.863446 0.498468 -0.0774031
    outer loop
      vertex -16.0526 19.9033 17.4937
      vertex -13.8352 23.9633 18.9042
      vertex -14.8847 22.0059 18.0061
    endloop
  endfacet
  facet normal -0.863427 0.498487 -0.0774859
    outer loop
      vertex -13.8352 23.9633 18.9042
      vertex -16.0526 19.9033 17.4937
      vertex -15.0621 25.6222 43.2477
    endloop
  endfacet
  facet normal -0.859108 0.49601 0.126123
    outer loop
      vertex -21.346 5.25 83.1634
      vertex -15.4378 16.2391 80.1907
      vertex -25.2921 5.25 56.2839
    endloop
  endfacet
  facet normal -0.859134 0.495954 0.126171
    outer loop
      vertex -15.0164 16.1653 83.3512
      vertex -11.75 20.3516 89.1375
      vertex -13.2884 18.6361 85.4054
    endloop
  endfacet
  facet normal -0.859109 0.49601 0.126116
    outer loop
      vertex -15.2196 15.8611 83.1634
      vertex -11.75 20.3516 89.1375
      vertex -15.0164 16.1653 83.3512
    endloop
  endfacet
  facet normal -0.859106 0.496012 0.126131
    outer loop
      vertex -15.4378 16.2391 80.1907
      vertex -21.346 5.25 83.1634
      vertex -15.2196 15.8611 83.1634
    endloop
  endfacet
  facet normal -0.859108 0.496013 0.126114
    outer loop
      vertex -21.346 5.25 83.1634
      vertex -11.75 20.3516 89.1375
      vertex -15.2196 15.8611 83.1634
    endloop
  endfacet
  facet normal -0.859115 0.495968 0.126238
    outer loop
      vertex -21.5078 4.92193 83.3512
      vertex -11.75 20.3516 89.1375
      vertex -21.346 5.25 83.1634
    endloop
  endfacet
  facet normal -0.859098 0.496023 0.126142
    outer loop
      vertex -23.5 0 89.1375
      vertex -21.5078 4.92193 83.3512
      vertex -23.8062 0 87.0521
    endloop
  endfacet
  facet normal -0.85911 0.496007 0.126124
    outer loop
      vertex -21.5078 4.92193 83.3512
      vertex -23.5 0 89.1375
      vertex -11.75 20.3516 89.1375
    endloop
  endfacet
  facet normal -0.859101 0.496022 0.126126
    outer loop
      vertex -11.75 20.3516 89.1375
      vertex -11.9031 20.6167 87.0521
      vertex -13.2884 18.6361 85.4054
    endloop
  endfacet
  facet normal -0.85911 0.496006 0.126126
    outer loop
      vertex -25.2921 5.25 56.2839
      vertex -16.1882 17.5389 69.9677
      vertex -17.99 20.6596 45.4221
    endloop
  endfacet
  facet normal -0.859107 0.496009 0.126132
    outer loop
      vertex -25.2921 5.25 56.2839
      vertex -17.99 20.6596 45.4221
      vertex -26.8868 5.25 45.4221
    endloop
  endfacet
  facet normal -0.859108 0.496008 0.126136
    outer loop
      vertex -27.6161 4.12907 44.8625
      vertex -17.99 20.6596 45.4221
      vertex -17.3839 21.8517 44.8625
    endloop
  endfacet
  facet normal -0.859113 0.496013 0.126082
    outer loop
      vertex -17.99 20.6596 45.4221
      vertex -27.6161 4.12907 44.8625
      vertex -26.8868 5.25 45.4221
    endloop
  endfacet
  facet normal -0.85911 0.496006 0.126126
    outer loop
      vertex -16.1882 17.5389 69.9677
      vertex -25.2921 5.25 56.2839
      vertex -15.4378 16.2391 80.1907
    endloop
  endfacet
  facet normal -0.840671 0.485362 0.2402
    outer loop
      vertex -19.5 0 103.137
      vertex -9.75 16.8875 103.137
      vertex -23.5 0 89.1375
    endloop
  endfacet
  facet normal -0.840671 0.485362 0.2402
    outer loop
      vertex -9.75 16.8875 103.137
      vertex -11.75 20.3516 89.1375
      vertex -23.5 0 89.1375
    endloop
  endfacet
  facet normal -0.661692 0.382028 0.64515
    outer loop
      vertex 0 0 123.137
      vertex -9.75 16.8875 103.137
      vertex -19.5 0 103.137
    endloop
  endfacet
  facet normal 8.95282e-06 0.996993 -0.0774859
    outer loop
      vertex 13.8352 23.9633 18.9042
      vertex 10.2322 25.9808 44.8625
      vertex 14.8544 25.8497 43.1762
    endloop
  endfacet
  facet normal 0 0.996993 -0.0774866
    outer loop
      vertex 10.2322 25.9808 44.8625
      vertex 7.69525 23.8286 17.1709
      vertex -10.2322 25.9808 44.8625
    endloop
  endfacet
  facet normal 0.000414964 0.996992 -0.0775028
    outer loop
      vertex 13.8352 23.9633 18.9042
      vertex 14.8544 25.8497 43.1762
      vertex 14.9225 25.8465 43.1354
    endloop
  endfacet
  facet normal 0 0.996993 -0.0774866
    outer loop
      vertex -7.69525 23.8286 17.1709
      vertex -10.2322 25.9808 44.8625
      vertex 7.69525 23.8286 17.1709
    endloop
  endfacet
  facet normal 4.49019e-07 0.996993 -0.0774871
    outer loop
      vertex 10.2322 25.9808 44.8625
      vertex 13.8352 23.9633 18.9042
      vertex 11.6153 23.8935 18.0061
    endloop
  endfacet
  facet normal -3.11556e-06 0.996993 -0.0774869
    outer loop
      vertex -11.6153 23.8935 18.0061
      vertex -10.2322 25.9808 44.8625
      vertex -7.69525 23.8286 17.1709
    endloop
  endfacet
  facet normal 3.11556e-06 0.996993 -0.0774869
    outer loop
      vertex 10.2322 25.9808 44.8625
      vertex 11.6153 23.8935 18.0061
      vertex 7.69525 23.8286 17.1709
    endloop
  endfacet
  facet normal -4.49019e-07 0.996993 -0.0774871
    outer loop
      vertex -13.8352 23.9633 18.9042
      vertex -10.2322 25.9808 44.8625
      vertex -11.6153 23.8935 18.0061
    endloop
  endfacet
  facet normal -8.95282e-06 0.996993 -0.0774859
    outer loop
      vertex -10.2322 25.9808 44.8625
      vertex -13.8352 23.9633 18.9042
      vertex -14.8544 25.8497 43.1762
    endloop
  endfacet
  facet normal -0.000414964 0.996992 -0.0775028
    outer loop
      vertex -14.8544 25.8497 43.1762
      vertex -13.8352 23.9633 18.9042
      vertex -14.9225 25.8465 43.1354
    endloop
  endfacet
  facet normal 0 0.996993 -0.0774908
    outer loop
      vertex 6.92476 22.494 -1.90735e-07
      vertex -7.69525 23.8286 17.1709
      vertex 7.69525 23.8286 17.1709
    endloop
  endfacet
  facet normal 0 0.996993 -0.0774908
    outer loop
      vertex -7.69525 23.8286 17.1709
      vertex 6.92476 22.494 -1.90735e-07
      vertex -6.92476 22.494 -1.90735e-07
    endloop
  endfacet
  facet normal 2.34901e-05 0.992016 0.126109
    outer loop
      vertex 6.49139 21.0873 83.3512
      vertex 11.75 20.3516 89.1375
      vertex 11.9031 20.6167 87.0521
    endloop
  endfacet
  facet normal -0.000397365 0.991968 0.126485
    outer loop
      vertex 6.12635 21.1111 83.1634
      vertex 11.75 20.3516 89.1375
      vertex 6.49139 21.0873 83.3512
    endloop
  endfacet
  facet normal 0 0.992015 0.126117
    outer loop
      vertex 11.75 20.3516 89.1375
      vertex 6.12635 21.1111 83.1634
      vertex -11.75 20.3516 89.1375
    endloop
  endfacet
  facet normal -2.34901e-05 0.992016 0.126109
    outer loop
      vertex -11.75 20.3516 89.1375
      vertex -6.49139 21.0873 83.3512
      vertex -11.9031 20.6167 87.0521
    endloop
  endfacet
  facet normal -0 0.992015 0.126117
    outer loop
      vertex -6.12635 21.1111 83.1634
      vertex -11.75 20.3516 89.1375
      vertex 6.12635 21.1111 83.1634
    endloop
  endfacet
  facet normal 0.000397365 0.991968 0.126485
    outer loop
      vertex -11.75 20.3516 89.1375
      vertex -6.12635 21.1111 83.1634
      vertex -6.49139 21.0873 83.3512
    endloop
  endfacet
  facet normal 0 0.992013 0.126132
    outer loop
      vertex 7.09498 22.7889 69.9677
      vertex -6.12635 21.1111 83.1634
      vertex 6.12635 21.1111 83.1634
    endloop
  endfacet
  facet normal 0 0.992013 0.126132
    outer loop
      vertex 7.09498 22.7889 69.9677
      vertex -7.09498 22.7889 69.9677
      vertex -6.12635 21.1111 83.1634
    endloop
  endfacet
  facet normal 0 0.992015 0.126124
    outer loop
      vertex 8.89674 25.9096 45.4221
      vertex -7.09498 22.7889 69.9677
      vertex 7.09498 22.7889 69.9677
    endloop
  endfacet
  facet normal 0 0.992015 0.126124
    outer loop
      vertex 8.89674 25.9096 45.4221
      vertex -8.89674 25.9096 45.4221
      vertex -7.09498 22.7889 69.9677
    endloop
  endfacet
  facet normal 0 0.992003 0.126216
    outer loop
      vertex 10.2322 25.9808 44.8625
      vertex -8.89674 25.9096 45.4221
      vertex 8.89674 25.9096 45.4221
    endloop
  endfacet
  facet normal 0 0.992003 0.126216
    outer loop
      vertex -8.89674 25.9096 45.4221
      vertex 10.2322 25.9808 44.8625
      vertex -10.2322 25.9808 44.8625
    endloop
  endfacet
  facet normal 0 0.970723 0.2402
    outer loop
      vertex 11.75 20.3516 89.1375
      vertex -9.75 16.8875 103.137
      vertex 9.75 16.8875 103.137
    endloop
  endfacet
  facet normal 0 0.970723 0.2402
    outer loop
      vertex -9.75 16.8875 103.137
      vertex 11.75 20.3516 89.1375
      vertex -11.75 20.3516 89.1375
    endloop
  endfacet
  facet normal 0 0.764056 0.64515
    outer loop
      vertex 0 0 123.137
      vertex 9.75 16.8875 103.137
      vertex -9.75 16.8875 103.137
    endloop
  endfacet
  facet normal 0.863411 0.498527 -0.0774038
    outer loop
      vertex 17.3839 21.8517 44.8625
      vertex 14.9225 25.8465 43.1354
      vertex 14.9593 25.7891 43.1762
    endloop
  endfacet
  facet normal 0.863421 0.498498 -0.0774856
    outer loop
      vertex 14.9225 25.8465 43.1354
      vertex 17.3839 21.8517 44.8625
      vertex 13.8352 23.9633 18.9042
    endloop
  endfacet
  facet normal 0.863423 0.498494 -0.0774861
    outer loop
      vertex 13.8352 23.9633 18.9042
      vertex 17.3839 21.8517 44.8625
      vertex 14.8847 22.0059 18.0061
    endloop
  endfacet
  facet normal 0.863422 0.498497 -0.077486
    outer loop
      vertex 17.3839 21.8517 44.8625
      vertex 16.7885 18.5786 17.1709
      vertex 14.8847 22.0059 18.0061
    endloop
  endfacet
  facet normal 0.86342 0.4985 -0.0774894
    outer loop
      vertex 23.7047 5.25 8.48943
      vertex 16.018 17.244 -1.90735e-07
      vertex 16.7885 18.5786 17.1709
    endloop
  endfacet
  facet normal 0.863421 0.498498 -0.0774861
    outer loop
      vertex 27.6161 4.12907 44.8625
      vertex 16.7885 18.5786 17.1709
      vertex 17.3839 21.8517 44.8625
    endloop
  endfacet
  facet normal 0.863421 0.498498 -0.0774859
    outer loop
      vertex 16.7885 18.5786 17.1709
      vertex 24.4838 5.25 17.1709
      vertex 23.7047 5.25 8.48943
    endloop
  endfacet
  facet normal 0.863421 0.498498 -0.077486
    outer loop
      vertex 16.7885 18.5786 17.1709
      vertex 27.6161 4.12907 44.8625
      vertex 24.4838 5.25 17.1709
    endloop
  endfacet
  facet normal 0.86343 0.498482 -0.0774876
    outer loop
      vertex 27.6161 4.12907 44.8625
      vertex 25.2631 3.95034 17.4937
      vertex 24.4838 5.25 17.1709
    endloop
  endfacet
  facet normal 0.863425 0.498491 -0.0774873
    outer loop
      vertex 25.2631 3.95034 17.4937
      vertex 27.6161 4.12907 44.8625
      vertex 29.7205 0.233075 43.2477
    endloop
  endfacet
  facet normal 0.863421 0.498497 -0.0774942
    outer loop
      vertex 16.018 17.244 -1.90735e-07
      vertex 23.7047 5.25 8.48943
      vertex 22.2353 6.47534 -1.90735e-07
    endloop
  endfacet
  facet normal 0.863406 0.498523 -0.077488
    outer loop
      vertex 23.7047 5.25 8.48943
      vertex 22.9428 5.25 -1.90735e-07
      vertex 22.2353 6.47534 -1.90735e-07
    endloop
  endfacet
  facet normal 0.863423 0.498495 -0.0774864
    outer loop
      vertex 27.6704 0 18.9042
      vertex 25.2631 3.95034 17.4937
      vertex 29.7205 0.233075 43.2477
    endloop
  endfacet
  facet normal 0.86336 0.49858 -0.0776341
    outer loop
      vertex 29.845 0 43.1354
      vertex 29.7205 0.233075 43.2477
      vertex 29.8137 0.0605532 43.1762
    endloop
  endfacet
  facet normal 0.863402 0.498531 -0.077485
    outer loop
      vertex 27.6704 0 18.9042
      vertex 29.7205 0.233075 43.2477
      vertex 29.845 0 43.1354
    endloop
  endfacet
  facet normal 0.863423 0.498493 -0.0774914
    outer loop
      vertex 25.2631 3.95034 17.4937
      vertex 27.6704 0 18.9042
      vertex 26.5 1.8876 18.0061
    endloop
  endfacet
  facet normal 0.859113 0.496002 0.126125
    outer loop
      vertex 11.75 20.3516 89.1375
      vertex 15.0164 16.1653 83.3512
      vertex 11.9031 20.6167 87.0521
    endloop
  endfacet
  facet normal 0.859109 0.49601 0.126116
    outer loop
      vertex 11.75 20.3516 89.1375
      vertex 15.2196 15.8611 83.1634
      vertex 15.0164 16.1653 83.3512
    endloop
  endfacet
  facet normal 0.859108 0.496013 0.126114
    outer loop
      vertex 11.75 20.3516 89.1375
      vertex 21.346 5.25 83.1634
      vertex 15.2196 15.8611 83.1634
    endloop
  endfacet
  facet normal 0.859115 0.495968 0.126238
    outer loop
      vertex 11.75 20.3516 89.1375
      vertex 21.5078 4.92193 83.3512
      vertex 21.346 5.25 83.1634
    endloop
  endfacet
  facet normal 0.85911 0.496007 0.126124
    outer loop
      vertex 23.5 0 89.1375
      vertex 21.5078 4.92193 83.3512
      vertex 11.75 20.3516 89.1375
    endloop
  endfacet
  facet normal 0.859107 0.49601 0.126128
    outer loop
      vertex 21.5078 4.92193 83.3512
      vertex 23.5 0 89.1375
      vertex 22.7835 2.19002 85.4054
    endloop
  endfacet
  facet normal 0.859108 0.49601 0.126127
    outer loop
      vertex 21.7824 5.25 80.1907
      vertex 16.1882 17.5389 69.9677
      vertex 15.2196 15.8611 83.1634
    endloop
  endfacet
  facet normal 0.859108 0.496012 0.126119
    outer loop
      vertex 21.7824 5.25 80.1907
      vertex 15.2196 15.8611 83.1634
      vertex 21.346 5.25 83.1634
    endloop
  endfacet
  facet normal 0.859108 0.496009 0.126126
    outer loop
      vertex 16.1882 17.5389 69.9677
      vertex 21.7824 5.25 80.1907
      vertex 17.1927 19.2786 56.2839
    endloop
  endfacet
  facet normal 0.859095 0.496029 0.126141
    outer loop
      vertex 23.5 0 89.1375
      vertex 23.8062 0 87.0521
      vertex 22.7835 2.19002 85.4054
    endloop
  endfacet
  facet normal 0.859108 0.49601 0.126126
    outer loop
      vertex 26.8868 5.25 45.4221
      vertex 17.1927 19.2786 56.2839
      vertex 21.7824 5.25 80.1907
    endloop
  endfacet
  facet normal 0.859108 0.49601 0.126126
    outer loop
      vertex 17.1927 19.2786 56.2839
      vertex 26.8868 5.25 45.4221
      vertex 17.99 20.6596 45.4221
    endloop
  endfacet
  facet normal 0.859113 0.496013 0.126082
    outer loop
      vertex 27.6161 4.12907 44.8625
      vertex 17.99 20.6596 45.4221
      vertex 26.8868 5.25 45.4221
    endloop
  endfacet
  facet normal 0.859108 0.496008 0.126136
    outer loop
      vertex 17.99 20.6596 45.4221
      vertex 27.6161 4.12907 44.8625
      vertex 17.3839 21.8517 44.8625
    endloop
  endfacet
  facet normal 0.840671 0.485362 0.2402
    outer loop
      vertex 19.5 0 103.137
      vertex 11.75 20.3516 89.1375
      vertex 9.75 16.8875 103.137
    endloop
  endfacet
  facet normal 0.840671 0.485362 0.2402
    outer loop
      vertex 19.5 0 103.137
      vertex 23.5 0 89.1375
      vertex 11.75 20.3516 89.1375
    endloop
  endfacet
  facet normal 0.661692 0.382028 0.64515
    outer loop
      vertex 19.5 0 103.137
      vertex 9.75 16.8875 103.137
      vertex 0 0 123.137
    endloop
  endfacet
  facet normal 0.863444 -0.49847 -0.0774061
    outer loop
      vertex 27.6161 -4.12907 44.8625
      vertex 29.845 0 43.1354
      vertex 29.8137 -0.0605532 43.1762
    endloop
  endfacet
  facet normal 0.863423 -0.498495 -0.0774868
    outer loop
      vertex 29.845 0 43.1354
      vertex 26.5 -1.8876 18.0061
      vertex 27.6704 0 18.9042
    endloop
  endfacet
  facet normal 0.863424 -0.498493 -0.0774866
    outer loop
      vertex 29.845 0 43.1354
      vertex 27.6161 -4.12907 44.8625
      vertex 24.4838 -5.25 17.1709
    endloop
  endfacet
  facet normal 0.863426 -0.49849 -0.0774876
    outer loop
      vertex 29.845 0 43.1354
      vertex 24.4838 -5.25 17.1709
      vertex 26.5 -1.8876 18.0061
    endloop
  endfacet
  facet normal 0.863421 -0.498497 -0.0774876
    outer loop
      vertex 16.399 -17.9038 8.48944
      vertex 22.9428 -5.25 -1.90735e-07
      vertex 24.4838 -5.25 17.1709
    endloop
  endfacet
  facet normal 0.863421 -0.498498 -0.077486
    outer loop
      vertex 16.7885 -18.5786 17.1709
      vertex 24.4838 -5.25 17.1709
      vertex 27.6161 -4.12907 44.8625
    endloop
  endfacet
  facet normal 0.863422 -0.498496 -0.0774854
    outer loop
      vertex 22.9428 -5.25 -1.90735e-07
      vertex 16.399 -17.9038 8.48944
      vertex 16.7255 -16.0187 -1.90735e-07
    endloop
  endfacet
  facet normal 0.863421 -0.498498 -0.0774857
    outer loop
      vertex 24.4838 -5.25 17.1709
      vertex 16.7885 -18.5786 17.1709
      vertex 16.399 -17.9038 8.48944
    endloop
  endfacet
  facet normal 0.863421 -0.498498 -0.0774861
    outer loop
      vertex 17.3839 -21.8517 44.8625
      vertex 16.7885 -18.5786 17.1709
      vertex 27.6161 -4.12907 44.8625
    endloop
  endfacet
  facet normal 0.863406 -0.498523 -0.0774888
    outer loop
      vertex 16.7885 -18.5786 17.1709
      vertex 17.3839 -21.8517 44.8625
      vertex 16.0526 -19.9033 17.4937
    endloop
  endfacet
  facet normal 0.863423 -0.498493 -0.0774875
    outer loop
      vertex 16.0526 -19.9033 17.4937
      vertex 17.3839 -21.8517 44.8625
      vertex 15.0621 -25.6222 43.2477
    endloop
  endfacet
  facet normal 0.863446 -0.498468 -0.0774031
    outer loop
      vertex 16.0526 -19.9033 17.4937
      vertex 13.8352 -23.9633 18.9042
      vertex 14.8847 -22.0059 18.0061
    endloop
  endfacet
  facet normal 0.863427 -0.498487 -0.0774859
    outer loop
      vertex 15.0621 -25.6222 43.2477
      vertex 13.8352 -23.9633 18.9042
      vertex 16.0526 -19.9033 17.4937
    endloop
  endfacet
  facet normal 0.863309 -0.498772 -0.0769678
    outer loop
      vertex 14.9225 -25.8465 43.1354
      vertex 15.0621 -25.6222 43.2477
      vertex 14.9593 -25.7891 43.1762
    endloop
  endfacet
  facet normal 0.863386 -0.498558 -0.0774887
    outer loop
      vertex 15.0621 -25.6222 43.2477
      vertex 14.9225 -25.8465 43.1354
      vertex 13.8352 -23.9633 18.9042
    endloop
  endfacet
  facet normal 0.863399 -0.498535 -0.0774949
    outer loop
      vertex 16.7255 -16.0187 -1.90735e-07
      vertex 16.399 -17.9038 8.48944
      vertex 16.018 -17.244 -1.90735e-07
    endloop
  endfacet
  facet normal 0.859098 -0.496023 0.126142
    outer loop
      vertex 23.5 0 89.1375
      vertex 21.5078 -4.92193 83.3512
      vertex 23.8062 0 87.0521
    endloop
  endfacet
  facet normal 0.85911 -0.496007 0.126124
    outer loop
      vertex 11.75 -20.3516 89.1375
      vertex 21.5078 -4.92193 83.3512
      vertex 23.5 0 89.1375
    endloop
  endfacet
  facet normal 0.859106 -0.496012 0.126131
    outer loop
      vertex 15.4378 -16.2391 80.1907
      vertex 21.346 -5.25 83.1634
      vertex 15.2196 -15.8611 83.1634
    endloop
  endfacet
  facet normal 0.859115 -0.495968 0.126238
    outer loop
      vertex 21.5078 -4.92193 83.3512
      vertex 11.75 -20.3516 89.1375
      vertex 21.346 -5.25 83.1634
    endloop
  endfacet
  facet normal 0.859108 -0.496013 0.126114
    outer loop
      vertex 21.346 -5.25 83.1634
      vertex 11.75 -20.3516 89.1375
      vertex 15.2196 -15.8611 83.1634
    endloop
  endfacet
  facet normal 0.859109 -0.49601 0.126116
    outer loop
      vertex 15.2196 -15.8611 83.1634
      vertex 11.75 -20.3516 89.1375
      vertex 15.0164 -16.1653 83.3512
    endloop
  endfacet
  facet normal 0.859134 -0.495954 0.126171
    outer loop
      vertex 15.0164 -16.1653 83.3512
      vertex 11.75 -20.3516 89.1375
      vertex 13.2884 -18.6361 85.4054
    endloop
  endfacet
  facet normal 0.859108 -0.49601 0.126123
    outer loop
      vertex 21.346 -5.25 83.1634
      vertex 15.4378 -16.2391 80.1907
      vertex 25.2921 -5.25 56.2839
    endloop
  endfacet
  facet normal 0.859101 -0.496022 0.126126
    outer loop
      vertex 11.9031 -20.6167 87.0521
      vertex 13.2884 -18.6361 85.4054
      vertex 11.75 -20.3516 89.1375
    endloop
  endfacet
  facet normal 0.85911 -0.496006 0.126126
    outer loop
      vertex 16.1882 -17.5389 69.9677
      vertex 25.2921 -5.25 56.2839
      vertex 15.4378 -16.2391 80.1907
    endloop
  endfacet
  facet normal 0.85911 -0.496006 0.126126
    outer loop
      vertex 17.99 -20.6596 45.4221
      vertex 25.2921 -5.25 56.2839
      vertex 16.1882 -17.5389 69.9677
    endloop
  endfacet
  facet normal 0.859107 -0.496009 0.126132
    outer loop
      vertex 25.2921 -5.25 56.2839
      vertex 17.99 -20.6596 45.4221
      vertex 26.8868 -5.25 45.4221
    endloop
  endfacet
  facet normal 0.859113 -0.496013 0.126082
    outer loop
      vertex 17.99 -20.6596 45.4221
      vertex 27.6161 -4.12907 44.8625
      vertex 26.8868 -5.25 45.4221
    endloop
  endfacet
  facet normal 0.859108 -0.496008 0.126136
    outer loop
      vertex 27.6161 -4.12907 44.8625
      vertex 17.99 -20.6596 45.4221
      vertex 17.3839 -21.8517 44.8625
    endloop
  endfacet
  facet normal 0.840671 -0.485362 0.2402
    outer loop
      vertex 23.5 0 89.1375
      vertex 19.5 0 103.137
      vertex 9.75 -16.8875 103.137
    endloop
  endfacet
  facet normal 0.840671 -0.485362 0.2402
    outer loop
      vertex 11.75 -20.3516 89.1375
      vertex 23.5 0 89.1375
      vertex 9.75 -16.8875 103.137
    endloop
  endfacet
  facet normal 0.661692 -0.382028 0.64515
    outer loop
      vertex 9.75 -16.8875 103.137
      vertex 19.5 0 103.137
      vertex 0 0 123.137
    endloop
  endfacet
  facet normal -8.95282e-06 -0.996993 -0.0774859
    outer loop
      vertex -13.8352 -23.9633 18.9042
      vertex -10.2322 -25.9808 44.8625
      vertex -14.8544 -25.8497 43.1762
    endloop
  endfacet
  facet normal 0 -0.996993 -0.0774866
    outer loop
      vertex -10.2322 -25.9808 44.8625
      vertex -7.69525 -23.8286 17.1709
      vertex 10.2322 -25.9808 44.8625
    endloop
  endfacet
  facet normal -0.000414964 -0.996992 -0.0775028
    outer loop
      vertex -13.8352 -23.9633 18.9042
      vertex -14.8544 -25.8497 43.1762
      vertex -14.9225 -25.8465 43.1354
    endloop
  endfacet
  facet normal -0 -0.996993 -0.0774866
    outer loop
      vertex 7.69525 -23.8286 17.1709
      vertex 10.2322 -25.9808 44.8625
      vertex -7.69525 -23.8286 17.1709
    endloop
  endfacet
  facet normal -4.49019e-07 -0.996993 -0.0774871
    outer loop
      vertex -10.2322 -25.9808 44.8625
      vertex -13.8352 -23.9633 18.9042
      vertex -11.6153 -23.8935 18.0061
    endloop
  endfacet
  facet normal 3.11556e-06 -0.996993 -0.0774869
    outer loop
      vertex 11.6153 -23.8935 18.0061
      vertex 10.2322 -25.9808 44.8625
      vertex 7.69525 -23.8286 17.1709
    endloop
  endfacet
  facet normal -3.11556e-06 -0.996993 -0.0774869
    outer loop
      vertex -10.2322 -25.9808 44.8625
      vertex -11.6153 -23.8935 18.0061
      vertex -7.69525 -23.8286 17.1709
    endloop
  endfacet
  facet normal 4.49019e-07 -0.996993 -0.0774871
    outer loop
      vertex 13.8352 -23.9633 18.9042
      vertex 10.2322 -25.9808 44.8625
      vertex 11.6153 -23.8935 18.0061
    endloop
  endfacet
  facet normal 8.95282e-06 -0.996993 -0.0774859
    outer loop
      vertex 10.2322 -25.9808 44.8625
      vertex 13.8352 -23.9633 18.9042
      vertex 14.8544 -25.8497 43.1762
    endloop
  endfacet
  facet normal 0.000414964 -0.996992 -0.0775028
    outer loop
      vertex 14.8544 -25.8497 43.1762
      vertex 13.8352 -23.9633 18.9042
      vertex 14.9225 -25.8465 43.1354
    endloop
  endfacet
  facet normal 0 -0.996993 -0.0774908
    outer loop
      vertex -6.92476 -22.494 -1.90735e-07
      vertex 7.69525 -23.8286 17.1709
      vertex -7.69525 -23.8286 17.1709
    endloop
  endfacet
  facet normal 0 -0.996993 -0.0774908
    outer loop
      vertex 7.69525 -23.8286 17.1709
      vertex -6.92476 -22.494 -1.90735e-07
      vertex 6.92476 -22.494 -1.90735e-07
    endloop
  endfacet
  facet normal -2.34901e-05 -0.992016 0.126109
    outer loop
      vertex -6.49139 -21.0873 83.3512
      vertex -11.75 -20.3516 89.1375
      vertex -11.9031 -20.6167 87.0521
    endloop
  endfacet
  facet normal 0.000397365 -0.991968 0.126485
    outer loop
      vertex -6.12635 -21.1111 83.1634
      vertex -11.75 -20.3516 89.1375
      vertex -6.49139 -21.0873 83.3512
    endloop
  endfacet
  facet normal 0 -0.992015 0.126117
    outer loop
      vertex -11.75 -20.3516 89.1375
      vertex -6.12635 -21.1111 83.1634
      vertex 11.75 -20.3516 89.1375
    endloop
  endfacet
  facet normal 2.34901e-05 -0.992016 0.126109
    outer loop
      vertex 11.75 -20.3516 89.1375
      vertex 6.49139 -21.0873 83.3512
      vertex 11.9031 -20.6167 87.0521
    endloop
  endfacet
  facet normal 0 -0.992015 0.126117
    outer loop
      vertex 6.12635 -21.1111 83.1634
      vertex 11.75 -20.3516 89.1375
      vertex -6.12635 -21.1111 83.1634
    endloop
  endfacet
  facet normal -0.000397365 -0.991968 0.126485
    outer loop
      vertex 11.75 -20.3516 89.1375
      vertex 6.12635 -21.1111 83.1634
      vertex 6.49139 -21.0873 83.3512
    endloop
  endfacet
  facet normal 0 -0.992013 0.126132
    outer loop
      vertex -7.09498 -22.7889 69.9677
      vertex 6.12635 -21.1111 83.1634
      vertex -6.12635 -21.1111 83.1634
    endloop
  endfacet
  facet normal 0 -0.992013 0.126132
    outer loop
      vertex -7.09498 -22.7889 69.9677
      vertex 7.09498 -22.7889 69.9677
      vertex 6.12635 -21.1111 83.1634
    endloop
  endfacet
  facet normal 0 -0.992015 0.126124
    outer loop
      vertex -8.89674 -25.9096 45.4221
      vertex 7.09498 -22.7889 69.9677
      vertex -7.09498 -22.7889 69.9677
    endloop
  endfacet
  facet normal 0 -0.992015 0.126124
    outer loop
      vertex -8.89674 -25.9096 45.4221
      vertex 8.89674 -25.9096 45.4221
      vertex 7.09498 -22.7889 69.9677
    endloop
  endfacet
  facet normal 0 -0.992003 0.126216
    outer loop
      vertex -10.2322 -25.9808 44.8625
      vertex 8.89674 -25.9096 45.4221
      vertex -8.89674 -25.9096 45.4221
    endloop
  endfacet
  facet normal 0 -0.992003 0.126216
    outer loop
      vertex 8.89674 -25.9096 45.4221
      vertex -10.2322 -25.9808 44.8625
      vertex 10.2322 -25.9808 44.8625
    endloop
  endfacet
  facet normal 0 -0.970723 0.2402
    outer loop
      vertex -11.75 -20.3516 89.1375
      vertex 9.75 -16.8875 103.137
      vertex -9.75 -16.8875 103.137
    endloop
  endfacet
  facet normal 0 -0.970723 0.2402
    outer loop
      vertex 9.75 -16.8875 103.137
      vertex -11.75 -20.3516 89.1375
      vertex 11.75 -20.3516 89.1375
    endloop
  endfacet
  facet normal 0 -0.764056 0.64515
    outer loop
      vertex 9.75 -16.8875 103.137
      vertex 0 0 123.137
      vertex -9.75 -16.8875 103.137
    endloop
  endfacet
  facet normal -0.863421 -0.498497 -0.0774942
    outer loop
      vertex -16.018 -17.244 -1.90735e-07
      vertex -23.7047 -5.25 8.48943
      vertex -22.2353 -6.47534 -1.90735e-07
    endloop
  endfacet
  facet normal -0.863425 -0.498491 -0.0774873
    outer loop
      vertex -25.2631 -3.95034 17.4937
      vertex -27.6161 -4.12907 44.8625
      vertex -29.7205 -0.233075 43.2477
    endloop
  endfacet
  facet normal -0.86343 -0.498482 -0.0774876
    outer loop
      vertex -24.4838 -5.25 17.1709
      vertex -27.6161 -4.12907 44.8625
      vertex -25.2631 -3.95034 17.4937
    endloop
  endfacet
  facet normal -0.863421 -0.498498 -0.0774859
    outer loop
      vertex -23.7047 -5.25 8.48943
      vertex -16.7885 -18.5786 17.1709
      vertex -24.4838 -5.25 17.1709
    endloop
  endfacet
  facet normal -0.86342 -0.4985 -0.0774894
    outer loop
      vertex -23.7047 -5.25 8.48943
      vertex -16.018 -17.244 -1.90735e-07
      vertex -16.7885 -18.5786 17.1709
    endloop
  endfacet
  facet normal -0.863421 -0.498498 -0.077486
    outer loop
      vertex -24.4838 -5.25 17.1709
      vertex -16.7885 -18.5786 17.1709
      vertex -27.6161 -4.12907 44.8625
    endloop
  endfacet
  facet normal -0.863421 -0.498498 -0.0774861
    outer loop
      vertex -16.7885 -18.5786 17.1709
      vertex -17.3839 -21.8517 44.8625
      vertex -27.6161 -4.12907 44.8625
    endloop
  endfacet
  facet normal -0.863422 -0.498497 -0.077486
    outer loop
      vertex -14.8847 -22.0059 18.0061
      vertex -17.3839 -21.8517 44.8625
      vertex -16.7885 -18.5786 17.1709
    endloop
  endfacet
  facet normal -0.863423 -0.498494 -0.0774861
    outer loop
      vertex -13.8352 -23.9633 18.9042
      vertex -17.3839 -21.8517 44.8625
      vertex -14.8847 -22.0059 18.0061
    endloop
  endfacet
  facet normal -0.863421 -0.498498 -0.0774856
    outer loop
      vertex -14.9225 -25.8465 43.1354
      vertex -17.3839 -21.8517 44.8625
      vertex -13.8352 -23.9633 18.9042
    endloop
  endfacet
  facet normal -0.863411 -0.498527 -0.0774038
    outer loop
      vertex -17.3839 -21.8517 44.8625
      vertex -14.9225 -25.8465 43.1354
      vertex -14.9593 -25.7891 43.1762
    endloop
  endfacet
  facet normal -0.863406 -0.498523 -0.077488
    outer loop
      vertex -22.9428 -5.25 -1.90735e-07
      vertex -22.2353 -6.47534 -1.90735e-07
      vertex -23.7047 -5.25 8.48943
    endloop
  endfacet
  facet normal -0.863402 -0.498531 -0.077485
    outer loop
      vertex -29.7205 -0.233075 43.2477
      vertex -29.845 0 43.1354
      vertex -27.6704 0 18.9042
    endloop
  endfacet
  facet normal -0.86336 -0.49858 -0.0776341
    outer loop
      vertex -29.845 0 43.1354
      vertex -29.7205 -0.233075 43.2477
      vertex -29.8137 -0.0605532 43.1762
    endloop
  endfacet
  facet normal -0.863423 -0.498493 -0.0774914
    outer loop
      vertex -25.2631 -3.95034 17.4937
      vertex -27.6704 0 18.9042
      vertex -26.5 -1.8876 18.0061
    endloop
  endfacet
  facet normal -0.863423 -0.498495 -0.0774864
    outer loop
      vertex -27.6704 0 18.9042
      vertex -25.2631 -3.95034 17.4937
      vertex -29.7205 -0.233075 43.2477
    endloop
  endfacet
  facet normal -0.859108 -0.496012 0.126119
    outer loop
      vertex -21.7824 -5.25 80.1907
      vertex -15.2196 -15.8611 83.1634
      vertex -21.346 -5.25 83.1634
    endloop
  endfacet
  facet normal -0.859108 -0.49601 0.126127
    outer loop
      vertex -21.7824 -5.25 80.1907
      vertex -16.1882 -17.5389 69.9677
      vertex -15.2196 -15.8611 83.1634
    endloop
  endfacet
  facet normal -0.859108 -0.496009 0.126126
    outer loop
      vertex -16.1882 -17.5389 69.9677
      vertex -21.7824 -5.25 80.1907
      vertex -17.1927 -19.2786 56.2839
    endloop
  endfacet
  facet normal -0.859107 -0.49601 0.126128
    outer loop
      vertex -21.5078 -4.92193 83.3512
      vertex -23.5 0 89.1375
      vertex -22.7835 -2.19002 85.4054
    endloop
  endfacet
  facet normal -0.859115 -0.495968 0.126238
    outer loop
      vertex -11.75 -20.3516 89.1375
      vertex -21.5078 -4.92193 83.3512
      vertex -21.346 -5.25 83.1634
    endloop
  endfacet
  facet normal -0.859108 -0.496013 0.126114
    outer loop
      vertex -11.75 -20.3516 89.1375
      vertex -21.346 -5.25 83.1634
      vertex -15.2196 -15.8611 83.1634
    endloop
  endfacet
  facet normal -0.859109 -0.49601 0.126116
    outer loop
      vertex -11.75 -20.3516 89.1375
      vertex -15.2196 -15.8611 83.1634
      vertex -15.0164 -16.1653 83.3512
    endloop
  endfacet
  facet normal -0.85911 -0.496007 0.126124
    outer loop
      vertex -21.5078 -4.92193 83.3512
      vertex -11.75 -20.3516 89.1375
      vertex -23.5 0 89.1375
    endloop
  endfacet
  facet normal -0.859113 -0.496002 0.126125
    outer loop
      vertex -11.75 -20.3516 89.1375
      vertex -15.0164 -16.1653 83.3512
      vertex -11.9031 -20.6167 87.0521
    endloop
  endfacet
  facet normal -0.859095 -0.496029 0.126141
    outer loop
      vertex -22.7835 -2.19002 85.4054
      vertex -23.5 0 89.1375
      vertex -23.8062 0 87.0521
    endloop
  endfacet
  facet normal -0.859108 -0.49601 0.126126
    outer loop
      vertex -26.8868 -5.25 45.4221
      vertex -17.1927 -19.2786 56.2839
      vertex -21.7824 -5.25 80.1907
    endloop
  endfacet
  facet normal -0.859108 -0.49601 0.126126
    outer loop
      vertex -26.8868 -5.25 45.4221
      vertex -17.99 -20.6596 45.4221
      vertex -17.1927 -19.2786 56.2839
    endloop
  endfacet
  facet normal -0.859113 -0.496013 0.126082
    outer loop
      vertex -27.6161 -4.12907 44.8625
      vertex -17.99 -20.6596 45.4221
      vertex -26.8868 -5.25 45.4221
    endloop
  endfacet
  facet normal -0.859108 -0.496008 0.126136
    outer loop
      vertex -17.99 -20.6596 45.4221
      vertex -27.6161 -4.12907 44.8625
      vertex -17.3839 -21.8517 44.8625
    endloop
  endfacet
  facet normal -0.840671 -0.485362 0.2402
    outer loop
      vertex -11.75 -20.3516 89.1375
      vertex -9.75 -16.8875 103.137
      vertex -19.5 0 103.137
    endloop
  endfacet
  facet normal -0.840671 -0.485362 0.2402
    outer loop
      vertex -11.75 -20.3516 89.1375
      vertex -19.5 0 103.137
      vertex -23.5 0 89.1375
    endloop
  endfacet
  facet normal -0.661692 -0.382028 0.64515
    outer loop
      vertex -9.75 -16.8875 103.137
      vertex 0 0 123.137
      vertex -19.5 0 103.137
    endloop
  endfacet
  facet normal -0.615298 0.788295 0
    outer loop
      vertex 8.61823 -10.5013 -1.90735e-07
      vertex 8.09257 -10.9116 101.137
      vertex 8.61823 -10.5013 101.137
    endloop
  endfacet
  facet normal -0.615298 0.788295 0
    outer loop
      vertex 8.09257 -10.9116 101.137
      vertex 8.61823 -10.5013 -1.90735e-07
      vertex 8.09257 -10.9116 -1.90735e-07
    endloop
  endfacet
  facet normal -0.997296 -0.0734876 0
    outer loop
      vertex 13.5686 0.666584 -1.90735e-07
      vertex 13.5196 1.33156 101.137
      vertex 13.5196 1.33156 -1.90735e-07
    endloop
  endfacet
  facet normal -0.997296 -0.0734876 0
    outer loop
      vertex 13.5196 1.33156 101.137
      vertex 13.5686 0.666584 -1.90735e-07
      vertex 13.5686 0.666584 101.137
    endloop
  endfacet
  facet normal -0.999697 -0.0245956 0
    outer loop
      vertex 13.585 0 -1.90735e-07
      vertex 13.5686 0.666584 101.137
      vertex 13.5686 0.666584 -1.90735e-07
    endloop
  endfacet
  facet normal -0.999697 -0.0245956 0
    outer loop
      vertex 13.5686 0.666584 101.137
      vertex 13.585 0 -1.90735e-07
      vertex 13.585 0 101.137
    endloop
  endfacet
  facet normal -0.992483 -0.122379 0
    outer loop
      vertex 13.5196 1.33156 -1.90735e-07
      vertex 13.438 1.99333 101.137
      vertex 13.438 1.99333 -1.90735e-07
    endloop
  endfacet
  facet normal -0.992483 -0.122379 0
    outer loop
      vertex 13.438 1.99333 101.137
      vertex 13.5196 1.33156 -1.90735e-07
      vertex 13.5196 1.33156 101.137
    endloop
  endfacet
  facet normal 0.492941 -0.870063 0
    outer loop
      vertex -6.98409 11.6522 -1.90735e-07
      vertex -6.40392 11.9809 101.137
      vertex -6.98409 11.6522 101.137
    endloop
  endfacet
  facet normal 0.492941 -0.870063 0
    outer loop
      vertex -6.40392 11.9809 101.137
      vertex -6.98409 11.6522 -1.90735e-07
      vertex -6.40392 11.9809 -1.90735e-07
    endloop
  endfacet
  facet normal 0.963753 -0.266797 0
    outer loop
      vertex -13.1779 3.30089 101.137
      vertex -13 3.94352 -1.90735e-07
      vertex -13 3.94352 101.137
    endloop
  endfacet
  facet normal 0.963753 -0.266797 0
    outer loop
      vertex -13 3.94352 -1.90735e-07
      vertex -13.1779 3.30089 101.137
      vertex -13.1779 3.30089 -1.90735e-07
    endloop
  endfacet
  facet normal 0.817612 -0.57577 0
    outer loop
      vertex -11.2955 7.54742 101.137
      vertex -10.9116 8.09257 -1.90735e-07
      vertex -10.9116 8.09257 101.137
    endloop
  endfacet
  facet normal 0.817612 -0.57577 0
    outer loop
      vertex -10.9116 8.09257 -1.90735e-07
      vertex -11.2955 7.54742 101.137
      vertex -11.2955 7.54742 -1.90735e-07
    endloop
  endfacet
  facet normal -0.963753 -0.266797 0
    outer loop
      vertex 13.1779 3.30089 -1.90735e-07
      vertex 13 3.94352 101.137
      vertex 13 3.94352 -1.90735e-07
    endloop
  endfacet
  facet normal -0.963753 -0.266797 0
    outer loop
      vertex 13 3.94352 101.137
      vertex 13.1779 3.30089 -1.90735e-07
      vertex 13.1779 3.30089 101.137
    endloop
  endfacet
  facet normal -0.653147 -0.757231 0
    outer loop
      vertex 8.61823 10.5013 -1.90735e-07
      vertex 9.12313 10.0658 101.137
      vertex 8.61823 10.5013 101.137
    endloop
  endfacet
  facet normal -0.653147 -0.757231 -0
    outer loop
      vertex 9.12313 10.0658 101.137
      vertex 8.61823 10.5013 -1.90735e-07
      vertex 9.12313 10.0658 -1.90735e-07
    endloop
  endfacet
  facet normal 0.914217 0.405225 0
    outer loop
      vertex -12.2807 -5.80834 101.137
      vertex -12.5509 -5.19875 -1.90735e-07
      vertex -12.5509 -5.19875 101.137
    endloop
  endfacet
  facet normal 0.914217 0.405225 0
    outer loop
      vertex -12.5509 -5.19875 -1.90735e-07
      vertex -12.2807 -5.80834 101.137
      vertex -12.2807 -5.80834 -1.90735e-07
    endloop
  endfacet
  facet normal 0.219109 -0.9757 0
    outer loop
      vertex -3.30089 13.1779 -1.90735e-07
      vertex -2.6503 13.324 101.137
      vertex -3.30089 13.1779 101.137
    endloop
  endfacet
  facet normal 0.219109 -0.9757 0
    outer loop
      vertex -2.6503 13.324 101.137
      vertex -3.30089 13.1779 -1.90735e-07
      vertex -2.6503 13.324 -1.90735e-07
    endloop
  endfacet
  facet normal 0.57577 -0.817612 0
    outer loop
      vertex -8.09257 10.9116 -1.90735e-07
      vertex -7.54742 11.2955 101.137
      vertex -8.09257 10.9116 101.137
    endloop
  endfacet
  facet normal 0.57577 -0.817612 0
    outer loop
      vertex -7.54742 11.2955 101.137
      vertex -8.09257 10.9116 -1.90735e-07
      vertex -7.54742 11.2955 -1.90735e-07
    endloop
  endfacet
  facet normal -0.449624 -0.893218 0
    outer loop
      vertex 5.80834 12.2807 -1.90735e-07
      vertex 6.40392 11.9809 101.137
      vertex 5.80834 12.2807 101.137
    endloop
  endfacet
  facet normal -0.449624 -0.893218 -0
    outer loop
      vertex 6.40392 11.9809 101.137
      vertex 5.80834 12.2807 -1.90735e-07
      vertex 6.40392 11.9809 -1.90735e-07
    endloop
  endfacet
  facet normal 0.992483 -0.122379 0
    outer loop
      vertex -13.5196 1.33156 101.137
      vertex -13.438 1.99333 -1.90735e-07
      vertex -13.438 1.99333 101.137
    endloop
  endfacet
  facet normal 0.992483 -0.122379 0
    outer loop
      vertex -13.438 1.99333 -1.90735e-07
      vertex -13.5196 1.33156 101.137
      vertex -13.5196 1.33156 -1.90735e-07
    endloop
  endfacet
  facet normal -0.9757 -0.219109 0
    outer loop
      vertex 13.324 2.6503 -1.90735e-07
      vertex 13.1779 3.30089 101.137
      vertex 13.1779 3.30089 -1.90735e-07
    endloop
  endfacet
  facet normal -0.9757 -0.219109 0
    outer loop
      vertex 13.1779 3.30089 101.137
      vertex 13.324 2.6503 -1.90735e-07
      vertex 13.324 2.6503 101.137
    endloop
  endfacet
  facet normal -0.313603 0.949554 0
    outer loop
      vertex 4.57665 -12.7909 -1.90735e-07
      vertex 3.94352 -13 101.137
      vertex 4.57665 -12.7909 101.137
    endloop
  endfacet
  facet normal -0.313603 0.949554 0
    outer loop
      vertex 3.94352 -13 101.137
      vertex 4.57665 -12.7909 -1.90735e-07
      vertex 3.94352 -13 -1.90735e-07
    endloop
  endfacet
  facet normal -0.757231 0.653147 0
    outer loop
      vertex 10.0658 -9.12313 -1.90735e-07
      vertex 10.5013 -8.61823 101.137
      vertex 10.5013 -8.61823 -1.90735e-07
    endloop
  endfacet
  facet normal -0.757231 0.653147 0
    outer loop
      vertex 10.5013 -8.61823 101.137
      vertex 10.0658 -9.12313 -1.90735e-07
      vertex 10.0658 -9.12313 101.137
    endloop
  endfacet
  facet normal 0.757231 0.653147 0
    outer loop
      vertex -10.0658 -9.12313 101.137
      vertex -10.5013 -8.61823 -1.90735e-07
      vertex -10.5013 -8.61823 101.137
    endloop
  endfacet
  facet normal 0.757231 0.653147 0
    outer loop
      vertex -10.5013 -8.61823 -1.90735e-07
      vertex -10.0658 -9.12313 101.137
      vertex -10.0658 -9.12313 -1.90735e-07
    endloop
  endfacet
  facet normal -0.914217 0.405225 0
    outer loop
      vertex 12.2807 -5.80834 -1.90735e-07
      vertex 12.5509 -5.19875 101.137
      vertex 12.5509 -5.19875 -1.90735e-07
    endloop
  endfacet
  facet normal -0.914217 0.405225 0
    outer loop
      vertex 12.5509 -5.19875 101.137
      vertex 12.2807 -5.80834 -1.90735e-07
      vertex 12.2807 -5.80834 101.137
    endloop
  endfacet
  facet normal -0.788295 -0.615298 0
    outer loop
      vertex 10.9116 8.09257 -1.90735e-07
      vertex 10.5013 8.61823 101.137
      vertex 10.5013 8.61823 -1.90735e-07
    endloop
  endfacet
  facet normal -0.788295 -0.615298 0
    outer loop
      vertex 10.5013 8.61823 101.137
      vertex 10.9116 8.09257 -1.90735e-07
      vertex 10.9116 8.09257 101.137
    endloop
  endfacet
  facet normal 0.170969 0.985276 -0
    outer loop
      vertex -1.99333 -13.438 -1.90735e-07
      vertex -2.6503 -13.324 101.137
      vertex -1.99333 -13.438 101.137
    endloop
  endfacet
  facet normal 0.170969 0.985276 0
    outer loop
      vertex -2.6503 -13.324 101.137
      vertex -1.99333 -13.438 -1.90735e-07
      vertex -2.6503 -13.324 -1.90735e-07
    endloop
  endfacet
  facet normal 0.893218 -0.449624 0
    outer loop
      vertex -12.2807 5.80834 101.137
      vertex -11.9809 6.40392 -1.90735e-07
      vertex -11.9809 6.40392 101.137
    endloop
  endfacet
  facet normal 0.893218 -0.449624 0
    outer loop
      vertex -11.9809 6.40392 -1.90735e-07
      vertex -12.2807 5.80834 101.137
      vertex -12.2807 5.80834 -1.90735e-07
    endloop
  endfacet
  facet normal -0.870063 0.492941 0
    outer loop
      vertex 11.6522 -6.98409 -1.90735e-07
      vertex 11.9809 -6.40392 101.137
      vertex 11.9809 -6.40392 -1.90735e-07
    endloop
  endfacet
  facet normal -0.870063 0.492941 0
    outer loop
      vertex 11.9809 -6.40392 101.137
      vertex 11.6522 -6.98409 -1.90735e-07
      vertex 11.6522 -6.98409 101.137
    endloop
  endfacet
  facet normal 0.9757 -0.219109 0
    outer loop
      vertex -13.324 2.6503 101.137
      vertex -13.1779 3.30089 -1.90735e-07
      vertex -13.1779 3.30089 101.137
    endloop
  endfacet
  facet normal 0.9757 -0.219109 0
    outer loop
      vertex -13.1779 3.30089 -1.90735e-07
      vertex -13.324 2.6503 101.137
      vertex -13.324 2.6503 -1.90735e-07
    endloop
  endfacet
  facet normal -0.914217 -0.405225 0
    outer loop
      vertex 12.5509 5.19875 -1.90735e-07
      vertex 12.2807 5.80834 101.137
      vertex 12.2807 5.80834 -1.90735e-07
    endloop
  endfacet
  facet normal -0.914217 -0.405225 0
    outer loop
      vertex 12.2807 5.80834 101.137
      vertex 12.5509 5.19875 -1.90735e-07
      vertex 12.5509 5.19875 101.137
    endloop
  endfacet
  facet normal 0.999697 0.0245956 0
    outer loop
      vertex -13.5686 -0.666584 101.137
      vertex -13.585 0 -1.90735e-07
      vertex -13.585 0 101.137
    endloop
  endfacet
  facet normal 0.999697 0.0245956 0
    outer loop
      vertex -13.585 0 -1.90735e-07
      vertex -13.5686 -0.666584 101.137
      vertex -13.5686 -0.666584 -1.90735e-07
    endloop
  endfacet
  facet normal -0.949554 0.313603 0
    outer loop
      vertex 12.7909 -4.57665 -1.90735e-07
      vertex 13 -3.94352 101.137
      vertex 13 -3.94352 -1.90735e-07
    endloop
  endfacet
  facet normal -0.949554 0.313603 0
    outer loop
      vertex 13 -3.94352 101.137
      vertex 12.7909 -4.57665 -1.90735e-07
      vertex 12.7909 -4.57665 101.137
    endloop
  endfacet
  facet normal -0.870063 -0.492941 0
    outer loop
      vertex 11.9809 6.40392 -1.90735e-07
      vertex 11.6522 6.98409 101.137
      vertex 11.6522 6.98409 -1.90735e-07
    endloop
  endfacet
  facet normal -0.870063 -0.492941 0
    outer loop
      vertex 11.6522 6.98409 101.137
      vertex 11.9809 6.40392 -1.90735e-07
      vertex 11.9809 6.40392 101.137
    endloop
  endfacet
  facet normal 0.689534 0.724253 -0
    outer loop
      vertex -9.12313 -10.0658 -1.90735e-07
      vertex -9.60604 -9.60604 101.137
      vertex -9.12313 -10.0658 101.137
    endloop
  endfacet
  facet normal 0.689534 0.724253 0
    outer loop
      vertex -9.60604 -9.60604 101.137
      vertex -9.12313 -10.0658 -1.90735e-07
      vertex -9.60604 -9.60604 -1.90735e-07
    endloop
  endfacet
  facet normal 0.122379 0.992483 -0
    outer loop
      vertex -1.33156 -13.5196 -1.90735e-07
      vertex -1.99333 -13.438 101.137
      vertex -1.33156 -13.5196 101.137
    endloop
  endfacet
  facet normal 0.122379 0.992483 0
    outer loop
      vertex -1.99333 -13.438 101.137
      vertex -1.33156 -13.5196 -1.90735e-07
      vertex -1.99333 -13.438 -1.90735e-07
    endloop
  endfacet
  facet normal 0.615298 -0.788295 0
    outer loop
      vertex -8.61823 10.5013 -1.90735e-07
      vertex -8.09257 10.9116 101.137
      vertex -8.61823 10.5013 101.137
    endloop
  endfacet
  facet normal 0.615298 -0.788295 0
    outer loop
      vertex -8.09257 10.9116 101.137
      vertex -8.61823 10.5013 -1.90735e-07
      vertex -8.09257 10.9116 -1.90735e-07
    endloop
  endfacet
  facet normal 0.0245956 -0.999697 0
    outer loop
      vertex -0.666584 13.5686 -1.90735e-07
      vertex 0 13.585 101.137
      vertex -0.666584 13.5686 101.137
    endloop
  endfacet
  facet normal 0.0245956 -0.999697 0
    outer loop
      vertex 0 13.585 101.137
      vertex -0.666584 13.5686 -1.90735e-07
      vertex 0 13.585 -1.90735e-07
    endloop
  endfacet
  facet normal -0.932978 -0.359934 0
    outer loop
      vertex 12.7909 4.57665 -1.90735e-07
      vertex 12.5509 5.19875 101.137
      vertex 12.5509 5.19875 -1.90735e-07
    endloop
  endfacet
  facet normal -0.932978 -0.359934 0
    outer loop
      vertex 12.5509 5.19875 101.137
      vertex 12.7909 4.57665 -1.90735e-07
      vertex 12.7909 4.57665 101.137
    endloop
  endfacet
  facet normal -0.0734876 0.997296 0
    outer loop
      vertex 1.33156 -13.5196 -1.90735e-07
      vertex 0.666584 -13.5686 101.137
      vertex 1.33156 -13.5196 101.137
    endloop
  endfacet
  facet normal -0.0734876 0.997296 0
    outer loop
      vertex 0.666584 -13.5686 101.137
      vertex 1.33156 -13.5196 -1.90735e-07
      vertex 0.666584 -13.5686 -1.90735e-07
    endloop
  endfacet
  facet normal -0.893218 -0.449624 0
    outer loop
      vertex 12.2807 5.80834 -1.90735e-07
      vertex 11.9809 6.40392 101.137
      vertex 11.9809 6.40392 -1.90735e-07
    endloop
  endfacet
  facet normal -0.893218 -0.449624 0
    outer loop
      vertex 11.9809 6.40392 101.137
      vertex 12.2807 5.80834 -1.90735e-07
      vertex 12.2807 5.80834 101.137
    endloop
  endfacet
  facet normal -0.615298 -0.788295 0
    outer loop
      vertex 8.09257 10.9116 -1.90735e-07
      vertex 8.61823 10.5013 101.137
      vertex 8.09257 10.9116 101.137
    endloop
  endfacet
  facet normal -0.615298 -0.788295 -0
    outer loop
      vertex 8.61823 10.5013 101.137
      vertex 8.09257 10.9116 -1.90735e-07
      vertex 8.61823 10.5013 -1.90735e-07
    endloop
  endfacet
  facet normal -0.122379 -0.992483 0
    outer loop
      vertex 1.33156 13.5196 -1.90735e-07
      vertex 1.99333 13.438 101.137
      vertex 1.33156 13.5196 101.137
    endloop
  endfacet
  facet normal -0.122379 -0.992483 -0
    outer loop
      vertex 1.99333 13.438 101.137
      vertex 1.33156 13.5196 -1.90735e-07
      vertex 1.99333 13.438 -1.90735e-07
    endloop
  endfacet
  facet normal -0.405225 -0.914217 0
    outer loop
      vertex 5.19875 12.5509 -1.90735e-07
      vertex 5.80834 12.2807 101.137
      vertex 5.19875 12.5509 101.137
    endloop
  endfacet
  facet normal -0.405225 -0.914217 -0
    outer loop
      vertex 5.80834 12.2807 101.137
      vertex 5.19875 12.5509 -1.90735e-07
      vertex 5.80834 12.2807 -1.90735e-07
    endloop
  endfacet
  facet normal -0.122379 0.992483 0
    outer loop
      vertex 1.99333 -13.438 -1.90735e-07
      vertex 1.33156 -13.5196 101.137
      vertex 1.99333 -13.438 101.137
    endloop
  endfacet
  facet normal -0.122379 0.992483 0
    outer loop
      vertex 1.33156 -13.5196 101.137
      vertex 1.99333 -13.438 -1.90735e-07
      vertex 1.33156 -13.5196 -1.90735e-07
    endloop
  endfacet
  facet normal 0.57577 0.817612 -0
    outer loop
      vertex -7.54742 -11.2955 -1.90735e-07
      vertex -8.09257 -10.9116 101.137
      vertex -7.54742 -11.2955 101.137
    endloop
  endfacet
  facet normal 0.57577 0.817612 0
    outer loop
      vertex -8.09257 -10.9116 101.137
      vertex -7.54742 -11.2955 -1.90735e-07
      vertex -8.09257 -10.9116 -1.90735e-07
    endloop
  endfacet
  facet normal -0.817612 0.57577 0
    outer loop
      vertex 10.9116 -8.09257 -1.90735e-07
      vertex 11.2955 -7.54742 101.137
      vertex 11.2955 -7.54742 -1.90735e-07
    endloop
  endfacet
  facet normal -0.817612 0.57577 0
    outer loop
      vertex 11.2955 -7.54742 101.137
      vertex 10.9116 -8.09257 -1.90735e-07
      vertex 10.9116 -8.09257 101.137
    endloop
  endfacet
  facet normal -0.817612 -0.57577 0
    outer loop
      vertex 11.2955 7.54742 -1.90735e-07
      vertex 10.9116 8.09257 101.137
      vertex 10.9116 8.09257 -1.90735e-07
    endloop
  endfacet
  facet normal -0.817612 -0.57577 0
    outer loop
      vertex 10.9116 8.09257 101.137
      vertex 11.2955 7.54742 -1.90735e-07
      vertex 11.2955 7.54742 101.137
    endloop
  endfacet
  facet normal -0.0734876 -0.997296 0
    outer loop
      vertex 0.666584 13.5686 -1.90735e-07
      vertex 1.33156 13.5196 101.137
      vertex 0.666584 13.5686 101.137
    endloop
  endfacet
  facet normal -0.0734876 -0.997296 -0
    outer loop
      vertex 1.33156 13.5196 101.137
      vertex 0.666584 13.5686 -1.90735e-07
      vertex 1.33156 13.5196 -1.90735e-07
    endloop
  endfacet
  facet normal -0.689534 -0.724253 0
    outer loop
      vertex 9.12313 10.0658 -1.90735e-07
      vertex 9.60604 9.60604 101.137
      vertex 9.12313 10.0658 101.137
    endloop
  endfacet
  facet normal -0.689534 -0.724253 -0
    outer loop
      vertex 9.60604 9.60604 101.137
      vertex 9.12313 10.0658 -1.90735e-07
      vertex 9.60604 9.60604 -1.90735e-07
    endloop
  endfacet
  facet normal 0.653147 0.757231 -0
    outer loop
      vertex -8.61823 -10.5013 -1.90735e-07
      vertex -9.12313 -10.0658 101.137
      vertex -8.61823 -10.5013 101.137
    endloop
  endfacet
  facet normal 0.653147 0.757231 0
    outer loop
      vertex -9.12313 -10.0658 101.137
      vertex -8.61823 -10.5013 -1.90735e-07
      vertex -9.12313 -10.0658 -1.90735e-07
    endloop
  endfacet
  facet normal -0.999697 0.0245956 0
    outer loop
      vertex 13.5686 -0.666584 -1.90735e-07
      vertex 13.585 0 101.137
      vertex 13.585 0 -1.90735e-07
    endloop
  endfacet
  facet normal -0.999697 0.0245956 0
    outer loop
      vertex 13.585 0 101.137
      vertex 13.5686 -0.666584 -1.90735e-07
      vertex 13.5686 -0.666584 101.137
    endloop
  endfacet
  facet normal 0.724253 -0.689534 0
    outer loop
      vertex -10.0658 9.12313 101.137
      vertex -9.60604 9.60604 -1.90735e-07
      vertex -9.60604 9.60604 101.137
    endloop
  endfacet
  facet normal 0.724253 -0.689534 0
    outer loop
      vertex -9.60604 9.60604 -1.90735e-07
      vertex -10.0658 9.12313 101.137
      vertex -10.0658 9.12313 -1.90735e-07
    endloop
  endfacet
  facet normal -0.997296 0.0734876 0
    outer loop
      vertex 13.5196 -1.33156 -1.90735e-07
      vertex 13.5686 -0.666584 101.137
      vertex 13.5686 -0.666584 -1.90735e-07
    endloop
  endfacet
  facet normal -0.997296 0.0734876 0
    outer loop
      vertex 13.5686 -0.666584 101.137
      vertex 13.5196 -1.33156 -1.90735e-07
      vertex 13.5196 -1.33156 101.137
    endloop
  endfacet
  facet normal 0.817612 0.57577 0
    outer loop
      vertex -10.9116 -8.09257 101.137
      vertex -11.2955 -7.54742 -1.90735e-07
      vertex -11.2955 -7.54742 101.137
    endloop
  endfacet
  facet normal 0.817612 0.57577 0
    outer loop
      vertex -11.2955 -7.54742 -1.90735e-07
      vertex -10.9116 -8.09257 101.137
      vertex -10.9116 -8.09257 -1.90735e-07
    endloop
  endfacet
  facet normal -0.84487 -0.534971 0
    outer loop
      vertex 11.6522 6.98409 -1.90735e-07
      vertex 11.2955 7.54742 101.137
      vertex 11.2955 7.54742 -1.90735e-07
    endloop
  endfacet
  facet normal -0.84487 -0.534971 0
    outer loop
      vertex 11.2955 7.54742 101.137
      vertex 11.6522 6.98409 -1.90735e-07
      vertex 11.6522 6.98409 101.137
    endloop
  endfacet
  facet normal 0.0245956 0.999697 -0
    outer loop
      vertex 0 -13.585 -1.90735e-07
      vertex -0.666584 -13.5686 101.137
      vertex 0 -13.585 101.137
    endloop
  endfacet
  facet normal 0.0245956 0.999697 0
    outer loop
      vertex -0.666584 -13.5686 101.137
      vertex 0 -13.585 -1.90735e-07
      vertex -0.666584 -13.5686 -1.90735e-07
    endloop
  endfacet
  facet normal 0.405225 -0.914217 0
    outer loop
      vertex -5.80834 12.2807 -1.90735e-07
      vertex -5.19875 12.5509 101.137
      vertex -5.80834 12.2807 101.137
    endloop
  endfacet
  facet normal 0.405225 -0.914217 0
    outer loop
      vertex -5.19875 12.5509 101.137
      vertex -5.80834 12.2807 -1.90735e-07
      vertex -5.19875 12.5509 -1.90735e-07
    endloop
  endfacet
  facet normal -0.405225 0.914217 0
    outer loop
      vertex 5.80834 -12.2807 -1.90735e-07
      vertex 5.19875 -12.5509 101.137
      vertex 5.80834 -12.2807 101.137
    endloop
  endfacet
  facet normal -0.405225 0.914217 0
    outer loop
      vertex 5.19875 -12.5509 101.137
      vertex 5.80834 -12.2807 -1.90735e-07
      vertex 5.19875 -12.5509 -1.90735e-07
    endloop
  endfacet
  facet normal -0.57577 -0.817612 0
    outer loop
      vertex 7.54742 11.2955 -1.90735e-07
      vertex 8.09257 10.9116 101.137
      vertex 7.54742 11.2955 101.137
    endloop
  endfacet
  facet normal -0.57577 -0.817612 -0
    outer loop
      vertex 8.09257 10.9116 101.137
      vertex 7.54742 11.2955 -1.90735e-07
      vertex 8.09257 10.9116 -1.90735e-07
    endloop
  endfacet
  facet normal -0.534971 0.84487 0
    outer loop
      vertex 7.54742 -11.2955 -1.90735e-07
      vertex 6.98409 -11.6522 101.137
      vertex 7.54742 -11.2955 101.137
    endloop
  endfacet
  facet normal -0.534971 0.84487 0
    outer loop
      vertex 6.98409 -11.6522 101.137
      vertex 7.54742 -11.2955 -1.90735e-07
      vertex 6.98409 -11.6522 -1.90735e-07
    endloop
  endfacet
  facet normal -0.57577 0.817612 0
    outer loop
      vertex 8.09257 -10.9116 -1.90735e-07
      vertex 7.54742 -11.2955 101.137
      vertex 8.09257 -10.9116 101.137
    endloop
  endfacet
  facet normal -0.57577 0.817612 0
    outer loop
      vertex 7.54742 -11.2955 101.137
      vertex 8.09257 -10.9116 -1.90735e-07
      vertex 7.54742 -11.2955 -1.90735e-07
    endloop
  endfacet
  facet normal -0.932978 0.359934 0
    outer loop
      vertex 12.5509 -5.19875 -1.90735e-07
      vertex 12.7909 -4.57665 101.137
      vertex 12.7909 -4.57665 -1.90735e-07
    endloop
  endfacet
  facet normal -0.932978 0.359934 0
    outer loop
      vertex 12.7909 -4.57665 101.137
      vertex 12.5509 -5.19875 -1.90735e-07
      vertex 12.5509 -5.19875 101.137
    endloop
  endfacet
  facet normal -0.0245956 -0.999697 0
    outer loop
      vertex 0 13.585 -1.90735e-07
      vertex 0.666584 13.5686 101.137
      vertex 0 13.585 101.137
    endloop
  endfacet
  facet normal -0.0245956 -0.999697 -0
    outer loop
      vertex 0.666584 13.5686 101.137
      vertex 0 13.585 -1.90735e-07
      vertex 0.666584 13.5686 -1.90735e-07
    endloop
  endfacet
  facet normal -0.9757 0.219109 0
    outer loop
      vertex 13.1779 -3.30089 -1.90735e-07
      vertex 13.324 -2.6503 101.137
      vertex 13.324 -2.6503 -1.90735e-07
    endloop
  endfacet
  facet normal -0.9757 0.219109 0
    outer loop
      vertex 13.324 -2.6503 101.137
      vertex 13.1779 -3.30089 -1.90735e-07
      vertex 13.1779 -3.30089 101.137
    endloop
  endfacet
  facet normal -0.724253 -0.689534 0
    outer loop
      vertex 10.0658 9.12313 -1.90735e-07
      vertex 9.60604 9.60604 101.137
      vertex 9.60604 9.60604 -1.90735e-07
    endloop
  endfacet
  facet normal -0.724253 -0.689534 0
    outer loop
      vertex 9.60604 9.60604 101.137
      vertex 10.0658 9.12313 -1.90735e-07
      vertex 10.0658 9.12313 101.137
    endloop
  endfacet
  facet normal -0.449624 0.893218 0
    outer loop
      vertex 6.40392 -11.9809 -1.90735e-07
      vertex 5.80834 -12.2807 101.137
      vertex 6.40392 -11.9809 101.137
    endloop
  endfacet
  facet normal -0.449624 0.893218 0
    outer loop
      vertex 5.80834 -12.2807 101.137
      vertex 6.40392 -11.9809 -1.90735e-07
      vertex 5.80834 -12.2807 -1.90735e-07
    endloop
  endfacet
  facet normal -0.689534 0.724253 0
    outer loop
      vertex 9.60604 -9.60604 -1.90735e-07
      vertex 9.12313 -10.0658 101.137
      vertex 9.60604 -9.60604 101.137
    endloop
  endfacet
  facet normal -0.689534 0.724253 0
    outer loop
      vertex 9.12313 -10.0658 101.137
      vertex 9.60604 -9.60604 -1.90735e-07
      vertex 9.12313 -10.0658 -1.90735e-07
    endloop
  endfacet
  facet normal 0.999697 -0.0245956 0
    outer loop
      vertex -13.585 0 101.137
      vertex -13.5686 0.666584 -1.90735e-07
      vertex -13.5686 0.666584 101.137
    endloop
  endfacet
  facet normal 0.999697 -0.0245956 0
    outer loop
      vertex -13.5686 0.666584 -1.90735e-07
      vertex -13.585 0 101.137
      vertex -13.585 0 -1.90735e-07
    endloop
  endfacet
  facet normal -0.219109 0.9757 0
    outer loop
      vertex 3.30089 -13.1779 -1.90735e-07
      vertex 2.6503 -13.324 101.137
      vertex 3.30089 -13.1779 101.137
    endloop
  endfacet
  facet normal -0.219109 0.9757 0
    outer loop
      vertex 2.6503 -13.324 101.137
      vertex 3.30089 -13.1779 -1.90735e-07
      vertex 2.6503 -13.324 -1.90735e-07
    endloop
  endfacet
  facet normal -0.949554 -0.313603 0
    outer loop
      vertex 13 3.94352 -1.90735e-07
      vertex 12.7909 4.57665 101.137
      vertex 12.7909 4.57665 -1.90735e-07
    endloop
  endfacet
  facet normal -0.949554 -0.313603 0
    outer loop
      vertex 12.7909 4.57665 101.137
      vertex 13 3.94352 -1.90735e-07
      vertex 13 3.94352 101.137
    endloop
  endfacet
  facet normal 0.870063 0.492941 0
    outer loop
      vertex -11.6522 -6.98409 101.137
      vertex -11.9809 -6.40392 -1.90735e-07
      vertex -11.9809 -6.40392 101.137
    endloop
  endfacet
  facet normal 0.870063 0.492941 0
    outer loop
      vertex -11.9809 -6.40392 -1.90735e-07
      vertex -11.6522 -6.98409 101.137
      vertex -11.6522 -6.98409 -1.90735e-07
    endloop
  endfacet
  facet normal -0.963753 0.266797 0
    outer loop
      vertex 13 -3.94352 -1.90735e-07
      vertex 13.1779 -3.30089 101.137
      vertex 13.1779 -3.30089 -1.90735e-07
    endloop
  endfacet
  facet normal -0.963753 0.266797 0
    outer loop
      vertex 13.1779 -3.30089 101.137
      vertex 13 -3.94352 -1.90735e-07
      vertex 13 -3.94352 101.137
    endloop
  endfacet
  facet normal 0.757231 -0.653147 0
    outer loop
      vertex -10.5013 8.61823 101.137
      vertex -10.0658 9.12313 -1.90735e-07
      vertex -10.0658 9.12313 101.137
    endloop
  endfacet
  facet normal 0.757231 -0.653147 0
    outer loop
      vertex -10.0658 9.12313 -1.90735e-07
      vertex -10.5013 8.61823 101.137
      vertex -10.5013 8.61823 -1.90735e-07
    endloop
  endfacet
  facet normal -0.492941 -0.870063 0
    outer loop
      vertex 6.40392 11.9809 -1.90735e-07
      vertex 6.98409 11.6522 101.137
      vertex 6.40392 11.9809 101.137
    endloop
  endfacet
  facet normal -0.492941 -0.870063 -0
    outer loop
      vertex 6.98409 11.6522 101.137
      vertex 6.40392 11.9809 -1.90735e-07
      vertex 6.98409 11.6522 -1.90735e-07
    endloop
  endfacet
  facet normal -0.893218 0.449624 0
    outer loop
      vertex 11.9809 -6.40392 -1.90735e-07
      vertex 12.2807 -5.80834 101.137
      vertex 12.2807 -5.80834 -1.90735e-07
    endloop
  endfacet
  facet normal -0.893218 0.449624 0
    outer loop
      vertex 12.2807 -5.80834 101.137
      vertex 11.9809 -6.40392 -1.90735e-07
      vertex 11.9809 -6.40392 101.137
    endloop
  endfacet
  facet normal 0.653147 -0.757231 0
    outer loop
      vertex -9.12313 10.0658 -1.90735e-07
      vertex -8.61823 10.5013 101.137
      vertex -9.12313 10.0658 101.137
    endloop
  endfacet
  facet normal 0.653147 -0.757231 0
    outer loop
      vertex -8.61823 10.5013 101.137
      vertex -9.12313 10.0658 -1.90735e-07
      vertex -8.61823 10.5013 -1.90735e-07
    endloop
  endfacet
  facet normal -0.359934 -0.932978 0
    outer loop
      vertex 4.57665 12.7909 -1.90735e-07
      vertex 5.19875 12.5509 101.137
      vertex 4.57665 12.7909 101.137
    endloop
  endfacet
  facet normal -0.359934 -0.932978 -0
    outer loop
      vertex 5.19875 12.5509 101.137
      vertex 4.57665 12.7909 -1.90735e-07
      vertex 5.19875 12.5509 -1.90735e-07
    endloop
  endfacet
  facet normal 0.985276 -0.170969 0
    outer loop
      vertex -13.438 1.99333 101.137
      vertex -13.324 2.6503 -1.90735e-07
      vertex -13.324 2.6503 101.137
    endloop
  endfacet
  facet normal 0.985276 -0.170969 0
    outer loop
      vertex -13.324 2.6503 -1.90735e-07
      vertex -13.438 1.99333 101.137
      vertex -13.438 1.99333 -1.90735e-07
    endloop
  endfacet
  facet normal 0.359934 -0.932978 0
    outer loop
      vertex -5.19875 12.5509 -1.90735e-07
      vertex -4.57665 12.7909 101.137
      vertex -5.19875 12.5509 101.137
    endloop
  endfacet
  facet normal 0.359934 -0.932978 0
    outer loop
      vertex -4.57665 12.7909 101.137
      vertex -5.19875 12.5509 -1.90735e-07
      vertex -4.57665 12.7909 -1.90735e-07
    endloop
  endfacet
  facet normal 0.170969 -0.985276 0
    outer loop
      vertex -2.6503 13.324 -1.90735e-07
      vertex -1.99333 13.438 101.137
      vertex -2.6503 13.324 101.137
    endloop
  endfacet
  facet normal 0.170969 -0.985276 0
    outer loop
      vertex -1.99333 13.438 101.137
      vertex -2.6503 13.324 -1.90735e-07
      vertex -1.99333 13.438 -1.90735e-07
    endloop
  endfacet
  facet normal 0.985276 0.170969 0
    outer loop
      vertex -13.324 -2.6503 101.137
      vertex -13.438 -1.99333 -1.90735e-07
      vertex -13.438 -1.99333 101.137
    endloop
  endfacet
  facet normal 0.985276 0.170969 0
    outer loop
      vertex -13.438 -1.99333 -1.90735e-07
      vertex -13.324 -2.6503 101.137
      vertex -13.324 -2.6503 -1.90735e-07
    endloop
  endfacet
  facet normal 0.949554 0.313603 0
    outer loop
      vertex -12.7909 -4.57665 101.137
      vertex -13 -3.94352 -1.90735e-07
      vertex -13 -3.94352 101.137
    endloop
  endfacet
  facet normal 0.949554 0.313603 0
    outer loop
      vertex -13 -3.94352 -1.90735e-07
      vertex -12.7909 -4.57665 101.137
      vertex -12.7909 -4.57665 -1.90735e-07
    endloop
  endfacet
  facet normal 0.997296 -0.0734876 0
    outer loop
      vertex -13.5686 0.666584 101.137
      vertex -13.5196 1.33156 -1.90735e-07
      vertex -13.5196 1.33156 101.137
    endloop
  endfacet
  facet normal 0.997296 -0.0734876 0
    outer loop
      vertex -13.5196 1.33156 -1.90735e-07
      vertex -13.5686 0.666584 101.137
      vertex -13.5686 0.666584 -1.90735e-07
    endloop
  endfacet
  facet normal -0.985276 0.170969 0
    outer loop
      vertex 13.324 -2.6503 -1.90735e-07
      vertex 13.438 -1.99333 101.137
      vertex 13.438 -1.99333 -1.90735e-07
    endloop
  endfacet
  facet normal -0.985276 0.170969 0
    outer loop
      vertex 13.438 -1.99333 101.137
      vertex 13.324 -2.6503 -1.90735e-07
      vertex 13.324 -2.6503 101.137
    endloop
  endfacet
  facet normal 0.893218 0.449624 0
    outer loop
      vertex -11.9809 -6.40392 101.137
      vertex -12.2807 -5.80834 -1.90735e-07
      vertex -12.2807 -5.80834 101.137
    endloop
  endfacet
  facet normal 0.893218 0.449624 0
    outer loop
      vertex -12.2807 -5.80834 -1.90735e-07
      vertex -11.9809 -6.40392 101.137
      vertex -11.9809 -6.40392 -1.90735e-07
    endloop
  endfacet
  facet normal -0.985276 -0.170969 0
    outer loop
      vertex 13.438 1.99333 -1.90735e-07
      vertex 13.324 2.6503 101.137
      vertex 13.324 2.6503 -1.90735e-07
    endloop
  endfacet
  facet normal -0.985276 -0.170969 0
    outer loop
      vertex 13.324 2.6503 101.137
      vertex 13.438 1.99333 -1.90735e-07
      vertex 13.438 1.99333 101.137
    endloop
  endfacet
  facet normal -0.534971 -0.84487 0
    outer loop
      vertex 6.98409 11.6522 -1.90735e-07
      vertex 7.54742 11.2955 101.137
      vertex 6.98409 11.6522 101.137
    endloop
  endfacet
  facet normal -0.534971 -0.84487 -0
    outer loop
      vertex 7.54742 11.2955 101.137
      vertex 6.98409 11.6522 -1.90735e-07
      vertex 7.54742 11.2955 -1.90735e-07
    endloop
  endfacet
  facet normal 0.0734876 0.997296 -0
    outer loop
      vertex -0.666584 -13.5686 -1.90735e-07
      vertex -1.33156 -13.5196 101.137
      vertex -0.666584 -13.5686 101.137
    endloop
  endfacet
  facet normal 0.0734876 0.997296 0
    outer loop
      vertex -1.33156 -13.5196 101.137
      vertex -0.666584 -13.5686 -1.90735e-07
      vertex -1.33156 -13.5196 -1.90735e-07
    endloop
  endfacet
  facet normal -0.992483 0.122379 0
    outer loop
      vertex 13.438 -1.99333 -1.90735e-07
      vertex 13.5196 -1.33156 101.137
      vertex 13.5196 -1.33156 -1.90735e-07
    endloop
  endfacet
  facet normal -0.992483 0.122379 0
    outer loop
      vertex 13.5196 -1.33156 101.137
      vertex 13.438 -1.99333 -1.90735e-07
      vertex 13.438 -1.99333 101.137
    endloop
  endfacet
  facet normal -0.266797 -0.963753 0
    outer loop
      vertex 3.30089 13.1779 -1.90735e-07
      vertex 3.94352 13 101.137
      vertex 3.30089 13.1779 101.137
    endloop
  endfacet
  facet normal -0.266797 -0.963753 -0
    outer loop
      vertex 3.94352 13 101.137
      vertex 3.30089 13.1779 -1.90735e-07
      vertex 3.94352 13 -1.90735e-07
    endloop
  endfacet
  facet normal 0.122379 -0.992483 0
    outer loop
      vertex -1.99333 13.438 -1.90735e-07
      vertex -1.33156 13.5196 101.137
      vertex -1.99333 13.438 101.137
    endloop
  endfacet
  facet normal 0.122379 -0.992483 0
    outer loop
      vertex -1.33156 13.5196 101.137
      vertex -1.99333 13.438 -1.90735e-07
      vertex -1.33156 13.5196 -1.90735e-07
    endloop
  endfacet
  facet normal 0.84487 0.534971 0
    outer loop
      vertex -11.2955 -7.54742 101.137
      vertex -11.6522 -6.98409 -1.90735e-07
      vertex -11.6522 -6.98409 101.137
    endloop
  endfacet
  facet normal 0.84487 0.534971 0
    outer loop
      vertex -11.6522 -6.98409 -1.90735e-07
      vertex -11.2955 -7.54742 101.137
      vertex -11.2955 -7.54742 -1.90735e-07
    endloop
  endfacet
  facet normal -0.0245956 0.999697 0
    outer loop
      vertex 0.666584 -13.5686 -1.90735e-07
      vertex 0 -13.585 101.137
      vertex 0.666584 -13.5686 101.137
    endloop
  endfacet
  facet normal -0.0245956 0.999697 0
    outer loop
      vertex 0 -13.585 101.137
      vertex 0.666584 -13.5686 -1.90735e-07
      vertex 0 -13.585 -1.90735e-07
    endloop
  endfacet
  facet normal 0.405225 0.914217 -0
    outer loop
      vertex -5.19875 -12.5509 -1.90735e-07
      vertex -5.80834 -12.2807 101.137
      vertex -5.19875 -12.5509 101.137
    endloop
  endfacet
  facet normal 0.405225 0.914217 0
    outer loop
      vertex -5.80834 -12.2807 101.137
      vertex -5.19875 -12.5509 -1.90735e-07
      vertex -5.80834 -12.2807 -1.90735e-07
    endloop
  endfacet
  facet normal 0.689534 -0.724253 0
    outer loop
      vertex -9.60604 9.60604 -1.90735e-07
      vertex -9.12313 10.0658 101.137
      vertex -9.60604 9.60604 101.137
    endloop
  endfacet
  facet normal 0.689534 -0.724253 0
    outer loop
      vertex -9.12313 10.0658 101.137
      vertex -9.60604 9.60604 -1.90735e-07
      vertex -9.12313 10.0658 -1.90735e-07
    endloop
  endfacet
  facet normal 0.788295 0.615298 0
    outer loop
      vertex -10.5013 -8.61823 101.137
      vertex -10.9116 -8.09257 -1.90735e-07
      vertex -10.9116 -8.09257 101.137
    endloop
  endfacet
  facet normal 0.788295 0.615298 0
    outer loop
      vertex -10.9116 -8.09257 -1.90735e-07
      vertex -10.5013 -8.61823 101.137
      vertex -10.5013 -8.61823 -1.90735e-07
    endloop
  endfacet
  facet normal 0.0734876 -0.997296 0
    outer loop
      vertex -1.33156 13.5196 -1.90735e-07
      vertex -0.666584 13.5686 101.137
      vertex -1.33156 13.5196 101.137
    endloop
  endfacet
  facet normal 0.0734876 -0.997296 0
    outer loop
      vertex -0.666584 13.5686 101.137
      vertex -1.33156 13.5196 -1.90735e-07
      vertex -0.666584 13.5686 -1.90735e-07
    endloop
  endfacet
  facet normal 0.449624 0.893218 -0
    outer loop
      vertex -5.80834 -12.2807 -1.90735e-07
      vertex -6.40392 -11.9809 101.137
      vertex -5.80834 -12.2807 101.137
    endloop
  endfacet
  facet normal 0.449624 0.893218 0
    outer loop
      vertex -6.40392 -11.9809 101.137
      vertex -5.80834 -12.2807 -1.90735e-07
      vertex -6.40392 -11.9809 -1.90735e-07
    endloop
  endfacet
  facet normal -0.724253 0.689534 0
    outer loop
      vertex 9.60604 -9.60604 -1.90735e-07
      vertex 10.0658 -9.12313 101.137
      vertex 10.0658 -9.12313 -1.90735e-07
    endloop
  endfacet
  facet normal -0.724253 0.689534 0
    outer loop
      vertex 10.0658 -9.12313 101.137
      vertex 9.60604 -9.60604 -1.90735e-07
      vertex 9.60604 -9.60604 101.137
    endloop
  endfacet
  facet normal 0.992483 0.122379 0
    outer loop
      vertex -13.438 -1.99333 101.137
      vertex -13.5196 -1.33156 -1.90735e-07
      vertex -13.5196 -1.33156 101.137
    endloop
  endfacet
  facet normal 0.992483 0.122379 0
    outer loop
      vertex -13.5196 -1.33156 -1.90735e-07
      vertex -13.438 -1.99333 101.137
      vertex -13.438 -1.99333 -1.90735e-07
    endloop
  endfacet
  facet normal 0.534971 -0.84487 0
    outer loop
      vertex -7.54742 11.2955 -1.90735e-07
      vertex -6.98409 11.6522 101.137
      vertex -7.54742 11.2955 101.137
    endloop
  endfacet
  facet normal 0.534971 -0.84487 0
    outer loop
      vertex -6.98409 11.6522 101.137
      vertex -7.54742 11.2955 -1.90735e-07
      vertex -6.98409 11.6522 -1.90735e-07
    endloop
  endfacet
  facet normal -0.170969 0.985276 0
    outer loop
      vertex 2.6503 -13.324 -1.90735e-07
      vertex 1.99333 -13.438 101.137
      vertex 2.6503 -13.324 101.137
    endloop
  endfacet
  facet normal -0.170969 0.985276 0
    outer loop
      vertex 1.99333 -13.438 101.137
      vertex 2.6503 -13.324 -1.90735e-07
      vertex 1.99333 -13.438 -1.90735e-07
    endloop
  endfacet
  facet normal 0.266797 0.963753 -0
    outer loop
      vertex -3.30089 -13.1779 -1.90735e-07
      vertex -3.94352 -13 101.137
      vertex -3.30089 -13.1779 101.137
    endloop
  endfacet
  facet normal 0.266797 0.963753 0
    outer loop
      vertex -3.94352 -13 101.137
      vertex -3.30089 -13.1779 -1.90735e-07
      vertex -3.94352 -13 -1.90735e-07
    endloop
  endfacet
  facet normal 0.724253 0.689534 0
    outer loop
      vertex -9.60604 -9.60604 101.137
      vertex -10.0658 -9.12313 -1.90735e-07
      vertex -10.0658 -9.12313 101.137
    endloop
  endfacet
  facet normal 0.724253 0.689534 0
    outer loop
      vertex -10.0658 -9.12313 -1.90735e-07
      vertex -9.60604 -9.60604 101.137
      vertex -9.60604 -9.60604 -1.90735e-07
    endloop
  endfacet
  facet normal 0.266797 -0.963753 0
    outer loop
      vertex -3.94352 13 -1.90735e-07
      vertex -3.30089 13.1779 101.137
      vertex -3.94352 13 101.137
    endloop
  endfacet
  facet normal 0.266797 -0.963753 0
    outer loop
      vertex -3.30089 13.1779 101.137
      vertex -3.94352 13 -1.90735e-07
      vertex -3.30089 13.1779 -1.90735e-07
    endloop
  endfacet
  facet normal -0.359934 0.932978 0
    outer loop
      vertex 5.19875 -12.5509 -1.90735e-07
      vertex 4.57665 -12.7909 101.137
      vertex 5.19875 -12.5509 101.137
    endloop
  endfacet
  facet normal -0.359934 0.932978 0
    outer loop
      vertex 4.57665 -12.7909 101.137
      vertex 5.19875 -12.5509 -1.90735e-07
      vertex 4.57665 -12.7909 -1.90735e-07
    endloop
  endfacet
  facet normal -0.492941 0.870063 0
    outer loop
      vertex 6.98409 -11.6522 -1.90735e-07
      vertex 6.40392 -11.9809 101.137
      vertex 6.98409 -11.6522 101.137
    endloop
  endfacet
  facet normal -0.492941 0.870063 0
    outer loop
      vertex 6.40392 -11.9809 101.137
      vertex 6.98409 -11.6522 -1.90735e-07
      vertex 6.40392 -11.9809 -1.90735e-07
    endloop
  endfacet
  facet normal 0.788295 -0.615298 0
    outer loop
      vertex -10.9116 8.09257 101.137
      vertex -10.5013 8.61823 -1.90735e-07
      vertex -10.5013 8.61823 101.137
    endloop
  endfacet
  facet normal 0.788295 -0.615298 0
    outer loop
      vertex -10.5013 8.61823 -1.90735e-07
      vertex -10.9116 8.09257 101.137
      vertex -10.9116 8.09257 -1.90735e-07
    endloop
  endfacet
  facet normal 0.9757 0.219109 0
    outer loop
      vertex -13.1779 -3.30089 101.137
      vertex -13.324 -2.6503 -1.90735e-07
      vertex -13.324 -2.6503 101.137
    endloop
  endfacet
  facet normal 0.9757 0.219109 0
    outer loop
      vertex -13.324 -2.6503 -1.90735e-07
      vertex -13.1779 -3.30089 101.137
      vertex -13.1779 -3.30089 -1.90735e-07
    endloop
  endfacet
  facet normal 0.997296 0.0734876 0
    outer loop
      vertex -13.5196 -1.33156 101.137
      vertex -13.5686 -0.666584 -1.90735e-07
      vertex -13.5686 -0.666584 101.137
    endloop
  endfacet
  facet normal 0.997296 0.0734876 0
    outer loop
      vertex -13.5686 -0.666584 -1.90735e-07
      vertex -13.5196 -1.33156 101.137
      vertex -13.5196 -1.33156 -1.90735e-07
    endloop
  endfacet
  facet normal -0.170969 -0.985276 0
    outer loop
      vertex 1.99333 13.438 -1.90735e-07
      vertex 2.6503 13.324 101.137
      vertex 1.99333 13.438 101.137
    endloop
  endfacet
  facet normal -0.170969 -0.985276 -0
    outer loop
      vertex 2.6503 13.324 101.137
      vertex 1.99333 13.438 -1.90735e-07
      vertex 2.6503 13.324 -1.90735e-07
    endloop
  endfacet
  facet normal 0.949554 -0.313603 0
    outer loop
      vertex -13 3.94352 101.137
      vertex -12.7909 4.57665 -1.90735e-07
      vertex -12.7909 4.57665 101.137
    endloop
  endfacet
  facet normal 0.949554 -0.313603 0
    outer loop
      vertex -12.7909 4.57665 -1.90735e-07
      vertex -13 3.94352 101.137
      vertex -13 3.94352 -1.90735e-07
    endloop
  endfacet
  facet normal 0.932978 -0.359934 0
    outer loop
      vertex -12.7909 4.57665 101.137
      vertex -12.5509 5.19875 -1.90735e-07
      vertex -12.5509 5.19875 101.137
    endloop
  endfacet
  facet normal 0.932978 -0.359934 0
    outer loop
      vertex -12.5509 5.19875 -1.90735e-07
      vertex -12.7909 4.57665 101.137
      vertex -12.7909 4.57665 -1.90735e-07
    endloop
  endfacet
  facet normal -0.788295 0.615298 0
    outer loop
      vertex 10.5013 -8.61823 -1.90735e-07
      vertex 10.9116 -8.09257 101.137
      vertex 10.9116 -8.09257 -1.90735e-07
    endloop
  endfacet
  facet normal -0.788295 0.615298 0
    outer loop
      vertex 10.9116 -8.09257 101.137
      vertex 10.5013 -8.61823 -1.90735e-07
      vertex 10.5013 -8.61823 101.137
    endloop
  endfacet
  facet normal 0.313603 0.949554 -0
    outer loop
      vertex -3.94352 -13 -1.90735e-07
      vertex -4.57665 -12.7909 101.137
      vertex -3.94352 -13 101.137
    endloop
  endfacet
  facet normal 0.313603 0.949554 0
    outer loop
      vertex -4.57665 -12.7909 101.137
      vertex -3.94352 -13 -1.90735e-07
      vertex -4.57665 -12.7909 -1.90735e-07
    endloop
  endfacet
  facet normal -0.653147 0.757231 0
    outer loop
      vertex 9.12313 -10.0658 -1.90735e-07
      vertex 8.61823 -10.5013 101.137
      vertex 9.12313 -10.0658 101.137
    endloop
  endfacet
  facet normal -0.653147 0.757231 0
    outer loop
      vertex 8.61823 -10.5013 101.137
      vertex 9.12313 -10.0658 -1.90735e-07
      vertex 8.61823 -10.5013 -1.90735e-07
    endloop
  endfacet
  facet normal -0.84487 0.534971 0
    outer loop
      vertex 11.2955 -7.54742 -1.90735e-07
      vertex 11.6522 -6.98409 101.137
      vertex 11.6522 -6.98409 -1.90735e-07
    endloop
  endfacet
  facet normal -0.84487 0.534971 0
    outer loop
      vertex 11.6522 -6.98409 101.137
      vertex 11.2955 -7.54742 -1.90735e-07
      vertex 11.2955 -7.54742 101.137
    endloop
  endfacet
  facet normal 0.313603 -0.949554 0
    outer loop
      vertex -4.57665 12.7909 -1.90735e-07
      vertex -3.94352 13 101.137
      vertex -4.57665 12.7909 101.137
    endloop
  endfacet
  facet normal 0.313603 -0.949554 0
    outer loop
      vertex -3.94352 13 101.137
      vertex -4.57665 12.7909 -1.90735e-07
      vertex -3.94352 13 -1.90735e-07
    endloop
  endfacet
  facet normal 0.963753 0.266797 0
    outer loop
      vertex -13 -3.94352 101.137
      vertex -13.1779 -3.30089 -1.90735e-07
      vertex -13.1779 -3.30089 101.137
    endloop
  endfacet
  facet normal 0.963753 0.266797 0
    outer loop
      vertex -13.1779 -3.30089 -1.90735e-07
      vertex -13 -3.94352 101.137
      vertex -13 -3.94352 -1.90735e-07
    endloop
  endfacet
  facet normal 0.932978 0.359934 0
    outer loop
      vertex -12.5509 -5.19875 101.137
      vertex -12.7909 -4.57665 -1.90735e-07
      vertex -12.7909 -4.57665 101.137
    endloop
  endfacet
  facet normal 0.932978 0.359934 0
    outer loop
      vertex -12.7909 -4.57665 -1.90735e-07
      vertex -12.5509 -5.19875 101.137
      vertex -12.5509 -5.19875 -1.90735e-07
    endloop
  endfacet
  facet normal 0.449624 -0.893218 0
    outer loop
      vertex -6.40392 11.9809 -1.90735e-07
      vertex -5.80834 12.2807 101.137
      vertex -6.40392 11.9809 101.137
    endloop
  endfacet
  facet normal 0.449624 -0.893218 0
    outer loop
      vertex -5.80834 12.2807 101.137
      vertex -6.40392 11.9809 -1.90735e-07
      vertex -5.80834 12.2807 -1.90735e-07
    endloop
  endfacet
  facet normal -0.313603 -0.949554 0
    outer loop
      vertex 3.94352 13 -1.90735e-07
      vertex 4.57665 12.7909 101.137
      vertex 3.94352 13 101.137
    endloop
  endfacet
  facet normal -0.313603 -0.949554 -0
    outer loop
      vertex 4.57665 12.7909 101.137
      vertex 3.94352 13 -1.90735e-07
      vertex 4.57665 12.7909 -1.90735e-07
    endloop
  endfacet
  facet normal -0.757231 -0.653147 0
    outer loop
      vertex 10.5013 8.61823 -1.90735e-07
      vertex 10.0658 9.12313 101.137
      vertex 10.0658 9.12313 -1.90735e-07
    endloop
  endfacet
  facet normal -0.757231 -0.653147 0
    outer loop
      vertex 10.0658 9.12313 101.137
      vertex 10.5013 8.61823 -1.90735e-07
      vertex 10.5013 8.61823 101.137
    endloop
  endfacet
  facet normal 0.219109 0.9757 -0
    outer loop
      vertex -2.6503 -13.324 -1.90735e-07
      vertex -3.30089 -13.1779 101.137
      vertex -2.6503 -13.324 101.137
    endloop
  endfacet
  facet normal 0.219109 0.9757 0
    outer loop
      vertex -3.30089 -13.1779 101.137
      vertex -2.6503 -13.324 -1.90735e-07
      vertex -3.30089 -13.1779 -1.90735e-07
    endloop
  endfacet
  facet normal -0.266797 0.963753 0
    outer loop
      vertex 3.94352 -13 -1.90735e-07
      vertex 3.30089 -13.1779 101.137
      vertex 3.94352 -13 101.137
    endloop
  endfacet
  facet normal -0.266797 0.963753 0
    outer loop
      vertex 3.30089 -13.1779 101.137
      vertex 3.94352 -13 -1.90735e-07
      vertex 3.30089 -13.1779 -1.90735e-07
    endloop
  endfacet
  facet normal 0.914217 -0.405225 0
    outer loop
      vertex -12.5509 5.19875 101.137
      vertex -12.2807 5.80834 -1.90735e-07
      vertex -12.2807 5.80834 101.137
    endloop
  endfacet
  facet normal 0.914217 -0.405225 0
    outer loop
      vertex -12.2807 5.80834 -1.90735e-07
      vertex -12.5509 5.19875 101.137
      vertex -12.5509 5.19875 -1.90735e-07
    endloop
  endfacet
  facet normal 0.534971 0.84487 -0
    outer loop
      vertex -6.98409 -11.6522 -1.90735e-07
      vertex -7.54742 -11.2955 101.137
      vertex -6.98409 -11.6522 101.137
    endloop
  endfacet
  facet normal 0.534971 0.84487 0
    outer loop
      vertex -7.54742 -11.2955 101.137
      vertex -6.98409 -11.6522 -1.90735e-07
      vertex -7.54742 -11.2955 -1.90735e-07
    endloop
  endfacet
  facet normal 0.615298 0.788295 -0
    outer loop
      vertex -8.09257 -10.9116 -1.90735e-07
      vertex -8.61823 -10.5013 101.137
      vertex -8.09257 -10.9116 101.137
    endloop
  endfacet
  facet normal 0.615298 0.788295 0
    outer loop
      vertex -8.61823 -10.5013 101.137
      vertex -8.09257 -10.9116 -1.90735e-07
      vertex -8.61823 -10.5013 -1.90735e-07
    endloop
  endfacet
  facet normal 0.84487 -0.534971 0
    outer loop
      vertex -11.6522 6.98409 101.137
      vertex -11.2955 7.54742 -1.90735e-07
      vertex -11.2955 7.54742 101.137
    endloop
  endfacet
  facet normal 0.84487 -0.534971 0
    outer loop
      vertex -11.2955 7.54742 -1.90735e-07
      vertex -11.6522 6.98409 101.137
      vertex -11.6522 6.98409 -1.90735e-07
    endloop
  endfacet
  facet normal 0.359934 0.932978 -0
    outer loop
      vertex -4.57665 -12.7909 -1.90735e-07
      vertex -5.19875 -12.5509 101.137
      vertex -4.57665 -12.7909 101.137
    endloop
  endfacet
  facet normal 0.359934 0.932978 0
    outer loop
      vertex -5.19875 -12.5509 101.137
      vertex -4.57665 -12.7909 -1.90735e-07
      vertex -5.19875 -12.5509 -1.90735e-07
    endloop
  endfacet
  facet normal 0.492941 0.870063 -0
    outer loop
      vertex -6.40392 -11.9809 -1.90735e-07
      vertex -6.98409 -11.6522 101.137
      vertex -6.40392 -11.9809 101.137
    endloop
  endfacet
  facet normal 0.492941 0.870063 0
    outer loop
      vertex -6.98409 -11.6522 101.137
      vertex -6.40392 -11.9809 -1.90735e-07
      vertex -6.98409 -11.6522 -1.90735e-07
    endloop
  endfacet
  facet normal -0.219109 -0.9757 0
    outer loop
      vertex 2.6503 13.324 -1.90735e-07
      vertex 3.30089 13.1779 101.137
      vertex 2.6503 13.324 101.137
    endloop
  endfacet
  facet normal -0.219109 -0.9757 -0
    outer loop
      vertex 3.30089 13.1779 101.137
      vertex 2.6503 13.324 -1.90735e-07
      vertex 3.30089 13.1779 -1.90735e-07
    endloop
  endfacet
  facet normal 0.870063 -0.492941 0
    outer loop
      vertex -11.9809 6.40392 101.137
      vertex -11.6522 6.98409 -1.90735e-07
      vertex -11.6522 6.98409 101.137
    endloop
  endfacet
  facet normal 0.870063 -0.492941 0
    outer loop
      vertex -11.6522 6.98409 -1.90735e-07
      vertex -11.9809 6.40392 101.137
      vertex -11.9809 6.40392 -1.90735e-07
    endloop
  endfacet
  facet normal -0.707 -0.0173944 -0.707
    outer loop
      vertex 13.5686 0.666584 101.137
      vertex 13.585 0 101.137
      vertex 0 0 114.722
    endloop
  endfacet
  facet normal 0.631696 -0.31798 -0.707
    outer loop
      vertex -11.9809 6.40392 101.137
      vertex 0 0 114.722
      vertex -12.2807 5.80834 101.137
    endloop
  endfacet
  facet normal 0.461915 -0.535524 -0.707
    outer loop
      vertex -8.61823 10.5013 101.137
      vertex 0 0 114.722
      vertex -9.12313 10.0658 101.137
    endloop
  endfacet
  facet normal -0.348615 0.61532 -0.707
    outer loop
      vertex 6.98409 -11.6522 101.137
      vertex 6.40392 -11.9809 101.137
      vertex 0 0 114.722
    endloop
  endfacet
  facet normal 0.646546 -0.286581 -0.707
    outer loop
      vertex -12.2807 5.80834 101.137
      vertex 0 0 114.722
      vertex -12.5509 5.19875 101.137
    endloop
  endfacet
  facet normal -0.557493 -0.435147 -0.707
    outer loop
      vertex 10.5013 8.61823 101.137
      vertex 10.9116 8.09257 101.137
      vertex 0 0 114.722
    endloop
  endfacet
  facet normal 0.31798 -0.631696 -0.707
    outer loop
      vertex -5.80834 12.2807 101.137
      vertex 0 0 114.722
      vertex -6.40392 11.9809 101.137
    endloop
  endfacet
  facet normal 0.25455 -0.659814 -0.707001
    outer loop
      vertex -4.57665 12.7909 101.137
      vertex 0 0 114.722
      vertex -5.19875 12.5509 101.137
    endloop
  endfacet
  facet normal -0.597504 0.378339 -0.707
    outer loop
      vertex 11.6522 -6.98409 101.137
      vertex 11.2955 -7.54742 101.137
      vertex 0 0 114.722
    endloop
  endfacet
  facet normal -0.378339 -0.597504 -0.707
    outer loop
      vertex 6.98409 11.6522 101.137
      vertex 7.54742 11.2955 101.137
      vertex 0 0 114.722
    endloop
  endfacet
  facet normal -0.0865479 -0.701897 -0.707001
    outer loop
      vertex 1.33156 13.5196 101.137
      vertex 1.99333 13.438 101.137
      vertex 0 0 114.722
    endloop
  endfacet
  facet normal -0.407192 -0.578226 -0.707
    outer loop
      vertex 7.54742 11.2955 101.137
      vertex 8.09257 10.9116 101.137
      vertex 0 0 114.722
    endloop
  endfacet
  facet normal -0.578226 -0.407192 -0.707
    outer loop
      vertex 10.9116 8.09257 101.137
      vertex 11.2955 7.54742 101.137
      vertex 0 0 114.722
    endloop
  endfacet
  facet normal 0.31798 0.631696 -0.707
    outer loop
      vertex 0 0 114.722
      vertex -5.80834 -12.2807 101.137
      vertex -6.40392 -11.9809 101.137
    endloop
  endfacet
  facet normal -0.512202 0.487648 -0.707
    outer loop
      vertex 10.0658 -9.12313 101.137
      vertex 9.60604 -9.60604 101.137
      vertex 0 0 114.722
    endloop
  endfacet
  facet normal -0.0865479 0.701897 -0.707001
    outer loop
      vertex 1.99333 -13.438 101.137
      vertex 1.33156 -13.5196 101.137
      vertex 0 0 114.722
    endloop
  endfacet
  facet normal 0.659814 -0.25455 -0.707001
    outer loop
      vertex -12.5509 5.19875 101.137
      vertex 0 0 114.722
      vertex -12.7909 4.57665 101.137
    endloop
  endfacet
  facet normal 0.0519714 -0.705301 -0.707
    outer loop
      vertex -0.666584 13.5686 101.137
      vertex 0 0 114.722
      vertex -1.33156 13.5196 101.137
    endloop
  endfacet
  facet normal 0.705301 -0.0519714 -0.707
    outer loop
      vertex -13.5196 1.33156 101.137
      vertex 0 0 114.722
      vertex -13.5686 0.666584 101.137
    endloop
  endfacet
  facet normal 0.512202 -0.487648 -0.707
    outer loop
      vertex -9.60604 9.60604 101.137
      vertex 0 0 114.722
      vertex -10.0658 9.12313 101.137
    endloop
  endfacet
  facet normal 0.6968 -0.120911 -0.707001
    outer loop
      vertex -13.324 2.6503 101.137
      vertex 0 0 114.722
      vertex -13.438 1.99333 101.137
    endloop
  endfacet
  facet normal 0.0173944 -0.707 -0.707
    outer loop
      vertex 0 13.585 101.137
      vertex 0 0 114.722
      vertex -0.666584 13.5686 101.137
    endloop
  endfacet
  facet normal 0.681579 -0.188682 -0.707
    outer loop
      vertex -13 3.94352 101.137
      vertex 0 0 114.722
      vertex -13.1779 3.30089 101.137
    endloop
  endfacet
  facet normal 0.701897 -0.0865479 -0.707001
    outer loop
      vertex -13.438 1.99333 101.137
      vertex 0 0 114.722
      vertex -13.5196 1.33156 101.137
    endloop
  endfacet
  facet normal 0.407192 -0.578226 -0.707
    outer loop
      vertex -7.54742 11.2955 101.137
      vertex 0 0 114.722
      vertex -8.09257 10.9116 101.137
    endloop
  endfacet
  facet normal -0.348615 -0.61532 -0.707
    outer loop
      vertex 6.40392 11.9809 101.137
      vertex 6.98409 11.6522 101.137
      vertex 0 0 114.722
    endloop
  endfacet
  facet normal 0.154956 -0.690028 -0.707001
    outer loop
      vertex -2.6503 13.324 101.137
      vertex 0 0 114.722
      vertex -3.30089 13.1779 101.137
    endloop
  endfacet
  facet normal 0.646546 0.286581 -0.707
    outer loop
      vertex 0 0 114.722
      vertex -12.2807 -5.80834 101.137
      vertex -12.5509 -5.19875 101.137
    endloop
  endfacet
  facet normal -0.435147 0.557493 -0.707
    outer loop
      vertex 8.61823 -10.5013 101.137
      vertex 8.09257 -10.9116 101.137
      vertex 0 0 114.722
    endloop
  endfacet
  facet normal 0.61532 -0.348615 -0.707
    outer loop
      vertex -11.6522 6.98409 101.137
      vertex 0 0 114.722
      vertex -11.9809 6.40392 101.137
    endloop
  endfacet
  facet normal 0.535524 -0.461915 -0.707
    outer loop
      vertex -10.0658 9.12313 101.137
      vertex 0 0 114.722
      vertex -10.5013 8.61823 101.137
    endloop
  endfacet
  facet normal 0.6968 0.120911 -0.707001
    outer loop
      vertex 0 0 114.722
      vertex -13.324 -2.6503 101.137
      vertex -13.438 -1.99333 101.137
    endloop
  endfacet
  facet normal -0.671537 -0.221785 -0.707
    outer loop
      vertex 12.7909 4.57665 101.137
      vertex 13 3.94352 101.137
      vertex 0 0 114.722
    endloop
  endfacet
  facet normal -0.61532 0.348615 -0.707
    outer loop
      vertex 11.9809 -6.40392 101.137
      vertex 11.6522 -6.98409 101.137
      vertex 0 0 114.722
    endloop
  endfacet
  facet normal 0.597504 0.378339 -0.707
    outer loop
      vertex 0 0 114.722
      vertex -11.2955 -7.54742 101.137
      vertex -11.6522 -6.98409 101.137
    endloop
  endfacet
  facet normal 0.0519714 0.705301 -0.707
    outer loop
      vertex 0 0 114.722
      vertex -0.666584 -13.5686 101.137
      vertex -1.33156 -13.5196 101.137
    endloop
  endfacet
  facet normal -0.535524 0.461915 -0.707
    outer loop
      vertex 10.5013 -8.61823 101.137
      vertex 10.0658 -9.12313 101.137
      vertex 0 0 114.722
    endloop
  endfacet
  facet normal 0.707 -0.0173944 -0.707
    outer loop
      vertex -13.5686 0.666584 101.137
      vertex 0 0 114.722
      vertex -13.585 0 101.137
    endloop
  endfacet
  facet normal 0.435147 0.557493 -0.707
    outer loop
      vertex 0 0 114.722
      vertex -8.09257 -10.9116 101.137
      vertex -8.61823 -10.5013 101.137
    endloop
  endfacet
  facet normal 0.578226 -0.407192 -0.707
    outer loop
      vertex -10.9116 8.09257 101.137
      vertex 0 0 114.722
      vertex -11.2955 7.54742 101.137
    endloop
  endfacet
  facet normal 0.557493 -0.435147 -0.707
    outer loop
      vertex -10.5013 8.61823 101.137
      vertex 0 0 114.722
      vertex -10.9116 8.09257 101.137
    endloop
  endfacet
  facet normal 0.286581 -0.646546 -0.707
    outer loop
      vertex -5.19875 12.5509 101.137
      vertex 0 0 114.722
      vertex -5.80834 12.2807 101.137
    endloop
  endfacet
  facet normal -0.0519714 0.705301 -0.707
    outer loop
      vertex 1.33156 -13.5196 101.137
      vertex 0.666584 -13.5686 101.137
      vertex 0 0 114.722
    endloop
  endfacet
  facet normal -0.512202 -0.487648 -0.707
    outer loop
      vertex 9.60604 9.60604 101.137
      vertex 10.0658 9.12313 101.137
      vertex 0 0 114.722
    endloop
  endfacet
  facet normal 0.690028 0.154956 -0.707001
    outer loop
      vertex 0 0 114.722
      vertex -13.1779 -3.30089 101.137
      vertex -13.324 -2.6503 101.137
    endloop
  endfacet
  facet normal 0.535524 0.461915 -0.707
    outer loop
      vertex 0 0 114.722
      vertex -10.0658 -9.12313 101.137
      vertex -10.5013 -8.61823 101.137
    endloop
  endfacet
  facet normal 0.487648 -0.512202 -0.707
    outer loop
      vertex -9.12313 10.0658 101.137
      vertex 0 0 114.722
      vertex -9.60604 9.60604 101.137
    endloop
  endfacet
  facet normal 0.597504 -0.378339 -0.707
    outer loop
      vertex -11.2955 7.54742 101.137
      vertex 0 0 114.722
      vertex -11.6522 6.98409 101.137
    endloop
  endfacet
  facet normal -0.578226 0.407192 -0.707
    outer loop
      vertex 11.2955 -7.54742 101.137
      vertex 10.9116 -8.09257 101.137
      vertex 0 0 114.722
    endloop
  endfacet
  facet normal 0.378339 -0.597504 -0.707
    outer loop
      vertex -6.98409 11.6522 101.137
      vertex 0 0 114.722
      vertex -7.54742 11.2955 101.137
    endloop
  endfacet
  facet normal 0.671537 -0.221785 -0.707
    outer loop
      vertex -12.7909 4.57665 101.137
      vertex 0 0 114.722
      vertex -13 3.94352 101.137
    endloop
  endfacet
  facet normal 0.25455 0.659814 -0.707001
    outer loop
      vertex 0 0 114.722
      vertex -4.57665 -12.7909 101.137
      vertex -5.19875 -12.5509 101.137
    endloop
  endfacet
  facet normal -0.435147 -0.557493 -0.707
    outer loop
      vertex 8.09257 10.9116 101.137
      vertex 8.61823 10.5013 101.137
      vertex 0 0 114.722
    endloop
  endfacet
  facet normal -0.461915 -0.535524 -0.707
    outer loop
      vertex 8.61823 10.5013 101.137
      vertex 9.12313 10.0658 101.137
      vertex 0 0 114.722
    endloop
  endfacet
  facet normal -0.61532 -0.348615 -0.707
    outer loop
      vertex 11.6522 6.98409 101.137
      vertex 11.9809 6.40392 101.137
      vertex 0 0 114.722
    endloop
  endfacet
  facet normal 0.690028 -0.154956 -0.707001
    outer loop
      vertex -13.1779 3.30089 101.137
      vertex 0 0 114.722
      vertex -13.324 2.6503 101.137
    endloop
  endfacet
  facet normal -0.6968 0.120911 -0.707001
    outer loop
      vertex 13.438 -1.99333 101.137
      vertex 13.324 -2.6503 101.137
      vertex 0 0 114.722
    endloop
  endfacet
  facet normal -0.705301 0.0519714 -0.707
    outer loop
      vertex 13.5686 -0.666584 101.137
      vertex 13.5196 -1.33156 101.137
      vertex 0 0 114.722
    endloop
  endfacet
  facet normal 0.61532 0.348615 -0.707
    outer loop
      vertex 0 0 114.722
      vertex -11.6522 -6.98409 101.137
      vertex -11.9809 -6.40392 101.137
    endloop
  endfacet
  facet normal -0.188682 -0.681579 -0.707
    outer loop
      vertex 3.30089 13.1779 101.137
      vertex 3.94352 13 101.137
      vertex 0 0 114.722
    endloop
  endfacet
  facet normal -0.221785 -0.671537 -0.707
    outer loop
      vertex 3.94352 13 101.137
      vertex 4.57665 12.7909 101.137
      vertex 0 0 114.722
    endloop
  endfacet
  facet normal 0.221785 -0.671537 -0.707
    outer loop
      vertex -3.94352 13 101.137
      vertex 0 0 114.722
      vertex -4.57665 12.7909 101.137
    endloop
  endfacet
  facet normal -0.681579 -0.188682 -0.707
    outer loop
      vertex 13 3.94352 101.137
      vertex 13.1779 3.30089 101.137
      vertex 0 0 114.722
    endloop
  endfacet
  facet normal 0.348615 -0.61532 -0.707
    outer loop
      vertex -6.40392 11.9809 101.137
      vertex 0 0 114.722
      vertex -6.98409 11.6522 101.137
    endloop
  endfacet
  facet normal 0.659814 0.25455 -0.707001
    outer loop
      vertex 0 0 114.722
      vertex -12.5509 -5.19875 101.137
      vertex -12.7909 -4.57665 101.137
    endloop
  endfacet
  facet normal -0.535524 -0.461915 -0.707
    outer loop
      vertex 10.0658 9.12313 101.137
      vertex 10.5013 8.61823 101.137
      vertex 0 0 114.722
    endloop
  endfacet
  facet normal 0.0865479 0.701897 -0.707001
    outer loop
      vertex 0 0 114.722
      vertex -1.33156 -13.5196 101.137
      vertex -1.99333 -13.438 101.137
    endloop
  endfacet
  facet normal 0.120911 0.6968 -0.707001
    outer loop
      vertex 0 0 114.722
      vertex -1.99333 -13.438 101.137
      vertex -2.6503 -13.324 101.137
    endloop
  endfacet
  facet normal -0.0173944 0.707 -0.707
    outer loop
      vertex 0 0 114.722
      vertex 0.666584 -13.5686 101.137
      vertex 0 -13.585 101.137
    endloop
  endfacet
  facet normal -0.646546 -0.286581 -0.707
    outer loop
      vertex 12.2807 5.80834 101.137
      vertex 12.5509 5.19875 101.137
      vertex 0 0 114.722
    endloop
  endfacet
  facet normal -0.659814 -0.25455 -0.707001
    outer loop
      vertex 12.5509 5.19875 101.137
      vertex 12.7909 4.57665 101.137
      vertex 0 0 114.722
    endloop
  endfacet
  facet normal 0.435147 -0.557493 -0.707
    outer loop
      vertex -8.09257 10.9116 101.137
      vertex 0 0 114.722
      vertex -8.61823 10.5013 101.137
    endloop
  endfacet
  facet normal 0.0865479 -0.701897 -0.707001
    outer loop
      vertex -1.33156 13.5196 101.137
      vertex 0 0 114.722
      vertex -1.99333 13.438 101.137
    endloop
  endfacet
  facet normal -0.690028 -0.154956 -0.707001
    outer loop
      vertex 13.1779 3.30089 101.137
      vertex 13.324 2.6503 101.137
      vertex 0 0 114.722
    endloop
  endfacet
  facet normal -0.31798 0.631696 -0.707
    outer loop
      vertex 6.40392 -11.9809 101.137
      vertex 5.80834 -12.2807 101.137
      vertex 0 0 114.722
    endloop
  endfacet
  facet normal -0.31798 -0.631696 -0.707
    outer loop
      vertex 5.80834 12.2807 101.137
      vertex 6.40392 11.9809 101.137
      vertex 0 0 114.722
    endloop
  endfacet
  facet normal -0.631696 -0.31798 -0.707
    outer loop
      vertex 11.9809 6.40392 101.137
      vertex 12.2807 5.80834 101.137
      vertex 0 0 114.722
    endloop
  endfacet
  facet normal -0.0519714 -0.705301 -0.707
    outer loop
      vertex 0.666584 13.5686 101.137
      vertex 1.33156 13.5196 101.137
      vertex 0 0 114.722
    endloop
  endfacet
  facet normal 0.120911 -0.6968 -0.707001
    outer loop
      vertex -1.99333 13.438 101.137
      vertex 0 0 114.722
      vertex -2.6503 13.324 101.137
    endloop
  endfacet
  facet normal -0.0173944 -0.707 -0.707
    outer loop
      vertex 0 13.585 101.137
      vertex 0.666584 13.5686 101.137
      vertex 0 0 114.722
    endloop
  endfacet
  facet normal 0.188682 -0.681579 -0.707
    outer loop
      vertex -3.30089 13.1779 101.137
      vertex 0 0 114.722
      vertex -3.94352 13 101.137
    endloop
  endfacet
  facet normal -0.557493 0.435147 -0.707
    outer loop
      vertex 10.9116 -8.09257 101.137
      vertex 10.5013 -8.61823 101.137
      vertex 0 0 114.722
    endloop
  endfacet
  facet normal -0.487648 -0.512202 -0.707
    outer loop
      vertex 9.12313 10.0658 101.137
      vertex 9.60604 9.60604 101.137
      vertex 0 0 114.722
    endloop
  endfacet
  facet normal -0.120911 -0.6968 -0.707001
    outer loop
      vertex 1.99333 13.438 101.137
      vertex 2.6503 13.324 101.137
      vertex 0 0 114.722
    endloop
  endfacet
  facet normal -0.154956 -0.690028 -0.707001
    outer loop
      vertex 2.6503 13.324 101.137
      vertex 3.30089 13.1779 101.137
      vertex 0 0 114.722
    endloop
  endfacet
  facet normal 0.348615 0.61532 -0.707
    outer loop
      vertex 0 0 114.722
      vertex -6.40392 -11.9809 101.137
      vertex -6.98409 -11.6522 101.137
    endloop
  endfacet
  facet normal -0.25455 -0.659814 -0.707001
    outer loop
      vertex 4.57665 12.7909 101.137
      vertex 5.19875 12.5509 101.137
      vertex 0 0 114.722
    endloop
  endfacet
  facet normal -0.597504 -0.378339 -0.707
    outer loop
      vertex 11.2955 7.54742 101.137
      vertex 11.6522 6.98409 101.137
      vertex 0 0 114.722
    endloop
  endfacet
  facet normal 0.512202 0.487648 -0.707
    outer loop
      vertex 0 0 114.722
      vertex -9.60604 -9.60604 101.137
      vertex -10.0658 -9.12313 101.137
    endloop
  endfacet
  facet normal -0.286581 -0.646546 -0.707
    outer loop
      vertex 5.19875 12.5509 101.137
      vertex 5.80834 12.2807 101.137
      vertex 0 0 114.722
    endloop
  endfacet
  facet normal -0.646546 0.286581 -0.707
    outer loop
      vertex 12.5509 -5.19875 101.137
      vertex 12.2807 -5.80834 101.137
      vertex 0 0 114.722
    endloop
  endfacet
  facet normal -0.631696 0.31798 -0.707
    outer loop
      vertex 12.2807 -5.80834 101.137
      vertex 11.9809 -6.40392 101.137
      vertex 0 0 114.722
    endloop
  endfacet
  facet normal -0.690028 0.154956 -0.707001
    outer loop
      vertex 13.324 -2.6503 101.137
      vertex 13.1779 -3.30089 101.137
      vertex 0 0 114.722
    endloop
  endfacet
  facet normal -0.681579 0.188682 -0.707
    outer loop
      vertex 13.1779 -3.30089 101.137
      vertex 13 -3.94352 101.137
      vertex 0 0 114.722
    endloop
  endfacet
  facet normal -0.487648 0.512202 -0.707
    outer loop
      vertex 9.60604 -9.60604 101.137
      vertex 9.12313 -10.0658 101.137
      vertex 0 0 114.722
    endloop
  endfacet
  facet normal -0.461915 0.535524 -0.707
    outer loop
      vertex 9.12313 -10.0658 101.137
      vertex 8.61823 -10.5013 101.137
      vertex 0 0 114.722
    endloop
  endfacet
  facet normal -0.25455 0.659814 -0.707001
    outer loop
      vertex 5.19875 -12.5509 101.137
      vertex 4.57665 -12.7909 101.137
      vertex 0 0 114.722
    endloop
  endfacet
  facet normal -0.221785 0.671537 -0.707
    outer loop
      vertex 4.57665 -12.7909 101.137
      vertex 3.94352 -13 101.137
      vertex 0 0 114.722
    endloop
  endfacet
  facet normal 0.378339 0.597504 -0.707
    outer loop
      vertex 0 0 114.722
      vertex -6.98409 -11.6522 101.137
      vertex -7.54742 -11.2955 101.137
    endloop
  endfacet
  facet normal 0.671537 0.221785 -0.707
    outer loop
      vertex 0 0 114.722
      vertex -12.7909 -4.57665 101.137
      vertex -13 -3.94352 101.137
    endloop
  endfacet
  facet normal -0.286581 0.646546 -0.707
    outer loop
      vertex 5.80834 -12.2807 101.137
      vertex 5.19875 -12.5509 101.137
      vertex 0 0 114.722
    endloop
  endfacet
  facet normal 0.461915 0.535524 -0.707
    outer loop
      vertex 0 0 114.722
      vertex -8.61823 -10.5013 101.137
      vertex -9.12313 -10.0658 101.137
    endloop
  endfacet
  facet normal 0.487648 0.512202 -0.707
    outer loop
      vertex 0 0 114.722
      vertex -9.12313 -10.0658 101.137
      vertex -9.60604 -9.60604 101.137
    endloop
  endfacet
  facet normal 0.286581 0.646546 -0.707
    outer loop
      vertex 0 0 114.722
      vertex -5.19875 -12.5509 101.137
      vertex -5.80834 -12.2807 101.137
    endloop
  endfacet
  facet normal -0.671537 0.221785 -0.707
    outer loop
      vertex 13 -3.94352 101.137
      vertex 12.7909 -4.57665 101.137
      vertex 0 0 114.722
    endloop
  endfacet
  facet normal -0.659814 0.25455 -0.707001
    outer loop
      vertex 12.7909 -4.57665 101.137
      vertex 12.5509 -5.19875 101.137
      vertex 0 0 114.722
    endloop
  endfacet
  facet normal 0.681579 0.188682 -0.707
    outer loop
      vertex 0 0 114.722
      vertex -13 -3.94352 101.137
      vertex -13.1779 -3.30089 101.137
    endloop
  endfacet
  facet normal -0.701897 0.0865479 -0.707001
    outer loop
      vertex 13.5196 -1.33156 101.137
      vertex 13.438 -1.99333 101.137
      vertex 0 0 114.722
    endloop
  endfacet
  facet normal -0.6968 -0.120911 -0.707001
    outer loop
      vertex 13.324 2.6503 101.137
      vertex 13.438 1.99333 101.137
      vertex 0 0 114.722
    endloop
  endfacet
  facet normal -0.707 0.0173944 -0.707
    outer loop
      vertex 13.585 0 101.137
      vertex 13.5686 -0.666584 101.137
      vertex 0 0 114.722
    endloop
  endfacet
  facet normal -0.701897 -0.0865479 -0.707001
    outer loop
      vertex 13.438 1.99333 101.137
      vertex 13.5196 1.33156 101.137
      vertex 0 0 114.722
    endloop
  endfacet
  facet normal -0.705301 -0.0519714 -0.707
    outer loop
      vertex 13.5196 1.33156 101.137
      vertex 13.5686 0.666584 101.137
      vertex 0 0 114.722
    endloop
  endfacet
  facet normal -0.188682 0.681579 -0.707
    outer loop
      vertex 3.94352 -13 101.137
      vertex 3.30089 -13.1779 101.137
      vertex 0 0 114.722
    endloop
  endfacet
  facet normal -0.154956 0.690028 -0.707001
    outer loop
      vertex 3.30089 -13.1779 101.137
      vertex 2.6503 -13.324 101.137
      vertex 0 0 114.722
    endloop
  endfacet
  facet normal -0.407192 0.578226 -0.707
    outer loop
      vertex 8.09257 -10.9116 101.137
      vertex 7.54742 -11.2955 101.137
      vertex 0 0 114.722
    endloop
  endfacet
  facet normal 0.631696 0.31798 -0.707
    outer loop
      vertex 0 0 114.722
      vertex -11.9809 -6.40392 101.137
      vertex -12.2807 -5.80834 101.137
    endloop
  endfacet
  facet normal 0.557493 0.435147 -0.707
    outer loop
      vertex 0 0 114.722
      vertex -10.5013 -8.61823 101.137
      vertex -10.9116 -8.09257 101.137
    endloop
  endfacet
  facet normal -0.378339 0.597504 -0.707
    outer loop
      vertex 7.54742 -11.2955 101.137
      vertex 6.98409 -11.6522 101.137
      vertex 0 0 114.722
    endloop
  endfacet
  facet normal 0.154956 0.690028 -0.707001
    outer loop
      vertex 0 0 114.722
      vertex -2.6503 -13.324 101.137
      vertex -3.30089 -13.1779 101.137
    endloop
  endfacet
  facet normal 0.188682 0.681579 -0.707
    outer loop
      vertex 0 0 114.722
      vertex -3.30089 -13.1779 101.137
      vertex -3.94352 -13 101.137
    endloop
  endfacet
  facet normal 0.0173944 0.707 -0.707
    outer loop
      vertex 0 0 114.722
      vertex 0 -13.585 101.137
      vertex -0.666584 -13.5686 101.137
    endloop
  endfacet
  facet normal 0.578226 0.407192 -0.707
    outer loop
      vertex 0 0 114.722
      vertex -10.9116 -8.09257 101.137
      vertex -11.2955 -7.54742 101.137
    endloop
  endfacet
  facet normal -0.120911 0.6968 -0.707001
    outer loop
      vertex 2.6503 -13.324 101.137
      vertex 1.99333 -13.438 101.137
      vertex 0 0 114.722
    endloop
  endfacet
  facet normal 0.407192 0.578226 -0.707
    outer loop
      vertex 0 0 114.722
      vertex -7.54742 -11.2955 101.137
      vertex -8.09257 -10.9116 101.137
    endloop
  endfacet
  facet normal 0.221785 0.671537 -0.707
    outer loop
      vertex 0 0 114.722
      vertex -3.94352 -13 101.137
      vertex -4.57665 -12.7909 101.137
    endloop
  endfacet
  facet normal 0.701897 0.0865479 -0.707001
    outer loop
      vertex 0 0 114.722
      vertex -13.438 -1.99333 101.137
      vertex -13.5196 -1.33156 101.137
    endloop
  endfacet
  facet normal 0.705301 0.0519714 -0.707
    outer loop
      vertex 0 0 114.722
      vertex -13.5196 -1.33156 101.137
      vertex -13.5686 -0.666584 101.137
    endloop
  endfacet
  facet normal 0.707 0.0173944 -0.707
    outer loop
      vertex 0 0 114.722
      vertex -13.5686 -0.666584 101.137
      vertex -13.585 0 101.137
    endloop
  endfacet
  facet normal 0 0 -1
    outer loop
      vertex 0.841903 -20.0721 -1.90735e-07
      vertex 6.55097 -21.8466 -1.90735e-07
      vertex 6.87911 -22.415 -1.90735e-07
    endloop
  endfacet
  facet normal 0 0 -1
    outer loop
      vertex 6.55097 -21.8466 -1.90735e-07
      vertex 0.841903 -20.0721 -1.90735e-07
      vertex 6.19363 -21.2277 -1.90735e-07
    endloop
  endfacet
  facet normal 0 0 -1
    outer loop
      vertex 4.70337 -18.6465 -1.90735e-07
      vertex 3.94352 -13 -1.90735e-07
      vertex 4.57665 -12.7909 -1.90735e-07
    endloop
  endfacet
  facet normal 0 0 -1
    outer loop
      vertex 2.03253 -17.1976 -1.90735e-07
      vertex 3.94352 -13 -1.90735e-07
      vertex 4.70337 -18.6465 -1.90735e-07
    endloop
  endfacet
  facet normal 0 0 -1
    outer loop
      vertex 3.94352 -13 -1.90735e-07
      vertex 2.03253 -17.1976 -1.90735e-07
      vertex 3.30089 -13.1779 -1.90735e-07
    endloop
  endfacet
  facet normal 0 0 -1
    outer loop
      vertex 2.15773 -17.6103 -1.90735e-07
      vertex 4.70337 -18.6465 -1.90735e-07
      vertex 2.2 -18.0395 -1.90735e-07
    endloop
  endfacet
  facet normal 0 -0 -1
    outer loop
      vertex 1.82923 -19.2618 -1.90735e-07
      vertex 6.19363 -21.2277 -1.90735e-07
      vertex 1.55563 -19.5952 -1.90735e-07
    endloop
  endfacet
  facet normal 0 0 -1
    outer loop
      vertex 0.841903 -20.0721 -1.90735e-07
      vertex 6.87911 -22.415 -1.90735e-07
      vertex 6.92476 -22.494 -1.90735e-07
    endloop
  endfacet
  facet normal 0 0 -1
    outer loop
      vertex 4.70337 -18.6465 -1.90735e-07
      vertex 2.15773 -18.4687 -1.90735e-07
      vertex 2.2 -18.0395 -1.90735e-07
    endloop
  endfacet
  facet normal -0 0 -1
    outer loop
      vertex 4.70337 -18.6465 -1.90735e-07
      vertex 2.03253 -18.8814 -1.90735e-07
      vertex 2.15773 -18.4687 -1.90735e-07
    endloop
  endfacet
  facet normal 0 0 -1
    outer loop
      vertex 4.70337 -18.6465 -1.90735e-07
      vertex 1.82923 -19.2618 -1.90735e-07
      vertex 2.03253 -18.8814 -1.90735e-07
    endloop
  endfacet
  facet normal 0 0 -1
    outer loop
      vertex 6.19363 -21.2277 -1.90735e-07
      vertex 1.82923 -19.2618 -1.90735e-07
      vertex 4.70337 -18.6465 -1.90735e-07
    endloop
  endfacet
  facet normal 0 0 -1
    outer loop
      vertex 6.19363 -21.2277 -1.90735e-07
      vertex 1.22225 -19.8688 -1.90735e-07
      vertex 1.55563 -19.5952 -1.90735e-07
    endloop
  endfacet
  facet normal 0 0 -1
    outer loop
      vertex 6.19363 -21.2277 -1.90735e-07
      vertex 0.841903 -20.0721 -1.90735e-07
      vertex 1.22225 -19.8688 -1.90735e-07
    endloop
  endfacet
  facet normal 0 0 -1
    outer loop
      vertex 6.92476 -22.494 -1.90735e-07
      vertex 0.429198 -20.1972 -1.90735e-07
      vertex 0.841903 -20.0721 -1.90735e-07
    endloop
  endfacet
  facet normal 0 0 -1
    outer loop
      vertex 6.92476 -22.494 -1.90735e-07
      vertex 0 -20.2395 -1.90735e-07
      vertex 0.429198 -20.1972 -1.90735e-07
    endloop
  endfacet
  facet normal 0 0 -1
    outer loop
      vertex -6.92476 -22.494 -1.90735e-07
      vertex 0 -20.2395 -1.90735e-07
      vertex 6.92476 -22.494 -1.90735e-07
    endloop
  endfacet
  facet normal -0 0 -1
    outer loop
      vertex 0 -20.2395 -1.90735e-07
      vertex -6.92476 -22.494 -1.90735e-07
      vertex -0.429198 -20.1972 -1.90735e-07
    endloop
  endfacet
  facet normal 0 0 -1
    outer loop
      vertex -1.82923 -16.8173 -1.90735e-07
      vertex -3.30089 -13.1779 -1.90735e-07
      vertex -2.6503 -13.324 -1.90735e-07
    endloop
  endfacet
  facet normal 0 0 -1
    outer loop
      vertex -4.70337 -18.6465 -1.90735e-07
      vertex -2.2 -18.0395 -1.90735e-07
      vertex -2.15773 -18.4687 -1.90735e-07
    endloop
  endfacet
  facet normal -0 0 -1
    outer loop
      vertex -2.15773 -17.6103 -1.90735e-07
      vertex -4.70337 -18.6465 -1.90735e-07
      vertex -3.30089 -13.1779 -1.90735e-07
    endloop
  endfacet
  facet normal 0 0 -1
    outer loop
      vertex -4.70337 -18.6465 -1.90735e-07
      vertex -2.15773 -18.4687 -1.90735e-07
      vertex -2.03253 -18.8814 -1.90735e-07
    endloop
  endfacet
  facet normal -0 0 -1
    outer loop
      vertex -3.30089 -13.1779 -1.90735e-07
      vertex -4.70337 -18.6465 -1.90735e-07
      vertex -3.94352 -13 -1.90735e-07
    endloop
  endfacet
  facet normal -0 0 -1
    outer loop
      vertex -3.94352 -13 -1.90735e-07
      vertex -4.70337 -18.6465 -1.90735e-07
      vertex -4.57665 -12.7909 -1.90735e-07
    endloop
  endfacet
  facet normal 0 0 -1
    outer loop
      vertex -1.82923 -19.2618 -1.90735e-07
      vertex -4.70337 -18.6465 -1.90735e-07
      vertex -2.03253 -18.8814 -1.90735e-07
    endloop
  endfacet
  facet normal 0 0 -1
    outer loop
      vertex -6.19363 -21.2277 -1.90735e-07
      vertex -1.82923 -19.2618 -1.90735e-07
      vertex -1.55563 -19.5952 -1.90735e-07
    endloop
  endfacet
  facet normal 0 0 -1
    outer loop
      vertex -6.19363 -21.2277 -1.90735e-07
      vertex -1.55563 -19.5952 -1.90735e-07
      vertex -1.22225 -19.8688 -1.90735e-07
    endloop
  endfacet
  facet normal 0 0 -1
    outer loop
      vertex -6.19363 -21.2277 -1.90735e-07
      vertex -1.22225 -19.8688 -1.90735e-07
      vertex -0.841903 -20.0721 -1.90735e-07
    endloop
  endfacet
  facet normal -0 0 -1
    outer loop
      vertex -1.82923 -19.2618 -1.90735e-07
      vertex -6.19363 -21.2277 -1.90735e-07
      vertex -4.70337 -18.6465 -1.90735e-07
    endloop
  endfacet
  facet normal -0 0 -1
    outer loop
      vertex -0.429198 -20.1972 -1.90735e-07
      vertex -6.92476 -22.494 -1.90735e-07
      vertex -0.841903 -20.0721 -1.90735e-07
    endloop
  endfacet
  facet normal 0 0 -1
    outer loop
      vertex -0.841903 -20.0721 -1.90735e-07
      vertex -6.55097 -21.8466 -1.90735e-07
      vertex -6.19363 -21.2277 -1.90735e-07
    endloop
  endfacet
  facet normal 0 0 -1
    outer loop
      vertex -0.841903 -20.0721 -1.90735e-07
      vertex -6.87911 -22.415 -1.90735e-07
      vertex -6.55097 -21.8466 -1.90735e-07
    endloop
  endfacet
  facet normal 0 0 -1
    outer loop
      vertex -0.841903 -20.0721 -1.90735e-07
      vertex -6.92476 -22.494 -1.90735e-07
      vertex -6.87911 -22.415 -1.90735e-07
    endloop
  endfacet
  facet normal 0 0 -1
    outer loop
      vertex -6.55097 21.8466 -1.90735e-07
      vertex 6.55097 21.8466 -1.90735e-07
      vertex 6.19363 21.2277 -1.90735e-07
    endloop
  endfacet
  facet normal 0 0 -1
    outer loop
      vertex -6.19363 21.2277 -1.90735e-07
      vertex 6.19363 21.2277 -1.90735e-07
      vertex 4.70337 18.6465 -1.90735e-07
    endloop
  endfacet
  facet normal 0 0 -1
    outer loop
      vertex 3.94352 13 -1.90735e-07
      vertex 4.70337 18.6465 -1.90735e-07
      vertex 4.57665 12.7909 -1.90735e-07
    endloop
  endfacet
  facet normal 0 0 -1
    outer loop
      vertex 3.30089 13.1779 -1.90735e-07
      vertex 4.70337 18.6465 -1.90735e-07
      vertex 3.94352 13 -1.90735e-07
    endloop
  endfacet
  facet normal 0 0 -1
    outer loop
      vertex 2.6503 13.324 -1.90735e-07
      vertex 4.70337 18.6465 -1.90735e-07
      vertex 3.30089 13.1779 -1.90735e-07
    endloop
  endfacet
  facet normal 0 0 -1
    outer loop
      vertex 1.99333 13.438 -1.90735e-07
      vertex 4.70337 18.6465 -1.90735e-07
      vertex 2.6503 13.324 -1.90735e-07
    endloop
  endfacet
  facet normal 0 0 -1
    outer loop
      vertex 1.33156 13.5196 -1.90735e-07
      vertex 4.70337 18.6465 -1.90735e-07
      vertex 1.99333 13.438 -1.90735e-07
    endloop
  endfacet
  facet normal 0 0 -1
    outer loop
      vertex 0.666584 13.5686 -1.90735e-07
      vertex 4.70337 18.6465 -1.90735e-07
      vertex 1.33156 13.5196 -1.90735e-07
    endloop
  endfacet
  facet normal 0 0 -1
    outer loop
      vertex 0 13.585 -1.90735e-07
      vertex 4.70337 18.6465 -1.90735e-07
      vertex 0.666584 13.5686 -1.90735e-07
    endloop
  endfacet
  facet normal 0 0 -1
    outer loop
      vertex -6.19363 21.2277 -1.90735e-07
      vertex 4.70337 18.6465 -1.90735e-07
      vertex -4.70337 18.6465 -1.90735e-07
    endloop
  endfacet
  facet normal -0 0 -1
    outer loop
      vertex 4.70337 18.6465 -1.90735e-07
      vertex 0 13.585 -1.90735e-07
      vertex -4.70337 18.6465 -1.90735e-07
    endloop
  endfacet
  facet normal 0 0 -1
    outer loop
      vertex -4.70337 18.6465 -1.90735e-07
      vertex 0 13.585 -1.90735e-07
      vertex -0.666584 13.5686 -1.90735e-07
    endloop
  endfacet
  facet normal 0 0 -1
    outer loop
      vertex -4.70337 18.6465 -1.90735e-07
      vertex -0.666584 13.5686 -1.90735e-07
      vertex -1.33156 13.5196 -1.90735e-07
    endloop
  endfacet
  facet normal 0 0 -1
    outer loop
      vertex -4.70337 18.6465 -1.90735e-07
      vertex -1.33156 13.5196 -1.90735e-07
      vertex -1.99333 13.438 -1.90735e-07
    endloop
  endfacet
  facet normal 0 0 -1
    outer loop
      vertex -4.70337 18.6465 -1.90735e-07
      vertex -1.99333 13.438 -1.90735e-07
      vertex -2.6503 13.324 -1.90735e-07
    endloop
  endfacet
  facet normal 0 0 -1
    outer loop
      vertex -4.70337 18.6465 -1.90735e-07
      vertex -2.6503 13.324 -1.90735e-07
      vertex -3.30089 13.1779 -1.90735e-07
    endloop
  endfacet
  facet normal 0 0 -1
    outer loop
      vertex -4.70337 18.6465 -1.90735e-07
      vertex -3.30089 13.1779 -1.90735e-07
      vertex -3.94352 13 -1.90735e-07
    endloop
  endfacet
  facet normal 0 0 -1
    outer loop
      vertex -4.70337 18.6465 -1.90735e-07
      vertex -3.94352 13 -1.90735e-07
      vertex -4.57665 12.7909 -1.90735e-07
    endloop
  endfacet
  facet normal 0 0 -1
    outer loop
      vertex -6.55097 21.8466 -1.90735e-07
      vertex 6.19363 21.2277 -1.90735e-07
      vertex -6.19363 21.2277 -1.90735e-07
    endloop
  endfacet
  facet normal 0 0 -1
    outer loop
      vertex 6.55097 21.8466 -1.90735e-07
      vertex -6.55097 21.8466 -1.90735e-07
      vertex 6.87911 22.415 -1.90735e-07
    endloop
  endfacet
  facet normal 0 0 -1
    outer loop
      vertex -6.87911 22.415 -1.90735e-07
      vertex 6.87911 22.415 -1.90735e-07
      vertex -6.55097 21.8466 -1.90735e-07
    endloop
  endfacet
  facet normal 0 0 -1
    outer loop
      vertex 6.87911 22.415 -1.90735e-07
      vertex -6.87911 22.415 -1.90735e-07
      vertex 6.92476 22.494 -1.90735e-07
    endloop
  endfacet
  facet normal -0 0 -1
    outer loop
      vertex 6.92476 22.494 -1.90735e-07
      vertex -6.87911 22.415 -1.90735e-07
      vertex -6.92476 22.494 -1.90735e-07
    endloop
  endfacet
  facet normal 0 0 -1
    outer loop
      vertex -18.5 5.25 -1.90735e-07
      vertex -13.324 2.6503 -1.90735e-07
      vertex -13.438 1.99333 -1.90735e-07
    endloop
  endfacet
  facet normal 0 0 -1
    outer loop
      vertex -13.324 2.6503 -1.90735e-07
      vertex -13.4415 8.7326 -1.90735e-07
      vertex -13.4274 9.16365 -1.90735e-07
    endloop
  endfacet
  facet normal 0 0 -1
    outer loop
      vertex -18.5 5.25 -1.90735e-07
      vertex -13.438 1.99333 -1.90735e-07
      vertex -13.5196 1.33156 -1.90735e-07
    endloop
  endfacet
  facet normal 0 0 -1
    outer loop
      vertex -13.324 2.6503 -1.90735e-07
      vertex -13.5394 8.31259 -1.90735e-07
      vertex -13.4415 8.7326 -1.90735e-07
    endloop
  endfacet
  facet normal 0 0 -1
    outer loop
      vertex -18.5 5.25 -1.90735e-07
      vertex -13.5196 1.33156 -1.90735e-07
      vertex -13.5686 0.666584 -1.90735e-07
    endloop
  endfacet
  facet normal 0 0 -1
    outer loop
      vertex -18.5 5.25 -1.90735e-07
      vertex -13.5686 0.666584 -1.90735e-07
      vertex -13.585 0 -1.90735e-07
    endloop
  endfacet
  facet normal 0 0 -1
    outer loop
      vertex -13.324 2.6503 -1.90735e-07
      vertex -13.7174 7.91976 -1.90735e-07
      vertex -13.5394 8.31259 -1.90735e-07
    endloop
  endfacet
  facet normal 0 0 -1
    outer loop
      vertex -5.19875 12.5509 -1.90735e-07
      vertex -4.70337 18.6465 -1.90735e-07
      vertex -4.57665 12.7909 -1.90735e-07
    endloop
  endfacet
  facet normal 0 0 -1
    outer loop
      vertex -5.80834 12.2807 -1.90735e-07
      vertex -4.70337 18.6465 -1.90735e-07
      vertex -5.19875 12.5509 -1.90735e-07
    endloop
  endfacet
  facet normal 0 0 -1
    outer loop
      vertex -6.40392 11.9809 -1.90735e-07
      vertex -4.70337 18.6465 -1.90735e-07
      vertex -5.80834 12.2807 -1.90735e-07
    endloop
  endfacet
  facet normal 0 0 -1
    outer loop
      vertex -6.98409 11.6522 -1.90735e-07
      vertex -4.70337 18.6465 -1.90735e-07
      vertex -6.40392 11.9809 -1.90735e-07
    endloop
  endfacet
  facet normal 0 0 -1
    outer loop
      vertex -13.7966 13.3965 -1.90735e-07
      vertex -6.98409 11.6522 -1.90735e-07
      vertex -7.54742 11.2955 -1.90735e-07
    endloop
  endfacet
  facet normal 0 0 -1
    outer loop
      vertex -13.7966 13.3965 -1.90735e-07
      vertex -7.54742 11.2955 -1.90735e-07
      vertex -8.09257 10.9116 -1.90735e-07
    endloop
  endfacet
  facet normal 0 0 -1
    outer loop
      vertex -13.7966 13.3965 -1.90735e-07
      vertex -8.09257 10.9116 -1.90735e-07
      vertex -8.61823 10.5013 -1.90735e-07
    endloop
  endfacet
  facet normal 0 0 -1
    outer loop
      vertex -13.7966 13.3965 -1.90735e-07
      vertex -8.61823 10.5013 -1.90735e-07
      vertex -9.12313 10.0658 -1.90735e-07
    endloop
  endfacet
  facet normal 0 0 -1
    outer loop
      vertex -13.7966 13.3965 -1.90735e-07
      vertex -9.12313 10.0658 -1.90735e-07
      vertex -9.60604 9.60604 -1.90735e-07
    endloop
  endfacet
  facet normal 0 0 -1
    outer loop
      vertex -13.6496 9.99279 -1.90735e-07
      vertex -9.60604 9.60604 -1.90735e-07
      vertex -10.0658 9.12313 -1.90735e-07
    endloop
  endfacet
  facet normal 0 0 -1
    outer loop
      vertex -13.4976 9.58916 -1.90735e-07
      vertex -10.0658 9.12313 -1.90735e-07
      vertex -10.5013 8.61823 -1.90735e-07
    endloop
  endfacet
  facet normal 0 0 -1
    outer loop
      vertex -13.4274 9.16365 -1.90735e-07
      vertex -10.5013 8.61823 -1.90735e-07
      vertex -10.9116 8.09257 -1.90735e-07
    endloop
  endfacet
  facet normal 0 0 -1
    outer loop
      vertex -13.4274 9.16365 -1.90735e-07
      vertex -10.9116 8.09257 -1.90735e-07
      vertex -11.2955 7.54742 -1.90735e-07
    endloop
  endfacet
  facet normal 0 0 -1
    outer loop
      vertex -13.4274 9.16365 -1.90735e-07
      vertex -11.2955 7.54742 -1.90735e-07
      vertex -11.6522 6.98409 -1.90735e-07
    endloop
  endfacet
  facet normal 0 0 -1
    outer loop
      vertex -13.4274 9.16365 -1.90735e-07
      vertex -13.1779 3.30089 -1.90735e-07
      vertex -13.324 2.6503 -1.90735e-07
    endloop
  endfacet
  facet normal 0 0 -1
    outer loop
      vertex -13.4274 9.16365 -1.90735e-07
      vertex -13 3.94352 -1.90735e-07
      vertex -13.1779 3.30089 -1.90735e-07
    endloop
  endfacet
  facet normal 0 0 -1
    outer loop
      vertex -13.4274 9.16365 -1.90735e-07
      vertex -12.7909 4.57665 -1.90735e-07
      vertex -13 3.94352 -1.90735e-07
    endloop
  endfacet
  facet normal 0 0 -1
    outer loop
      vertex -13.4274 9.16365 -1.90735e-07
      vertex -12.5509 5.19875 -1.90735e-07
      vertex -12.7909 4.57665 -1.90735e-07
    endloop
  endfacet
  facet normal 0 0 -1
    outer loop
      vertex -13.4274 9.16365 -1.90735e-07
      vertex -12.2807 5.80834 -1.90735e-07
      vertex -12.5509 5.19875 -1.90735e-07
    endloop
  endfacet
  facet normal 0 0 -1
    outer loop
      vertex -13.4274 9.16365 -1.90735e-07
      vertex -11.9809 6.40392 -1.90735e-07
      vertex -12.2807 5.80834 -1.90735e-07
    endloop
  endfacet
  facet normal 0 0 -1
    outer loop
      vertex -13.4274 9.16365 -1.90735e-07
      vertex -11.6522 6.98409 -1.90735e-07
      vertex -11.9809 6.40392 -1.90735e-07
    endloop
  endfacet
  facet normal 0 0 -1
    outer loop
      vertex -10.5013 8.61823 -1.90735e-07
      vertex -13.4274 9.16365 -1.90735e-07
      vertex -13.4976 9.58916 -1.90735e-07
    endloop
  endfacet
  facet normal 0 0 -1
    outer loop
      vertex -10.0658 9.12313 -1.90735e-07
      vertex -13.4976 9.58916 -1.90735e-07
      vertex -13.6496 9.99279 -1.90735e-07
    endloop
  endfacet
  facet normal 0 0 -1
    outer loop
      vertex -9.60604 9.60604 -1.90735e-07
      vertex -13.6496 9.99279 -1.90735e-07
      vertex -13.8773 10.359 -1.90735e-07
    endloop
  endfacet
  facet normal 0 0 -1
    outer loop
      vertex -6.98409 11.6522 -1.90735e-07
      vertex -13.7966 13.3965 -1.90735e-07
      vertex -4.70337 18.6465 -1.90735e-07
    endloop
  endfacet
  facet normal 0 0 -1
    outer loop
      vertex -9.60604 9.60604 -1.90735e-07
      vertex -13.8773 10.359 -1.90735e-07
      vertex -13.7966 13.3965 -1.90735e-07
    endloop
  endfacet
  facet normal 0 0 -1
    outer loop
      vertex -14.1721 10.6738 -1.90735e-07
      vertex -13.7966 13.3965 -1.90735e-07
      vertex -13.8773 10.359 -1.90735e-07
    endloop
  endfacet
  facet normal 0 0 -1
    outer loop
      vertex -14.5227 10.925 -1.90735e-07
      vertex -13.7966 13.3965 -1.90735e-07
      vertex -14.1721 10.6738 -1.90735e-07
    endloop
  endfacet
  facet normal 0 0 -1
    outer loop
      vertex -14.9155 11.103 -1.90735e-07
      vertex -13.7966 13.3965 -1.90735e-07
      vertex -14.5227 10.925 -1.90735e-07
    endloop
  endfacet
  facet normal 0 0 -1
    outer loop
      vertex -15.3355 11.2009 -1.90735e-07
      vertex -13.7966 13.3965 -1.90735e-07
      vertex -14.9155 11.103 -1.90735e-07
    endloop
  endfacet
  facet normal 0 0 -1
    outer loop
      vertex -15.7666 11.215 -1.90735e-07
      vertex -13.7966 13.3965 -1.90735e-07
      vertex -15.3355 11.2009 -1.90735e-07
    endloop
  endfacet
  facet normal 0 0 -1
    outer loop
      vertex -16.7255 16.0187 -1.90735e-07
      vertex -13.7966 13.3965 -1.90735e-07
      vertex -15.7666 11.215 -1.90735e-07
    endloop
  endfacet
  facet normal 0 0 -1
    outer loop
      vertex -13.7966 13.3965 -1.90735e-07
      vertex -16.7255 16.0187 -1.90735e-07
      vertex -15.2869 15.9777 -1.90735e-07
    endloop
  endfacet
  facet normal 0 0 -1
    outer loop
      vertex -15.2869 15.9777 -1.90735e-07
      vertex -16.7255 16.0187 -1.90735e-07
      vertex -15.6442 16.5966 -1.90735e-07
    endloop
  endfacet
  facet normal -0 0 -1
    outer loop
      vertex -15.6442 16.5966 -1.90735e-07
      vertex -16.7255 16.0187 -1.90735e-07
      vertex -15.9724 17.165 -1.90735e-07
    endloop
  endfacet
  facet normal 0 0 -1
    outer loop
      vertex -16.7255 16.0187 -1.90735e-07
      vertex -15.7666 11.215 -1.90735e-07
      vertex -16.1921 11.1448 -1.90735e-07
    endloop
  endfacet
  facet normal 0 0 -1
    outer loop
      vertex -16.7255 16.0187 -1.90735e-07
      vertex -16.1921 11.1448 -1.90735e-07
      vertex -16.5957 10.9929 -1.90735e-07
    endloop
  endfacet
  facet normal -0 0 -1
    outer loop
      vertex -15.9724 17.165 -1.90735e-07
      vertex -16.7255 16.0187 -1.90735e-07
      vertex -16.018 17.244 -1.90735e-07
    endloop
  endfacet
  facet normal 0 0 -1
    outer loop
      vertex -16.962 10.7651 -1.90735e-07
      vertex -16.7255 16.0187 -1.90735e-07
      vertex -16.5957 10.9929 -1.90735e-07
    endloop
  endfacet
  facet normal 0 0 -1
    outer loop
      vertex -17.2767 10.4703 -1.90735e-07
      vertex -16.7255 16.0187 -1.90735e-07
      vertex -16.962 10.7651 -1.90735e-07
    endloop
  endfacet
  facet normal 0 0 -1
    outer loop
      vertex -17.5279 10.1198 -1.90735e-07
      vertex -16.7255 16.0187 -1.90735e-07
      vertex -17.2767 10.4703 -1.90735e-07
    endloop
  endfacet
  facet normal 0 0 -1
    outer loop
      vertex -22.9428 5.25 -1.90735e-07
      vertex -17.5279 10.1198 -1.90735e-07
      vertex -17.7059 9.72693 -1.90735e-07
    endloop
  endfacet
  facet normal 0 0 -1
    outer loop
      vertex -22.9428 5.25 -1.90735e-07
      vertex -17.7059 9.72693 -1.90735e-07
      vertex -17.8039 9.30692 -1.90735e-07
    endloop
  endfacet
  facet normal 0 0 -1
    outer loop
      vertex -22.9428 5.25 -1.90735e-07
      vertex -17.7477 8.45036 -1.90735e-07
      vertex -18.5 5.25 -1.90735e-07
    endloop
  endfacet
  facet normal -0 0 -1
    outer loop
      vertex -17.7477 8.45036 -1.90735e-07
      vertex -22.9428 5.25 -1.90735e-07
      vertex -17.818 8.87587 -1.90735e-07
    endloop
  endfacet
  facet normal -0 0 -1
    outer loop
      vertex -17.818 8.87587 -1.90735e-07
      vertex -22.9428 5.25 -1.90735e-07
      vertex -17.8039 9.30692 -1.90735e-07
    endloop
  endfacet
  facet normal -0 0 -1
    outer loop
      vertex -17.5279 10.1198 -1.90735e-07
      vertex -22.9428 5.25 -1.90735e-07
      vertex -16.7255 16.0187 -1.90735e-07
    endloop
  endfacet
  facet normal 0 0 -1
    outer loop
      vertex 2.03253 -17.1976 -1.90735e-07
      vertex 4.70337 -18.6465 -1.90735e-07
      vertex 2.15773 -17.6103 -1.90735e-07
    endloop
  endfacet
  facet normal 0 0 -1
    outer loop
      vertex 1.82923 -16.8173 -1.90735e-07
      vertex 3.30089 -13.1779 -1.90735e-07
      vertex 2.03253 -17.1976 -1.90735e-07
    endloop
  endfacet
  facet normal 0 0 -1
    outer loop
      vertex 3.30089 -13.1779 -1.90735e-07
      vertex 1.82923 -16.8173 -1.90735e-07
      vertex 2.6503 -13.324 -1.90735e-07
    endloop
  endfacet
  facet normal 0 0 -1
    outer loop
      vertex 1.55563 -16.4839 -1.90735e-07
      vertex 2.6503 -13.324 -1.90735e-07
      vertex 1.82923 -16.8173 -1.90735e-07
    endloop
  endfacet
  facet normal 0 0 -1
    outer loop
      vertex 2.6503 -13.324 -1.90735e-07
      vertex 1.55563 -16.4839 -1.90735e-07
      vertex 1.99333 -13.438 -1.90735e-07
    endloop
  endfacet
  facet normal 0 0 -1
    outer loop
      vertex 1.22225 -16.2103 -1.90735e-07
      vertex 1.99333 -13.438 -1.90735e-07
      vertex 1.55563 -16.4839 -1.90735e-07
    endloop
  endfacet
  facet normal 0 0 -1
    outer loop
      vertex 1.99333 -13.438 -1.90735e-07
      vertex 1.22225 -16.2103 -1.90735e-07
      vertex 1.33156 -13.5196 -1.90735e-07
    endloop
  endfacet
  facet normal 0 0 -1
    outer loop
      vertex 0.841903 -16.007 -1.90735e-07
      vertex 1.33156 -13.5196 -1.90735e-07
      vertex 1.22225 -16.2103 -1.90735e-07
    endloop
  endfacet
  facet normal 0 0 -1
    outer loop
      vertex 0.841903 -16.007 -1.90735e-07
      vertex 0.666584 -13.5686 -1.90735e-07
      vertex 1.33156 -13.5196 -1.90735e-07
    endloop
  endfacet
  facet normal 0 0 -1
    outer loop
      vertex 0.429198 -15.8818 -1.90735e-07
      vertex 0.666584 -13.5686 -1.90735e-07
      vertex 0.841903 -16.007 -1.90735e-07
    endloop
  endfacet
  facet normal 0 0 -1
    outer loop
      vertex 0 -13.585 -1.90735e-07
      vertex 0.429198 -15.8818 -1.90735e-07
      vertex 0 -15.8395 -1.90735e-07
    endloop
  endfacet
  facet normal 0 0 -1
    outer loop
      vertex 0.429198 -15.8818 -1.90735e-07
      vertex 0 -13.585 -1.90735e-07
      vertex 0.666584 -13.5686 -1.90735e-07
    endloop
  endfacet
  facet normal 0 0 -1
    outer loop
      vertex -0.429198 -15.8818 -1.90735e-07
      vertex 0 -13.585 -1.90735e-07
      vertex 0 -15.8395 -1.90735e-07
    endloop
  endfacet
  facet normal 0 0 -1
    outer loop
      vertex -0.429198 -15.8818 -1.90735e-07
      vertex -0.666584 -13.5686 -1.90735e-07
      vertex 0 -13.585 -1.90735e-07
    endloop
  endfacet
  facet normal 0 0 -1
    outer loop
      vertex -0.841903 -16.007 -1.90735e-07
      vertex -0.666584 -13.5686 -1.90735e-07
      vertex -0.429198 -15.8818 -1.90735e-07
    endloop
  endfacet
  facet normal 0 0 -1
    outer loop
      vertex -1.33156 -13.5196 -1.90735e-07
      vertex -0.841903 -16.007 -1.90735e-07
      vertex -1.22225 -16.2103 -1.90735e-07
    endloop
  endfacet
  facet normal 0 0 -1
    outer loop
      vertex -0.841903 -16.007 -1.90735e-07
      vertex -1.33156 -13.5196 -1.90735e-07
      vertex -0.666584 -13.5686 -1.90735e-07
    endloop
  endfacet
  facet normal 0 0 -1
    outer loop
      vertex -1.99333 -13.438 -1.90735e-07
      vertex -1.22225 -16.2103 -1.90735e-07
      vertex -1.55563 -16.4839 -1.90735e-07
    endloop
  endfacet
  facet normal 0 0 -1
    outer loop
      vertex -2.6503 -13.324 -1.90735e-07
      vertex -1.55563 -16.4839 -1.90735e-07
      vertex -1.82923 -16.8173 -1.90735e-07
    endloop
  endfacet
  facet normal 0 0 -1
    outer loop
      vertex -1.22225 -16.2103 -1.90735e-07
      vertex -1.99333 -13.438 -1.90735e-07
      vertex -1.33156 -13.5196 -1.90735e-07
    endloop
  endfacet
  facet normal 0 0 -1
    outer loop
      vertex -3.30089 -13.1779 -1.90735e-07
      vertex -1.82923 -16.8173 -1.90735e-07
      vertex -2.03253 -17.1976 -1.90735e-07
    endloop
  endfacet
  facet normal 0 0 -1
    outer loop
      vertex -3.30089 -13.1779 -1.90735e-07
      vertex -2.03253 -17.1976 -1.90735e-07
      vertex -2.15773 -17.6103 -1.90735e-07
    endloop
  endfacet
  facet normal 0 0 -1
    outer loop
      vertex -4.70337 -18.6465 -1.90735e-07
      vertex -2.15773 -17.6103 -1.90735e-07
      vertex -2.2 -18.0395 -1.90735e-07
    endloop
  endfacet
  facet normal 0 0 -1
    outer loop
      vertex -1.55563 -16.4839 -1.90735e-07
      vertex -2.6503 -13.324 -1.90735e-07
      vertex -1.99333 -13.438 -1.90735e-07
    endloop
  endfacet
  facet normal 0 0 -1
    outer loop
      vertex -4.70337 -18.6465 -1.90735e-07
      vertex -5.19875 -12.5509 -1.90735e-07
      vertex -4.57665 -12.7909 -1.90735e-07
    endloop
  endfacet
  facet normal 0 0 -1
    outer loop
      vertex -4.70337 -18.6465 -1.90735e-07
      vertex -5.80834 -12.2807 -1.90735e-07
      vertex -5.19875 -12.5509 -1.90735e-07
    endloop
  endfacet
  facet normal 0 0 -1
    outer loop
      vertex -4.70337 -18.6465 -1.90735e-07
      vertex -6.40392 -11.9809 -1.90735e-07
      vertex -5.80834 -12.2807 -1.90735e-07
    endloop
  endfacet
  facet normal 0 0 -1
    outer loop
      vertex -4.70337 -18.6465 -1.90735e-07
      vertex -6.98409 -11.6522 -1.90735e-07
      vertex -6.40392 -11.9809 -1.90735e-07
    endloop
  endfacet
  facet normal 0 0 -1
    outer loop
      vertex -13.7966 -13.3965 -1.90735e-07
      vertex -6.98409 -11.6522 -1.90735e-07
      vertex -4.70337 -18.6465 -1.90735e-07
    endloop
  endfacet
  facet normal -0 0 -1
    outer loop
      vertex -6.98409 -11.6522 -1.90735e-07
      vertex -13.7966 -13.3965 -1.90735e-07
      vertex -7.54742 -11.2955 -1.90735e-07
    endloop
  endfacet
  facet normal -0 0 -1
    outer loop
      vertex -7.54742 -11.2955 -1.90735e-07
      vertex -13.7966 -13.3965 -1.90735e-07
      vertex -8.09257 -10.9116 -1.90735e-07
    endloop
  endfacet
  facet normal -0 0 -1
    outer loop
      vertex -8.09257 -10.9116 -1.90735e-07
      vertex -13.7966 -13.3965 -1.90735e-07
      vertex -8.61823 -10.5013 -1.90735e-07
    endloop
  endfacet
  facet normal -0 0 -1
    outer loop
      vertex -8.61823 -10.5013 -1.90735e-07
      vertex -13.7966 -13.3965 -1.90735e-07
      vertex -9.12313 -10.0658 -1.90735e-07
    endloop
  endfacet
  facet normal -0 0 -1
    outer loop
      vertex -9.12313 -10.0658 -1.90735e-07
      vertex -13.7966 -13.3965 -1.90735e-07
      vertex -9.60604 -9.60604 -1.90735e-07
    endloop
  endfacet
  facet normal -0 0 -1
    outer loop
      vertex -9.60604 -9.60604 -1.90735e-07
      vertex -13.7966 -13.3965 -1.90735e-07
      vertex -10.0658 -9.12313 -1.90735e-07
    endloop
  endfacet
  facet normal -0 0 -1
    outer loop
      vertex -10.0658 -9.12313 -1.90735e-07
      vertex -13.7966 -13.3965 -1.90735e-07
      vertex -10.5013 -8.61823 -1.90735e-07
    endloop
  endfacet
  facet normal -0 0 -1
    outer loop
      vertex -10.5013 -8.61823 -1.90735e-07
      vertex -13.7966 -13.3965 -1.90735e-07
      vertex -10.9116 -8.09257 -1.90735e-07
    endloop
  endfacet
  facet normal -0 0 -1
    outer loop
      vertex -10.9116 -8.09257 -1.90735e-07
      vertex -13.7966 -13.3965 -1.90735e-07
      vertex -11.2955 -7.54742 -1.90735e-07
    endloop
  endfacet
  facet normal -0 0 -1
    outer loop
      vertex -11.2955 -7.54742 -1.90735e-07
      vertex -13.7966 -13.3965 -1.90735e-07
      vertex -11.6522 -6.98409 -1.90735e-07
    endloop
  endfacet
  facet normal 0 0 -1
    outer loop
      vertex -18.5 -5.25 -1.90735e-07
      vertex -11.6522 -6.98409 -1.90735e-07
      vertex -13.7966 -13.3965 -1.90735e-07
    endloop
  endfacet
  facet normal 0 0 -1
    outer loop
      vertex -11.6522 -6.98409 -1.90735e-07
      vertex -18.5 -5.25 -1.90735e-07
      vertex -11.9809 -6.40392 -1.90735e-07
    endloop
  endfacet
  facet normal 0 0 -1
    outer loop
      vertex -11.9809 -6.40392 -1.90735e-07
      vertex -18.5 -5.25 -1.90735e-07
      vertex -12.2807 -5.80834 -1.90735e-07
    endloop
  endfacet
  facet normal 0 0 -1
    outer loop
      vertex -12.2807 -5.80834 -1.90735e-07
      vertex -18.5 -5.25 -1.90735e-07
      vertex -12.5509 -5.19875 -1.90735e-07
    endloop
  endfacet
  facet normal -0 0 -1
    outer loop
      vertex -12.5509 -5.19875 -1.90735e-07
      vertex -18.5 -5.25 -1.90735e-07
      vertex -12.7909 -4.57665 -1.90735e-07
    endloop
  endfacet
  facet normal -0 0 -1
    outer loop
      vertex -12.7909 -4.57665 -1.90735e-07
      vertex -18.5 -5.25 -1.90735e-07
      vertex -13 -3.94352 -1.90735e-07
    endloop
  endfacet
  facet normal -0 0 -1
    outer loop
      vertex -13 -3.94352 -1.90735e-07
      vertex -18.5 -5.25 -1.90735e-07
      vertex -13.1779 -3.30089 -1.90735e-07
    endloop
  endfacet
  facet normal -0 0 -1
    outer loop
      vertex -13.1779 -3.30089 -1.90735e-07
      vertex -18.5 -5.25 -1.90735e-07
      vertex -13.324 -2.6503 -1.90735e-07
    endloop
  endfacet
  facet normal -0 0 -1
    outer loop
      vertex -13.324 -2.6503 -1.90735e-07
      vertex -18.5 -5.25 -1.90735e-07
      vertex -13.438 -1.99333 -1.90735e-07
    endloop
  endfacet
  facet normal -0 0 -1
    outer loop
      vertex -13.438 -1.99333 -1.90735e-07
      vertex -18.5 -5.25 -1.90735e-07
      vertex -13.5196 -1.33156 -1.90735e-07
    endloop
  endfacet
  facet normal -0 0 -1
    outer loop
      vertex -13.5196 -1.33156 -1.90735e-07
      vertex -18.5 -5.25 -1.90735e-07
      vertex -13.5686 -0.666584 -1.90735e-07
    endloop
  endfacet
  facet normal -0 0 -1
    outer loop
      vertex -13.5686 -0.666584 -1.90735e-07
      vertex -18.5 -5.25 -1.90735e-07
      vertex -13.585 0 -1.90735e-07
    endloop
  endfacet
  facet normal 0 0 -1
    outer loop
      vertex -13.324 2.6503 -1.90735e-07
      vertex -13.9686 7.5692 -1.90735e-07
      vertex -13.7174 7.91976 -1.90735e-07
    endloop
  endfacet
  facet normal 0 0 -1
    outer loop
      vertex -13.324 2.6503 -1.90735e-07
      vertex -14.2834 7.27438 -1.90735e-07
      vertex -13.9686 7.5692 -1.90735e-07
    endloop
  endfacet
  facet normal 0 0 -1
    outer loop
      vertex -18.5 5.25 -1.90735e-07
      vertex -13.585 0 -1.90735e-07
      vertex -18.5 -5.25 -1.90735e-07
    endloop
  endfacet
  facet normal 0 0 -1
    outer loop
      vertex -13.324 2.6503 -1.90735e-07
      vertex -14.6496 7.04664 -1.90735e-07
      vertex -14.2834 7.27438 -1.90735e-07
    endloop
  endfacet
  facet normal 0 0 -1
    outer loop
      vertex -22.2353 -6.47534 -1.90735e-07
      vertex -13.7966 -13.3965 -1.90735e-07
      vertex -15.2869 -15.9777 -1.90735e-07
    endloop
  endfacet
  facet normal 0 0 -1
    outer loop
      vertex -13.324 2.6503 -1.90735e-07
      vertex -15.0533 6.89472 -1.90735e-07
      vertex -14.6496 7.04664 -1.90735e-07
    endloop
  endfacet
  facet normal 0 0 -1
    outer loop
      vertex -22.2353 -6.47534 -1.90735e-07
      vertex -15.2869 -15.9777 -1.90735e-07
      vertex -15.6442 -16.5966 -1.90735e-07
    endloop
  endfacet
  facet normal 0 0 -1
    outer loop
      vertex -13.324 2.6503 -1.90735e-07
      vertex -15.4788 6.82447 -1.90735e-07
      vertex -15.0533 6.89472 -1.90735e-07
    endloop
  endfacet
  facet normal 0 0 -1
    outer loop
      vertex -22.2353 -6.47534 -1.90735e-07
      vertex -15.6442 -16.5966 -1.90735e-07
      vertex -15.9724 -17.165 -1.90735e-07
    endloop
  endfacet
  facet normal 0 0 -1
    outer loop
      vertex -22.2353 -6.47534 -1.90735e-07
      vertex -15.9724 -17.165 -1.90735e-07
      vertex -16.018 -17.244 -1.90735e-07
    endloop
  endfacet
  facet normal 0 0 -1
    outer loop
      vertex -13.324 2.6503 -1.90735e-07
      vertex -18.5 5.25 -1.90735e-07
      vertex -15.9098 6.83858 -1.90735e-07
    endloop
  endfacet
  facet normal 0 0 -1
    outer loop
      vertex -13.324 2.6503 -1.90735e-07
      vertex -15.9098 6.83858 -1.90735e-07
      vertex -15.4788 6.82447 -1.90735e-07
    endloop
  endfacet
  facet normal -0 0 -1
    outer loop
      vertex -15.9098 6.83858 -1.90735e-07
      vertex -18.5 5.25 -1.90735e-07
      vertex -16.3298 6.93651 -1.90735e-07
    endloop
  endfacet
  facet normal -0 0 -1
    outer loop
      vertex -16.3298 6.93651 -1.90735e-07
      vertex -18.5 5.25 -1.90735e-07
      vertex -16.7227 7.1145 -1.90735e-07
    endloop
  endfacet
  facet normal -0 0 -1
    outer loop
      vertex -16.7227 7.1145 -1.90735e-07
      vertex -18.5 5.25 -1.90735e-07
      vertex -17.0732 7.36571 -1.90735e-07
    endloop
  endfacet
  facet normal -0 0 -1
    outer loop
      vertex -17.0732 7.36571 -1.90735e-07
      vertex -18.5 5.25 -1.90735e-07
      vertex -17.3681 7.68048 -1.90735e-07
    endloop
  endfacet
  facet normal -0 0 -1
    outer loop
      vertex -17.3681 7.68048 -1.90735e-07
      vertex -18.5 5.25 -1.90735e-07
      vertex -17.5958 8.04672 -1.90735e-07
    endloop
  endfacet
  facet normal -0 0 -1
    outer loop
      vertex -17.5958 8.04672 -1.90735e-07
      vertex -18.5 5.25 -1.90735e-07
      vertex -17.7477 8.45036 -1.90735e-07
    endloop
  endfacet
  facet normal 0 0 -1
    outer loop
      vertex -13.7966 -13.3965 -1.90735e-07
      vertex -22.2353 -6.47534 -1.90735e-07
      vertex -18.5 -5.25 -1.90735e-07
    endloop
  endfacet
  facet normal -0 0 -1
    outer loop
      vertex -18.5 -5.25 -1.90735e-07
      vertex -22.2353 -6.47534 -1.90735e-07
      vertex -22.9428 -5.25 -1.90735e-07
    endloop
  endfacet
  facet normal 0 0 -1
    outer loop
      vertex 13.585 0 -1.90735e-07
      vertex 18.5 5.25 -1.90735e-07
      vertex 18.5 -5.25 -1.90735e-07
    endloop
  endfacet
  facet normal 0 0 -1
    outer loop
      vertex 18.5 5.25 -1.90735e-07
      vertex 17.7477 8.45036 -1.90735e-07
      vertex 17.818 8.87587 -1.90735e-07
    endloop
  endfacet
  facet normal 0 0 -1
    outer loop
      vertex 18.5 5.25 -1.90735e-07
      vertex 17.5958 8.04672 -1.90735e-07
      vertex 17.7477 8.45036 -1.90735e-07
    endloop
  endfacet
  facet normal 0 0 -1
    outer loop
      vertex 18.5 5.25 -1.90735e-07
      vertex 17.3681 7.68048 -1.90735e-07
      vertex 17.5958 8.04672 -1.90735e-07
    endloop
  endfacet
  facet normal 0 0 -1
    outer loop
      vertex 18.5 5.25 -1.90735e-07
      vertex 17.0732 7.36571 -1.90735e-07
      vertex 17.3681 7.68048 -1.90735e-07
    endloop
  endfacet
  facet normal 0 0 -1
    outer loop
      vertex 16.7255 -16.0187 -1.90735e-07
      vertex 18.5 -5.25 -1.90735e-07
      vertex 22.9428 -5.25 -1.90735e-07
    endloop
  endfacet
  facet normal 0 0 -1
    outer loop
      vertex 13.7966 -13.3965 -1.90735e-07
      vertex 18.5 -5.25 -1.90735e-07
      vertex 16.7255 -16.0187 -1.90735e-07
    endloop
  endfacet
  facet normal 0 -0 -1
    outer loop
      vertex 13.5196 -1.33156 -1.90735e-07
      vertex 18.5 -5.25 -1.90735e-07
      vertex 13.438 -1.99333 -1.90735e-07
    endloop
  endfacet
  facet normal 0 -0 -1
    outer loop
      vertex 13.5686 -0.666584 -1.90735e-07
      vertex 18.5 -5.25 -1.90735e-07
      vertex 13.5196 -1.33156 -1.90735e-07
    endloop
  endfacet
  facet normal 0 0 -1
    outer loop
      vertex 15.9724 -17.165 -1.90735e-07
      vertex 16.7255 -16.0187 -1.90735e-07
      vertex 16.018 -17.244 -1.90735e-07
    endloop
  endfacet
  facet normal 0 0 -1
    outer loop
      vertex 15.6442 -16.5966 -1.90735e-07
      vertex 16.7255 -16.0187 -1.90735e-07
      vertex 15.9724 -17.165 -1.90735e-07
    endloop
  endfacet
  facet normal 0 -0 -1
    outer loop
      vertex 13.585 0 -1.90735e-07
      vertex 18.5 -5.25 -1.90735e-07
      vertex 13.5686 -0.666584 -1.90735e-07
    endloop
  endfacet
  facet normal 0 0 -1
    outer loop
      vertex 15.2869 -15.9777 -1.90735e-07
      vertex 16.7255 -16.0187 -1.90735e-07
      vertex 15.6442 -16.5966 -1.90735e-07
    endloop
  endfacet
  facet normal 0 0 -1
    outer loop
      vertex 13.5196 1.33156 -1.90735e-07
      vertex 18.5 5.25 -1.90735e-07
      vertex 13.5686 0.666584 -1.90735e-07
    endloop
  endfacet
  facet normal 0 0 -1
    outer loop
      vertex 13.7966 -13.3965 -1.90735e-07
      vertex 16.7255 -16.0187 -1.90735e-07
      vertex 15.2869 -15.9777 -1.90735e-07
    endloop
  endfacet
  facet normal 0 0 -1
    outer loop
      vertex 18.5 5.25 -1.90735e-07
      vertex 16.7227 7.1145 -1.90735e-07
      vertex 17.0732 7.36571 -1.90735e-07
    endloop
  endfacet
  facet normal 0 0 -1
    outer loop
      vertex 13.438 1.99333 -1.90735e-07
      vertex 18.5 5.25 -1.90735e-07
      vertex 13.5196 1.33156 -1.90735e-07
    endloop
  endfacet
  facet normal 0 0 -1
    outer loop
      vertex 13.324 2.6503 -1.90735e-07
      vertex 18.5 5.25 -1.90735e-07
      vertex 13.438 1.99333 -1.90735e-07
    endloop
  endfacet
  facet normal 0 0 -1
    outer loop
      vertex 18.5 5.25 -1.90735e-07
      vertex 15.9098 6.83858 -1.90735e-07
      vertex 16.3298 6.93651 -1.90735e-07
    endloop
  endfacet
  facet normal 0 0 -1
    outer loop
      vertex 11.6522 -6.98409 -1.90735e-07
      vertex 18.5 -5.25 -1.90735e-07
      vertex 13.7966 -13.3965 -1.90735e-07
    endloop
  endfacet
  facet normal -0 0 -1
    outer loop
      vertex 18.5 5.25 -1.90735e-07
      vertex 13.1779 3.30089 -1.90735e-07
      vertex 15.9098 6.83858 -1.90735e-07
    endloop
  endfacet
  facet normal 0 0 -1
    outer loop
      vertex 15.9098 6.83858 -1.90735e-07
      vertex 13.1779 3.30089 -1.90735e-07
      vertex 15.4788 6.82447 -1.90735e-07
    endloop
  endfacet
  facet normal 0 0 -1
    outer loop
      vertex 13.1779 3.30089 -1.90735e-07
      vertex 18.5 5.25 -1.90735e-07
      vertex 13.324 2.6503 -1.90735e-07
    endloop
  endfacet
  facet normal 0 0 -1
    outer loop
      vertex 18.5 5.25 -1.90735e-07
      vertex 16.3298 6.93651 -1.90735e-07
      vertex 16.7227 7.1145 -1.90735e-07
    endloop
  endfacet
  facet normal 0 0 -1
    outer loop
      vertex 18.5 5.25 -1.90735e-07
      vertex 13.585 0 -1.90735e-07
      vertex 13.5686 0.666584 -1.90735e-07
    endloop
  endfacet
  facet normal 0 0 -1
    outer loop
      vertex 18.5 -5.25 -1.90735e-07
      vertex 13.324 -2.6503 -1.90735e-07
      vertex 13.438 -1.99333 -1.90735e-07
    endloop
  endfacet
  facet normal 0 0 -1
    outer loop
      vertex 18.5 -5.25 -1.90735e-07
      vertex 13.1779 -3.30089 -1.90735e-07
      vertex 13.324 -2.6503 -1.90735e-07
    endloop
  endfacet
  facet normal 0 0 -1
    outer loop
      vertex 18.5 -5.25 -1.90735e-07
      vertex 13 -3.94352 -1.90735e-07
      vertex 13.1779 -3.30089 -1.90735e-07
    endloop
  endfacet
  facet normal 0 0 -1
    outer loop
      vertex 18.5 -5.25 -1.90735e-07
      vertex 12.7909 -4.57665 -1.90735e-07
      vertex 13 -3.94352 -1.90735e-07
    endloop
  endfacet
  facet normal 0 0 -1
    outer loop
      vertex 18.5 -5.25 -1.90735e-07
      vertex 12.5509 -5.19875 -1.90735e-07
      vertex 12.7909 -4.57665 -1.90735e-07
    endloop
  endfacet
  facet normal -0 0 -1
    outer loop
      vertex 18.5 -5.25 -1.90735e-07
      vertex 12.2807 -5.80834 -1.90735e-07
      vertex 12.5509 -5.19875 -1.90735e-07
    endloop
  endfacet
  facet normal 0 0 -1
    outer loop
      vertex 18.5 -5.25 -1.90735e-07
      vertex 11.9809 -6.40392 -1.90735e-07
      vertex 12.2807 -5.80834 -1.90735e-07
    endloop
  endfacet
  facet normal 0 0 -1
    outer loop
      vertex 18.5 -5.25 -1.90735e-07
      vertex 11.6522 -6.98409 -1.90735e-07
      vertex 11.9809 -6.40392 -1.90735e-07
    endloop
  endfacet
  facet normal 0 0 -1
    outer loop
      vertex 13.7966 -13.3965 -1.90735e-07
      vertex 11.2955 -7.54742 -1.90735e-07
      vertex 11.6522 -6.98409 -1.90735e-07
    endloop
  endfacet
  facet normal 0 0 -1
    outer loop
      vertex 13.7966 -13.3965 -1.90735e-07
      vertex 10.9116 -8.09257 -1.90735e-07
      vertex 11.2955 -7.54742 -1.90735e-07
    endloop
  endfacet
  facet normal 0 0 -1
    outer loop
      vertex 13.7966 -13.3965 -1.90735e-07
      vertex 10.5013 -8.61823 -1.90735e-07
      vertex 10.9116 -8.09257 -1.90735e-07
    endloop
  endfacet
  facet normal 0 0 -1
    outer loop
      vertex 13.7966 -13.3965 -1.90735e-07
      vertex 10.0658 -9.12313 -1.90735e-07
      vertex 10.5013 -8.61823 -1.90735e-07
    endloop
  endfacet
  facet normal 0 0 -1
    outer loop
      vertex 13.7966 -13.3965 -1.90735e-07
      vertex 9.60604 -9.60604 -1.90735e-07
      vertex 10.0658 -9.12313 -1.90735e-07
    endloop
  endfacet
  facet normal 0 0 -1
    outer loop
      vertex 13.7966 -13.3965 -1.90735e-07
      vertex 9.12313 -10.0658 -1.90735e-07
      vertex 9.60604 -9.60604 -1.90735e-07
    endloop
  endfacet
  facet normal 0 0 -1
    outer loop
      vertex 13.7966 -13.3965 -1.90735e-07
      vertex 8.61823 -10.5013 -1.90735e-07
      vertex 9.12313 -10.0658 -1.90735e-07
    endloop
  endfacet
  facet normal 0 0 -1
    outer loop
      vertex 13.7966 -13.3965 -1.90735e-07
      vertex 8.09257 -10.9116 -1.90735e-07
      vertex 8.61823 -10.5013 -1.90735e-07
    endloop
  endfacet
  facet normal 0 0 -1
    outer loop
      vertex 13.7966 -13.3965 -1.90735e-07
      vertex 7.54742 -11.2955 -1.90735e-07
      vertex 8.09257 -10.9116 -1.90735e-07
    endloop
  endfacet
  facet normal 0 0 -1
    outer loop
      vertex 13.7966 -13.3965 -1.90735e-07
      vertex 6.98409 -11.6522 -1.90735e-07
      vertex 7.54742 -11.2955 -1.90735e-07
    endloop
  endfacet
  facet normal 0 0 -1
    outer loop
      vertex 4.70337 -18.6465 -1.90735e-07
      vertex 6.98409 -11.6522 -1.90735e-07
      vertex 13.7966 -13.3965 -1.90735e-07
    endloop
  endfacet
  facet normal 0 0 -1
    outer loop
      vertex 6.98409 -11.6522 -1.90735e-07
      vertex 4.70337 -18.6465 -1.90735e-07
      vertex 6.40392 -11.9809 -1.90735e-07
    endloop
  endfacet
  facet normal 0 0 -1
    outer loop
      vertex 6.40392 -11.9809 -1.90735e-07
      vertex 4.70337 -18.6465 -1.90735e-07
      vertex 5.80834 -12.2807 -1.90735e-07
    endloop
  endfacet
  facet normal 0 0 -1
    outer loop
      vertex 5.80834 -12.2807 -1.90735e-07
      vertex 4.70337 -18.6465 -1.90735e-07
      vertex 5.19875 -12.5509 -1.90735e-07
    endloop
  endfacet
  facet normal 0 0 -1
    outer loop
      vertex 5.19875 -12.5509 -1.90735e-07
      vertex 4.70337 -18.6465 -1.90735e-07
      vertex 4.57665 -12.7909 -1.90735e-07
    endloop
  endfacet
  facet normal 0 0 -1
    outer loop
      vertex 18.5 5.25 -1.90735e-07
      vertex 22.2353 6.47534 -1.90735e-07
      vertex 22.9428 5.25 -1.90735e-07
    endloop
  endfacet
  facet normal 0 0 -1
    outer loop
      vertex 17.818 8.87587 -1.90735e-07
      vertex 22.2353 6.47534 -1.90735e-07
      vertex 18.5 5.25 -1.90735e-07
    endloop
  endfacet
  facet normal 0 0 -1
    outer loop
      vertex 17.8039 9.30692 -1.90735e-07
      vertex 22.2353 6.47534 -1.90735e-07
      vertex 17.818 8.87587 -1.90735e-07
    endloop
  endfacet
  facet normal 0 0 -1
    outer loop
      vertex 17.7059 9.72693 -1.90735e-07
      vertex 22.2353 6.47534 -1.90735e-07
      vertex 17.8039 9.30692 -1.90735e-07
    endloop
  endfacet
  facet normal 0 0 -1
    outer loop
      vertex 17.5279 10.1198 -1.90735e-07
      vertex 22.2353 6.47534 -1.90735e-07
      vertex 17.7059 9.72693 -1.90735e-07
    endloop
  endfacet
  facet normal 0 0 -1
    outer loop
      vertex 16.018 17.244 -1.90735e-07
      vertex 17.5279 10.1198 -1.90735e-07
      vertex 17.2767 10.4703 -1.90735e-07
    endloop
  endfacet
  facet normal 0 0 -1
    outer loop
      vertex 16.018 17.244 -1.90735e-07
      vertex 17.2767 10.4703 -1.90735e-07
      vertex 16.962 10.7651 -1.90735e-07
    endloop
  endfacet
  facet normal 0 0 -1
    outer loop
      vertex 17.5279 10.1198 -1.90735e-07
      vertex 16.018 17.244 -1.90735e-07
      vertex 22.2353 6.47534 -1.90735e-07
    endloop
  endfacet
  facet normal 0 0 -1
    outer loop
      vertex 15.2869 15.9777 -1.90735e-07
      vertex 16.962 10.7651 -1.90735e-07
      vertex 16.5957 10.9929 -1.90735e-07
    endloop
  endfacet
  facet normal 0 0 -1
    outer loop
      vertex 15.2869 15.9777 -1.90735e-07
      vertex 16.5957 10.9929 -1.90735e-07
      vertex 16.1921 11.1448 -1.90735e-07
    endloop
  endfacet
  facet normal 0 0 -1
    outer loop
      vertex 16.962 10.7651 -1.90735e-07
      vertex 15.9724 17.165 -1.90735e-07
      vertex 16.018 17.244 -1.90735e-07
    endloop
  endfacet
  facet normal 0 0 -1
    outer loop
      vertex 15.2869 15.9777 -1.90735e-07
      vertex 16.1921 11.1448 -1.90735e-07
      vertex 15.7666 11.215 -1.90735e-07
    endloop
  endfacet
  facet normal 0 0 -1
    outer loop
      vertex 16.962 10.7651 -1.90735e-07
      vertex 15.6442 16.5966 -1.90735e-07
      vertex 15.9724 17.165 -1.90735e-07
    endloop
  endfacet
  facet normal 0 0 -1
    outer loop
      vertex 13.7966 13.3965 -1.90735e-07
      vertex 15.7666 11.215 -1.90735e-07
      vertex 15.3355 11.2009 -1.90735e-07
    endloop
  endfacet
  facet normal 0 0 -1
    outer loop
      vertex 16.962 10.7651 -1.90735e-07
      vertex 15.2869 15.9777 -1.90735e-07
      vertex 15.6442 16.5966 -1.90735e-07
    endloop
  endfacet
  facet normal 0 0 -1
    outer loop
      vertex 13.7966 13.3965 -1.90735e-07
      vertex 15.3355 11.2009 -1.90735e-07
      vertex 14.9155 11.103 -1.90735e-07
    endloop
  endfacet
  facet normal 0 0 -1
    outer loop
      vertex 13.7966 13.3965 -1.90735e-07
      vertex 14.9155 11.103 -1.90735e-07
      vertex 14.5227 10.925 -1.90735e-07
    endloop
  endfacet
  facet normal 0 0 -1
    outer loop
      vertex 13.7966 13.3965 -1.90735e-07
      vertex 14.5227 10.925 -1.90735e-07
      vertex 14.1721 10.6738 -1.90735e-07
    endloop
  endfacet
  facet normal 0 0 -1
    outer loop
      vertex 13.7966 13.3965 -1.90735e-07
      vertex 14.1721 10.6738 -1.90735e-07
      vertex 13.8773 10.359 -1.90735e-07
    endloop
  endfacet
  facet normal 0 0 -1
    outer loop
      vertex 15.7666 11.215 -1.90735e-07
      vertex 13.7966 13.3965 -1.90735e-07
      vertex 15.2869 15.9777 -1.90735e-07
    endloop
  endfacet
  facet normal 0 0 -1
    outer loop
      vertex 9.60604 9.60604 -1.90735e-07
      vertex 13.8773 10.359 -1.90735e-07
      vertex 13.6496 9.99279 -1.90735e-07
    endloop
  endfacet
  facet normal 0 0 -1
    outer loop
      vertex 10.0658 9.12313 -1.90735e-07
      vertex 13.6496 9.99279 -1.90735e-07
      vertex 13.4976 9.58916 -1.90735e-07
    endloop
  endfacet
  facet normal 0 0 -1
    outer loop
      vertex 10.5013 8.61823 -1.90735e-07
      vertex 13.4976 9.58916 -1.90735e-07
      vertex 13.4274 9.16365 -1.90735e-07
    endloop
  endfacet
  facet normal -0 0 -1
    outer loop
      vertex 14.2834 7.27438 -1.90735e-07
      vertex 12.2807 5.80834 -1.90735e-07
      vertex 13.9686 7.5692 -1.90735e-07
    endloop
  endfacet
  facet normal 0 0 -1
    outer loop
      vertex 11.9809 6.40392 -1.90735e-07
      vertex 13.9686 7.5692 -1.90735e-07
      vertex 12.2807 5.80834 -1.90735e-07
    endloop
  endfacet
  facet normal -0 0 -1
    outer loop
      vertex 13.9686 7.5692 -1.90735e-07
      vertex 11.9809 6.40392 -1.90735e-07
      vertex 13.7174 7.91976 -1.90735e-07
    endloop
  endfacet
  facet normal 0 0 -1
    outer loop
      vertex 11.6522 6.98409 -1.90735e-07
      vertex 13.7174 7.91976 -1.90735e-07
      vertex 11.9809 6.40392 -1.90735e-07
    endloop
  endfacet
  facet normal -0 0 -1
    outer loop
      vertex 13.7174 7.91976 -1.90735e-07
      vertex 11.6522 6.98409 -1.90735e-07
      vertex 13.5394 8.31259 -1.90735e-07
    endloop
  endfacet
  facet normal 0 0 -1
    outer loop
      vertex 11.2955 7.54742 -1.90735e-07
      vertex 13.5394 8.31259 -1.90735e-07
      vertex 11.6522 6.98409 -1.90735e-07
    endloop
  endfacet
  facet normal -0 0 -1
    outer loop
      vertex 13.5394 8.31259 -1.90735e-07
      vertex 11.2955 7.54742 -1.90735e-07
      vertex 13.4415 8.7326 -1.90735e-07
    endloop
  endfacet
  facet normal 0 0 -1
    outer loop
      vertex 10.9116 8.09257 -1.90735e-07
      vertex 13.4415 8.7326 -1.90735e-07
      vertex 11.2955 7.54742 -1.90735e-07
    endloop
  endfacet
  facet normal -0 0 -1
    outer loop
      vertex 13.4415 8.7326 -1.90735e-07
      vertex 10.9116 8.09257 -1.90735e-07
      vertex 13.4274 9.16365 -1.90735e-07
    endloop
  endfacet
  facet normal 0 0 -1
    outer loop
      vertex 10.5013 8.61823 -1.90735e-07
      vertex 13.4274 9.16365 -1.90735e-07
      vertex 10.9116 8.09257 -1.90735e-07
    endloop
  endfacet
  facet normal 0 0 -1
    outer loop
      vertex 13.4976 9.58916 -1.90735e-07
      vertex 10.5013 8.61823 -1.90735e-07
      vertex 10.0658 9.12313 -1.90735e-07
    endloop
  endfacet
  facet normal 0 0 -1
    outer loop
      vertex 13.6496 9.99279 -1.90735e-07
      vertex 10.0658 9.12313 -1.90735e-07
      vertex 9.60604 9.60604 -1.90735e-07
    endloop
  endfacet
  facet normal -0 0 -1
    outer loop
      vertex 13.8773 10.359 -1.90735e-07
      vertex 9.60604 9.60604 -1.90735e-07
      vertex 13.7966 13.3965 -1.90735e-07
    endloop
  endfacet
  facet normal 0 0 -1
    outer loop
      vertex 9.12313 10.0658 -1.90735e-07
      vertex 13.7966 13.3965 -1.90735e-07
      vertex 9.60604 9.60604 -1.90735e-07
    endloop
  endfacet
  facet normal 0 0 -1
    outer loop
      vertex 8.61823 10.5013 -1.90735e-07
      vertex 13.7966 13.3965 -1.90735e-07
      vertex 9.12313 10.0658 -1.90735e-07
    endloop
  endfacet
  facet normal 0 0 -1
    outer loop
      vertex 8.09257 10.9116 -1.90735e-07
      vertex 13.7966 13.3965 -1.90735e-07
      vertex 8.61823 10.5013 -1.90735e-07
    endloop
  endfacet
  facet normal 0 0 -1
    outer loop
      vertex 7.54742 11.2955 -1.90735e-07
      vertex 13.7966 13.3965 -1.90735e-07
      vertex 8.09257 10.9116 -1.90735e-07
    endloop
  endfacet
  facet normal 0 0 -1
    outer loop
      vertex 6.98409 11.6522 -1.90735e-07
      vertex 13.7966 13.3965 -1.90735e-07
      vertex 7.54742 11.2955 -1.90735e-07
    endloop
  endfacet
  facet normal 0 0 -1
    outer loop
      vertex 4.70337 18.6465 -1.90735e-07
      vertex 6.98409 11.6522 -1.90735e-07
      vertex 6.40392 11.9809 -1.90735e-07
    endloop
  endfacet
  facet normal 0 0 -1
    outer loop
      vertex 4.70337 18.6465 -1.90735e-07
      vertex 6.40392 11.9809 -1.90735e-07
      vertex 5.80834 12.2807 -1.90735e-07
    endloop
  endfacet
  facet normal 0 0 -1
    outer loop
      vertex 4.70337 18.6465 -1.90735e-07
      vertex 5.80834 12.2807 -1.90735e-07
      vertex 5.19875 12.5509 -1.90735e-07
    endloop
  endfacet
  facet normal 0 0 -1
    outer loop
      vertex 6.98409 11.6522 -1.90735e-07
      vertex 4.70337 18.6465 -1.90735e-07
      vertex 13.7966 13.3965 -1.90735e-07
    endloop
  endfacet
  facet normal 0 -0 -1
    outer loop
      vertex 4.70337 18.6465 -1.90735e-07
      vertex 5.19875 12.5509 -1.90735e-07
      vertex 4.57665 12.7909 -1.90735e-07
    endloop
  endfacet
  facet normal 0 0 -1
    outer loop
      vertex 13 3.94352 -1.90735e-07
      vertex 15.4788 6.82447 -1.90735e-07
      vertex 13.1779 3.30089 -1.90735e-07
    endloop
  endfacet
  facet normal -0 0 -1
    outer loop
      vertex 15.4788 6.82447 -1.90735e-07
      vertex 13 3.94352 -1.90735e-07
      vertex 15.0533 6.89472 -1.90735e-07
    endloop
  endfacet
  facet normal 0 0 -1
    outer loop
      vertex 12.7909 4.57665 -1.90735e-07
      vertex 15.0533 6.89472 -1.90735e-07
      vertex 13 3.94352 -1.90735e-07
    endloop
  endfacet
  facet normal -0 0 -1
    outer loop
      vertex 15.0533 6.89472 -1.90735e-07
      vertex 12.7909 4.57665 -1.90735e-07
      vertex 14.6496 7.04664 -1.90735e-07
    endloop
  endfacet
  facet normal 0 0 -1
    outer loop
      vertex 12.5509 5.19875 -1.90735e-07
      vertex 14.6496 7.04664 -1.90735e-07
      vertex 12.7909 4.57665 -1.90735e-07
    endloop
  endfacet
  facet normal -0 0 -1
    outer loop
      vertex 14.6496 7.04664 -1.90735e-07
      vertex 12.5509 5.19875 -1.90735e-07
      vertex 14.2834 7.27438 -1.90735e-07
    endloop
  endfacet
  facet normal 0 0 -1
    outer loop
      vertex 12.2807 5.80834 -1.90735e-07
      vertex 14.2834 7.27438 -1.90735e-07
      vertex 12.5509 5.19875 -1.90735e-07
    endloop
  endfacet
  facet normal -0.528101 -0.849181 0
    outer loop
      vertex 16.5957 10.9929 -1.90735e-07
      vertex 16.962 10.7651 6.5
      vertex 16.5957 10.9929 6.5
    endloop
  endfacet
  facet normal -0.528101 -0.849181 -0
    outer loop
      vertex 16.962 10.7651 6.5
      vertex 16.5957 10.9929 -1.90735e-07
      vertex 16.962 10.7651 -1.90735e-07
    endloop
  endfacet
  facet normal -0.683656 -0.729805 0
    outer loop
      vertex 16.962 10.7651 -1.90735e-07
      vertex 17.2767 10.4703 6.5
      vertex 16.962 10.7651 6.5
    endloop
  endfacet
  facet normal -0.683656 -0.729805 -0
    outer loop
      vertex 17.2767 10.4703 6.5
      vertex 16.962 10.7651 -1.90735e-07
      vertex 17.2767 10.4703 -1.90735e-07
    endloop
  endfacet
  facet normal -0.812808 -0.582532 0
    outer loop
      vertex 17.5279 10.1198 -1.90735e-07
      vertex 17.2767 10.4703 6.5
      vertex 17.2767 10.4703 -1.90735e-07
    endloop
  endfacet
  facet normal -0.812808 -0.582532 0
    outer loop
      vertex 17.2767 10.4703 6.5
      vertex 17.5279 10.1198 -1.90735e-07
      vertex 17.5279 10.1198 6.5
    endloop
  endfacet
  facet normal -0.91087 -0.412693 0
    outer loop
      vertex 17.7059 9.72693 -1.90735e-07
      vertex 17.5279 10.1198 6.5
      vertex 17.5279 10.1198 -1.90735e-07
    endloop
  endfacet
  facet normal -0.91087 -0.412693 0
    outer loop
      vertex 17.5279 10.1198 6.5
      vertex 17.7059 9.72693 -1.90735e-07
      vertex 17.7059 9.72693 6.5
    endloop
  endfacet
  facet normal -0.729765 0.683698 0
    outer loop
      vertex 17.0732 7.36571 -1.90735e-07
      vertex 17.3681 7.68048 6.5
      vertex 17.3681 7.68048 -1.90735e-07
    endloop
  endfacet
  facet normal -0.729765 0.683698 0
    outer loop
      vertex 17.3681 7.68048 6.5
      vertex 17.0732 7.36571 -1.90735e-07
      vertex 17.0732 7.36571 6.5
    endloop
  endfacet
  facet normal 0.0326895 -0.999466 0
    outer loop
      vertex 15.3355 11.2009 -1.90735e-07
      vertex 15.7666 11.215 6.5
      vertex 15.3355 11.2009 6.5
    endloop
  endfacet
  facet normal 0.0326895 -0.999466 0
    outer loop
      vertex 15.7666 11.215 6.5
      vertex 15.3355 11.2009 -1.90735e-07
      vertex 15.7666 11.215 -1.90735e-07
    endloop
  endfacet
  facet normal 0.935841 -0.352421 0
    outer loop
      vertex 13.4976 9.58916 6.5
      vertex 13.6496 9.99279 -1.90735e-07
      vertex 13.6496 9.99279 6.5
    endloop
  endfacet
  facet normal 0.935841 -0.352421 0
    outer loop
      vertex 13.6496 9.99279 -1.90735e-07
      vertex 13.4976 9.58916 6.5
      vertex 13.4976 9.58916 -1.90735e-07
    endloop
  endfacet
  facet normal 0.412754 -0.910842 0
    outer loop
      vertex 14.5227 10.925 -1.90735e-07
      vertex 14.9155 11.103 6.5
      vertex 14.5227 10.925 6.5
    endloop
  endfacet
  facet normal 0.412754 -0.910842 0
    outer loop
      vertex 14.9155 11.103 6.5
      vertex 14.5227 10.925 -1.90735e-07
      vertex 14.9155 11.103 -1.90735e-07
    endloop
  endfacet
  facet normal 0.582422 -0.812887 0
    outer loop
      vertex 14.1721 10.6738 -1.90735e-07
      vertex 14.5227 10.925 6.5
      vertex 14.1721 10.6738 6.5
    endloop
  endfacet
  facet normal 0.582422 -0.812887 0
    outer loop
      vertex 14.5227 10.925 6.5
      vertex 14.1721 10.6738 -1.90735e-07
      vertex 14.5227 10.925 -1.90735e-07
    endloop
  endfacet
  facet normal -0.973842 -0.227224 0
    outer loop
      vertex 17.8039 9.30692 -1.90735e-07
      vertex 17.7059 9.72693 6.5
      vertex 17.7059 9.72693 -1.90735e-07
    endloop
  endfacet
  facet normal -0.973842 -0.227224 0
    outer loop
      vertex 17.7059 9.72693 6.5
      vertex 17.8039 9.30692 -1.90735e-07
      vertex 17.8039 9.30692 6.5
    endloop
  endfacet
  facet normal 0.910854 0.412728 0
    outer loop
      vertex 13.7174 7.91976 6.5
      vertex 13.5394 8.31259 -1.90735e-07
      vertex 13.5394 8.31259 6.5
    endloop
  endfacet
  facet normal 0.910854 0.412728 0
    outer loop
      vertex 13.5394 8.31259 -1.90735e-07
      vertex 13.7174 7.91976 6.5
      vertex 13.7174 7.91976 -1.90735e-07
    endloop
  endfacet
  facet normal -0.227076 0.973877 0
    outer loop
      vertex 16.3298 6.93651 -1.90735e-07
      vertex 15.9098 6.83858 6.5
      vertex 16.3298 6.93651 6.5
    endloop
  endfacet
  facet normal -0.227076 0.973877 0
    outer loop
      vertex 15.9098 6.83858 6.5
      vertex 16.3298 6.93651 -1.90735e-07
      vertex 15.9098 6.83858 -1.90735e-07
    endloop
  endfacet
  facet normal 0.162895 0.986643 -0
    outer loop
      vertex 15.4788 6.82447 -1.90735e-07
      vertex 15.0533 6.89472 6.5
      vertex 15.4788 6.82447 6.5
    endloop
  endfacet
  facet normal 0.162895 0.986643 0
    outer loop
      vertex 15.0533 6.89472 6.5
      vertex 15.4788 6.82447 -1.90735e-07
      vertex 15.0533 6.89472 -1.90735e-07
    endloop
  endfacet
  facet normal 0.973894 0.227005 0
    outer loop
      vertex 13.5394 8.31259 6.5
      vertex 13.4415 8.7326 -1.90735e-07
      vertex 13.4415 8.7326 6.5
    endloop
  endfacet
  facet normal 0.973894 0.227005 0
    outer loop
      vertex 13.4415 8.7326 -1.90735e-07
      vertex 13.5394 8.31259 6.5
      vertex 13.5394 8.31259 -1.90735e-07
    endloop
  endfacet
  facet normal 0.22701 -0.973892 0
    outer loop
      vertex 14.9155 11.103 -1.90735e-07
      vertex 15.3355 11.2009 6.5
      vertex 14.9155 11.103 6.5
    endloop
  endfacet
  facet normal 0.22701 -0.973892 0
    outer loop
      vertex 15.3355 11.2009 6.5
      vertex 14.9155 11.103 -1.90735e-07
      vertex 15.3355 11.2009 -1.90735e-07
    endloop
  endfacet
  facet normal 0.729913 -0.68354 0
    outer loop
      vertex 13.8773 10.359 6.5
      vertex 14.1721 10.6738 -1.90735e-07
      vertex 14.1721 10.6738 6.5
    endloop
  endfacet
  facet normal 0.729913 -0.68354 0
    outer loop
      vertex 14.1721 10.6738 -1.90735e-07
      vertex 13.8773 10.359 6.5
      vertex 13.8773 10.359 -1.90735e-07
    endloop
  endfacet
  facet normal 0.812855 0.582466 0
    outer loop
      vertex 13.9686 7.5692 6.5
      vertex 13.7174 7.91976 -1.90735e-07
      vertex 13.7174 7.91976 6.5
    endloop
  endfacet
  facet normal 0.812855 0.582466 0
    outer loop
      vertex 13.7174 7.91976 -1.90735e-07
      vertex 13.9686 7.5692 6.5
      vertex 13.9686 7.5692 -1.90735e-07
    endloop
  endfacet
  facet normal 0.849227 -0.528028 0
    outer loop
      vertex 13.6496 9.99279 6.5
      vertex 13.8773 10.359 -1.90735e-07
      vertex 13.8773 10.359 6.5
    endloop
  endfacet
  facet normal 0.849227 -0.528028 0
    outer loop
      vertex 13.8773 10.359 -1.90735e-07
      vertex 13.6496 9.99279 6.5
      vertex 13.6496 9.99279 -1.90735e-07
    endloop
  endfacet
  facet normal -0.849247 0.527997 0
    outer loop
      vertex 17.3681 7.68048 -1.90735e-07
      vertex 17.5958 8.04672 6.5
      vertex 17.5958 8.04672 -1.90735e-07
    endloop
  endfacet
  facet normal -0.849247 0.527997 0
    outer loop
      vertex 17.5958 8.04672 6.5
      vertex 17.3681 7.68048 -1.90735e-07
      vertex 17.3681 7.68048 6.5
    endloop
  endfacet
  facet normal -0.999465 -0.0326933 0
    outer loop
      vertex 17.818 8.87587 -1.90735e-07
      vertex 17.8039 9.30692 6.5
      vertex 17.8039 9.30692 -1.90735e-07
    endloop
  endfacet
  facet normal -0.999465 -0.0326933 0
    outer loop
      vertex 17.8039 9.30692 6.5
      vertex 17.818 8.87587 -1.90735e-07
      vertex 17.818 8.87587 6.5
    endloop
  endfacet
  facet normal -0.412648 0.910891 0
    outer loop
      vertex 16.7227 7.1145 -1.90735e-07
      vertex 16.3298 6.93651 6.5
      vertex 16.7227 7.1145 6.5
    endloop
  endfacet
  facet normal -0.412648 0.910891 0
    outer loop
      vertex 16.3298 6.93651 6.5
      vertex 16.7227 7.1145 -1.90735e-07
      vertex 16.3298 6.93651 -1.90735e-07
    endloop
  endfacet
  facet normal 0.683565 0.72989 -0
    outer loop
      vertex 14.2834 7.27438 -1.90735e-07
      vertex 13.9686 7.5692 6.5
      vertex 14.2834 7.27438 6.5
    endloop
  endfacet
  facet normal 0.683565 0.72989 0
    outer loop
      vertex 13.9686 7.5692 6.5
      vertex 14.2834 7.27438 -1.90735e-07
      vertex 13.9686 7.5692 -1.90735e-07
    endloop
  endfacet
  facet normal -0.162782 -0.986662 0
    outer loop
      vertex 15.7666 11.215 -1.90735e-07
      vertex 16.1921 11.1448 6.5
      vertex 15.7666 11.215 6.5
    endloop
  endfacet
  facet normal -0.162782 -0.986662 -0
    outer loop
      vertex 16.1921 11.1448 6.5
      vertex 15.7666 11.215 -1.90735e-07
      vertex 16.1921 11.1448 -1.90735e-07
    endloop
  endfacet
  facet normal -0.352241 -0.935909 0
    outer loop
      vertex 16.1921 11.1448 -1.90735e-07
      vertex 16.5957 10.9929 6.5
      vertex 16.1921 11.1448 6.5
    endloop
  endfacet
  facet normal -0.352241 -0.935909 -0
    outer loop
      vertex 16.5957 10.9929 6.5
      vertex 16.1921 11.1448 -1.90735e-07
      vertex 16.5957 10.9929 -1.90735e-07
    endloop
  endfacet
  facet normal -0.935921 0.352211 0
    outer loop
      vertex 17.5958 8.04672 -1.90735e-07
      vertex 17.7477 8.45036 6.5
      vertex 17.7477 8.45036 -1.90735e-07
    endloop
  endfacet
  facet normal -0.935921 0.352211 0
    outer loop
      vertex 17.7477 8.45036 6.5
      vertex 17.5958 8.04672 -1.90735e-07
      vertex 17.5958 8.04672 6.5
    endloop
  endfacet
  facet normal 0.999465 0.0326933 0
    outer loop
      vertex 13.4415 8.7326 6.5
      vertex 13.4274 9.16365 -1.90735e-07
      vertex 13.4274 9.16365 6.5
    endloop
  endfacet
  facet normal 0.999465 0.0326933 0
    outer loop
      vertex 13.4274 9.16365 -1.90735e-07
      vertex 13.4415 8.7326 6.5
      vertex 13.4415 8.7326 -1.90735e-07
    endloop
  endfacet
  facet normal -0.986625 0.163004 0
    outer loop
      vertex 17.7477 8.45036 -1.90735e-07
      vertex 17.818 8.87587 6.5
      vertex 17.818 8.87587 -1.90735e-07
    endloop
  endfacet
  facet normal -0.986625 0.163004 0
    outer loop
      vertex 17.818 8.87587 6.5
      vertex 17.7477 8.45036 -1.90735e-07
      vertex 17.7477 8.45036 6.5
    endloop
  endfacet
  facet normal 0.986663 -0.162778 0
    outer loop
      vertex 13.4274 9.16365 6.5
      vertex 13.4976 9.58916 -1.90735e-07
      vertex 13.4976 9.58916 6.5
    endloop
  endfacet
  facet normal 0.986663 -0.162778 0
    outer loop
      vertex 13.4976 9.58916 -1.90735e-07
      vertex 13.4274 9.16365 6.5
      vertex 13.4274 9.16365 -1.90735e-07
    endloop
  endfacet
  facet normal -0.582547 0.812797 0
    outer loop
      vertex 17.0732 7.36571 -1.90735e-07
      vertex 16.7227 7.1145 6.5
      vertex 17.0732 7.36571 6.5
    endloop
  endfacet
  facet normal -0.582547 0.812797 0
    outer loop
      vertex 16.7227 7.1145 6.5
      vertex 17.0732 7.36571 -1.90735e-07
      vertex 16.7227 7.1145 -1.90735e-07
    endloop
  endfacet
  facet normal 0.528105 0.849179 -0
    outer loop
      vertex 14.6496 7.04664 -1.90735e-07
      vertex 14.2834 7.27438 6.5
      vertex 14.6496 7.04664 6.5
    endloop
  endfacet
  facet normal 0.528105 0.849179 0
    outer loop
      vertex 14.2834 7.27438 6.5
      vertex 14.6496 7.04664 -1.90735e-07
      vertex 14.2834 7.27438 -1.90735e-07
    endloop
  endfacet
  facet normal 0.352206 0.935923 -0
    outer loop
      vertex 15.0533 6.89472 -1.90735e-07
      vertex 14.6496 7.04664 6.5
      vertex 15.0533 6.89472 6.5
    endloop
  endfacet
  facet normal 0.352206 0.935923 0
    outer loop
      vertex 14.6496 7.04664 6.5
      vertex 15.0533 6.89472 -1.90735e-07
      vertex 14.6496 7.04664 -1.90735e-07
    endloop
  endfacet
  facet normal -0.0327203 0.999465 0
    outer loop
      vertex 15.9098 6.83858 -1.90735e-07
      vertex 15.4788 6.82447 6.5
      vertex 15.9098 6.83858 6.5
    endloop
  endfacet
  facet normal -0.0327203 0.999465 0
    outer loop
      vertex 15.4788 6.82447 6.5
      vertex 15.9098 6.83858 -1.90735e-07
      vertex 15.4788 6.82447 -1.90735e-07
    endloop
  endfacet
  facet normal 0 0 -1
    outer loop
      vertex 17.7477 8.45036 6.5
      vertex 17.8039 9.30692 6.5
      vertex 17.818 8.87587 6.5
    endloop
  endfacet
  facet normal 0 0 -1
    outer loop
      vertex 17.7477 8.45036 6.5
      vertex 17.7059 9.72693 6.5
      vertex 17.8039 9.30692 6.5
    endloop
  endfacet
  facet normal 0 0 -1
    outer loop
      vertex 17.5958 8.04672 6.5
      vertex 17.7059 9.72693 6.5
      vertex 17.7477 8.45036 6.5
    endloop
  endfacet
  facet normal 0 0 -1
    outer loop
      vertex 17.5958 8.04672 6.5
      vertex 17.5279 10.1198 6.5
      vertex 17.7059 9.72693 6.5
    endloop
  endfacet
  facet normal 0 0 -1
    outer loop
      vertex 17.3681 7.68048 6.5
      vertex 17.5279 10.1198 6.5
      vertex 17.5958 8.04672 6.5
    endloop
  endfacet
  facet normal 0 0 -1
    outer loop
      vertex 17.3681 7.68048 6.5
      vertex 17.2767 10.4703 6.5
      vertex 17.5279 10.1198 6.5
    endloop
  endfacet
  facet normal 0 0 -1
    outer loop
      vertex 17.0732 7.36571 6.5
      vertex 17.2767 10.4703 6.5
      vertex 17.3681 7.68048 6.5
    endloop
  endfacet
  facet normal 0 0 -1
    outer loop
      vertex 17.0732 7.36571 6.5
      vertex 16.962 10.7651 6.5
      vertex 17.2767 10.4703 6.5
    endloop
  endfacet
  facet normal 0 0 -1
    outer loop
      vertex 16.7227 7.1145 6.5
      vertex 16.962 10.7651 6.5
      vertex 17.0732 7.36571 6.5
    endloop
  endfacet
  facet normal 0 0 -1
    outer loop
      vertex 16.7227 7.1145 6.5
      vertex 16.5957 10.9929 6.5
      vertex 16.962 10.7651 6.5
    endloop
  endfacet
  facet normal 0 0 -1
    outer loop
      vertex 16.3298 6.93651 6.5
      vertex 16.5957 10.9929 6.5
      vertex 16.7227 7.1145 6.5
    endloop
  endfacet
  facet normal 0 0 -1
    outer loop
      vertex 16.3298 6.93651 6.5
      vertex 16.1921 11.1448 6.5
      vertex 16.5957 10.9929 6.5
    endloop
  endfacet
  facet normal 0 0 -1
    outer loop
      vertex 15.9098 6.83858 6.5
      vertex 16.1921 11.1448 6.5
      vertex 16.3298 6.93651 6.5
    endloop
  endfacet
  facet normal 0 0 -1
    outer loop
      vertex 15.9098 6.83858 6.5
      vertex 15.7666 11.215 6.5
      vertex 16.1921 11.1448 6.5
    endloop
  endfacet
  facet normal 0 0 -1
    outer loop
      vertex 15.4788 6.82447 6.5
      vertex 15.7666 11.215 6.5
      vertex 15.9098 6.83858 6.5
    endloop
  endfacet
  facet normal 0 0 -1
    outer loop
      vertex 15.4788 6.82447 6.5
      vertex 15.3355 11.2009 6.5
      vertex 15.7666 11.215 6.5
    endloop
  endfacet
  facet normal 0 0 -1
    outer loop
      vertex 15.0533 6.89472 6.5
      vertex 15.3355 11.2009 6.5
      vertex 15.4788 6.82447 6.5
    endloop
  endfacet
  facet normal 0 0 -1
    outer loop
      vertex 15.0533 6.89472 6.5
      vertex 14.9155 11.103 6.5
      vertex 15.3355 11.2009 6.5
    endloop
  endfacet
  facet normal 0 0 -1
    outer loop
      vertex 14.6496 7.04664 6.5
      vertex 14.9155 11.103 6.5
      vertex 15.0533 6.89472 6.5
    endloop
  endfacet
  facet normal 0 0 -1
    outer loop
      vertex 14.6496 7.04664 6.5
      vertex 14.5227 10.925 6.5
      vertex 14.9155 11.103 6.5
    endloop
  endfacet
  facet normal 0 0 -1
    outer loop
      vertex 14.2834 7.27438 6.5
      vertex 14.5227 10.925 6.5
      vertex 14.6496 7.04664 6.5
    endloop
  endfacet
  facet normal 0 0 -1
    outer loop
      vertex 14.2834 7.27438 6.5
      vertex 14.1721 10.6738 6.5
      vertex 14.5227 10.925 6.5
    endloop
  endfacet
  facet normal 0 0 -1
    outer loop
      vertex 13.9686 7.5692 6.5
      vertex 14.1721 10.6738 6.5
      vertex 14.2834 7.27438 6.5
    endloop
  endfacet
  facet normal 0 0 -1
    outer loop
      vertex 13.9686 7.5692 6.5
      vertex 13.8773 10.359 6.5
      vertex 14.1721 10.6738 6.5
    endloop
  endfacet
  facet normal 0 0 -1
    outer loop
      vertex 13.7174 7.91976 6.5
      vertex 13.8773 10.359 6.5
      vertex 13.9686 7.5692 6.5
    endloop
  endfacet
  facet normal 0 0 -1
    outer loop
      vertex 13.7174 7.91976 6.5
      vertex 13.6496 9.99279 6.5
      vertex 13.8773 10.359 6.5
    endloop
  endfacet
  facet normal 0 0 -1
    outer loop
      vertex 13.5394 8.31259 6.5
      vertex 13.6496 9.99279 6.5
      vertex 13.7174 7.91976 6.5
    endloop
  endfacet
  facet normal 0 0 -1
    outer loop
      vertex 13.5394 8.31259 6.5
      vertex 13.4976 9.58916 6.5
      vertex 13.6496 9.99279 6.5
    endloop
  endfacet
  facet normal 0 0 -1
    outer loop
      vertex 13.4415 8.7326 6.5
      vertex 13.4976 9.58916 6.5
      vertex 13.5394 8.31259 6.5
    endloop
  endfacet
  facet normal 0 0 -1
    outer loop
      vertex 13.4976 9.58916 6.5
      vertex 13.4415 8.7326 6.5
      vertex 13.4274 9.16365 6.5
    endloop
  endfacet
  facet normal -0.412754 -0.910842 0
    outer loop
      vertex -14.9155 11.103 -1.90735e-07
      vertex -14.5227 10.925 6.5
      vertex -14.9155 11.103 6.5
    endloop
  endfacet
  facet normal -0.412754 -0.910842 -0
    outer loop
      vertex -14.5227 10.925 6.5
      vertex -14.9155 11.103 -1.90735e-07
      vertex -14.5227 10.925 -1.90735e-07
    endloop
  endfacet
  facet normal 0.973842 -0.227224 0
    outer loop
      vertex -17.8039 9.30692 6.5
      vertex -17.7059 9.72693 -1.90735e-07
      vertex -17.7059 9.72693 6.5
    endloop
  endfacet
  facet normal 0.973842 -0.227224 0
    outer loop
      vertex -17.7059 9.72693 -1.90735e-07
      vertex -17.8039 9.30692 6.5
      vertex -17.8039 9.30692 -1.90735e-07
    endloop
  endfacet
  facet normal 0.91087 -0.412693 0
    outer loop
      vertex -17.7059 9.72693 6.5
      vertex -17.5279 10.1198 -1.90735e-07
      vertex -17.5279 10.1198 6.5
    endloop
  endfacet
  facet normal 0.91087 -0.412693 0
    outer loop
      vertex -17.5279 10.1198 -1.90735e-07
      vertex -17.7059 9.72693 6.5
      vertex -17.7059 9.72693 -1.90735e-07
    endloop
  endfacet
  facet normal 0.999465 -0.0326933 0
    outer loop
      vertex -17.818 8.87587 6.5
      vertex -17.8039 9.30692 -1.90735e-07
      vertex -17.8039 9.30692 6.5
    endloop
  endfacet
  facet normal 0.999465 -0.0326933 0
    outer loop
      vertex -17.8039 9.30692 -1.90735e-07
      vertex -17.818 8.87587 6.5
      vertex -17.818 8.87587 -1.90735e-07
    endloop
  endfacet
  facet normal -0.162895 0.986643 0
    outer loop
      vertex -15.0533 6.89472 -1.90735e-07
      vertex -15.4788 6.82447 6.5
      vertex -15.0533 6.89472 6.5
    endloop
  endfacet
  facet normal -0.162895 0.986643 0
    outer loop
      vertex -15.4788 6.82447 6.5
      vertex -15.0533 6.89472 -1.90735e-07
      vertex -15.4788 6.82447 -1.90735e-07
    endloop
  endfacet
  facet normal -0.973894 0.227005 0
    outer loop
      vertex -13.5394 8.31259 -1.90735e-07
      vertex -13.4415 8.7326 6.5
      vertex -13.4415 8.7326 -1.90735e-07
    endloop
  endfacet
  facet normal -0.973894 0.227005 0
    outer loop
      vertex -13.4415 8.7326 6.5
      vertex -13.5394 8.31259 -1.90735e-07
      vertex -13.5394 8.31259 6.5
    endloop
  endfacet
  facet normal -0.0326895 -0.999466 0
    outer loop
      vertex -15.7666 11.215 -1.90735e-07
      vertex -15.3355 11.2009 6.5
      vertex -15.7666 11.215 6.5
    endloop
  endfacet
  facet normal -0.0326895 -0.999466 -0
    outer loop
      vertex -15.3355 11.2009 6.5
      vertex -15.7666 11.215 -1.90735e-07
      vertex -15.3355 11.2009 -1.90735e-07
    endloop
  endfacet
  facet normal 0.986625 0.163004 0
    outer loop
      vertex -17.7477 8.45036 6.5
      vertex -17.818 8.87587 -1.90735e-07
      vertex -17.818 8.87587 6.5
    endloop
  endfacet
  facet normal 0.986625 0.163004 0
    outer loop
      vertex -17.818 8.87587 -1.90735e-07
      vertex -17.7477 8.45036 6.5
      vertex -17.7477 8.45036 -1.90735e-07
    endloop
  endfacet
  facet normal 0.729765 0.683698 0
    outer loop
      vertex -17.0732 7.36571 6.5
      vertex -17.3681 7.68048 -1.90735e-07
      vertex -17.3681 7.68048 6.5
    endloop
  endfacet
  facet normal 0.729765 0.683698 0
    outer loop
      vertex -17.3681 7.68048 -1.90735e-07
      vertex -17.0732 7.36571 6.5
      vertex -17.0732 7.36571 -1.90735e-07
    endloop
  endfacet
  facet normal 0.528101 -0.849181 0
    outer loop
      vertex -16.962 10.7651 -1.90735e-07
      vertex -16.5957 10.9929 6.5
      vertex -16.962 10.7651 6.5
    endloop
  endfacet
  facet normal 0.528101 -0.849181 0
    outer loop
      vertex -16.5957 10.9929 6.5
      vertex -16.962 10.7651 -1.90735e-07
      vertex -16.5957 10.9929 -1.90735e-07
    endloop
  endfacet
  facet normal 0.935921 0.352211 0
    outer loop
      vertex -17.5958 8.04672 6.5
      vertex -17.7477 8.45036 -1.90735e-07
      vertex -17.7477 8.45036 6.5
    endloop
  endfacet
  facet normal 0.935921 0.352211 0
    outer loop
      vertex -17.7477 8.45036 -1.90735e-07
      vertex -17.5958 8.04672 6.5
      vertex -17.5958 8.04672 -1.90735e-07
    endloop
  endfacet
  facet normal -0.999465 0.0326933 0
    outer loop
      vertex -13.4415 8.7326 -1.90735e-07
      vertex -13.4274 9.16365 6.5
      vertex -13.4274 9.16365 -1.90735e-07
    endloop
  endfacet
  facet normal -0.999465 0.0326933 0
    outer loop
      vertex -13.4274 9.16365 6.5
      vertex -13.4415 8.7326 -1.90735e-07
      vertex -13.4415 8.7326 6.5
    endloop
  endfacet
  facet normal 0.582547 0.812797 -0
    outer loop
      vertex -16.7227 7.1145 -1.90735e-07
      vertex -17.0732 7.36571 6.5
      vertex -16.7227 7.1145 6.5
    endloop
  endfacet
  facet normal 0.582547 0.812797 0
    outer loop
      vertex -17.0732 7.36571 6.5
      vertex -16.7227 7.1145 -1.90735e-07
      vertex -17.0732 7.36571 -1.90735e-07
    endloop
  endfacet
  facet normal -0.22701 -0.973892 0
    outer loop
      vertex -15.3355 11.2009 -1.90735e-07
      vertex -14.9155 11.103 6.5
      vertex -15.3355 11.2009 6.5
    endloop
  endfacet
  facet normal -0.22701 -0.973892 -0
    outer loop
      vertex -14.9155 11.103 6.5
      vertex -15.3355 11.2009 -1.90735e-07
      vertex -14.9155 11.103 -1.90735e-07
    endloop
  endfacet
  facet normal -0.683565 0.72989 0
    outer loop
      vertex -13.9686 7.5692 -1.90735e-07
      vertex -14.2834 7.27438 6.5
      vertex -13.9686 7.5692 6.5
    endloop
  endfacet
  facet normal -0.683565 0.72989 0
    outer loop
      vertex -14.2834 7.27438 6.5
      vertex -13.9686 7.5692 -1.90735e-07
      vertex -14.2834 7.27438 -1.90735e-07
    endloop
  endfacet
  facet normal -0.812855 0.582466 0
    outer loop
      vertex -13.9686 7.5692 -1.90735e-07
      vertex -13.7174 7.91976 6.5
      vertex -13.7174 7.91976 -1.90735e-07
    endloop
  endfacet
  facet normal -0.812855 0.582466 0
    outer loop
      vertex -13.7174 7.91976 6.5
      vertex -13.9686 7.5692 -1.90735e-07
      vertex -13.9686 7.5692 6.5
    endloop
  endfacet
  facet normal 0.849247 0.527997 0
    outer loop
      vertex -17.3681 7.68048 6.5
      vertex -17.5958 8.04672 -1.90735e-07
      vertex -17.5958 8.04672 6.5
    endloop
  endfacet
  facet normal 0.849247 0.527997 0
    outer loop
      vertex -17.5958 8.04672 -1.90735e-07
      vertex -17.3681 7.68048 6.5
      vertex -17.3681 7.68048 -1.90735e-07
    endloop
  endfacet
  facet normal -0.849227 -0.528028 0
    outer loop
      vertex -13.6496 9.99279 -1.90735e-07
      vertex -13.8773 10.359 6.5
      vertex -13.8773 10.359 -1.90735e-07
    endloop
  endfacet
  facet normal -0.849227 -0.528028 0
    outer loop
      vertex -13.8773 10.359 6.5
      vertex -13.6496 9.99279 -1.90735e-07
      vertex -13.6496 9.99279 6.5
    endloop
  endfacet
  facet normal 0.352241 -0.935909 0
    outer loop
      vertex -16.5957 10.9929 -1.90735e-07
      vertex -16.1921 11.1448 6.5
      vertex -16.5957 10.9929 6.5
    endloop
  endfacet
  facet normal 0.352241 -0.935909 0
    outer loop
      vertex -16.1921 11.1448 6.5
      vertex -16.5957 10.9929 -1.90735e-07
      vertex -16.1921 11.1448 -1.90735e-07
    endloop
  endfacet
  facet normal 0.0327203 0.999465 -0
    outer loop
      vertex -15.4788 6.82447 -1.90735e-07
      vertex -15.9098 6.83858 6.5
      vertex -15.4788 6.82447 6.5
    endloop
  endfacet
  facet normal 0.0327203 0.999465 0
    outer loop
      vertex -15.9098 6.83858 6.5
      vertex -15.4788 6.82447 -1.90735e-07
      vertex -15.9098 6.83858 -1.90735e-07
    endloop
  endfacet
  facet normal -0.935841 -0.352421 0
    outer loop
      vertex -13.4976 9.58916 -1.90735e-07
      vertex -13.6496 9.99279 6.5
      vertex -13.6496 9.99279 -1.90735e-07
    endloop
  endfacet
  facet normal -0.935841 -0.352421 0
    outer loop
      vertex -13.6496 9.99279 6.5
      vertex -13.4976 9.58916 -1.90735e-07
      vertex -13.4976 9.58916 6.5
    endloop
  endfacet
  facet normal 0 0 -1
    outer loop
      vertex -13.4415 8.7326 6.5
      vertex -13.4976 9.58916 6.5
      vertex -13.4274 9.16365 6.5
    endloop
  endfacet
  facet normal 0 0 -1
    outer loop
      vertex -13.5394 8.31259 6.5
      vertex -13.4976 9.58916 6.5
      vertex -13.4415 8.7326 6.5
    endloop
  endfacet
  facet normal 0 0 -1
    outer loop
      vertex -13.5394 8.31259 6.5
      vertex -13.6496 9.99279 6.5
      vertex -13.4976 9.58916 6.5
    endloop
  endfacet
  facet normal 0 0 -1
    outer loop
      vertex -13.7174 7.91976 6.5
      vertex -13.6496 9.99279 6.5
      vertex -13.5394 8.31259 6.5
    endloop
  endfacet
  facet normal 0 0 -1
    outer loop
      vertex -13.7174 7.91976 6.5
      vertex -13.8773 10.359 6.5
      vertex -13.6496 9.99279 6.5
    endloop
  endfacet
  facet normal 0 0 -1
    outer loop
      vertex -13.9686 7.5692 6.5
      vertex -13.8773 10.359 6.5
      vertex -13.7174 7.91976 6.5
    endloop
  endfacet
  facet normal 0 0 -1
    outer loop
      vertex -13.9686 7.5692 6.5
      vertex -14.1721 10.6738 6.5
      vertex -13.8773 10.359 6.5
    endloop
  endfacet
  facet normal 0 0 -1
    outer loop
      vertex -14.2834 7.27438 6.5
      vertex -14.1721 10.6738 6.5
      vertex -13.9686 7.5692 6.5
    endloop
  endfacet
  facet normal 0 0 -1
    outer loop
      vertex -14.2834 7.27438 6.5
      vertex -14.5227 10.925 6.5
      vertex -14.1721 10.6738 6.5
    endloop
  endfacet
  facet normal 0 0 -1
    outer loop
      vertex -14.6496 7.04664 6.5
      vertex -14.5227 10.925 6.5
      vertex -14.2834 7.27438 6.5
    endloop
  endfacet
  facet normal 0 0 -1
    outer loop
      vertex -14.6496 7.04664 6.5
      vertex -14.9155 11.103 6.5
      vertex -14.5227 10.925 6.5
    endloop
  endfacet
  facet normal 0 0 -1
    outer loop
      vertex -15.0533 6.89472 6.5
      vertex -14.9155 11.103 6.5
      vertex -14.6496 7.04664 6.5
    endloop
  endfacet
  facet normal 0 0 -1
    outer loop
      vertex -15.0533 6.89472 6.5
      vertex -15.3355 11.2009 6.5
      vertex -14.9155 11.103 6.5
    endloop
  endfacet
  facet normal 0 0 -1
    outer loop
      vertex -15.4788 6.82447 6.5
      vertex -15.3355 11.2009 6.5
      vertex -15.0533 6.89472 6.5
    endloop
  endfacet
  facet normal 0 0 -1
    outer loop
      vertex -15.4788 6.82447 6.5
      vertex -15.7666 11.215 6.5
      vertex -15.3355 11.2009 6.5
    endloop
  endfacet
  facet normal 0 0 -1
    outer loop
      vertex -15.9098 6.83858 6.5
      vertex -15.7666 11.215 6.5
      vertex -15.4788 6.82447 6.5
    endloop
  endfacet
  facet normal 0 0 -1
    outer loop
      vertex -15.9098 6.83858 6.5
      vertex -16.1921 11.1448 6.5
      vertex -15.7666 11.215 6.5
    endloop
  endfacet
  facet normal 0 0 -1
    outer loop
      vertex -16.3298 6.93651 6.5
      vertex -16.1921 11.1448 6.5
      vertex -15.9098 6.83858 6.5
    endloop
  endfacet
  facet normal 0 0 -1
    outer loop
      vertex -16.3298 6.93651 6.5
      vertex -16.5957 10.9929 6.5
      vertex -16.1921 11.1448 6.5
    endloop
  endfacet
  facet normal 0 0 -1
    outer loop
      vertex -16.7227 7.1145 6.5
      vertex -16.5957 10.9929 6.5
      vertex -16.3298 6.93651 6.5
    endloop
  endfacet
  facet normal 0 0 -1
    outer loop
      vertex -16.7227 7.1145 6.5
      vertex -16.962 10.7651 6.5
      vertex -16.5957 10.9929 6.5
    endloop
  endfacet
  facet normal 0 0 -1
    outer loop
      vertex -17.0732 7.36571 6.5
      vertex -16.962 10.7651 6.5
      vertex -16.7227 7.1145 6.5
    endloop
  endfacet
  facet normal 0 0 -1
    outer loop
      vertex -17.0732 7.36571 6.5
      vertex -17.2767 10.4703 6.5
      vertex -16.962 10.7651 6.5
    endloop
  endfacet
  facet normal 0 0 -1
    outer loop
      vertex -17.3681 7.68048 6.5
      vertex -17.2767 10.4703 6.5
      vertex -17.0732 7.36571 6.5
    endloop
  endfacet
  facet normal 0 0 -1
    outer loop
      vertex -17.3681 7.68048 6.5
      vertex -17.5279 10.1198 6.5
      vertex -17.2767 10.4703 6.5
    endloop
  endfacet
  facet normal 0 0 -1
    outer loop
      vertex -17.5958 8.04672 6.5
      vertex -17.5279 10.1198 6.5
      vertex -17.3681 7.68048 6.5
    endloop
  endfacet
  facet normal 0 0 -1
    outer loop
      vertex -17.5958 8.04672 6.5
      vertex -17.7059 9.72693 6.5
      vertex -17.5279 10.1198 6.5
    endloop
  endfacet
  facet normal 0 0 -1
    outer loop
      vertex -17.7477 8.45036 6.5
      vertex -17.7059 9.72693 6.5
      vertex -17.5958 8.04672 6.5
    endloop
  endfacet
  facet normal 0 0 -1
    outer loop
      vertex -17.7477 8.45036 6.5
      vertex -17.8039 9.30692 6.5
      vertex -17.7059 9.72693 6.5
    endloop
  endfacet
  facet normal 0 -0 -1
    outer loop
      vertex -17.8039 9.30692 6.5
      vertex -17.7477 8.45036 6.5
      vertex -17.818 8.87587 6.5
    endloop
  endfacet
  facet normal 0.412648 0.910891 -0
    outer loop
      vertex -16.3298 6.93651 -1.90735e-07
      vertex -16.7227 7.1145 6.5
      vertex -16.3298 6.93651 6.5
    endloop
  endfacet
  facet normal 0.412648 0.910891 0
    outer loop
      vertex -16.7227 7.1145 6.5
      vertex -16.3298 6.93651 -1.90735e-07
      vertex -16.7227 7.1145 -1.90735e-07
    endloop
  endfacet
  facet normal 0.227076 0.973877 -0
    outer loop
      vertex -15.9098 6.83858 -1.90735e-07
      vertex -16.3298 6.93651 6.5
      vertex -15.9098 6.83858 6.5
    endloop
  endfacet
  facet normal 0.227076 0.973877 0
    outer loop
      vertex -16.3298 6.93651 6.5
      vertex -15.9098 6.83858 -1.90735e-07
      vertex -16.3298 6.93651 -1.90735e-07
    endloop
  endfacet
  facet normal 0.162782 -0.986662 0
    outer loop
      vertex -16.1921 11.1448 -1.90735e-07
      vertex -15.7666 11.215 6.5
      vertex -16.1921 11.1448 6.5
    endloop
  endfacet
  facet normal 0.162782 -0.986662 0
    outer loop
      vertex -15.7666 11.215 6.5
      vertex -16.1921 11.1448 -1.90735e-07
      vertex -15.7666 11.215 -1.90735e-07
    endloop
  endfacet
  facet normal -0.352206 0.935923 0
    outer loop
      vertex -14.6496 7.04664 -1.90735e-07
      vertex -15.0533 6.89472 6.5
      vertex -14.6496 7.04664 6.5
    endloop
  endfacet
  facet normal -0.352206 0.935923 0
    outer loop
      vertex -15.0533 6.89472 6.5
      vertex -14.6496 7.04664 -1.90735e-07
      vertex -15.0533 6.89472 -1.90735e-07
    endloop
  endfacet
  facet normal 0.683656 -0.729805 0
    outer loop
      vertex -17.2767 10.4703 -1.90735e-07
      vertex -16.962 10.7651 6.5
      vertex -17.2767 10.4703 6.5
    endloop
  endfacet
  facet normal 0.683656 -0.729805 0
    outer loop
      vertex -16.962 10.7651 6.5
      vertex -17.2767 10.4703 -1.90735e-07
      vertex -16.962 10.7651 -1.90735e-07
    endloop
  endfacet
  facet normal -0.528105 0.849179 0
    outer loop
      vertex -14.2834 7.27438 -1.90735e-07
      vertex -14.6496 7.04664 6.5
      vertex -14.2834 7.27438 6.5
    endloop
  endfacet
  facet normal -0.528105 0.849179 0
    outer loop
      vertex -14.6496 7.04664 6.5
      vertex -14.2834 7.27438 -1.90735e-07
      vertex -14.6496 7.04664 -1.90735e-07
    endloop
  endfacet
  facet normal -0.986663 -0.162778 0
    outer loop
      vertex -13.4274 9.16365 -1.90735e-07
      vertex -13.4976 9.58916 6.5
      vertex -13.4976 9.58916 -1.90735e-07
    endloop
  endfacet
  facet normal -0.986663 -0.162778 0
    outer loop
      vertex -13.4976 9.58916 6.5
      vertex -13.4274 9.16365 -1.90735e-07
      vertex -13.4274 9.16365 6.5
    endloop
  endfacet
  facet normal -0.729913 -0.68354 0
    outer loop
      vertex -13.8773 10.359 -1.90735e-07
      vertex -14.1721 10.6738 6.5
      vertex -14.1721 10.6738 -1.90735e-07
    endloop
  endfacet
  facet normal -0.729913 -0.68354 0
    outer loop
      vertex -14.1721 10.6738 6.5
      vertex -13.8773 10.359 -1.90735e-07
      vertex -13.8773 10.359 6.5
    endloop
  endfacet
  facet normal -0.910854 0.412728 0
    outer loop
      vertex -13.7174 7.91976 -1.90735e-07
      vertex -13.5394 8.31259 6.5
      vertex -13.5394 8.31259 -1.90735e-07
    endloop
  endfacet
  facet normal -0.910854 0.412728 0
    outer loop
      vertex -13.5394 8.31259 6.5
      vertex -13.7174 7.91976 -1.90735e-07
      vertex -13.7174 7.91976 6.5
    endloop
  endfacet
  facet normal 0.812808 -0.582532 0
    outer loop
      vertex -17.5279 10.1198 6.5
      vertex -17.2767 10.4703 -1.90735e-07
      vertex -17.2767 10.4703 6.5
    endloop
  endfacet
  facet normal 0.812808 -0.582532 0
    outer loop
      vertex -17.2767 10.4703 -1.90735e-07
      vertex -17.5279 10.1198 6.5
      vertex -17.5279 10.1198 -1.90735e-07
    endloop
  endfacet
  facet normal -0.582422 -0.812887 0
    outer loop
      vertex -14.5227 10.925 -1.90735e-07
      vertex -14.1721 10.6738 6.5
      vertex -14.5227 10.925 6.5
    endloop
  endfacet
  facet normal -0.582422 -0.812887 -0
    outer loop
      vertex -14.1721 10.6738 6.5
      vertex -14.5227 10.925 -1.90735e-07
      vertex -14.1721 10.6738 -1.90735e-07
    endloop
  endfacet
  facet normal -0.995185 0.0980114 0
    outer loop
      vertex 2.15773 -18.4687 -1.90735e-07
      vertex 2.2 -18.0395 6.5
      vertex 2.2 -18.0395 -1.90735e-07
    endloop
  endfacet
  facet normal -0.995185 0.0980114 0
    outer loop
      vertex 2.2 -18.0395 6.5
      vertex 2.15773 -18.4687 -1.90735e-07
      vertex 2.15773 -18.4687 6.5
    endloop
  endfacet
  facet normal 0.773027 0.634373 0
    outer loop
      vertex -1.55563 -19.5952 6.5
      vertex -1.82923 -19.2618 -1.90735e-07
      vertex -1.82923 -19.2618 6.5
    endloop
  endfacet
  facet normal 0.773027 0.634373 0
    outer loop
      vertex -1.82923 -19.2618 -1.90735e-07
      vertex -1.55563 -19.5952 6.5
      vertex -1.55563 -19.5952 -1.90735e-07
    endloop
  endfacet
  facet normal 0.956935 0.290303 0
    outer loop
      vertex -2.03253 -18.8814 6.5
      vertex -2.15773 -18.4687 -1.90735e-07
      vertex -2.15773 -18.4687 6.5
    endloop
  endfacet
  facet normal 0.956935 0.290303 0
    outer loop
      vertex -2.15773 -18.4687 -1.90735e-07
      vertex -2.03253 -18.8814 6.5
      vertex -2.03253 -18.8814 -1.90735e-07
    endloop
  endfacet
  facet normal 0 0 -1
    outer loop
      vertex 2.15773 -18.4687 6.5
      vertex 2.15773 -17.6103 6.5
      vertex 2.2 -18.0395 6.5
    endloop
  endfacet
  facet normal 0 0 -1
    outer loop
      vertex 2.03253 -18.8814 6.5
      vertex 2.15773 -17.6103 6.5
      vertex 2.15773 -18.4687 6.5
    endloop
  endfacet
  facet normal 0 0 -1
    outer loop
      vertex 2.03253 -18.8814 6.5
      vertex 2.03253 -17.1976 6.5
      vertex 2.15773 -17.6103 6.5
    endloop
  endfacet
  facet normal 0 0 -1
    outer loop
      vertex 1.82923 -19.2618 6.5
      vertex 2.03253 -17.1976 6.5
      vertex 2.03253 -18.8814 6.5
    endloop
  endfacet
  facet normal 0 0 -1
    outer loop
      vertex 1.82923 -19.2618 6.5
      vertex 1.82923 -16.8173 6.5
      vertex 2.03253 -17.1976 6.5
    endloop
  endfacet
  facet normal 0 0 -1
    outer loop
      vertex 1.55563 -19.5952 6.5
      vertex 1.82923 -16.8173 6.5
      vertex 1.82923 -19.2618 6.5
    endloop
  endfacet
  facet normal 0 0 -1
    outer loop
      vertex 1.55563 -19.5952 6.5
      vertex 1.55563 -16.4839 6.5
      vertex 1.82923 -16.8173 6.5
    endloop
  endfacet
  facet normal 0 0 -1
    outer loop
      vertex 1.22225 -19.8688 6.5
      vertex 1.55563 -16.4839 6.5
      vertex 1.55563 -19.5952 6.5
    endloop
  endfacet
  facet normal 0 0 -1
    outer loop
      vertex 1.22225 -19.8688 6.5
      vertex 1.22225 -16.2103 6.5
      vertex 1.55563 -16.4839 6.5
    endloop
  endfacet
  facet normal 0 0 -1
    outer loop
      vertex 0.841903 -20.0721 6.5
      vertex 1.22225 -16.2103 6.5
      vertex 1.22225 -19.8688 6.5
    endloop
  endfacet
  facet normal 0 0 -1
    outer loop
      vertex 0.841903 -20.0721 6.5
      vertex 0.841903 -16.007 6.5
      vertex 1.22225 -16.2103 6.5
    endloop
  endfacet
  facet normal 0 0 -1
    outer loop
      vertex 0.429198 -20.1972 6.5
      vertex 0.841903 -16.007 6.5
      vertex 0.841903 -20.0721 6.5
    endloop
  endfacet
  facet normal 0 0 -1
    outer loop
      vertex 0.429198 -20.1972 6.5
      vertex 0.429198 -15.8818 6.5
      vertex 0.841903 -16.007 6.5
    endloop
  endfacet
  facet normal 0 0 -1
    outer loop
      vertex 0 -20.2395 6.5
      vertex 0.429198 -15.8818 6.5
      vertex 0.429198 -20.1972 6.5
    endloop
  endfacet
  facet normal 0 0 -1
    outer loop
      vertex 0 -20.2395 6.5
      vertex 0 -15.8395 6.5
      vertex 0.429198 -15.8818 6.5
    endloop
  endfacet
  facet normal 0 0 -1
    outer loop
      vertex -0.429198 -20.1972 6.5
      vertex 0 -15.8395 6.5
      vertex 0 -20.2395 6.5
    endloop
  endfacet
  facet normal 0 0 -1
    outer loop
      vertex -0.429198 -20.1972 6.5
      vertex -0.429198 -15.8818 6.5
      vertex 0 -15.8395 6.5
    endloop
  endfacet
  facet normal 0 0 -1
    outer loop
      vertex -0.841903 -20.0721 6.5
      vertex -0.429198 -15.8818 6.5
      vertex -0.429198 -20.1972 6.5
    endloop
  endfacet
  facet normal 0 0 -1
    outer loop
      vertex -0.841903 -20.0721 6.5
      vertex -0.841903 -16.007 6.5
      vertex -0.429198 -15.8818 6.5
    endloop
  endfacet
  facet normal 0 0 -1
    outer loop
      vertex -1.22225 -19.8688 6.5
      vertex -0.841903 -16.007 6.5
      vertex -0.841903 -20.0721 6.5
    endloop
  endfacet
  facet normal 0 0 -1
    outer loop
      vertex -1.22225 -19.8688 6.5
      vertex -1.22225 -16.2103 6.5
      vertex -0.841903 -16.007 6.5
    endloop
  endfacet
  facet normal 0 0 -1
    outer loop
      vertex -1.55563 -19.5952 6.5
      vertex -1.22225 -16.2103 6.5
      vertex -1.22225 -19.8688 6.5
    endloop
  endfacet
  facet normal 0 0 -1
    outer loop
      vertex -1.55563 -19.5952 6.5
      vertex -1.55563 -16.4839 6.5
      vertex -1.22225 -16.2103 6.5
    endloop
  endfacet
  facet normal 0 0 -1
    outer loop
      vertex -1.82923 -19.2618 6.5
      vertex -1.55563 -16.4839 6.5
      vertex -1.55563 -19.5952 6.5
    endloop
  endfacet
  facet normal 0 0 -1
    outer loop
      vertex -1.82923 -19.2618 6.5
      vertex -1.82923 -16.8173 6.5
      vertex -1.55563 -16.4839 6.5
    endloop
  endfacet
  facet normal 0 0 -1
    outer loop
      vertex -2.03253 -18.8814 6.5
      vertex -1.82923 -16.8173 6.5
      vertex -1.82923 -19.2618 6.5
    endloop
  endfacet
  facet normal 0 0 -1
    outer loop
      vertex -2.03253 -18.8814 6.5
      vertex -2.03253 -17.1976 6.5
      vertex -1.82923 -16.8173 6.5
    endloop
  endfacet
  facet normal 0 0 -1
    outer loop
      vertex -2.15773 -18.4687 6.5
      vertex -2.03253 -17.1976 6.5
      vertex -2.03253 -18.8814 6.5
    endloop
  endfacet
  facet normal 0 0 -1
    outer loop
      vertex -2.15773 -18.4687 6.5
      vertex -2.15773 -17.6103 6.5
      vertex -2.03253 -17.1976 6.5
    endloop
  endfacet
  facet normal 0 -0 -1
    outer loop
      vertex -2.15773 -17.6103 6.5
      vertex -2.15773 -18.4687 6.5
      vertex -2.2 -18.0395 6.5
    endloop
  endfacet
  facet normal 0.995185 0.0980114 0
    outer loop
      vertex -2.15773 -18.4687 6.5
      vertex -2.2 -18.0395 -1.90735e-07
      vertex -2.2 -18.0395 6.5
    endloop
  endfacet
  facet normal 0.995185 0.0980114 0
    outer loop
      vertex -2.2 -18.0395 -1.90735e-07
      vertex -2.15773 -18.4687 6.5
      vertex -2.15773 -18.4687 -1.90735e-07
    endloop
  endfacet
  facet normal 0.881897 -0.471443 0
    outer loop
      vertex -2.03253 -17.1976 6.5
      vertex -1.82923 -16.8173 -1.90735e-07
      vertex -1.82923 -16.8173 6.5
    endloop
  endfacet
  facet normal 0.881897 -0.471443 0
    outer loop
      vertex -1.82923 -16.8173 -1.90735e-07
      vertex -2.03253 -17.1976 6.5
      vertex -2.03253 -17.1976 -1.90735e-07
    endloop
  endfacet
  facet normal -0.0980807 0.995178 0
    outer loop
      vertex 0.429198 -20.1972 -1.90735e-07
      vertex 0 -20.2395 6.5
      vertex 0.429198 -20.1972 6.5
    endloop
  endfacet
  facet normal -0.0980807 0.995178 0
    outer loop
      vertex 0 -20.2395 6.5
      vertex 0.429198 -20.1972 -1.90735e-07
      vertex 0 -20.2395 -1.90735e-07
    endloop
  endfacet
  facet normal -0.0980807 -0.995178 0
    outer loop
      vertex 0 -15.8395 -1.90735e-07
      vertex 0.429198 -15.8818 6.5
      vertex 0 -15.8395 6.5
    endloop
  endfacet
  facet normal -0.0980807 -0.995178 -0
    outer loop
      vertex 0.429198 -15.8818 6.5
      vertex 0 -15.8395 -1.90735e-07
      vertex 0.429198 -15.8818 -1.90735e-07
    endloop
  endfacet
  facet normal 0.773027 -0.634373 0
    outer loop
      vertex -1.82923 -16.8173 6.5
      vertex -1.55563 -16.4839 -1.90735e-07
      vertex -1.55563 -16.4839 6.5
    endloop
  endfacet
  facet normal 0.773027 -0.634373 0
    outer loop
      vertex -1.55563 -16.4839 -1.90735e-07
      vertex -1.82923 -16.8173 6.5
      vertex -1.82923 -16.8173 -1.90735e-07
    endloop
  endfacet
  facet normal -0.773027 -0.634373 0
    outer loop
      vertex 1.82923 -16.8173 -1.90735e-07
      vertex 1.55563 -16.4839 6.5
      vertex 1.55563 -16.4839 -1.90735e-07
    endloop
  endfacet
  facet normal -0.773027 -0.634373 0
    outer loop
      vertex 1.55563 -16.4839 6.5
      vertex 1.82923 -16.8173 -1.90735e-07
      vertex 1.82923 -16.8173 6.5
    endloop
  endfacet
  facet normal -0.881948 0.471346 0
    outer loop
      vertex 1.82923 -19.2618 -1.90735e-07
      vertex 2.03253 -18.8814 6.5
      vertex 2.03253 -18.8814 -1.90735e-07
    endloop
  endfacet
  facet normal -0.881948 0.471346 0
    outer loop
      vertex 2.03253 -18.8814 6.5
      vertex 1.82923 -19.2618 -1.90735e-07
      vertex 1.82923 -19.2618 6.5
    endloop
  endfacet
  facet normal -0.290088 0.957 0
    outer loop
      vertex 0.841903 -20.0721 -1.90735e-07
      vertex 0.429198 -20.1972 6.5
      vertex 0.841903 -20.0721 6.5
    endloop
  endfacet
  facet normal -0.290088 0.957 0
    outer loop
      vertex 0.429198 -20.1972 6.5
      vertex 0.841903 -20.0721 -1.90735e-07
      vertex 0.429198 -20.1972 -1.90735e-07
    endloop
  endfacet
  facet normal 0.2903 -0.956936 0
    outer loop
      vertex -0.841903 -16.007 -1.90735e-07
      vertex -0.429198 -15.8818 6.5
      vertex -0.841903 -16.007 6.5
    endloop
  endfacet
  facet normal 0.2903 -0.956936 0
    outer loop
      vertex -0.429198 -15.8818 6.5
      vertex -0.841903 -16.007 -1.90735e-07
      vertex -0.429198 -15.8818 -1.90735e-07
    endloop
  endfacet
  facet normal 0.290088 0.957 -0
    outer loop
      vertex -0.429198 -20.1972 -1.90735e-07
      vertex -0.841903 -20.0721 6.5
      vertex -0.429198 -20.1972 6.5
    endloop
  endfacet
  facet normal 0.290088 0.957 0
    outer loop
      vertex -0.841903 -20.0721 6.5
      vertex -0.429198 -20.1972 -1.90735e-07
      vertex -0.841903 -20.0721 -1.90735e-07
    endloop
  endfacet
  facet normal -0.634396 -0.773008 0
    outer loop
      vertex 1.22225 -16.2103 -1.90735e-07
      vertex 1.55563 -16.4839 6.5
      vertex 1.22225 -16.2103 6.5
    endloop
  endfacet
  facet normal -0.634396 -0.773008 -0
    outer loop
      vertex 1.55563 -16.4839 6.5
      vertex 1.22225 -16.2103 -1.90735e-07
      vertex 1.55563 -16.4839 -1.90735e-07
    endloop
  endfacet
  facet normal 0.471397 -0.881921 0
    outer loop
      vertex -1.22225 -16.2103 -1.90735e-07
      vertex -0.841903 -16.007 6.5
      vertex -1.22225 -16.2103 6.5
    endloop
  endfacet
  facet normal 0.471397 -0.881921 0
    outer loop
      vertex -0.841903 -16.007 6.5
      vertex -1.22225 -16.2103 -1.90735e-07
      vertex -0.841903 -16.007 -1.90735e-07
    endloop
  endfacet
  facet normal 0.634396 -0.773008 0
    outer loop
      vertex -1.55563 -16.4839 -1.90735e-07
      vertex -1.22225 -16.2103 6.5
      vertex -1.55563 -16.4839 6.5
    endloop
  endfacet
  facet normal 0.634396 -0.773008 0
    outer loop
      vertex -1.22225 -16.2103 6.5
      vertex -1.55563 -16.4839 -1.90735e-07
      vertex -1.22225 -16.2103 -1.90735e-07
    endloop
  endfacet
  facet normal -0.881897 -0.471443 0
    outer loop
      vertex 2.03253 -17.1976 -1.90735e-07
      vertex 1.82923 -16.8173 6.5
      vertex 1.82923 -16.8173 -1.90735e-07
    endloop
  endfacet
  facet normal -0.881897 -0.471443 0
    outer loop
      vertex 1.82923 -16.8173 6.5
      vertex 2.03253 -17.1976 -1.90735e-07
      vertex 2.03253 -17.1976 6.5
    endloop
  endfacet
  facet normal -0.773027 0.634373 0
    outer loop
      vertex 1.55563 -19.5952 -1.90735e-07
      vertex 1.82923 -19.2618 6.5
      vertex 1.82923 -19.2618 -1.90735e-07
    endloop
  endfacet
  facet normal -0.773027 0.634373 0
    outer loop
      vertex 1.82923 -19.2618 6.5
      vertex 1.55563 -19.5952 -1.90735e-07
      vertex 1.55563 -19.5952 6.5
    endloop
  endfacet
  facet normal -0.634396 0.773008 0
    outer loop
      vertex 1.55563 -19.5952 -1.90735e-07
      vertex 1.22225 -19.8688 6.5
      vertex 1.55563 -19.5952 6.5
    endloop
  endfacet
  facet normal -0.634396 0.773008 0
    outer loop
      vertex 1.22225 -19.8688 6.5
      vertex 1.55563 -19.5952 -1.90735e-07
      vertex 1.22225 -19.8688 -1.90735e-07
    endloop
  endfacet
  facet normal 0.471397 0.881921 -0
    outer loop
      vertex -0.841903 -20.0721 -1.90735e-07
      vertex -1.22225 -19.8688 6.5
      vertex -0.841903 -20.0721 6.5
    endloop
  endfacet
  facet normal 0.471397 0.881921 0
    outer loop
      vertex -1.22225 -19.8688 6.5
      vertex -0.841903 -20.0721 -1.90735e-07
      vertex -1.22225 -19.8688 -1.90735e-07
    endloop
  endfacet
  facet normal 0.634396 0.773008 -0
    outer loop
      vertex -1.22225 -19.8688 -1.90735e-07
      vertex -1.55563 -19.5952 6.5
      vertex -1.22225 -19.8688 6.5
    endloop
  endfacet
  facet normal 0.634396 0.773008 0
    outer loop
      vertex -1.55563 -19.5952 6.5
      vertex -1.22225 -19.8688 -1.90735e-07
      vertex -1.55563 -19.5952 -1.90735e-07
    endloop
  endfacet
  facet normal 0.881948 0.471346 0
    outer loop
      vertex -1.82923 -19.2618 6.5
      vertex -2.03253 -18.8814 -1.90735e-07
      vertex -2.03253 -18.8814 6.5
    endloop
  endfacet
  facet normal 0.881948 0.471346 0
    outer loop
      vertex -2.03253 -18.8814 -1.90735e-07
      vertex -1.82923 -19.2618 6.5
      vertex -1.82923 -19.2618 -1.90735e-07
    endloop
  endfacet
  facet normal -0.2903 -0.956936 0
    outer loop
      vertex 0.429198 -15.8818 -1.90735e-07
      vertex 0.841903 -16.007 6.5
      vertex 0.429198 -15.8818 6.5
    endloop
  endfacet
  facet normal -0.2903 -0.956936 -0
    outer loop
      vertex 0.841903 -16.007 6.5
      vertex 0.429198 -15.8818 -1.90735e-07
      vertex 0.841903 -16.007 -1.90735e-07
    endloop
  endfacet
  facet normal 0.0980807 0.995178 -0
    outer loop
      vertex 0 -20.2395 -1.90735e-07
      vertex -0.429198 -20.1972 6.5
      vertex 0 -20.2395 6.5
    endloop
  endfacet
  facet normal 0.0980807 0.995178 0
    outer loop
      vertex -0.429198 -20.1972 6.5
      vertex 0 -20.2395 -1.90735e-07
      vertex -0.429198 -20.1972 -1.90735e-07
    endloop
  endfacet
  facet normal -0.471397 0.881921 0
    outer loop
      vertex 1.22225 -19.8688 -1.90735e-07
      vertex 0.841903 -20.0721 6.5
      vertex 1.22225 -19.8688 6.5
    endloop
  endfacet
  facet normal -0.471397 0.881921 0
    outer loop
      vertex 0.841903 -20.0721 6.5
      vertex 1.22225 -19.8688 -1.90735e-07
      vertex 0.841903 -20.0721 -1.90735e-07
    endloop
  endfacet
  facet normal -0.956935 -0.290303 0
    outer loop
      vertex 2.15773 -17.6103 -1.90735e-07
      vertex 2.03253 -17.1976 6.5
      vertex 2.03253 -17.1976 -1.90735e-07
    endloop
  endfacet
  facet normal -0.956935 -0.290303 0
    outer loop
      vertex 2.03253 -17.1976 6.5
      vertex 2.15773 -17.6103 -1.90735e-07
      vertex 2.15773 -17.6103 6.5
    endloop
  endfacet
  facet normal -0.995185 -0.0980114 0
    outer loop
      vertex 2.2 -18.0395 -1.90735e-07
      vertex 2.15773 -17.6103 6.5
      vertex 2.15773 -17.6103 -1.90735e-07
    endloop
  endfacet
  facet normal -0.995185 -0.0980114 0
    outer loop
      vertex 2.15773 -17.6103 6.5
      vertex 2.2 -18.0395 -1.90735e-07
      vertex 2.2 -18.0395 6.5
    endloop
  endfacet
  facet normal -0.471397 -0.881921 0
    outer loop
      vertex 0.841903 -16.007 -1.90735e-07
      vertex 1.22225 -16.2103 6.5
      vertex 0.841903 -16.007 6.5
    endloop
  endfacet
  facet normal -0.471397 -0.881921 -0
    outer loop
      vertex 1.22225 -16.2103 6.5
      vertex 0.841903 -16.007 -1.90735e-07
      vertex 1.22225 -16.2103 -1.90735e-07
    endloop
  endfacet
  facet normal 0.0980807 -0.995178 0
    outer loop
      vertex -0.429198 -15.8818 -1.90735e-07
      vertex 0 -15.8395 6.5
      vertex -0.429198 -15.8818 6.5
    endloop
  endfacet
  facet normal 0.0980807 -0.995178 0
    outer loop
      vertex 0 -15.8395 6.5
      vertex -0.429198 -15.8818 -1.90735e-07
      vertex 0 -15.8395 -1.90735e-07
    endloop
  endfacet
  facet normal 0.956935 -0.290303 0
    outer loop
      vertex -2.15773 -17.6103 6.5
      vertex -2.03253 -17.1976 -1.90735e-07
      vertex -2.03253 -17.1976 6.5
    endloop
  endfacet
  facet normal 0.956935 -0.290303 0
    outer loop
      vertex -2.03253 -17.1976 -1.90735e-07
      vertex -2.15773 -17.6103 6.5
      vertex -2.15773 -17.6103 -1.90735e-07
    endloop
  endfacet
  facet normal -0.956935 0.290303 0
    outer loop
      vertex 2.03253 -18.8814 -1.90735e-07
      vertex 2.15773 -18.4687 6.5
      vertex 2.15773 -18.4687 -1.90735e-07
    endloop
  endfacet
  facet normal -0.956935 0.290303 0
    outer loop
      vertex 2.15773 -18.4687 6.5
      vertex 2.03253 -18.8814 -1.90735e-07
      vertex 2.03253 -18.8814 6.5
    endloop
  endfacet
  facet normal 0.995185 -0.0980114 0
    outer loop
      vertex -2.2 -18.0395 6.5
      vertex -2.15773 -17.6103 -1.90735e-07
      vertex -2.15773 -17.6103 6.5
    endloop
  endfacet
  facet normal 0.995185 -0.0980114 0
    outer loop
      vertex -2.15773 -17.6103 -1.90735e-07
      vertex -2.2 -18.0395 6.5
      vertex -2.2 -18.0395 -1.90735e-07
    endloop
  endfacet
endsolid OpenSCAD_Model
