solid OpenSCAD_Model
  facet normal 0 -1 0
    outer loop
      vertex 18.5 5.15 85
      vertex 23.0005 5.15 123.137
      vertex 18.5 5.15 123.137
    endloop
  endfacet
  facet normal 0 -1 0
    outer loop
      vertex 23.0005 5.15 123.137
      vertex 18.5 5.15 85
      vertex 19.564 5.15 84.8452
    endloop
  endfacet
  facet normal 0 -1 0
    outer loop
      vertex 22.3984 5.15 21.2188
      vertex 24.0266 5.15 16
      vertex 22.8883 5.15 21.3121
    endloop
  endfacet
  facet normal 0 -1 0
    outer loop
      vertex 18.5 5.15 21
      vertex 24.0266 5.15 16
      vertex 22.3984 5.15 21.2188
    endloop
  endfacet
  facet normal 0 -1 0
    outer loop
      vertex 18.5 5.15 21
      vertex 24.0266 5.15 8
      vertex 24.0266 5.15 16
    endloop
  endfacet
  facet normal 0 -1 0
    outer loop
      vertex 18.5 5.15 21
      vertex 23.2833 5.15 6.01776
      vertex 24.0266 5.15 8
    endloop
  endfacet
  facet normal 0 -1 0
    outer loop
      vertex 18.5 5.15 0
      vertex 23.2833 5.15 6.01776
      vertex 18.5 5.15 21
    endloop
  endfacet
  facet normal 0 -1 0
    outer loop
      vertex 23.2833 5.15 6.01776
      vertex 18.5 5.15 0
      vertex 21.0266 5.15 0
    endloop
  endfacet
  facet normal 0 1 0
    outer loop
      vertex 23.0005 -5.15 123.137
      vertex 18.5 -5.15 85
      vertex 18.5 -5.15 123.137
    endloop
  endfacet
  facet normal -0 1 0
    outer loop
      vertex 18.5 -5.15 85
      vertex 23.0005 -5.15 123.137
      vertex 19.564 -5.15 84.8452
    endloop
  endfacet
  facet normal 0 1 0
    outer loop
      vertex 24.0266 -5.15 16
      vertex 22.3984 -5.15 21.2188
      vertex 22.8883 -5.15 21.3121
    endloop
  endfacet
  facet normal 0 1 0
    outer loop
      vertex 24.0266 -5.15 16
      vertex 18.5 -5.15 21
      vertex 22.3984 -5.15 21.2188
    endloop
  endfacet
  facet normal 0 1 -0
    outer loop
      vertex 24.0266 -5.15 8
      vertex 18.5 -5.15 21
      vertex 24.0266 -5.15 16
    endloop
  endfacet
  facet normal 0 1 0
    outer loop
      vertex 18.5 -5.15 0
      vertex 24.0266 -5.15 8
      vertex 21.6874 -5.15 1.76199
    endloop
  endfacet
  facet normal 0 1 0
    outer loop
      vertex 18.5 -5.15 0
      vertex 21.6874 -5.15 1.76199
      vertex 21.0266 -5.15 0
    endloop
  endfacet
  facet normal 0 1 0
    outer loop
      vertex 24.0266 -5.15 8
      vertex 18.5 -5.15 0
      vertex 18.5 -5.15 21
    endloop
  endfacet
  facet normal 1 -0 0
    outer loop
      vertex 18.5 -5.15 123.137
      vertex 18.5 5.15 85
      vertex 18.5 5.15 123.137
    endloop
  endfacet
  facet normal 1 0 0
    outer loop
      vertex 18.5 5.15 85
      vertex 18.5 -5.15 123.137
      vertex 18.5 -5.15 85
    endloop
  endfacet
  facet normal 0.143973 2.9298e-05 0.989582
    outer loop
      vertex 18.5 5.15 85
      vertex 21.5078 1.73934 84.5625
      vertex 19.564 5.15 84.8452
    endloop
  endfacet
  facet normal 0.14394 0 0.989586
    outer loop
      vertex 21.5078 1.73934 84.5625
      vertex 18.5 5.15 85
      vertex 21.5078 -1.73934 84.5625
    endloop
  endfacet
  facet normal 0.14394 -0 0.989586
    outer loop
      vertex 18.5 -5.15 85
      vertex 21.5078 -1.73934 84.5625
      vertex 18.5 5.15 85
    endloop
  endfacet
  facet normal 0.143973 -2.9298e-05 0.989582
    outer loop
      vertex 21.5078 -1.73934 84.5625
      vertex 18.5 -5.15 85
      vertex 19.564 -5.15 84.8452
    endloop
  endfacet
  facet normal 0.281179 0 0.959655
    outer loop
      vertex 21.5078 1.73934 84.5625
      vertex 21.5078 -1.73934 84.5625
      vertex 22.4863 0 84.2758
    endloop
  endfacet
  facet normal 0.187109 1.05493e-05 -0.982339
    outer loop
      vertex 22.3984 5.15 21.2188
      vertex 25.7451 0 21.8562
      vertex 24.2537 -2.68856 21.5721
    endloop
  endfacet
  facet normal 0.187084 -1.45169e-05 -0.982344
    outer loop
      vertex 22.3984 -5.15 21.2188
      vertex 24.2537 -2.68856 21.5721
      vertex 22.8883 -5.15 21.3121
    endloop
  endfacet
  facet normal 0.187066 0 -0.982347
    outer loop
      vertex 22.3984 5.15 21.2188
      vertex 24.2537 -2.68856 21.5721
      vertex 22.3984 -5.15 21.2188
    endloop
  endfacet
  facet normal 0.187084 -5.89877e-06 -0.982344
    outer loop
      vertex 25.7451 0 21.8562
      vertex 22.3984 5.15 21.2188
      vertex 22.8883 5.15 21.3121
    endloop
  endfacet
  facet normal 0.0560374 0 -0.998429
    outer loop
      vertex 18.5 -5.15 21
      vertex 22.3984 5.15 21.2188
      vertex 22.3984 -5.15 21.2188
    endloop
  endfacet
  facet normal 0.0560374 0 -0.998429
    outer loop
      vertex 22.3984 5.15 21.2188
      vertex 18.5 -5.15 21
      vertex 18.5 5.15 21
    endloop
  endfacet
  facet normal 1 -0 0
    outer loop
      vertex 18.5 -5.15 21
      vertex 18.5 5.15 0
      vertex 18.5 5.15 21
    endloop
  endfacet
  facet normal 1 0 0
    outer loop
      vertex 18.5 5.15 0
      vertex 18.5 -5.15 21
      vertex 18.5 -5.15 0
    endloop
  endfacet
  facet normal 0.866032 -0.499989 -1.98727e-06
    outer loop
      vertex 6.41945 21.4188 123.137
      vertex 6.66243 21.8397 114.718
      vertex 6.76533 22.0179 123.137
    endloop
  endfacet
  facet normal 0.866033 -0.499987 -1.86372e-06
    outer loop
      vertex 4.78997 18.5965 85
      vertex 6.66243 21.8397 114.718
      vertex 6.41945 21.4188 123.137
    endloop
  endfacet
  facet normal 0.866029 -0.499994 -7.64754e-07
    outer loop
      vertex 6.66243 21.8397 114.718
      vertex 4.78997 18.5965 85
      vertex 5.32199 19.518 84.8452
    endloop
  endfacet
  facet normal 0.866007 -0.500032 -7.5835e-07
    outer loop
      vertex 6.76533 22.0179 123.137
      vertex 6.66243 21.8397 114.718
      vertex 7.04023 22.494 123.137
    endloop
  endfacet
  facet normal 0.866022 -0.500006 0
    outer loop
      vertex 4.78997 18.5965 123.137
      vertex 4.78997 18.5965 85
      vertex 6.41945 21.4188 123.137
    endloop
  endfacet
  facet normal 0.866042 -0.499971 6.87954e-06
    outer loop
      vertex 6.73919 21.9726 21.2188
      vertex 7.55329 23.3827 16
      vertex 6.98414 22.3969 21.3121
    endloop
  endfacet
  facet normal 0.866031 -0.49999 0
    outer loop
      vertex 7.55329 23.3827 16
      vertex 6.73919 21.9726 21.2188
      vertex 7.55329 23.3827 8
    endloop
  endfacet
  facet normal 0.866028 -0.499995 -7.42694e-07
    outer loop
      vertex 6.04076 20.7629 0
      vertex 7.55329 23.3827 8
      vertex 6.73919 21.9726 21.2188
    endloop
  endfacet
  facet normal 0.865999 -0.500045 2.09167e-05
    outer loop
      vertex 7.55329 23.3827 8
      vertex 6.04076 20.7629 0
      vertex 6.05329 20.7846 0
    endloop
  endfacet
  facet normal 0.866022 -0.500005 2.31879e-08
    outer loop
      vertex 4.78997 18.5965 21
      vertex 6.04076 20.7629 0
      vertex 6.73919 21.9726 21.2188
    endloop
  endfacet
  facet normal 0.866022 -0.500006 0
    outer loop
      vertex 6.04076 20.7629 0
      vertex 4.78997 18.5965 21
      vertex 4.78997 18.5965 0
    endloop
  endfacet
  facet normal -0.866019 0.50001 1.37531e-06
    outer loop
      vertex 15.5825 16.6897 114.718
      vertex 15.3395 16.2688 123.137
      vertex 15.6854 16.8679 123.137
    endloop
  endfacet
  facet normal -0.865997 0.50005 -6.14768e-06
    outer loop
      vertex 13.71 13.4465 85
      vertex 15.5825 16.6897 114.718
      vertex 14.2421 14.368 84.8452
    endloop
  endfacet
  facet normal -0.866024 0.500002 8.18978e-07
    outer loop
      vertex 15.5825 16.6897 114.718
      vertex 13.71 13.4465 85
      vertex 15.3395 16.2688 123.137
    endloop
  endfacet
  facet normal -0.866007 0.500032 7.5835e-07
    outer loop
      vertex 15.9603 17.344 123.137
      vertex 15.5825 16.6897 114.718
      vertex 15.6854 16.8679 123.137
    endloop
  endfacet
  facet normal -0.86602 0.50001 0
    outer loop
      vertex 15.3395 16.2688 123.137
      vertex 13.71 13.4465 85
      vertex 13.71 13.4465 123.137
    endloop
  endfacet
  facet normal -0.866017 0.500015 0
    outer loop
      vertex 15.3037 16.2068 1.76199
      vertex 16.4734 18.2327 16
      vertex 16.4734 18.2327 8
    endloop
  endfacet
  facet normal -0.865999 0.500046 3.48482e-06
    outer loop
      vertex 16.4734 18.2327 16
      vertex 15.6592 16.8226 21.2188
      vertex 15.9042 17.2469 21.3121
    endloop
  endfacet
  facet normal -0.866009 0.500029 -2.6506e-06
    outer loop
      vertex 16.4734 18.2327 16
      vertex 15.3037 16.2068 1.76199
      vertex 15.6592 16.8226 21.2188
    endloop
  endfacet
  facet normal -0.864789 0.502135 -0.000954689
    outer loop
      vertex 14.9608 15.6129 0
      vertex 15.3037 16.2068 1.76199
      vertex 14.9734 15.6346 0
    endloop
  endfacet
  facet normal -0.866015 0.500018 -2.18109e-06
    outer loop
      vertex 15.3037 16.2068 1.76199
      vertex 14.9608 15.6129 0
      vertex 15.6592 16.8226 21.2188
    endloop
  endfacet
  facet normal -0.86602 0.500009 0
    outer loop
      vertex 13.71 13.4465 21
      vertex 14.9608 15.6129 0
      vertex 13.71 13.4465 0
    endloop
  endfacet
  facet normal -0.866025 0.500002 -9.58581e-07
    outer loop
      vertex 14.9608 15.6129 0
      vertex 13.71 13.4465 21
      vertex 15.6592 16.8226 21.2188
    endloop
  endfacet
  facet normal 0.500001 0.866025 -0
    outer loop
      vertex 13.71 13.4465 85
      vertex 4.78997 18.5965 123.137
      vertex 13.71 13.4465 123.137
    endloop
  endfacet
  facet normal 0.500001 0.866025 0
    outer loop
      vertex 4.78997 18.5965 123.137
      vertex 13.71 13.4465 85
      vertex 4.78997 18.5965 85
    endloop
  endfacet
  facet normal 0.0719572 0.124693 0.989583
    outer loop
      vertex 4.78997 18.5965 85
      vertex 7.91761 19.5034 84.6583
      vertex 5.32199 19.518 84.8452
    endloop
  endfacet
  facet normal 0.0719691 0.124654 0.989587
    outer loop
      vertex 7.91761 19.5034 84.6583
      vertex 4.78997 18.5965 85
      vertex 13.71 13.4465 85
    endloop
  endfacet
  facet normal 0.0719946 0.124665 0.989583
    outer loop
      vertex 12.2602 17.7566 84.5625
      vertex 13.71 13.4465 85
      vertex 14.2421 14.368 84.8452
    endloop
  endfacet
  facet normal 0.0719746 0.124659 0.989586
    outer loop
      vertex 7.91761 19.5034 84.6583
      vertex 12.2602 17.7566 84.5625
      vertex 9.24759 19.496 84.5625
    endloop
  endfacet
  facet normal 0.0719747 0.124659 0.989586
    outer loop
      vertex 12.2602 17.7566 84.5625
      vertex 7.91761 19.5034 84.6583
      vertex 13.71 13.4465 85
    endloop
  endfacet
  facet normal 0.140597 0.243512 0.959653
    outer loop
      vertex 11.2431 19.4737 84.2758
      vertex 9.24759 19.496 84.5625
      vertex 12.2602 17.7566 84.5625
    endloop
  endfacet
  facet normal 0.093546 0.162062 -0.982337
    outer loop
      vertex 6.73919 21.9726 21.2188
      vertex 12.8725 22.2959 21.8562
      vertex 13.9477 20.5054 21.6632
    endloop
  endfacet
  facet normal 0.0935501 0.162003 -0.982346
    outer loop
      vertex 12.8725 22.2959 21.8562
      vertex 6.73919 21.9726 21.2188
      vertex 6.98414 22.3969 21.3121
    endloop
  endfacet
  facet normal 0.0935342 0.162001 -0.982348
    outer loop
      vertex 15.6592 16.8226 21.2188
      vertex 14.4552 19.6601 21.5721
      vertex 15.9042 17.2469 21.3121
    endloop
  endfacet
  facet normal 0.0935314 0.162 -0.982348
    outer loop
      vertex 6.73919 21.9726 21.2188
      vertex 14.4552 19.6601 21.5721
      vertex 15.6592 16.8226 21.2188
    endloop
  endfacet
  facet normal 0.0935396 0.162029 -0.982343
    outer loop
      vertex 14.4552 19.6601 21.5721
      vertex 6.73919 21.9726 21.2188
      vertex 13.9477 20.5054 21.6632
    endloop
  endfacet
  facet normal 0.0280188 0.0485298 -0.998429
    outer loop
      vertex 15.6592 16.8226 21.2188
      vertex 4.78997 18.5965 21
      vertex 6.73919 21.9726 21.2188
    endloop
  endfacet
  facet normal 0.0280189 0.0485299 -0.998429
    outer loop
      vertex 13.71 13.4465 21
      vertex 4.78997 18.5965 21
      vertex 15.6592 16.8226 21.2188
    endloop
  endfacet
  facet normal 0.500001 0.866025 -0
    outer loop
      vertex 13.71 13.4465 0
      vertex 4.78997 18.5965 21
      vertex 13.71 13.4465 21
    endloop
  endfacet
  facet normal 0.500001 0.866025 0
    outer loop
      vertex 4.78997 18.5965 21
      vertex 13.71 13.4465 0
      vertex 4.78997 18.5965 0
    endloop
  endfacet
  facet normal 0.866019 0.50001 1.37531e-06
    outer loop
      vertex -15.3395 16.2688 123.137
      vertex -15.5825 16.6897 114.718
      vertex -15.6854 16.8679 123.137
    endloop
  endfacet
  facet normal 0.866024 0.500002 8.18978e-07
    outer loop
      vertex -13.71 13.4465 85
      vertex -15.5825 16.6897 114.718
      vertex -15.3395 16.2688 123.137
    endloop
  endfacet
  facet normal 0.865997 0.50005 -6.14768e-06
    outer loop
      vertex -15.5825 16.6897 114.718
      vertex -13.71 13.4465 85
      vertex -14.2421 14.368 84.8452
    endloop
  endfacet
  facet normal 0.866007 0.500032 7.5835e-07
    outer loop
      vertex -15.5825 16.6897 114.718
      vertex -15.9603 17.344 123.137
      vertex -15.6854 16.8679 123.137
    endloop
  endfacet
  facet normal 0.86602 0.50001 -0
    outer loop
      vertex -13.71 13.4465 85
      vertex -15.3395 16.2688 123.137
      vertex -13.71 13.4465 123.137
    endloop
  endfacet
  facet normal 0.866024 0.500002 0
    outer loop
      vertex -16.4734 18.2327 16
      vertex -16.1017 17.5889 6.01776
      vertex -16.4734 18.2327 8
    endloop
  endfacet
  facet normal 0.865999 0.500046 3.48482e-06
    outer loop
      vertex -15.6592 16.8226 21.2188
      vertex -16.4734 18.2327 16
      vertex -15.9042 17.2469 21.3121
    endloop
  endfacet
  facet normal 0.866008 0.50003 -2.37365e-06
    outer loop
      vertex -16.4734 18.2327 16
      vertex -15.6592 16.8226 21.2188
      vertex -16.1017 17.5889 6.01776
    endloop
  endfacet
  facet normal 0.866011 0.500025 -2.70761e-06
    outer loop
      vertex -14.9608 15.6129 0
      vertex -16.1017 17.5889 6.01776
      vertex -15.6592 16.8226 21.2188
    endloop
  endfacet
  facet normal 0.864789 0.502135 -0.000927599
    outer loop
      vertex -16.1017 17.5889 6.01776
      vertex -14.9608 15.6129 0
      vertex -14.9734 15.6346 0
    endloop
  endfacet
  facet normal 0.866025 0.500002 -9.58581e-07
    outer loop
      vertex -13.71 13.4465 21
      vertex -14.9608 15.6129 0
      vertex -15.6592 16.8226 21.2188
    endloop
  endfacet
  facet normal 0.86602 0.500009 0
    outer loop
      vertex -14.9608 15.6129 0
      vertex -13.71 13.4465 21
      vertex -13.71 13.4465 0
    endloop
  endfacet
  facet normal -0.866032 -0.499989 -1.98727e-06
    outer loop
      vertex -6.66243 21.8397 114.718
      vertex -6.41945 21.4188 123.137
      vertex -6.76533 22.0179 123.137
    endloop
  endfacet
  facet normal -0.866029 -0.499994 -7.64754e-07
    outer loop
      vertex -4.78997 18.5965 85
      vertex -6.66243 21.8397 114.718
      vertex -5.32199 19.518 84.8452
    endloop
  endfacet
  facet normal -0.866033 -0.499987 -1.86372e-06
    outer loop
      vertex -6.66243 21.8397 114.718
      vertex -4.78997 18.5965 85
      vertex -6.41945 21.4188 123.137
    endloop
  endfacet
  facet normal -0.866007 -0.500032 -7.5835e-07
    outer loop
      vertex -6.76533 22.0179 123.137
      vertex -7.04023 22.494 123.137
      vertex -6.66243 21.8397 114.718
    endloop
  endfacet
  facet normal -0.866022 -0.500006 -0
    outer loop
      vertex -4.78997 18.5965 123.137
      vertex -6.41945 21.4188 123.137
      vertex -4.78997 18.5965 85
    endloop
  endfacet
  facet normal -0.866031 -0.49999 0
    outer loop
      vertex -6.73919 21.9726 21.2188
      vertex -7.55329 23.3827 16
      vertex -7.55329 23.3827 8
    endloop
  endfacet
  facet normal -0.866042 -0.499971 6.87954e-06
    outer loop
      vertex -7.55329 23.3827 16
      vertex -6.73919 21.9726 21.2188
      vertex -6.98414 22.3969 21.3121
    endloop
  endfacet
  facet normal -0.865999 -0.500045 2.09167e-05
    outer loop
      vertex -6.04076 20.7629 0
      vertex -7.55329 23.3827 8
      vertex -6.05329 20.7846 0
    endloop
  endfacet
  facet normal -0.866028 -0.499995 -7.42694e-07
    outer loop
      vertex -7.55329 23.3827 8
      vertex -6.04076 20.7629 0
      vertex -6.73919 21.9726 21.2188
    endloop
  endfacet
  facet normal -0.866022 -0.500006 -0
    outer loop
      vertex -4.78997 18.5965 21
      vertex -6.04076 20.7629 0
      vertex -4.78997 18.5965 0
    endloop
  endfacet
  facet normal -0.866022 -0.500005 2.31879e-08
    outer loop
      vertex -6.04076 20.7629 0
      vertex -4.78997 18.5965 21
      vertex -6.73919 21.9726 21.2188
    endloop
  endfacet
  facet normal -0.500001 0.866025 0
    outer loop
      vertex -4.78997 18.5965 85
      vertex -13.71 13.4465 123.137
      vertex -4.78997 18.5965 123.137
    endloop
  endfacet
  facet normal -0.500001 0.866025 0
    outer loop
      vertex -13.71 13.4465 123.137
      vertex -4.78997 18.5965 85
      vertex -13.71 13.4465 85
    endloop
  endfacet
  facet normal -0.0719666 0.124649 0.989587
    outer loop
      vertex -12.9317 16.6086 84.6583
      vertex -13.71 13.4465 85
      vertex -4.78997 18.5965 85
    endloop
  endfacet
  facet normal -0.0720063 0.124659 0.989583
    outer loop
      vertex -13.71 13.4465 85
      vertex -12.9317 16.6086 84.6583
      vertex -14.2421 14.368 84.8452
    endloop
  endfacet
  facet normal -0.0719631 0.12469 0.989583
    outer loop
      vertex -9.24759 19.496 84.5625
      vertex -4.78997 18.5965 85
      vertex -5.32199 19.518 84.8452
    endloop
  endfacet
  facet normal -0.0719932 0.124691 0.98958
    outer loop
      vertex -12.9317 16.6086 84.6583
      vertex -9.24759 19.496 84.5625
      vertex -12.2602 17.7566 84.5625
    endloop
  endfacet
  facet normal -0.0719693 0.124661 0.989586
    outer loop
      vertex -9.24759 19.496 84.5625
      vertex -12.9317 16.6086 84.6583
      vertex -4.78997 18.5965 85
    endloop
  endfacet
  facet normal -0.140597 0.243512 0.959653
    outer loop
      vertex -11.2431 19.4737 84.2758
      vertex -12.2602 17.7566 84.5625
      vertex -9.24759 19.496 84.5625
    endloop
  endfacet
  facet normal -0.0935697 0.16204 -0.982338
    outer loop
      vertex -15.6592 16.8226 21.2188
      vertex -12.8725 22.2959 21.8562
      vertex -10.7843 22.3317 21.6632
    endloop
  endfacet
  facet normal -0.0935143 0.162013 -0.982348
    outer loop
      vertex -12.8725 22.2959 21.8562
      vertex -15.6592 16.8226 21.2188
      vertex -15.9042 17.2469 21.3121
    endloop
  endfacet
  facet normal -0.0935394 0.162009 -0.982346
    outer loop
      vertex -6.73919 21.9726 21.2188
      vertex -10.7843 22.3317 21.6632
      vertex -6.98414 22.3969 21.3121
    endloop
  endfacet
  facet normal -0.0935389 0.162013 -0.982345
    outer loop
      vertex -10.7843 22.3317 21.6632
      vertex -6.73919 21.9726 21.2188
      vertex -15.6592 16.8226 21.2188
    endloop
  endfacet
  facet normal -0.0280189 0.0485299 -0.998429
    outer loop
      vertex -13.71 13.4465 21
      vertex -15.6592 16.8226 21.2188
      vertex -6.73919 21.9726 21.2188
    endloop
  endfacet
  facet normal -0.0280188 0.0485298 -0.998429
    outer loop
      vertex -4.78997 18.5965 21
      vertex -13.71 13.4465 21
      vertex -6.73919 21.9726 21.2188
    endloop
  endfacet
  facet normal -0.500001 0.866025 0
    outer loop
      vertex -4.78997 18.5965 0
      vertex -13.71 13.4465 21
      vertex -4.78997 18.5965 21
    endloop
  endfacet
  facet normal -0.500001 0.866025 0
    outer loop
      vertex -13.71 13.4465 21
      vertex -4.78997 18.5965 0
      vertex -13.71 13.4465 0
    endloop
  endfacet
  facet normal 0 1 -0
    outer loop
      vertex -18.5 -5.15 85
      vertex -23.0005 -5.15 123.137
      vertex -18.5 -5.15 123.137
    endloop
  endfacet
  facet normal 0 1 0
    outer loop
      vertex -23.0005 -5.15 123.137
      vertex -18.5 -5.15 85
      vertex -19.564 -5.15 84.8452
    endloop
  endfacet
  facet normal 0 1 0
    outer loop
      vertex -22.3984 -5.15 21.2188
      vertex -24.0266 -5.15 16
      vertex -22.8883 -5.15 21.3121
    endloop
  endfacet
  facet normal 0 1 0
    outer loop
      vertex -18.5 -5.15 21
      vertex -24.0266 -5.15 16
      vertex -22.3984 -5.15 21.2188
    endloop
  endfacet
  facet normal 0 1 0
    outer loop
      vertex -18.5 -5.15 21
      vertex -24.0266 -5.15 8
      vertex -24.0266 -5.15 16
    endloop
  endfacet
  facet normal 0 1 0
    outer loop
      vertex -18.5 -5.15 21
      vertex -23.2833 -5.15 6.01776
      vertex -24.0266 -5.15 8
    endloop
  endfacet
  facet normal 0 1 -0
    outer loop
      vertex -18.5 -5.15 0
      vertex -23.2833 -5.15 6.01776
      vertex -18.5 -5.15 21
    endloop
  endfacet
  facet normal 0 1 0
    outer loop
      vertex -23.2833 -5.15 6.01776
      vertex -18.5 -5.15 0
      vertex -21.0266 -5.15 0
    endloop
  endfacet
  facet normal 0 -1 0
    outer loop
      vertex -23.0005 5.15 123.137
      vertex -18.5 5.15 85
      vertex -18.5 5.15 123.137
    endloop
  endfacet
  facet normal -0 -1 0
    outer loop
      vertex -18.5 5.15 85
      vertex -23.0005 5.15 123.137
      vertex -19.564 5.15 84.8452
    endloop
  endfacet
  facet normal 0 -1 0
    outer loop
      vertex -24.0266 5.15 16
      vertex -22.3984 5.15 21.2188
      vertex -22.8883 5.15 21.3121
    endloop
  endfacet
  facet normal 0 -1 0
    outer loop
      vertex -24.0266 5.15 16
      vertex -18.5 5.15 21
      vertex -22.3984 5.15 21.2188
    endloop
  endfacet
  facet normal 0 -1 0
    outer loop
      vertex -24.0266 5.15 8
      vertex -18.5 5.15 21
      vertex -24.0266 5.15 16
    endloop
  endfacet
  facet normal 0 -1 0
    outer loop
      vertex -18.5 5.15 0
      vertex -24.0266 5.15 8
      vertex -21.6874 5.15 1.76199
    endloop
  endfacet
  facet normal 0 -1 0
    outer loop
      vertex -18.5 5.15 0
      vertex -21.6874 5.15 1.76199
      vertex -21.0266 5.15 0
    endloop
  endfacet
  facet normal 0 -1 0
    outer loop
      vertex -24.0266 5.15 8
      vertex -18.5 5.15 0
      vertex -18.5 5.15 21
    endloop
  endfacet
  facet normal -1 0 0
    outer loop
      vertex -18.5 -5.15 85
      vertex -18.5 5.15 123.137
      vertex -18.5 5.15 85
    endloop
  endfacet
  facet normal -1 -0 0
    outer loop
      vertex -18.5 5.15 123.137
      vertex -18.5 -5.15 85
      vertex -18.5 -5.15 123.137
    endloop
  endfacet
  facet normal -0.143973 2.9298e-05 0.989582
    outer loop
      vertex -21.5078 1.73934 84.5625
      vertex -18.5 5.15 85
      vertex -19.564 5.15 84.8452
    endloop
  endfacet
  facet normal -0.14394 0 0.989586
    outer loop
      vertex -18.5 5.15 85
      vertex -21.5078 1.73934 84.5625
      vertex -18.5 -5.15 85
    endloop
  endfacet
  facet normal -0.14394 0 0.989586
    outer loop
      vertex -21.5078 -1.73934 84.5625
      vertex -18.5 -5.15 85
      vertex -21.5078 1.73934 84.5625
    endloop
  endfacet
  facet normal -0.143973 -2.9298e-05 0.989582
    outer loop
      vertex -18.5 -5.15 85
      vertex -21.5078 -1.73934 84.5625
      vertex -19.564 -5.15 84.8452
    endloop
  endfacet
  facet normal -0.281179 0 0.959655
    outer loop
      vertex -21.5078 1.73934 84.5625
      vertex -22.4863 0 84.2758
      vertex -21.5078 -1.73934 84.5625
    endloop
  endfacet
  facet normal -0.187084 5.89877e-06 -0.982344
    outer loop
      vertex -25.7451 0 21.8562
      vertex -22.3984 -5.15 21.2188
      vertex -22.8883 -5.15 21.3121
    endloop
  endfacet
  facet normal -0.187066 0 -0.982347
    outer loop
      vertex -22.3984 -5.15 21.2188
      vertex -24.2537 2.68856 21.5721
      vertex -22.3984 5.15 21.2188
    endloop
  endfacet
  facet normal -0.187084 1.45169e-05 -0.982344
    outer loop
      vertex -22.3984 5.15 21.2188
      vertex -24.2537 2.68856 21.5721
      vertex -22.8883 5.15 21.3121
    endloop
  endfacet
  facet normal -0.187109 -1.05493e-05 -0.982339
    outer loop
      vertex -22.3984 -5.15 21.2188
      vertex -25.7451 0 21.8562
      vertex -24.2537 2.68856 21.5721
    endloop
  endfacet
  facet normal -0.0560374 0 -0.998429
    outer loop
      vertex -22.3984 -5.15 21.2188
      vertex -18.5 5.15 21
      vertex -18.5 -5.15 21
    endloop
  endfacet
  facet normal -0.0560374 0 -0.998429
    outer loop
      vertex -18.5 5.15 21
      vertex -22.3984 -5.15 21.2188
      vertex -22.3984 5.15 21.2188
    endloop
  endfacet
  facet normal -1 0 0
    outer loop
      vertex -18.5 -5.15 0
      vertex -18.5 5.15 21
      vertex -18.5 5.15 0
    endloop
  endfacet
  facet normal -1 -0 0
    outer loop
      vertex -18.5 5.15 21
      vertex -18.5 -5.15 0
      vertex -18.5 -5.15 21
    endloop
  endfacet
  facet normal -0.866029 0.499994 -7.64754e-07
    outer loop
      vertex -6.66243 -21.8397 114.718
      vertex -4.78997 -18.5965 85
      vertex -5.32199 -19.518 84.8452
    endloop
  endfacet
  facet normal -0.866033 0.499987 -1.86372e-06
    outer loop
      vertex -4.78997 -18.5965 85
      vertex -6.66243 -21.8397 114.718
      vertex -6.41945 -21.4188 123.137
    endloop
  endfacet
  facet normal -0.866032 0.499989 -1.98727e-06
    outer loop
      vertex -6.41945 -21.4188 123.137
      vertex -6.66243 -21.8397 114.718
      vertex -6.76533 -22.0179 123.137
    endloop
  endfacet
  facet normal -0.866007 0.500032 -7.5835e-07
    outer loop
      vertex -6.66243 -21.8397 114.718
      vertex -7.04023 -22.494 123.137
      vertex -6.76533 -22.0179 123.137
    endloop
  endfacet
  facet normal -0.866022 0.500006 0
    outer loop
      vertex -4.78997 -18.5965 85
      vertex -6.41945 -21.4188 123.137
      vertex -4.78997 -18.5965 123.137
    endloop
  endfacet
  facet normal -0.865999 0.500045 2.09167e-05
    outer loop
      vertex -7.55329 -23.3827 8
      vertex -6.04076 -20.7629 0
      vertex -6.05329 -20.7846 0
    endloop
  endfacet
  facet normal -0.86603 0.499993 -9.4106e-07
    outer loop
      vertex -6.04076 -20.7629 0
      vertex -7.55329 -23.3827 16
      vertex -6.73919 -21.9726 21.2188
    endloop
  endfacet
  facet normal -0.866027 0.499997 0
    outer loop
      vertex -6.04076 -20.7629 0
      vertex -7.55329 -23.3827 8
      vertex -7.55329 -23.3827 16
    endloop
  endfacet
  facet normal -0.866042 0.499971 6.87954e-06
    outer loop
      vertex -6.73919 -21.9726 21.2188
      vertex -7.55329 -23.3827 16
      vertex -6.98414 -22.3969 21.3121
    endloop
  endfacet
  facet normal -0.866022 0.500006 0
    outer loop
      vertex -6.04076 -20.7629 0
      vertex -4.78997 -18.5965 21
      vertex -4.78997 -18.5965 0
    endloop
  endfacet
  facet normal -0.866022 0.500005 2.31879e-08
    outer loop
      vertex -4.78997 -18.5965 21
      vertex -6.04076 -20.7629 0
      vertex -6.73919 -21.9726 21.2188
    endloop
  endfacet
  facet normal 0.866024 -0.500002 8.18978e-07
    outer loop
      vertex -15.5825 -16.6897 114.718
      vertex -13.71 -13.4465 85
      vertex -15.3395 -16.2688 123.137
    endloop
  endfacet
  facet normal 0.865997 -0.50005 -6.14768e-06
    outer loop
      vertex -13.71 -13.4465 85
      vertex -15.5825 -16.6897 114.718
      vertex -14.2421 -14.368 84.8452
    endloop
  endfacet
  facet normal 0.866019 -0.50001 1.37531e-06
    outer loop
      vertex -15.5825 -16.6897 114.718
      vertex -15.3395 -16.2688 123.137
      vertex -15.6854 -16.8679 123.137
    endloop
  endfacet
  facet normal 0.866007 -0.500032 7.5835e-07
    outer loop
      vertex -15.6854 -16.8679 123.137
      vertex -15.9603 -17.344 123.137
      vertex -15.5825 -16.6897 114.718
    endloop
  endfacet
  facet normal 0.86602 -0.50001 0
    outer loop
      vertex -13.71 -13.4465 123.137
      vertex -15.3395 -16.2688 123.137
      vertex -13.71 -13.4465 85
    endloop
  endfacet
  facet normal 0.864789 -0.502135 -0.000954689
    outer loop
      vertex -14.9608 -15.6129 0
      vertex -15.3037 -16.2068 1.76199
      vertex -14.9734 -15.6346 0
    endloop
  endfacet
  facet normal 0.866015 -0.500018 -2.18109e-06
    outer loop
      vertex -15.6592 -16.8226 21.2188
      vertex -15.3037 -16.2068 1.76199
      vertex -14.9608 -15.6129 0
    endloop
  endfacet
  facet normal 0.865999 -0.500046 3.48482e-06
    outer loop
      vertex -16.4734 -18.2327 16
      vertex -15.6592 -16.8226 21.2188
      vertex -15.9042 -17.2469 21.3121
    endloop
  endfacet
  facet normal 0.866009 -0.500029 -2.6506e-06
    outer loop
      vertex -15.6592 -16.8226 21.2188
      vertex -16.4734 -18.2327 16
      vertex -15.3037 -16.2068 1.76199
    endloop
  endfacet
  facet normal 0.866017 -0.500015 0
    outer loop
      vertex -15.3037 -16.2068 1.76199
      vertex -16.4734 -18.2327 16
      vertex -16.4734 -18.2327 8
    endloop
  endfacet
  facet normal 0.86602 -0.500009 0
    outer loop
      vertex -13.71 -13.4465 21
      vertex -14.9608 -15.6129 0
      vertex -13.71 -13.4465 0
    endloop
  endfacet
  facet normal 0.866025 -0.500002 -9.58581e-07
    outer loop
      vertex -14.9608 -15.6129 0
      vertex -13.71 -13.4465 21
      vertex -15.6592 -16.8226 21.2188
    endloop
  endfacet
  facet normal -0.500001 -0.866025 0
    outer loop
      vertex -13.71 -13.4465 85
      vertex -4.78997 -18.5965 123.137
      vertex -13.71 -13.4465 123.137
    endloop
  endfacet
  facet normal -0.500001 -0.866025 -0
    outer loop
      vertex -4.78997 -18.5965 123.137
      vertex -13.71 -13.4465 85
      vertex -4.78997 -18.5965 85
    endloop
  endfacet
  facet normal -0.0719572 -0.124693 0.989583
    outer loop
      vertex -4.78997 -18.5965 85
      vertex -7.91761 -19.5034 84.6583
      vertex -5.32199 -19.518 84.8452
    endloop
  endfacet
  facet normal -0.0719691 -0.124654 0.989587
    outer loop
      vertex -7.91761 -19.5034 84.6583
      vertex -4.78997 -18.5965 85
      vertex -13.71 -13.4465 85
    endloop
  endfacet
  facet normal -0.0719746 -0.124659 0.989586
    outer loop
      vertex -7.91761 -19.5034 84.6583
      vertex -12.2602 -17.7566 84.5625
      vertex -9.24759 -19.496 84.5625
    endloop
  endfacet
  facet normal -0.0719747 -0.124659 0.989586
    outer loop
      vertex -13.71 -13.4465 85
      vertex -12.2602 -17.7566 84.5625
      vertex -7.91761 -19.5034 84.6583
    endloop
  endfacet
  facet normal -0.0719946 -0.124665 0.989583
    outer loop
      vertex -12.2602 -17.7566 84.5625
      vertex -13.71 -13.4465 85
      vertex -14.2421 -14.368 84.8452
    endloop
  endfacet
  facet normal -0.140597 -0.243512 0.959653
    outer loop
      vertex -9.24759 -19.496 84.5625
      vertex -12.2602 -17.7566 84.5625
      vertex -11.2431 -19.4737 84.2758
    endloop
  endfacet
  facet normal -0.0935501 -0.162003 -0.982346
    outer loop
      vertex -12.8725 -22.2959 21.8562
      vertex -6.73919 -21.9726 21.2188
      vertex -6.98414 -22.3969 21.3121
    endloop
  endfacet
  facet normal -0.093546 -0.162062 -0.982337
    outer loop
      vertex -6.73919 -21.9726 21.2188
      vertex -12.8725 -22.2959 21.8562
      vertex -13.9477 -20.5054 21.6632
    endloop
  endfacet
  facet normal -0.0935396 -0.162029 -0.982343
    outer loop
      vertex -14.4552 -19.6601 21.5721
      vertex -6.73919 -21.9726 21.2188
      vertex -13.9477 -20.5054 21.6632
    endloop
  endfacet
  facet normal -0.0935314 -0.162 -0.982348
    outer loop
      vertex -14.4552 -19.6601 21.5721
      vertex -15.6592 -16.8226 21.2188
      vertex -6.73919 -21.9726 21.2188
    endloop
  endfacet
  facet normal -0.0935342 -0.162001 -0.982348
    outer loop
      vertex -15.6592 -16.8226 21.2188
      vertex -14.4552 -19.6601 21.5721
      vertex -15.9042 -17.2469 21.3121
    endloop
  endfacet
  facet normal -0.0280188 -0.0485298 -0.998429
    outer loop
      vertex -6.73919 -21.9726 21.2188
      vertex -15.6592 -16.8226 21.2188
      vertex -4.78997 -18.5965 21
    endloop
  endfacet
  facet normal -0.0280189 -0.0485299 -0.998429
    outer loop
      vertex -4.78997 -18.5965 21
      vertex -15.6592 -16.8226 21.2188
      vertex -13.71 -13.4465 21
    endloop
  endfacet
  facet normal -0.500001 -0.866025 0
    outer loop
      vertex -13.71 -13.4465 0
      vertex -4.78997 -18.5965 21
      vertex -13.71 -13.4465 21
    endloop
  endfacet
  facet normal -0.500001 -0.866025 -0
    outer loop
      vertex -4.78997 -18.5965 21
      vertex -13.71 -13.4465 0
      vertex -4.78997 -18.5965 0
    endloop
  endfacet
  facet normal -0.865997 -0.50005 -6.14768e-06
    outer loop
      vertex 15.5825 -16.6897 114.718
      vertex 13.71 -13.4465 85
      vertex 14.2421 -14.368 84.8452
    endloop
  endfacet
  facet normal -0.866024 -0.500002 8.18978e-07
    outer loop
      vertex 13.71 -13.4465 85
      vertex 15.5825 -16.6897 114.718
      vertex 15.3395 -16.2688 123.137
    endloop
  endfacet
  facet normal -0.866019 -0.50001 1.37531e-06
    outer loop
      vertex 15.3395 -16.2688 123.137
      vertex 15.5825 -16.6897 114.718
      vertex 15.6854 -16.8679 123.137
    endloop
  endfacet
  facet normal -0.866007 -0.500032 7.5835e-07
    outer loop
      vertex 15.6854 -16.8679 123.137
      vertex 15.5825 -16.6897 114.718
      vertex 15.9603 -17.344 123.137
    endloop
  endfacet
  facet normal -0.86602 -0.50001 -0
    outer loop
      vertex 13.71 -13.4465 123.137
      vertex 13.71 -13.4465 85
      vertex 15.3395 -16.2688 123.137
    endloop
  endfacet
  facet normal -0.864789 -0.502135 -0.000927599
    outer loop
      vertex 16.1017 -17.5889 6.01776
      vertex 14.9608 -15.6129 0
      vertex 14.9734 -15.6346 0
    endloop
  endfacet
  facet normal -0.866011 -0.500025 -2.70761e-06
    outer loop
      vertex 14.9608 -15.6129 0
      vertex 16.1017 -17.5889 6.01776
      vertex 15.6592 -16.8226 21.2188
    endloop
  endfacet
  facet normal -0.866008 -0.50003 -2.37365e-06
    outer loop
      vertex 16.4734 -18.2327 16
      vertex 15.6592 -16.8226 21.2188
      vertex 16.1017 -17.5889 6.01776
    endloop
  endfacet
  facet normal -0.866024 -0.500002 -0
    outer loop
      vertex 16.4734 -18.2327 16
      vertex 16.1017 -17.5889 6.01776
      vertex 16.4734 -18.2327 8
    endloop
  endfacet
  facet normal -0.865999 -0.500046 3.48482e-06
    outer loop
      vertex 15.6592 -16.8226 21.2188
      vertex 16.4734 -18.2327 16
      vertex 15.9042 -17.2469 21.3121
    endloop
  endfacet
  facet normal -0.86602 -0.500009 0
    outer loop
      vertex 14.9608 -15.6129 0
      vertex 13.71 -13.4465 21
      vertex 13.71 -13.4465 0
    endloop
  endfacet
  facet normal -0.866025 -0.500002 -9.58581e-07
    outer loop
      vertex 13.71 -13.4465 21
      vertex 14.9608 -15.6129 0
      vertex 15.6592 -16.8226 21.2188
    endloop
  endfacet
  facet normal 0.866033 0.499987 -1.86372e-06
    outer loop
      vertex 6.66243 -21.8397 114.718
      vertex 4.78997 -18.5965 85
      vertex 6.41945 -21.4188 123.137
    endloop
  endfacet
  facet normal 0.866029 0.499994 -7.64754e-07
    outer loop
      vertex 4.78997 -18.5965 85
      vertex 6.66243 -21.8397 114.718
      vertex 5.32199 -19.518 84.8452
    endloop
  endfacet
  facet normal 0.866032 0.499989 -1.98727e-06
    outer loop
      vertex 6.66243 -21.8397 114.718
      vertex 6.41945 -21.4188 123.137
      vertex 6.76533 -22.0179 123.137
    endloop
  endfacet
  facet normal 0.866007 0.500032 -7.5835e-07
    outer loop
      vertex 7.04023 -22.494 123.137
      vertex 6.66243 -21.8397 114.718
      vertex 6.76533 -22.0179 123.137
    endloop
  endfacet
  facet normal 0.866022 0.500006 0
    outer loop
      vertex 6.41945 -21.4188 123.137
      vertex 4.78997 -18.5965 85
      vertex 4.78997 -18.5965 123.137
    endloop
  endfacet
  facet normal 0.86603 0.499993 -9.4106e-07
    outer loop
      vertex 7.55329 -23.3827 16
      vertex 6.04076 -20.7629 0
      vertex 6.73919 -21.9726 21.2188
    endloop
  endfacet
  facet normal 0.866042 0.499971 6.87954e-06
    outer loop
      vertex 7.55329 -23.3827 16
      vertex 6.73919 -21.9726 21.2188
      vertex 6.98414 -22.3969 21.3121
    endloop
  endfacet
  facet normal 0.866027 0.499997 -0
    outer loop
      vertex 7.55329 -23.3827 8
      vertex 6.04076 -20.7629 0
      vertex 7.55329 -23.3827 16
    endloop
  endfacet
  facet normal 0.865999 0.500045 2.09167e-05
    outer loop
      vertex 6.04076 -20.7629 0
      vertex 7.55329 -23.3827 8
      vertex 6.05329 -20.7846 0
    endloop
  endfacet
  facet normal 0.866022 0.500006 0
    outer loop
      vertex 4.78997 -18.5965 21
      vertex 6.04076 -20.7629 0
      vertex 4.78997 -18.5965 0
    endloop
  endfacet
  facet normal 0.866022 0.500005 2.31879e-08
    outer loop
      vertex 6.04076 -20.7629 0
      vertex 4.78997 -18.5965 21
      vertex 6.73919 -21.9726 21.2188
    endloop
  endfacet
  facet normal 0.500001 -0.866025 0
    outer loop
      vertex 4.78997 -18.5965 85
      vertex 13.71 -13.4465 123.137
      vertex 4.78997 -18.5965 123.137
    endloop
  endfacet
  facet normal 0.500001 -0.866025 0
    outer loop
      vertex 13.71 -13.4465 123.137
      vertex 4.78997 -18.5965 85
      vertex 13.71 -13.4465 85
    endloop
  endfacet
  facet normal 0.0720063 -0.124659 0.989583
    outer loop
      vertex 13.71 -13.4465 85
      vertex 12.9317 -16.6086 84.6583
      vertex 14.2421 -14.368 84.8452
    endloop
  endfacet
  facet normal 0.0719666 -0.124649 0.989587
    outer loop
      vertex 12.9317 -16.6086 84.6583
      vertex 13.71 -13.4465 85
      vertex 4.78997 -18.5965 85
    endloop
  endfacet
  facet normal 0.0719932 -0.124691 0.98958
    outer loop
      vertex 12.9317 -16.6086 84.6583
      vertex 9.24759 -19.496 84.5625
      vertex 12.2602 -17.7566 84.5625
    endloop
  endfacet
  facet normal 0.0719693 -0.124661 0.989586
    outer loop
      vertex 4.78997 -18.5965 85
      vertex 9.24759 -19.496 84.5625
      vertex 12.9317 -16.6086 84.6583
    endloop
  endfacet
  facet normal 0.0719631 -0.12469 0.989583
    outer loop
      vertex 9.24759 -19.496 84.5625
      vertex 4.78997 -18.5965 85
      vertex 5.32199 -19.518 84.8452
    endloop
  endfacet
  facet normal 0.140597 -0.243512 0.959653
    outer loop
      vertex 12.2602 -17.7566 84.5625
      vertex 9.24759 -19.496 84.5625
      vertex 11.2431 -19.4737 84.2758
    endloop
  endfacet
  facet normal 0.0935143 -0.162013 -0.982348
    outer loop
      vertex 12.8725 -22.2959 21.8562
      vertex 15.6592 -16.8226 21.2188
      vertex 15.9042 -17.2469 21.3121
    endloop
  endfacet
  facet normal 0.0935697 -0.16204 -0.982338
    outer loop
      vertex 15.6592 -16.8226 21.2188
      vertex 12.8725 -22.2959 21.8562
      vertex 10.7843 -22.3317 21.6632
    endloop
  endfacet
  facet normal 0.0935394 -0.162009 -0.982346
    outer loop
      vertex 6.73919 -21.9726 21.2188
      vertex 10.7843 -22.3317 21.6632
      vertex 6.98414 -22.3969 21.3121
    endloop
  endfacet
  facet normal 0.0935389 -0.162013 -0.982345
    outer loop
      vertex 10.7843 -22.3317 21.6632
      vertex 6.73919 -21.9726 21.2188
      vertex 15.6592 -16.8226 21.2188
    endloop
  endfacet
  facet normal 0.0280189 -0.0485299 -0.998429
    outer loop
      vertex 15.6592 -16.8226 21.2188
      vertex 6.73919 -21.9726 21.2188
      vertex 13.71 -13.4465 21
    endloop
  endfacet
  facet normal 0.0280188 -0.0485298 -0.998429
    outer loop
      vertex 6.73919 -21.9726 21.2188
      vertex 4.78997 -18.5965 21
      vertex 13.71 -13.4465 21
    endloop
  endfacet
  facet normal 0.500001 -0.866025 0
    outer loop
      vertex 4.78997 -18.5965 0
      vertex 13.71 -13.4465 21
      vertex 4.78997 -18.5965 21
    endloop
  endfacet
  facet normal 0.500001 -0.866025 0
    outer loop
      vertex 13.71 -13.4465 21
      vertex 4.78997 -18.5965 0
      vertex 13.71 -13.4465 0
    endloop
  endfacet
  facet normal -0.866028 0.499995 0
    outer loop
      vertex -24.0266 5.15 8
      vertex -16.4734 18.2327 16
      vertex -16.4734 18.2327 8
    endloop
  endfacet
  facet normal -0.866028 0.499995 0
    outer loop
      vertex -16.4734 18.2327 16
      vertex -24.0266 5.15 8
      vertex -24.0266 5.15 16
    endloop
  endfacet
  facet normal -0.851482 0.491616 0.182461
    outer loop
      vertex -19.5 0 51
      vertex -24.2537 2.68856 21.5721
      vertex -25.7451 0 21.8562
    endloop
  endfacet
  facet normal -0.851488 0.491606 0.182461
    outer loop
      vertex -24.2537 2.68856 21.5721
      vertex -19.5 0 51
      vertex -9.75 16.8875 51
    endloop
  endfacet
  facet normal -0.851489 0.491601 0.182468
    outer loop
      vertex -24.0266 5.15 16
      vertex -15.9042 17.2469 21.3121
      vertex -16.4734 18.2327 16
    endloop
  endfacet
  facet normal -0.851489 0.491604 0.182461
    outer loop
      vertex -22.8883 5.15 21.3121
      vertex -15.9042 17.2469 21.3121
      vertex -24.0266 5.15 16
    endloop
  endfacet
  facet normal -0.851489 0.491604 0.182462
    outer loop
      vertex -15.9042 17.2469 21.3121
      vertex -22.8883 5.15 21.3121
      vertex -9.75 16.8875 51
    endloop
  endfacet
  facet normal -0.851488 0.491607 0.18246
    outer loop
      vertex -9.75 16.8875 51
      vertex -22.8883 5.15 21.3121
      vertex -24.2537 2.68856 21.5721
    endloop
  endfacet
  facet normal -0.851483 0.491615 0.182461
    outer loop
      vertex -12.8725 22.2959 21.8562
      vertex -15.9042 17.2469 21.3121
      vertex -9.75 16.8875 51
    endloop
  endfacet
  facet normal -0.863433 0.498478 -0.0774829
    outer loop
      vertex -19.5 0 51
      vertex -19.564 5.15 84.8452
      vertex -16.7255 16.0187 123.137
    endloop
  endfacet
  facet normal -0.863419 0.498501 -0.0774864
    outer loop
      vertex -19.5 0 51
      vertex -21.5078 1.73934 84.5625
      vertex -19.564 5.15 84.8452
    endloop
  endfacet
  facet normal -0.863417 0.498505 -0.0774864
    outer loop
      vertex -21.5078 1.73934 84.5625
      vertex -19.5 0 51
      vertex -22.4863 0 84.2758
    endloop
  endfacet
  facet normal -0.863423 0.498494 -0.077488
    outer loop
      vertex -16.7255 16.0187 123.137
      vertex -19.564 5.15 84.8452
      vertex -23.0005 5.15 123.137
    endloop
  endfacet
  facet normal -0.863421 0.498498 -0.0774854
    outer loop
      vertex -9.75 16.8875 51
      vertex -12.2602 17.7566 84.5625
      vertex -11.2431 19.4737 84.2758
    endloop
  endfacet
  facet normal -0.863388 0.498556 -0.0774844
    outer loop
      vertex -9.75 16.8875 51
      vertex -12.9317 16.6086 84.6583
      vertex -12.2602 17.7566 84.5625
    endloop
  endfacet
  facet normal -0.863419 0.498501 -0.0774878
    outer loop
      vertex -9.75 16.8875 51
      vertex -14.2421 14.368 84.8452
      vertex -12.9317 16.6086 84.6583
    endloop
  endfacet
  facet normal -0.863422 0.498497 -0.0774885
    outer loop
      vertex -14.2421 14.368 84.8452
      vertex -9.75 16.8875 51
      vertex -19.5 0 51
    endloop
  endfacet
  facet normal -0.863411 0.498515 -0.0774884
    outer loop
      vertex -15.5825 16.6897 114.718
      vertex -16.7255 16.0187 123.137
      vertex -15.9603 17.344 123.137
    endloop
  endfacet
  facet normal -0.863426 0.498489 -0.0774845
    outer loop
      vertex -19.5 0 51
      vertex -15.5825 16.6897 114.718
      vertex -14.2421 14.368 84.8452
    endloop
  endfacet
  facet normal -0.863416 0.498506 -0.0774898
    outer loop
      vertex -15.5825 16.6897 114.718
      vertex -19.5 0 51
      vertex -16.7255 16.0187 123.137
    endloop
  endfacet
  facet normal 0 0 -1
    outer loop
      vertex -6.04076 -20.7629 0
      vertex 6.04076 -20.7629 0
      vertex 6.05329 -20.7846 0
    endloop
  endfacet
  facet normal 0 0 -1
    outer loop
      vertex 4.78997 -18.5965 0
      vertex 3.94352 -13 0
      vertex 4.57665 -12.7909 0
    endloop
  endfacet
  facet normal 0 0 -1
    outer loop
      vertex 4.78997 -18.5965 0
      vertex 3.30089 -13.1779 0
      vertex 3.94352 -13 0
    endloop
  endfacet
  facet normal 0 0 -1
    outer loop
      vertex 4.78997 -18.5965 0
      vertex 2.6503 -13.324 0
      vertex 3.30089 -13.1779 0
    endloop
  endfacet
  facet normal 0 0 -1
    outer loop
      vertex 4.78997 -18.5965 0
      vertex 1.99333 -13.438 0
      vertex 2.6503 -13.324 0
    endloop
  endfacet
  facet normal 0 0 -1
    outer loop
      vertex 4.78997 -18.5965 0
      vertex 1.33156 -13.5196 0
      vertex 1.99333 -13.438 0
    endloop
  endfacet
  facet normal 0 0 -1
    outer loop
      vertex 6.04076 -20.7629 0
      vertex -4.78997 -18.5965 0
      vertex 4.78997 -18.5965 0
    endloop
  endfacet
  facet normal 0 0 -1
    outer loop
      vertex 4.78997 -18.5965 0
      vertex 0.666584 -13.5686 0
      vertex 1.33156 -13.5196 0
    endloop
  endfacet
  facet normal 0 -0 -1
    outer loop
      vertex 0 -13.585 0
      vertex 4.78997 -18.5965 0
      vertex -4.78997 -18.5965 0
    endloop
  endfacet
  facet normal 0 0 -1
    outer loop
      vertex 4.78997 -18.5965 0
      vertex 0 -13.585 0
      vertex 0.666584 -13.5686 0
    endloop
  endfacet
  facet normal -0 0 -1
    outer loop
      vertex 0 -13.585 0
      vertex -4.78997 -18.5965 0
      vertex -0.666584 -13.5686 0
    endloop
  endfacet
  facet normal -0 0 -1
    outer loop
      vertex -0.666584 -13.5686 0
      vertex -4.78997 -18.5965 0
      vertex -1.33156 -13.5196 0
    endloop
  endfacet
  facet normal -0 0 -1
    outer loop
      vertex -1.33156 -13.5196 0
      vertex -4.78997 -18.5965 0
      vertex -1.99333 -13.438 0
    endloop
  endfacet
  facet normal -0 0 -1
    outer loop
      vertex -1.99333 -13.438 0
      vertex -4.78997 -18.5965 0
      vertex -2.6503 -13.324 0
    endloop
  endfacet
  facet normal -0 0 -1
    outer loop
      vertex -2.6503 -13.324 0
      vertex -4.78997 -18.5965 0
      vertex -3.30089 -13.1779 0
    endloop
  endfacet
  facet normal -0 0 -1
    outer loop
      vertex -3.30089 -13.1779 0
      vertex -4.78997 -18.5965 0
      vertex -3.94352 -13 0
    endloop
  endfacet
  facet normal -0 0 -1
    outer loop
      vertex -3.94352 -13 0
      vertex -4.78997 -18.5965 0
      vertex -4.57665 -12.7909 0
    endloop
  endfacet
  facet normal 0 0 -1
    outer loop
      vertex 6.04076 -20.7629 0
      vertex -6.04076 -20.7629 0
      vertex -4.78997 -18.5965 0
    endloop
  endfacet
  facet normal 0 -0 -1
    outer loop
      vertex -6.04076 -20.7629 0
      vertex 6.05329 -20.7846 0
      vertex -6.05329 -20.7846 0
    endloop
  endfacet
  facet normal 0 0 -1
    outer loop
      vertex 13.5196 1.33156 0
      vertex 18.5 5.15 0
      vertex 13.5686 0.666584 0
    endloop
  endfacet
  facet normal 0 0 -1
    outer loop
      vertex 13.438 1.99333 0
      vertex 18.5 5.15 0
      vertex 13.5196 1.33156 0
    endloop
  endfacet
  facet normal 0 0 -1
    outer loop
      vertex 13.324 2.6503 0
      vertex 18.5 5.15 0
      vertex 13.438 1.99333 0
    endloop
  endfacet
  facet normal 0 0 -1
    outer loop
      vertex 13.1779 3.30089 0
      vertex 18.5 5.15 0
      vertex 13.324 2.6503 0
    endloop
  endfacet
  facet normal 0 0 -1
    outer loop
      vertex 13 3.94352 0
      vertex 18.5 5.15 0
      vertex 13.1779 3.30089 0
    endloop
  endfacet
  facet normal 0 0 -1
    outer loop
      vertex 12.7909 4.57665 0
      vertex 18.5 5.15 0
      vertex 13 3.94352 0
    endloop
  endfacet
  facet normal 0 0 -1
    outer loop
      vertex 12.5509 5.19875 0
      vertex 18.5 5.15 0
      vertex 12.7909 4.57665 0
    endloop
  endfacet
  facet normal 0 0 -1
    outer loop
      vertex 12.2807 5.80834 0
      vertex 18.5 5.15 0
      vertex 12.5509 5.19875 0
    endloop
  endfacet
  facet normal 0 0 -1
    outer loop
      vertex 11.9809 6.40392 0
      vertex 18.5 5.15 0
      vertex 12.2807 5.80834 0
    endloop
  endfacet
  facet normal 0 0 -1
    outer loop
      vertex 11.6522 6.98409 0
      vertex 18.5 5.15 0
      vertex 11.9809 6.40392 0
    endloop
  endfacet
  facet normal 0 0 -1
    outer loop
      vertex 18.5 5.15 0
      vertex 11.6522 6.98409 0
      vertex 13.71 13.4465 0
    endloop
  endfacet
  facet normal 0 0 -1
    outer loop
      vertex 11.2955 7.54742 0
      vertex 13.71 13.4465 0
      vertex 11.6522 6.98409 0
    endloop
  endfacet
  facet normal 0 0 -1
    outer loop
      vertex 10.9116 8.09257 0
      vertex 13.71 13.4465 0
      vertex 11.2955 7.54742 0
    endloop
  endfacet
  facet normal 0 0 -1
    outer loop
      vertex 10.5013 8.61823 0
      vertex 13.71 13.4465 0
      vertex 10.9116 8.09257 0
    endloop
  endfacet
  facet normal 0 0 -1
    outer loop
      vertex 10.0658 9.12313 0
      vertex 13.71 13.4465 0
      vertex 10.5013 8.61823 0
    endloop
  endfacet
  facet normal 0 0 -1
    outer loop
      vertex 9.60604 9.60604 0
      vertex 13.71 13.4465 0
      vertex 10.0658 9.12313 0
    endloop
  endfacet
  facet normal 0 0 -1
    outer loop
      vertex 9.12313 10.0658 0
      vertex 13.71 13.4465 0
      vertex 9.60604 9.60604 0
    endloop
  endfacet
  facet normal 0 0 -1
    outer loop
      vertex 8.61823 10.5013 0
      vertex 13.71 13.4465 0
      vertex 9.12313 10.0658 0
    endloop
  endfacet
  facet normal 0 0 -1
    outer loop
      vertex 8.09257 10.9116 0
      vertex 13.71 13.4465 0
      vertex 8.61823 10.5013 0
    endloop
  endfacet
  facet normal 0 0 -1
    outer loop
      vertex 7.54742 11.2955 0
      vertex 13.71 13.4465 0
      vertex 8.09257 10.9116 0
    endloop
  endfacet
  facet normal 0 0 -1
    outer loop
      vertex 6.98409 11.6522 0
      vertex 13.71 13.4465 0
      vertex 7.54742 11.2955 0
    endloop
  endfacet
  facet normal 0 0 -1
    outer loop
      vertex 4.78997 18.5965 0
      vertex 6.98409 11.6522 0
      vertex 6.40392 11.9809 0
    endloop
  endfacet
  facet normal 0 0 -1
    outer loop
      vertex 4.78997 18.5965 0
      vertex 6.40392 11.9809 0
      vertex 5.80834 12.2807 0
    endloop
  endfacet
  facet normal 0 0 -1
    outer loop
      vertex 4.78997 18.5965 0
      vertex 5.80834 12.2807 0
      vertex 5.19875 12.5509 0
    endloop
  endfacet
  facet normal 0 0 -1
    outer loop
      vertex 6.98409 11.6522 0
      vertex 4.78997 18.5965 0
      vertex 13.71 13.4465 0
    endloop
  endfacet
  facet normal 0 -0 -1
    outer loop
      vertex 4.78997 18.5965 0
      vertex 5.19875 12.5509 0
      vertex 4.57665 12.7909 0
    endloop
  endfacet
  facet normal -0 0 -1
    outer loop
      vertex 21.0266 -5.15 0
      vertex 14.9608 -15.6129 0
      vertex 18.5 -5.15 0
    endloop
  endfacet
  facet normal 0 0 -1
    outer loop
      vertex 14.9608 -15.6129 0
      vertex 21.0266 -5.15 0
      vertex 14.9734 -15.6346 0
    endloop
  endfacet
  facet normal 0 0 -1
    outer loop
      vertex 14.9608 15.6129 0
      vertex 21.0266 5.15 0
      vertex 18.5 5.15 0
    endloop
  endfacet
  facet normal 0 0 -1
    outer loop
      vertex 13.71 -13.4465 0
      vertex 18.5 -5.15 0
      vertex 14.9608 -15.6129 0
    endloop
  endfacet
  facet normal 0 -0 -1
    outer loop
      vertex 13.324 -2.6503 0
      vertex 18.5 -5.15 0
      vertex 13.1779 -3.30089 0
    endloop
  endfacet
  facet normal 0 0 -1
    outer loop
      vertex 13.5686 0.666584 0
      vertex 18.5 5.15 0
      vertex 13.585 0 0
    endloop
  endfacet
  facet normal 0 0 -1
    outer loop
      vertex 11.6522 -6.98409 0
      vertex 18.5 -5.15 0
      vertex 13.71 -13.4465 0
    endloop
  endfacet
  facet normal 0 0 -1
    outer loop
      vertex 21.0266 5.15 0
      vertex 14.9608 15.6129 0
      vertex 14.9734 15.6346 0
    endloop
  endfacet
  facet normal 0 0 -1
    outer loop
      vertex 18.5 5.15 0
      vertex 13.71 13.4465 0
      vertex 14.9608 15.6129 0
    endloop
  endfacet
  facet normal 0 0 -1
    outer loop
      vertex 18.5 -5.15 0
      vertex 13.585 0 0
      vertex 18.5 5.15 0
    endloop
  endfacet
  facet normal 0 -0 -1
    outer loop
      vertex 13.585 0 0
      vertex 18.5 -5.15 0
      vertex 13.5686 -0.666584 0
    endloop
  endfacet
  facet normal 0 -0 -1
    outer loop
      vertex 13.5686 -0.666584 0
      vertex 18.5 -5.15 0
      vertex 13.5196 -1.33156 0
    endloop
  endfacet
  facet normal 0 -0 -1
    outer loop
      vertex 13.5196 -1.33156 0
      vertex 18.5 -5.15 0
      vertex 13.438 -1.99333 0
    endloop
  endfacet
  facet normal 0 -0 -1
    outer loop
      vertex 13.438 -1.99333 0
      vertex 18.5 -5.15 0
      vertex 13.324 -2.6503 0
    endloop
  endfacet
  facet normal 0 0 -1
    outer loop
      vertex 18.5 -5.15 0
      vertex 13 -3.94352 0
      vertex 13.1779 -3.30089 0
    endloop
  endfacet
  facet normal 0 0 -1
    outer loop
      vertex 18.5 -5.15 0
      vertex 12.7909 -4.57665 0
      vertex 13 -3.94352 0
    endloop
  endfacet
  facet normal -0 0 -1
    outer loop
      vertex 18.5 -5.15 0
      vertex 12.5509 -5.19875 0
      vertex 12.7909 -4.57665 0
    endloop
  endfacet
  facet normal 0 0 -1
    outer loop
      vertex 18.5 -5.15 0
      vertex 12.2807 -5.80834 0
      vertex 12.5509 -5.19875 0
    endloop
  endfacet
  facet normal 0 0 -1
    outer loop
      vertex 18.5 -5.15 0
      vertex 11.9809 -6.40392 0
      vertex 12.2807 -5.80834 0
    endloop
  endfacet
  facet normal 0 0 -1
    outer loop
      vertex 18.5 -5.15 0
      vertex 11.6522 -6.98409 0
      vertex 11.9809 -6.40392 0
    endloop
  endfacet
  facet normal 0 0 -1
    outer loop
      vertex 13.71 -13.4465 0
      vertex 11.2955 -7.54742 0
      vertex 11.6522 -6.98409 0
    endloop
  endfacet
  facet normal 0 0 -1
    outer loop
      vertex 13.71 -13.4465 0
      vertex 10.9116 -8.09257 0
      vertex 11.2955 -7.54742 0
    endloop
  endfacet
  facet normal 0 0 -1
    outer loop
      vertex 13.71 -13.4465 0
      vertex 10.5013 -8.61823 0
      vertex 10.9116 -8.09257 0
    endloop
  endfacet
  facet normal 0 0 -1
    outer loop
      vertex 13.71 -13.4465 0
      vertex 10.0658 -9.12313 0
      vertex 10.5013 -8.61823 0
    endloop
  endfacet
  facet normal 0 0 -1
    outer loop
      vertex 13.71 -13.4465 0
      vertex 9.60604 -9.60604 0
      vertex 10.0658 -9.12313 0
    endloop
  endfacet
  facet normal 0 0 -1
    outer loop
      vertex 13.71 -13.4465 0
      vertex 9.12313 -10.0658 0
      vertex 9.60604 -9.60604 0
    endloop
  endfacet
  facet normal 0 0 -1
    outer loop
      vertex 13.71 -13.4465 0
      vertex 8.61823 -10.5013 0
      vertex 9.12313 -10.0658 0
    endloop
  endfacet
  facet normal 0 0 -1
    outer loop
      vertex 13.71 -13.4465 0
      vertex 8.09257 -10.9116 0
      vertex 8.61823 -10.5013 0
    endloop
  endfacet
  facet normal 0 0 -1
    outer loop
      vertex 13.71 -13.4465 0
      vertex 7.54742 -11.2955 0
      vertex 8.09257 -10.9116 0
    endloop
  endfacet
  facet normal 0 0 -1
    outer loop
      vertex 13.71 -13.4465 0
      vertex 6.98409 -11.6522 0
      vertex 7.54742 -11.2955 0
    endloop
  endfacet
  facet normal 0 0 -1
    outer loop
      vertex 4.78997 -18.5965 0
      vertex 6.98409 -11.6522 0
      vertex 13.71 -13.4465 0
    endloop
  endfacet
  facet normal 0 0 -1
    outer loop
      vertex 6.98409 -11.6522 0
      vertex 4.78997 -18.5965 0
      vertex 6.40392 -11.9809 0
    endloop
  endfacet
  facet normal 0 0 -1
    outer loop
      vertex 6.40392 -11.9809 0
      vertex 4.78997 -18.5965 0
      vertex 5.80834 -12.2807 0
    endloop
  endfacet
  facet normal 0 0 -1
    outer loop
      vertex 5.80834 -12.2807 0
      vertex 4.78997 -18.5965 0
      vertex 5.19875 -12.5509 0
    endloop
  endfacet
  facet normal 0 0 -1
    outer loop
      vertex 5.19875 -12.5509 0
      vertex 4.78997 -18.5965 0
      vertex 4.57665 -12.7909 0
    endloop
  endfacet
  facet normal 0 0 -1
    outer loop
      vertex -4.78997 18.5965 0
      vertex 6.04076 20.7629 0
      vertex 4.78997 18.5965 0
    endloop
  endfacet
  facet normal 0 0 -1
    outer loop
      vertex 3.94352 13 0
      vertex 4.78997 18.5965 0
      vertex 4.57665 12.7909 0
    endloop
  endfacet
  facet normal 0 0 -1
    outer loop
      vertex 3.30089 13.1779 0
      vertex 4.78997 18.5965 0
      vertex 3.94352 13 0
    endloop
  endfacet
  facet normal 0 0 -1
    outer loop
      vertex 2.6503 13.324 0
      vertex 4.78997 18.5965 0
      vertex 3.30089 13.1779 0
    endloop
  endfacet
  facet normal 0 0 -1
    outer loop
      vertex 1.99333 13.438 0
      vertex 4.78997 18.5965 0
      vertex 2.6503 13.324 0
    endloop
  endfacet
  facet normal 0 0 -1
    outer loop
      vertex 1.33156 13.5196 0
      vertex 4.78997 18.5965 0
      vertex 1.99333 13.438 0
    endloop
  endfacet
  facet normal 0 0 -1
    outer loop
      vertex 0.666584 13.5686 0
      vertex 4.78997 18.5965 0
      vertex 1.33156 13.5196 0
    endloop
  endfacet
  facet normal 0 0 -1
    outer loop
      vertex 0 13.585 0
      vertex 4.78997 18.5965 0
      vertex 0.666584 13.5686 0
    endloop
  endfacet
  facet normal -0 0 -1
    outer loop
      vertex 4.78997 18.5965 0
      vertex 0 13.585 0
      vertex -4.78997 18.5965 0
    endloop
  endfacet
  facet normal 0 0 -1
    outer loop
      vertex -4.78997 18.5965 0
      vertex 0 13.585 0
      vertex -0.666584 13.5686 0
    endloop
  endfacet
  facet normal 0 0 -1
    outer loop
      vertex -4.78997 18.5965 0
      vertex -0.666584 13.5686 0
      vertex -1.33156 13.5196 0
    endloop
  endfacet
  facet normal 0 0 -1
    outer loop
      vertex -4.78997 18.5965 0
      vertex -1.33156 13.5196 0
      vertex -1.99333 13.438 0
    endloop
  endfacet
  facet normal 0 0 -1
    outer loop
      vertex -4.78997 18.5965 0
      vertex -1.99333 13.438 0
      vertex -2.6503 13.324 0
    endloop
  endfacet
  facet normal 0 0 -1
    outer loop
      vertex -4.78997 18.5965 0
      vertex -2.6503 13.324 0
      vertex -3.30089 13.1779 0
    endloop
  endfacet
  facet normal 0 0 -1
    outer loop
      vertex -4.78997 18.5965 0
      vertex -3.30089 13.1779 0
      vertex -3.94352 13 0
    endloop
  endfacet
  facet normal 0 0 -1
    outer loop
      vertex -4.78997 18.5965 0
      vertex -3.94352 13 0
      vertex -4.57665 12.7909 0
    endloop
  endfacet
  facet normal 0 0 -1
    outer loop
      vertex -6.04076 20.7629 0
      vertex 6.04076 20.7629 0
      vertex -4.78997 18.5965 0
    endloop
  endfacet
  facet normal 0 0 -1
    outer loop
      vertex 6.04076 20.7629 0
      vertex -6.04076 20.7629 0
      vertex 6.05329 20.7846 0
    endloop
  endfacet
  facet normal -0 0 -1
    outer loop
      vertex 6.05329 20.7846 0
      vertex -6.04076 20.7629 0
      vertex -6.05329 20.7846 0
    endloop
  endfacet
  facet normal 0 0 -1
    outer loop
      vertex -21.0266 5.15 0
      vertex -14.9608 15.6129 0
      vertex -18.5 5.15 0
    endloop
  endfacet
  facet normal -0 0 -1
    outer loop
      vertex -14.9608 15.6129 0
      vertex -21.0266 5.15 0
      vertex -14.9734 15.6346 0
    endloop
  endfacet
  facet normal 0 0 -1
    outer loop
      vertex -5.19875 12.5509 0
      vertex -4.78997 18.5965 0
      vertex -4.57665 12.7909 0
    endloop
  endfacet
  facet normal 0 0 -1
    outer loop
      vertex -5.80834 12.2807 0
      vertex -4.78997 18.5965 0
      vertex -5.19875 12.5509 0
    endloop
  endfacet
  facet normal 0 0 -1
    outer loop
      vertex -6.40392 11.9809 0
      vertex -4.78997 18.5965 0
      vertex -5.80834 12.2807 0
    endloop
  endfacet
  facet normal 0 0 -1
    outer loop
      vertex -6.98409 11.6522 0
      vertex -4.78997 18.5965 0
      vertex -6.40392 11.9809 0
    endloop
  endfacet
  facet normal 0 0 -1
    outer loop
      vertex -13.71 13.4465 0
      vertex -6.98409 11.6522 0
      vertex -7.54742 11.2955 0
    endloop
  endfacet
  facet normal 0 0 -1
    outer loop
      vertex -13.71 13.4465 0
      vertex -7.54742 11.2955 0
      vertex -8.09257 10.9116 0
    endloop
  endfacet
  facet normal 0 0 -1
    outer loop
      vertex -13.71 13.4465 0
      vertex -8.09257 10.9116 0
      vertex -8.61823 10.5013 0
    endloop
  endfacet
  facet normal 0 0 -1
    outer loop
      vertex -13.71 13.4465 0
      vertex -8.61823 10.5013 0
      vertex -9.12313 10.0658 0
    endloop
  endfacet
  facet normal 0 0 -1
    outer loop
      vertex -13.71 13.4465 0
      vertex -9.12313 10.0658 0
      vertex -9.60604 9.60604 0
    endloop
  endfacet
  facet normal 0 0 -1
    outer loop
      vertex -13.71 13.4465 0
      vertex -9.60604 9.60604 0
      vertex -10.0658 9.12313 0
    endloop
  endfacet
  facet normal 0 0 -1
    outer loop
      vertex -13.71 13.4465 0
      vertex -10.0658 9.12313 0
      vertex -10.5013 8.61823 0
    endloop
  endfacet
  facet normal 0 0 -1
    outer loop
      vertex -13.71 13.4465 0
      vertex -10.5013 8.61823 0
      vertex -10.9116 8.09257 0
    endloop
  endfacet
  facet normal 0 0 -1
    outer loop
      vertex -13.71 13.4465 0
      vertex -10.9116 8.09257 0
      vertex -11.2955 7.54742 0
    endloop
  endfacet
  facet normal 0 0 -1
    outer loop
      vertex -13.71 13.4465 0
      vertex -11.2955 7.54742 0
      vertex -11.6522 6.98409 0
    endloop
  endfacet
  facet normal 0 0 -1
    outer loop
      vertex -6.98409 11.6522 0
      vertex -13.71 13.4465 0
      vertex -4.78997 18.5965 0
    endloop
  endfacet
  facet normal 0 0 -1
    outer loop
      vertex -18.5 5.15 0
      vertex -11.6522 6.98409 0
      vertex -11.9809 6.40392 0
    endloop
  endfacet
  facet normal 0 0 -1
    outer loop
      vertex -18.5 5.15 0
      vertex -11.9809 6.40392 0
      vertex -12.2807 5.80834 0
    endloop
  endfacet
  facet normal 0 0 -1
    outer loop
      vertex -18.5 5.15 0
      vertex -12.2807 5.80834 0
      vertex -12.5509 5.19875 0
    endloop
  endfacet
  facet normal 0 0 -1
    outer loop
      vertex -18.5 5.15 0
      vertex -12.5509 5.19875 0
      vertex -12.7909 4.57665 0
    endloop
  endfacet
  facet normal 0 0 -1
    outer loop
      vertex -18.5 5.15 0
      vertex -12.7909 4.57665 0
      vertex -13 3.94352 0
    endloop
  endfacet
  facet normal 0 0 -1
    outer loop
      vertex -18.5 5.15 0
      vertex -13 3.94352 0
      vertex -13.1779 3.30089 0
    endloop
  endfacet
  facet normal 0 0 -1
    outer loop
      vertex -13.438 1.99333 0
      vertex -18.5 5.15 0
      vertex -13.324 2.6503 0
    endloop
  endfacet
  facet normal 0 0 -1
    outer loop
      vertex -13.5196 1.33156 0
      vertex -18.5 5.15 0
      vertex -13.438 1.99333 0
    endloop
  endfacet
  facet normal 0 0 -1
    outer loop
      vertex -13.5686 0.666584 0
      vertex -18.5 5.15 0
      vertex -13.5196 1.33156 0
    endloop
  endfacet
  facet normal 0 0 -1
    outer loop
      vertex -13.585 0 0
      vertex -18.5 5.15 0
      vertex -13.5686 0.666584 0
    endloop
  endfacet
  facet normal 0 0 -1
    outer loop
      vertex -18.5 5.15 0
      vertex -13.585 0 0
      vertex -18.5 -5.15 0
    endloop
  endfacet
  facet normal -0 0 -1
    outer loop
      vertex -13.5686 -0.666584 0
      vertex -18.5 -5.15 0
      vertex -13.585 0 0
    endloop
  endfacet
  facet normal 0 0 -1
    outer loop
      vertex -18.5 -5.15 0
      vertex -13.71 -13.4465 0
      vertex -14.9608 -15.6129 0
    endloop
  endfacet
  facet normal 0 0 -1
    outer loop
      vertex -13.324 2.6503 0
      vertex -18.5 5.15 0
      vertex -13.1779 3.30089 0
    endloop
  endfacet
  facet normal 0 0 -1
    outer loop
      vertex -21.0266 -5.15 0
      vertex -14.9608 -15.6129 0
      vertex -14.9734 -15.6346 0
    endloop
  endfacet
  facet normal -0 0 -1
    outer loop
      vertex -11.6522 6.98409 0
      vertex -18.5 5.15 0
      vertex -13.71 13.4465 0
    endloop
  endfacet
  facet normal -0 0 -1
    outer loop
      vertex -13.71 13.4465 0
      vertex -18.5 5.15 0
      vertex -14.9608 15.6129 0
    endloop
  endfacet
  facet normal 0 0 -1
    outer loop
      vertex -14.9608 -15.6129 0
      vertex -21.0266 -5.15 0
      vertex -18.5 -5.15 0
    endloop
  endfacet
  facet normal 0 0 -1
    outer loop
      vertex -4.78997 -18.5965 0
      vertex -5.19875 -12.5509 0
      vertex -4.57665 -12.7909 0
    endloop
  endfacet
  facet normal 0 0 -1
    outer loop
      vertex -4.78997 -18.5965 0
      vertex -5.80834 -12.2807 0
      vertex -5.19875 -12.5509 0
    endloop
  endfacet
  facet normal 0 0 -1
    outer loop
      vertex -4.78997 -18.5965 0
      vertex -6.40392 -11.9809 0
      vertex -5.80834 -12.2807 0
    endloop
  endfacet
  facet normal 0 0 -1
    outer loop
      vertex -4.78997 -18.5965 0
      vertex -6.98409 -11.6522 0
      vertex -6.40392 -11.9809 0
    endloop
  endfacet
  facet normal 0 0 -1
    outer loop
      vertex -13.71 -13.4465 0
      vertex -6.98409 -11.6522 0
      vertex -4.78997 -18.5965 0
    endloop
  endfacet
  facet normal -0 0 -1
    outer loop
      vertex -6.98409 -11.6522 0
      vertex -13.71 -13.4465 0
      vertex -7.54742 -11.2955 0
    endloop
  endfacet
  facet normal -0 0 -1
    outer loop
      vertex -7.54742 -11.2955 0
      vertex -13.71 -13.4465 0
      vertex -8.09257 -10.9116 0
    endloop
  endfacet
  facet normal -0 0 -1
    outer loop
      vertex -8.09257 -10.9116 0
      vertex -13.71 -13.4465 0
      vertex -8.61823 -10.5013 0
    endloop
  endfacet
  facet normal -0 0 -1
    outer loop
      vertex -8.61823 -10.5013 0
      vertex -13.71 -13.4465 0
      vertex -9.12313 -10.0658 0
    endloop
  endfacet
  facet normal -0 0 -1
    outer loop
      vertex -9.12313 -10.0658 0
      vertex -13.71 -13.4465 0
      vertex -9.60604 -9.60604 0
    endloop
  endfacet
  facet normal -0 0 -1
    outer loop
      vertex -9.60604 -9.60604 0
      vertex -13.71 -13.4465 0
      vertex -10.0658 -9.12313 0
    endloop
  endfacet
  facet normal -0 0 -1
    outer loop
      vertex -10.0658 -9.12313 0
      vertex -13.71 -13.4465 0
      vertex -10.5013 -8.61823 0
    endloop
  endfacet
  facet normal -0 0 -1
    outer loop
      vertex -10.5013 -8.61823 0
      vertex -13.71 -13.4465 0
      vertex -10.9116 -8.09257 0
    endloop
  endfacet
  facet normal -0 0 -1
    outer loop
      vertex -10.9116 -8.09257 0
      vertex -13.71 -13.4465 0
      vertex -11.2955 -7.54742 0
    endloop
  endfacet
  facet normal -0 0 -1
    outer loop
      vertex -13.5196 -1.33156 0
      vertex -18.5 -5.15 0
      vertex -13.5686 -0.666584 0
    endloop
  endfacet
  facet normal -0 0 -1
    outer loop
      vertex -13.438 -1.99333 0
      vertex -18.5 -5.15 0
      vertex -13.5196 -1.33156 0
    endloop
  endfacet
  facet normal -0 0 -1
    outer loop
      vertex -13.324 -2.6503 0
      vertex -18.5 -5.15 0
      vertex -13.438 -1.99333 0
    endloop
  endfacet
  facet normal -0 0 -1
    outer loop
      vertex -13.1779 -3.30089 0
      vertex -18.5 -5.15 0
      vertex -13.324 -2.6503 0
    endloop
  endfacet
  facet normal -0 0 -1
    outer loop
      vertex -13 -3.94352 0
      vertex -18.5 -5.15 0
      vertex -13.1779 -3.30089 0
    endloop
  endfacet
  facet normal -0 0 -1
    outer loop
      vertex -12.7909 -4.57665 0
      vertex -18.5 -5.15 0
      vertex -13 -3.94352 0
    endloop
  endfacet
  facet normal 0 0 -1
    outer loop
      vertex -12.5509 -5.19875 0
      vertex -18.5 -5.15 0
      vertex -12.7909 -4.57665 0
    endloop
  endfacet
  facet normal 0 0 -1
    outer loop
      vertex -12.2807 -5.80834 0
      vertex -18.5 -5.15 0
      vertex -12.5509 -5.19875 0
    endloop
  endfacet
  facet normal 0 0 -1
    outer loop
      vertex -11.9809 -6.40392 0
      vertex -18.5 -5.15 0
      vertex -12.2807 -5.80834 0
    endloop
  endfacet
  facet normal 0 0 -1
    outer loop
      vertex -11.6522 -6.98409 0
      vertex -18.5 -5.15 0
      vertex -11.9809 -6.40392 0
    endloop
  endfacet
  facet normal 0 0 -1
    outer loop
      vertex -18.5 -5.15 0
      vertex -11.6522 -6.98409 0
      vertex -13.71 -13.4465 0
    endloop
  endfacet
  facet normal -0 0 -1
    outer loop
      vertex -11.2955 -7.54742 0
      vertex -13.71 -13.4465 0
      vertex -11.6522 -6.98409 0
    endloop
  endfacet
  facet normal -0.82368 0.47555 -0.308873
    outer loop
      vertex -24.0266 5.15 8
      vertex -16.1017 17.5889 6.01776
      vertex -21.6874 5.15 1.76199
    endloop
  endfacet
  facet normal -0.823675 0.475543 -0.3089
    outer loop
      vertex -16.1017 17.5889 6.01776
      vertex -24.0266 5.15 8
      vertex -16.4734 18.2327 8
    endloop
  endfacet
  facet normal -0.823674 0.475542 -0.308903
    outer loop
      vertex -21.6874 5.15 1.76199
      vertex -14.9734 15.6346 0
      vertex -21.0266 5.15 0
    endloop
  endfacet
  facet normal -0.82368 0.47555 -0.308873
    outer loop
      vertex -14.9734 15.6346 0
      vertex -21.6874 5.15 1.76199
      vertex -16.1017 17.5889 6.01776
    endloop
  endfacet
  facet normal 0 1 -0
    outer loop
      vertex 7.55329 23.3827 8
      vertex -7.55329 23.3827 16
      vertex 7.55329 23.3827 16
    endloop
  endfacet
  facet normal 0 1 0
    outer loop
      vertex -7.55329 23.3827 16
      vertex 7.55329 23.3827 8
      vertex -7.55329 23.3827 8
    endloop
  endfacet
  facet normal 4.61436e-06 0.983213 0.182462
    outer loop
      vertex 6.98414 22.3969 21.3121
      vertex 9.75 16.8875 51
      vertex 12.8725 22.2959 21.8562
    endloop
  endfacet
  facet normal 0 0.983213 0.182462
    outer loop
      vertex 9.75 16.8875 51
      vertex 6.98414 22.3969 21.3121
      vertex -9.75 16.8875 51
    endloop
  endfacet
  facet normal 7.56934e-06 0.983213 0.18246
    outer loop
      vertex -9.75 16.8875 51
      vertex -10.7843 22.3317 21.6632
      vertex -12.8725 22.2959 21.8562
    endloop
  endfacet
  facet normal -0 0.983213 0.182462
    outer loop
      vertex -6.98414 22.3969 21.3121
      vertex -9.75 16.8875 51
      vertex 6.98414 22.3969 21.3121
    endloop
  endfacet
  facet normal -1.14343e-05 0.983213 0.182461
    outer loop
      vertex -9.75 16.8875 51
      vertex -6.98414 22.3969 21.3121
      vertex -10.7843 22.3317 21.6632
    endloop
  endfacet
  facet normal 0 0.983213 0.182461
    outer loop
      vertex 7.55329 23.3827 16
      vertex -6.98414 22.3969 21.3121
      vertex 6.98414 22.3969 21.3121
    endloop
  endfacet
  facet normal 0 0.983213 0.182461
    outer loop
      vertex -6.98414 22.3969 21.3121
      vertex 7.55329 23.3827 16
      vertex -7.55329 23.3827 16
    endloop
  endfacet
  facet normal 0 0.996994 -0.0774834
    outer loop
      vertex 6.66243 21.8397 114.718
      vertex -7.04023 22.494 123.137
      vertex 7.04023 22.494 123.137
    endloop
  endfacet
  facet normal 0 0.996994 -0.0774834
    outer loop
      vertex 6.66243 21.8397 114.718
      vertex -6.66243 21.8397 114.718
      vertex -7.04023 22.494 123.137
    endloop
  endfacet
  facet normal 0 0.996993 -0.0774859
    outer loop
      vertex 5.32199 19.518 84.8452
      vertex -6.66243 21.8397 114.718
      vertex 6.66243 21.8397 114.718
    endloop
  endfacet
  facet normal 0 0.996993 -0.0774859
    outer loop
      vertex 5.32199 19.518 84.8452
      vertex -5.32199 19.518 84.8452
      vertex -6.66243 21.8397 114.718
    endloop
  endfacet
  facet normal 2.8636e-05 0.996994 -0.0774841
    outer loop
      vertex 9.75 16.8875 51
      vertex 5.32199 19.518 84.8452
      vertex 7.91761 19.5034 84.6583
    endloop
  endfacet
  facet normal -3.42502e-05 0.996993 -0.0774875
    outer loop
      vertex 9.75 16.8875 51
      vertex 7.91761 19.5034 84.6583
      vertex 9.24759 19.496 84.5625
    endloop
  endfacet
  facet normal 0 0.996993 -0.0774878
    outer loop
      vertex 5.32199 19.518 84.8452
      vertex 9.75 16.8875 51
      vertex -5.32199 19.518 84.8452
    endloop
  endfacet
  facet normal 8.75405e-06 0.996993 -0.0774869
    outer loop
      vertex 9.75 16.8875 51
      vertex 9.24759 19.496 84.5625
      vertex 11.2431 19.4737 84.2758
    endloop
  endfacet
  facet normal 0 0.996993 -0.0774878
    outer loop
      vertex -9.75 16.8875 51
      vertex -5.32199 19.518 84.8452
      vertex 9.75 16.8875 51
    endloop
  endfacet
  facet normal -7.21207e-06 0.996993 -0.0774869
    outer loop
      vertex -5.32199 19.518 84.8452
      vertex -9.75 16.8875 51
      vertex -9.24759 19.496 84.5625
    endloop
  endfacet
  facet normal -8.75405e-06 0.996993 -0.0774869
    outer loop
      vertex -9.24759 19.496 84.5625
      vertex -9.75 16.8875 51
      vertex -11.2431 19.4737 84.2758
    endloop
  endfacet
  facet normal 0 0.9511 -0.308882
    outer loop
      vertex 6.05329 20.7846 0
      vertex -7.55329 23.3827 8
      vertex 7.55329 23.3827 8
    endloop
  endfacet
  facet normal 0 0.9511 -0.308882
    outer loop
      vertex -7.55329 23.3827 8
      vertex 6.05329 20.7846 0
      vertex -6.05329 20.7846 0
    endloop
  endfacet
  facet normal 0.866028 0.499995 0
    outer loop
      vertex 24.0266 5.15 16
      vertex 16.4734 18.2327 8
      vertex 16.4734 18.2327 16
    endloop
  endfacet
  facet normal 0.866028 0.499995 0
    outer loop
      vertex 16.4734 18.2327 8
      vertex 24.0266 5.15 16
      vertex 24.0266 5.15 8
    endloop
  endfacet
  facet normal 0.851467 0.49164 0.182464
    outer loop
      vertex 9.75 16.8875 51
      vertex 13.9477 20.5054 21.6632
      vertex 12.8725 22.2959 21.8562
    endloop
  endfacet
  facet normal 0.851511 0.491565 0.182461
    outer loop
      vertex 13.9477 20.5054 21.6632
      vertex 9.75 16.8875 51
      vertex 14.4552 19.6601 21.5721
    endloop
  endfacet
  facet normal 0.851488 0.491606 0.182461
    outer loop
      vertex 14.4552 19.6601 21.5721
      vertex 9.75 16.8875 51
      vertex 19.5 0 51
    endloop
  endfacet
  facet normal 0.851483 0.491612 0.182466
    outer loop
      vertex 19.5 0 51
      vertex 15.9042 17.2469 21.3121
      vertex 14.4552 19.6601 21.5721
    endloop
  endfacet
  facet normal 0.851489 0.491604 0.18246
    outer loop
      vertex 15.9042 17.2469 21.3121
      vertex 19.5 0 51
      vertex 22.8883 5.15 21.3121
    endloop
  endfacet
  facet normal 0.851485 0.491611 0.182461
    outer loop
      vertex 22.8883 5.15 21.3121
      vertex 19.5 0 51
      vertex 25.7451 0 21.8562
    endloop
  endfacet
  facet normal 0.851489 0.491604 0.182461
    outer loop
      vertex 24.0266 5.15 16
      vertex 15.9042 17.2469 21.3121
      vertex 22.8883 5.15 21.3121
    endloop
  endfacet
  facet normal 0.851489 0.491601 0.182468
    outer loop
      vertex 15.9042 17.2469 21.3121
      vertex 24.0266 5.15 16
      vertex 16.4734 18.2327 16
    endloop
  endfacet
  facet normal 0.863422 0.498495 -0.0774874
    outer loop
      vertex 22.2353 6.47534 123.137
      vertex 15.5825 16.6897 114.718
      vertex 15.9603 17.344 123.137
    endloop
  endfacet
  facet normal 0.863422 0.498497 -0.0774849
    outer loop
      vertex 15.5825 16.6897 114.718
      vertex 22.2353 6.47534 123.137
      vertex 14.2421 14.368 84.8452
    endloop
  endfacet
  facet normal 0.863421 0.498498 -0.0774854
    outer loop
      vertex 12.2602 17.7566 84.5625
      vertex 9.75 16.8875 51
      vertex 11.2431 19.4737 84.2758
    endloop
  endfacet
  facet normal 0.863408 0.49852 -0.077485
    outer loop
      vertex 14.2421 14.368 84.8452
      vertex 9.75 16.8875 51
      vertex 12.2602 17.7566 84.5625
    endloop
  endfacet
  facet normal 0.863433 0.498476 -0.0774916
    outer loop
      vertex 9.75 16.8875 51
      vertex 14.2421 14.368 84.8452
      vertex 22.2353 6.47534 123.137
    endloop
  endfacet
  facet normal 0.863417 0.498504 -0.0774875
    outer loop
      vertex 19.564 5.15 84.8452
      vertex 22.2353 6.47534 123.137
      vertex 23.0005 5.15 123.137
    endloop
  endfacet
  facet normal 0.863424 0.498493 -0.0774875
    outer loop
      vertex 22.2353 6.47534 123.137
      vertex 19.564 5.15 84.8452
      vertex 9.75 16.8875 51
    endloop
  endfacet
  facet normal 0.863419 0.498501 -0.0774864
    outer loop
      vertex 19.5 0 51
      vertex 19.564 5.15 84.8452
      vertex 21.5078 1.73934 84.5625
    endloop
  endfacet
  facet normal 0.863417 0.498505 -0.0774864
    outer loop
      vertex 19.5 0 51
      vertex 21.5078 1.73934 84.5625
      vertex 22.4863 0 84.2758
    endloop
  endfacet
  facet normal 0.863422 0.498497 -0.0774856
    outer loop
      vertex 19.564 5.15 84.8452
      vertex 19.5 0 51
      vertex 9.75 16.8875 51
    endloop
  endfacet
  facet normal 0.823685 0.475548 -0.308865
    outer loop
      vertex 23.2833 5.15 6.01776
      vertex 16.4734 18.2327 8
      vertex 24.0266 5.15 8
    endloop
  endfacet
  facet normal 0.823675 0.475547 -0.308891
    outer loop
      vertex 16.4734 18.2327 8
      vertex 23.2833 5.15 6.01776
      vertex 15.3037 16.2068 1.76199
    endloop
  endfacet
  facet normal 0.823676 0.47555 -0.308884
    outer loop
      vertex 21.0266 5.15 0
      vertex 15.3037 16.2068 1.76199
      vertex 23.2833 5.15 6.01776
    endloop
  endfacet
  facet normal 0.823691 0.475552 -0.308842
    outer loop
      vertex 15.3037 16.2068 1.76199
      vertex 21.0266 5.15 0
      vertex 14.9734 15.6346 0
    endloop
  endfacet
  facet normal 0.866028 -0.499995 0
    outer loop
      vertex 16.4734 -18.2327 16
      vertex 24.0266 -5.15 8
      vertex 24.0266 -5.15 16
    endloop
  endfacet
  facet normal 0.866028 -0.499995 0
    outer loop
      vertex 24.0266 -5.15 8
      vertex 16.4734 -18.2327 16
      vertex 16.4734 -18.2327 8
    endloop
  endfacet
  facet normal 0.851482 -0.491616 0.182461
    outer loop
      vertex 19.5 0 51
      vertex 24.2537 -2.68856 21.5721
      vertex 25.7451 0 21.8562
    endloop
  endfacet
  facet normal 0.851488 -0.491606 0.182461
    outer loop
      vertex 24.2537 -2.68856 21.5721
      vertex 19.5 0 51
      vertex 9.75 -16.8875 51
    endloop
  endfacet
  facet normal 0.851483 -0.491615 0.182461
    outer loop
      vertex 9.75 -16.8875 51
      vertex 12.8725 -22.2959 21.8562
      vertex 15.9042 -17.2469 21.3121
    endloop
  endfacet
  facet normal 0.851488 -0.491607 0.18246
    outer loop
      vertex 9.75 -16.8875 51
      vertex 22.8883 -5.15 21.3121
      vertex 24.2537 -2.68856 21.5721
    endloop
  endfacet
  facet normal 0.851489 -0.491604 0.182462
    outer loop
      vertex 15.9042 -17.2469 21.3121
      vertex 22.8883 -5.15 21.3121
      vertex 9.75 -16.8875 51
    endloop
  endfacet
  facet normal 0.851489 -0.491604 0.182461
    outer loop
      vertex 22.8883 -5.15 21.3121
      vertex 15.9042 -17.2469 21.3121
      vertex 24.0266 -5.15 16
    endloop
  endfacet
  facet normal 0.851489 -0.491601 0.182468
    outer loop
      vertex 24.0266 -5.15 16
      vertex 15.9042 -17.2469 21.3121
      vertex 16.4734 -18.2327 16
    endloop
  endfacet
  facet normal 0.863423 -0.498494 -0.077488
    outer loop
      vertex 23.0005 -5.15 123.137
      vertex 16.7255 -16.0187 123.137
      vertex 19.564 -5.15 84.8452
    endloop
  endfacet
  facet normal 0.863417 -0.498505 -0.0774864
    outer loop
      vertex 21.5078 -1.73934 84.5625
      vertex 19.5 0 51
      vertex 22.4863 0 84.2758
    endloop
  endfacet
  facet normal 0.863419 -0.498501 -0.0774864
    outer loop
      vertex 19.564 -5.15 84.8452
      vertex 19.5 0 51
      vertex 21.5078 -1.73934 84.5625
    endloop
  endfacet
  facet normal 0.863433 -0.498478 -0.0774829
    outer loop
      vertex 19.5 0 51
      vertex 19.564 -5.15 84.8452
      vertex 16.7255 -16.0187 123.137
    endloop
  endfacet
  facet normal 0.863416 -0.498506 -0.0774898
    outer loop
      vertex 15.5825 -16.6897 114.718
      vertex 19.5 0 51
      vertex 16.7255 -16.0187 123.137
    endloop
  endfacet
  facet normal 0.863426 -0.498489 -0.0774845
    outer loop
      vertex 19.5 0 51
      vertex 15.5825 -16.6897 114.718
      vertex 14.2421 -14.368 84.8452
    endloop
  endfacet
  facet normal 0.863411 -0.498515 -0.0774884
    outer loop
      vertex 15.5825 -16.6897 114.718
      vertex 16.7255 -16.0187 123.137
      vertex 15.9603 -17.344 123.137
    endloop
  endfacet
  facet normal 0.863419 -0.498501 -0.0774878
    outer loop
      vertex 9.75 -16.8875 51
      vertex 14.2421 -14.368 84.8452
      vertex 12.9317 -16.6086 84.6583
    endloop
  endfacet
  facet normal 0.863422 -0.498497 -0.0774885
    outer loop
      vertex 14.2421 -14.368 84.8452
      vertex 9.75 -16.8875 51
      vertex 19.5 0 51
    endloop
  endfacet
  facet normal 0.863388 -0.498556 -0.0774844
    outer loop
      vertex 12.2602 -17.7566 84.5625
      vertex 9.75 -16.8875 51
      vertex 12.9317 -16.6086 84.6583
    endloop
  endfacet
  facet normal 0.863421 -0.498498 -0.0774854
    outer loop
      vertex 9.75 -16.8875 51
      vertex 12.2602 -17.7566 84.5625
      vertex 11.2431 -19.4737 84.2758
    endloop
  endfacet
  facet normal 0.82368 -0.47555 -0.308873
    outer loop
      vertex 24.0266 -5.15 8
      vertex 16.1017 -17.5889 6.01776
      vertex 21.6874 -5.15 1.76199
    endloop
  endfacet
  facet normal 0.823675 -0.475543 -0.3089
    outer loop
      vertex 16.1017 -17.5889 6.01776
      vertex 24.0266 -5.15 8
      vertex 16.4734 -18.2327 8
    endloop
  endfacet
  facet normal 0.823674 -0.475542 -0.308903
    outer loop
      vertex 21.6874 -5.15 1.76199
      vertex 14.9734 -15.6346 0
      vertex 21.0266 -5.15 0
    endloop
  endfacet
  facet normal 0.82368 -0.47555 -0.308873
    outer loop
      vertex 14.9734 -15.6346 0
      vertex 21.6874 -5.15 1.76199
      vertex 16.1017 -17.5889 6.01776
    endloop
  endfacet
  facet normal 0 -1 0
    outer loop
      vertex -7.55329 -23.3827 8
      vertex 7.55329 -23.3827 16
      vertex -7.55329 -23.3827 16
    endloop
  endfacet
  facet normal 0 -1 -0
    outer loop
      vertex 7.55329 -23.3827 16
      vertex -7.55329 -23.3827 8
      vertex 7.55329 -23.3827 8
    endloop
  endfacet
  facet normal -4.61436e-06 -0.983213 0.182462
    outer loop
      vertex -6.98414 -22.3969 21.3121
      vertex -9.75 -16.8875 51
      vertex -12.8725 -22.2959 21.8562
    endloop
  endfacet
  facet normal 0 -0.983213 0.182462
    outer loop
      vertex -9.75 -16.8875 51
      vertex -6.98414 -22.3969 21.3121
      vertex 9.75 -16.8875 51
    endloop
  endfacet
  facet normal -7.56934e-06 -0.983213 0.18246
    outer loop
      vertex 9.75 -16.8875 51
      vertex 10.7843 -22.3317 21.6632
      vertex 12.8725 -22.2959 21.8562
    endloop
  endfacet
  facet normal 0 -0.983213 0.182462
    outer loop
      vertex 6.98414 -22.3969 21.3121
      vertex 9.75 -16.8875 51
      vertex -6.98414 -22.3969 21.3121
    endloop
  endfacet
  facet normal 1.14343e-05 -0.983213 0.182461
    outer loop
      vertex 9.75 -16.8875 51
      vertex 6.98414 -22.3969 21.3121
      vertex 10.7843 -22.3317 21.6632
    endloop
  endfacet
  facet normal 0 -0.983213 0.182461
    outer loop
      vertex -7.55329 -23.3827 16
      vertex 6.98414 -22.3969 21.3121
      vertex -6.98414 -22.3969 21.3121
    endloop
  endfacet
  facet normal 0 -0.983213 0.182461
    outer loop
      vertex 6.98414 -22.3969 21.3121
      vertex -7.55329 -23.3827 16
      vertex 7.55329 -23.3827 16
    endloop
  endfacet
  facet normal 0 -0.996994 -0.0774834
    outer loop
      vertex -6.66243 -21.8397 114.718
      vertex 7.04023 -22.494 123.137
      vertex -7.04023 -22.494 123.137
    endloop
  endfacet
  facet normal 0 -0.996994 -0.0774834
    outer loop
      vertex -6.66243 -21.8397 114.718
      vertex 6.66243 -21.8397 114.718
      vertex 7.04023 -22.494 123.137
    endloop
  endfacet
  facet normal 0 -0.996993 -0.0774859
    outer loop
      vertex -5.32199 -19.518 84.8452
      vertex 6.66243 -21.8397 114.718
      vertex -6.66243 -21.8397 114.718
    endloop
  endfacet
  facet normal 0 -0.996993 -0.0774859
    outer loop
      vertex -5.32199 -19.518 84.8452
      vertex 5.32199 -19.518 84.8452
      vertex 6.66243 -21.8397 114.718
    endloop
  endfacet
  facet normal -2.8636e-05 -0.996994 -0.0774841
    outer loop
      vertex -9.75 -16.8875 51
      vertex -5.32199 -19.518 84.8452
      vertex -7.91761 -19.5034 84.6583
    endloop
  endfacet
  facet normal 3.42502e-05 -0.996993 -0.0774875
    outer loop
      vertex -9.75 -16.8875 51
      vertex -7.91761 -19.5034 84.6583
      vertex -9.24759 -19.496 84.5625
    endloop
  endfacet
  facet normal 0 -0.996993 -0.0774878
    outer loop
      vertex -5.32199 -19.518 84.8452
      vertex -9.75 -16.8875 51
      vertex 5.32199 -19.518 84.8452
    endloop
  endfacet
  facet normal -8.75405e-06 -0.996993 -0.0774869
    outer loop
      vertex -9.75 -16.8875 51
      vertex -9.24759 -19.496 84.5625
      vertex -11.2431 -19.4737 84.2758
    endloop
  endfacet
  facet normal -0 -0.996993 -0.0774878
    outer loop
      vertex 9.75 -16.8875 51
      vertex 5.32199 -19.518 84.8452
      vertex -9.75 -16.8875 51
    endloop
  endfacet
  facet normal 7.21207e-06 -0.996993 -0.0774869
    outer loop
      vertex 5.32199 -19.518 84.8452
      vertex 9.75 -16.8875 51
      vertex 9.24759 -19.496 84.5625
    endloop
  endfacet
  facet normal 8.75405e-06 -0.996993 -0.0774869
    outer loop
      vertex 9.24759 -19.496 84.5625
      vertex 9.75 -16.8875 51
      vertex 11.2431 -19.4737 84.2758
    endloop
  endfacet
  facet normal 0 -0.9511 -0.308882
    outer loop
      vertex -6.05329 -20.7846 0
      vertex 7.55329 -23.3827 8
      vertex -7.55329 -23.3827 8
    endloop
  endfacet
  facet normal 0 -0.9511 -0.308882
    outer loop
      vertex 7.55329 -23.3827 8
      vertex -6.05329 -20.7846 0
      vertex 6.05329 -20.7846 0
    endloop
  endfacet
  facet normal -0.866028 -0.499995 0
    outer loop
      vertex -16.4734 -18.2327 8
      vertex -24.0266 -5.15 16
      vertex -24.0266 -5.15 8
    endloop
  endfacet
  facet normal -0.866028 -0.499995 0
    outer loop
      vertex -24.0266 -5.15 16
      vertex -16.4734 -18.2327 8
      vertex -16.4734 -18.2327 16
    endloop
  endfacet
  facet normal -0.851488 -0.491606 0.182461
    outer loop
      vertex -14.4552 -19.6601 21.5721
      vertex -9.75 -16.8875 51
      vertex -19.5 0 51
    endloop
  endfacet
  facet normal -0.851511 -0.491565 0.182461
    outer loop
      vertex -13.9477 -20.5054 21.6632
      vertex -9.75 -16.8875 51
      vertex -14.4552 -19.6601 21.5721
    endloop
  endfacet
  facet normal -0.851467 -0.49164 0.182464
    outer loop
      vertex -9.75 -16.8875 51
      vertex -13.9477 -20.5054 21.6632
      vertex -12.8725 -22.2959 21.8562
    endloop
  endfacet
  facet normal -0.851489 -0.491604 0.182461
    outer loop
      vertex -24.0266 -5.15 16
      vertex -15.9042 -17.2469 21.3121
      vertex -22.8883 -5.15 21.3121
    endloop
  endfacet
  facet normal -0.851489 -0.491601 0.182468
    outer loop
      vertex -15.9042 -17.2469 21.3121
      vertex -24.0266 -5.15 16
      vertex -16.4734 -18.2327 16
    endloop
  endfacet
  facet normal -0.851485 -0.491611 0.182461
    outer loop
      vertex -22.8883 -5.15 21.3121
      vertex -19.5 0 51
      vertex -25.7451 0 21.8562
    endloop
  endfacet
  facet normal -0.851489 -0.491604 0.18246
    outer loop
      vertex -15.9042 -17.2469 21.3121
      vertex -19.5 0 51
      vertex -22.8883 -5.15 21.3121
    endloop
  endfacet
  facet normal -0.851483 -0.491612 0.182466
    outer loop
      vertex -19.5 0 51
      vertex -15.9042 -17.2469 21.3121
      vertex -14.4552 -19.6601 21.5721
    endloop
  endfacet
  facet normal -0.863433 -0.498476 -0.0774916
    outer loop
      vertex -9.75 -16.8875 51
      vertex -14.2421 -14.368 84.8452
      vertex -22.2353 -6.47534 123.137
    endloop
  endfacet
  facet normal -0.863408 -0.49852 -0.077485
    outer loop
      vertex -9.75 -16.8875 51
      vertex -12.2602 -17.7566 84.5625
      vertex -14.2421 -14.368 84.8452
    endloop
  endfacet
  facet normal -0.863421 -0.498498 -0.0774854
    outer loop
      vertex -12.2602 -17.7566 84.5625
      vertex -9.75 -16.8875 51
      vertex -11.2431 -19.4737 84.2758
    endloop
  endfacet
  facet normal -0.863422 -0.498497 -0.0774849
    outer loop
      vertex -15.5825 -16.6897 114.718
      vertex -22.2353 -6.47534 123.137
      vertex -14.2421 -14.368 84.8452
    endloop
  endfacet
  facet normal -0.863422 -0.498495 -0.0774874
    outer loop
      vertex -22.2353 -6.47534 123.137
      vertex -15.5825 -16.6897 114.718
      vertex -15.9603 -17.344 123.137
    endloop
  endfacet
  facet normal -0.863417 -0.498505 -0.0774864
    outer loop
      vertex -19.5 0 51
      vertex -21.5078 -1.73934 84.5625
      vertex -22.4863 0 84.2758
    endloop
  endfacet
  facet normal -0.863419 -0.498501 -0.0774864
    outer loop
      vertex -19.5 0 51
      vertex -19.564 -5.15 84.8452
      vertex -21.5078 -1.73934 84.5625
    endloop
  endfacet
  facet normal -0.863417 -0.498504 -0.0774875
    outer loop
      vertex -19.564 -5.15 84.8452
      vertex -22.2353 -6.47534 123.137
      vertex -23.0005 -5.15 123.137
    endloop
  endfacet
  facet normal -0.863424 -0.498493 -0.0774875
    outer loop
      vertex -19.564 -5.15 84.8452
      vertex -9.75 -16.8875 51
      vertex -22.2353 -6.47534 123.137
    endloop
  endfacet
  facet normal -0.863422 -0.498497 -0.0774856
    outer loop
      vertex -9.75 -16.8875 51
      vertex -19.564 -5.15 84.8452
      vertex -19.5 0 51
    endloop
  endfacet
  facet normal -0.823675 -0.475547 -0.308891
    outer loop
      vertex -16.4734 -18.2327 8
      vertex -23.2833 -5.15 6.01776
      vertex -15.3037 -16.2068 1.76199
    endloop
  endfacet
  facet normal -0.823685 -0.475548 -0.308865
    outer loop
      vertex -23.2833 -5.15 6.01776
      vertex -16.4734 -18.2327 8
      vertex -24.0266 -5.15 8
    endloop
  endfacet
  facet normal -0.823691 -0.475552 -0.308842
    outer loop
      vertex -15.3037 -16.2068 1.76199
      vertex -21.0266 -5.15 0
      vertex -14.9734 -15.6346 0
    endloop
  endfacet
  facet normal -0.823676 -0.47555 -0.308884
    outer loop
      vertex -21.0266 -5.15 0
      vertex -15.3037 -16.2068 1.76199
      vertex -23.2833 -5.15 6.01776
    endloop
  endfacet
  facet normal -0.997296 -0.0734876 0
    outer loop
      vertex 13.5686 0.666584 0
      vertex 13.5196 1.33156 123.137
      vertex 13.5196 1.33156 0
    endloop
  endfacet
  facet normal -0.997296 -0.0734876 0
    outer loop
      vertex 13.5196 1.33156 123.137
      vertex 13.5686 0.666584 0
      vertex 13.5686 0.666584 123.137
    endloop
  endfacet
  facet normal -0.999697 -0.0245956 0
    outer loop
      vertex 13.585 0 0
      vertex 13.5686 0.666584 123.137
      vertex 13.5686 0.666584 0
    endloop
  endfacet
  facet normal -0.999697 -0.0245956 0
    outer loop
      vertex 13.5686 0.666584 123.137
      vertex 13.585 0 0
      vertex 13.585 0 123.137
    endloop
  endfacet
  facet normal -0.992483 -0.122379 0
    outer loop
      vertex 13.5196 1.33156 0
      vertex 13.438 1.99333 123.137
      vertex 13.438 1.99333 0
    endloop
  endfacet
  facet normal -0.992483 -0.122379 0
    outer loop
      vertex 13.438 1.99333 123.137
      vertex 13.5196 1.33156 0
      vertex 13.5196 1.33156 123.137
    endloop
  endfacet
  facet normal 0.893218 0.449624 0
    outer loop
      vertex -11.9809 -6.40392 123.137
      vertex -12.2807 -5.80834 0
      vertex -12.2807 -5.80834 123.137
    endloop
  endfacet
  facet normal 0.893218 0.449624 0
    outer loop
      vertex -12.2807 -5.80834 0
      vertex -11.9809 -6.40392 123.137
      vertex -11.9809 -6.40392 0
    endloop
  endfacet
  facet normal 0.534971 0.84487 -0
    outer loop
      vertex -6.98409 -11.6522 0
      vertex -7.54742 -11.2955 123.137
      vertex -6.98409 -11.6522 123.137
    endloop
  endfacet
  facet normal 0.534971 0.84487 0
    outer loop
      vertex -7.54742 -11.2955 123.137
      vertex -6.98409 -11.6522 0
      vertex -7.54742 -11.2955 0
    endloop
  endfacet
  facet normal 0.0734876 -0.997296 0
    outer loop
      vertex -1.33156 13.5196 0
      vertex -0.666584 13.5686 123.137
      vertex -1.33156 13.5196 123.137
    endloop
  endfacet
  facet normal 0.0734876 -0.997296 0
    outer loop
      vertex -0.666584 13.5686 123.137
      vertex -1.33156 13.5196 0
      vertex -0.666584 13.5686 0
    endloop
  endfacet
  facet normal 0.219109 -0.9757 0
    outer loop
      vertex -3.30089 13.1779 0
      vertex -2.6503 13.324 123.137
      vertex -3.30089 13.1779 123.137
    endloop
  endfacet
  facet normal 0.219109 -0.9757 0
    outer loop
      vertex -2.6503 13.324 123.137
      vertex -3.30089 13.1779 0
      vertex -2.6503 13.324 0
    endloop
  endfacet
  facet normal -0.992483 0.122379 0
    outer loop
      vertex 13.438 -1.99333 0
      vertex 13.5196 -1.33156 123.137
      vertex 13.5196 -1.33156 0
    endloop
  endfacet
  facet normal -0.992483 0.122379 0
    outer loop
      vertex 13.5196 -1.33156 123.137
      vertex 13.438 -1.99333 0
      vertex 13.438 -1.99333 123.137
    endloop
  endfacet
  facet normal -0.57577 0.817612 0
    outer loop
      vertex 8.09257 -10.9116 0
      vertex 7.54742 -11.2955 123.137
      vertex 8.09257 -10.9116 123.137
    endloop
  endfacet
  facet normal -0.57577 0.817612 0
    outer loop
      vertex 7.54742 -11.2955 123.137
      vertex 8.09257 -10.9116 0
      vertex 7.54742 -11.2955 0
    endloop
  endfacet
  facet normal -0.57577 -0.817612 0
    outer loop
      vertex 7.54742 11.2955 0
      vertex 8.09257 10.9116 123.137
      vertex 7.54742 11.2955 123.137
    endloop
  endfacet
  facet normal -0.57577 -0.817612 -0
    outer loop
      vertex 8.09257 10.9116 123.137
      vertex 7.54742 11.2955 0
      vertex 8.09257 10.9116 0
    endloop
  endfacet
  facet normal -0.9757 -0.219109 0
    outer loop
      vertex 13.324 2.6503 0
      vertex 13.1779 3.30089 123.137
      vertex 13.1779 3.30089 0
    endloop
  endfacet
  facet normal -0.9757 -0.219109 0
    outer loop
      vertex 13.1779 3.30089 123.137
      vertex 13.324 2.6503 0
      vertex 13.324 2.6503 123.137
    endloop
  endfacet
  facet normal -0.122379 0.992483 0
    outer loop
      vertex 1.99333 -13.438 0
      vertex 1.33156 -13.5196 123.137
      vertex 1.99333 -13.438 123.137
    endloop
  endfacet
  facet normal -0.122379 0.992483 0
    outer loop
      vertex 1.33156 -13.5196 123.137
      vertex 1.99333 -13.438 0
      vertex 1.33156 -13.5196 0
    endloop
  endfacet
  facet normal -0.0245956 0.999697 0
    outer loop
      vertex 0.666584 -13.5686 0
      vertex 0 -13.585 123.137
      vertex 0.666584 -13.5686 123.137
    endloop
  endfacet
  facet normal -0.0245956 0.999697 0
    outer loop
      vertex 0 -13.585 123.137
      vertex 0.666584 -13.5686 0
      vertex 0 -13.585 0
    endloop
  endfacet
  facet normal 0.992483 0.122379 0
    outer loop
      vertex -13.438 -1.99333 123.137
      vertex -13.5196 -1.33156 0
      vertex -13.5196 -1.33156 123.137
    endloop
  endfacet
  facet normal 0.992483 0.122379 0
    outer loop
      vertex -13.5196 -1.33156 0
      vertex -13.438 -1.99333 123.137
      vertex -13.438 -1.99333 0
    endloop
  endfacet
  facet normal -0.653147 0.757231 0
    outer loop
      vertex 9.12313 -10.0658 0
      vertex 8.61823 -10.5013 123.137
      vertex 9.12313 -10.0658 123.137
    endloop
  endfacet
  facet normal -0.653147 0.757231 0
    outer loop
      vertex 8.61823 -10.5013 123.137
      vertex 9.12313 -10.0658 0
      vertex 8.61823 -10.5013 0
    endloop
  endfacet
  facet normal -0.870063 0.492941 0
    outer loop
      vertex 11.6522 -6.98409 0
      vertex 11.9809 -6.40392 123.137
      vertex 11.9809 -6.40392 0
    endloop
  endfacet
  facet normal -0.870063 0.492941 0
    outer loop
      vertex 11.9809 -6.40392 123.137
      vertex 11.6522 -6.98409 0
      vertex 11.6522 -6.98409 123.137
    endloop
  endfacet
  facet normal -0.615298 0.788295 0
    outer loop
      vertex 8.61823 -10.5013 0
      vertex 8.09257 -10.9116 123.137
      vertex 8.61823 -10.5013 123.137
    endloop
  endfacet
  facet normal -0.615298 0.788295 0
    outer loop
      vertex 8.09257 -10.9116 123.137
      vertex 8.61823 -10.5013 0
      vertex 8.09257 -10.9116 0
    endloop
  endfacet
  facet normal 0.817612 0.57577 0
    outer loop
      vertex -10.9116 -8.09257 123.137
      vertex -11.2955 -7.54742 0
      vertex -11.2955 -7.54742 123.137
    endloop
  endfacet
  facet normal 0.817612 0.57577 0
    outer loop
      vertex -11.2955 -7.54742 0
      vertex -10.9116 -8.09257 123.137
      vertex -10.9116 -8.09257 0
    endloop
  endfacet
  facet normal 0.757231 0.653147 0
    outer loop
      vertex -10.0658 -9.12313 123.137
      vertex -10.5013 -8.61823 0
      vertex -10.5013 -8.61823 123.137
    endloop
  endfacet
  facet normal 0.757231 0.653147 0
    outer loop
      vertex -10.5013 -8.61823 0
      vertex -10.0658 -9.12313 123.137
      vertex -10.0658 -9.12313 0
    endloop
  endfacet
  facet normal 0.122379 0.992483 -0
    outer loop
      vertex -1.33156 -13.5196 0
      vertex -1.99333 -13.438 123.137
      vertex -1.33156 -13.5196 123.137
    endloop
  endfacet
  facet normal 0.122379 0.992483 0
    outer loop
      vertex -1.99333 -13.438 123.137
      vertex -1.33156 -13.5196 0
      vertex -1.99333 -13.438 0
    endloop
  endfacet
  facet normal -0.997296 0.0734876 0
    outer loop
      vertex 13.5196 -1.33156 0
      vertex 13.5686 -0.666584 123.137
      vertex 13.5686 -0.666584 0
    endloop
  endfacet
  facet normal -0.997296 0.0734876 0
    outer loop
      vertex 13.5686 -0.666584 123.137
      vertex 13.5196 -1.33156 0
      vertex 13.5196 -1.33156 123.137
    endloop
  endfacet
  facet normal 0.0245956 -0.999697 0
    outer loop
      vertex -0.666584 13.5686 0
      vertex 0 13.585 123.137
      vertex -0.666584 13.5686 123.137
    endloop
  endfacet
  facet normal 0.0245956 -0.999697 0
    outer loop
      vertex 0 13.585 123.137
      vertex -0.666584 13.5686 0
      vertex 0 13.585 0
    endloop
  endfacet
  facet normal -0.219109 -0.9757 0
    outer loop
      vertex 2.6503 13.324 0
      vertex 3.30089 13.1779 123.137
      vertex 2.6503 13.324 123.137
    endloop
  endfacet
  facet normal -0.219109 -0.9757 -0
    outer loop
      vertex 3.30089 13.1779 123.137
      vertex 2.6503 13.324 0
      vertex 3.30089 13.1779 0
    endloop
  endfacet
  facet normal -0.985276 -0.170969 0
    outer loop
      vertex 13.438 1.99333 0
      vertex 13.324 2.6503 123.137
      vertex 13.324 2.6503 0
    endloop
  endfacet
  facet normal -0.985276 -0.170969 0
    outer loop
      vertex 13.324 2.6503 123.137
      vertex 13.438 1.99333 0
      vertex 13.438 1.99333 123.137
    endloop
  endfacet
  facet normal -0.0734876 0.997296 0
    outer loop
      vertex 1.33156 -13.5196 0
      vertex 0.666584 -13.5686 123.137
      vertex 1.33156 -13.5196 123.137
    endloop
  endfacet
  facet normal -0.0734876 0.997296 0
    outer loop
      vertex 0.666584 -13.5686 123.137
      vertex 1.33156 -13.5196 0
      vertex 0.666584 -13.5686 0
    endloop
  endfacet
  facet normal -0.405225 0.914217 0
    outer loop
      vertex 5.80834 -12.2807 0
      vertex 5.19875 -12.5509 123.137
      vertex 5.80834 -12.2807 123.137
    endloop
  endfacet
  facet normal -0.405225 0.914217 0
    outer loop
      vertex 5.19875 -12.5509 123.137
      vertex 5.80834 -12.2807 0
      vertex 5.19875 -12.5509 0
    endloop
  endfacet
  facet normal 0.170969 -0.985276 0
    outer loop
      vertex -2.6503 13.324 0
      vertex -1.99333 13.438 123.137
      vertex -2.6503 13.324 123.137
    endloop
  endfacet
  facet normal 0.170969 -0.985276 0
    outer loop
      vertex -1.99333 13.438 123.137
      vertex -2.6503 13.324 0
      vertex -1.99333 13.438 0
    endloop
  endfacet
  facet normal -0.313603 -0.949554 0
    outer loop
      vertex 3.94352 13 0
      vertex 4.57665 12.7909 123.137
      vertex 3.94352 13 123.137
    endloop
  endfacet
  facet normal -0.313603 -0.949554 -0
    outer loop
      vertex 4.57665 12.7909 123.137
      vertex 3.94352 13 0
      vertex 4.57665 12.7909 0
    endloop
  endfacet
  facet normal 0.689534 -0.724253 0
    outer loop
      vertex -9.60604 9.60604 0
      vertex -9.12313 10.0658 123.137
      vertex -9.60604 9.60604 123.137
    endloop
  endfacet
  facet normal 0.689534 -0.724253 0
    outer loop
      vertex -9.12313 10.0658 123.137
      vertex -9.60604 9.60604 0
      vertex -9.12313 10.0658 0
    endloop
  endfacet
  facet normal -0.534971 -0.84487 0
    outer loop
      vertex 6.98409 11.6522 0
      vertex 7.54742 11.2955 123.137
      vertex 6.98409 11.6522 123.137
    endloop
  endfacet
  facet normal -0.534971 -0.84487 -0
    outer loop
      vertex 7.54742 11.2955 123.137
      vertex 6.98409 11.6522 0
      vertex 7.54742 11.2955 0
    endloop
  endfacet
  facet normal -0.985276 0.170969 0
    outer loop
      vertex 13.324 -2.6503 0
      vertex 13.438 -1.99333 123.137
      vertex 13.438 -1.99333 0
    endloop
  endfacet
  facet normal -0.985276 0.170969 0
    outer loop
      vertex 13.438 -1.99333 123.137
      vertex 13.324 -2.6503 0
      vertex 13.324 -2.6503 123.137
    endloop
  endfacet
  facet normal 0.534971 -0.84487 0
    outer loop
      vertex -7.54742 11.2955 0
      vertex -6.98409 11.6522 123.137
      vertex -7.54742 11.2955 123.137
    endloop
  endfacet
  facet normal 0.534971 -0.84487 0
    outer loop
      vertex -6.98409 11.6522 123.137
      vertex -7.54742 11.2955 0
      vertex -6.98409 11.6522 0
    endloop
  endfacet
  facet normal 0.985276 0.170969 0
    outer loop
      vertex -13.324 -2.6503 123.137
      vertex -13.438 -1.99333 0
      vertex -13.438 -1.99333 123.137
    endloop
  endfacet
  facet normal 0.985276 0.170969 0
    outer loop
      vertex -13.438 -1.99333 0
      vertex -13.324 -2.6503 123.137
      vertex -13.324 -2.6503 0
    endloop
  endfacet
  facet normal -0.914217 -0.405225 0
    outer loop
      vertex 12.5509 5.19875 0
      vertex 12.2807 5.80834 123.137
      vertex 12.2807 5.80834 0
    endloop
  endfacet
  facet normal -0.914217 -0.405225 0
    outer loop
      vertex 12.2807 5.80834 123.137
      vertex 12.5509 5.19875 0
      vertex 12.5509 5.19875 123.137
    endloop
  endfacet
  facet normal 0.313603 0.949554 -0
    outer loop
      vertex -3.94352 -13 0
      vertex -4.57665 -12.7909 123.137
      vertex -3.94352 -13 123.137
    endloop
  endfacet
  facet normal 0.313603 0.949554 0
    outer loop
      vertex -4.57665 -12.7909 123.137
      vertex -3.94352 -13 0
      vertex -4.57665 -12.7909 0
    endloop
  endfacet
  facet normal 0.997296 0.0734876 0
    outer loop
      vertex -13.5196 -1.33156 123.137
      vertex -13.5686 -0.666584 0
      vertex -13.5686 -0.666584 123.137
    endloop
  endfacet
  facet normal 0.997296 0.0734876 0
    outer loop
      vertex -13.5686 -0.666584 0
      vertex -13.5196 -1.33156 123.137
      vertex -13.5196 -1.33156 0
    endloop
  endfacet
  facet normal -0.359934 -0.932978 0
    outer loop
      vertex 4.57665 12.7909 0
      vertex 5.19875 12.5509 123.137
      vertex 4.57665 12.7909 123.137
    endloop
  endfacet
  facet normal -0.359934 -0.932978 -0
    outer loop
      vertex 5.19875 12.5509 123.137
      vertex 4.57665 12.7909 0
      vertex 5.19875 12.5509 0
    endloop
  endfacet
  facet normal -0.870063 -0.492941 0
    outer loop
      vertex 11.9809 6.40392 0
      vertex 11.6522 6.98409 123.137
      vertex 11.6522 6.98409 0
    endloop
  endfacet
  facet normal -0.870063 -0.492941 0
    outer loop
      vertex 11.6522 6.98409 123.137
      vertex 11.9809 6.40392 0
      vertex 11.9809 6.40392 123.137
    endloop
  endfacet
  facet normal -0.963753 0.266797 0
    outer loop
      vertex 13 -3.94352 0
      vertex 13.1779 -3.30089 123.137
      vertex 13.1779 -3.30089 0
    endloop
  endfacet
  facet normal -0.963753 0.266797 0
    outer loop
      vertex 13.1779 -3.30089 123.137
      vertex 13 -3.94352 0
      vertex 13 -3.94352 123.137
    endloop
  endfacet
  facet normal 0.449624 -0.893218 0
    outer loop
      vertex -6.40392 11.9809 0
      vertex -5.80834 12.2807 123.137
      vertex -6.40392 11.9809 123.137
    endloop
  endfacet
  facet normal 0.449624 -0.893218 0
    outer loop
      vertex -5.80834 12.2807 123.137
      vertex -6.40392 11.9809 0
      vertex -5.80834 12.2807 0
    endloop
  endfacet
  facet normal -0.449624 0.893218 0
    outer loop
      vertex 6.40392 -11.9809 0
      vertex 5.80834 -12.2807 123.137
      vertex 6.40392 -11.9809 123.137
    endloop
  endfacet
  facet normal -0.449624 0.893218 0
    outer loop
      vertex 5.80834 -12.2807 123.137
      vertex 6.40392 -11.9809 0
      vertex 5.80834 -12.2807 0
    endloop
  endfacet
  facet normal -0.999697 0.0245956 0
    outer loop
      vertex 13.5686 -0.666584 0
      vertex 13.585 0 123.137
      vertex 13.585 0 0
    endloop
  endfacet
  facet normal -0.999697 0.0245956 0
    outer loop
      vertex 13.585 0 123.137
      vertex 13.5686 -0.666584 0
      vertex 13.5686 -0.666584 123.137
    endloop
  endfacet
  facet normal -0.949554 0.313603 0
    outer loop
      vertex 12.7909 -4.57665 0
      vertex 13 -3.94352 123.137
      vertex 13 -3.94352 0
    endloop
  endfacet
  facet normal -0.949554 0.313603 0
    outer loop
      vertex 13 -3.94352 123.137
      vertex 12.7909 -4.57665 0
      vertex 12.7909 -4.57665 123.137
    endloop
  endfacet
  facet normal 0.870063 0.492941 0
    outer loop
      vertex -11.6522 -6.98409 123.137
      vertex -11.9809 -6.40392 0
      vertex -11.9809 -6.40392 123.137
    endloop
  endfacet
  facet normal 0.870063 0.492941 0
    outer loop
      vertex -11.9809 -6.40392 0
      vertex -11.6522 -6.98409 123.137
      vertex -11.6522 -6.98409 0
    endloop
  endfacet
  facet normal 0.9757 0.219109 0
    outer loop
      vertex -13.1779 -3.30089 123.137
      vertex -13.324 -2.6503 0
      vertex -13.324 -2.6503 123.137
    endloop
  endfacet
  facet normal 0.9757 0.219109 0
    outer loop
      vertex -13.324 -2.6503 0
      vertex -13.1779 -3.30089 123.137
      vertex -13.1779 -3.30089 0
    endloop
  endfacet
  facet normal -0.170969 0.985276 0
    outer loop
      vertex 2.6503 -13.324 0
      vertex 1.99333 -13.438 123.137
      vertex 2.6503 -13.324 123.137
    endloop
  endfacet
  facet normal -0.170969 0.985276 0
    outer loop
      vertex 1.99333 -13.438 123.137
      vertex 2.6503 -13.324 0
      vertex 1.99333 -13.438 0
    endloop
  endfacet
  facet normal -0.949554 -0.313603 0
    outer loop
      vertex 13 3.94352 0
      vertex 12.7909 4.57665 123.137
      vertex 12.7909 4.57665 0
    endloop
  endfacet
  facet normal -0.949554 -0.313603 0
    outer loop
      vertex 12.7909 4.57665 123.137
      vertex 13 3.94352 0
      vertex 13 3.94352 123.137
    endloop
  endfacet
  facet normal -0.9757 0.219109 0
    outer loop
      vertex 13.1779 -3.30089 0
      vertex 13.324 -2.6503 123.137
      vertex 13.324 -2.6503 0
    endloop
  endfacet
  facet normal -0.9757 0.219109 0
    outer loop
      vertex 13.324 -2.6503 123.137
      vertex 13.1779 -3.30089 0
      vertex 13.1779 -3.30089 123.137
    endloop
  endfacet
  facet normal 0.266797 0.963753 -0
    outer loop
      vertex -3.30089 -13.1779 0
      vertex -3.94352 -13 123.137
      vertex -3.30089 -13.1779 123.137
    endloop
  endfacet
  facet normal 0.266797 0.963753 0
    outer loop
      vertex -3.94352 -13 123.137
      vertex -3.30089 -13.1779 0
      vertex -3.94352 -13 0
    endloop
  endfacet
  facet normal 0.817612 -0.57577 0
    outer loop
      vertex -11.2955 7.54742 123.137
      vertex -10.9116 8.09257 0
      vertex -10.9116 8.09257 123.137
    endloop
  endfacet
  facet normal 0.817612 -0.57577 0
    outer loop
      vertex -10.9116 8.09257 0
      vertex -11.2955 7.54742 123.137
      vertex -11.2955 7.54742 0
    endloop
  endfacet
  facet normal 0.0734876 0.997296 -0
    outer loop
      vertex -0.666584 -13.5686 0
      vertex -1.33156 -13.5196 123.137
      vertex -0.666584 -13.5686 123.137
    endloop
  endfacet
  facet normal 0.0734876 0.997296 0
    outer loop
      vertex -1.33156 -13.5196 123.137
      vertex -0.666584 -13.5686 0
      vertex -1.33156 -13.5196 0
    endloop
  endfacet
  facet normal 0.84487 0.534971 0
    outer loop
      vertex -11.2955 -7.54742 123.137
      vertex -11.6522 -6.98409 0
      vertex -11.6522 -6.98409 123.137
    endloop
  endfacet
  facet normal 0.84487 0.534971 0
    outer loop
      vertex -11.6522 -6.98409 0
      vertex -11.2955 -7.54742 123.137
      vertex -11.2955 -7.54742 0
    endloop
  endfacet
  facet normal 0.0245956 0.999697 -0
    outer loop
      vertex 0 -13.585 0
      vertex -0.666584 -13.5686 123.137
      vertex 0 -13.585 123.137
    endloop
  endfacet
  facet normal 0.0245956 0.999697 0
    outer loop
      vertex -0.666584 -13.5686 123.137
      vertex 0 -13.585 0
      vertex -0.666584 -13.5686 0
    endloop
  endfacet
  facet normal -0.0245956 -0.999697 0
    outer loop
      vertex 0 13.585 0
      vertex 0.666584 13.5686 123.137
      vertex 0 13.585 123.137
    endloop
  endfacet
  facet normal -0.0245956 -0.999697 -0
    outer loop
      vertex 0.666584 13.5686 123.137
      vertex 0 13.585 0
      vertex 0.666584 13.5686 0
    endloop
  endfacet
  facet normal -0.932978 -0.359934 0
    outer loop
      vertex 12.7909 4.57665 0
      vertex 12.5509 5.19875 123.137
      vertex 12.5509 5.19875 0
    endloop
  endfacet
  facet normal -0.932978 -0.359934 0
    outer loop
      vertex 12.5509 5.19875 123.137
      vertex 12.7909 4.57665 0
      vertex 12.7909 4.57665 123.137
    endloop
  endfacet
  facet normal 0.949554 -0.313603 0
    outer loop
      vertex -13 3.94352 123.137
      vertex -12.7909 4.57665 0
      vertex -12.7909 4.57665 123.137
    endloop
  endfacet
  facet normal 0.949554 -0.313603 0
    outer loop
      vertex -12.7909 4.57665 0
      vertex -13 3.94352 123.137
      vertex -13 3.94352 0
    endloop
  endfacet
  facet normal -0.963753 -0.266797 0
    outer loop
      vertex 13.1779 3.30089 0
      vertex 13 3.94352 123.137
      vertex 13 3.94352 0
    endloop
  endfacet
  facet normal -0.963753 -0.266797 0
    outer loop
      vertex 13 3.94352 123.137
      vertex 13.1779 3.30089 0
      vertex 13.1779 3.30089 123.137
    endloop
  endfacet
  facet normal -0.757231 0.653147 0
    outer loop
      vertex 10.0658 -9.12313 0
      vertex 10.5013 -8.61823 123.137
      vertex 10.5013 -8.61823 0
    endloop
  endfacet
  facet normal -0.757231 0.653147 0
    outer loop
      vertex 10.5013 -8.61823 123.137
      vertex 10.0658 -9.12313 0
      vertex 10.0658 -9.12313 123.137
    endloop
  endfacet
  facet normal 0.893218 -0.449624 0
    outer loop
      vertex -12.2807 5.80834 123.137
      vertex -11.9809 6.40392 0
      vertex -11.9809 6.40392 123.137
    endloop
  endfacet
  facet normal 0.893218 -0.449624 0
    outer loop
      vertex -11.9809 6.40392 0
      vertex -12.2807 5.80834 123.137
      vertex -12.2807 5.80834 0
    endloop
  endfacet
  facet normal -0.266797 0.963753 0
    outer loop
      vertex 3.94352 -13 0
      vertex 3.30089 -13.1779 123.137
      vertex 3.94352 -13 123.137
    endloop
  endfacet
  facet normal -0.266797 0.963753 0
    outer loop
      vertex 3.30089 -13.1779 123.137
      vertex 3.94352 -13 0
      vertex 3.30089 -13.1779 0
    endloop
  endfacet
  facet normal 0.57577 -0.817612 0
    outer loop
      vertex -8.09257 10.9116 0
      vertex -7.54742 11.2955 123.137
      vertex -8.09257 10.9116 123.137
    endloop
  endfacet
  facet normal 0.57577 -0.817612 0
    outer loop
      vertex -7.54742 11.2955 123.137
      vertex -8.09257 10.9116 0
      vertex -7.54742 11.2955 0
    endloop
  endfacet
  facet normal 0.932978 0.359934 0
    outer loop
      vertex -12.5509 -5.19875 123.137
      vertex -12.7909 -4.57665 0
      vertex -12.7909 -4.57665 123.137
    endloop
  endfacet
  facet normal 0.932978 0.359934 0
    outer loop
      vertex -12.7909 -4.57665 0
      vertex -12.5509 -5.19875 123.137
      vertex -12.5509 -5.19875 0
    endloop
  endfacet
  facet normal 0.122379 -0.992483 0
    outer loop
      vertex -1.99333 13.438 0
      vertex -1.33156 13.5196 123.137
      vertex -1.99333 13.438 123.137
    endloop
  endfacet
  facet normal 0.122379 -0.992483 0
    outer loop
      vertex -1.33156 13.5196 123.137
      vertex -1.99333 13.438 0
      vertex -1.33156 13.5196 0
    endloop
  endfacet
  facet normal -0.359934 0.932978 0
    outer loop
      vertex 5.19875 -12.5509 0
      vertex 4.57665 -12.7909 123.137
      vertex 5.19875 -12.5509 123.137
    endloop
  endfacet
  facet normal -0.359934 0.932978 0
    outer loop
      vertex 4.57665 -12.7909 123.137
      vertex 5.19875 -12.5509 0
      vertex 4.57665 -12.7909 0
    endloop
  endfacet
  facet normal 0.963753 0.266797 0
    outer loop
      vertex -13 -3.94352 123.137
      vertex -13.1779 -3.30089 0
      vertex -13.1779 -3.30089 123.137
    endloop
  endfacet
  facet normal 0.963753 0.266797 0
    outer loop
      vertex -13.1779 -3.30089 0
      vertex -13 -3.94352 123.137
      vertex -13 -3.94352 0
    endloop
  endfacet
  facet normal 0.914217 -0.405225 0
    outer loop
      vertex -12.5509 5.19875 123.137
      vertex -12.2807 5.80834 0
      vertex -12.2807 5.80834 123.137
    endloop
  endfacet
  facet normal 0.914217 -0.405225 0
    outer loop
      vertex -12.2807 5.80834 0
      vertex -12.5509 5.19875 123.137
      vertex -12.5509 5.19875 0
    endloop
  endfacet
  facet normal 0.949554 0.313603 0
    outer loop
      vertex -12.7909 -4.57665 123.137
      vertex -13 -3.94352 0
      vertex -13 -3.94352 123.137
    endloop
  endfacet
  facet normal 0.949554 0.313603 0
    outer loop
      vertex -13 -3.94352 0
      vertex -12.7909 -4.57665 123.137
      vertex -12.7909 -4.57665 0
    endloop
  endfacet
  facet normal 0.932978 -0.359934 0
    outer loop
      vertex -12.7909 4.57665 123.137
      vertex -12.5509 5.19875 0
      vertex -12.5509 5.19875 123.137
    endloop
  endfacet
  facet normal 0.932978 -0.359934 0
    outer loop
      vertex -12.5509 5.19875 0
      vertex -12.7909 4.57665 123.137
      vertex -12.7909 4.57665 0
    endloop
  endfacet
  facet normal 0.992483 -0.122379 0
    outer loop
      vertex -13.5196 1.33156 123.137
      vertex -13.438 1.99333 0
      vertex -13.438 1.99333 123.137
    endloop
  endfacet
  facet normal 0.992483 -0.122379 0
    outer loop
      vertex -13.438 1.99333 0
      vertex -13.5196 1.33156 123.137
      vertex -13.5196 1.33156 0
    endloop
  endfacet
  facet normal -0.788295 -0.615298 0
    outer loop
      vertex 10.9116 8.09257 0
      vertex 10.5013 8.61823 123.137
      vertex 10.5013 8.61823 0
    endloop
  endfacet
  facet normal -0.788295 -0.615298 0
    outer loop
      vertex 10.5013 8.61823 123.137
      vertex 10.9116 8.09257 0
      vertex 10.9116 8.09257 123.137
    endloop
  endfacet
  facet normal 0.724253 -0.689534 0
    outer loop
      vertex -10.0658 9.12313 123.137
      vertex -9.60604 9.60604 0
      vertex -9.60604 9.60604 123.137
    endloop
  endfacet
  facet normal 0.724253 -0.689534 0
    outer loop
      vertex -9.60604 9.60604 0
      vertex -10.0658 9.12313 123.137
      vertex -10.0658 9.12313 0
    endloop
  endfacet
  facet normal 0.266797 -0.963753 0
    outer loop
      vertex -3.94352 13 0
      vertex -3.30089 13.1779 123.137
      vertex -3.94352 13 123.137
    endloop
  endfacet
  facet normal 0.266797 -0.963753 0
    outer loop
      vertex -3.30089 13.1779 123.137
      vertex -3.94352 13 0
      vertex -3.30089 13.1779 0
    endloop
  endfacet
  facet normal 0.689534 0.724253 -0
    outer loop
      vertex -9.12313 -10.0658 0
      vertex -9.60604 -9.60604 123.137
      vertex -9.12313 -10.0658 123.137
    endloop
  endfacet
  facet normal 0.689534 0.724253 0
    outer loop
      vertex -9.60604 -9.60604 123.137
      vertex -9.12313 -10.0658 0
      vertex -9.60604 -9.60604 0
    endloop
  endfacet
  facet normal -0.817612 -0.57577 0
    outer loop
      vertex 11.2955 7.54742 0
      vertex 10.9116 8.09257 123.137
      vertex 10.9116 8.09257 0
    endloop
  endfacet
  facet normal -0.817612 -0.57577 0
    outer loop
      vertex 10.9116 8.09257 123.137
      vertex 11.2955 7.54742 0
      vertex 11.2955 7.54742 123.137
    endloop
  endfacet
  facet normal 0.405225 0.914217 -0
    outer loop
      vertex -5.19875 -12.5509 0
      vertex -5.80834 -12.2807 123.137
      vertex -5.19875 -12.5509 123.137
    endloop
  endfacet
  facet normal 0.405225 0.914217 0
    outer loop
      vertex -5.80834 -12.2807 123.137
      vertex -5.19875 -12.5509 0
      vertex -5.80834 -12.2807 0
    endloop
  endfacet
  facet normal 0.615298 0.788295 -0
    outer loop
      vertex -8.09257 -10.9116 0
      vertex -8.61823 -10.5013 123.137
      vertex -8.09257 -10.9116 123.137
    endloop
  endfacet
  facet normal 0.615298 0.788295 0
    outer loop
      vertex -8.61823 -10.5013 123.137
      vertex -8.09257 -10.9116 0
      vertex -8.61823 -10.5013 0
    endloop
  endfacet
  facet normal 0.359934 0.932978 -0
    outer loop
      vertex -4.57665 -12.7909 0
      vertex -5.19875 -12.5509 123.137
      vertex -4.57665 -12.7909 123.137
    endloop
  endfacet
  facet normal 0.359934 0.932978 0
    outer loop
      vertex -5.19875 -12.5509 123.137
      vertex -4.57665 -12.7909 0
      vertex -5.19875 -12.5509 0
    endloop
  endfacet
  facet normal -0.893218 -0.449624 0
    outer loop
      vertex 12.2807 5.80834 0
      vertex 11.9809 6.40392 123.137
      vertex 11.9809 6.40392 0
    endloop
  endfacet
  facet normal -0.893218 -0.449624 0
    outer loop
      vertex 11.9809 6.40392 123.137
      vertex 12.2807 5.80834 0
      vertex 12.2807 5.80834 123.137
    endloop
  endfacet
  facet normal -0.84487 -0.534971 0
    outer loop
      vertex 11.6522 6.98409 0
      vertex 11.2955 7.54742 123.137
      vertex 11.2955 7.54742 0
    endloop
  endfacet
  facet normal -0.84487 -0.534971 0
    outer loop
      vertex 11.2955 7.54742 123.137
      vertex 11.6522 6.98409 0
      vertex 11.6522 6.98409 123.137
    endloop
  endfacet
  facet normal 0.359934 -0.932978 0
    outer loop
      vertex -5.19875 12.5509 0
      vertex -4.57665 12.7909 123.137
      vertex -5.19875 12.5509 123.137
    endloop
  endfacet
  facet normal 0.359934 -0.932978 0
    outer loop
      vertex -4.57665 12.7909 123.137
      vertex -5.19875 12.5509 0
      vertex -4.57665 12.7909 0
    endloop
  endfacet
  facet normal -0.653147 -0.757231 0
    outer loop
      vertex 8.61823 10.5013 0
      vertex 9.12313 10.0658 123.137
      vertex 8.61823 10.5013 123.137
    endloop
  endfacet
  facet normal -0.653147 -0.757231 -0
    outer loop
      vertex 9.12313 10.0658 123.137
      vertex 8.61823 10.5013 0
      vertex 9.12313 10.0658 0
    endloop
  endfacet
  facet normal -0.615298 -0.788295 0
    outer loop
      vertex 8.09257 10.9116 0
      vertex 8.61823 10.5013 123.137
      vertex 8.09257 10.9116 123.137
    endloop
  endfacet
  facet normal -0.615298 -0.788295 -0
    outer loop
      vertex 8.61823 10.5013 123.137
      vertex 8.09257 10.9116 0
      vertex 8.61823 10.5013 0
    endloop
  endfacet
  facet normal -0.405225 -0.914217 0
    outer loop
      vertex 5.19875 12.5509 0
      vertex 5.80834 12.2807 123.137
      vertex 5.19875 12.5509 123.137
    endloop
  endfacet
  facet normal -0.405225 -0.914217 -0
    outer loop
      vertex 5.80834 12.2807 123.137
      vertex 5.19875 12.5509 0
      vertex 5.80834 12.2807 0
    endloop
  endfacet
  facet normal 0.870063 -0.492941 0
    outer loop
      vertex -11.9809 6.40392 123.137
      vertex -11.6522 6.98409 0
      vertex -11.6522 6.98409 123.137
    endloop
  endfacet
  facet normal 0.870063 -0.492941 0
    outer loop
      vertex -11.6522 6.98409 0
      vertex -11.9809 6.40392 123.137
      vertex -11.9809 6.40392 0
    endloop
  endfacet
  facet normal 0.492941 -0.870063 0
    outer loop
      vertex -6.98409 11.6522 0
      vertex -6.40392 11.9809 123.137
      vertex -6.98409 11.6522 123.137
    endloop
  endfacet
  facet normal 0.492941 -0.870063 0
    outer loop
      vertex -6.40392 11.9809 123.137
      vertex -6.98409 11.6522 0
      vertex -6.40392 11.9809 0
    endloop
  endfacet
  facet normal -0.932978 0.359934 0
    outer loop
      vertex 12.5509 -5.19875 0
      vertex 12.7909 -4.57665 123.137
      vertex 12.7909 -4.57665 0
    endloop
  endfacet
  facet normal -0.932978 0.359934 0
    outer loop
      vertex 12.7909 -4.57665 123.137
      vertex 12.5509 -5.19875 0
      vertex 12.5509 -5.19875 123.137
    endloop
  endfacet
  facet normal -0.170969 -0.985276 0
    outer loop
      vertex 1.99333 13.438 0
      vertex 2.6503 13.324 123.137
      vertex 1.99333 13.438 123.137
    endloop
  endfacet
  facet normal -0.170969 -0.985276 -0
    outer loop
      vertex 2.6503 13.324 123.137
      vertex 1.99333 13.438 0
      vertex 2.6503 13.324 0
    endloop
  endfacet
  facet normal 0.405225 -0.914217 0
    outer loop
      vertex -5.80834 12.2807 0
      vertex -5.19875 12.5509 123.137
      vertex -5.80834 12.2807 123.137
    endloop
  endfacet
  facet normal 0.405225 -0.914217 0
    outer loop
      vertex -5.19875 12.5509 123.137
      vertex -5.80834 12.2807 0
      vertex -5.19875 12.5509 0
    endloop
  endfacet
  facet normal -0.266797 -0.963753 0
    outer loop
      vertex 3.30089 13.1779 0
      vertex 3.94352 13 123.137
      vertex 3.30089 13.1779 123.137
    endloop
  endfacet
  facet normal -0.266797 -0.963753 -0
    outer loop
      vertex 3.94352 13 123.137
      vertex 3.30089 13.1779 0
      vertex 3.94352 13 0
    endloop
  endfacet
  facet normal -0.914217 0.405225 0
    outer loop
      vertex 12.2807 -5.80834 0
      vertex 12.5509 -5.19875 123.137
      vertex 12.5509 -5.19875 0
    endloop
  endfacet
  facet normal -0.914217 0.405225 0
    outer loop
      vertex 12.5509 -5.19875 123.137
      vertex 12.2807 -5.80834 0
      vertex 12.2807 -5.80834 123.137
    endloop
  endfacet
  facet normal 0.914217 0.405225 0
    outer loop
      vertex -12.2807 -5.80834 123.137
      vertex -12.5509 -5.19875 0
      vertex -12.5509 -5.19875 123.137
    endloop
  endfacet
  facet normal 0.914217 0.405225 0
    outer loop
      vertex -12.5509 -5.19875 0
      vertex -12.2807 -5.80834 123.137
      vertex -12.2807 -5.80834 0
    endloop
  endfacet
  facet normal 0.615298 -0.788295 0
    outer loop
      vertex -8.61823 10.5013 0
      vertex -8.09257 10.9116 123.137
      vertex -8.61823 10.5013 123.137
    endloop
  endfacet
  facet normal 0.615298 -0.788295 0
    outer loop
      vertex -8.09257 10.9116 123.137
      vertex -8.61823 10.5013 0
      vertex -8.09257 10.9116 0
    endloop
  endfacet
  facet normal -0.534971 0.84487 0
    outer loop
      vertex 7.54742 -11.2955 0
      vertex 6.98409 -11.6522 123.137
      vertex 7.54742 -11.2955 123.137
    endloop
  endfacet
  facet normal -0.534971 0.84487 0
    outer loop
      vertex 6.98409 -11.6522 123.137
      vertex 7.54742 -11.2955 0
      vertex 6.98409 -11.6522 0
    endloop
  endfacet
  facet normal -0.84487 0.534971 0
    outer loop
      vertex 11.2955 -7.54742 0
      vertex 11.6522 -6.98409 123.137
      vertex 11.6522 -6.98409 0
    endloop
  endfacet
  facet normal -0.84487 0.534971 0
    outer loop
      vertex 11.6522 -6.98409 123.137
      vertex 11.2955 -7.54742 0
      vertex 11.2955 -7.54742 123.137
    endloop
  endfacet
  facet normal -0.689534 0.724253 0
    outer loop
      vertex 9.60604 -9.60604 0
      vertex 9.12313 -10.0658 123.137
      vertex 9.60604 -9.60604 123.137
    endloop
  endfacet
  facet normal -0.689534 0.724253 0
    outer loop
      vertex 9.12313 -10.0658 123.137
      vertex 9.60604 -9.60604 0
      vertex 9.12313 -10.0658 0
    endloop
  endfacet
  facet normal -0.492941 0.870063 0
    outer loop
      vertex 6.98409 -11.6522 0
      vertex 6.40392 -11.9809 123.137
      vertex 6.98409 -11.6522 123.137
    endloop
  endfacet
  facet normal -0.492941 0.870063 0
    outer loop
      vertex 6.40392 -11.9809 123.137
      vertex 6.98409 -11.6522 0
      vertex 6.40392 -11.9809 0
    endloop
  endfacet
  facet normal 0.999697 0.0245956 0
    outer loop
      vertex -13.5686 -0.666584 123.137
      vertex -13.585 0 0
      vertex -13.585 0 123.137
    endloop
  endfacet
  facet normal 0.999697 0.0245956 0
    outer loop
      vertex -13.585 0 0
      vertex -13.5686 -0.666584 123.137
      vertex -13.5686 -0.666584 0
    endloop
  endfacet
  facet normal 0.724253 0.689534 0
    outer loop
      vertex -9.60604 -9.60604 123.137
      vertex -10.0658 -9.12313 0
      vertex -10.0658 -9.12313 123.137
    endloop
  endfacet
  facet normal 0.724253 0.689534 0
    outer loop
      vertex -10.0658 -9.12313 0
      vertex -9.60604 -9.60604 123.137
      vertex -9.60604 -9.60604 0
    endloop
  endfacet
  facet normal -0.724253 -0.689534 0
    outer loop
      vertex 10.0658 9.12313 0
      vertex 9.60604 9.60604 123.137
      vertex 9.60604 9.60604 0
    endloop
  endfacet
  facet normal -0.724253 -0.689534 0
    outer loop
      vertex 9.60604 9.60604 123.137
      vertex 10.0658 9.12313 0
      vertex 10.0658 9.12313 123.137
    endloop
  endfacet
  facet normal 0.985276 -0.170969 0
    outer loop
      vertex -13.438 1.99333 123.137
      vertex -13.324 2.6503 0
      vertex -13.324 2.6503 123.137
    endloop
  endfacet
  facet normal 0.985276 -0.170969 0
    outer loop
      vertex -13.324 2.6503 0
      vertex -13.438 1.99333 123.137
      vertex -13.438 1.99333 0
    endloop
  endfacet
  facet normal 0.963753 -0.266797 0
    outer loop
      vertex -13.1779 3.30089 123.137
      vertex -13 3.94352 0
      vertex -13 3.94352 123.137
    endloop
  endfacet
  facet normal 0.963753 -0.266797 0
    outer loop
      vertex -13 3.94352 0
      vertex -13.1779 3.30089 123.137
      vertex -13.1779 3.30089 0
    endloop
  endfacet
  facet normal -0.893218 0.449624 0
    outer loop
      vertex 11.9809 -6.40392 0
      vertex 12.2807 -5.80834 123.137
      vertex 12.2807 -5.80834 0
    endloop
  endfacet
  facet normal -0.893218 0.449624 0
    outer loop
      vertex 12.2807 -5.80834 123.137
      vertex 11.9809 -6.40392 0
      vertex 11.9809 -6.40392 123.137
    endloop
  endfacet
  facet normal -0.313603 0.949554 0
    outer loop
      vertex 4.57665 -12.7909 0
      vertex 3.94352 -13 123.137
      vertex 4.57665 -12.7909 123.137
    endloop
  endfacet
  facet normal -0.313603 0.949554 0
    outer loop
      vertex 3.94352 -13 123.137
      vertex 4.57665 -12.7909 0
      vertex 3.94352 -13 0
    endloop
  endfacet
  facet normal -0.689534 -0.724253 0
    outer loop
      vertex 9.12313 10.0658 0
      vertex 9.60604 9.60604 123.137
      vertex 9.12313 10.0658 123.137
    endloop
  endfacet
  facet normal -0.689534 -0.724253 -0
    outer loop
      vertex 9.60604 9.60604 123.137
      vertex 9.12313 10.0658 0
      vertex 9.60604 9.60604 0
    endloop
  endfacet
  facet normal -0.757231 -0.653147 0
    outer loop
      vertex 10.5013 8.61823 0
      vertex 10.0658 9.12313 123.137
      vertex 10.0658 9.12313 0
    endloop
  endfacet
  facet normal -0.757231 -0.653147 0
    outer loop
      vertex 10.0658 9.12313 123.137
      vertex 10.5013 8.61823 0
      vertex 10.5013 8.61823 123.137
    endloop
  endfacet
  facet normal 0.757231 -0.653147 0
    outer loop
      vertex -10.5013 8.61823 123.137
      vertex -10.0658 9.12313 0
      vertex -10.0658 9.12313 123.137
    endloop
  endfacet
  facet normal 0.757231 -0.653147 0
    outer loop
      vertex -10.0658 9.12313 0
      vertex -10.5013 8.61823 123.137
      vertex -10.5013 8.61823 0
    endloop
  endfacet
  facet normal 0.788295 -0.615298 0
    outer loop
      vertex -10.9116 8.09257 123.137
      vertex -10.5013 8.61823 0
      vertex -10.5013 8.61823 123.137
    endloop
  endfacet
  facet normal 0.788295 -0.615298 0
    outer loop
      vertex -10.5013 8.61823 0
      vertex -10.9116 8.09257 123.137
      vertex -10.9116 8.09257 0
    endloop
  endfacet
  facet normal 0.57577 0.817612 -0
    outer loop
      vertex -7.54742 -11.2955 0
      vertex -8.09257 -10.9116 123.137
      vertex -7.54742 -11.2955 123.137
    endloop
  endfacet
  facet normal 0.57577 0.817612 0
    outer loop
      vertex -8.09257 -10.9116 123.137
      vertex -7.54742 -11.2955 0
      vertex -8.09257 -10.9116 0
    endloop
  endfacet
  facet normal -0.0734876 -0.997296 0
    outer loop
      vertex 0.666584 13.5686 0
      vertex 1.33156 13.5196 123.137
      vertex 0.666584 13.5686 123.137
    endloop
  endfacet
  facet normal -0.0734876 -0.997296 -0
    outer loop
      vertex 1.33156 13.5196 123.137
      vertex 0.666584 13.5686 0
      vertex 1.33156 13.5196 0
    endloop
  endfacet
  facet normal -0.122379 -0.992483 0
    outer loop
      vertex 1.33156 13.5196 0
      vertex 1.99333 13.438 123.137
      vertex 1.33156 13.5196 123.137
    endloop
  endfacet
  facet normal -0.122379 -0.992483 -0
    outer loop
      vertex 1.99333 13.438 123.137
      vertex 1.33156 13.5196 0
      vertex 1.99333 13.438 0
    endloop
  endfacet
  facet normal 0.653147 -0.757231 0
    outer loop
      vertex -9.12313 10.0658 0
      vertex -8.61823 10.5013 123.137
      vertex -9.12313 10.0658 123.137
    endloop
  endfacet
  facet normal 0.653147 -0.757231 0
    outer loop
      vertex -8.61823 10.5013 123.137
      vertex -9.12313 10.0658 0
      vertex -8.61823 10.5013 0
    endloop
  endfacet
  facet normal -0.724253 0.689534 0
    outer loop
      vertex 9.60604 -9.60604 0
      vertex 10.0658 -9.12313 123.137
      vertex 10.0658 -9.12313 0
    endloop
  endfacet
  facet normal -0.724253 0.689534 0
    outer loop
      vertex 10.0658 -9.12313 123.137
      vertex 9.60604 -9.60604 0
      vertex 9.60604 -9.60604 123.137
    endloop
  endfacet
  facet normal -0.492941 -0.870063 0
    outer loop
      vertex 6.40392 11.9809 0
      vertex 6.98409 11.6522 123.137
      vertex 6.40392 11.9809 123.137
    endloop
  endfacet
  facet normal -0.492941 -0.870063 -0
    outer loop
      vertex 6.98409 11.6522 123.137
      vertex 6.40392 11.9809 0
      vertex 6.98409 11.6522 0
    endloop
  endfacet
  facet normal -0.449624 -0.893218 0
    outer loop
      vertex 5.80834 12.2807 0
      vertex 6.40392 11.9809 123.137
      vertex 5.80834 12.2807 123.137
    endloop
  endfacet
  facet normal -0.449624 -0.893218 -0
    outer loop
      vertex 6.40392 11.9809 123.137
      vertex 5.80834 12.2807 0
      vertex 6.40392 11.9809 0
    endloop
  endfacet
  facet normal -0.219109 0.9757 0
    outer loop
      vertex 3.30089 -13.1779 0
      vertex 2.6503 -13.324 123.137
      vertex 3.30089 -13.1779 123.137
    endloop
  endfacet
  facet normal -0.219109 0.9757 0
    outer loop
      vertex 2.6503 -13.324 123.137
      vertex 3.30089 -13.1779 0
      vertex 2.6503 -13.324 0
    endloop
  endfacet
  facet normal 0.997296 -0.0734876 0
    outer loop
      vertex -13.5686 0.666584 123.137
      vertex -13.5196 1.33156 0
      vertex -13.5196 1.33156 123.137
    endloop
  endfacet
  facet normal 0.997296 -0.0734876 0
    outer loop
      vertex -13.5196 1.33156 0
      vertex -13.5686 0.666584 123.137
      vertex -13.5686 0.666584 0
    endloop
  endfacet
  facet normal 0.999697 -0.0245956 0
    outer loop
      vertex -13.585 0 123.137
      vertex -13.5686 0.666584 0
      vertex -13.5686 0.666584 123.137
    endloop
  endfacet
  facet normal 0.999697 -0.0245956 0
    outer loop
      vertex -13.5686 0.666584 0
      vertex -13.585 0 123.137
      vertex -13.585 0 0
    endloop
  endfacet
  facet normal 0.170969 0.985276 -0
    outer loop
      vertex -1.99333 -13.438 0
      vertex -2.6503 -13.324 123.137
      vertex -1.99333 -13.438 123.137
    endloop
  endfacet
  facet normal 0.170969 0.985276 0
    outer loop
      vertex -2.6503 -13.324 123.137
      vertex -1.99333 -13.438 0
      vertex -2.6503 -13.324 0
    endloop
  endfacet
  facet normal 0.313603 -0.949554 0
    outer loop
      vertex -4.57665 12.7909 0
      vertex -3.94352 13 123.137
      vertex -4.57665 12.7909 123.137
    endloop
  endfacet
  facet normal 0.313603 -0.949554 0
    outer loop
      vertex -3.94352 13 123.137
      vertex -4.57665 12.7909 0
      vertex -3.94352 13 0
    endloop
  endfacet
  facet normal 0.449624 0.893218 -0
    outer loop
      vertex -5.80834 -12.2807 0
      vertex -6.40392 -11.9809 123.137
      vertex -5.80834 -12.2807 123.137
    endloop
  endfacet
  facet normal 0.449624 0.893218 0
    outer loop
      vertex -6.40392 -11.9809 123.137
      vertex -5.80834 -12.2807 0
      vertex -6.40392 -11.9809 0
    endloop
  endfacet
  facet normal 0.9757 -0.219109 0
    outer loop
      vertex -13.324 2.6503 123.137
      vertex -13.1779 3.30089 0
      vertex -13.1779 3.30089 123.137
    endloop
  endfacet
  facet normal 0.9757 -0.219109 0
    outer loop
      vertex -13.1779 3.30089 0
      vertex -13.324 2.6503 123.137
      vertex -13.324 2.6503 0
    endloop
  endfacet
  facet normal -0.817612 0.57577 0
    outer loop
      vertex 10.9116 -8.09257 0
      vertex 11.2955 -7.54742 123.137
      vertex 11.2955 -7.54742 0
    endloop
  endfacet
  facet normal -0.817612 0.57577 0
    outer loop
      vertex 11.2955 -7.54742 123.137
      vertex 10.9116 -8.09257 0
      vertex 10.9116 -8.09257 123.137
    endloop
  endfacet
  facet normal 0.219109 0.9757 -0
    outer loop
      vertex -2.6503 -13.324 0
      vertex -3.30089 -13.1779 123.137
      vertex -2.6503 -13.324 123.137
    endloop
  endfacet
  facet normal 0.219109 0.9757 0
    outer loop
      vertex -3.30089 -13.1779 123.137
      vertex -2.6503 -13.324 0
      vertex -3.30089 -13.1779 0
    endloop
  endfacet
  facet normal 0.653147 0.757231 -0
    outer loop
      vertex -8.61823 -10.5013 0
      vertex -9.12313 -10.0658 123.137
      vertex -8.61823 -10.5013 123.137
    endloop
  endfacet
  facet normal 0.653147 0.757231 0
    outer loop
      vertex -9.12313 -10.0658 123.137
      vertex -8.61823 -10.5013 0
      vertex -9.12313 -10.0658 0
    endloop
  endfacet
  facet normal 0.492941 0.870063 -0
    outer loop
      vertex -6.40392 -11.9809 0
      vertex -6.98409 -11.6522 123.137
      vertex -6.40392 -11.9809 123.137
    endloop
  endfacet
  facet normal 0.492941 0.870063 0
    outer loop
      vertex -6.98409 -11.6522 123.137
      vertex -6.40392 -11.9809 0
      vertex -6.98409 -11.6522 0
    endloop
  endfacet
  facet normal 0.788295 0.615298 0
    outer loop
      vertex -10.5013 -8.61823 123.137
      vertex -10.9116 -8.09257 0
      vertex -10.9116 -8.09257 123.137
    endloop
  endfacet
  facet normal 0.788295 0.615298 0
    outer loop
      vertex -10.9116 -8.09257 0
      vertex -10.5013 -8.61823 123.137
      vertex -10.5013 -8.61823 0
    endloop
  endfacet
  facet normal 0.84487 -0.534971 0
    outer loop
      vertex -11.6522 6.98409 123.137
      vertex -11.2955 7.54742 0
      vertex -11.2955 7.54742 123.137
    endloop
  endfacet
  facet normal 0.84487 -0.534971 0
    outer loop
      vertex -11.2955 7.54742 0
      vertex -11.6522 6.98409 123.137
      vertex -11.6522 6.98409 0
    endloop
  endfacet
  facet normal -0.788295 0.615298 0
    outer loop
      vertex 10.5013 -8.61823 0
      vertex 10.9116 -8.09257 123.137
      vertex 10.9116 -8.09257 0
    endloop
  endfacet
  facet normal -0.788295 0.615298 0
    outer loop
      vertex 10.9116 -8.09257 123.137
      vertex 10.5013 -8.61823 0
      vertex 10.5013 -8.61823 123.137
    endloop
  endfacet
  facet normal 0 0 1
    outer loop
      vertex -6.76533 22.0179 123.137
      vertex 6.76533 22.0179 123.137
      vertex 7.04023 22.494 123.137
    endloop
  endfacet
  facet normal 0 0 1
    outer loop
      vertex 4.78997 18.5965 123.137
      vertex 3.94352 13 123.137
      vertex 4.57665 12.7909 123.137
    endloop
  endfacet
  facet normal 0 0 1
    outer loop
      vertex 4.78997 18.5965 123.137
      vertex 3.30089 13.1779 123.137
      vertex 3.94352 13 123.137
    endloop
  endfacet
  facet normal 0 0 1
    outer loop
      vertex 4.78997 18.5965 123.137
      vertex 2.6503 13.324 123.137
      vertex 3.30089 13.1779 123.137
    endloop
  endfacet
  facet normal 0 0 1
    outer loop
      vertex 4.78997 18.5965 123.137
      vertex 1.99333 13.438 123.137
      vertex 2.6503 13.324 123.137
    endloop
  endfacet
  facet normal 0 0 1
    outer loop
      vertex 4.78997 18.5965 123.137
      vertex 1.33156 13.5196 123.137
      vertex 1.99333 13.438 123.137
    endloop
  endfacet
  facet normal 0 0 1
    outer loop
      vertex -4.78997 18.5965 123.137
      vertex 4.78997 18.5965 123.137
      vertex 6.41945 21.4188 123.137
    endloop
  endfacet
  facet normal 0 0 1
    outer loop
      vertex 6.76533 22.0179 123.137
      vertex -6.76533 22.0179 123.137
      vertex 6.41945 21.4188 123.137
    endloop
  endfacet
  facet normal 0 0 1
    outer loop
      vertex 4.78997 18.5965 123.137
      vertex 0.666584 13.5686 123.137
      vertex 1.33156 13.5196 123.137
    endloop
  endfacet
  facet normal 0 -0 1
    outer loop
      vertex 0 13.585 123.137
      vertex 4.78997 18.5965 123.137
      vertex -4.78997 18.5965 123.137
    endloop
  endfacet
  facet normal 0 0 1
    outer loop
      vertex 4.78997 18.5965 123.137
      vertex 0 13.585 123.137
      vertex 0.666584 13.5686 123.137
    endloop
  endfacet
  facet normal 0 0 1
    outer loop
      vertex 0 13.585 123.137
      vertex -4.78997 18.5965 123.137
      vertex -0.666584 13.5686 123.137
    endloop
  endfacet
  facet normal 0 0 1
    outer loop
      vertex -0.666584 13.5686 123.137
      vertex -4.78997 18.5965 123.137
      vertex -1.33156 13.5196 123.137
    endloop
  endfacet
  facet normal 0 0 1
    outer loop
      vertex -1.33156 13.5196 123.137
      vertex -4.78997 18.5965 123.137
      vertex -1.99333 13.438 123.137
    endloop
  endfacet
  facet normal 0 0 1
    outer loop
      vertex -1.99333 13.438 123.137
      vertex -4.78997 18.5965 123.137
      vertex -2.6503 13.324 123.137
    endloop
  endfacet
  facet normal 0 0 1
    outer loop
      vertex -2.6503 13.324 123.137
      vertex -4.78997 18.5965 123.137
      vertex -3.30089 13.1779 123.137
    endloop
  endfacet
  facet normal 0 0 1
    outer loop
      vertex -3.30089 13.1779 123.137
      vertex -4.78997 18.5965 123.137
      vertex -3.94352 13 123.137
    endloop
  endfacet
  facet normal 0 0 1
    outer loop
      vertex -3.94352 13 123.137
      vertex -4.78997 18.5965 123.137
      vertex -4.57665 12.7909 123.137
    endloop
  endfacet
  facet normal 0 0 1
    outer loop
      vertex 6.41945 21.4188 123.137
      vertex -6.41945 21.4188 123.137
      vertex -4.78997 18.5965 123.137
    endloop
  endfacet
  facet normal 0 0 1
    outer loop
      vertex 6.41945 21.4188 123.137
      vertex -6.76533 22.0179 123.137
      vertex -6.41945 21.4188 123.137
    endloop
  endfacet
  facet normal 0 -0 1
    outer loop
      vertex -6.76533 22.0179 123.137
      vertex 7.04023 22.494 123.137
      vertex -7.04023 22.494 123.137
    endloop
  endfacet
  facet normal 0 0 1
    outer loop
      vertex 22.2353 6.47534 123.137
      vertex 18.5 5.15 123.137
      vertex 23.0005 5.15 123.137
    endloop
  endfacet
  facet normal -0 0 1
    outer loop
      vertex 17.4164 8.13518 123.137
      vertex 22.2353 6.47534 123.137
      vertex 17.5545 8.50212 123.137
    endloop
  endfacet
  facet normal -0 0 1
    outer loop
      vertex 17.5545 8.50212 123.137
      vertex 22.2353 6.47534 123.137
      vertex 17.6184 8.88895 123.137
    endloop
  endfacet
  facet normal 0 0 1
    outer loop
      vertex 22.2353 6.47534 123.137
      vertex 17.6056 9.28081 123.137
      vertex 17.6184 8.88895 123.137
    endloop
  endfacet
  facet normal 0 0 1
    outer loop
      vertex 22.2353 6.47534 123.137
      vertex 17.5165 9.66264 123.137
      vertex 17.6056 9.28081 123.137
    endloop
  endfacet
  facet normal 0 0 1
    outer loop
      vertex 22.2353 6.47534 123.137
      vertex 17.3547 10.0198 123.137
      vertex 17.5165 9.66264 123.137
    endloop
  endfacet
  facet normal 0 0 1
    outer loop
      vertex 15.9603 17.344 123.137
      vertex 17.3547 10.0198 123.137
      vertex 22.2353 6.47534 123.137
    endloop
  endfacet
  facet normal 0 0 1
    outer loop
      vertex 17.3547 10.0198 123.137
      vertex 15.9603 17.344 123.137
      vertex 17.1264 10.3385 123.137
    endloop
  endfacet
  facet normal 0 0 1
    outer loop
      vertex 17.1264 10.3385 123.137
      vertex 15.9603 17.344 123.137
      vertex 16.8402 10.6065 123.137
    endloop
  endfacet
  facet normal -0 0 1
    outer loop
      vertex 15.6854 16.8679 123.137
      vertex 16.8402 10.6065 123.137
      vertex 15.9603 17.344 123.137
    endloop
  endfacet
  facet normal -0 0 1
    outer loop
      vertex 15.3395 16.2688 123.137
      vertex 16.8402 10.6065 123.137
      vertex 15.6854 16.8679 123.137
    endloop
  endfacet
  facet normal 0 0 1
    outer loop
      vertex 16.8402 10.6065 123.137
      vertex 15.3395 16.2688 123.137
      vertex 16.5073 10.8135 123.137
    endloop
  endfacet
  facet normal 0 0 1
    outer loop
      vertex 16.5073 10.8135 123.137
      vertex 15.3395 16.2688 123.137
      vertex 16.1403 10.9516 123.137
    endloop
  endfacet
  facet normal -0 0 1
    outer loop
      vertex 13.71 13.4465 123.137
      vertex 16.1403 10.9516 123.137
      vertex 15.3395 16.2688 123.137
    endloop
  endfacet
  facet normal 0 0 1
    outer loop
      vertex 16.1403 10.9516 123.137
      vertex 13.71 13.4465 123.137
      vertex 15.7535 11.0155 123.137
    endloop
  endfacet
  facet normal 0 0 1
    outer loop
      vertex 15.7535 11.0155 123.137
      vertex 13.71 13.4465 123.137
      vertex 15.3616 11.0026 123.137
    endloop
  endfacet
  facet normal 0 0 1
    outer loop
      vertex 15.3616 11.0026 123.137
      vertex 13.71 13.4465 123.137
      vertex 14.9798 10.9136 123.137
    endloop
  endfacet
  facet normal 0 0 1
    outer loop
      vertex 14.9798 10.9136 123.137
      vertex 13.71 13.4465 123.137
      vertex 14.6227 10.7518 123.137
    endloop
  endfacet
  facet normal 0 0 1
    outer loop
      vertex 14.6227 10.7518 123.137
      vertex 13.71 13.4465 123.137
      vertex 14.304 10.5234 123.137
    endloop
  endfacet
  facet normal 0 0 1
    outer loop
      vertex 14.304 10.5234 123.137
      vertex 13.71 13.4465 123.137
      vertex 14.036 10.2373 123.137
    endloop
  endfacet
  facet normal 0 0 1
    outer loop
      vertex 9.60604 9.60604 123.137
      vertex 14.036 10.2373 123.137
      vertex 13.71 13.4465 123.137
    endloop
  endfacet
  facet normal 0 0 1
    outer loop
      vertex 14.036 10.2373 123.137
      vertex 9.60604 9.60604 123.137
      vertex 13.8289 9.90434 123.137
    endloop
  endfacet
  facet normal 0 -0 1
    outer loop
      vertex 10.0658 9.12313 123.137
      vertex 13.8289 9.90434 123.137
      vertex 9.60604 9.60604 123.137
    endloop
  endfacet
  facet normal 0 0 1
    outer loop
      vertex 18.5 5.15 123.137
      vertex 13.585 0 123.137
      vertex 18.5 -5.15 123.137
    endloop
  endfacet
  facet normal 0 0 1
    outer loop
      vertex 13.6398 8.75871 123.137
      vertex 13.5196 1.33156 123.137
      vertex 13.5686 0.666584 123.137
    endloop
  endfacet
  facet normal 0 0 1
    outer loop
      vertex 13.6398 8.75871 123.137
      vertex 13.438 1.99333 123.137
      vertex 13.5196 1.33156 123.137
    endloop
  endfacet
  facet normal 0 0 1
    outer loop
      vertex 13.8289 9.90434 123.137
      vertex 10.0658 9.12313 123.137
      vertex 13.6908 9.5374 123.137
    endloop
  endfacet
  facet normal 0 0 1
    outer loop
      vertex 13.6398 8.75871 123.137
      vertex 13.324 2.6503 123.137
      vertex 13.438 1.99333 123.137
    endloop
  endfacet
  facet normal 0 0 1
    outer loop
      vertex 13.6398 8.75871 123.137
      vertex 13.1779 3.30089 123.137
      vertex 13.324 2.6503 123.137
    endloop
  endfacet
  facet normal 0 0 1
    outer loop
      vertex 13.6398 8.75871 123.137
      vertex 13 3.94352 123.137
      vertex 13.1779 3.30089 123.137
    endloop
  endfacet
  facet normal 0 0 1
    outer loop
      vertex 13.6398 8.75871 123.137
      vertex 12.7909 4.57665 123.137
      vertex 13 3.94352 123.137
    endloop
  endfacet
  facet normal 0 0 1
    outer loop
      vertex 13.6398 8.75871 123.137
      vertex 12.5509 5.19875 123.137
      vertex 12.7909 4.57665 123.137
    endloop
  endfacet
  facet normal 0 0 1
    outer loop
      vertex 13.6398 8.75871 123.137
      vertex 12.2807 5.80834 123.137
      vertex 12.5509 5.19875 123.137
    endloop
  endfacet
  facet normal 0 0 1
    outer loop
      vertex 13.6398 8.75871 123.137
      vertex 11.9809 6.40392 123.137
      vertex 12.2807 5.80834 123.137
    endloop
  endfacet
  facet normal 0 0 1
    outer loop
      vertex 13.6398 8.75871 123.137
      vertex 11.6522 6.98409 123.137
      vertex 11.9809 6.40392 123.137
    endloop
  endfacet
  facet normal 0 0 1
    outer loop
      vertex 13.6398 8.75871 123.137
      vertex 11.2955 7.54742 123.137
      vertex 11.6522 6.98409 123.137
    endloop
  endfacet
  facet normal 0 0 1
    outer loop
      vertex 13.6398 8.75871 123.137
      vertex 10.9116 8.09257 123.137
      vertex 11.2955 7.54742 123.137
    endloop
  endfacet
  facet normal 0 0 1
    outer loop
      vertex 13.627 9.15057 123.137
      vertex 10.5013 8.61823 123.137
      vertex 10.9116 8.09257 123.137
    endloop
  endfacet
  facet normal 0 0 1
    outer loop
      vertex 13.6908 9.5374 123.137
      vertex 10.5013 8.61823 123.137
      vertex 13.627 9.15057 123.137
    endloop
  endfacet
  facet normal 0 -0 1
    outer loop
      vertex 10.5013 8.61823 123.137
      vertex 13.6908 9.5374 123.137
      vertex 10.0658 9.12313 123.137
    endloop
  endfacet
  facet normal 0 0 1
    outer loop
      vertex 13.71 13.4465 123.137
      vertex 9.12313 10.0658 123.137
      vertex 9.60604 9.60604 123.137
    endloop
  endfacet
  facet normal 0 0 1
    outer loop
      vertex 13.71 13.4465 123.137
      vertex 8.61823 10.5013 123.137
      vertex 9.12313 10.0658 123.137
    endloop
  endfacet
  facet normal 0 0 1
    outer loop
      vertex 13.71 13.4465 123.137
      vertex 8.09257 10.9116 123.137
      vertex 8.61823 10.5013 123.137
    endloop
  endfacet
  facet normal 0 0 1
    outer loop
      vertex 13.71 13.4465 123.137
      vertex 7.54742 11.2955 123.137
      vertex 8.09257 10.9116 123.137
    endloop
  endfacet
  facet normal 0 0 1
    outer loop
      vertex 13.71 13.4465 123.137
      vertex 6.98409 11.6522 123.137
      vertex 7.54742 11.2955 123.137
    endloop
  endfacet
  facet normal 0 0 1
    outer loop
      vertex 4.78997 18.5965 123.137
      vertex 6.98409 11.6522 123.137
      vertex 13.71 13.4465 123.137
    endloop
  endfacet
  facet normal 0 0 1
    outer loop
      vertex 6.98409 11.6522 123.137
      vertex 4.78997 18.5965 123.137
      vertex 6.40392 11.9809 123.137
    endloop
  endfacet
  facet normal 0 0 1
    outer loop
      vertex 6.40392 11.9809 123.137
      vertex 4.78997 18.5965 123.137
      vertex 5.80834 12.2807 123.137
    endloop
  endfacet
  facet normal 0 0 1
    outer loop
      vertex 5.80834 12.2807 123.137
      vertex 4.78997 18.5965 123.137
      vertex 5.19875 12.5509 123.137
    endloop
  endfacet
  facet normal 0 0 1
    outer loop
      vertex 5.19875 12.5509 123.137
      vertex 4.78997 18.5965 123.137
      vertex 4.57665 12.7909 123.137
    endloop
  endfacet
  facet normal 0 0 1
    outer loop
      vertex 22.2353 6.47534 123.137
      vertex 17.4164 8.13518 123.137
      vertex 18.5 5.15 123.137
    endloop
  endfacet
  facet normal -0 0 1
    outer loop
      vertex 17.2094 7.80224 123.137
      vertex 18.5 5.15 123.137
      vertex 17.4164 8.13518 123.137
    endloop
  endfacet
  facet normal -0 0 1
    outer loop
      vertex 16.9414 7.51608 123.137
      vertex 18.5 5.15 123.137
      vertex 17.2094 7.80224 123.137
    endloop
  endfacet
  facet normal -0 0 1
    outer loop
      vertex 16.6227 7.28771 123.137
      vertex 18.5 5.15 123.137
      vertex 16.9414 7.51608 123.137
    endloop
  endfacet
  facet normal -0 0 1
    outer loop
      vertex 18.5 -5.15 123.137
      vertex 16.7255 -16.0187 123.137
      vertex 23.0005 -5.15 123.137
    endloop
  endfacet
  facet normal -0 0 1
    outer loop
      vertex 16.2656 7.1259 123.137
      vertex 18.5 5.15 123.137
      vertex 16.6227 7.28771 123.137
    endloop
  endfacet
  facet normal 0 -0 1
    outer loop
      vertex 13.585 0 123.137
      vertex 18.5 5.15 123.137
      vertex 13.5686 0.666584 123.137
    endloop
  endfacet
  facet normal -0 0 1
    outer loop
      vertex 15.8837 7.03687 123.137
      vertex 18.5 5.15 123.137
      vertex 16.2656 7.1259 123.137
    endloop
  endfacet
  facet normal -0 0 1
    outer loop
      vertex 13.438 -1.99333 123.137
      vertex 18.5 -5.15 123.137
      vertex 13.5196 -1.33156 123.137
    endloop
  endfacet
  facet normal -0 0 1
    outer loop
      vertex 15.4919 7.02404 123.137
      vertex 18.5 5.15 123.137
      vertex 15.8837 7.03687 123.137
    endloop
  endfacet
  facet normal -0 0 1
    outer loop
      vertex 13.324 -2.6503 123.137
      vertex 18.5 -5.15 123.137
      vertex 13.438 -1.99333 123.137
    endloop
  endfacet
  facet normal 0 0 1
    outer loop
      vertex 18.5 5.15 123.137
      vertex 15.4919 7.02404 123.137
      vertex 13.5686 0.666584 123.137
    endloop
  endfacet
  facet normal -0 0 1
    outer loop
      vertex 13.1779 -3.30089 123.137
      vertex 18.5 -5.15 123.137
      vertex 13.324 -2.6503 123.137
    endloop
  endfacet
  facet normal 0 0 1
    outer loop
      vertex 13.5686 0.666584 123.137
      vertex 15.4919 7.02404 123.137
      vertex 15.105 7.08791 123.137
    endloop
  endfacet
  facet normal 0 0 1
    outer loop
      vertex 13.5686 0.666584 123.137
      vertex 15.105 7.08791 123.137
      vertex 14.7381 7.22601 123.137
    endloop
  endfacet
  facet normal 0 0 1
    outer loop
      vertex 13.5686 0.666584 123.137
      vertex 14.7381 7.22601 123.137
      vertex 14.4052 7.43305 123.137
    endloop
  endfacet
  facet normal 0 0 1
    outer loop
      vertex 13.5686 0.666584 123.137
      vertex 14.4052 7.43305 123.137
      vertex 14.119 7.70107 123.137
    endloop
  endfacet
  facet normal 0 0 1
    outer loop
      vertex 13.5686 0.666584 123.137
      vertex 14.119 7.70107 123.137
      vertex 13.8906 8.01976 123.137
    endloop
  endfacet
  facet normal 0 0 1
    outer loop
      vertex 13.5686 0.666584 123.137
      vertex 13.8906 8.01976 123.137
      vertex 13.7288 8.37688 123.137
    endloop
  endfacet
  facet normal 0 0 1
    outer loop
      vertex 18.5 -5.15 123.137
      vertex 13.585 0 123.137
      vertex 13.5686 -0.666584 123.137
    endloop
  endfacet
  facet normal 0 0 1
    outer loop
      vertex 13.5686 0.666584 123.137
      vertex 13.7288 8.37688 123.137
      vertex 13.6398 8.75871 123.137
    endloop
  endfacet
  facet normal 0 0 1
    outer loop
      vertex 10.9116 8.09257 123.137
      vertex 13.6398 8.75871 123.137
      vertex 13.627 9.15057 123.137
    endloop
  endfacet
  facet normal 0 0 1
    outer loop
      vertex 18.5 -5.15 123.137
      vertex 13.5686 -0.666584 123.137
      vertex 13.5196 -1.33156 123.137
    endloop
  endfacet
  facet normal -0 0 1
    outer loop
      vertex 13 -3.94352 123.137
      vertex 18.5 -5.15 123.137
      vertex 13.1779 -3.30089 123.137
    endloop
  endfacet
  facet normal 0 0 1
    outer loop
      vertex 16.7255 -16.0187 123.137
      vertex 15.6854 -16.8679 123.137
      vertex 15.9603 -17.344 123.137
    endloop
  endfacet
  facet normal 0 0 1
    outer loop
      vertex 16.7255 -16.0187 123.137
      vertex 15.3395 -16.2688 123.137
      vertex 15.6854 -16.8679 123.137
    endloop
  endfacet
  facet normal -0 0 1
    outer loop
      vertex 12.7909 -4.57665 123.137
      vertex 18.5 -5.15 123.137
      vertex 13 -3.94352 123.137
    endloop
  endfacet
  facet normal 0 0 1
    outer loop
      vertex 12.5509 -5.19875 123.137
      vertex 18.5 -5.15 123.137
      vertex 12.7909 -4.57665 123.137
    endloop
  endfacet
  facet normal 0 0 1
    outer loop
      vertex 16.7255 -16.0187 123.137
      vertex 13.71 -13.4465 123.137
      vertex 15.3395 -16.2688 123.137
    endloop
  endfacet
  facet normal 0 0 1
    outer loop
      vertex 12.2807 -5.80834 123.137
      vertex 18.5 -5.15 123.137
      vertex 12.5509 -5.19875 123.137
    endloop
  endfacet
  facet normal 0 0 1
    outer loop
      vertex 18.5 -5.15 123.137
      vertex 13.71 -13.4465 123.137
      vertex 16.7255 -16.0187 123.137
    endloop
  endfacet
  facet normal 0 0 1
    outer loop
      vertex 11.9809 -6.40392 123.137
      vertex 18.5 -5.15 123.137
      vertex 12.2807 -5.80834 123.137
    endloop
  endfacet
  facet normal 0 0 1
    outer loop
      vertex 11.6522 -6.98409 123.137
      vertex 18.5 -5.15 123.137
      vertex 11.9809 -6.40392 123.137
    endloop
  endfacet
  facet normal 0 0 1
    outer loop
      vertex 18.5 -5.15 123.137
      vertex 11.6522 -6.98409 123.137
      vertex 13.71 -13.4465 123.137
    endloop
  endfacet
  facet normal -0 0 1
    outer loop
      vertex 11.2955 -7.54742 123.137
      vertex 13.71 -13.4465 123.137
      vertex 11.6522 -6.98409 123.137
    endloop
  endfacet
  facet normal -0 0 1
    outer loop
      vertex 10.9116 -8.09257 123.137
      vertex 13.71 -13.4465 123.137
      vertex 11.2955 -7.54742 123.137
    endloop
  endfacet
  facet normal -0 0 1
    outer loop
      vertex 10.5013 -8.61823 123.137
      vertex 13.71 -13.4465 123.137
      vertex 10.9116 -8.09257 123.137
    endloop
  endfacet
  facet normal -0 0 1
    outer loop
      vertex 10.0658 -9.12313 123.137
      vertex 13.71 -13.4465 123.137
      vertex 10.5013 -8.61823 123.137
    endloop
  endfacet
  facet normal -0 0 1
    outer loop
      vertex 9.60604 -9.60604 123.137
      vertex 13.71 -13.4465 123.137
      vertex 10.0658 -9.12313 123.137
    endloop
  endfacet
  facet normal -0 0 1
    outer loop
      vertex 9.12313 -10.0658 123.137
      vertex 13.71 -13.4465 123.137
      vertex 9.60604 -9.60604 123.137
    endloop
  endfacet
  facet normal -0 0 1
    outer loop
      vertex 8.61823 -10.5013 123.137
      vertex 13.71 -13.4465 123.137
      vertex 9.12313 -10.0658 123.137
    endloop
  endfacet
  facet normal -0 0 1
    outer loop
      vertex 8.09257 -10.9116 123.137
      vertex 13.71 -13.4465 123.137
      vertex 8.61823 -10.5013 123.137
    endloop
  endfacet
  facet normal -0 0 1
    outer loop
      vertex 7.54742 -11.2955 123.137
      vertex 13.71 -13.4465 123.137
      vertex 8.09257 -10.9116 123.137
    endloop
  endfacet
  facet normal -0 0 1
    outer loop
      vertex 6.98409 -11.6522 123.137
      vertex 13.71 -13.4465 123.137
      vertex 7.54742 -11.2955 123.137
    endloop
  endfacet
  facet normal 0 0 1
    outer loop
      vertex 4.78997 -18.5965 123.137
      vertex 6.98409 -11.6522 123.137
      vertex 6.40392 -11.9809 123.137
    endloop
  endfacet
  facet normal 0 0 1
    outer loop
      vertex 4.78997 -18.5965 123.137
      vertex 6.40392 -11.9809 123.137
      vertex 5.80834 -12.2807 123.137
    endloop
  endfacet
  facet normal 0 0 1
    outer loop
      vertex 4.78997 -18.5965 123.137
      vertex 5.80834 -12.2807 123.137
      vertex 5.19875 -12.5509 123.137
    endloop
  endfacet
  facet normal 0 0 1
    outer loop
      vertex 6.98409 -11.6522 123.137
      vertex 4.78997 -18.5965 123.137
      vertex 13.71 -13.4465 123.137
    endloop
  endfacet
  facet normal 0 -0 1
    outer loop
      vertex 4.78997 -18.5965 123.137
      vertex 5.19875 -12.5509 123.137
      vertex 4.57665 -12.7909 123.137
    endloop
  endfacet
  facet normal 0 0 1
    outer loop
      vertex 0.765367 -19.8873 123.137
      vertex 6.76533 -22.0179 123.137
      vertex 6.41945 -21.4188 123.137
    endloop
  endfacet
  facet normal -0 0 1
    outer loop
      vertex 3.94352 -13 123.137
      vertex 4.78997 -18.5965 123.137
      vertex 4.57665 -12.7909 123.137
    endloop
  endfacet
  facet normal -0 0 1
    outer loop
      vertex 3.30089 -13.1779 123.137
      vertex 4.78997 -18.5965 123.137
      vertex 3.94352 -13 123.137
    endloop
  endfacet
  facet normal 0 0 1
    outer loop
      vertex 1.66294 -16.9284 123.137
      vertex 3.30089 -13.1779 123.137
      vertex 2.6503 -13.324 123.137
    endloop
  endfacet
  facet normal 0 0 1
    outer loop
      vertex 3.30089 -13.1779 123.137
      vertex 1.84776 -17.2742 123.137
      vertex 4.78997 -18.5965 123.137
    endloop
  endfacet
  facet normal -0 0 1
    outer loop
      vertex 1.96157 -18.4297 123.137
      vertex 4.78997 -18.5965 123.137
      vertex 2 -18.0395 123.137
    endloop
  endfacet
  facet normal 0 0 1
    outer loop
      vertex 1.84776 -18.8049 123.137
      vertex 4.78997 -18.5965 123.137
      vertex 1.96157 -18.4297 123.137
    endloop
  endfacet
  facet normal 0 0 1
    outer loop
      vertex 1.66294 -19.1507 123.137
      vertex 4.78997 -18.5965 123.137
      vertex 1.84776 -18.8049 123.137
    endloop
  endfacet
  facet normal 0 0 1
    outer loop
      vertex 1.41421 -19.4537 123.137
      vertex 4.78997 -18.5965 123.137
      vertex 1.66294 -19.1507 123.137
    endloop
  endfacet
  facet normal 0 0 1
    outer loop
      vertex 4.78997 -18.5965 123.137
      vertex 1.41421 -19.4537 123.137
      vertex 6.41945 -21.4188 123.137
    endloop
  endfacet
  facet normal -0 0 1
    outer loop
      vertex 1.11114 -19.7025 123.137
      vertex 6.41945 -21.4188 123.137
      vertex 1.41421 -19.4537 123.137
    endloop
  endfacet
  facet normal -0 0 1
    outer loop
      vertex 0.765367 -19.8873 123.137
      vertex 6.41945 -21.4188 123.137
      vertex 1.11114 -19.7025 123.137
    endloop
  endfacet
  facet normal 0 0 1
    outer loop
      vertex 6.76533 -22.0179 123.137
      vertex 0.765367 -19.8873 123.137
      vertex 7.04023 -22.494 123.137
    endloop
  endfacet
  facet normal -0 0 1
    outer loop
      vertex 0.390181 -20.0011 123.137
      vertex 7.04023 -22.494 123.137
      vertex 0.765367 -19.8873 123.137
    endloop
  endfacet
  facet normal -0 0 1
    outer loop
      vertex 0 -20.0395 123.137
      vertex 7.04023 -22.494 123.137
      vertex 0.390181 -20.0011 123.137
    endloop
  endfacet
  facet normal 0 0 1
    outer loop
      vertex -7.04023 -22.494 123.137
      vertex 0 -20.0395 123.137
      vertex -0.390181 -20.0011 123.137
    endloop
  endfacet
  facet normal 0 0 1
    outer loop
      vertex -7.04023 -22.494 123.137
      vertex -0.390181 -20.0011 123.137
      vertex -0.765367 -19.8873 123.137
    endloop
  endfacet
  facet normal 0 0 1
    outer loop
      vertex -1.84776 -17.2742 123.137
      vertex -4.78997 -18.5965 123.137
      vertex -1.96157 -17.6493 123.137
    endloop
  endfacet
  facet normal 0 0 1
    outer loop
      vertex -1.96157 -17.6493 123.137
      vertex -4.78997 -18.5965 123.137
      vertex -2 -18.0395 123.137
    endloop
  endfacet
  facet normal 0 0 1
    outer loop
      vertex -4.78997 -18.5965 123.137
      vertex -3.30089 -13.1779 123.137
      vertex -3.94352 -13 123.137
    endloop
  endfacet
  facet normal 0 0 1
    outer loop
      vertex -2 -18.0395 123.137
      vertex -4.78997 -18.5965 123.137
      vertex -1.96157 -18.4297 123.137
    endloop
  endfacet
  facet normal 0 0 1
    outer loop
      vertex -4.78997 -18.5965 123.137
      vertex -3.94352 -13 123.137
      vertex -4.57665 -12.7909 123.137
    endloop
  endfacet
  facet normal 0 0 1
    outer loop
      vertex -1.96157 -18.4297 123.137
      vertex -4.78997 -18.5965 123.137
      vertex -1.84776 -18.8049 123.137
    endloop
  endfacet
  facet normal 0 0 1
    outer loop
      vertex -4.78997 -18.5965 123.137
      vertex -1.66294 -19.1507 123.137
      vertex -1.84776 -18.8049 123.137
    endloop
  endfacet
  facet normal 0 0 1
    outer loop
      vertex -4.78997 -18.5965 123.137
      vertex -1.41421 -19.4537 123.137
      vertex -1.66294 -19.1507 123.137
    endloop
  endfacet
  facet normal 0 0 1
    outer loop
      vertex -6.41945 -21.4188 123.137
      vertex -1.41421 -19.4537 123.137
      vertex -4.78997 -18.5965 123.137
    endloop
  endfacet
  facet normal 0 0 1
    outer loop
      vertex -1.41421 -19.4537 123.137
      vertex -6.41945 -21.4188 123.137
      vertex -1.11114 -19.7025 123.137
    endloop
  endfacet
  facet normal 0 0 1
    outer loop
      vertex -1.11114 -19.7025 123.137
      vertex -6.41945 -21.4188 123.137
      vertex -0.765367 -19.8873 123.137
    endloop
  endfacet
  facet normal 0 0 1
    outer loop
      vertex -6.76533 -22.0179 123.137
      vertex -0.765367 -19.8873 123.137
      vertex -6.41945 -21.4188 123.137
    endloop
  endfacet
  facet normal 0 0 1
    outer loop
      vertex -7.04023 -22.494 123.137
      vertex -0.765367 -19.8873 123.137
      vertex -6.76533 -22.0179 123.137
    endloop
  endfacet
  facet normal 0 0 1
    outer loop
      vertex 0 -20.0395 123.137
      vertex -7.04023 -22.494 123.137
      vertex 7.04023 -22.494 123.137
    endloop
  endfacet
  facet normal 0 0 1
    outer loop
      vertex -5.19875 -12.5509 123.137
      vertex -4.78997 -18.5965 123.137
      vertex -4.57665 -12.7909 123.137
    endloop
  endfacet
  facet normal 0 0 1
    outer loop
      vertex -5.80834 -12.2807 123.137
      vertex -4.78997 -18.5965 123.137
      vertex -5.19875 -12.5509 123.137
    endloop
  endfacet
  facet normal 0 0 1
    outer loop
      vertex -6.40392 -11.9809 123.137
      vertex -4.78997 -18.5965 123.137
      vertex -5.80834 -12.2807 123.137
    endloop
  endfacet
  facet normal 0 0 1
    outer loop
      vertex -6.98409 -11.6522 123.137
      vertex -4.78997 -18.5965 123.137
      vertex -6.40392 -11.9809 123.137
    endloop
  endfacet
  facet normal 0 0 1
    outer loop
      vertex -13.71 -13.4465 123.137
      vertex -6.98409 -11.6522 123.137
      vertex -7.54742 -11.2955 123.137
    endloop
  endfacet
  facet normal 0 0 1
    outer loop
      vertex -13.71 -13.4465 123.137
      vertex -7.54742 -11.2955 123.137
      vertex -8.09257 -10.9116 123.137
    endloop
  endfacet
  facet normal 0 0 1
    outer loop
      vertex -13.71 -13.4465 123.137
      vertex -8.09257 -10.9116 123.137
      vertex -8.61823 -10.5013 123.137
    endloop
  endfacet
  facet normal 0 0 1
    outer loop
      vertex -13.71 -13.4465 123.137
      vertex -8.61823 -10.5013 123.137
      vertex -9.12313 -10.0658 123.137
    endloop
  endfacet
  facet normal 0 0 1
    outer loop
      vertex -13.71 -13.4465 123.137
      vertex -9.12313 -10.0658 123.137
      vertex -9.60604 -9.60604 123.137
    endloop
  endfacet
  facet normal 0 0 1
    outer loop
      vertex -13.71 -13.4465 123.137
      vertex -9.60604 -9.60604 123.137
      vertex -10.0658 -9.12313 123.137
    endloop
  endfacet
  facet normal 0 0 1
    outer loop
      vertex -13.71 -13.4465 123.137
      vertex -10.0658 -9.12313 123.137
      vertex -10.5013 -8.61823 123.137
    endloop
  endfacet
  facet normal 0 0 1
    outer loop
      vertex -13.71 -13.4465 123.137
      vertex -10.5013 -8.61823 123.137
      vertex -10.9116 -8.09257 123.137
    endloop
  endfacet
  facet normal 0 0 1
    outer loop
      vertex -13.71 -13.4465 123.137
      vertex -10.9116 -8.09257 123.137
      vertex -11.2955 -7.54742 123.137
    endloop
  endfacet
  facet normal 0 0 1
    outer loop
      vertex -13.71 -13.4465 123.137
      vertex -11.2955 -7.54742 123.137
      vertex -11.6522 -6.98409 123.137
    endloop
  endfacet
  facet normal 0 0 1
    outer loop
      vertex -12.7909 4.57665 123.137
      vertex -15.105 7.08791 123.137
      vertex -13 3.94352 123.137
    endloop
  endfacet
  facet normal 0 0 1
    outer loop
      vertex -6.98409 -11.6522 123.137
      vertex -13.71 -13.4465 123.137
      vertex -4.78997 -18.5965 123.137
    endloop
  endfacet
  facet normal 0 0 1
    outer loop
      vertex -18.5 -5.15 123.137
      vertex -11.6522 -6.98409 123.137
      vertex -11.9809 -6.40392 123.137
    endloop
  endfacet
  facet normal 0 0 1
    outer loop
      vertex -18.5 -5.15 123.137
      vertex -11.9809 -6.40392 123.137
      vertex -12.2807 -5.80834 123.137
    endloop
  endfacet
  facet normal 0 0 1
    outer loop
      vertex -18.5 -5.15 123.137
      vertex -12.2807 -5.80834 123.137
      vertex -12.5509 -5.19875 123.137
    endloop
  endfacet
  facet normal -0 0 1
    outer loop
      vertex -18.5 -5.15 123.137
      vertex -12.5509 -5.19875 123.137
      vertex -12.7909 -4.57665 123.137
    endloop
  endfacet
  facet normal 0 0 1
    outer loop
      vertex -18.5 -5.15 123.137
      vertex -12.7909 -4.57665 123.137
      vertex -13 -3.94352 123.137
    endloop
  endfacet
  facet normal 0 0 1
    outer loop
      vertex -18.5 -5.15 123.137
      vertex -13 -3.94352 123.137
      vertex -13.1779 -3.30089 123.137
    endloop
  endfacet
  facet normal 0 0 1
    outer loop
      vertex -18.5 -5.15 123.137
      vertex -13.1779 -3.30089 123.137
      vertex -13.324 -2.6503 123.137
    endloop
  endfacet
  facet normal 0 0 1
    outer loop
      vertex -18.5 -5.15 123.137
      vertex -13.324 -2.6503 123.137
      vertex -13.438 -1.99333 123.137
    endloop
  endfacet
  facet normal 0 0 1
    outer loop
      vertex -18.5 -5.15 123.137
      vertex -13.438 -1.99333 123.137
      vertex -13.5196 -1.33156 123.137
    endloop
  endfacet
  facet normal 0 0 1
    outer loop
      vertex -18.5 -5.15 123.137
      vertex -13.5196 -1.33156 123.137
      vertex -13.5686 -0.666584 123.137
    endloop
  endfacet
  facet normal 0 0 1
    outer loop
      vertex -18.5 -5.15 123.137
      vertex -13.5686 -0.666584 123.137
      vertex -13.585 0 123.137
    endloop
  endfacet
  facet normal -0 0 1
    outer loop
      vertex -15.4919 7.02404 123.137
      vertex -13 3.94352 123.137
      vertex -15.105 7.08791 123.137
    endloop
  endfacet
  facet normal 0 0 1
    outer loop
      vertex -13 3.94352 123.137
      vertex -15.4919 7.02404 123.137
      vertex -13.1779 3.30089 123.137
    endloop
  endfacet
  facet normal 0 0 1
    outer loop
      vertex -15.8837 7.03687 123.137
      vertex -13.1779 3.30089 123.137
      vertex -15.4919 7.02404 123.137
    endloop
  endfacet
  facet normal 0 0 1
    outer loop
      vertex -13.1779 3.30089 123.137
      vertex -18.5 5.15 123.137
      vertex -13.324 2.6503 123.137
    endloop
  endfacet
  facet normal 0 0 1
    outer loop
      vertex -13.324 2.6503 123.137
      vertex -18.5 5.15 123.137
      vertex -13.438 1.99333 123.137
    endloop
  endfacet
  facet normal 0 0 1
    outer loop
      vertex -13.438 1.99333 123.137
      vertex -18.5 5.15 123.137
      vertex -13.5196 1.33156 123.137
    endloop
  endfacet
  facet normal 0 0 1
    outer loop
      vertex -13.5196 1.33156 123.137
      vertex -18.5 5.15 123.137
      vertex -13.5686 0.666584 123.137
    endloop
  endfacet
  facet normal 0 0 1
    outer loop
      vertex -11.6522 -6.98409 123.137
      vertex -18.5 -5.15 123.137
      vertex -13.71 -13.4465 123.137
    endloop
  endfacet
  facet normal 0 0 1
    outer loop
      vertex -13.5686 0.666584 123.137
      vertex -18.5 5.15 123.137
      vertex -13.585 0 123.137
    endloop
  endfacet
  facet normal -0 0 1
    outer loop
      vertex -22.2353 -6.47534 123.137
      vertex -13.71 -13.4465 123.137
      vertex -18.5 -5.15 123.137
    endloop
  endfacet
  facet normal 0 0 1
    outer loop
      vertex -13.1779 3.30089 123.137
      vertex -15.8837 7.03687 123.137
      vertex -18.5 5.15 123.137
    endloop
  endfacet
  facet normal 0 0 1
    outer loop
      vertex -13.71 -13.4465 123.137
      vertex -22.2353 -6.47534 123.137
      vertex -15.3395 -16.2688 123.137
    endloop
  endfacet
  facet normal 0 0 1
    outer loop
      vertex -18.5 5.15 123.137
      vertex -15.8837 7.03687 123.137
      vertex -16.2656 7.1259 123.137
    endloop
  endfacet
  facet normal 0 0 1
    outer loop
      vertex -18.5 5.15 123.137
      vertex -16.2656 7.1259 123.137
      vertex -16.6227 7.28771 123.137
    endloop
  endfacet
  facet normal 0 0 1
    outer loop
      vertex -18.5 5.15 123.137
      vertex -16.6227 7.28771 123.137
      vertex -16.9414 7.51608 123.137
    endloop
  endfacet
  facet normal 0 0 1
    outer loop
      vertex -18.5 5.15 123.137
      vertex -16.9414 7.51608 123.137
      vertex -17.2094 7.80224 123.137
    endloop
  endfacet
  facet normal 0 0 1
    outer loop
      vertex -18.5 5.15 123.137
      vertex -17.2094 7.80224 123.137
      vertex -17.4164 8.13518 123.137
    endloop
  endfacet
  facet normal 0 0 1
    outer loop
      vertex -18.5 5.15 123.137
      vertex -17.4164 8.13518 123.137
      vertex -17.5545 8.50212 123.137
    endloop
  endfacet
  facet normal 0 0 1
    outer loop
      vertex -23.0005 5.15 123.137
      vertex -17.5545 8.50212 123.137
      vertex -17.6184 8.88895 123.137
    endloop
  endfacet
  facet normal 0 0 1
    outer loop
      vertex -13.585 0 123.137
      vertex -18.5 5.15 123.137
      vertex -18.5 -5.15 123.137
    endloop
  endfacet
  facet normal 0 0 1
    outer loop
      vertex -15.3395 -16.2688 123.137
      vertex -22.2353 -6.47534 123.137
      vertex -15.6854 -16.8679 123.137
    endloop
  endfacet
  facet normal 0 0 1
    outer loop
      vertex -15.6854 -16.8679 123.137
      vertex -22.2353 -6.47534 123.137
      vertex -15.9603 -17.344 123.137
    endloop
  endfacet
  facet normal 0 -0 1
    outer loop
      vertex -22.2353 -6.47534 123.137
      vertex -18.5 -5.15 123.137
      vertex -23.0005 -5.15 123.137
    endloop
  endfacet
  facet normal 0 0 1
    outer loop
      vertex -4.78997 18.5965 123.137
      vertex -5.19875 12.5509 123.137
      vertex -4.57665 12.7909 123.137
    endloop
  endfacet
  facet normal 0 0 1
    outer loop
      vertex -4.78997 18.5965 123.137
      vertex -5.80834 12.2807 123.137
      vertex -5.19875 12.5509 123.137
    endloop
  endfacet
  facet normal 0 0 1
    outer loop
      vertex -4.78997 18.5965 123.137
      vertex -6.40392 11.9809 123.137
      vertex -5.80834 12.2807 123.137
    endloop
  endfacet
  facet normal 0 0 1
    outer loop
      vertex -4.78997 18.5965 123.137
      vertex -6.98409 11.6522 123.137
      vertex -6.40392 11.9809 123.137
    endloop
  endfacet
  facet normal -0 0 1
    outer loop
      vertex -13.71 13.4465 123.137
      vertex -6.98409 11.6522 123.137
      vertex -4.78997 18.5965 123.137
    endloop
  endfacet
  facet normal 0 0 1
    outer loop
      vertex -6.98409 11.6522 123.137
      vertex -13.71 13.4465 123.137
      vertex -7.54742 11.2955 123.137
    endloop
  endfacet
  facet normal 0 0 1
    outer loop
      vertex -7.54742 11.2955 123.137
      vertex -13.71 13.4465 123.137
      vertex -8.09257 10.9116 123.137
    endloop
  endfacet
  facet normal 0 0 1
    outer loop
      vertex -8.09257 10.9116 123.137
      vertex -13.71 13.4465 123.137
      vertex -8.61823 10.5013 123.137
    endloop
  endfacet
  facet normal 0 0 1
    outer loop
      vertex -8.61823 10.5013 123.137
      vertex -13.71 13.4465 123.137
      vertex -9.12313 10.0658 123.137
    endloop
  endfacet
  facet normal 0 0 1
    outer loop
      vertex -9.12313 10.0658 123.137
      vertex -13.71 13.4465 123.137
      vertex -9.60604 9.60604 123.137
    endloop
  endfacet
  facet normal -0 0 1
    outer loop
      vertex -14.036 10.2373 123.137
      vertex -9.60604 9.60604 123.137
      vertex -13.71 13.4465 123.137
    endloop
  endfacet
  facet normal 0 0 1
    outer loop
      vertex -9.60604 9.60604 123.137
      vertex -13.8289 9.90434 123.137
      vertex -10.0658 9.12313 123.137
    endloop
  endfacet
  facet normal -0 -0 1
    outer loop
      vertex -13.6908 9.5374 123.137
      vertex -10.0658 9.12313 123.137
      vertex -13.8289 9.90434 123.137
    endloop
  endfacet
  facet normal 0 0 1
    outer loop
      vertex -10.0658 9.12313 123.137
      vertex -13.6908 9.5374 123.137
      vertex -10.5013 8.61823 123.137
    endloop
  endfacet
  facet normal -0 0 1
    outer loop
      vertex -15.105 7.08791 123.137
      vertex -12.7909 4.57665 123.137
      vertex -14.7381 7.22601 123.137
    endloop
  endfacet
  facet normal 0 0 1
    outer loop
      vertex -12.5509 5.19875 123.137
      vertex -14.7381 7.22601 123.137
      vertex -12.7909 4.57665 123.137
    endloop
  endfacet
  facet normal -0 0 1
    outer loop
      vertex -14.7381 7.22601 123.137
      vertex -12.5509 5.19875 123.137
      vertex -14.4052 7.43305 123.137
    endloop
  endfacet
  facet normal 0 0 1
    outer loop
      vertex -12.2807 5.80834 123.137
      vertex -14.4052 7.43305 123.137
      vertex -12.5509 5.19875 123.137
    endloop
  endfacet
  facet normal -0 0 1
    outer loop
      vertex -14.4052 7.43305 123.137
      vertex -12.2807 5.80834 123.137
      vertex -14.119 7.70107 123.137
    endloop
  endfacet
  facet normal 0 0 1
    outer loop
      vertex -11.9809 6.40392 123.137
      vertex -14.119 7.70107 123.137
      vertex -12.2807 5.80834 123.137
    endloop
  endfacet
  facet normal -0 0 1
    outer loop
      vertex -14.119 7.70107 123.137
      vertex -11.9809 6.40392 123.137
      vertex -13.8906 8.01976 123.137
    endloop
  endfacet
  facet normal 0 0 1
    outer loop
      vertex -11.6522 6.98409 123.137
      vertex -13.8906 8.01976 123.137
      vertex -11.9809 6.40392 123.137
    endloop
  endfacet
  facet normal -0 0 1
    outer loop
      vertex -13.8906 8.01976 123.137
      vertex -11.6522 6.98409 123.137
      vertex -13.7288 8.37688 123.137
    endloop
  endfacet
  facet normal 0 0 1
    outer loop
      vertex -11.2955 7.54742 123.137
      vertex -13.7288 8.37688 123.137
      vertex -11.6522 6.98409 123.137
    endloop
  endfacet
  facet normal -0 0 1
    outer loop
      vertex -13.7288 8.37688 123.137
      vertex -11.2955 7.54742 123.137
      vertex -13.6398 8.75871 123.137
    endloop
  endfacet
  facet normal -0 -0 1
    outer loop
      vertex -13.627 9.15057 123.137
      vertex -10.5013 8.61823 123.137
      vertex -13.6908 9.5374 123.137
    endloop
  endfacet
  facet normal 0 0 1
    outer loop
      vertex -10.9116 8.09257 123.137
      vertex -13.6398 8.75871 123.137
      vertex -11.2955 7.54742 123.137
    endloop
  endfacet
  facet normal -0 0 1
    outer loop
      vertex -13.6398 8.75871 123.137
      vertex -10.9116 8.09257 123.137
      vertex -13.627 9.15057 123.137
    endloop
  endfacet
  facet normal 0 0 1
    outer loop
      vertex -10.5013 8.61823 123.137
      vertex -13.627 9.15057 123.137
      vertex -10.9116 8.09257 123.137
    endloop
  endfacet
  facet normal 0 0 1
    outer loop
      vertex -9.60604 9.60604 123.137
      vertex -14.036 10.2373 123.137
      vertex -13.8289 9.90434 123.137
    endloop
  endfacet
  facet normal 0 0 1
    outer loop
      vertex -13.71 13.4465 123.137
      vertex -14.304 10.5234 123.137
      vertex -14.036 10.2373 123.137
    endloop
  endfacet
  facet normal 0 0 1
    outer loop
      vertex -13.71 13.4465 123.137
      vertex -14.6227 10.7518 123.137
      vertex -14.304 10.5234 123.137
    endloop
  endfacet
  facet normal 0 0 1
    outer loop
      vertex -13.71 13.4465 123.137
      vertex -14.9798 10.9136 123.137
      vertex -14.6227 10.7518 123.137
    endloop
  endfacet
  facet normal -0 0 1
    outer loop
      vertex -16.7255 16.0187 123.137
      vertex -13.71 13.4465 123.137
      vertex -15.3395 16.2688 123.137
    endloop
  endfacet
  facet normal 0 0 1
    outer loop
      vertex -13.71 13.4465 123.137
      vertex -15.3616 11.0026 123.137
      vertex -14.9798 10.9136 123.137
    endloop
  endfacet
  facet normal 0 0 1
    outer loop
      vertex -16.7255 16.0187 123.137
      vertex -15.3395 16.2688 123.137
      vertex -15.6854 16.8679 123.137
    endloop
  endfacet
  facet normal 0 0 1
    outer loop
      vertex -13.71 13.4465 123.137
      vertex -16.7255 16.0187 123.137
      vertex -15.7535 11.0155 123.137
    endloop
  endfacet
  facet normal 0 0 1
    outer loop
      vertex -16.7255 16.0187 123.137
      vertex -15.6854 16.8679 123.137
      vertex -15.9603 17.344 123.137
    endloop
  endfacet
  facet normal 0 0 1
    outer loop
      vertex -13.71 13.4465 123.137
      vertex -15.7535 11.0155 123.137
      vertex -15.3616 11.0026 123.137
    endloop
  endfacet
  facet normal 0 0 1
    outer loop
      vertex -15.7535 11.0155 123.137
      vertex -16.7255 16.0187 123.137
      vertex -16.1403 10.9516 123.137
    endloop
  endfacet
  facet normal 0 0 1
    outer loop
      vertex -16.1403 10.9516 123.137
      vertex -16.7255 16.0187 123.137
      vertex -16.5073 10.8135 123.137
    endloop
  endfacet
  facet normal 0 0 1
    outer loop
      vertex -16.7255 16.0187 123.137
      vertex -16.8402 10.6065 123.137
      vertex -16.5073 10.8135 123.137
    endloop
  endfacet
  facet normal 0 0 1
    outer loop
      vertex -16.7255 16.0187 123.137
      vertex -17.1264 10.3385 123.137
      vertex -16.8402 10.6065 123.137
    endloop
  endfacet
  facet normal 0 0 1
    outer loop
      vertex -16.7255 16.0187 123.137
      vertex -17.3547 10.0198 123.137
      vertex -17.1264 10.3385 123.137
    endloop
  endfacet
  facet normal 0 0 1
    outer loop
      vertex -23.0005 5.15 123.137
      vertex -17.3547 10.0198 123.137
      vertex -16.7255 16.0187 123.137
    endloop
  endfacet
  facet normal 0 0 1
    outer loop
      vertex -17.3547 10.0198 123.137
      vertex -23.0005 5.15 123.137
      vertex -17.5165 9.66264 123.137
    endloop
  endfacet
  facet normal 0 0 1
    outer loop
      vertex -23.0005 5.15 123.137
      vertex -17.6184 8.88895 123.137
      vertex -17.6056 9.28081 123.137
    endloop
  endfacet
  facet normal 0 0 1
    outer loop
      vertex -17.5165 9.66264 123.137
      vertex -23.0005 5.15 123.137
      vertex -17.6056 9.28081 123.137
    endloop
  endfacet
  facet normal 0 0 1
    outer loop
      vertex -17.5545 8.50212 123.137
      vertex -23.0005 5.15 123.137
      vertex -18.5 5.15 123.137
    endloop
  endfacet
  facet normal 0 0 1
    outer loop
      vertex 1.41421 -16.6253 123.137
      vertex 2.6503 -13.324 123.137
      vertex 1.99333 -13.438 123.137
    endloop
  endfacet
  facet normal 0 0 1
    outer loop
      vertex 4.78997 -18.5965 123.137
      vertex 1.96157 -17.6493 123.137
      vertex 2 -18.0395 123.137
    endloop
  endfacet
  facet normal 0 0 1
    outer loop
      vertex 4.78997 -18.5965 123.137
      vertex 1.84776 -17.2742 123.137
      vertex 1.96157 -17.6493 123.137
    endloop
  endfacet
  facet normal 0 0 1
    outer loop
      vertex 3.30089 -13.1779 123.137
      vertex 1.66294 -16.9284 123.137
      vertex 1.84776 -17.2742 123.137
    endloop
  endfacet
  facet normal 0 0 1
    outer loop
      vertex 2.6503 -13.324 123.137
      vertex 1.41421 -16.6253 123.137
      vertex 1.66294 -16.9284 123.137
    endloop
  endfacet
  facet normal 0 0 1
    outer loop
      vertex 1.11114 -16.3766 123.137
      vertex 1.99333 -13.438 123.137
      vertex 1.33156 -13.5196 123.137
    endloop
  endfacet
  facet normal 0 0 1
    outer loop
      vertex 1.99333 -13.438 123.137
      vertex 1.11114 -16.3766 123.137
      vertex 1.41421 -16.6253 123.137
    endloop
  endfacet
  facet normal 0 0 1
    outer loop
      vertex 1.33156 -13.5196 123.137
      vertex 0.765367 -16.1918 123.137
      vertex 1.11114 -16.3766 123.137
    endloop
  endfacet
  facet normal -0 0 1
    outer loop
      vertex 0.666584 -13.5686 123.137
      vertex 0.765367 -16.1918 123.137
      vertex 1.33156 -13.5196 123.137
    endloop
  endfacet
  facet normal 0 0 1
    outer loop
      vertex 0.666584 -13.5686 123.137
      vertex 0.390181 -16.0779 123.137
      vertex 0.765367 -16.1918 123.137
    endloop
  endfacet
  facet normal -0 0 1
    outer loop
      vertex 0 -13.585 123.137
      vertex 0.390181 -16.0779 123.137
      vertex 0.666584 -13.5686 123.137
    endloop
  endfacet
  facet normal 0 0 1
    outer loop
      vertex 0 -13.585 123.137
      vertex 0 -16.0395 123.137
      vertex 0.390181 -16.0779 123.137
    endloop
  endfacet
  facet normal 0 0 1
    outer loop
      vertex 0 -13.585 123.137
      vertex -0.390181 -16.0779 123.137
      vertex 0 -16.0395 123.137
    endloop
  endfacet
  facet normal 0 0 1
    outer loop
      vertex -0.666584 -13.5686 123.137
      vertex -0.390181 -16.0779 123.137
      vertex 0 -13.585 123.137
    endloop
  endfacet
  facet normal 0 0 1
    outer loop
      vertex -0.666584 -13.5686 123.137
      vertex -0.765367 -16.1918 123.137
      vertex -0.390181 -16.0779 123.137
    endloop
  endfacet
  facet normal 0 0 1
    outer loop
      vertex -1.33156 -13.5196 123.137
      vertex -0.765367 -16.1918 123.137
      vertex -0.666584 -13.5686 123.137
    endloop
  endfacet
  facet normal 0 0 1
    outer loop
      vertex -0.765367 -16.1918 123.137
      vertex -1.33156 -13.5196 123.137
      vertex -1.11114 -16.3766 123.137
    endloop
  endfacet
  facet normal 0 0 1
    outer loop
      vertex -1.99333 -13.438 123.137
      vertex -1.11114 -16.3766 123.137
      vertex -1.33156 -13.5196 123.137
    endloop
  endfacet
  facet normal 0 0 1
    outer loop
      vertex -1.11114 -16.3766 123.137
      vertex -1.99333 -13.438 123.137
      vertex -1.41421 -16.6253 123.137
    endloop
  endfacet
  facet normal 0 0 1
    outer loop
      vertex -2.6503 -13.324 123.137
      vertex -1.41421 -16.6253 123.137
      vertex -1.99333 -13.438 123.137
    endloop
  endfacet
  facet normal 0 0 1
    outer loop
      vertex -1.41421 -16.6253 123.137
      vertex -2.6503 -13.324 123.137
      vertex -1.66294 -16.9284 123.137
    endloop
  endfacet
  facet normal 0 0 1
    outer loop
      vertex -3.30089 -13.1779 123.137
      vertex -1.66294 -16.9284 123.137
      vertex -2.6503 -13.324 123.137
    endloop
  endfacet
  facet normal 0 0 1
    outer loop
      vertex -1.66294 -16.9284 123.137
      vertex -3.30089 -13.1779 123.137
      vertex -1.84776 -17.2742 123.137
    endloop
  endfacet
  facet normal 0 0 1
    outer loop
      vertex -4.78997 -18.5965 123.137
      vertex -1.84776 -17.2742 123.137
      vertex -3.30089 -13.1779 123.137
    endloop
  endfacet
  facet normal -0.849143 0.528164 0
    outer loop
      vertex 13.8289 9.90434 123.137
      vertex 14.036 10.2373 128.538
      vertex 14.036 10.2373 123.137
    endloop
  endfacet
  facet normal -0.849143 0.528164 0
    outer loop
      vertex 14.036 10.2373 128.538
      vertex 13.8289 9.90434 123.137
      vertex 13.8289 9.90434 128.538
    endloop
  endfacet
  facet normal -0.0328987 0.999459 0
    outer loop
      vertex 15.7535 11.0155 123.137
      vertex 15.3616 11.0026 128.538
      vertex 15.7535 11.0155 128.538
    endloop
  endfacet
  facet normal -0.0328987 0.999459 0
    outer loop
      vertex 15.3616 11.0026 128.538
      vertex 15.7535 11.0155 123.137
      vertex 15.3616 11.0026 123.137
    endloop
  endfacet
  facet normal 0.683517 0.729935 -0
    outer loop
      vertex 17.1264 10.3385 123.137
      vertex 16.8402 10.6065 128.538
      vertex 17.1264 10.3385 128.538
    endloop
  endfacet
  facet normal 0.683517 0.729935 0
    outer loop
      vertex 16.8402 10.6065 128.538
      vertex 17.1264 10.3385 123.137
      vertex 16.8402 10.6065 123.137
    endloop
  endfacet
  facet normal 0.81294 0.582348 0
    outer loop
      vertex 17.3547 10.0198 128.538
      vertex 17.1264 10.3385 123.137
      vertex 17.1264 10.3385 128.538
    endloop
  endfacet
  facet normal 0.81294 0.582348 0
    outer loop
      vertex 17.1264 10.3385 123.137
      vertex 17.3547 10.0198 128.538
      vertex 17.3547 10.0198 123.137
    endloop
  endfacet
  facet normal 0.528048 0.849214 -0
    outer loop
      vertex 16.8402 10.6065 123.137
      vertex 16.5073 10.8135 128.538
      vertex 16.8402 10.6065 128.538
    endloop
  endfacet
  facet normal 0.528048 0.849214 0
    outer loop
      vertex 16.5073 10.8135 128.538
      vertex 16.8402 10.6065 123.137
      vertex 16.5073 10.8135 123.137
    endloop
  endfacet
  facet normal -0.412707 0.910864 0
    outer loop
      vertex 14.9798 10.9136 123.137
      vertex 14.6227 10.7518 128.538
      vertex 14.9798 10.9136 128.538
    endloop
  endfacet
  facet normal -0.412707 0.910864 0
    outer loop
      vertex 14.6227 10.7518 128.538
      vertex 14.9798 10.9136 123.137
      vertex 14.6227 10.7518 123.137
    endloop
  endfacet
  facet normal 0.582466 -0.812855 0
    outer loop
      vertex 16.6227 7.28771 123.137
      vertex 16.9414 7.51608 128.538
      vertex 16.6227 7.28771 128.538
    endloop
  endfacet
  facet normal 0.582466 -0.812855 0
    outer loop
      vertex 16.9414 7.51608 128.538
      vertex 16.6227 7.28771 123.137
      vertex 16.9414 7.51608 123.137
    endloop
  endfacet
  facet normal -0.22702 0.97389 0
    outer loop
      vertex 15.3616 11.0026 123.137
      vertex 14.9798 10.9136 128.538
      vertex 15.3616 11.0026 128.538
    endloop
  endfacet
  facet normal -0.22702 0.97389 0
    outer loop
      vertex 14.9798 10.9136 128.538
      vertex 15.3616 11.0026 123.137
      vertex 14.9798 10.9136 123.137
    endloop
  endfacet
  facet normal 0.162992 0.986627 -0
    outer loop
      vertex 16.1403 10.9516 123.137
      vertex 15.7535 11.0155 128.538
      vertex 16.1403 10.9516 128.538
    endloop
  endfacet
  facet normal 0.162992 0.986627 0
    outer loop
      vertex 15.7535 11.0155 128.538
      vertex 16.1403 10.9516 123.137
      vertex 15.7535 11.0155 123.137
    endloop
  endfacet
  facet normal 0.986629 -0.16298 0
    outer loop
      vertex 17.5545 8.50212 128.538
      vertex 17.6184 8.88895 123.137
      vertex 17.6184 8.88895 128.538
    endloop
  endfacet
  facet normal 0.986629 -0.16298 0
    outer loop
      vertex 17.6184 8.88895 123.137
      vertex 17.5545 8.50212 128.538
      vertex 17.5545 8.50212 123.137
    endloop
  endfacet
  facet normal -0.935911 0.352236 0
    outer loop
      vertex 13.6908 9.5374 123.137
      vertex 13.8289 9.90434 128.538
      vertex 13.8289 9.90434 123.137
    endloop
  endfacet
  facet normal -0.935911 0.352236 0
    outer loop
      vertex 13.8289 9.90434 128.538
      vertex 13.6908 9.5374 123.137
      vertex 13.6908 9.5374 128.538
    endloop
  endfacet
  facet normal 0.849243 -0.528003 0
    outer loop
      vertex 17.2094 7.80224 128.538
      vertex 17.4164 8.13518 123.137
      vertex 17.4164 8.13518 128.538
    endloop
  endfacet
  facet normal 0.849243 -0.528003 0
    outer loop
      vertex 17.4164 8.13518 123.137
      vertex 17.2094 7.80224 128.538
      vertex 17.2094 7.80224 123.137
    endloop
  endfacet
  facet normal -0.528122 -0.849168 0
    outer loop
      vertex 14.4052 7.43305 123.137
      vertex 14.7381 7.22601 128.538
      vertex 14.4052 7.43305 128.538
    endloop
  endfacet
  facet normal -0.528122 -0.849168 -0
    outer loop
      vertex 14.7381 7.22601 128.538
      vertex 14.4052 7.43305 123.137
      vertex 14.7381 7.22601 123.137
    endloop
  endfacet
  facet normal 0.91089 0.41265 0
    outer loop
      vertex 17.5165 9.66264 128.538
      vertex 17.3547 10.0198 123.137
      vertex 17.3547 10.0198 128.538
    endloop
  endfacet
  facet normal 0.91089 0.41265 0
    outer loop
      vertex 17.3547 10.0198 123.137
      vertex 17.5165 9.66264 128.538
      vertex 17.5165 9.66264 123.137
    endloop
  endfacet
  facet normal -0.729816 0.683644 0
    outer loop
      vertex 14.036 10.2373 123.137
      vertex 14.304 10.5234 128.538
      vertex 14.304 10.5234 123.137
    endloop
  endfacet
  facet normal -0.729816 0.683644 0
    outer loop
      vertex 14.304 10.5234 128.538
      vertex 14.036 10.2373 123.137
      vertex 14.036 10.2373 128.538
    endloop
  endfacet
  facet normal 0.412728 -0.910854 0
    outer loop
      vertex 16.2656 7.1259 123.137
      vertex 16.6227 7.28771 128.538
      vertex 16.2656 7.1259 128.538
    endloop
  endfacet
  facet normal 0.412728 -0.910854 0
    outer loop
      vertex 16.6227 7.28771 128.538
      vertex 16.2656 7.1259 123.137
      vertex 16.6227 7.28771 123.137
    endloop
  endfacet
  facet normal -0.999467 -0.0326473 0
    outer loop
      vertex 13.6398 8.75871 123.137
      vertex 13.627 9.15057 128.538
      vertex 13.627 9.15057 123.137
    endloop
  endfacet
  facet normal -0.999467 -0.0326473 0
    outer loop
      vertex 13.627 9.15057 128.538
      vertex 13.6398 8.75871 123.137
      vertex 13.6398 8.75871 128.538
    endloop
  endfacet
  facet normal 0.729887 -0.683568 0
    outer loop
      vertex 16.9414 7.51608 128.538
      vertex 17.2094 7.80224 123.137
      vertex 17.2094 7.80224 128.538
    endloop
  endfacet
  facet normal 0.729887 -0.683568 0
    outer loop
      vertex 17.2094 7.80224 123.137
      vertex 16.9414 7.51608 128.538
      vertex 16.9414 7.51608 123.137
    endloop
  endfacet
  facet normal 0.227036 -0.973886 0
    outer loop
      vertex 15.8837 7.03687 123.137
      vertex 16.2656 7.1259 128.538
      vertex 15.8837 7.03687 128.538
    endloop
  endfacet
  facet normal 0.227036 -0.973886 0
    outer loop
      vertex 16.2656 7.1259 128.538
      vertex 15.8837 7.03687 123.137
      vertex 16.2656 7.1259 123.137
    endloop
  endfacet
  facet normal 0.973838 0.227245 0
    outer loop
      vertex 17.6056 9.28081 128.538
      vertex 17.5165 9.66264 123.137
      vertex 17.5165 9.66264 128.538
    endloop
  endfacet
  facet normal 0.973838 0.227245 0
    outer loop
      vertex 17.5165 9.66264 123.137
      vertex 17.6056 9.28081 128.538
      vertex 17.6056 9.28081 123.137
    endloop
  endfacet
  facet normal 0.352185 0.93593 -0
    outer loop
      vertex 16.5073 10.8135 123.137
      vertex 16.1403 10.9516 128.538
      vertex 16.5073 10.8135 128.538
    endloop
  endfacet
  facet normal 0.352185 0.93593 0
    outer loop
      vertex 16.1403 10.9516 128.538
      vertex 16.5073 10.8135 123.137
      vertex 16.1403 10.9516 123.137
    endloop
  endfacet
  facet normal -0.910872 -0.412688 0
    outer loop
      vertex 13.8906 8.01976 123.137
      vertex 13.7288 8.37688 128.538
      vertex 13.7288 8.37688 123.137
    endloop
  endfacet
  facet normal -0.910872 -0.412688 0
    outer loop
      vertex 13.7288 8.37688 128.538
      vertex 13.8906 8.01976 123.137
      vertex 13.8906 8.01976 128.538
    endloop
  endfacet
  facet normal 0.935911 -0.352236 0
    outer loop
      vertex 17.4164 8.13518 128.538
      vertex 17.5545 8.50212 123.137
      vertex 17.5545 8.50212 128.538
    endloop
  endfacet
  facet normal 0.935911 -0.352236 0
    outer loop
      vertex 17.5545 8.50212 123.137
      vertex 17.4164 8.13518 128.538
      vertex 17.4164 8.13518 123.137
    endloop
  endfacet
  facet normal -0.162877 -0.986646 0
    outer loop
      vertex 15.105 7.08791 123.137
      vertex 15.4919 7.02404 128.538
      vertex 15.105 7.08791 128.538
    endloop
  endfacet
  facet normal -0.162877 -0.986646 -0
    outer loop
      vertex 15.4919 7.02404 128.538
      vertex 15.105 7.08791 123.137
      vertex 15.4919 7.02404 123.137
    endloop
  endfacet
  facet normal -0.582516 0.812819 0
    outer loop
      vertex 14.6227 10.7518 123.137
      vertex 14.304 10.5234 128.538
      vertex 14.6227 10.7518 128.538
    endloop
  endfacet
  facet normal -0.582516 0.812819 0
    outer loop
      vertex 14.304 10.5234 128.538
      vertex 14.6227 10.7518 123.137
      vertex 14.304 10.5234 123.137
    endloop
  endfacet
  facet normal 0.999467 0.0326473 0
    outer loop
      vertex 17.6184 8.88895 128.538
      vertex 17.6056 9.28081 123.137
      vertex 17.6056 9.28081 128.538
    endloop
  endfacet
  facet normal 0.999467 0.0326473 0
    outer loop
      vertex 17.6056 9.28081 123.137
      vertex 17.6184 8.88895 128.538
      vertex 17.6184 8.88895 123.137
    endloop
  endfacet
  facet normal -0.683544 -0.729909 0
    outer loop
      vertex 14.119 7.70107 123.137
      vertex 14.4052 7.43305 128.538
      vertex 14.119 7.70107 128.538
    endloop
  endfacet
  facet normal -0.683544 -0.729909 -0
    outer loop
      vertex 14.4052 7.43305 128.538
      vertex 14.119 7.70107 123.137
      vertex 14.4052 7.43305 123.137
    endloop
  endfacet
  facet normal -0.81281 -0.582528 0
    outer loop
      vertex 14.119 7.70107 123.137
      vertex 13.8906 8.01976 128.538
      vertex 13.8906 8.01976 123.137
    endloop
  endfacet
  facet normal -0.81281 -0.582528 0
    outer loop
      vertex 13.8906 8.01976 128.538
      vertex 14.119 7.70107 123.137
      vertex 14.119 7.70107 128.538
    endloop
  endfacet
  facet normal -0.352269 -0.935899 0
    outer loop
      vertex 14.7381 7.22601 123.137
      vertex 15.105 7.08791 128.538
      vertex 14.7381 7.22601 128.538
    endloop
  endfacet
  facet normal -0.352269 -0.935899 -0
    outer loop
      vertex 15.105 7.08791 128.538
      vertex 14.7381 7.22601 123.137
      vertex 15.105 7.08791 123.137
    endloop
  endfacet
  facet normal -0.98667 0.162732 0
    outer loop
      vertex 13.627 9.15057 123.137
      vertex 13.6908 9.5374 128.538
      vertex 13.6908 9.5374 123.137
    endloop
  endfacet
  facet normal -0.98667 0.162732 0
    outer loop
      vertex 13.6908 9.5374 128.538
      vertex 13.627 9.15057 123.137
      vertex 13.627 9.15057 128.538
    endloop
  endfacet
  facet normal -0.973894 -0.227003 0
    outer loop
      vertex 13.7288 8.37688 123.137
      vertex 13.6398 8.75871 128.538
      vertex 13.6398 8.75871 123.137
    endloop
  endfacet
  facet normal -0.973894 -0.227003 0
    outer loop
      vertex 13.6398 8.75871 128.538
      vertex 13.7288 8.37688 123.137
      vertex 13.7288 8.37688 128.538
    endloop
  endfacet
  facet normal 0.0327288 -0.999464 0
    outer loop
      vertex 15.4919 7.02404 123.137
      vertex 15.8837 7.03687 128.538
      vertex 15.4919 7.02404 128.538
    endloop
  endfacet
  facet normal 0.0327288 -0.999464 0
    outer loop
      vertex 15.8837 7.03687 128.538
      vertex 15.4919 7.02404 123.137
      vertex 15.8837 7.03687 123.137
    endloop
  endfacet
  facet normal 0.292261 -0.645112 0.705985
    outer loop
      vertex 16.3227 7.80732 129.137
      vertex 16.0727 7.69406 129.137
      vertex 16.6227 7.28771 128.538
    endloop
  endfacet
  facet normal 0.575736 0.41242 0.706001
    outer loop
      vertex 17.3547 10.0198 128.538
      vertex 16.6753 9.94284 129.137
      vertex 16.8351 9.71976 129.137
    endloop
  endfacet
  facet normal 0.575734 0.412426 0.706
    outer loop
      vertex 17.1264 10.3385 128.538
      vertex 16.6753 9.94284 129.137
      vertex 17.3547 10.0198 128.538
    endloop
  endfacet
  facet normal 0.11544 0.69878 0.705961
    outer loop
      vertex 16.1403 10.9516 128.538
      vertex 15.7535 11.0155 128.538
      vertex 15.985 10.3721 129.137
    endloop
  endfacet
  facet normal -0.689714 -0.160764 0.70601
    outer loop
      vertex 14.2347 8.83702 129.137
      vertex 13.6398 8.75871 128.538
      vertex 13.7288 8.37688 128.538
    endloop
  endfacet
  facet normal 0.115343 0.698769 0.705987
    outer loop
      vertex 15.7535 11.0155 128.538
      vertex 15.7142 10.4168 129.137
      vertex 15.985 10.3721 129.137
    endloop
  endfacet
  facet normal -0.57565 -0.412559 0.70599
    outer loop
      vertex 14.5701 8.09668 129.137
      vertex 13.8906 8.01976 128.538
      vertex 14.119 7.70107 128.538
    endloop
  endfacet
  facet normal -0.412553 0.575659 0.705986
    outer loop
      vertex 14.6227 10.7518 128.538
      vertex 14.304 10.5234 128.538
      vertex 14.6996 10.0723 129.137
    endloop
  endfacet
  facet normal 0.601462 -0.373949 0.705978
    outer loop
      vertex 17.4164 8.13518 128.538
      vertex 16.7334 8.16749 129.137
      vertex 17.2094 7.80224 128.538
    endloop
  endfacet
  facet normal 0.374013 0.601415 0.705984
    outer loop
      vertex 16.5073 10.8135 128.538
      vertex 16.2419 10.2754 129.137
      vertex 16.4749 10.1305 129.137
    endloop
  endfacet
  facet normal 0.484071 0.516945 0.706005
    outer loop
      vertex 16.8402 10.6065 128.538
      vertex 16.4749 10.1305 129.137
      vertex 17.1264 10.3385 128.538
    endloop
  endfacet
  facet normal 0.160806 -0.68972 0.705994
    outer loop
      vertex 16.0727 7.69406 129.137
      vertex 15.8054 7.63174 129.137
      vertex 16.2656 7.1259 128.538
    endloop
  endfacet
  facet normal -0.60138 0.374057 0.705991
    outer loop
      vertex 14.036 10.2373 128.538
      vertex 13.8289 9.90434 128.538
      vertex 14.512 9.87203 129.137
    endloop
  endfacet
  facet normal -0.373943 -0.601437 0.706003
    outer loop
      vertex 14.7704 7.90907 129.137
      vertex 14.7381 7.22601 128.538
      vertex 15.0035 7.76414 129.137
    endloop
  endfacet
  facet normal 0.373972 0.601427 0.705996
    outer loop
      vertex 16.5073 10.8135 128.538
      vertex 16.4749 10.1305 129.137
      vertex 16.8402 10.6065 128.538
    endloop
  endfacet
  facet normal -0.484113 -0.516951 0.705972
    outer loop
      vertex 14.7704 7.90907 129.137
      vertex 14.119 7.70107 128.538
      vertex 14.4052 7.43305 128.538
    endloop
  endfacet
  facet normal -0.115354 -0.698768 0.705986
    outer loop
      vertex 15.2603 7.66746 129.137
      vertex 15.105 7.08791 128.538
      vertex 15.4919 7.02404 128.538
    endloop
  endfacet
  facet normal -0.0232253 0.707855 0.705976
    outer loop
      vertex 15.7535 11.0155 128.538
      vertex 15.4399 10.4078 129.137
      vertex 15.7142 10.4168 129.137
    endloop
  endfacet
  facet normal 0.412506 -0.575691 0.705988
    outer loop
      vertex 16.5458 7.96718 129.137
      vertex 16.3227 7.80732 129.137
      vertex 16.6227 7.28771 128.538
    endloop
  endfacet
  facet normal -0.516874 0.484174 0.705987
    outer loop
      vertex 14.6996 10.0723 129.137
      vertex 14.304 10.5234 128.538
      vertex 14.512 9.87203 129.137
    endloop
  endfacet
  facet normal -0.292298 0.645115 0.705967
    outer loop
      vertex 14.9798 10.9136 128.538
      vertex 14.6227 10.7518 128.538
      vertex 15.1727 10.3455 129.137
    endloop
  endfacet
  facet normal -0.66281 0.249453 0.706014
    outer loop
      vertex 13.8289 9.90434 128.538
      vertex 13.6908 9.5374 128.538
      vertex 14.2704 9.38211 129.137
    endloop
  endfacet
  facet normal 0.516928 -0.484123 0.705982
    outer loop
      vertex 17.2094 7.80224 128.538
      vertex 16.7334 8.16749 129.137
      vertex 16.9414 7.51608 128.538
    endloop
  endfacet
  facet normal 0.0231732 -0.70784 0.705993
    outer loop
      vertex 15.5311 7.62276 129.137
      vertex 15.4919 7.02404 128.538
      vertex 15.8054 7.63174 129.137
    endloop
  endfacet
  facet normal 0.707853 0.0232244 0.705977
    outer loop
      vertex 17.6184 8.88895 128.538
      vertex 17.0107 9.2025 129.137
      vertex 17.0197 8.92819 129.137
    endloop
  endfacet
  facet normal 0.249435 0.662872 0.705962
    outer loop
      vertex 16.1403 10.9516 128.538
      vertex 15.985 10.3721 129.137
      vertex 16.5073 10.8135 128.538
    endloop
  endfacet
  facet normal 0.0231792 -0.707841 0.705991
    outer loop
      vertex 15.8054 7.63174 129.137
      vertex 15.4919 7.02404 128.538
      vertex 15.8837 7.03687 128.538
    endloop
  endfacet
  facet normal 0.516924 -0.484125 0.705983
    outer loop
      vertex 16.7334 8.16749 129.137
      vertex 16.5458 7.96718 129.137
      vertex 16.9414 7.51608 128.538
    endloop
  endfacet
  facet normal -0.484147 -0.516895 0.705989
    outer loop
      vertex 14.5701 8.09668 129.137
      vertex 14.119 7.70107 128.538
      vertex 14.7704 7.90907 129.137
    endloop
  endfacet
  facet normal -0.249529 -0.662795 0.706001
    outer loop
      vertex 15.0035 7.76414 129.137
      vertex 14.7381 7.22601 128.538
      vertex 15.2603 7.66746 129.137
    endloop
  endfacet
  facet normal -0.689713 -0.160765 0.70601
    outer loop
      vertex 14.2347 8.83702 129.137
      vertex 13.7288 8.37688 128.538
      vertex 14.297 8.56974 129.137
    endloop
  endfacet
  facet normal -0.662762 0.249519 0.706036
    outer loop
      vertex 14.3671 9.63896 129.137
      vertex 13.8289 9.90434 128.538
      vertex 14.2704 9.38211 129.137
    endloop
  endfacet
  facet normal 0 0 1
    outer loop
      vertex 17.0107 9.2025 129.137
      vertex 16.975 8.65741 129.137
      vertex 17.0197 8.92819 129.137
    endloop
  endfacet
  facet normal 0 0 1
    outer loop
      vertex 16.9484 9.46978 129.137
      vertex 16.975 8.65741 129.137
      vertex 17.0107 9.2025 129.137
    endloop
  endfacet
  facet normal 0 0 1
    outer loop
      vertex 16.9484 9.46978 129.137
      vertex 16.8783 8.40056 129.137
      vertex 16.975 8.65741 129.137
    endloop
  endfacet
  facet normal 0 0 1
    outer loop
      vertex 16.8351 9.71976 129.137
      vertex 16.8783 8.40056 129.137
      vertex 16.9484 9.46978 129.137
    endloop
  endfacet
  facet normal 0 0 1
    outer loop
      vertex 16.8351 9.71976 129.137
      vertex 16.7334 8.16749 129.137
      vertex 16.8783 8.40056 129.137
    endloop
  endfacet
  facet normal 0 0 1
    outer loop
      vertex 16.6753 9.94284 129.137
      vertex 16.7334 8.16749 129.137
      vertex 16.8351 9.71976 129.137
    endloop
  endfacet
  facet normal 0 0 1
    outer loop
      vertex 16.6753 9.94284 129.137
      vertex 16.5458 7.96718 129.137
      vertex 16.7334 8.16749 129.137
    endloop
  endfacet
  facet normal 0 0 1
    outer loop
      vertex 16.4749 10.1305 129.137
      vertex 16.5458 7.96718 129.137
      vertex 16.6753 9.94284 129.137
    endloop
  endfacet
  facet normal 0 0 1
    outer loop
      vertex 16.4749 10.1305 129.137
      vertex 16.3227 7.80732 129.137
      vertex 16.5458 7.96718 129.137
    endloop
  endfacet
  facet normal 0 0 1
    outer loop
      vertex 16.2419 10.2754 129.137
      vertex 16.3227 7.80732 129.137
      vertex 16.4749 10.1305 129.137
    endloop
  endfacet
  facet normal 0 0 1
    outer loop
      vertex 16.2419 10.2754 129.137
      vertex 16.0727 7.69406 129.137
      vertex 16.3227 7.80732 129.137
    endloop
  endfacet
  facet normal 0 0 1
    outer loop
      vertex 15.985 10.3721 129.137
      vertex 16.0727 7.69406 129.137
      vertex 16.2419 10.2754 129.137
    endloop
  endfacet
  facet normal 0 0 1
    outer loop
      vertex 15.985 10.3721 129.137
      vertex 15.8054 7.63174 129.137
      vertex 16.0727 7.69406 129.137
    endloop
  endfacet
  facet normal 0 0 1
    outer loop
      vertex 15.7142 10.4168 129.137
      vertex 15.8054 7.63174 129.137
      vertex 15.985 10.3721 129.137
    endloop
  endfacet
  facet normal 0 0 1
    outer loop
      vertex 15.7142 10.4168 129.137
      vertex 15.5311 7.62276 129.137
      vertex 15.8054 7.63174 129.137
    endloop
  endfacet
  facet normal -0 0 1
    outer loop
      vertex 15.4399 10.4078 129.137
      vertex 15.5311 7.62276 129.137
      vertex 15.7142 10.4168 129.137
    endloop
  endfacet
  facet normal 0 0 1
    outer loop
      vertex 15.4399 10.4078 129.137
      vertex 15.2603 7.66746 129.137
      vertex 15.5311 7.62276 129.137
    endloop
  endfacet
  facet normal -0 0 1
    outer loop
      vertex 15.1727 10.3455 129.137
      vertex 15.2603 7.66746 129.137
      vertex 15.4399 10.4078 129.137
    endloop
  endfacet
  facet normal 0 0 1
    outer loop
      vertex 15.1727 10.3455 129.137
      vertex 15.0035 7.76414 129.137
      vertex 15.2603 7.66746 129.137
    endloop
  endfacet
  facet normal -0 0 1
    outer loop
      vertex 14.9227 10.2322 129.137
      vertex 15.0035 7.76414 129.137
      vertex 15.1727 10.3455 129.137
    endloop
  endfacet
  facet normal 0 0 1
    outer loop
      vertex 14.9227 10.2322 129.137
      vertex 14.7704 7.90907 129.137
      vertex 15.0035 7.76414 129.137
    endloop
  endfacet
  facet normal -0 0 1
    outer loop
      vertex 14.6996 10.0723 129.137
      vertex 14.7704 7.90907 129.137
      vertex 14.9227 10.2322 129.137
    endloop
  endfacet
  facet normal 0 0 1
    outer loop
      vertex 14.6996 10.0723 129.137
      vertex 14.5701 8.09668 129.137
      vertex 14.7704 7.90907 129.137
    endloop
  endfacet
  facet normal -0 0 1
    outer loop
      vertex 14.512 9.87203 129.137
      vertex 14.5701 8.09668 129.137
      vertex 14.6996 10.0723 129.137
    endloop
  endfacet
  facet normal 0 0 1
    outer loop
      vertex 14.512 9.87203 129.137
      vertex 14.4102 8.31976 129.137
      vertex 14.5701 8.09668 129.137
    endloop
  endfacet
  facet normal -0 0 1
    outer loop
      vertex 14.3671 9.63896 129.137
      vertex 14.4102 8.31976 129.137
      vertex 14.512 9.87203 129.137
    endloop
  endfacet
  facet normal 0 0 1
    outer loop
      vertex 14.3671 9.63896 129.137
      vertex 14.297 8.56974 129.137
      vertex 14.4102 8.31976 129.137
    endloop
  endfacet
  facet normal -0 0 1
    outer loop
      vertex 14.2704 9.38211 129.137
      vertex 14.297 8.56974 129.137
      vertex 14.3671 9.63896 129.137
    endloop
  endfacet
  facet normal 0 0 1
    outer loop
      vertex 14.2704 9.38211 129.137
      vertex 14.2347 8.83702 129.137
      vertex 14.297 8.56974 129.137
    endloop
  endfacet
  facet normal 0 -0 1
    outer loop
      vertex 14.2347 8.83702 129.137
      vertex 14.2704 9.38211 129.137
      vertex 14.2257 9.11132 129.137
    endloop
  endfacet
  facet normal -0.115343 -0.698767 0.705989
    outer loop
      vertex 15.5311 7.62276 129.137
      vertex 15.2603 7.66746 129.137
      vertex 15.4919 7.02404 128.538
    endloop
  endfacet
  facet normal -0.575633 -0.412604 0.705977
    outer loop
      vertex 14.4102 8.31976 129.137
      vertex 13.8906 8.01976 128.538
      vertex 14.5701 8.09668 129.137
    endloop
  endfacet
  facet normal 0.64514 0.29226 0.705959
    outer loop
      vertex 17.3547 10.0198 128.538
      vertex 16.9484 9.46978 129.137
      vertex 17.5165 9.66264 128.538
    endloop
  endfacet
  facet normal 0.645055 0.292362 0.705995
    outer loop
      vertex 17.3547 10.0198 128.538
      vertex 16.8351 9.71976 129.137
      vertex 16.9484 9.46978 129.137
    endloop
  endfacet
  facet normal -0.292347 0.645073 0.705984
    outer loop
      vertex 15.1727 10.3455 129.137
      vertex 14.6227 10.7518 128.538
      vertex 14.9227 10.2322 129.137
    endloop
  endfacet
  facet normal 0.698774 -0.115353 0.705981
    outer loop
      vertex 17.0197 8.92819 129.137
      vertex 16.975 8.65741 129.137
      vertex 17.6184 8.88895 128.538
    endloop
  endfacet
  facet normal 0.689682 0.160937 0.706001
    outer loop
      vertex 17.5165 9.66264 128.538
      vertex 17.0107 9.2025 129.137
      vertex 17.6056 9.28081 128.538
    endloop
  endfacet
  facet normal -0.645171 -0.292157 0.705973
    outer loop
      vertex 14.297 8.56974 129.137
      vertex 13.8906 8.01976 128.538
      vertex 14.4102 8.31976 129.137
    endloop
  endfacet
  facet normal 0.484075 0.516938 0.706007
    outer loop
      vertex 17.1264 10.3385 128.538
      vertex 16.4749 10.1305 129.137
      vertex 16.6753 9.94284 129.137
    endloop
  endfacet
  facet normal -0.249486 -0.662827 0.705987
    outer loop
      vertex 15.2603 7.66746 129.137
      vertex 14.7381 7.22601 128.538
      vertex 15.105 7.08791 128.538
    endloop
  endfacet
  facet normal -0.374034 -0.60141 0.705978
    outer loop
      vertex 14.7704 7.90907 129.137
      vertex 14.4052 7.43305 128.538
      vertex 14.7381 7.22601 128.538
    endloop
  endfacet
  facet normal 0.707828 0.023121 0.706006
    outer loop
      vertex 17.6056 9.28081 128.538
      vertex 17.0107 9.2025 129.137
      vertex 17.6184 8.88895 128.538
    endloop
  endfacet
  facet normal -0.707854 -0.0232252 0.705977
    outer loop
      vertex 14.2257 9.11132 129.137
      vertex 13.627 9.15057 128.538
      vertex 14.2347 8.83702 129.137
    endloop
  endfacet
  facet normal 0.249496 0.662828 0.705983
    outer loop
      vertex 16.5073 10.8135 128.538
      vertex 15.985 10.3721 129.137
      vertex 16.2419 10.2754 129.137
    endloop
  endfacet
  facet normal 0.160792 -0.689727 0.70599
    outer loop
      vertex 16.2656 7.1259 128.538
      vertex 15.8054 7.63174 129.137
      vertex 15.8837 7.03687 128.538
    endloop
  endfacet
  facet normal 0.412518 -0.575687 0.705984
    outer loop
      vertex 16.9414 7.51608 128.538
      vertex 16.5458 7.96718 129.137
      vertex 16.6227 7.28771 128.538
    endloop
  endfacet
  facet normal -0.516874 0.484174 0.705987
    outer loop
      vertex 14.304 10.5234 128.538
      vertex 14.036 10.2373 128.538
      vertex 14.512 9.87203 129.137
    endloop
  endfacet
  facet normal 0.689769 0.160778 0.705952
    outer loop
      vertex 17.5165 9.66264 128.538
      vertex 16.9484 9.46978 129.137
      vertex 17.0107 9.2025 129.137
    endloop
  endfacet
  facet normal -0.412579 0.57565 0.705979
    outer loop
      vertex 14.9227 10.2322 129.137
      vertex 14.6227 10.7518 128.538
      vertex 14.6996 10.0723 129.137
    endloop
  endfacet
  facet normal -0.64508 -0.292266 0.706012
    outer loop
      vertex 14.297 8.56974 129.137
      vertex 13.7288 8.37688 128.538
      vertex 13.8906 8.01976 128.538
    endloop
  endfacet
  facet normal -0.698763 0.115247 0.706009
    outer loop
      vertex 13.6908 9.5374 128.538
      vertex 13.627 9.15057 128.538
      vertex 14.2704 9.38211 129.137
    endloop
  endfacet
  facet normal -0.698774 0.115348 0.705982
    outer loop
      vertex 14.2704 9.38211 129.137
      vertex 13.627 9.15057 128.538
      vertex 14.2257 9.11132 129.137
    endloop
  endfacet
  facet normal -0.707828 -0.023121 0.706006
    outer loop
      vertex 14.2347 8.83702 129.137
      vertex 13.627 9.15057 128.538
      vertex 13.6398 8.75871 128.538
    endloop
  endfacet
  facet normal 0.662862 -0.249472 0.705959
    outer loop
      vertex 17.5545 8.50212 128.538
      vertex 16.975 8.65741 129.137
      vertex 17.4164 8.13518 128.538
    endloop
  endfacet
  facet normal 0.698782 -0.115431 0.705959
    outer loop
      vertex 17.6184 8.88895 128.538
      vertex 16.975 8.65741 129.137
      vertex 17.5545 8.50212 128.538
    endloop
  endfacet
  facet normal -0.160789 0.689769 0.70595
    outer loop
      vertex 15.3616 11.0026 128.538
      vertex 14.9798 10.9136 128.538
      vertex 15.4399 10.4078 129.137
    endloop
  endfacet
  facet normal -0.0233007 0.707873 0.705955
    outer loop
      vertex 15.7535 11.0155 128.538
      vertex 15.3616 11.0026 128.538
      vertex 15.4399 10.4078 129.137
    endloop
  endfacet
  facet normal 0.2923 -0.645079 0.705998
    outer loop
      vertex 16.6227 7.28771 128.538
      vertex 16.0727 7.69406 129.137
      vertex 16.2656 7.1259 128.538
    endloop
  endfacet
  facet normal -0.601424 0.373906 0.706033
    outer loop
      vertex 14.512 9.87203 129.137
      vertex 13.8289 9.90434 128.538
      vertex 14.3671 9.63896 129.137
    endloop
  endfacet
  facet normal -0.160821 0.689751 0.70596
    outer loop
      vertex 15.4399 10.4078 129.137
      vertex 14.9798 10.9136 128.538
      vertex 15.1727 10.3455 129.137
    endloop
  endfacet
  facet normal 0.662813 -0.249539 0.705981
    outer loop
      vertex 16.975 8.65741 129.137
      vertex 16.8783 8.40056 129.137
      vertex 17.4164 8.13518 128.538
    endloop
  endfacet
  facet normal 0.601467 -0.373933 0.705983
    outer loop
      vertex 16.8783 8.40056 129.137
      vertex 16.7334 8.16749 129.137
      vertex 17.4164 8.13518 128.538
    endloop
  endfacet
  facet normal -0.0327288 -0.999464 0
    outer loop
      vertex -15.8837 7.03687 123.137
      vertex -15.4919 7.02404 128.538
      vertex -15.8837 7.03687 128.538
    endloop
  endfacet
  facet normal -0.0327288 -0.999464 -0
    outer loop
      vertex -15.4919 7.02404 128.538
      vertex -15.8837 7.03687 123.137
      vertex -15.4919 7.02404 123.137
    endloop
  endfacet
  facet normal -0.849243 -0.528003 0
    outer loop
      vertex -17.2094 7.80224 123.137
      vertex -17.4164 8.13518 128.538
      vertex -17.4164 8.13518 123.137
    endloop
  endfacet
  facet normal -0.849243 -0.528003 0
    outer loop
      vertex -17.4164 8.13518 128.538
      vertex -17.2094 7.80224 123.137
      vertex -17.2094 7.80224 128.538
    endloop
  endfacet
  facet normal -0.973838 0.227245 0
    outer loop
      vertex -17.6056 9.28081 123.137
      vertex -17.5165 9.66264 128.538
      vertex -17.5165 9.66264 123.137
    endloop
  endfacet
  facet normal -0.973838 0.227245 0
    outer loop
      vertex -17.5165 9.66264 128.538
      vertex -17.6056 9.28081 123.137
      vertex -17.6056 9.28081 128.538
    endloop
  endfacet
  facet normal -0.91089 0.41265 0
    outer loop
      vertex -17.5165 9.66264 123.137
      vertex -17.3547 10.0198 128.538
      vertex -17.3547 10.0198 123.137
    endloop
  endfacet
  facet normal -0.91089 0.41265 0
    outer loop
      vertex -17.3547 10.0198 128.538
      vertex -17.5165 9.66264 123.137
      vertex -17.5165 9.66264 128.538
    endloop
  endfacet
  facet normal -0.999467 0.0326473 0
    outer loop
      vertex -17.6184 8.88895 123.137
      vertex -17.6056 9.28081 128.538
      vertex -17.6056 9.28081 123.137
    endloop
  endfacet
  facet normal -0.999467 0.0326473 0
    outer loop
      vertex -17.6056 9.28081 128.538
      vertex -17.6184 8.88895 123.137
      vertex -17.6184 8.88895 128.538
    endloop
  endfacet
  facet normal -0.582466 -0.812855 0
    outer loop
      vertex -16.9414 7.51608 123.137
      vertex -16.6227 7.28771 128.538
      vertex -16.9414 7.51608 128.538
    endloop
  endfacet
  facet normal -0.582466 -0.812855 -0
    outer loop
      vertex -16.6227 7.28771 128.538
      vertex -16.9414 7.51608 123.137
      vertex -16.6227 7.28771 123.137
    endloop
  endfacet
  facet normal 0.412707 0.910864 -0
    outer loop
      vertex -14.6227 10.7518 123.137
      vertex -14.9798 10.9136 128.538
      vertex -14.6227 10.7518 128.538
    endloop
  endfacet
  facet normal 0.412707 0.910864 0
    outer loop
      vertex -14.9798 10.9136 128.538
      vertex -14.6227 10.7518 123.137
      vertex -14.9798 10.9136 123.137
    endloop
  endfacet
  facet normal -0.729887 -0.683568 0
    outer loop
      vertex -16.9414 7.51608 123.137
      vertex -17.2094 7.80224 128.538
      vertex -17.2094 7.80224 123.137
    endloop
  endfacet
  facet normal -0.729887 -0.683568 0
    outer loop
      vertex -17.2094 7.80224 128.538
      vertex -16.9414 7.51608 123.137
      vertex -16.9414 7.51608 128.538
    endloop
  endfacet
  facet normal -0.935911 -0.352236 0
    outer loop
      vertex -17.4164 8.13518 123.137
      vertex -17.5545 8.50212 128.538
      vertex -17.5545 8.50212 123.137
    endloop
  endfacet
  facet normal -0.935911 -0.352236 0
    outer loop
      vertex -17.5545 8.50212 128.538
      vertex -17.4164 8.13518 123.137
      vertex -17.4164 8.13518 128.538
    endloop
  endfacet
  facet normal -0.352185 0.93593 0
    outer loop
      vertex -16.1403 10.9516 123.137
      vertex -16.5073 10.8135 128.538
      vertex -16.1403 10.9516 128.538
    endloop
  endfacet
  facet normal -0.352185 0.93593 0
    outer loop
      vertex -16.5073 10.8135 128.538
      vertex -16.1403 10.9516 123.137
      vertex -16.5073 10.8135 123.137
    endloop
  endfacet
  facet normal 0.162877 -0.986646 0
    outer loop
      vertex -15.4919 7.02404 123.137
      vertex -15.105 7.08791 128.538
      vertex -15.4919 7.02404 128.538
    endloop
  endfacet
  facet normal 0.162877 -0.986646 0
    outer loop
      vertex -15.105 7.08791 128.538
      vertex -15.4919 7.02404 123.137
      vertex -15.105 7.08791 123.137
    endloop
  endfacet
  facet normal 0.0328987 0.999459 -0
    outer loop
      vertex -15.3616 11.0026 123.137
      vertex -15.7535 11.0155 128.538
      vertex -15.3616 11.0026 128.538
    endloop
  endfacet
  facet normal 0.0328987 0.999459 0
    outer loop
      vertex -15.7535 11.0155 128.538
      vertex -15.3616 11.0026 123.137
      vertex -15.7535 11.0155 123.137
    endloop
  endfacet
  facet normal 0.999467 -0.0326473 0
    outer loop
      vertex -13.6398 8.75871 128.538
      vertex -13.627 9.15057 123.137
      vertex -13.627 9.15057 128.538
    endloop
  endfacet
  facet normal 0.999467 -0.0326473 0
    outer loop
      vertex -13.627 9.15057 123.137
      vertex -13.6398 8.75871 128.538
      vertex -13.6398 8.75871 123.137
    endloop
  endfacet
  facet normal -0.81294 0.582348 0
    outer loop
      vertex -17.3547 10.0198 123.137
      vertex -17.1264 10.3385 128.538
      vertex -17.1264 10.3385 123.137
    endloop
  endfacet
  facet normal -0.81294 0.582348 0
    outer loop
      vertex -17.1264 10.3385 128.538
      vertex -17.3547 10.0198 123.137
      vertex -17.3547 10.0198 128.538
    endloop
  endfacet
  facet normal -0.227036 -0.973886 0
    outer loop
      vertex -16.2656 7.1259 123.137
      vertex -15.8837 7.03687 128.538
      vertex -16.2656 7.1259 128.538
    endloop
  endfacet
  facet normal -0.227036 -0.973886 -0
    outer loop
      vertex -15.8837 7.03687 128.538
      vertex -16.2656 7.1259 123.137
      vertex -15.8837 7.03687 123.137
    endloop
  endfacet
  facet normal 0.582516 0.812819 -0
    outer loop
      vertex -14.304 10.5234 123.137
      vertex -14.6227 10.7518 128.538
      vertex -14.304 10.5234 128.538
    endloop
  endfacet
  facet normal 0.582516 0.812819 0
    outer loop
      vertex -14.6227 10.7518 128.538
      vertex -14.304 10.5234 123.137
      vertex -14.6227 10.7518 123.137
    endloop
  endfacet
  facet normal 0.528122 -0.849168 0
    outer loop
      vertex -14.7381 7.22601 123.137
      vertex -14.4052 7.43305 128.538
      vertex -14.7381 7.22601 128.538
    endloop
  endfacet
  facet normal 0.528122 -0.849168 0
    outer loop
      vertex -14.4052 7.43305 128.538
      vertex -14.7381 7.22601 123.137
      vertex -14.4052 7.43305 123.137
    endloop
  endfacet
  facet normal 0.22702 0.97389 -0
    outer loop
      vertex -14.9798 10.9136 123.137
      vertex -15.3616 11.0026 128.538
      vertex -14.9798 10.9136 128.538
    endloop
  endfacet
  facet normal 0.22702 0.97389 0
    outer loop
      vertex -15.3616 11.0026 128.538
      vertex -14.9798 10.9136 123.137
      vertex -15.3616 11.0026 123.137
    endloop
  endfacet
  facet normal 0.729816 0.683644 0
    outer loop
      vertex -14.036 10.2373 128.538
      vertex -14.304 10.5234 123.137
      vertex -14.304 10.5234 128.538
    endloop
  endfacet
  facet normal 0.729816 0.683644 0
    outer loop
      vertex -14.304 10.5234 123.137
      vertex -14.036 10.2373 128.538
      vertex -14.036 10.2373 123.137
    endloop
  endfacet
  facet normal -0.683517 0.729935 0
    outer loop
      vertex -16.8402 10.6065 123.137
      vertex -17.1264 10.3385 128.538
      vertex -16.8402 10.6065 128.538
    endloop
  endfacet
  facet normal -0.683517 0.729935 0
    outer loop
      vertex -17.1264 10.3385 128.538
      vertex -16.8402 10.6065 123.137
      vertex -17.1264 10.3385 123.137
    endloop
  endfacet
  facet normal -0.986629 -0.16298 0
    outer loop
      vertex -17.5545 8.50212 123.137
      vertex -17.6184 8.88895 128.538
      vertex -17.6184 8.88895 123.137
    endloop
  endfacet
  facet normal -0.986629 -0.16298 0
    outer loop
      vertex -17.6184 8.88895 128.538
      vertex -17.5545 8.50212 123.137
      vertex -17.5545 8.50212 128.538
    endloop
  endfacet
  facet normal 0.81281 -0.582528 0
    outer loop
      vertex -14.119 7.70107 128.538
      vertex -13.8906 8.01976 123.137
      vertex -13.8906 8.01976 128.538
    endloop
  endfacet
  facet normal 0.81281 -0.582528 0
    outer loop
      vertex -13.8906 8.01976 123.137
      vertex -14.119 7.70107 128.538
      vertex -14.119 7.70107 123.137
    endloop
  endfacet
  facet normal -0.162992 0.986627 0
    outer loop
      vertex -15.7535 11.0155 123.137
      vertex -16.1403 10.9516 128.538
      vertex -15.7535 11.0155 128.538
    endloop
  endfacet
  facet normal -0.162992 0.986627 0
    outer loop
      vertex -16.1403 10.9516 128.538
      vertex -15.7535 11.0155 123.137
      vertex -16.1403 10.9516 123.137
    endloop
  endfacet
  facet normal 0.935911 0.352236 0
    outer loop
      vertex -13.6908 9.5374 128.538
      vertex -13.8289 9.90434 123.137
      vertex -13.8289 9.90434 128.538
    endloop
  endfacet
  facet normal 0.935911 0.352236 0
    outer loop
      vertex -13.8289 9.90434 123.137
      vertex -13.6908 9.5374 128.538
      vertex -13.6908 9.5374 123.137
    endloop
  endfacet
  facet normal -0.412728 -0.910854 0
    outer loop
      vertex -16.6227 7.28771 123.137
      vertex -16.2656 7.1259 128.538
      vertex -16.6227 7.28771 128.538
    endloop
  endfacet
  facet normal -0.412728 -0.910854 -0
    outer loop
      vertex -16.2656 7.1259 128.538
      vertex -16.6227 7.28771 123.137
      vertex -16.2656 7.1259 123.137
    endloop
  endfacet
  facet normal -0.528048 0.849214 0
    outer loop
      vertex -16.5073 10.8135 123.137
      vertex -16.8402 10.6065 128.538
      vertex -16.5073 10.8135 128.538
    endloop
  endfacet
  facet normal -0.528048 0.849214 0
    outer loop
      vertex -16.8402 10.6065 128.538
      vertex -16.5073 10.8135 123.137
      vertex -16.8402 10.6065 123.137
    endloop
  endfacet
  facet normal 0.973894 -0.227003 0
    outer loop
      vertex -13.7288 8.37688 128.538
      vertex -13.6398 8.75871 123.137
      vertex -13.6398 8.75871 128.538
    endloop
  endfacet
  facet normal 0.973894 -0.227003 0
    outer loop
      vertex -13.6398 8.75871 123.137
      vertex -13.7288 8.37688 128.538
      vertex -13.7288 8.37688 123.137
    endloop
  endfacet
  facet normal 0.910872 -0.412688 0
    outer loop
      vertex -13.8906 8.01976 128.538
      vertex -13.7288 8.37688 123.137
      vertex -13.7288 8.37688 128.538
    endloop
  endfacet
  facet normal 0.910872 -0.412688 0
    outer loop
      vertex -13.7288 8.37688 123.137
      vertex -13.8906 8.01976 128.538
      vertex -13.8906 8.01976 123.137
    endloop
  endfacet
  facet normal 0.98667 0.162732 0
    outer loop
      vertex -13.627 9.15057 128.538
      vertex -13.6908 9.5374 123.137
      vertex -13.6908 9.5374 128.538
    endloop
  endfacet
  facet normal 0.98667 0.162732 0
    outer loop
      vertex -13.6908 9.5374 123.137
      vertex -13.627 9.15057 128.538
      vertex -13.627 9.15057 123.137
    endloop
  endfacet
  facet normal 0.352269 -0.935899 0
    outer loop
      vertex -15.105 7.08791 123.137
      vertex -14.7381 7.22601 128.538
      vertex -15.105 7.08791 128.538
    endloop
  endfacet
  facet normal 0.352269 -0.935899 0
    outer loop
      vertex -14.7381 7.22601 128.538
      vertex -15.105 7.08791 123.137
      vertex -14.7381 7.22601 123.137
    endloop
  endfacet
  facet normal 0.683544 -0.729909 0
    outer loop
      vertex -14.4052 7.43305 123.137
      vertex -14.119 7.70107 128.538
      vertex -14.4052 7.43305 128.538
    endloop
  endfacet
  facet normal 0.683544 -0.729909 0
    outer loop
      vertex -14.119 7.70107 128.538
      vertex -14.4052 7.43305 123.137
      vertex -14.119 7.70107 123.137
    endloop
  endfacet
  facet normal 0.849143 0.528164 0
    outer loop
      vertex -13.8289 9.90434 128.538
      vertex -14.036 10.2373 123.137
      vertex -14.036 10.2373 128.538
    endloop
  endfacet
  facet normal 0.849143 0.528164 0
    outer loop
      vertex -14.036 10.2373 123.137
      vertex -13.8289 9.90434 128.538
      vertex -13.8289 9.90434 123.137
    endloop
  endfacet
  facet normal 0.412579 0.57565 0.705979
    outer loop
      vertex -14.6227 10.7518 128.538
      vertex -14.9227 10.2322 129.137
      vertex -14.6996 10.0723 129.137
    endloop
  endfacet
  facet normal -0.645055 0.292362 0.705995
    outer loop
      vertex -16.8351 9.71976 129.137
      vertex -17.3547 10.0198 128.538
      vertex -16.9484 9.46978 129.137
    endloop
  endfacet
  facet normal -0.64514 0.29226 0.705959
    outer loop
      vertex -17.3547 10.0198 128.538
      vertex -17.5165 9.66264 128.538
      vertex -16.9484 9.46978 129.137
    endloop
  endfacet
  facet normal -0.662862 -0.249472 0.705959
    outer loop
      vertex -16.975 8.65741 129.137
      vertex -17.5545 8.50212 128.538
      vertex -17.4164 8.13518 128.538
    endloop
  endfacet
  facet normal 0.484113 -0.516951 0.705972
    outer loop
      vertex -14.119 7.70107 128.538
      vertex -14.7704 7.90907 129.137
      vertex -14.4052 7.43305 128.538
    endloop
  endfacet
  facet normal -0.662813 -0.249539 0.705981
    outer loop
      vertex -16.975 8.65741 129.137
      vertex -17.4164 8.13518 128.538
      vertex -16.8783 8.40056 129.137
    endloop
  endfacet
  facet normal 0.64508 -0.292266 0.706012
    outer loop
      vertex -13.7288 8.37688 128.538
      vertex -14.297 8.56974 129.137
      vertex -13.8906 8.01976 128.538
    endloop
  endfacet
  facet normal -0.2923 -0.645079 0.705998
    outer loop
      vertex -16.0727 7.69406 129.137
      vertex -16.6227 7.28771 128.538
      vertex -16.2656 7.1259 128.538
    endloop
  endfacet
  facet normal 0.0233007 0.707873 0.705955
    outer loop
      vertex -15.3616 11.0026 128.538
      vertex -15.7535 11.0155 128.538
      vertex -15.4399 10.4078 129.137
    endloop
  endfacet
  facet normal -0.707853 0.0232244 0.705977
    outer loop
      vertex -17.0107 9.2025 129.137
      vertex -17.6184 8.88895 128.538
      vertex -17.0197 8.92819 129.137
    endloop
  endfacet
  facet normal -0.689682 0.160937 0.706001
    outer loop
      vertex -17.5165 9.66264 128.538
      vertex -17.6056 9.28081 128.538
      vertex -17.0107 9.2025 129.137
    endloop
  endfacet
  facet normal 0.516874 0.484174 0.705987
    outer loop
      vertex -14.304 10.5234 128.538
      vertex -14.6996 10.0723 129.137
      vertex -14.512 9.87203 129.137
    endloop
  endfacet
  facet normal -0.0231792 -0.707841 0.705991
    outer loop
      vertex -15.8054 7.63174 129.137
      vertex -15.8837 7.03687 128.538
      vertex -15.4919 7.02404 128.538
    endloop
  endfacet
  facet normal 0.707854 -0.0232252 0.705977
    outer loop
      vertex -14.2257 9.11132 129.137
      vertex -14.2347 8.83702 129.137
      vertex -13.627 9.15057 128.538
    endloop
  endfacet
  facet normal -0.707828 0.023121 0.706006
    outer loop
      vertex -17.6056 9.28081 128.538
      vertex -17.6184 8.88895 128.538
      vertex -17.0107 9.2025 129.137
    endloop
  endfacet
  facet normal 0.689714 -0.160764 0.70601
    outer loop
      vertex -13.6398 8.75871 128.538
      vertex -14.2347 8.83702 129.137
      vertex -13.7288 8.37688 128.538
    endloop
  endfacet
  facet normal 0.66281 0.249453 0.706014
    outer loop
      vertex -13.8289 9.90434 128.538
      vertex -14.2704 9.38211 129.137
      vertex -13.6908 9.5374 128.538
    endloop
  endfacet
  facet normal -0.601467 -0.373933 0.705983
    outer loop
      vertex -16.8783 8.40056 129.137
      vertex -17.4164 8.13518 128.538
      vertex -16.7334 8.16749 129.137
    endloop
  endfacet
  facet normal 0.292347 0.645073 0.705984
    outer loop
      vertex -14.6227 10.7518 128.538
      vertex -15.1727 10.3455 129.137
      vertex -14.9227 10.2322 129.137
    endloop
  endfacet
  facet normal -0.160806 -0.68972 0.705994
    outer loop
      vertex -16.0727 7.69406 129.137
      vertex -16.2656 7.1259 128.538
      vertex -15.8054 7.63174 129.137
    endloop
  endfacet
  facet normal -0.412518 -0.575687 0.705984
    outer loop
      vertex -16.5458 7.96718 129.137
      vertex -16.9414 7.51608 128.538
      vertex -16.6227 7.28771 128.538
    endloop
  endfacet
  facet normal 0.115354 -0.698768 0.705986
    outer loop
      vertex -15.2603 7.66746 129.137
      vertex -15.4919 7.02404 128.538
      vertex -15.105 7.08791 128.538
    endloop
  endfacet
  facet normal 0.160789 0.689769 0.70595
    outer loop
      vertex -15.3616 11.0026 128.538
      vertex -15.4399 10.4078 129.137
      vertex -14.9798 10.9136 128.538
    endloop
  endfacet
  facet normal 0.601424 0.373906 0.706033
    outer loop
      vertex -13.8289 9.90434 128.538
      vertex -14.512 9.87203 129.137
      vertex -14.3671 9.63896 129.137
    endloop
  endfacet
  facet normal -0.374013 0.601415 0.705984
    outer loop
      vertex -16.2419 10.2754 129.137
      vertex -16.5073 10.8135 128.538
      vertex -16.4749 10.1305 129.137
    endloop
  endfacet
  facet normal -0.698782 -0.115431 0.705959
    outer loop
      vertex -16.975 8.65741 129.137
      vertex -17.6184 8.88895 128.538
      vertex -17.5545 8.50212 128.538
    endloop
  endfacet
  facet normal 0.60138 0.374057 0.705991
    outer loop
      vertex -14.036 10.2373 128.538
      vertex -14.512 9.87203 129.137
      vertex -13.8289 9.90434 128.538
    endloop
  endfacet
  facet normal 0.160821 0.689751 0.70596
    outer loop
      vertex -14.9798 10.9136 128.538
      vertex -15.4399 10.4078 129.137
      vertex -15.1727 10.3455 129.137
    endloop
  endfacet
  facet normal 0.689713 -0.160765 0.70601
    outer loop
      vertex -14.2347 8.83702 129.137
      vertex -14.297 8.56974 129.137
      vertex -13.7288 8.37688 128.538
    endloop
  endfacet
  facet normal 0.698774 0.115348 0.705982
    outer loop
      vertex -13.627 9.15057 128.538
      vertex -14.2704 9.38211 129.137
      vertex -14.2257 9.11132 129.137
    endloop
  endfacet
  facet normal 0.484147 -0.516895 0.705989
    outer loop
      vertex -14.5701 8.09668 129.137
      vertex -14.7704 7.90907 129.137
      vertex -14.119 7.70107 128.538
    endloop
  endfacet
  facet normal 0.115343 -0.698767 0.705989
    outer loop
      vertex -15.2603 7.66746 129.137
      vertex -15.5311 7.62276 129.137
      vertex -15.4919 7.02404 128.538
    endloop
  endfacet
  facet normal 0 0 1
    outer loop
      vertex -14.2704 9.38211 129.137
      vertex -14.2347 8.83702 129.137
      vertex -14.2257 9.11132 129.137
    endloop
  endfacet
  facet normal 0 0 1
    outer loop
      vertex -14.2704 9.38211 129.137
      vertex -14.297 8.56974 129.137
      vertex -14.2347 8.83702 129.137
    endloop
  endfacet
  facet normal 0 0 1
    outer loop
      vertex -14.3671 9.63896 129.137
      vertex -14.297 8.56974 129.137
      vertex -14.2704 9.38211 129.137
    endloop
  endfacet
  facet normal 0 0 1
    outer loop
      vertex -14.3671 9.63896 129.137
      vertex -14.4102 8.31976 129.137
      vertex -14.297 8.56974 129.137
    endloop
  endfacet
  facet normal 0 0 1
    outer loop
      vertex -14.512 9.87203 129.137
      vertex -14.4102 8.31976 129.137
      vertex -14.3671 9.63896 129.137
    endloop
  endfacet
  facet normal 0 0 1
    outer loop
      vertex -14.512 9.87203 129.137
      vertex -14.5701 8.09668 129.137
      vertex -14.4102 8.31976 129.137
    endloop
  endfacet
  facet normal 0 0 1
    outer loop
      vertex -14.6996 10.0723 129.137
      vertex -14.5701 8.09668 129.137
      vertex -14.512 9.87203 129.137
    endloop
  endfacet
  facet normal 0 0 1
    outer loop
      vertex -14.6996 10.0723 129.137
      vertex -14.7704 7.90907 129.137
      vertex -14.5701 8.09668 129.137
    endloop
  endfacet
  facet normal 0 0 1
    outer loop
      vertex -14.9227 10.2322 129.137
      vertex -14.7704 7.90907 129.137
      vertex -14.6996 10.0723 129.137
    endloop
  endfacet
  facet normal 0 0 1
    outer loop
      vertex -14.9227 10.2322 129.137
      vertex -15.0035 7.76414 129.137
      vertex -14.7704 7.90907 129.137
    endloop
  endfacet
  facet normal 0 0 1
    outer loop
      vertex -15.1727 10.3455 129.137
      vertex -15.0035 7.76414 129.137
      vertex -14.9227 10.2322 129.137
    endloop
  endfacet
  facet normal 0 0 1
    outer loop
      vertex -15.1727 10.3455 129.137
      vertex -15.2603 7.66746 129.137
      vertex -15.0035 7.76414 129.137
    endloop
  endfacet
  facet normal 0 0 1
    outer loop
      vertex -15.4399 10.4078 129.137
      vertex -15.2603 7.66746 129.137
      vertex -15.1727 10.3455 129.137
    endloop
  endfacet
  facet normal 0 0 1
    outer loop
      vertex -15.4399 10.4078 129.137
      vertex -15.5311 7.62276 129.137
      vertex -15.2603 7.66746 129.137
    endloop
  endfacet
  facet normal 0 0 1
    outer loop
      vertex -15.7142 10.4168 129.137
      vertex -15.5311 7.62276 129.137
      vertex -15.4399 10.4078 129.137
    endloop
  endfacet
  facet normal 0 0 1
    outer loop
      vertex -15.7142 10.4168 129.137
      vertex -15.8054 7.63174 129.137
      vertex -15.5311 7.62276 129.137
    endloop
  endfacet
  facet normal -0 0 1
    outer loop
      vertex -15.985 10.3721 129.137
      vertex -15.8054 7.63174 129.137
      vertex -15.7142 10.4168 129.137
    endloop
  endfacet
  facet normal 0 0 1
    outer loop
      vertex -15.985 10.3721 129.137
      vertex -16.0727 7.69406 129.137
      vertex -15.8054 7.63174 129.137
    endloop
  endfacet
  facet normal -0 0 1
    outer loop
      vertex -16.2419 10.2754 129.137
      vertex -16.0727 7.69406 129.137
      vertex -15.985 10.3721 129.137
    endloop
  endfacet
  facet normal 0 0 1
    outer loop
      vertex -16.2419 10.2754 129.137
      vertex -16.3227 7.80732 129.137
      vertex -16.0727 7.69406 129.137
    endloop
  endfacet
  facet normal -0 0 1
    outer loop
      vertex -16.4749 10.1305 129.137
      vertex -16.3227 7.80732 129.137
      vertex -16.2419 10.2754 129.137
    endloop
  endfacet
  facet normal 0 0 1
    outer loop
      vertex -16.4749 10.1305 129.137
      vertex -16.5458 7.96718 129.137
      vertex -16.3227 7.80732 129.137
    endloop
  endfacet
  facet normal -0 0 1
    outer loop
      vertex -16.6753 9.94284 129.137
      vertex -16.5458 7.96718 129.137
      vertex -16.4749 10.1305 129.137
    endloop
  endfacet
  facet normal 0 0 1
    outer loop
      vertex -16.6753 9.94284 129.137
      vertex -16.7334 8.16749 129.137
      vertex -16.5458 7.96718 129.137
    endloop
  endfacet
  facet normal -0 0 1
    outer loop
      vertex -16.8351 9.71976 129.137
      vertex -16.7334 8.16749 129.137
      vertex -16.6753 9.94284 129.137
    endloop
  endfacet
  facet normal 0 0 1
    outer loop
      vertex -16.8351 9.71976 129.137
      vertex -16.8783 8.40056 129.137
      vertex -16.7334 8.16749 129.137
    endloop
  endfacet
  facet normal -0 0 1
    outer loop
      vertex -16.9484 9.46978 129.137
      vertex -16.8783 8.40056 129.137
      vertex -16.8351 9.71976 129.137
    endloop
  endfacet
  facet normal 0 0 1
    outer loop
      vertex -16.9484 9.46978 129.137
      vertex -16.975 8.65741 129.137
      vertex -16.8783 8.40056 129.137
    endloop
  endfacet
  facet normal -0 0 1
    outer loop
      vertex -17.0107 9.2025 129.137
      vertex -16.975 8.65741 129.137
      vertex -16.9484 9.46978 129.137
    endloop
  endfacet
  facet normal 0 0 1
    outer loop
      vertex -16.975 8.65741 129.137
      vertex -17.0107 9.2025 129.137
      vertex -17.0197 8.92819 129.137
    endloop
  endfacet
  facet normal 0.662762 0.249519 0.706036
    outer loop
      vertex -13.8289 9.90434 128.538
      vertex -14.3671 9.63896 129.137
      vertex -14.2704 9.38211 129.137
    endloop
  endfacet
  facet normal 0.645171 -0.292157 0.705973
    outer loop
      vertex -14.297 8.56974 129.137
      vertex -14.4102 8.31976 129.137
      vertex -13.8906 8.01976 128.538
    endloop
  endfacet
  facet normal -0.575734 0.412426 0.706
    outer loop
      vertex -17.1264 10.3385 128.538
      vertex -17.3547 10.0198 128.538
      vertex -16.6753 9.94284 129.137
    endloop
  endfacet
  facet normal -0.575736 0.41242 0.706001
    outer loop
      vertex -16.6753 9.94284 129.137
      vertex -17.3547 10.0198 128.538
      vertex -16.8351 9.71976 129.137
    endloop
  endfacet
  facet normal -0.412506 -0.575691 0.705988
    outer loop
      vertex -16.5458 7.96718 129.137
      vertex -16.6227 7.28771 128.538
      vertex -16.3227 7.80732 129.137
    endloop
  endfacet
  facet normal -0.249496 0.662828 0.705983
    outer loop
      vertex -15.985 10.3721 129.137
      vertex -16.5073 10.8135 128.538
      vertex -16.2419 10.2754 129.137
    endloop
  endfacet
  facet normal -0.484071 0.516945 0.706005
    outer loop
      vertex -16.8402 10.6065 128.538
      vertex -17.1264 10.3385 128.538
      vertex -16.4749 10.1305 129.137
    endloop
  endfacet
  facet normal 0.575633 -0.412604 0.705977
    outer loop
      vertex -14.4102 8.31976 129.137
      vertex -14.5701 8.09668 129.137
      vertex -13.8906 8.01976 128.538
    endloop
  endfacet
  facet normal -0.689769 0.160778 0.705952
    outer loop
      vertex -16.9484 9.46978 129.137
      vertex -17.5165 9.66264 128.538
      vertex -17.0107 9.2025 129.137
    endloop
  endfacet
  facet normal 0.698763 0.115247 0.706009
    outer loop
      vertex -13.6908 9.5374 128.538
      vertex -14.2704 9.38211 129.137
      vertex -13.627 9.15057 128.538
    endloop
  endfacet
  facet normal 0.707828 -0.023121 0.706006
    outer loop
      vertex -13.627 9.15057 128.538
      vertex -14.2347 8.83702 129.137
      vertex -13.6398 8.75871 128.538
    endloop
  endfacet
  facet normal -0.373972 0.601427 0.705996
    outer loop
      vertex -16.5073 10.8135 128.538
      vertex -16.8402 10.6065 128.538
      vertex -16.4749 10.1305 129.137
    endloop
  endfacet
  facet normal 0.373943 -0.601437 0.706003
    outer loop
      vertex -14.7704 7.90907 129.137
      vertex -15.0035 7.76414 129.137
      vertex -14.7381 7.22601 128.538
    endloop
  endfacet
  facet normal -0.698774 -0.115353 0.705981
    outer loop
      vertex -17.0197 8.92819 129.137
      vertex -17.6184 8.88895 128.538
      vertex -16.975 8.65741 129.137
    endloop
  endfacet
  facet normal 0.516874 0.484174 0.705987
    outer loop
      vertex -14.304 10.5234 128.538
      vertex -14.512 9.87203 129.137
      vertex -14.036 10.2373 128.538
    endloop
  endfacet
  facet normal 0.292298 0.645115 0.705967
    outer loop
      vertex -14.9798 10.9136 128.538
      vertex -15.1727 10.3455 129.137
      vertex -14.6227 10.7518 128.538
    endloop
  endfacet
  facet normal -0.160792 -0.689727 0.70599
    outer loop
      vertex -15.8054 7.63174 129.137
      vertex -16.2656 7.1259 128.538
      vertex -15.8837 7.03687 128.538
    endloop
  endfacet
  facet normal -0.484075 0.516938 0.706007
    outer loop
      vertex -16.4749 10.1305 129.137
      vertex -17.1264 10.3385 128.538
      vertex -16.6753 9.94284 129.137
    endloop
  endfacet
  facet normal -0.292261 -0.645112 0.705985
    outer loop
      vertex -16.3227 7.80732 129.137
      vertex -16.6227 7.28771 128.538
      vertex -16.0727 7.69406 129.137
    endloop
  endfacet
  facet normal 0.57565 -0.412559 0.70599
    outer loop
      vertex -13.8906 8.01976 128.538
      vertex -14.5701 8.09668 129.137
      vertex -14.119 7.70107 128.538
    endloop
  endfacet
  facet normal 0.249486 -0.662827 0.705987
    outer loop
      vertex -14.7381 7.22601 128.538
      vertex -15.2603 7.66746 129.137
      vertex -15.105 7.08791 128.538
    endloop
  endfacet
  facet normal 0.249529 -0.662795 0.706001
    outer loop
      vertex -15.0035 7.76414 129.137
      vertex -15.2603 7.66746 129.137
      vertex -14.7381 7.22601 128.538
    endloop
  endfacet
  facet normal 0.374034 -0.60141 0.705978
    outer loop
      vertex -14.4052 7.43305 128.538
      vertex -14.7704 7.90907 129.137
      vertex -14.7381 7.22601 128.538
    endloop
  endfacet
  facet normal -0.11544 0.69878 0.705961
    outer loop
      vertex -15.7535 11.0155 128.538
      vertex -16.1403 10.9516 128.538
      vertex -15.985 10.3721 129.137
    endloop
  endfacet
  facet normal -0.249435 0.662872 0.705962
    outer loop
      vertex -16.1403 10.9516 128.538
      vertex -16.5073 10.8135 128.538
      vertex -15.985 10.3721 129.137
    endloop
  endfacet
  facet normal -0.516928 -0.484123 0.705982
    outer loop
      vertex -16.7334 8.16749 129.137
      vertex -17.2094 7.80224 128.538
      vertex -16.9414 7.51608 128.538
    endloop
  endfacet
  facet normal -0.601462 -0.373949 0.705978
    outer loop
      vertex -16.7334 8.16749 129.137
      vertex -17.4164 8.13518 128.538
      vertex -17.2094 7.80224 128.538
    endloop
  endfacet
  facet normal 0.412553 0.575659 0.705986
    outer loop
      vertex -14.6227 10.7518 128.538
      vertex -14.6996 10.0723 129.137
      vertex -14.304 10.5234 128.538
    endloop
  endfacet
  facet normal -0.0231732 -0.70784 0.705993
    outer loop
      vertex -15.5311 7.62276 129.137
      vertex -15.8054 7.63174 129.137
      vertex -15.4919 7.02404 128.538
    endloop
  endfacet
  facet normal -0.516924 -0.484125 0.705983
    outer loop
      vertex -16.7334 8.16749 129.137
      vertex -16.9414 7.51608 128.538
      vertex -16.5458 7.96718 129.137
    endloop
  endfacet
  facet normal -0.115343 0.698769 0.705987
    outer loop
      vertex -15.7535 11.0155 128.538
      vertex -15.985 10.3721 129.137
      vertex -15.7142 10.4168 129.137
    endloop
  endfacet
  facet normal 0.0232253 0.707855 0.705976
    outer loop
      vertex -15.4399 10.4078 129.137
      vertex -15.7535 11.0155 128.538
      vertex -15.7142 10.4168 129.137
    endloop
  endfacet
  facet normal 0.881936 0.471369 0
    outer loop
      vertex 1.84776 -17.2742 128.538
      vertex 1.66294 -16.9284 123.137
      vertex 1.66294 -16.9284 128.538
    endloop
  endfacet
  facet normal 0.881936 0.471369 0
    outer loop
      vertex 1.66294 -16.9284 123.137
      vertex 1.84776 -17.2742 128.538
      vertex 1.84776 -17.2742 123.137
    endloop
  endfacet
  facet normal 0.881936 -0.471369 0
    outer loop
      vertex 1.66294 -19.1507 128.538
      vertex 1.84776 -18.8049 123.137
      vertex 1.84776 -18.8049 128.538
    endloop
  endfacet
  facet normal 0.881936 -0.471369 0
    outer loop
      vertex 1.84776 -18.8049 123.137
      vertex 1.66294 -19.1507 128.538
      vertex 1.66294 -19.1507 123.137
    endloop
  endfacet
  facet normal 0.290258 -0.956948 0
    outer loop
      vertex 0.390181 -20.0011 123.137
      vertex 0.765367 -19.8873 128.538
      vertex 0.390181 -20.0011 128.538
    endloop
  endfacet
  facet normal 0.290258 -0.956948 0
    outer loop
      vertex 0.765367 -19.8873 128.538
      vertex 0.390181 -20.0011 123.137
      vertex 0.765367 -19.8873 123.137
    endloop
  endfacet
  facet normal 0.0979427 -0.995192 0
    outer loop
      vertex 0 -20.0395 123.137
      vertex 0.390181 -20.0011 128.538
      vertex 0 -20.0395 128.538
    endloop
  endfacet
  facet normal 0.0979427 -0.995192 0
    outer loop
      vertex 0.390181 -20.0011 128.538
      vertex 0 -20.0395 123.137
      vertex 0.390181 -20.0011 123.137
    endloop
  endfacet
  facet normal 0.471358 -0.881942 0
    outer loop
      vertex 0.765367 -19.8873 123.137
      vertex 1.11114 -19.7025 128.538
      vertex 0.765367 -19.8873 128.538
    endloop
  endfacet
  facet normal 0.471358 -0.881942 0
    outer loop
      vertex 1.11114 -19.7025 128.538
      vertex 0.765367 -19.8873 123.137
      vertex 1.11114 -19.7025 123.137
    endloop
  endfacet
  facet normal 0.995185 -0.0980137 0
    outer loop
      vertex 1.96157 -18.4297 128.538
      vertex 2 -18.0395 123.137
      vertex 2 -18.0395 128.538
    endloop
  endfacet
  facet normal 0.995185 -0.0980137 0
    outer loop
      vertex 2 -18.0395 123.137
      vertex 1.96157 -18.4297 128.538
      vertex 1.96157 -18.4297 123.137
    endloop
  endfacet
  facet normal -0.995185 -0.0980137 0
    outer loop
      vertex -1.96157 -18.4297 123.137
      vertex -2 -18.0395 128.538
      vertex -2 -18.0395 123.137
    endloop
  endfacet
  facet normal -0.995185 -0.0980137 0
    outer loop
      vertex -2 -18.0395 128.538
      vertex -1.96157 -18.4297 123.137
      vertex -1.96157 -18.4297 128.538
    endloop
  endfacet
  facet normal 0.956944 -0.290271 0
    outer loop
      vertex 1.84776 -18.8049 128.538
      vertex 1.96157 -18.4297 123.137
      vertex 1.96157 -18.4297 128.538
    endloop
  endfacet
  facet normal 0.956944 -0.290271 0
    outer loop
      vertex 1.96157 -18.4297 123.137
      vertex 1.84776 -18.8049 128.538
      vertex 1.84776 -18.8049 123.137
    endloop
  endfacet
  facet normal 0.77293 -0.634491 0
    outer loop
      vertex 1.41421 -19.4537 128.538
      vertex 1.66294 -19.1507 123.137
      vertex 1.66294 -19.1507 128.538
    endloop
  endfacet
  facet normal 0.77293 -0.634491 0
    outer loop
      vertex 1.66294 -19.1507 123.137
      vertex 1.41421 -19.4537 128.538
      vertex 1.41421 -19.4537 123.137
    endloop
  endfacet
  facet normal -0.63451 -0.772914 0
    outer loop
      vertex -1.41421 -19.4537 123.137
      vertex -1.11114 -19.7025 128.538
      vertex -1.41421 -19.4537 128.538
    endloop
  endfacet
  facet normal -0.63451 -0.772914 -0
    outer loop
      vertex -1.11114 -19.7025 128.538
      vertex -1.41421 -19.4537 123.137
      vertex -1.11114 -19.7025 123.137
    endloop
  endfacet
  facet normal 0.773033 0.634366 0
    outer loop
      vertex 1.66294 -16.9284 128.538
      vertex 1.41421 -16.6253 123.137
      vertex 1.41421 -16.6253 128.538
    endloop
  endfacet
  facet normal 0.773033 0.634366 0
    outer loop
      vertex 1.41421 -16.6253 123.137
      vertex 1.66294 -16.9284 128.538
      vertex 1.66294 -16.9284 123.137
    endloop
  endfacet
  facet normal -0.881936 -0.471369 0
    outer loop
      vertex -1.66294 -19.1507 123.137
      vertex -1.84776 -18.8049 128.538
      vertex -1.84776 -18.8049 123.137
    endloop
  endfacet
  facet normal -0.881936 -0.471369 0
    outer loop
      vertex -1.84776 -18.8049 128.538
      vertex -1.66294 -19.1507 123.137
      vertex -1.66294 -19.1507 128.538
    endloop
  endfacet
  facet normal -0.471358 0.881942 0
    outer loop
      vertex -0.765367 -16.1918 123.137
      vertex -1.11114 -16.3766 128.538
      vertex -0.765367 -16.1918 128.538
    endloop
  endfacet
  facet normal -0.471358 0.881942 0
    outer loop
      vertex -1.11114 -16.3766 128.538
      vertex -0.765367 -16.1918 123.137
      vertex -1.11114 -16.3766 123.137
    endloop
  endfacet
  facet normal -0.0979427 -0.995192 0
    outer loop
      vertex -0.390181 -20.0011 123.137
      vertex 0 -20.0395 128.538
      vertex -0.390181 -20.0011 128.538
    endloop
  endfacet
  facet normal -0.0979427 -0.995192 -0
    outer loop
      vertex 0 -20.0395 128.538
      vertex -0.390181 -20.0011 123.137
      vertex 0 -20.0395 123.137
    endloop
  endfacet
  facet normal 0.956923 0.290342 0
    outer loop
      vertex 1.96157 -17.6493 128.538
      vertex 1.84776 -17.2742 123.137
      vertex 1.84776 -17.2742 128.538
    endloop
  endfacet
  facet normal 0.956923 0.290342 0
    outer loop
      vertex 1.84776 -17.2742 123.137
      vertex 1.96157 -17.6493 128.538
      vertex 1.96157 -17.6493 123.137
    endloop
  endfacet
  facet normal -0.995185 0.0980137 0
    outer loop
      vertex -2 -18.0395 123.137
      vertex -1.96157 -17.6493 128.538
      vertex -1.96157 -17.6493 123.137
    endloop
  endfacet
  facet normal -0.995185 0.0980137 0
    outer loop
      vertex -1.96157 -17.6493 128.538
      vertex -2 -18.0395 123.137
      vertex -2 -18.0395 128.538
    endloop
  endfacet
  facet normal 0.471358 0.881942 -0
    outer loop
      vertex 1.11114 -16.3766 123.137
      vertex 0.765367 -16.1918 128.538
      vertex 1.11114 -16.3766 128.538
    endloop
  endfacet
  facet normal 0.471358 0.881942 0
    outer loop
      vertex 0.765367 -16.1918 128.538
      vertex 1.11114 -16.3766 123.137
      vertex 0.765367 -16.1918 123.137
    endloop
  endfacet
  facet normal -0.956944 -0.290271 0
    outer loop
      vertex -1.84776 -18.8049 123.137
      vertex -1.96157 -18.4297 128.538
      vertex -1.96157 -18.4297 123.137
    endloop
  endfacet
  facet normal -0.956944 -0.290271 0
    outer loop
      vertex -1.96157 -18.4297 128.538
      vertex -1.84776 -18.8049 123.137
      vertex -1.84776 -18.8049 128.538
    endloop
  endfacet
  facet normal -0.956923 0.290342 0
    outer loop
      vertex -1.96157 -17.6493 123.137
      vertex -1.84776 -17.2742 128.538
      vertex -1.84776 -17.2742 123.137
    endloop
  endfacet
  facet normal -0.956923 0.290342 0
    outer loop
      vertex -1.84776 -17.2742 128.538
      vertex -1.96157 -17.6493 123.137
      vertex -1.96157 -17.6493 128.538
    endloop
  endfacet
  facet normal -0.290258 -0.956948 0
    outer loop
      vertex -0.765367 -19.8873 123.137
      vertex -0.390181 -20.0011 128.538
      vertex -0.765367 -19.8873 128.538
    endloop
  endfacet
  facet normal -0.290258 -0.956948 -0
    outer loop
      vertex -0.390181 -20.0011 128.538
      vertex -0.765367 -19.8873 123.137
      vertex -0.390181 -20.0011 123.137
    endloop
  endfacet
  facet normal 0.63451 -0.772914 0
    outer loop
      vertex 1.11114 -19.7025 123.137
      vertex 1.41421 -19.4537 128.538
      vertex 1.11114 -19.7025 128.538
    endloop
  endfacet
  facet normal 0.63451 -0.772914 0
    outer loop
      vertex 1.41421 -19.4537 128.538
      vertex 1.11114 -19.7025 123.137
      vertex 1.41421 -19.4537 123.137
    endloop
  endfacet
  facet normal 0.0979427 0.995192 -0
    outer loop
      vertex 0.390181 -16.0779 123.137
      vertex 0 -16.0395 128.538
      vertex 0.390181 -16.0779 128.538
    endloop
  endfacet
  facet normal 0.0979427 0.995192 0
    outer loop
      vertex 0 -16.0395 128.538
      vertex 0.390181 -16.0779 123.137
      vertex 0 -16.0395 123.137
    endloop
  endfacet
  facet normal -0.77293 -0.634491 0
    outer loop
      vertex -1.41421 -19.4537 123.137
      vertex -1.66294 -19.1507 128.538
      vertex -1.66294 -19.1507 123.137
    endloop
  endfacet
  facet normal -0.77293 -0.634491 0
    outer loop
      vertex -1.66294 -19.1507 128.538
      vertex -1.41421 -19.4537 123.137
      vertex -1.41421 -19.4537 128.538
    endloop
  endfacet
  facet normal -0.773033 0.634366 0
    outer loop
      vertex -1.66294 -16.9284 123.137
      vertex -1.41421 -16.6253 128.538
      vertex -1.41421 -16.6253 123.137
    endloop
  endfacet
  facet normal -0.773033 0.634366 0
    outer loop
      vertex -1.41421 -16.6253 128.538
      vertex -1.66294 -16.9284 123.137
      vertex -1.66294 -16.9284 128.538
    endloop
  endfacet
  facet normal 0.995185 0.0980137 0
    outer loop
      vertex 2 -18.0395 128.538
      vertex 1.96157 -17.6493 123.137
      vertex 1.96157 -17.6493 128.538
    endloop
  endfacet
  facet normal 0.995185 0.0980137 0
    outer loop
      vertex 1.96157 -17.6493 123.137
      vertex 2 -18.0395 128.538
      vertex 2 -18.0395 123.137
    endloop
  endfacet
  facet normal -0.471358 -0.881942 0
    outer loop
      vertex -1.11114 -19.7025 123.137
      vertex -0.765367 -19.8873 128.538
      vertex -1.11114 -19.7025 128.538
    endloop
  endfacet
  facet normal -0.471358 -0.881942 -0
    outer loop
      vertex -0.765367 -19.8873 128.538
      vertex -1.11114 -19.7025 123.137
      vertex -0.765367 -19.8873 123.137
    endloop
  endfacet
  facet normal -0.290492 0.956878 0
    outer loop
      vertex -0.390181 -16.0779 123.137
      vertex -0.765367 -16.1918 128.538
      vertex -0.390181 -16.0779 128.538
    endloop
  endfacet
  facet normal -0.290492 0.956878 0
    outer loop
      vertex -0.765367 -16.1918 128.538
      vertex -0.390181 -16.0779 123.137
      vertex -0.765367 -16.1918 123.137
    endloop
  endfacet
  facet normal -0.0979427 0.995192 0
    outer loop
      vertex 0 -16.0395 123.137
      vertex -0.390181 -16.0779 128.538
      vertex 0 -16.0395 128.538
    endloop
  endfacet
  facet normal -0.0979427 0.995192 0
    outer loop
      vertex -0.390181 -16.0779 128.538
      vertex 0 -16.0395 123.137
      vertex -0.390181 -16.0779 123.137
    endloop
  endfacet
  facet normal -0.634358 0.773039 0
    outer loop
      vertex -1.11114 -16.3766 123.137
      vertex -1.41421 -16.6253 128.538
      vertex -1.11114 -16.3766 128.538
    endloop
  endfacet
  facet normal -0.634358 0.773039 0
    outer loop
      vertex -1.41421 -16.6253 128.538
      vertex -1.11114 -16.3766 123.137
      vertex -1.41421 -16.6253 123.137
    endloop
  endfacet
  facet normal 0.634358 0.773039 -0
    outer loop
      vertex 1.41421 -16.6253 123.137
      vertex 1.11114 -16.3766 128.538
      vertex 1.41421 -16.6253 128.538
    endloop
  endfacet
  facet normal 0.634358 0.773039 0
    outer loop
      vertex 1.11114 -16.3766 128.538
      vertex 1.41421 -16.6253 123.137
      vertex 1.11114 -16.3766 123.137
    endloop
  endfacet
  facet normal 0.290492 0.956878 -0
    outer loop
      vertex 0.765367 -16.1918 123.137
      vertex 0.390181 -16.0779 128.538
      vertex 0.765367 -16.1918 128.538
    endloop
  endfacet
  facet normal 0.290492 0.956878 0
    outer loop
      vertex 0.390181 -16.0779 128.538
      vertex 0.765367 -16.1918 123.137
      vertex 0.390181 -16.0779 123.137
    endloop
  endfacet
  facet normal -0.881936 0.471369 0
    outer loop
      vertex -1.84776 -17.2742 123.137
      vertex -1.66294 -16.9284 128.538
      vertex -1.66294 -16.9284 123.137
    endloop
  endfacet
  facet normal -0.881936 0.471369 0
    outer loop
      vertex -1.66294 -16.9284 128.538
      vertex -1.84776 -17.2742 123.137
      vertex -1.84776 -17.2742 128.538
    endloop
  endfacet
  facet normal -0.704812 0.0694231 0.705989
    outer loop
      vertex -1.3731 -17.7664 129.137
      vertex -2 -18.0395 128.538
      vertex -1.4 -18.0395 129.137
    endloop
  endfacet
  facet normal 0.0694165 -0.704813 0.705989
    outer loop
      vertex 0 -19.4395 129.137
      vertex 0 -20.0395 128.538
      vertex 0.273126 -19.4126 129.137
    endloop
  endfacet
  facet normal 0.0693638 -0.704803 0.706004
    outer loop
      vertex 0.273126 -19.4126 129.137
      vertex 0 -20.0395 128.538
      vertex 0.390181 -20.0011 128.538
    endloop
  endfacet
  facet normal 0.547423 -0.449375 0.705968
    outer loop
      vertex 1.66294 -19.1507 128.538
      vertex 0.989949 -19.0295 129.137
      vertex 1.41421 -19.4537 128.538
    endloop
  endfacet
  facet normal 0.205735 0.67769 0.705981
    outer loop
      vertex 0.765367 -16.1918 128.538
      vertex 0.390181 -16.0779 128.538
      vertex 0.535756 -16.7461 129.137
    endloop
  endfacet
  facet normal 0.547491 -0.449219 0.706014
    outer loop
      vertex 1.16406 -18.8173 129.137
      vertex 0.989949 -19.0295 129.137
      vertex 1.66294 -19.1507 128.538
    endloop
  endfacet
  facet normal -0.0693638 0.704803 0.706004
    outer loop
      vertex 0 -16.0395 128.538
      vertex -0.390181 -16.0779 128.538
      vertex -0.273126 -16.6664 129.137
    endloop
  endfacet
  facet normal 0.704811 0.0694154 0.705991
    outer loop
      vertex 1.96157 -17.6493 128.538
      vertex 1.3731 -17.7664 129.137
      vertex 2 -18.0395 128.538
    endloop
  endfacet
  facet normal -0.624608 -0.333835 0.705989
    outer loop
      vertex -1.29343 -18.5753 129.137
      vertex -1.84776 -18.8049 128.538
      vertex -1.66294 -19.1507 128.538
    endloop
  endfacet
  facet normal 0.3339 -0.624558 0.706001
    outer loop
      vertex 0.777798 -19.2036 129.137
      vertex 0.535756 -19.333 129.137
      vertex 1.11114 -19.7025 128.538
    endloop
  endfacet
  facet normal 0.205572 -0.677748 0.705973
    outer loop
      vertex 0.535756 -19.333 129.137
      vertex 0.390181 -20.0011 128.538
      vertex 0.765367 -19.8873 128.538
    endloop
  endfacet
  facet normal -0.677713 0.205611 0.705995
    outer loop
      vertex -1.29343 -17.5038 129.137
      vertex -1.96157 -17.6493 128.538
      vertex -1.3731 -17.7664 129.137
    endloop
  endfacet
  facet normal 0.624608 0.333835 0.705989
    outer loop
      vertex 1.66294 -16.9284 128.538
      vertex 1.29343 -17.5038 129.137
      vertex 1.84776 -17.2742 128.538
    endloop
  endfacet
  facet normal -0.3339 0.624558 0.706001
    outer loop
      vertex -0.535756 -16.7461 129.137
      vertex -1.11114 -16.3766 128.538
      vertex -0.777798 -16.8755 129.137
    endloop
  endfacet
  facet normal 0.333832 -0.624623 0.705976
    outer loop
      vertex 1.11114 -19.7025 128.538
      vertex 0.535756 -19.333 129.137
      vertex 0.765367 -19.8873 128.538
    endloop
  endfacet
  facet normal -0.205735 0.67769 0.705981
    outer loop
      vertex -0.390181 -16.0779 128.538
      vertex -0.765367 -16.1918 128.538
      vertex -0.535756 -16.7461 129.137
    endloop
  endfacet
  facet normal -0.547471 0.449266 0.706
    outer loop
      vertex -1.41421 -16.6253 128.538
      vertex -1.66294 -16.9284 128.538
      vertex -0.989949 -17.0496 129.137
    endloop
  endfacet
  facet normal 0.624562 -0.333882 0.706006
    outer loop
      vertex 1.29343 -18.5753 129.137
      vertex 1.16406 -18.8173 129.137
      vertex 1.66294 -19.1507 128.538
    endloop
  endfacet
  facet normal -0.704812 -0.0694231 0.705989
    outer loop
      vertex -1.4 -18.0395 129.137
      vertex -2 -18.0395 128.538
      vertex -1.3731 -18.3126 129.137
    endloop
  endfacet
  facet normal 0.677713 0.205611 0.705995
    outer loop
      vertex 1.96157 -17.6493 128.538
      vertex 1.29343 -17.5038 129.137
      vertex 1.3731 -17.7664 129.137
    endloop
  endfacet
  facet normal 0.704811 -0.0694154 0.705991
    outer loop
      vertex 2 -18.0395 128.538
      vertex 1.3731 -18.3126 129.137
      vertex 1.96157 -18.4297 128.538
    endloop
  endfacet
  facet normal 0.547471 0.449266 0.706
    outer loop
      vertex 1.41421 -16.6253 128.538
      vertex 0.989949 -17.0496 129.137
      vertex 1.66294 -16.9284 128.538
    endloop
  endfacet
  facet normal -0.677731 -0.205577 0.705988
    outer loop
      vertex -1.29343 -18.5753 129.137
      vertex -1.96157 -18.4297 128.538
      vertex -1.84776 -18.8049 128.538
    endloop
  endfacet
  facet normal -0.624649 0.333791 0.705972
    outer loop
      vertex -1.16406 -17.2617 129.137
      vertex -1.66294 -16.9284 128.538
      vertex -1.29343 -17.5038 129.137
    endloop
  endfacet
  facet normal -0.3339 -0.624558 0.706001
    outer loop
      vertex -0.777798 -19.2036 129.137
      vertex -1.11114 -19.7025 128.538
      vertex -0.535756 -19.333 129.137
    endloop
  endfacet
  facet normal 0.449391 -0.547415 0.705964
    outer loop
      vertex 1.41421 -19.4537 128.538
      vertex 0.989949 -19.0295 129.137
      vertex 1.11114 -19.7025 128.538
    endloop
  endfacet
  facet normal -0.624608 0.333835 0.705989
    outer loop
      vertex -1.66294 -16.9284 128.538
      vertex -1.84776 -17.2742 128.538
      vertex -1.29343 -17.5038 129.137
    endloop
  endfacet
  facet normal -0.677732 -0.205538 0.705999
    outer loop
      vertex -1.3731 -18.3126 129.137
      vertex -1.96157 -18.4297 128.538
      vertex -1.29343 -18.5753 129.137
    endloop
  endfacet
  facet normal -0.205658 0.677692 0.706002
    outer loop
      vertex -0.390181 -16.0779 128.538
      vertex -0.535756 -16.7461 129.137
      vertex -0.273126 -16.6664 129.137
    endloop
  endfacet
  facet normal -0.449274 0.547466 0.705998
    outer loop
      vertex -0.777798 -16.8755 129.137
      vertex -1.11114 -16.3766 128.538
      vertex -0.989949 -17.0496 129.137
    endloop
  endfacet
  facet normal 0.205658 0.677692 0.706002
    outer loop
      vertex 0.390181 -16.0779 128.538
      vertex 0.273126 -16.6664 129.137
      vertex 0.535756 -16.7461 129.137
    endloop
  endfacet
  facet normal 0.547423 0.449375 0.705968
    outer loop
      vertex 1.66294 -16.9284 128.538
      vertex 0.989949 -17.0496 129.137
      vertex 1.16406 -17.2617 129.137
    endloop
  endfacet
  facet normal 0 0 1
    outer loop
      vertex 1.3731 -17.7664 129.137
      vertex 1.3731 -18.3126 129.137
      vertex 1.4 -18.0395 129.137
    endloop
  endfacet
  facet normal 0 0 1
    outer loop
      vertex 1.29343 -17.5038 129.137
      vertex 1.3731 -18.3126 129.137
      vertex 1.3731 -17.7664 129.137
    endloop
  endfacet
  facet normal 0 0 1
    outer loop
      vertex 1.29343 -17.5038 129.137
      vertex 1.29343 -18.5753 129.137
      vertex 1.3731 -18.3126 129.137
    endloop
  endfacet
  facet normal 0 0 1
    outer loop
      vertex 1.16406 -17.2617 129.137
      vertex 1.29343 -18.5753 129.137
      vertex 1.29343 -17.5038 129.137
    endloop
  endfacet
  facet normal 0 0 1
    outer loop
      vertex 1.16406 -17.2617 129.137
      vertex 1.16406 -18.8173 129.137
      vertex 1.29343 -18.5753 129.137
    endloop
  endfacet
  facet normal 0 0 1
    outer loop
      vertex 0.989949 -17.0496 129.137
      vertex 1.16406 -18.8173 129.137
      vertex 1.16406 -17.2617 129.137
    endloop
  endfacet
  facet normal 0 0 1
    outer loop
      vertex 0.989949 -17.0496 129.137
      vertex 0.989949 -19.0295 129.137
      vertex 1.16406 -18.8173 129.137
    endloop
  endfacet
  facet normal 0 0 1
    outer loop
      vertex 0.777798 -16.8755 129.137
      vertex 0.989949 -19.0295 129.137
      vertex 0.989949 -17.0496 129.137
    endloop
  endfacet
  facet normal 0 0 1
    outer loop
      vertex 0.777798 -16.8755 129.137
      vertex 0.777798 -19.2036 129.137
      vertex 0.989949 -19.0295 129.137
    endloop
  endfacet
  facet normal 0 0 1
    outer loop
      vertex 0.535756 -16.7461 129.137
      vertex 0.777798 -19.2036 129.137
      vertex 0.777798 -16.8755 129.137
    endloop
  endfacet
  facet normal 0 0 1
    outer loop
      vertex 0.535756 -16.7461 129.137
      vertex 0.535756 -19.333 129.137
      vertex 0.777798 -19.2036 129.137
    endloop
  endfacet
  facet normal 0 0 1
    outer loop
      vertex 0.273126 -16.6664 129.137
      vertex 0.535756 -19.333 129.137
      vertex 0.535756 -16.7461 129.137
    endloop
  endfacet
  facet normal 0 0 1
    outer loop
      vertex 0.273126 -16.6664 129.137
      vertex 0.273126 -19.4126 129.137
      vertex 0.535756 -19.333 129.137
    endloop
  endfacet
  facet normal 0 0 1
    outer loop
      vertex 0 -16.6395 129.137
      vertex 0.273126 -19.4126 129.137
      vertex 0.273126 -16.6664 129.137
    endloop
  endfacet
  facet normal 0 0 1
    outer loop
      vertex 0 -16.6395 129.137
      vertex 0 -19.4395 129.137
      vertex 0.273126 -19.4126 129.137
    endloop
  endfacet
  facet normal -0 0 1
    outer loop
      vertex -0.273126 -16.6664 129.137
      vertex 0 -19.4395 129.137
      vertex 0 -16.6395 129.137
    endloop
  endfacet
  facet normal 0 0 1
    outer loop
      vertex -0.273126 -16.6664 129.137
      vertex -0.273126 -19.4126 129.137
      vertex 0 -19.4395 129.137
    endloop
  endfacet
  facet normal -0 0 1
    outer loop
      vertex -0.535756 -16.7461 129.137
      vertex -0.273126 -19.4126 129.137
      vertex -0.273126 -16.6664 129.137
    endloop
  endfacet
  facet normal 0 0 1
    outer loop
      vertex -0.535756 -16.7461 129.137
      vertex -0.535756 -19.333 129.137
      vertex -0.273126 -19.4126 129.137
    endloop
  endfacet
  facet normal -0 0 1
    outer loop
      vertex -0.777798 -16.8755 129.137
      vertex -0.535756 -19.333 129.137
      vertex -0.535756 -16.7461 129.137
    endloop
  endfacet
  facet normal 0 0 1
    outer loop
      vertex -0.777798 -16.8755 129.137
      vertex -0.777798 -19.2036 129.137
      vertex -0.535756 -19.333 129.137
    endloop
  endfacet
  facet normal -0 0 1
    outer loop
      vertex -0.989949 -17.0496 129.137
      vertex -0.777798 -19.2036 129.137
      vertex -0.777798 -16.8755 129.137
    endloop
  endfacet
  facet normal 0 0 1
    outer loop
      vertex -0.989949 -17.0496 129.137
      vertex -0.989949 -19.0295 129.137
      vertex -0.777798 -19.2036 129.137
    endloop
  endfacet
  facet normal -0 0 1
    outer loop
      vertex -1.16406 -17.2617 129.137
      vertex -0.989949 -19.0295 129.137
      vertex -0.989949 -17.0496 129.137
    endloop
  endfacet
  facet normal 0 0 1
    outer loop
      vertex -1.16406 -17.2617 129.137
      vertex -1.16406 -18.8173 129.137
      vertex -0.989949 -19.0295 129.137
    endloop
  endfacet
  facet normal -0 0 1
    outer loop
      vertex -1.29343 -17.5038 129.137
      vertex -1.16406 -18.8173 129.137
      vertex -1.16406 -17.2617 129.137
    endloop
  endfacet
  facet normal 0 0 1
    outer loop
      vertex -1.29343 -17.5038 129.137
      vertex -1.29343 -18.5753 129.137
      vertex -1.16406 -18.8173 129.137
    endloop
  endfacet
  facet normal -0 0 1
    outer loop
      vertex -1.3731 -17.7664 129.137
      vertex -1.29343 -18.5753 129.137
      vertex -1.29343 -17.5038 129.137
    endloop
  endfacet
  facet normal 0 0 1
    outer loop
      vertex -1.3731 -17.7664 129.137
      vertex -1.3731 -18.3126 129.137
      vertex -1.29343 -18.5753 129.137
    endloop
  endfacet
  facet normal 0 -0 1
    outer loop
      vertex -1.3731 -18.3126 129.137
      vertex -1.3731 -17.7664 129.137
      vertex -1.4 -18.0395 129.137
    endloop
  endfacet
  facet normal -0.547423 0.449375 0.705968
    outer loop
      vertex -0.989949 -17.0496 129.137
      vertex -1.66294 -16.9284 128.538
      vertex -1.16406 -17.2617 129.137
    endloop
  endfacet
  facet normal -0.0694165 0.704813 0.705989
    outer loop
      vertex 0 -16.0395 128.538
      vertex -0.273126 -16.6664 129.137
      vertex 0 -16.6395 129.137
    endloop
  endfacet
  facet normal -0.0693638 -0.704803 0.706004
    outer loop
      vertex -0.273126 -19.4126 129.137
      vertex -0.390181 -20.0011 128.538
      vertex 0 -20.0395 128.538
    endloop
  endfacet
  facet normal -0.0694165 -0.704813 0.705989
    outer loop
      vertex 0 -19.4395 129.137
      vertex -0.273126 -19.4126 129.137
      vertex 0 -20.0395 128.538
    endloop
  endfacet
  facet normal 0.704812 -0.0694231 0.705989
    outer loop
      vertex 1.4 -18.0395 129.137
      vertex 1.3731 -18.3126 129.137
      vertex 2 -18.0395 128.538
    endloop
  endfacet
  facet normal -0.449274 -0.547466 0.705998
    outer loop
      vertex -0.989949 -19.0295 129.137
      vertex -1.11114 -19.7025 128.538
      vertex -0.777798 -19.2036 129.137
    endloop
  endfacet
  facet normal -0.205572 -0.677748 0.705973
    outer loop
      vertex -0.535756 -19.333 129.137
      vertex -0.765367 -19.8873 128.538
      vertex -0.390181 -20.0011 128.538
    endloop
  endfacet
  facet normal 0.0694165 0.704813 0.705989
    outer loop
      vertex 0 -16.0395 128.538
      vertex 0 -16.6395 129.137
      vertex 0.273126 -16.6664 129.137
    endloop
  endfacet
  facet normal 0.205418 -0.677752 0.706014
    outer loop
      vertex 0.535756 -19.333 129.137
      vertex 0.273126 -19.4126 129.137
      vertex 0.390181 -20.0011 128.538
    endloop
  endfacet
  facet normal -0.449258 0.547473 0.706003
    outer loop
      vertex -1.11114 -16.3766 128.538
      vertex -1.41421 -16.6253 128.538
      vertex -0.989949 -17.0496 129.137
    endloop
  endfacet
  facet normal -0.333832 0.624623 0.705976
    outer loop
      vertex -0.765367 -16.1918 128.538
      vertex -1.11114 -16.3766 128.538
      vertex -0.535756 -16.7461 129.137
    endloop
  endfacet
  facet normal -0.333832 -0.624623 0.705976
    outer loop
      vertex -0.535756 -19.333 129.137
      vertex -1.11114 -19.7025 128.538
      vertex -0.765367 -19.8873 128.538
    endloop
  endfacet
  facet normal 0.3339 0.624558 0.706001
    outer loop
      vertex 1.11114 -16.3766 128.538
      vertex 0.535756 -16.7461 129.137
      vertex 0.777798 -16.8755 129.137
    endloop
  endfacet
  facet normal 0.449274 -0.547466 0.705998
    outer loop
      vertex 0.989949 -19.0295 129.137
      vertex 0.777798 -19.2036 129.137
      vertex 1.11114 -19.7025 128.538
    endloop
  endfacet
  facet normal -0.677713 0.205627 0.705991
    outer loop
      vertex -1.84776 -17.2742 128.538
      vertex -1.96157 -17.6493 128.538
      vertex -1.29343 -17.5038 129.137
    endloop
  endfacet
  facet normal -0.704811 -0.0694154 0.705991
    outer loop
      vertex -1.3731 -18.3126 129.137
      vertex -2 -18.0395 128.538
      vertex -1.96157 -18.4297 128.538
    endloop
  endfacet
  facet normal 0.677713 0.205627 0.705991
    outer loop
      vertex 1.84776 -17.2742 128.538
      vertex 1.29343 -17.5038 129.137
      vertex 1.96157 -17.6493 128.538
    endloop
  endfacet
  facet normal -0.205418 -0.677752 0.706014
    outer loop
      vertex -0.273126 -19.4126 129.137
      vertex -0.535756 -19.333 129.137
      vertex -0.390181 -20.0011 128.538
    endloop
  endfacet
  facet normal 0.704812 0.0694231 0.705989
    outer loop
      vertex 2 -18.0395 128.538
      vertex 1.3731 -17.7664 129.137
      vertex 1.4 -18.0395 129.137
    endloop
  endfacet
  facet normal 0.0693638 0.704803 0.706004
    outer loop
      vertex 0.390181 -16.0779 128.538
      vertex 0 -16.0395 128.538
      vertex 0.273126 -16.6664 129.137
    endloop
  endfacet
  facet normal 0.449258 0.547473 0.706003
    outer loop
      vertex 1.11114 -16.3766 128.538
      vertex 0.989949 -17.0496 129.137
      vertex 1.41421 -16.6253 128.538
    endloop
  endfacet
  facet normal 0.449274 0.547466 0.705998
    outer loop
      vertex 1.11114 -16.3766 128.538
      vertex 0.777798 -16.8755 129.137
      vertex 0.989949 -17.0496 129.137
    endloop
  endfacet
  facet normal 0.333832 0.624623 0.705976
    outer loop
      vertex 0.765367 -16.1918 128.538
      vertex 0.535756 -16.7461 129.137
      vertex 1.11114 -16.3766 128.538
    endloop
  endfacet
  facet normal -0.547423 -0.449375 0.705968
    outer loop
      vertex -0.989949 -19.0295 129.137
      vertex -1.66294 -19.1507 128.538
      vertex -1.41421 -19.4537 128.538
    endloop
  endfacet
  facet normal -0.449391 -0.547415 0.705964
    outer loop
      vertex -0.989949 -19.0295 129.137
      vertex -1.41421 -19.4537 128.538
      vertex -1.11114 -19.7025 128.538
    endloop
  endfacet
  facet normal 0.677731 -0.205577 0.705988
    outer loop
      vertex 1.96157 -18.4297 128.538
      vertex 1.29343 -18.5753 129.137
      vertex 1.84776 -18.8049 128.538
    endloop
  endfacet
  facet normal 0.624608 -0.333835 0.705989
    outer loop
      vertex 1.84776 -18.8049 128.538
      vertex 1.29343 -18.5753 129.137
      vertex 1.66294 -19.1507 128.538
    endloop
  endfacet
  facet normal -0.704811 0.0694154 0.705991
    outer loop
      vertex -1.96157 -17.6493 128.538
      vertex -2 -18.0395 128.538
      vertex -1.3731 -17.7664 129.137
    endloop
  endfacet
  facet normal 0.624649 0.333791 0.705972
    outer loop
      vertex 1.66294 -16.9284 128.538
      vertex 1.16406 -17.2617 129.137
      vertex 1.29343 -17.5038 129.137
    endloop
  endfacet
  facet normal 0.677732 -0.205538 0.705999
    outer loop
      vertex 1.3731 -18.3126 129.137
      vertex 1.29343 -18.5753 129.137
      vertex 1.96157 -18.4297 128.538
    endloop
  endfacet
  facet normal -0.547491 -0.449219 0.706014
    outer loop
      vertex -1.16406 -18.8173 129.137
      vertex -1.66294 -19.1507 128.538
      vertex -0.989949 -19.0295 129.137
    endloop
  endfacet
  facet normal -0.624562 -0.333882 0.706006
    outer loop
      vertex -1.29343 -18.5753 129.137
      vertex -1.66294 -19.1507 128.538
      vertex -1.16406 -18.8173 129.137
    endloop
  endfacet
endsolid OpenSCAD_Model
