solid OpenSCAD_Model
  facet normal 0 -1 0
    outer loop
      vertex 18.5 5.15 203
      vertex 21.8151 5.15 203.499
      vertex 21.3953 5.15 206.358
    endloop
  endfacet
  facet normal 0 -1 0
    outer loop
      vertex 18.5 5.15 172
      vertex 21.8151 5.15 203.499
      vertex 18.5 5.15 203
    endloop
  endfacet
  facet normal 0 -1 0
    outer loop
      vertex 22.7279 5.15 171.524
      vertex 21.8151 5.15 203.499
      vertex 18.5 5.15 172
    endloop
  endfacet
  facet normal 0 -1 0
    outer loop
      vertex 21.8151 5.15 203.499
      vertex 22.7279 5.15 171.524
      vertex 26.7141 5.15 170.129
    endloop
  endfacet
  facet normal 0 -1 0
    outer loop
      vertex 22.7279 5.15 134.476
      vertex 23.8246 5.15 132.32
      vertex 24.0599 5.15 134.942
    endloop
  endfacet
  facet normal 0 -1 0
    outer loop
      vertex 18.5 5.15 134
      vertex 23.8246 5.15 132.32
      vertex 22.7279 5.15 134.476
    endloop
  endfacet
  facet normal 0 -1 0
    outer loop
      vertex 18.5 5.15 85
      vertex 23.8246 5.15 132.32
      vertex 18.5 5.15 134
    endloop
  endfacet
  facet normal 0 -1 0
    outer loop
      vertex 23.8246 5.15 132.32
      vertex 18.5 5.15 85
      vertex 19.564 5.15 84.8452
    endloop
  endfacet
  facet normal 0 -1 0
    outer loop
      vertex 22.3984 5.15 21.2188
      vertex 24.0266 5.15 16
      vertex 22.8883 5.15 21.3121
    endloop
  endfacet
  facet normal 0 -1 0
    outer loop
      vertex 18.5 5.15 21
      vertex 24.0266 5.15 16
      vertex 22.3984 5.15 21.2188
    endloop
  endfacet
  facet normal 0 -1 0
    outer loop
      vertex 18.5 5.15 21
      vertex 24.0266 5.15 8
      vertex 24.0266 5.15 16
    endloop
  endfacet
  facet normal 0 -1 0
    outer loop
      vertex 18.5 5.15 21
      vertex 23.2833 5.15 6.01776
      vertex 24.0266 5.15 8
    endloop
  endfacet
  facet normal 0 -1 0
    outer loop
      vertex 18.5 5.15 0
      vertex 23.2833 5.15 6.01776
      vertex 18.5 5.15 21
    endloop
  endfacet
  facet normal 0 -1 0
    outer loop
      vertex 23.2833 5.15 6.01776
      vertex 18.5 5.15 0
      vertex 21.0266 5.15 0
    endloop
  endfacet
  facet normal 0 1 0
    outer loop
      vertex 25.3818 -5.15 179.204
      vertex 18.5 -5.15 203
      vertex 21.3953 -5.15 206.358
    endloop
  endfacet
  facet normal 0 1 0
    outer loop
      vertex 25.3818 -5.15 179.204
      vertex 18.5 -5.15 172
      vertex 18.5 -5.15 203
    endloop
  endfacet
  facet normal 0 1 0
    outer loop
      vertex 25.3818 -5.15 179.204
      vertex 22.7279 -5.15 171.524
      vertex 18.5 -5.15 172
    endloop
  endfacet
  facet normal -0 1 0
    outer loop
      vertex 22.7279 -5.15 171.524
      vertex 25.3818 -5.15 179.204
      vertex 26.7141 -5.15 170.129
    endloop
  endfacet
  facet normal 0 1 -0
    outer loop
      vertex 19.564 -5.15 84.8452
      vertex 18.5 -5.15 134
      vertex 22.7279 -5.15 134.476
    endloop
  endfacet
  facet normal 0 1 0
    outer loop
      vertex 19.564 -5.15 84.8452
      vertex 22.7279 -5.15 134.476
      vertex 24.0599 -5.15 134.942
    endloop
  endfacet
  facet normal 0 1 0
    outer loop
      vertex 18.5 -5.15 134
      vertex 19.564 -5.15 84.8452
      vertex 18.5 -5.15 85
    endloop
  endfacet
  facet normal 0 1 0
    outer loop
      vertex 24.0266 -5.15 16
      vertex 22.3984 -5.15 21.2188
      vertex 22.8883 -5.15 21.3121
    endloop
  endfacet
  facet normal 0 1 0
    outer loop
      vertex 24.0266 -5.15 16
      vertex 18.5 -5.15 21
      vertex 22.3984 -5.15 21.2188
    endloop
  endfacet
  facet normal 0 1 -0
    outer loop
      vertex 24.0266 -5.15 8
      vertex 18.5 -5.15 21
      vertex 24.0266 -5.15 16
    endloop
  endfacet
  facet normal 0 1 0
    outer loop
      vertex 18.5 -5.15 0
      vertex 24.0266 -5.15 8
      vertex 21.6874 -5.15 1.76199
    endloop
  endfacet
  facet normal 0 1 0
    outer loop
      vertex 18.5 -5.15 0
      vertex 21.6874 -5.15 1.76199
      vertex 21.0266 -5.15 0
    endloop
  endfacet
  facet normal 0 1 0
    outer loop
      vertex 24.0266 -5.15 8
      vertex 18.5 -5.15 0
      vertex 18.5 -5.15 21
    endloop
  endfacet
  facet normal 0.849491 0 -0.527603
    outer loop
      vertex 22.7835 2.19002 208.543
      vertex 21.5078 -4.92193 206.489
      vertex 21.5078 4.92193 206.489
    endloop
  endfacet
  facet normal 0.849528 -2.3691e-05 -0.527544
    outer loop
      vertex 21.5078 -4.92193 206.489
      vertex 22.7835 2.19002 208.543
      vertex 23.8062 0 210.19
    endloop
  endfacet
  facet normal 0.757356 -0.00149254 -0.653
    outer loop
      vertex 21.5078 4.92193 206.489
      vertex 18.5 5.15 203
      vertex 21.3953 5.15 206.358
    endloop
  endfacet
  facet normal 0.757406 0 -0.652945
    outer loop
      vertex 21.5078 -4.92193 206.489
      vertex 18.5 5.15 203
      vertex 21.5078 4.92193 206.489
    endloop
  endfacet
  facet normal 0.757356 0.00149254 -0.653
    outer loop
      vertex 18.5 -5.15 203
      vertex 21.5078 -4.92193 206.489
      vertex 21.3953 -5.15 206.358
    endloop
  endfacet
  facet normal 0.757406 0 -0.652945
    outer loop
      vertex 21.5078 -4.92193 206.489
      vertex 18.5 -5.15 203
      vertex 18.5 5.15 203
    endloop
  endfacet
  facet normal 1 -0 0
    outer loop
      vertex 18.5 -5.15 203
      vertex 18.5 5.15 172
      vertex 18.5 5.15 203
    endloop
  endfacet
  facet normal 1 0 0
    outer loop
      vertex 18.5 5.15 172
      vertex 18.5 -5.15 203
      vertex 18.5 -5.15 172
    endloop
  endfacet
  facet normal 0.111879 0 0.993722
    outer loop
      vertex 18.5 5.15 172
      vertex 22.7279 -5.15 171.524
      vertex 22.7279 5.15 171.524
    endloop
  endfacet
  facet normal 0.111879 0 0.993722
    outer loop
      vertex 22.7279 -5.15 171.524
      vertex 18.5 5.15 172
      vertex 18.5 -5.15 172
    endloop
  endfacet
  facet normal 0.330292 -0.0117374 0.943806
    outer loop
      vertex 22.7279 5.15 171.524
      vertex 26.7438 5.10125 170.118
      vertex 26.7141 5.15 170.129
    endloop
  endfacet
  facet normal 0.330442 0 0.943826
    outer loop
      vertex 26.7438 5.10125 170.118
      vertex 22.7279 5.15 171.524
      vertex 26.7438 -5.10125 170.118
    endloop
  endfacet
  facet normal 0.330442 -0 0.943826
    outer loop
      vertex 22.7279 -5.15 171.524
      vertex 26.7438 -5.10125 170.118
      vertex 22.7279 5.15 171.524
    endloop
  endfacet
  facet normal 0.330292 0.0117374 0.943806
    outer loop
      vertex 26.7438 -5.10125 170.118
      vertex 22.7279 -5.15 171.524
      vertex 26.7141 -5.15 170.129
    endloop
  endfacet
  facet normal 0.532283 0.000331549 0.846566
    outer loop
      vertex 26.7438 5.10125 170.118
      vertex 29.9597 -0.0449065 168.098
      vertex 29.9883 0 168.08
    endloop
  endfacet
  facet normal 0.531903 0 0.846805
    outer loop
      vertex 29.9597 -0.0449065 168.098
      vertex 26.7438 5.10125 170.118
      vertex 26.7438 -5.10125 170.118
    endloop
  endfacet
  facet normal 0.530672 0 -0.847577
    outer loop
      vertex 27.1399 0 136.13
      vertex 26.7438 -0.647419 135.882
      vertex 26.7438 0.647419 135.882
    endloop
  endfacet
  facet normal 0.330442 0 -0.943826
    outer loop
      vertex 22.7279 5.15 134.476
      vertex 26.7438 0.647419 135.882
      vertex 26.7438 -0.647419 135.882
    endloop
  endfacet
  facet normal 0.330224 0.0002176 -0.943903
    outer loop
      vertex 22.7279 -5.15 134.476
      vertex 26.7438 -0.647419 135.882
      vertex 24.0599 -5.15 134.942
    endloop
  endfacet
  facet normal 0.330442 0 -0.943826
    outer loop
      vertex 22.7279 5.15 134.476
      vertex 26.7438 -0.647419 135.882
      vertex 22.7279 -5.15 134.476
    endloop
  endfacet
  facet normal 0.33057 0.000128359 -0.943782
    outer loop
      vertex 26.7438 0.647419 135.882
      vertex 22.7279 5.15 134.476
      vertex 24.2926 4.75969 135.024
    endloop
  endfacet
  facet normal 0.330224 -0.00142667 -0.943902
    outer loop
      vertex 24.2926 4.75969 135.024
      vertex 22.7279 5.15 134.476
      vertex 24.0599 5.15 134.942
    endloop
  endfacet
  facet normal 0.111879 0 -0.993722
    outer loop
      vertex 18.5 -5.15 134
      vertex 22.7279 5.15 134.476
      vertex 22.7279 -5.15 134.476
    endloop
  endfacet
  facet normal 0.111879 0 -0.993722
    outer loop
      vertex 22.7279 5.15 134.476
      vertex 18.5 -5.15 134
      vertex 18.5 5.15 134
    endloop
  endfacet
  facet normal 1 -0 0
    outer loop
      vertex 18.5 -5.15 134
      vertex 18.5 5.15 85
      vertex 18.5 5.15 134
    endloop
  endfacet
  facet normal 1 0 0
    outer loop
      vertex 18.5 5.15 85
      vertex 18.5 -5.15 134
      vertex 18.5 -5.15 85
    endloop
  endfacet
  facet normal 0.143973 2.9298e-05 0.989582
    outer loop
      vertex 18.5 5.15 85
      vertex 21.5078 1.73934 84.5625
      vertex 19.564 5.15 84.8452
    endloop
  endfacet
  facet normal 0.14394 0 0.989586
    outer loop
      vertex 21.5078 1.73934 84.5625
      vertex 18.5 5.15 85
      vertex 21.5078 -1.73934 84.5625
    endloop
  endfacet
  facet normal 0.14394 -0 0.989586
    outer loop
      vertex 18.5 -5.15 85
      vertex 21.5078 -1.73934 84.5625
      vertex 18.5 5.15 85
    endloop
  endfacet
  facet normal 0.143973 -2.9298e-05 0.989582
    outer loop
      vertex 21.5078 -1.73934 84.5625
      vertex 18.5 -5.15 85
      vertex 19.564 -5.15 84.8452
    endloop
  endfacet
  facet normal 0.281179 0 0.959655
    outer loop
      vertex 21.5078 1.73934 84.5625
      vertex 21.5078 -1.73934 84.5625
      vertex 22.4863 0 84.2758
    endloop
  endfacet
  facet normal 0.187109 1.05493e-05 -0.982339
    outer loop
      vertex 22.3984 5.15 21.2188
      vertex 25.7451 0 21.8562
      vertex 24.2537 -2.68856 21.5721
    endloop
  endfacet
  facet normal 0.187084 -1.45169e-05 -0.982344
    outer loop
      vertex 22.3984 -5.15 21.2188
      vertex 24.2537 -2.68856 21.5721
      vertex 22.8883 -5.15 21.3121
    endloop
  endfacet
  facet normal 0.187066 0 -0.982347
    outer loop
      vertex 22.3984 5.15 21.2188
      vertex 24.2537 -2.68856 21.5721
      vertex 22.3984 -5.15 21.2188
    endloop
  endfacet
  facet normal 0.187084 -5.89877e-06 -0.982344
    outer loop
      vertex 25.7451 0 21.8562
      vertex 22.3984 5.15 21.2188
      vertex 22.8883 5.15 21.3121
    endloop
  endfacet
  facet normal 0.0560374 0 -0.998429
    outer loop
      vertex 18.5 -5.15 21
      vertex 22.3984 5.15 21.2188
      vertex 22.3984 -5.15 21.2188
    endloop
  endfacet
  facet normal 0.0560374 0 -0.998429
    outer loop
      vertex 22.3984 5.15 21.2188
      vertex 18.5 -5.15 21
      vertex 18.5 5.15 21
    endloop
  endfacet
  facet normal 1 -0 0
    outer loop
      vertex 18.5 -5.15 21
      vertex 18.5 5.15 0
      vertex 18.5 5.15 21
    endloop
  endfacet
  facet normal 1 0 0
    outer loop
      vertex 18.5 5.15 0
      vertex 18.5 -5.15 21
      vertex 18.5 -5.15 0
    endloop
  endfacet
  facet normal 0.866025 -0.5 -8.32259e-08
    outer loop
      vertex 6.23762 21.1039 206.358
      vertex 4.78997 18.5965 203
      vertex 8.8779 25.677 170.389
    endloop
  endfacet
  facet normal 0.866038 -0.499977 6.94888e-05
    outer loop
      vertex 8.8779 25.677 170.389
      vertex 6.90391 22.2579 171.524
      vertex 8.89703 25.7101 170.129
    endloop
  endfacet
  facet normal 0.866029 -0.499994 1.71816e-06
    outer loop
      vertex 6.90391 22.2579 171.524
      vertex 8.8779 25.677 170.389
      vertex 4.78997 18.5965 203
    endloop
  endfacet
  facet normal 0.866022 -0.500005 0
    outer loop
      vertex 4.78997 18.5965 203
      vertex 4.78997 18.5965 172
      vertex 6.90391 22.2579 171.524
    endloop
  endfacet
  facet normal 0.866033 -0.499987 -1.76328e-06
    outer loop
      vertex 4.78997 18.5965 85
      vertex 6.66243 21.8397 114.718
      vertex 6.90391 22.2579 134.476
    endloop
  endfacet
  facet normal 0.866029 -0.499994 -7.64754e-07
    outer loop
      vertex 6.66243 21.8397 114.718
      vertex 4.78997 18.5965 85
      vertex 5.32199 19.518 84.8452
    endloop
  endfacet
  facet normal 0.866026 -0.499999 -8.28821e-07
    outer loop
      vertex 7.56994 23.4115 134.942
      vertex 6.90391 22.2579 134.476
      vertex 7.06804 22.5422 123.757
    endloop
  endfacet
  facet normal 0.86602 -0.500009 -1.16597e-06
    outer loop
      vertex 6.90391 22.2579 134.476
      vertex 6.66243 21.8397 114.718
      vertex 7.06804 22.5422 123.757
    endloop
  endfacet
  facet normal 0.866022 -0.500005 0
    outer loop
      vertex 4.78997 18.5965 134
      vertex 4.78997 18.5965 85
      vertex 6.90391 22.2579 134.476
    endloop
  endfacet
  facet normal 0.866042 -0.499971 6.87954e-06
    outer loop
      vertex 6.73919 21.9726 21.2188
      vertex 7.55329 23.3827 16
      vertex 6.98414 22.3969 21.3121
    endloop
  endfacet
  facet normal 0.866031 -0.49999 0
    outer loop
      vertex 7.55329 23.3827 16
      vertex 6.73919 21.9726 21.2188
      vertex 7.55329 23.3827 8
    endloop
  endfacet
  facet normal 0.866028 -0.499995 -7.42694e-07
    outer loop
      vertex 6.04076 20.7629 0
      vertex 7.55329 23.3827 8
      vertex 6.73919 21.9726 21.2188
    endloop
  endfacet
  facet normal 0.865999 -0.500045 2.09167e-05
    outer loop
      vertex 7.55329 23.3827 8
      vertex 6.04076 20.7629 0
      vertex 6.05329 20.7846 0
    endloop
  endfacet
  facet normal 0.866022 -0.500005 2.31879e-08
    outer loop
      vertex 4.78997 18.5965 21
      vertex 6.04076 20.7629 0
      vertex 6.73919 21.9726 21.2188
    endloop
  endfacet
  facet normal 0.866022 -0.500006 0
    outer loop
      vertex 6.04076 20.7629 0
      vertex 4.78997 18.5965 21
      vertex 4.78997 18.5965 0
    endloop
  endfacet
  facet normal -0.866046 0.499964 -1.2386e-05
    outer loop
      vertex 13.71 13.4465 203
      vertex 17.1509 19.4063 179.204
      vertex 17.798 20.527 170.389
    endloop
  endfacet
  facet normal -0.866019 0.50001 3.14979e-06
    outer loop
      vertex 17.1509 19.4063 179.204
      vertex 13.71 13.4465 203
      vertex 15.1577 15.9539 206.358
    endloop
  endfacet
  facet normal -0.866022 0.500005 3.51842e-05
    outer loop
      vertex 15.824 17.1079 171.524
      vertex 17.798 20.527 170.389
      vertex 17.8171 20.5601 170.129
    endloop
  endfacet
  facet normal -0.866028 0.499996 -3.12883e-06
    outer loop
      vertex 17.798 20.527 170.389
      vertex 15.824 17.1079 171.524
      vertex 13.71 13.4465 203
    endloop
  endfacet
  facet normal -0.866016 0.500016 0
    outer loop
      vertex 15.824 17.1079 171.524
      vertex 13.71 13.4465 172
      vertex 13.71 13.4465 203
    endloop
  endfacet
  facet normal -0.865997 0.50005 -6.14768e-06
    outer loop
      vertex 13.71 13.4465 85
      vertex 15.5825 16.6897 114.718
      vertex 14.2421 14.368 84.8452
    endloop
  endfacet
  facet normal -0.866031 0.49999 2.57037e-06
    outer loop
      vertex 15.5825 16.6897 114.718
      vertex 13.71 13.4465 85
      vertex 15.824 17.1079 134.476
    endloop
  endfacet
  facet normal -0.866036 0.499982 2.63596e-06
    outer loop
      vertex 15.9881 17.3922 123.757
      vertex 15.824 17.1079 134.476
      vertex 16.49 18.2615 134.942
    endloop
  endfacet
  facet normal -0.866035 0.499984 2.72933e-06
    outer loop
      vertex 15.9881 17.3922 123.757
      vertex 15.5825 16.6897 114.718
      vertex 15.824 17.1079 134.476
    endloop
  endfacet
  facet normal -0.866016 0.500016 0
    outer loop
      vertex 15.824 17.1079 134.476
      vertex 13.71 13.4465 85
      vertex 13.71 13.4465 134
    endloop
  endfacet
  facet normal -0.866017 0.500015 0
    outer loop
      vertex 15.3037 16.2068 1.76199
      vertex 16.4734 18.2327 16
      vertex 16.4734 18.2327 8
    endloop
  endfacet
  facet normal -0.865999 0.500046 3.48482e-06
    outer loop
      vertex 16.4734 18.2327 16
      vertex 15.6592 16.8226 21.2188
      vertex 15.9042 17.2469 21.3121
    endloop
  endfacet
  facet normal -0.866009 0.500029 -2.6506e-06
    outer loop
      vertex 16.4734 18.2327 16
      vertex 15.3037 16.2068 1.76199
      vertex 15.6592 16.8226 21.2188
    endloop
  endfacet
  facet normal -0.864789 0.502135 -0.000954689
    outer loop
      vertex 14.9608 15.6129 0
      vertex 15.3037 16.2068 1.76199
      vertex 14.9734 15.6346 0
    endloop
  endfacet
  facet normal -0.866015 0.500018 -2.18109e-06
    outer loop
      vertex 15.3037 16.2068 1.76199
      vertex 14.9608 15.6129 0
      vertex 15.6592 16.8226 21.2188
    endloop
  endfacet
  facet normal -0.86602 0.500009 0
    outer loop
      vertex 13.71 13.4465 21
      vertex 14.9608 15.6129 0
      vertex 13.71 13.4465 0
    endloop
  endfacet
  facet normal -0.866025 0.500002 -9.58581e-07
    outer loop
      vertex 14.9608 15.6129 0
      vertex 13.71 13.4465 21
      vertex 15.6592 16.8226 21.2188
    endloop
  endfacet
  facet normal 0.424806 0.7357 -0.527528
    outer loop
      vertex 12.6863 19.4969 209.259
      vertex 6.83294 21.0576 206.722
      vertex 11.9031 20.6167 210.19
    endloop
  endfacet
  facet normal 0.424805 0.735705 -0.527522
    outer loop
      vertex 15.0164 16.1653 206.489
      vertex 6.83294 21.0576 206.722
      vertex 12.6863 19.4969 209.259
    endloop
  endfacet
  facet normal 0.424469 0.73519 -0.528508
    outer loop
      vertex 6.83294 21.0576 206.722
      vertex 15.0164 16.1653 206.489
      vertex 6.49139 21.0873 206.489
    endloop
  endfacet
  facet normal 0.378489 0.658391 -0.65059
    outer loop
      vertex 4.78997 18.5965 203
      vertex 15.0164 16.1653 206.489
      vertex 15.0689 16.0867 206.44
    endloop
  endfacet
  facet normal 0.378707 0.655929 -0.652946
    outer loop
      vertex 15.0164 16.1653 206.489
      vertex 4.78997 18.5965 203
      vertex 6.49139 21.0873 206.489
    endloop
  endfacet
  facet normal 0.379945 0.655159 -0.653
    outer loop
      vertex 6.49139 21.0873 206.489
      vertex 4.78997 18.5965 203
      vertex 6.23762 21.1039 206.358
    endloop
  endfacet
  facet normal 0.378249 0.656136 -0.653004
    outer loop
      vertex 13.71 13.4465 203
      vertex 15.0689 16.0867 206.44
      vertex 15.1577 15.9539 206.358
    endloop
  endfacet
  facet normal 0.378684 0.655897 -0.652992
    outer loop
      vertex 15.0689 16.0867 206.44
      vertex 13.71 13.4465 203
      vertex 4.78997 18.5965 203
    endloop
  endfacet
  facet normal 0.500001 0.866025 -0
    outer loop
      vertex 13.71 13.4465 172
      vertex 4.78997 18.5965 203
      vertex 13.71 13.4465 203
    endloop
  endfacet
  facet normal 0.500001 0.866025 0
    outer loop
      vertex 4.78997 18.5965 203
      vertex 13.71 13.4465 172
      vertex 4.78997 18.5965 172
    endloop
  endfacet
  facet normal 0.0559396 0.0968906 0.993722
    outer loop
      vertex 6.90391 22.2579 171.524
      vertex 13.71 13.4465 172
      vertex 15.824 17.1079 171.524
    endloop
  endfacet
  facet normal 0.0559403 0.0968911 0.993722
    outer loop
      vertex 13.71 13.4465 172
      vertex 6.90391 22.2579 171.524
      vertex 4.78997 18.5965 172
    endloop
  endfacet
  facet normal 0.183646 0.275295 0.943656
    outer loop
      vertex 6.90391 22.2579 171.524
      vertex 8.9318 25.7109 170.122
      vertex 8.89703 25.7101 170.129
    endloop
  endfacet
  facet normal 0.165226 0.28618 0.943823
    outer loop
      vertex 8.9318 25.7109 170.122
      vertex 6.90391 22.2579 171.524
      vertex 15.824 17.1079 171.524
    endloop
  endfacet
  facet normal 0.154912 0.291945 0.943806
    outer loop
      vertex 17.7897 20.6102 170.118
      vertex 15.824 17.1079 171.524
      vertex 17.8171 20.5601 170.129
    endloop
  endfacet
  facet normal 0.165218 0.286169 0.943827
    outer loop
      vertex 8.95408 25.7114 170.118
      vertex 15.824 17.1079 171.524
      vertex 17.7897 20.6102 170.118
    endloop
  endfacet
  facet normal 0.163203 0.28469 0.944625
    outer loop
      vertex 15.824 17.1079 171.524
      vertex 8.95408 25.7114 170.118
      vertex 8.9318 25.7109 170.122
    endloop
  endfacet
  facet normal 0.265947 0.460639 0.846808
    outer loop
      vertex 15.0188 25.9234 168.098
      vertex 8.95408 25.7114 170.118
      vertex 17.7897 20.6102 170.118
    endloop
  endfacet
  facet normal 0.265724 0.46178 0.846257
    outer loop
      vertex 8.95408 25.7114 170.118
      vertex 15.0188 25.9234 168.098
      vertex 14.9941 25.9706 168.08
    endloop
  endfacet
  facet normal 0.265283 0.459513 -0.847627
    outer loop
      vertex 13.9326 22.8371 135.882
      vertex 12.8112 23.4845 135.882
      vertex 13.57 23.5039 136.13
    endloop
  endfacet
  facet normal 0.165372 0.28645 -0.943715
    outer loop
      vertex 14.9439 21.0277 135.51
      vertex 12.8112 23.4845 135.882
      vertex 13.9326 22.8371 135.882
    endloop
  endfacet
  facet normal 0.165185 0.2863 -0.943793
    outer loop
      vertex 6.90391 22.2579 134.476
      vertex 12.8112 23.4845 135.882
      vertex 14.9439 21.0277 135.51
    endloop
  endfacet
  facet normal 0.165305 0.285855 -0.943907
    outer loop
      vertex 12.8112 23.4845 135.882
      vertex 6.90391 22.2579 134.476
      vertex 7.56994 23.4115 134.942
    endloop
  endfacet
  facet normal 0.164995 0.286038 -0.943906
    outer loop
      vertex 15.824 17.1079 134.476
      vertex 14.9439 21.0277 135.51
      vertex 16.49 18.2615 134.942
    endloop
  endfacet
  facet normal 0.165159 0.286065 -0.943869
    outer loop
      vertex 14.9439 21.0277 135.51
      vertex 15.824 17.1079 134.476
      vertex 6.90391 22.2579 134.476
    endloop
  endfacet
  facet normal 0.0559396 0.0968906 -0.993722
    outer loop
      vertex 13.71 13.4465 134
      vertex 6.90391 22.2579 134.476
      vertex 15.824 17.1079 134.476
    endloop
  endfacet
  facet normal 0.0559403 0.0968911 -0.993722
    outer loop
      vertex 6.90391 22.2579 134.476
      vertex 13.71 13.4465 134
      vertex 4.78997 18.5965 134
    endloop
  endfacet
  facet normal 0.500001 0.866025 -0
    outer loop
      vertex 13.71 13.4465 85
      vertex 4.78997 18.5965 134
      vertex 13.71 13.4465 134
    endloop
  endfacet
  facet normal 0.500001 0.866025 0
    outer loop
      vertex 4.78997 18.5965 134
      vertex 13.71 13.4465 85
      vertex 4.78997 18.5965 85
    endloop
  endfacet
  facet normal 0.0719572 0.124693 0.989583
    outer loop
      vertex 4.78997 18.5965 85
      vertex 7.91761 19.5034 84.6583
      vertex 5.32199 19.518 84.8452
    endloop
  endfacet
  facet normal 0.0719691 0.124654 0.989587
    outer loop
      vertex 7.91761 19.5034 84.6583
      vertex 4.78997 18.5965 85
      vertex 13.71 13.4465 85
    endloop
  endfacet
  facet normal 0.0719946 0.124665 0.989583
    outer loop
      vertex 12.2602 17.7566 84.5625
      vertex 13.71 13.4465 85
      vertex 14.2421 14.368 84.8452
    endloop
  endfacet
  facet normal 0.0719746 0.124659 0.989586
    outer loop
      vertex 7.91761 19.5034 84.6583
      vertex 12.2602 17.7566 84.5625
      vertex 9.24759 19.496 84.5625
    endloop
  endfacet
  facet normal 0.0719747 0.124659 0.989586
    outer loop
      vertex 12.2602 17.7566 84.5625
      vertex 7.91761 19.5034 84.6583
      vertex 13.71 13.4465 85
    endloop
  endfacet
  facet normal 0.140597 0.243512 0.959653
    outer loop
      vertex 11.2431 19.4737 84.2758
      vertex 9.24759 19.496 84.5625
      vertex 12.2602 17.7566 84.5625
    endloop
  endfacet
  facet normal 0.093546 0.162062 -0.982337
    outer loop
      vertex 6.73919 21.9726 21.2188
      vertex 12.8725 22.2959 21.8562
      vertex 13.9477 20.5054 21.6632
    endloop
  endfacet
  facet normal 0.0935501 0.162003 -0.982346
    outer loop
      vertex 12.8725 22.2959 21.8562
      vertex 6.73919 21.9726 21.2188
      vertex 6.98414 22.3969 21.3121
    endloop
  endfacet
  facet normal 0.0935342 0.162001 -0.982348
    outer loop
      vertex 15.6592 16.8226 21.2188
      vertex 14.4552 19.6601 21.5721
      vertex 15.9042 17.2469 21.3121
    endloop
  endfacet
  facet normal 0.0935314 0.162 -0.982348
    outer loop
      vertex 6.73919 21.9726 21.2188
      vertex 14.4552 19.6601 21.5721
      vertex 15.6592 16.8226 21.2188
    endloop
  endfacet
  facet normal 0.0935396 0.162029 -0.982343
    outer loop
      vertex 14.4552 19.6601 21.5721
      vertex 6.73919 21.9726 21.2188
      vertex 13.9477 20.5054 21.6632
    endloop
  endfacet
  facet normal 0.0280188 0.0485298 -0.998429
    outer loop
      vertex 15.6592 16.8226 21.2188
      vertex 4.78997 18.5965 21
      vertex 6.73919 21.9726 21.2188
    endloop
  endfacet
  facet normal 0.0280189 0.0485299 -0.998429
    outer loop
      vertex 13.71 13.4465 21
      vertex 4.78997 18.5965 21
      vertex 15.6592 16.8226 21.2188
    endloop
  endfacet
  facet normal 0.500001 0.866025 -0
    outer loop
      vertex 13.71 13.4465 0
      vertex 4.78997 18.5965 21
      vertex 13.71 13.4465 21
    endloop
  endfacet
  facet normal 0.500001 0.866025 0
    outer loop
      vertex 4.78997 18.5965 21
      vertex 13.71 13.4465 0
      vertex 4.78997 18.5965 0
    endloop
  endfacet
  facet normal 0.866014 0.50002 -6.63862e-06
    outer loop
      vertex -13.71 13.4465 203
      vertex -15.3676 16.3174 203.499
      vertex -15.1577 15.9539 206.358
    endloop
  endfacet
  facet normal 0.866015 0.500019 3.54406e-06
    outer loop
      vertex -15.3676 16.3174 203.499
      vertex -13.71 13.4465 203
      vertex -17.798 20.527 170.389
    endloop
  endfacet
  facet normal 0.866022 0.500005 3.51842e-05
    outer loop
      vertex -17.798 20.527 170.389
      vertex -15.824 17.1079 171.524
      vertex -17.8171 20.5601 170.129
    endloop
  endfacet
  facet normal 0.866028 0.499996 -3.12883e-06
    outer loop
      vertex -15.824 17.1079 171.524
      vertex -17.798 20.527 170.389
      vertex -13.71 13.4465 203
    endloop
  endfacet
  facet normal 0.866016 0.500016 -0
    outer loop
      vertex -13.71 13.4465 172
      vertex -15.824 17.1079 171.524
      vertex -13.71 13.4465 203
    endloop
  endfacet
  facet normal 0.866031 0.49999 2.57037e-06
    outer loop
      vertex -13.71 13.4465 85
      vertex -15.5825 16.6897 114.718
      vertex -15.824 17.1079 134.476
    endloop
  endfacet
  facet normal 0.865997 0.50005 -6.14768e-06
    outer loop
      vertex -15.5825 16.6897 114.718
      vertex -13.71 13.4465 85
      vertex -14.2421 14.368 84.8452
    endloop
  endfacet
  facet normal 0.866038 0.499978 1.41651e-05
    outer loop
      vertex -15.824 17.1079 134.476
      vertex -16.3723 18.0577 132.32
      vertex -16.49 18.2615 134.942
    endloop
  endfacet
  facet normal 0.86605 0.499957 1.76596e-06
    outer loop
      vertex -16.3723 18.0577 132.32
      vertex -15.824 17.1079 134.476
      vertex -15.9881 17.3922 123.757
    endloop
  endfacet
  facet normal 0.866035 0.499984 2.72933e-06
    outer loop
      vertex -15.5825 16.6897 114.718
      vertex -15.9881 17.3922 123.757
      vertex -15.824 17.1079 134.476
    endloop
  endfacet
  facet normal 0.866016 0.500016 -0
    outer loop
      vertex -13.71 13.4465 85
      vertex -15.824 17.1079 134.476
      vertex -13.71 13.4465 134
    endloop
  endfacet
  facet normal 0.866024 0.500002 0
    outer loop
      vertex -16.4734 18.2327 16
      vertex -16.1017 17.5889 6.01776
      vertex -16.4734 18.2327 8
    endloop
  endfacet
  facet normal 0.865999 0.500046 3.48482e-06
    outer loop
      vertex -15.6592 16.8226 21.2188
      vertex -16.4734 18.2327 16
      vertex -15.9042 17.2469 21.3121
    endloop
  endfacet
  facet normal 0.866008 0.50003 -2.37365e-06
    outer loop
      vertex -16.4734 18.2327 16
      vertex -15.6592 16.8226 21.2188
      vertex -16.1017 17.5889 6.01776
    endloop
  endfacet
  facet normal 0.866011 0.500025 -2.70761e-06
    outer loop
      vertex -14.9608 15.6129 0
      vertex -16.1017 17.5889 6.01776
      vertex -15.6592 16.8226 21.2188
    endloop
  endfacet
  facet normal 0.864789 0.502135 -0.000927599
    outer loop
      vertex -16.1017 17.5889 6.01776
      vertex -14.9608 15.6129 0
      vertex -14.9734 15.6346 0
    endloop
  endfacet
  facet normal 0.866025 0.500002 -9.58581e-07
    outer loop
      vertex -13.71 13.4465 21
      vertex -14.9608 15.6129 0
      vertex -15.6592 16.8226 21.2188
    endloop
  endfacet
  facet normal 0.86602 0.500009 0
    outer loop
      vertex -14.9608 15.6129 0
      vertex -13.71 13.4465 21
      vertex -13.71 13.4465 0
    endloop
  endfacet
  facet normal -0.866025 -0.5 -8.32259e-08
    outer loop
      vertex -6.23762 21.1039 206.358
      vertex -8.8779 25.677 170.389
      vertex -4.78997 18.5965 203
    endloop
  endfacet
  facet normal -0.866038 -0.499977 6.94888e-05
    outer loop
      vertex -6.90391 22.2579 171.524
      vertex -8.8779 25.677 170.389
      vertex -8.89703 25.7101 170.129
    endloop
  endfacet
  facet normal -0.866029 -0.499994 1.71816e-06
    outer loop
      vertex -8.8779 25.677 170.389
      vertex -6.90391 22.2579 171.524
      vertex -4.78997 18.5965 203
    endloop
  endfacet
  facet normal -0.866022 -0.500005 -0
    outer loop
      vertex -4.78997 18.5965 203
      vertex -6.90391 22.2579 171.524
      vertex -4.78997 18.5965 172
    endloop
  endfacet
  facet normal -0.866029 -0.499994 -7.64754e-07
    outer loop
      vertex -4.78997 18.5965 85
      vertex -6.66243 21.8397 114.718
      vertex -5.32199 19.518 84.8452
    endloop
  endfacet
  facet normal -0.866033 -0.499987 -1.76328e-06
    outer loop
      vertex -6.66243 21.8397 114.718
      vertex -4.78997 18.5965 85
      vertex -6.90391 22.2579 134.476
    endloop
  endfacet
  facet normal -0.866026 -0.499999 -8.28821e-07
    outer loop
      vertex -6.90391 22.2579 134.476
      vertex -7.56994 23.4115 134.942
      vertex -7.06804 22.5422 123.757
    endloop
  endfacet
  facet normal -0.86602 -0.500009 -1.16597e-06
    outer loop
      vertex -6.90391 22.2579 134.476
      vertex -7.06804 22.5422 123.757
      vertex -6.66243 21.8397 114.718
    endloop
  endfacet
  facet normal -0.866022 -0.500005 -0
    outer loop
      vertex -4.78997 18.5965 134
      vertex -6.90391 22.2579 134.476
      vertex -4.78997 18.5965 85
    endloop
  endfacet
  facet normal -0.866031 -0.49999 0
    outer loop
      vertex -6.73919 21.9726 21.2188
      vertex -7.55329 23.3827 16
      vertex -7.55329 23.3827 8
    endloop
  endfacet
  facet normal -0.866042 -0.499971 6.87954e-06
    outer loop
      vertex -7.55329 23.3827 16
      vertex -6.73919 21.9726 21.2188
      vertex -6.98414 22.3969 21.3121
    endloop
  endfacet
  facet normal -0.865999 -0.500045 2.09167e-05
    outer loop
      vertex -6.04076 20.7629 0
      vertex -7.55329 23.3827 8
      vertex -6.05329 20.7846 0
    endloop
  endfacet
  facet normal -0.866028 -0.499995 -7.42694e-07
    outer loop
      vertex -7.55329 23.3827 8
      vertex -6.04076 20.7629 0
      vertex -6.73919 21.9726 21.2188
    endloop
  endfacet
  facet normal -0.866022 -0.500006 -0
    outer loop
      vertex -4.78997 18.5965 21
      vertex -6.04076 20.7629 0
      vertex -4.78997 18.5965 0
    endloop
  endfacet
  facet normal -0.866022 -0.500005 2.31879e-08
    outer loop
      vertex -6.04076 20.7629 0
      vertex -4.78997 18.5965 21
      vertex -6.73919 21.9726 21.2188
    endloop
  endfacet
  facet normal -0.424716 0.735744 -0.527539
    outer loop
      vertex -10.5416 20.7351 209.259
      vertex -13.2884 18.6361 208.543
      vertex -11.9031 20.6167 210.19
    endloop
  endfacet
  facet normal -0.424706 0.735737 -0.527556
    outer loop
      vertex -13.2884 18.6361 208.543
      vertex -10.5416 20.7351 209.259
      vertex -14.8199 16.4463 206.722
    endloop
  endfacet
  facet normal -0.424748 0.735749 -0.527505
    outer loop
      vertex -6.49139 21.0873 206.489
      vertex -14.8199 16.4463 206.722
      vertex -10.5416 20.7351 209.259
    endloop
  endfacet
  facet normal -0.424433 0.735127 -0.528625
    outer loop
      vertex -14.8199 16.4463 206.722
      vertex -6.49139 21.0873 206.489
      vertex -15.0164 16.1653 206.489
    endloop
  endfacet
  facet normal -0.380529 0.65678 -0.651028
    outer loop
      vertex -13.71 13.4465 203
      vertex -6.49139 21.0873 206.489
      vertex -6.39703 21.0934 206.44
    endloop
  endfacet
  facet normal -0.37871 0.655934 -0.652938
    outer loop
      vertex -6.49139 21.0873 206.489
      vertex -13.71 13.4465 203
      vertex -15.0164 16.1653 206.489
    endloop
  endfacet
  facet normal -0.377174 0.656755 -0.653003
    outer loop
      vertex -15.0164 16.1653 206.489
      vertex -13.71 13.4465 203
      vertex -15.1577 15.9539 206.358
    endloop
  endfacet
  facet normal -0.379088 0.655655 -0.653
    outer loop
      vertex -4.78997 18.5965 203
      vertex -6.39703 21.0934 206.44
      vertex -6.23762 21.1039 206.358
    endloop
  endfacet
  facet normal -0.378685 0.655899 -0.652989
    outer loop
      vertex -6.39703 21.0934 206.44
      vertex -4.78997 18.5965 203
      vertex -13.71 13.4465 203
    endloop
  endfacet
  facet normal -0.500001 0.866025 0
    outer loop
      vertex -4.78997 18.5965 172
      vertex -13.71 13.4465 203
      vertex -4.78997 18.5965 203
    endloop
  endfacet
  facet normal -0.500001 0.866025 0
    outer loop
      vertex -13.71 13.4465 203
      vertex -4.78997 18.5965 172
      vertex -13.71 13.4465 172
    endloop
  endfacet
  facet normal -0.0559403 0.0968911 0.993722
    outer loop
      vertex -6.90391 22.2579 171.524
      vertex -13.71 13.4465 172
      vertex -4.78997 18.5965 172
    endloop
  endfacet
  facet normal -0.0559396 0.0968906 0.993722
    outer loop
      vertex -13.71 13.4465 172
      vertex -6.90391 22.2579 171.524
      vertex -15.824 17.1079 171.524
    endloop
  endfacet
  facet normal -0.165227 0.286182 0.943822
    outer loop
      vertex -17.8004 20.5906 170.122
      vertex -15.824 17.1079 171.524
      vertex -6.90391 22.2579 171.524
    endloop
  endfacet
  facet normal -0.146455 0.296766 0.943653
    outer loop
      vertex -15.824 17.1079 171.524
      vertex -17.8004 20.5906 170.122
      vertex -17.8171 20.5601 170.129
    endloop
  endfacet
  facet normal -0.175597 0.280001 0.943803
    outer loop
      vertex -8.95408 25.7114 170.118
      vertex -6.90391 22.2579 171.524
      vertex -8.89703 25.7101 170.129
    endloop
  endfacet
  facet normal -0.165219 0.286171 0.943827
    outer loop
      vertex -17.7897 20.6102 170.118
      vertex -6.90391 22.2579 171.524
      vertex -8.95408 25.7114 170.118
    endloop
  endfacet
  facet normal -0.164852 0.282832 0.944897
    outer loop
      vertex -6.90391 22.2579 171.524
      vertex -17.7897 20.6102 170.118
      vertex -17.8004 20.5906 170.122
    endloop
  endfacet
  facet normal -0.265955 0.460652 0.846798
    outer loop
      vertex -14.9941 25.9706 168.08
      vertex -17.7897 20.6102 170.118
      vertex -8.95408 25.7114 170.118
    endloop
  endfacet
  facet normal -0.265283 0.459513 -0.847627
    outer loop
      vertex -12.8112 23.4845 135.882
      vertex -13.9326 22.8371 135.882
      vertex -13.57 23.5039 136.13
    endloop
  endfacet
  facet normal -0.165386 0.286475 -0.943705
    outer loop
      vertex -10.7386 23.4556 135.51
      vertex -13.9326 22.8371 135.882
      vertex -12.8112 23.4845 135.882
    endloop
  endfacet
  facet normal -0.165344 0.286202 -0.943796
    outer loop
      vertex -15.824 17.1079 134.476
      vertex -13.9326 22.8371 135.882
      vertex -10.7386 23.4556 135.51
    endloop
  endfacet
  facet normal -0.165383 0.286212 -0.943786
    outer loop
      vertex -15.824 17.1079 134.476
      vertex -16.2683 18.6582 135.024
      vertex -13.9326 22.8371 135.882
    endloop
  endfacet
  facet normal -0.163867 0.286689 -0.943905
    outer loop
      vertex -16.2683 18.6582 135.024
      vertex -15.824 17.1079 134.476
      vertex -16.49 18.2615 134.942
    endloop
  endfacet
  facet normal -0.165222 0.285904 -0.943907
    outer loop
      vertex -6.90391 22.2579 134.476
      vertex -10.7386 23.4556 135.51
      vertex -7.56994 23.4115 134.942
    endloop
  endfacet
  facet normal -0.16516 0.286067 -0.943869
    outer loop
      vertex -10.7386 23.4556 135.51
      vertex -6.90391 22.2579 134.476
      vertex -15.824 17.1079 134.476
    endloop
  endfacet
  facet normal -0.0559403 0.0968911 -0.993722
    outer loop
      vertex -13.71 13.4465 134
      vertex -6.90391 22.2579 134.476
      vertex -4.78997 18.5965 134
    endloop
  endfacet
  facet normal -0.0559396 0.0968906 -0.993722
    outer loop
      vertex -6.90391 22.2579 134.476
      vertex -13.71 13.4465 134
      vertex -15.824 17.1079 134.476
    endloop
  endfacet
  facet normal -0.500001 0.866025 0
    outer loop
      vertex -4.78997 18.5965 85
      vertex -13.71 13.4465 134
      vertex -4.78997 18.5965 134
    endloop
  endfacet
  facet normal -0.500001 0.866025 0
    outer loop
      vertex -13.71 13.4465 134
      vertex -4.78997 18.5965 85
      vertex -13.71 13.4465 85
    endloop
  endfacet
  facet normal -0.0719666 0.124649 0.989587
    outer loop
      vertex -12.9317 16.6086 84.6583
      vertex -13.71 13.4465 85
      vertex -4.78997 18.5965 85
    endloop
  endfacet
  facet normal -0.0720063 0.124659 0.989583
    outer loop
      vertex -13.71 13.4465 85
      vertex -12.9317 16.6086 84.6583
      vertex -14.2421 14.368 84.8452
    endloop
  endfacet
  facet normal -0.0719631 0.12469 0.989583
    outer loop
      vertex -9.24759 19.496 84.5625
      vertex -4.78997 18.5965 85
      vertex -5.32199 19.518 84.8452
    endloop
  endfacet
  facet normal -0.0719932 0.124691 0.98958
    outer loop
      vertex -12.9317 16.6086 84.6583
      vertex -9.24759 19.496 84.5625
      vertex -12.2602 17.7566 84.5625
    endloop
  endfacet
  facet normal -0.0719693 0.124661 0.989586
    outer loop
      vertex -9.24759 19.496 84.5625
      vertex -12.9317 16.6086 84.6583
      vertex -4.78997 18.5965 85
    endloop
  endfacet
  facet normal -0.140597 0.243512 0.959653
    outer loop
      vertex -11.2431 19.4737 84.2758
      vertex -12.2602 17.7566 84.5625
      vertex -9.24759 19.496 84.5625
    endloop
  endfacet
  facet normal -0.0935697 0.16204 -0.982338
    outer loop
      vertex -15.6592 16.8226 21.2188
      vertex -12.8725 22.2959 21.8562
      vertex -10.7843 22.3317 21.6632
    endloop
  endfacet
  facet normal -0.0935143 0.162013 -0.982348
    outer loop
      vertex -12.8725 22.2959 21.8562
      vertex -15.6592 16.8226 21.2188
      vertex -15.9042 17.2469 21.3121
    endloop
  endfacet
  facet normal -0.0935394 0.162009 -0.982346
    outer loop
      vertex -6.73919 21.9726 21.2188
      vertex -10.7843 22.3317 21.6632
      vertex -6.98414 22.3969 21.3121
    endloop
  endfacet
  facet normal -0.0935389 0.162013 -0.982345
    outer loop
      vertex -10.7843 22.3317 21.6632
      vertex -6.73919 21.9726 21.2188
      vertex -15.6592 16.8226 21.2188
    endloop
  endfacet
  facet normal -0.0280189 0.0485299 -0.998429
    outer loop
      vertex -13.71 13.4465 21
      vertex -15.6592 16.8226 21.2188
      vertex -6.73919 21.9726 21.2188
    endloop
  endfacet
  facet normal -0.0280188 0.0485298 -0.998429
    outer loop
      vertex -4.78997 18.5965 21
      vertex -13.71 13.4465 21
      vertex -6.73919 21.9726 21.2188
    endloop
  endfacet
  facet normal -0.500001 0.866025 0
    outer loop
      vertex -4.78997 18.5965 0
      vertex -13.71 13.4465 21
      vertex -4.78997 18.5965 21
    endloop
  endfacet
  facet normal -0.500001 0.866025 0
    outer loop
      vertex -13.71 13.4465 21
      vertex -4.78997 18.5965 0
      vertex -13.71 13.4465 0
    endloop
  endfacet
  facet normal 0 1 0
    outer loop
      vertex -18.5 -5.15 203
      vertex -21.8151 -5.15 203.499
      vertex -21.3953 -5.15 206.358
    endloop
  endfacet
  facet normal 0 1 -0
    outer loop
      vertex -18.5 -5.15 172
      vertex -21.8151 -5.15 203.499
      vertex -18.5 -5.15 203
    endloop
  endfacet
  facet normal 0 1 0
    outer loop
      vertex -22.7279 -5.15 171.524
      vertex -21.8151 -5.15 203.499
      vertex -18.5 -5.15 172
    endloop
  endfacet
  facet normal 0 1 0
    outer loop
      vertex -21.8151 -5.15 203.499
      vertex -22.7279 -5.15 171.524
      vertex -26.7141 -5.15 170.129
    endloop
  endfacet
  facet normal 0 1 0
    outer loop
      vertex -22.7279 -5.15 134.476
      vertex -23.8246 -5.15 132.32
      vertex -24.0599 -5.15 134.942
    endloop
  endfacet
  facet normal 0 1 0
    outer loop
      vertex -18.5 -5.15 134
      vertex -23.8246 -5.15 132.32
      vertex -22.7279 -5.15 134.476
    endloop
  endfacet
  facet normal 0 1 -0
    outer loop
      vertex -18.5 -5.15 85
      vertex -23.8246 -5.15 132.32
      vertex -18.5 -5.15 134
    endloop
  endfacet
  facet normal 0 1 0
    outer loop
      vertex -23.8246 -5.15 132.32
      vertex -18.5 -5.15 85
      vertex -19.564 -5.15 84.8452
    endloop
  endfacet
  facet normal 0 1 0
    outer loop
      vertex -22.3984 -5.15 21.2188
      vertex -24.0266 -5.15 16
      vertex -22.8883 -5.15 21.3121
    endloop
  endfacet
  facet normal 0 1 0
    outer loop
      vertex -18.5 -5.15 21
      vertex -24.0266 -5.15 16
      vertex -22.3984 -5.15 21.2188
    endloop
  endfacet
  facet normal 0 1 0
    outer loop
      vertex -18.5 -5.15 21
      vertex -24.0266 -5.15 8
      vertex -24.0266 -5.15 16
    endloop
  endfacet
  facet normal 0 1 0
    outer loop
      vertex -18.5 -5.15 21
      vertex -23.2833 -5.15 6.01776
      vertex -24.0266 -5.15 8
    endloop
  endfacet
  facet normal 0 1 -0
    outer loop
      vertex -18.5 -5.15 0
      vertex -23.2833 -5.15 6.01776
      vertex -18.5 -5.15 21
    endloop
  endfacet
  facet normal 0 1 0
    outer loop
      vertex -23.2833 -5.15 6.01776
      vertex -18.5 -5.15 0
      vertex -21.0266 -5.15 0
    endloop
  endfacet
  facet normal 0 -1 0
    outer loop
      vertex -25.3818 5.15 179.204
      vertex -18.5 5.15 203
      vertex -21.3953 5.15 206.358
    endloop
  endfacet
  facet normal 0 -1 0
    outer loop
      vertex -25.3818 5.15 179.204
      vertex -18.5 5.15 172
      vertex -18.5 5.15 203
    endloop
  endfacet
  facet normal 0 -1 0
    outer loop
      vertex -25.3818 5.15 179.204
      vertex -22.7279 5.15 171.524
      vertex -18.5 5.15 172
    endloop
  endfacet
  facet normal -0 -1 0
    outer loop
      vertex -22.7279 5.15 171.524
      vertex -25.3818 5.15 179.204
      vertex -26.7141 5.15 170.129
    endloop
  endfacet
  facet normal 0 -1 0
    outer loop
      vertex -19.564 5.15 84.8452
      vertex -18.5 5.15 134
      vertex -22.7279 5.15 134.476
    endloop
  endfacet
  facet normal 0 -1 0
    outer loop
      vertex -19.564 5.15 84.8452
      vertex -22.7279 5.15 134.476
      vertex -24.0599 5.15 134.942
    endloop
  endfacet
  facet normal 0 -1 -0
    outer loop
      vertex -18.5 5.15 134
      vertex -19.564 5.15 84.8452
      vertex -18.5 5.15 85
    endloop
  endfacet
  facet normal 0 -1 0
    outer loop
      vertex -24.0266 5.15 16
      vertex -22.3984 5.15 21.2188
      vertex -22.8883 5.15 21.3121
    endloop
  endfacet
  facet normal 0 -1 0
    outer loop
      vertex -24.0266 5.15 16
      vertex -18.5 5.15 21
      vertex -22.3984 5.15 21.2188
    endloop
  endfacet
  facet normal 0 -1 0
    outer loop
      vertex -24.0266 5.15 8
      vertex -18.5 5.15 21
      vertex -24.0266 5.15 16
    endloop
  endfacet
  facet normal 0 -1 0
    outer loop
      vertex -18.5 5.15 0
      vertex -24.0266 5.15 8
      vertex -21.6874 5.15 1.76199
    endloop
  endfacet
  facet normal 0 -1 0
    outer loop
      vertex -18.5 5.15 0
      vertex -21.6874 5.15 1.76199
      vertex -21.0266 5.15 0
    endloop
  endfacet
  facet normal 0 -1 0
    outer loop
      vertex -24.0266 5.15 8
      vertex -18.5 5.15 0
      vertex -18.5 5.15 21
    endloop
  endfacet
  facet normal -0.849528 2.3691e-05 -0.527544
    outer loop
      vertex -21.5078 4.92193 206.489
      vertex -22.7835 -2.19002 208.543
      vertex -23.8062 0 210.19
    endloop
  endfacet
  facet normal -0.849491 0 -0.527603
    outer loop
      vertex -22.7835 -2.19002 208.543
      vertex -21.5078 4.92193 206.489
      vertex -21.5078 -4.92193 206.489
    endloop
  endfacet
  facet normal -0.757356 -0.00149254 -0.653
    outer loop
      vertex -18.5 5.15 203
      vertex -21.5078 4.92193 206.489
      vertex -21.3953 5.15 206.358
    endloop
  endfacet
  facet normal -0.757406 0 -0.652945
    outer loop
      vertex -18.5 5.15 203
      vertex -21.5078 -4.92193 206.489
      vertex -21.5078 4.92193 206.489
    endloop
  endfacet
  facet normal -0.757406 0 -0.652945
    outer loop
      vertex -18.5 -5.15 203
      vertex -21.5078 -4.92193 206.489
      vertex -18.5 5.15 203
    endloop
  endfacet
  facet normal -0.757356 0.00149254 -0.653
    outer loop
      vertex -21.5078 -4.92193 206.489
      vertex -18.5 -5.15 203
      vertex -21.3953 -5.15 206.358
    endloop
  endfacet
  facet normal -1 0 0
    outer loop
      vertex -18.5 -5.15 172
      vertex -18.5 5.15 203
      vertex -18.5 5.15 172
    endloop
  endfacet
  facet normal -1 -0 0
    outer loop
      vertex -18.5 5.15 203
      vertex -18.5 -5.15 172
      vertex -18.5 -5.15 203
    endloop
  endfacet
  facet normal -0.111879 0 0.993722
    outer loop
      vertex -22.7279 5.15 171.524
      vertex -18.5 -5.15 172
      vertex -18.5 5.15 172
    endloop
  endfacet
  facet normal -0.111879 0 0.993722
    outer loop
      vertex -18.5 -5.15 172
      vertex -22.7279 5.15 171.524
      vertex -22.7279 -5.15 171.524
    endloop
  endfacet
  facet normal -0.330292 -0.0117374 0.943806
    outer loop
      vertex -26.7438 5.10125 170.118
      vertex -22.7279 5.15 171.524
      vertex -26.7141 5.15 170.129
    endloop
  endfacet
  facet normal -0.330442 0 0.943826
    outer loop
      vertex -22.7279 5.15 171.524
      vertex -26.7438 5.10125 170.118
      vertex -22.7279 -5.15 171.524
    endloop
  endfacet
  facet normal -0.330442 0 0.943826
    outer loop
      vertex -26.7438 -5.10125 170.118
      vertex -22.7279 -5.15 171.524
      vertex -26.7438 5.10125 170.118
    endloop
  endfacet
  facet normal -0.330292 0.0117374 0.943806
    outer loop
      vertex -22.7279 -5.15 171.524
      vertex -26.7438 -5.10125 170.118
      vertex -26.7141 -5.15 170.129
    endloop
  endfacet
  facet normal -0.531903 0 0.846805
    outer loop
      vertex -29.9597 0.0449065 168.098
      vertex -26.7438 -5.10125 170.118
      vertex -26.7438 5.10125 170.118
    endloop
  endfacet
  facet normal -0.532283 -0.000331549 0.846566
    outer loop
      vertex -26.7438 -5.10125 170.118
      vertex -29.9597 0.0449065 168.098
      vertex -29.9883 0 168.08
    endloop
  endfacet
  facet normal -0.530672 0 -0.847577
    outer loop
      vertex -26.7438 -0.647419 135.882
      vertex -27.1399 0 136.13
      vertex -26.7438 0.647419 135.882
    endloop
  endfacet
  facet normal -0.330224 0.00142667 -0.943902
    outer loop
      vertex -24.2926 -4.75969 135.024
      vertex -22.7279 -5.15 134.476
      vertex -24.0599 -5.15 134.942
    endloop
  endfacet
  facet normal -0.33057 -0.000128359 -0.943782
    outer loop
      vertex -26.7438 -0.647419 135.882
      vertex -22.7279 -5.15 134.476
      vertex -24.2926 -4.75969 135.024
    endloop
  endfacet
  facet normal -0.330442 0 -0.943826
    outer loop
      vertex -22.7279 -5.15 134.476
      vertex -26.7438 -0.647419 135.882
      vertex -22.7279 5.15 134.476
    endloop
  endfacet
  facet normal -0.330442 0 -0.943826
    outer loop
      vertex -22.7279 5.15 134.476
      vertex -26.7438 -0.647419 135.882
      vertex -26.7438 0.647419 135.882
    endloop
  endfacet
  facet normal -0.330224 -0.0002176 -0.943903
    outer loop
      vertex -22.7279 5.15 134.476
      vertex -26.7438 0.647419 135.882
      vertex -24.0599 5.15 134.942
    endloop
  endfacet
  facet normal -0.111879 0 -0.993722
    outer loop
      vertex -22.7279 -5.15 134.476
      vertex -18.5 5.15 134
      vertex -18.5 -5.15 134
    endloop
  endfacet
  facet normal -0.111879 0 -0.993722
    outer loop
      vertex -18.5 5.15 134
      vertex -22.7279 -5.15 134.476
      vertex -22.7279 5.15 134.476
    endloop
  endfacet
  facet normal -1 0 0
    outer loop
      vertex -18.5 -5.15 85
      vertex -18.5 5.15 134
      vertex -18.5 5.15 85
    endloop
  endfacet
  facet normal -1 -0 0
    outer loop
      vertex -18.5 5.15 134
      vertex -18.5 -5.15 85
      vertex -18.5 -5.15 134
    endloop
  endfacet
  facet normal -0.143973 2.9298e-05 0.989582
    outer loop
      vertex -21.5078 1.73934 84.5625
      vertex -18.5 5.15 85
      vertex -19.564 5.15 84.8452
    endloop
  endfacet
  facet normal -0.14394 0 0.989586
    outer loop
      vertex -18.5 5.15 85
      vertex -21.5078 1.73934 84.5625
      vertex -18.5 -5.15 85
    endloop
  endfacet
  facet normal -0.14394 0 0.989586
    outer loop
      vertex -21.5078 -1.73934 84.5625
      vertex -18.5 -5.15 85
      vertex -21.5078 1.73934 84.5625
    endloop
  endfacet
  facet normal -0.143973 -2.9298e-05 0.989582
    outer loop
      vertex -18.5 -5.15 85
      vertex -21.5078 -1.73934 84.5625
      vertex -19.564 -5.15 84.8452
    endloop
  endfacet
  facet normal -0.281179 0 0.959655
    outer loop
      vertex -21.5078 1.73934 84.5625
      vertex -22.4863 0 84.2758
      vertex -21.5078 -1.73934 84.5625
    endloop
  endfacet
  facet normal -0.187084 5.89877e-06 -0.982344
    outer loop
      vertex -25.7451 0 21.8562
      vertex -22.3984 -5.15 21.2188
      vertex -22.8883 -5.15 21.3121
    endloop
  endfacet
  facet normal -0.187066 0 -0.982347
    outer loop
      vertex -22.3984 -5.15 21.2188
      vertex -24.2537 2.68856 21.5721
      vertex -22.3984 5.15 21.2188
    endloop
  endfacet
  facet normal -0.187084 1.45169e-05 -0.982344
    outer loop
      vertex -22.3984 5.15 21.2188
      vertex -24.2537 2.68856 21.5721
      vertex -22.8883 5.15 21.3121
    endloop
  endfacet
  facet normal -0.187109 -1.05493e-05 -0.982339
    outer loop
      vertex -22.3984 -5.15 21.2188
      vertex -25.7451 0 21.8562
      vertex -24.2537 2.68856 21.5721
    endloop
  endfacet
  facet normal -0.0560374 0 -0.998429
    outer loop
      vertex -22.3984 -5.15 21.2188
      vertex -18.5 5.15 21
      vertex -18.5 -5.15 21
    endloop
  endfacet
  facet normal -0.0560374 0 -0.998429
    outer loop
      vertex -18.5 5.15 21
      vertex -22.3984 -5.15 21.2188
      vertex -22.3984 5.15 21.2188
    endloop
  endfacet
  facet normal -1 0 0
    outer loop
      vertex -18.5 -5.15 0
      vertex -18.5 5.15 21
      vertex -18.5 5.15 0
    endloop
  endfacet
  facet normal -1 -0 0
    outer loop
      vertex -18.5 5.15 21
      vertex -18.5 -5.15 0
      vertex -18.5 -5.15 21
    endloop
  endfacet
  facet normal -0.866025 0.5 -8.32259e-08
    outer loop
      vertex -4.78997 -18.5965 203
      vertex -8.8779 -25.677 170.389
      vertex -6.23762 -21.1039 206.358
    endloop
  endfacet
  facet normal -0.866029 0.499994 1.71816e-06
    outer loop
      vertex -6.90391 -22.2579 171.524
      vertex -8.8779 -25.677 170.389
      vertex -4.78997 -18.5965 203
    endloop
  endfacet
  facet normal -0.866038 0.499977 6.94888e-05
    outer loop
      vertex -8.8779 -25.677 170.389
      vertex -6.90391 -22.2579 171.524
      vertex -8.89703 -25.7101 170.129
    endloop
  endfacet
  facet normal -0.866022 0.500005 0
    outer loop
      vertex -4.78997 -18.5965 172
      vertex -6.90391 -22.2579 171.524
      vertex -4.78997 -18.5965 203
    endloop
  endfacet
  facet normal -0.866029 0.499994 -7.64754e-07
    outer loop
      vertex -6.66243 -21.8397 114.718
      vertex -4.78997 -18.5965 85
      vertex -5.32199 -19.518 84.8452
    endloop
  endfacet
  facet normal -0.866033 0.499987 -1.76328e-06
    outer loop
      vertex -4.78997 -18.5965 85
      vertex -6.66243 -21.8397 114.718
      vertex -6.90391 -22.2579 134.476
    endloop
  endfacet
  facet normal -0.866026 0.499999 -8.28821e-07
    outer loop
      vertex -7.06804 -22.5422 123.757
      vertex -7.56994 -23.4115 134.942
      vertex -6.90391 -22.2579 134.476
    endloop
  endfacet
  facet normal -0.86602 0.500009 -1.16597e-06
    outer loop
      vertex -6.66243 -21.8397 114.718
      vertex -7.06804 -22.5422 123.757
      vertex -6.90391 -22.2579 134.476
    endloop
  endfacet
  facet normal -0.866022 0.500005 0
    outer loop
      vertex -4.78997 -18.5965 85
      vertex -6.90391 -22.2579 134.476
      vertex -4.78997 -18.5965 134
    endloop
  endfacet
  facet normal -0.865999 0.500045 2.09167e-05
    outer loop
      vertex -7.55329 -23.3827 8
      vertex -6.04076 -20.7629 0
      vertex -6.05329 -20.7846 0
    endloop
  endfacet
  facet normal -0.86603 0.499993 -9.4106e-07
    outer loop
      vertex -6.04076 -20.7629 0
      vertex -7.55329 -23.3827 16
      vertex -6.73919 -21.9726 21.2188
    endloop
  endfacet
  facet normal -0.866027 0.499997 0
    outer loop
      vertex -6.04076 -20.7629 0
      vertex -7.55329 -23.3827 8
      vertex -7.55329 -23.3827 16
    endloop
  endfacet
  facet normal -0.866042 0.499971 6.87954e-06
    outer loop
      vertex -6.73919 -21.9726 21.2188
      vertex -7.55329 -23.3827 16
      vertex -6.98414 -22.3969 21.3121
    endloop
  endfacet
  facet normal -0.866022 0.500006 0
    outer loop
      vertex -6.04076 -20.7629 0
      vertex -4.78997 -18.5965 21
      vertex -4.78997 -18.5965 0
    endloop
  endfacet
  facet normal -0.866022 0.500005 2.31879e-08
    outer loop
      vertex -4.78997 -18.5965 21
      vertex -6.04076 -20.7629 0
      vertex -6.73919 -21.9726 21.2188
    endloop
  endfacet
  facet normal 0.866019 -0.50001 3.14979e-06
    outer loop
      vertex -17.1509 -19.4063 179.204
      vertex -13.71 -13.4465 203
      vertex -15.1577 -15.9539 206.358
    endloop
  endfacet
  facet normal 0.866046 -0.499964 -1.2386e-05
    outer loop
      vertex -13.71 -13.4465 203
      vertex -17.1509 -19.4063 179.204
      vertex -17.798 -20.527 170.389
    endloop
  endfacet
  facet normal 0.866028 -0.499996 -3.12883e-06
    outer loop
      vertex -17.798 -20.527 170.389
      vertex -15.824 -17.1079 171.524
      vertex -13.71 -13.4465 203
    endloop
  endfacet
  facet normal 0.866022 -0.500005 3.51842e-05
    outer loop
      vertex -15.824 -17.1079 171.524
      vertex -17.798 -20.527 170.389
      vertex -17.8171 -20.5601 170.129
    endloop
  endfacet
  facet normal 0.866016 -0.500016 0
    outer loop
      vertex -13.71 -13.4465 203
      vertex -15.824 -17.1079 171.524
      vertex -13.71 -13.4465 172
    endloop
  endfacet
  facet normal 0.865997 -0.50005 -6.14768e-06
    outer loop
      vertex -13.71 -13.4465 85
      vertex -15.5825 -16.6897 114.718
      vertex -14.2421 -14.368 84.8452
    endloop
  endfacet
  facet normal 0.866031 -0.49999 2.57037e-06
    outer loop
      vertex -15.5825 -16.6897 114.718
      vertex -13.71 -13.4465 85
      vertex -15.824 -17.1079 134.476
    endloop
  endfacet
  facet normal 0.866036 -0.499982 2.63596e-06
    outer loop
      vertex -15.824 -17.1079 134.476
      vertex -16.49 -18.2615 134.942
      vertex -15.9881 -17.3922 123.757
    endloop
  endfacet
  facet normal 0.866035 -0.499984 2.72933e-06
    outer loop
      vertex -15.824 -17.1079 134.476
      vertex -15.9881 -17.3922 123.757
      vertex -15.5825 -16.6897 114.718
    endloop
  endfacet
  facet normal 0.866016 -0.500016 0
    outer loop
      vertex -13.71 -13.4465 134
      vertex -15.824 -17.1079 134.476
      vertex -13.71 -13.4465 85
    endloop
  endfacet
  facet normal 0.864789 -0.502135 -0.000954689
    outer loop
      vertex -14.9608 -15.6129 0
      vertex -15.3037 -16.2068 1.76199
      vertex -14.9734 -15.6346 0
    endloop
  endfacet
  facet normal 0.866015 -0.500018 -2.18109e-06
    outer loop
      vertex -15.6592 -16.8226 21.2188
      vertex -15.3037 -16.2068 1.76199
      vertex -14.9608 -15.6129 0
    endloop
  endfacet
  facet normal 0.865999 -0.500046 3.48482e-06
    outer loop
      vertex -16.4734 -18.2327 16
      vertex -15.6592 -16.8226 21.2188
      vertex -15.9042 -17.2469 21.3121
    endloop
  endfacet
  facet normal 0.866009 -0.500029 -2.6506e-06
    outer loop
      vertex -15.6592 -16.8226 21.2188
      vertex -16.4734 -18.2327 16
      vertex -15.3037 -16.2068 1.76199
    endloop
  endfacet
  facet normal 0.866017 -0.500015 0
    outer loop
      vertex -15.3037 -16.2068 1.76199
      vertex -16.4734 -18.2327 16
      vertex -16.4734 -18.2327 8
    endloop
  endfacet
  facet normal 0.86602 -0.500009 0
    outer loop
      vertex -13.71 -13.4465 21
      vertex -14.9608 -15.6129 0
      vertex -13.71 -13.4465 0
    endloop
  endfacet
  facet normal 0.866025 -0.500002 -9.58581e-07
    outer loop
      vertex -14.9608 -15.6129 0
      vertex -13.71 -13.4465 21
      vertex -15.6592 -16.8226 21.2188
    endloop
  endfacet
  facet normal -0.424806 -0.7357 -0.527528
    outer loop
      vertex -11.9031 -20.6167 210.19
      vertex -12.6863 -19.4969 209.259
      vertex -6.83294 -21.0576 206.722
    endloop
  endfacet
  facet normal -0.424805 -0.735705 -0.527522
    outer loop
      vertex -15.0164 -16.1653 206.489
      vertex -6.83294 -21.0576 206.722
      vertex -12.6863 -19.4969 209.259
    endloop
  endfacet
  facet normal -0.424469 -0.73519 -0.528508
    outer loop
      vertex -6.83294 -21.0576 206.722
      vertex -15.0164 -16.1653 206.489
      vertex -6.49139 -21.0873 206.489
    endloop
  endfacet
  facet normal -0.378489 -0.658391 -0.65059
    outer loop
      vertex -4.78997 -18.5965 203
      vertex -15.0164 -16.1653 206.489
      vertex -15.0689 -16.0867 206.44
    endloop
  endfacet
  facet normal -0.378707 -0.655929 -0.652946
    outer loop
      vertex -15.0164 -16.1653 206.489
      vertex -4.78997 -18.5965 203
      vertex -6.49139 -21.0873 206.489
    endloop
  endfacet
  facet normal -0.379945 -0.655159 -0.653
    outer loop
      vertex -6.49139 -21.0873 206.489
      vertex -4.78997 -18.5965 203
      vertex -6.23762 -21.1039 206.358
    endloop
  endfacet
  facet normal -0.378249 -0.656136 -0.653004
    outer loop
      vertex -13.71 -13.4465 203
      vertex -15.0689 -16.0867 206.44
      vertex -15.1577 -15.9539 206.358
    endloop
  endfacet
  facet normal -0.378684 -0.655897 -0.652992
    outer loop
      vertex -15.0689 -16.0867 206.44
      vertex -13.71 -13.4465 203
      vertex -4.78997 -18.5965 203
    endloop
  endfacet
  facet normal -0.500001 -0.866025 0
    outer loop
      vertex -13.71 -13.4465 172
      vertex -4.78997 -18.5965 203
      vertex -13.71 -13.4465 203
    endloop
  endfacet
  facet normal -0.500001 -0.866025 -0
    outer loop
      vertex -4.78997 -18.5965 203
      vertex -13.71 -13.4465 172
      vertex -4.78997 -18.5965 172
    endloop
  endfacet
  facet normal -0.0559403 -0.0968911 0.993722
    outer loop
      vertex -13.71 -13.4465 172
      vertex -6.90391 -22.2579 171.524
      vertex -4.78997 -18.5965 172
    endloop
  endfacet
  facet normal -0.0559396 -0.0968906 0.993722
    outer loop
      vertex -6.90391 -22.2579 171.524
      vertex -13.71 -13.4465 172
      vertex -15.824 -17.1079 171.524
    endloop
  endfacet
  facet normal -0.183646 -0.275295 0.943656
    outer loop
      vertex -6.90391 -22.2579 171.524
      vertex -8.9318 -25.7109 170.122
      vertex -8.89703 -25.7101 170.129
    endloop
  endfacet
  facet normal -0.165226 -0.28618 0.943823
    outer loop
      vertex -8.9318 -25.7109 170.122
      vertex -6.90391 -22.2579 171.524
      vertex -15.824 -17.1079 171.524
    endloop
  endfacet
  facet normal -0.163203 -0.28469 0.944625
    outer loop
      vertex -15.824 -17.1079 171.524
      vertex -8.95408 -25.7114 170.118
      vertex -8.9318 -25.7109 170.122
    endloop
  endfacet
  facet normal -0.165218 -0.286169 0.943827
    outer loop
      vertex -15.824 -17.1079 171.524
      vertex -17.7897 -20.6102 170.118
      vertex -8.95408 -25.7114 170.118
    endloop
  endfacet
  facet normal -0.154912 -0.291945 0.943806
    outer loop
      vertex -17.7897 -20.6102 170.118
      vertex -15.824 -17.1079 171.524
      vertex -17.8171 -20.5601 170.129
    endloop
  endfacet
  facet normal -0.265724 -0.46178 0.846257
    outer loop
      vertex -8.95408 -25.7114 170.118
      vertex -15.0188 -25.9234 168.098
      vertex -14.9941 -25.9706 168.08
    endloop
  endfacet
  facet normal -0.265947 -0.460639 0.846808
    outer loop
      vertex -15.0188 -25.9234 168.098
      vertex -8.95408 -25.7114 170.118
      vertex -17.7897 -20.6102 170.118
    endloop
  endfacet
  facet normal -0.265283 -0.459513 -0.847627
    outer loop
      vertex -13.57 -23.5039 136.13
      vertex -13.9326 -22.8371 135.882
      vertex -12.8112 -23.4845 135.882
    endloop
  endfacet
  facet normal -0.165305 -0.285855 -0.943907
    outer loop
      vertex -12.8112 -23.4845 135.882
      vertex -6.90391 -22.2579 134.476
      vertex -7.56994 -23.4115 134.942
    endloop
  endfacet
  facet normal -0.165372 -0.28645 -0.943715
    outer loop
      vertex -14.9439 -21.0277 135.51
      vertex -12.8112 -23.4845 135.882
      vertex -13.9326 -22.8371 135.882
    endloop
  endfacet
  facet normal -0.165185 -0.2863 -0.943793
    outer loop
      vertex -12.8112 -23.4845 135.882
      vertex -14.9439 -21.0277 135.51
      vertex -6.90391 -22.2579 134.476
    endloop
  endfacet
  facet normal -0.165159 -0.286065 -0.943869
    outer loop
      vertex -14.9439 -21.0277 135.51
      vertex -15.824 -17.1079 134.476
      vertex -6.90391 -22.2579 134.476
    endloop
  endfacet
  facet normal -0.164995 -0.286038 -0.943906
    outer loop
      vertex -15.824 -17.1079 134.476
      vertex -14.9439 -21.0277 135.51
      vertex -16.49 -18.2615 134.942
    endloop
  endfacet
  facet normal -0.0559403 -0.0968911 -0.993722
    outer loop
      vertex -6.90391 -22.2579 134.476
      vertex -13.71 -13.4465 134
      vertex -4.78997 -18.5965 134
    endloop
  endfacet
  facet normal -0.0559396 -0.0968906 -0.993722
    outer loop
      vertex -13.71 -13.4465 134
      vertex -6.90391 -22.2579 134.476
      vertex -15.824 -17.1079 134.476
    endloop
  endfacet
  facet normal -0.500001 -0.866025 0
    outer loop
      vertex -13.71 -13.4465 85
      vertex -4.78997 -18.5965 134
      vertex -13.71 -13.4465 134
    endloop
  endfacet
  facet normal -0.500001 -0.866025 -0
    outer loop
      vertex -4.78997 -18.5965 134
      vertex -13.71 -13.4465 85
      vertex -4.78997 -18.5965 85
    endloop
  endfacet
  facet normal -0.0719572 -0.124693 0.989583
    outer loop
      vertex -4.78997 -18.5965 85
      vertex -7.91761 -19.5034 84.6583
      vertex -5.32199 -19.518 84.8452
    endloop
  endfacet
  facet normal -0.0719691 -0.124654 0.989587
    outer loop
      vertex -7.91761 -19.5034 84.6583
      vertex -4.78997 -18.5965 85
      vertex -13.71 -13.4465 85
    endloop
  endfacet
  facet normal -0.0719746 -0.124659 0.989586
    outer loop
      vertex -7.91761 -19.5034 84.6583
      vertex -12.2602 -17.7566 84.5625
      vertex -9.24759 -19.496 84.5625
    endloop
  endfacet
  facet normal -0.0719747 -0.124659 0.989586
    outer loop
      vertex -13.71 -13.4465 85
      vertex -12.2602 -17.7566 84.5625
      vertex -7.91761 -19.5034 84.6583
    endloop
  endfacet
  facet normal -0.0719946 -0.124665 0.989583
    outer loop
      vertex -12.2602 -17.7566 84.5625
      vertex -13.71 -13.4465 85
      vertex -14.2421 -14.368 84.8452
    endloop
  endfacet
  facet normal -0.140597 -0.243512 0.959653
    outer loop
      vertex -9.24759 -19.496 84.5625
      vertex -12.2602 -17.7566 84.5625
      vertex -11.2431 -19.4737 84.2758
    endloop
  endfacet
  facet normal -0.0935501 -0.162003 -0.982346
    outer loop
      vertex -12.8725 -22.2959 21.8562
      vertex -6.73919 -21.9726 21.2188
      vertex -6.98414 -22.3969 21.3121
    endloop
  endfacet
  facet normal -0.093546 -0.162062 -0.982337
    outer loop
      vertex -6.73919 -21.9726 21.2188
      vertex -12.8725 -22.2959 21.8562
      vertex -13.9477 -20.5054 21.6632
    endloop
  endfacet
  facet normal -0.0935396 -0.162029 -0.982343
    outer loop
      vertex -14.4552 -19.6601 21.5721
      vertex -6.73919 -21.9726 21.2188
      vertex -13.9477 -20.5054 21.6632
    endloop
  endfacet
  facet normal -0.0935314 -0.162 -0.982348
    outer loop
      vertex -14.4552 -19.6601 21.5721
      vertex -15.6592 -16.8226 21.2188
      vertex -6.73919 -21.9726 21.2188
    endloop
  endfacet
  facet normal -0.0935342 -0.162001 -0.982348
    outer loop
      vertex -15.6592 -16.8226 21.2188
      vertex -14.4552 -19.6601 21.5721
      vertex -15.9042 -17.2469 21.3121
    endloop
  endfacet
  facet normal -0.0280188 -0.0485298 -0.998429
    outer loop
      vertex -6.73919 -21.9726 21.2188
      vertex -15.6592 -16.8226 21.2188
      vertex -4.78997 -18.5965 21
    endloop
  endfacet
  facet normal -0.0280189 -0.0485299 -0.998429
    outer loop
      vertex -4.78997 -18.5965 21
      vertex -15.6592 -16.8226 21.2188
      vertex -13.71 -13.4465 21
    endloop
  endfacet
  facet normal -0.500001 -0.866025 0
    outer loop
      vertex -13.71 -13.4465 0
      vertex -4.78997 -18.5965 21
      vertex -13.71 -13.4465 21
    endloop
  endfacet
  facet normal -0.500001 -0.866025 -0
    outer loop
      vertex -4.78997 -18.5965 21
      vertex -13.71 -13.4465 0
      vertex -4.78997 -18.5965 0
    endloop
  endfacet
  facet normal -0.866014 -0.50002 -6.63862e-06
    outer loop
      vertex 13.71 -13.4465 203
      vertex 15.3676 -16.3174 203.499
      vertex 15.1577 -15.9539 206.358
    endloop
  endfacet
  facet normal -0.866015 -0.500019 3.54406e-06
    outer loop
      vertex 15.3676 -16.3174 203.499
      vertex 13.71 -13.4465 203
      vertex 17.798 -20.527 170.389
    endloop
  endfacet
  facet normal -0.866028 -0.499996 -3.12883e-06
    outer loop
      vertex 15.824 -17.1079 171.524
      vertex 17.798 -20.527 170.389
      vertex 13.71 -13.4465 203
    endloop
  endfacet
  facet normal -0.866022 -0.500005 3.51842e-05
    outer loop
      vertex 17.798 -20.527 170.389
      vertex 15.824 -17.1079 171.524
      vertex 17.8171 -20.5601 170.129
    endloop
  endfacet
  facet normal -0.866016 -0.500016 -0
    outer loop
      vertex 13.71 -13.4465 203
      vertex 13.71 -13.4465 172
      vertex 15.824 -17.1079 171.524
    endloop
  endfacet
  facet normal -0.865997 -0.50005 -6.14768e-06
    outer loop
      vertex 15.5825 -16.6897 114.718
      vertex 13.71 -13.4465 85
      vertex 14.2421 -14.368 84.8452
    endloop
  endfacet
  facet normal -0.866031 -0.49999 2.57037e-06
    outer loop
      vertex 13.71 -13.4465 85
      vertex 15.5825 -16.6897 114.718
      vertex 15.824 -17.1079 134.476
    endloop
  endfacet
  facet normal -0.86605 -0.499957 1.76596e-06
    outer loop
      vertex 16.3723 -18.0577 132.32
      vertex 15.824 -17.1079 134.476
      vertex 15.9881 -17.3922 123.757
    endloop
  endfacet
  facet normal -0.866038 -0.499978 1.41651e-05
    outer loop
      vertex 15.824 -17.1079 134.476
      vertex 16.3723 -18.0577 132.32
      vertex 16.49 -18.2615 134.942
    endloop
  endfacet
  facet normal -0.866035 -0.499984 2.72933e-06
    outer loop
      vertex 15.824 -17.1079 134.476
      vertex 15.5825 -16.6897 114.718
      vertex 15.9881 -17.3922 123.757
    endloop
  endfacet
  facet normal -0.866016 -0.500016 -0
    outer loop
      vertex 13.71 -13.4465 134
      vertex 13.71 -13.4465 85
      vertex 15.824 -17.1079 134.476
    endloop
  endfacet
  facet normal -0.864789 -0.502135 -0.000927599
    outer loop
      vertex 16.1017 -17.5889 6.01776
      vertex 14.9608 -15.6129 0
      vertex 14.9734 -15.6346 0
    endloop
  endfacet
  facet normal -0.866011 -0.500025 -2.70761e-06
    outer loop
      vertex 14.9608 -15.6129 0
      vertex 16.1017 -17.5889 6.01776
      vertex 15.6592 -16.8226 21.2188
    endloop
  endfacet
  facet normal -0.866008 -0.50003 -2.37365e-06
    outer loop
      vertex 16.4734 -18.2327 16
      vertex 15.6592 -16.8226 21.2188
      vertex 16.1017 -17.5889 6.01776
    endloop
  endfacet
  facet normal -0.866024 -0.500002 -0
    outer loop
      vertex 16.4734 -18.2327 16
      vertex 16.1017 -17.5889 6.01776
      vertex 16.4734 -18.2327 8
    endloop
  endfacet
  facet normal -0.865999 -0.500046 3.48482e-06
    outer loop
      vertex 15.6592 -16.8226 21.2188
      vertex 16.4734 -18.2327 16
      vertex 15.9042 -17.2469 21.3121
    endloop
  endfacet
  facet normal -0.86602 -0.500009 0
    outer loop
      vertex 14.9608 -15.6129 0
      vertex 13.71 -13.4465 21
      vertex 13.71 -13.4465 0
    endloop
  endfacet
  facet normal -0.866025 -0.500002 -9.58581e-07
    outer loop
      vertex 13.71 -13.4465 21
      vertex 14.9608 -15.6129 0
      vertex 15.6592 -16.8226 21.2188
    endloop
  endfacet
  facet normal 0.866025 0.5 -8.32259e-08
    outer loop
      vertex 8.8779 -25.677 170.389
      vertex 4.78997 -18.5965 203
      vertex 6.23762 -21.1039 206.358
    endloop
  endfacet
  facet normal 0.866029 0.499994 1.71816e-06
    outer loop
      vertex 8.8779 -25.677 170.389
      vertex 6.90391 -22.2579 171.524
      vertex 4.78997 -18.5965 203
    endloop
  endfacet
  facet normal 0.866038 0.499977 6.94888e-05
    outer loop
      vertex 6.90391 -22.2579 171.524
      vertex 8.8779 -25.677 170.389
      vertex 8.89703 -25.7101 170.129
    endloop
  endfacet
  facet normal 0.866022 0.500005 0
    outer loop
      vertex 6.90391 -22.2579 171.524
      vertex 4.78997 -18.5965 172
      vertex 4.78997 -18.5965 203
    endloop
  endfacet
  facet normal 0.866029 0.499994 -7.64754e-07
    outer loop
      vertex 4.78997 -18.5965 85
      vertex 6.66243 -21.8397 114.718
      vertex 5.32199 -19.518 84.8452
    endloop
  endfacet
  facet normal 0.866033 0.499987 -1.76328e-06
    outer loop
      vertex 6.66243 -21.8397 114.718
      vertex 4.78997 -18.5965 85
      vertex 6.90391 -22.2579 134.476
    endloop
  endfacet
  facet normal 0.866026 0.499999 -8.28821e-07
    outer loop
      vertex 7.06804 -22.5422 123.757
      vertex 6.90391 -22.2579 134.476
      vertex 7.56994 -23.4115 134.942
    endloop
  endfacet
  facet normal 0.86602 0.500009 -1.16597e-06
    outer loop
      vertex 7.06804 -22.5422 123.757
      vertex 6.66243 -21.8397 114.718
      vertex 6.90391 -22.2579 134.476
    endloop
  endfacet
  facet normal 0.866022 0.500005 0
    outer loop
      vertex 6.90391 -22.2579 134.476
      vertex 4.78997 -18.5965 85
      vertex 4.78997 -18.5965 134
    endloop
  endfacet
  facet normal 0.86603 0.499993 -9.4106e-07
    outer loop
      vertex 7.55329 -23.3827 16
      vertex 6.04076 -20.7629 0
      vertex 6.73919 -21.9726 21.2188
    endloop
  endfacet
  facet normal 0.866042 0.499971 6.87954e-06
    outer loop
      vertex 7.55329 -23.3827 16
      vertex 6.73919 -21.9726 21.2188
      vertex 6.98414 -22.3969 21.3121
    endloop
  endfacet
  facet normal 0.866027 0.499997 -0
    outer loop
      vertex 7.55329 -23.3827 8
      vertex 6.04076 -20.7629 0
      vertex 7.55329 -23.3827 16
    endloop
  endfacet
  facet normal 0.865999 0.500045 2.09167e-05
    outer loop
      vertex 6.04076 -20.7629 0
      vertex 7.55329 -23.3827 8
      vertex 6.05329 -20.7846 0
    endloop
  endfacet
  facet normal 0.866022 0.500006 0
    outer loop
      vertex 4.78997 -18.5965 21
      vertex 6.04076 -20.7629 0
      vertex 4.78997 -18.5965 0
    endloop
  endfacet
  facet normal 0.866022 0.500005 2.31879e-08
    outer loop
      vertex 6.04076 -20.7629 0
      vertex 4.78997 -18.5965 21
      vertex 6.73919 -21.9726 21.2188
    endloop
  endfacet
  facet normal 0.424716 -0.735744 -0.527539
    outer loop
      vertex 10.5416 -20.7351 209.259
      vertex 13.2884 -18.6361 208.543
      vertex 11.9031 -20.6167 210.19
    endloop
  endfacet
  facet normal 0.424706 -0.735737 -0.527556
    outer loop
      vertex 13.2884 -18.6361 208.543
      vertex 10.5416 -20.7351 209.259
      vertex 14.8199 -16.4463 206.722
    endloop
  endfacet
  facet normal 0.424748 -0.735749 -0.527505
    outer loop
      vertex 6.49139 -21.0873 206.489
      vertex 14.8199 -16.4463 206.722
      vertex 10.5416 -20.7351 209.259
    endloop
  endfacet
  facet normal 0.424433 -0.735127 -0.528625
    outer loop
      vertex 14.8199 -16.4463 206.722
      vertex 6.49139 -21.0873 206.489
      vertex 15.0164 -16.1653 206.489
    endloop
  endfacet
  facet normal 0.380529 -0.65678 -0.651028
    outer loop
      vertex 13.71 -13.4465 203
      vertex 6.49139 -21.0873 206.489
      vertex 6.39703 -21.0934 206.44
    endloop
  endfacet
  facet normal 0.37871 -0.655934 -0.652938
    outer loop
      vertex 6.49139 -21.0873 206.489
      vertex 13.71 -13.4465 203
      vertex 15.0164 -16.1653 206.489
    endloop
  endfacet
  facet normal 0.377174 -0.656755 -0.653003
    outer loop
      vertex 15.0164 -16.1653 206.489
      vertex 13.71 -13.4465 203
      vertex 15.1577 -15.9539 206.358
    endloop
  endfacet
  facet normal 0.379088 -0.655655 -0.653
    outer loop
      vertex 4.78997 -18.5965 203
      vertex 6.39703 -21.0934 206.44
      vertex 6.23762 -21.1039 206.358
    endloop
  endfacet
  facet normal 0.378685 -0.655899 -0.652989
    outer loop
      vertex 6.39703 -21.0934 206.44
      vertex 4.78997 -18.5965 203
      vertex 13.71 -13.4465 203
    endloop
  endfacet
  facet normal 0.500001 -0.866025 0
    outer loop
      vertex 4.78997 -18.5965 172
      vertex 13.71 -13.4465 203
      vertex 4.78997 -18.5965 203
    endloop
  endfacet
  facet normal 0.500001 -0.866025 0
    outer loop
      vertex 13.71 -13.4465 203
      vertex 4.78997 -18.5965 172
      vertex 13.71 -13.4465 172
    endloop
  endfacet
  facet normal 0.0559396 -0.0968906 0.993722
    outer loop
      vertex 13.71 -13.4465 172
      vertex 6.90391 -22.2579 171.524
      vertex 15.824 -17.1079 171.524
    endloop
  endfacet
  facet normal 0.0559403 -0.0968911 0.993722
    outer loop
      vertex 6.90391 -22.2579 171.524
      vertex 13.71 -13.4465 172
      vertex 4.78997 -18.5965 172
    endloop
  endfacet
  facet normal 0.146455 -0.296766 0.943653
    outer loop
      vertex 15.824 -17.1079 171.524
      vertex 17.8004 -20.5906 170.122
      vertex 17.8171 -20.5601 170.129
    endloop
  endfacet
  facet normal 0.165227 -0.286182 0.943822
    outer loop
      vertex 17.8004 -20.5906 170.122
      vertex 15.824 -17.1079 171.524
      vertex 6.90391 -22.2579 171.524
    endloop
  endfacet
  facet normal 0.164852 -0.282832 0.944897
    outer loop
      vertex 6.90391 -22.2579 171.524
      vertex 17.7897 -20.6102 170.118
      vertex 17.8004 -20.5906 170.122
    endloop
  endfacet
  facet normal 0.165219 -0.286171 0.943827
    outer loop
      vertex 17.7897 -20.6102 170.118
      vertex 6.90391 -22.2579 171.524
      vertex 8.95408 -25.7114 170.118
    endloop
  endfacet
  facet normal 0.175597 -0.280001 0.943803
    outer loop
      vertex 8.95408 -25.7114 170.118
      vertex 6.90391 -22.2579 171.524
      vertex 8.89703 -25.7101 170.129
    endloop
  endfacet
  facet normal 0.265955 -0.460652 0.846798
    outer loop
      vertex 17.7897 -20.6102 170.118
      vertex 8.95408 -25.7114 170.118
      vertex 14.9941 -25.9706 168.08
    endloop
  endfacet
  facet normal 0.265283 -0.459513 -0.847627
    outer loop
      vertex 13.57 -23.5039 136.13
      vertex 12.8112 -23.4845 135.882
      vertex 13.9326 -22.8371 135.882
    endloop
  endfacet
  facet normal 0.163867 -0.286689 -0.943905
    outer loop
      vertex 16.2683 -18.6582 135.024
      vertex 15.824 -17.1079 134.476
      vertex 16.49 -18.2615 134.942
    endloop
  endfacet
  facet normal 0.165383 -0.286212 -0.943786
    outer loop
      vertex 13.9326 -22.8371 135.882
      vertex 15.824 -17.1079 134.476
      vertex 16.2683 -18.6582 135.024
    endloop
  endfacet
  facet normal 0.165386 -0.286475 -0.943705
    outer loop
      vertex 10.7386 -23.4556 135.51
      vertex 13.9326 -22.8371 135.882
      vertex 12.8112 -23.4845 135.882
    endloop
  endfacet
  facet normal 0.165344 -0.286202 -0.943796
    outer loop
      vertex 13.9326 -22.8371 135.882
      vertex 10.7386 -23.4556 135.51
      vertex 15.824 -17.1079 134.476
    endloop
  endfacet
  facet normal 0.165222 -0.285904 -0.943907
    outer loop
      vertex 6.90391 -22.2579 134.476
      vertex 10.7386 -23.4556 135.51
      vertex 7.56994 -23.4115 134.942
    endloop
  endfacet
  facet normal 0.16516 -0.286067 -0.943869
    outer loop
      vertex 10.7386 -23.4556 135.51
      vertex 6.90391 -22.2579 134.476
      vertex 15.824 -17.1079 134.476
    endloop
  endfacet
  facet normal 0.0559396 -0.0968906 -0.993722
    outer loop
      vertex 6.90391 -22.2579 134.476
      vertex 13.71 -13.4465 134
      vertex 15.824 -17.1079 134.476
    endloop
  endfacet
  facet normal 0.0559403 -0.0968911 -0.993722
    outer loop
      vertex 13.71 -13.4465 134
      vertex 6.90391 -22.2579 134.476
      vertex 4.78997 -18.5965 134
    endloop
  endfacet
  facet normal 0.500001 -0.866025 0
    outer loop
      vertex 4.78997 -18.5965 85
      vertex 13.71 -13.4465 134
      vertex 4.78997 -18.5965 134
    endloop
  endfacet
  facet normal 0.500001 -0.866025 0
    outer loop
      vertex 13.71 -13.4465 134
      vertex 4.78997 -18.5965 85
      vertex 13.71 -13.4465 85
    endloop
  endfacet
  facet normal 0.0720063 -0.124659 0.989583
    outer loop
      vertex 13.71 -13.4465 85
      vertex 12.9317 -16.6086 84.6583
      vertex 14.2421 -14.368 84.8452
    endloop
  endfacet
  facet normal 0.0719666 -0.124649 0.989587
    outer loop
      vertex 12.9317 -16.6086 84.6583
      vertex 13.71 -13.4465 85
      vertex 4.78997 -18.5965 85
    endloop
  endfacet
  facet normal 0.0719932 -0.124691 0.98958
    outer loop
      vertex 12.9317 -16.6086 84.6583
      vertex 9.24759 -19.496 84.5625
      vertex 12.2602 -17.7566 84.5625
    endloop
  endfacet
  facet normal 0.0719693 -0.124661 0.989586
    outer loop
      vertex 4.78997 -18.5965 85
      vertex 9.24759 -19.496 84.5625
      vertex 12.9317 -16.6086 84.6583
    endloop
  endfacet
  facet normal 0.0719631 -0.12469 0.989583
    outer loop
      vertex 9.24759 -19.496 84.5625
      vertex 4.78997 -18.5965 85
      vertex 5.32199 -19.518 84.8452
    endloop
  endfacet
  facet normal 0.140597 -0.243512 0.959653
    outer loop
      vertex 12.2602 -17.7566 84.5625
      vertex 9.24759 -19.496 84.5625
      vertex 11.2431 -19.4737 84.2758
    endloop
  endfacet
  facet normal 0.0935143 -0.162013 -0.982348
    outer loop
      vertex 12.8725 -22.2959 21.8562
      vertex 15.6592 -16.8226 21.2188
      vertex 15.9042 -17.2469 21.3121
    endloop
  endfacet
  facet normal 0.0935697 -0.16204 -0.982338
    outer loop
      vertex 15.6592 -16.8226 21.2188
      vertex 12.8725 -22.2959 21.8562
      vertex 10.7843 -22.3317 21.6632
    endloop
  endfacet
  facet normal 0.0935394 -0.162009 -0.982346
    outer loop
      vertex 6.73919 -21.9726 21.2188
      vertex 10.7843 -22.3317 21.6632
      vertex 6.98414 -22.3969 21.3121
    endloop
  endfacet
  facet normal 0.0935389 -0.162013 -0.982345
    outer loop
      vertex 10.7843 -22.3317 21.6632
      vertex 6.73919 -21.9726 21.2188
      vertex 15.6592 -16.8226 21.2188
    endloop
  endfacet
  facet normal 0.0280189 -0.0485299 -0.998429
    outer loop
      vertex 15.6592 -16.8226 21.2188
      vertex 6.73919 -21.9726 21.2188
      vertex 13.71 -13.4465 21
    endloop
  endfacet
  facet normal 0.0280188 -0.0485298 -0.998429
    outer loop
      vertex 6.73919 -21.9726 21.2188
      vertex 4.78997 -18.5965 21
      vertex 13.71 -13.4465 21
    endloop
  endfacet
  facet normal 0.500001 -0.866025 0
    outer loop
      vertex 4.78997 -18.5965 0
      vertex 13.71 -13.4465 21
      vertex 4.78997 -18.5965 21
    endloop
  endfacet
  facet normal 0.500001 -0.866025 0
    outer loop
      vertex 13.71 -13.4465 21
      vertex 4.78997 -18.5965 0
      vertex 13.71 -13.4465 0
    endloop
  endfacet
  facet normal -0.866028 0.499995 0
    outer loop
      vertex -24.0266 5.15 8
      vertex -16.4734 18.2327 16
      vertex -16.4734 18.2327 8
    endloop
  endfacet
  facet normal -0.866028 0.499995 0
    outer loop
      vertex -16.4734 18.2327 16
      vertex -24.0266 5.15 8
      vertex -24.0266 5.15 16
    endloop
  endfacet
  facet normal -0.851482 0.491616 0.182461
    outer loop
      vertex -19.5 0 51
      vertex -24.2537 2.68856 21.5721
      vertex -25.7451 0 21.8562
    endloop
  endfacet
  facet normal -0.851488 0.491606 0.182461
    outer loop
      vertex -24.2537 2.68856 21.5721
      vertex -19.5 0 51
      vertex -9.75 16.8875 51
    endloop
  endfacet
  facet normal -0.851489 0.491601 0.182468
    outer loop
      vertex -24.0266 5.15 16
      vertex -15.9042 17.2469 21.3121
      vertex -16.4734 18.2327 16
    endloop
  endfacet
  facet normal -0.851489 0.491604 0.182461
    outer loop
      vertex -22.8883 5.15 21.3121
      vertex -15.9042 17.2469 21.3121
      vertex -24.0266 5.15 16
    endloop
  endfacet
  facet normal -0.851489 0.491604 0.182462
    outer loop
      vertex -15.9042 17.2469 21.3121
      vertex -22.8883 5.15 21.3121
      vertex -9.75 16.8875 51
    endloop
  endfacet
  facet normal -0.851488 0.491607 0.18246
    outer loop
      vertex -9.75 16.8875 51
      vertex -22.8883 5.15 21.3121
      vertex -24.2537 2.68856 21.5721
    endloop
  endfacet
  facet normal -0.851483 0.491615 0.182461
    outer loop
      vertex -12.8725 22.2959 21.8562
      vertex -15.9042 17.2469 21.3121
      vertex -9.75 16.8875 51
    endloop
  endfacet
  facet normal -0.863425 0.49849 -0.0774847
    outer loop
      vertex -19.5 0 51
      vertex -19.564 5.15 84.8452
      vertex -16.3723 18.0577 132.32
    endloop
  endfacet
  facet normal -0.863419 0.498501 -0.0774864
    outer loop
      vertex -19.5 0 51
      vertex -21.5078 1.73934 84.5625
      vertex -19.564 5.15 84.8452
    endloop
  endfacet
  facet normal -0.863417 0.498505 -0.0774864
    outer loop
      vertex -21.5078 1.73934 84.5625
      vertex -19.5 0 51
      vertex -22.4863 0 84.2758
    endloop
  endfacet
  facet normal -0.863397 0.498538 -0.0774971
    outer loop
      vertex -16.49 18.2615 134.942
      vertex -15 25.9808 168
      vertex -16.2683 18.6582 135.024
    endloop
  endfacet
  facet normal -0.863421 0.498498 -0.0774871
    outer loop
      vertex -24.0599 5.15 134.942
      vertex -16.3723 18.0577 132.32
      vertex -19.564 5.15 84.8452
    endloop
  endfacet
  facet normal -0.863421 0.498495 -0.0775049
    outer loop
      vertex -16.3723 18.0577 132.32
      vertex -24.0599 5.15 134.942
      vertex -16.49 18.2615 134.942
    endloop
  endfacet
  facet normal -0.863422 0.498495 -0.077487
    outer loop
      vertex -30 0 168
      vertex -16.49 18.2615 134.942
      vertex -24.0599 5.15 134.942
    endloop
  endfacet
  facet normal -0.863424 0.498493 -0.0774876
    outer loop
      vertex -30 0 168
      vertex -24.0599 5.15 134.942
      vertex -26.7438 0.647419 135.882
    endloop
  endfacet
  facet normal -0.863389 0.498553 -0.0774829
    outer loop
      vertex -30 0 168
      vertex -26.7438 0.647419 135.882
      vertex -27.1399 0 136.13
    endloop
  endfacet
  facet normal -0.863422 0.498496 -0.0774863
    outer loop
      vertex -16.49 18.2615 134.942
      vertex -30 0 168
      vertex -15 25.9808 168
    endloop
  endfacet
  facet normal -0.863421 0.498498 -0.0774854
    outer loop
      vertex -9.75 16.8875 51
      vertex -12.2602 17.7566 84.5625
      vertex -11.2431 19.4737 84.2758
    endloop
  endfacet
  facet normal -0.863388 0.498556 -0.0774844
    outer loop
      vertex -9.75 16.8875 51
      vertex -12.9317 16.6086 84.6583
      vertex -12.2602 17.7566 84.5625
    endloop
  endfacet
  facet normal -0.863419 0.498501 -0.0774878
    outer loop
      vertex -9.75 16.8875 51
      vertex -14.2421 14.368 84.8452
      vertex -12.9317 16.6086 84.6583
    endloop
  endfacet
  facet normal -0.863422 0.498497 -0.0774885
    outer loop
      vertex -14.2421 14.368 84.8452
      vertex -9.75 16.8875 51
      vertex -19.5 0 51
    endloop
  endfacet
  facet normal -0.863426 0.498489 -0.0774845
    outer loop
      vertex -19.5 0 51
      vertex -15.5825 16.6897 114.718
      vertex -14.2421 14.368 84.8452
    endloop
  endfacet
  facet normal -0.863435 0.498474 -0.0774806
    outer loop
      vertex -15.9881 17.3922 123.757
      vertex -19.5 0 51
      vertex -16.3723 18.0577 132.32
    endloop
  endfacet
  facet normal -0.863423 0.498494 -0.0774861
    outer loop
      vertex -15.5825 16.6897 114.718
      vertex -19.5 0 51
      vertex -15.9881 17.3922 123.757
    endloop
  endfacet
  facet normal -0.863272 0.498608 -0.0784251
    outer loop
      vertex -16.2683 18.6582 135.024
      vertex -13.57 23.5039 136.13
      vertex -13.9326 22.8371 135.882
    endloop
  endfacet
  facet normal -0.863431 0.498481 -0.0774834
    outer loop
      vertex -13.57 23.5039 136.13
      vertex -16.2683 18.6582 135.024
      vertex -15 25.9808 168
    endloop
  endfacet
  facet normal -0.858829 0.496624 0.125604
    outer loop
      vertex -29.9883 0 168.08
      vertex -29.9597 0.0449065 168.098
      vertex -30 0 168
    endloop
  endfacet
  facet normal -0.859112 0.496003 0.126127
    outer loop
      vertex -21.3953 5.15 206.358
      vertex -15.3676 16.3174 203.499
      vertex -25.3818 5.15 179.204
    endloop
  endfacet
  facet normal -0.859144 0.495931 0.126189
    outer loop
      vertex -14.8199 16.4463 206.722
      vertex -11.75 20.3516 212.275
      vertex -13.2884 18.6361 208.543
    endloop
  endfacet
  facet normal -0.859165 0.495774 0.126667
    outer loop
      vertex -15.1577 15.9539 206.358
      vertex -14.8199 16.4463 206.722
      vertex -15.0164 16.1653 206.489
    endloop
  endfacet
  facet normal -0.859091 0.495994 0.126301
    outer loop
      vertex -21.3953 5.15 206.358
      vertex -14.8199 16.4463 206.722
      vertex -15.1577 15.9539 206.358
    endloop
  endfacet
  facet normal -0.85911 0.496004 0.126137
    outer loop
      vertex -15.3676 16.3174 203.499
      vertex -21.3953 5.15 206.358
      vertex -15.1577 15.9539 206.358
    endloop
  endfacet
  facet normal -0.859109 0.49601 0.126114
    outer loop
      vertex -14.8199 16.4463 206.722
      vertex -21.3953 5.15 206.358
      vertex -11.75 20.3516 212.275
    endloop
  endfacet
  facet normal -0.859097 0.496084 0.125905
    outer loop
      vertex -21.5078 4.92193 206.489
      vertex -11.75 20.3516 212.275
      vertex -21.3953 5.15 206.358
    endloop
  endfacet
  facet normal -0.859087 0.496037 0.126164
    outer loop
      vertex -23.5 0 212.275
      vertex -21.5078 4.92193 206.489
      vertex -23.8062 0 210.19
    endloop
  endfacet
  facet normal -0.859109 0.496007 0.126131
    outer loop
      vertex -21.5078 4.92193 206.489
      vertex -23.5 0 212.275
      vertex -11.75 20.3516 212.275
    endloop
  endfacet
  facet normal -0.858977 0.496115 0.126604
    outer loop
      vertex -15 25.9808 168
      vertex -17.7897 20.6102 170.118
      vertex -14.9941 25.9706 168.08
    endloop
  endfacet
  facet normal -0.860917 0.494439 0.1198
    outer loop
      vertex -15 25.9808 168
      vertex -17.8004 20.5906 170.122
      vertex -17.7897 20.6102 170.118
    endloop
  endfacet
  facet normal -0.853328 0.500641 0.145569
    outer loop
      vertex -15 25.9808 168
      vertex -17.8171 20.5601 170.129
      vertex -17.8004 20.5906 170.122
    endloop
  endfacet
  facet normal -0.859109 0.496008 0.126126
    outer loop
      vertex -25.3818 5.15 179.204
      vertex -17.798 20.527 170.389
      vertex -26.7141 5.15 170.129
    endloop
  endfacet
  facet normal -0.859096 0.495998 0.126255
    outer loop
      vertex -17.8171 20.5601 170.129
      vertex -26.7141 5.15 170.129
      vertex -17.798 20.527 170.389
    endloop
  endfacet
  facet normal -0.859111 0.496007 0.126118
    outer loop
      vertex -30 0 168
      vertex -17.8171 20.5601 170.129
      vertex -15 25.9808 168
    endloop
  endfacet
  facet normal -0.85911 0.496006 0.126124
    outer loop
      vertex -17.8171 20.5601 170.129
      vertex -30 0 168
      vertex -26.7141 5.15 170.129
    endloop
  endfacet
  facet normal -0.85948 0.493866 0.131872
    outer loop
      vertex -26.7141 5.15 170.129
      vertex -30 0 168
      vertex -26.7438 5.10125 170.118
    endloop
  endfacet
  facet normal -0.859095 0.496073 0.125966
    outer loop
      vertex -26.7438 5.10125 170.118
      vertex -30 0 168
      vertex -29.9597 0.0449065 168.098
    endloop
  endfacet
  facet normal -0.85911 0.496007 0.126124
    outer loop
      vertex -17.798 20.527 170.389
      vertex -25.3818 5.15 179.204
      vertex -15.3676 16.3174 203.499
    endloop
  endfacet
  facet normal -0.859114 0.495994 0.126148
    outer loop
      vertex -11.75 20.3516 212.275
      vertex -11.9031 20.6167 210.19
      vertex -13.2884 18.6361 208.543
    endloop
  endfacet
  facet normal -0.840673 0.485363 0.240192
    outer loop
      vertex -19.5 0 226.275
      vertex -9.75 16.8875 226.275
      vertex -23.5 0 212.275
    endloop
  endfacet
  facet normal -0.840673 0.485363 0.240192
    outer loop
      vertex -9.75 16.8875 226.275
      vertex -11.75 20.3516 212.275
      vertex -23.5 0 212.275
    endloop
  endfacet
  facet normal -0.661692 0.382028 0.64515
    outer loop
      vertex 0 0 246.275
      vertex -9.75 16.8875 226.275
      vertex -19.5 0 226.275
    endloop
  endfacet
  facet normal 0 0 -1
    outer loop
      vertex -6.04076 -20.7629 0
      vertex 6.04076 -20.7629 0
      vertex 6.05329 -20.7846 0
    endloop
  endfacet
  facet normal 0 0 -1
    outer loop
      vertex 4.78997 -18.5965 0
      vertex 3.94352 -13 0
      vertex 4.57665 -12.7909 0
    endloop
  endfacet
  facet normal 0 0 -1
    outer loop
      vertex 4.78997 -18.5965 0
      vertex 3.30089 -13.1779 0
      vertex 3.94352 -13 0
    endloop
  endfacet
  facet normal 0 0 -1
    outer loop
      vertex 4.78997 -18.5965 0
      vertex 2.6503 -13.324 0
      vertex 3.30089 -13.1779 0
    endloop
  endfacet
  facet normal 0 0 -1
    outer loop
      vertex 4.78997 -18.5965 0
      vertex 1.99333 -13.438 0
      vertex 2.6503 -13.324 0
    endloop
  endfacet
  facet normal 0 0 -1
    outer loop
      vertex 4.78997 -18.5965 0
      vertex 1.33156 -13.5196 0
      vertex 1.99333 -13.438 0
    endloop
  endfacet
  facet normal 0 0 -1
    outer loop
      vertex 6.04076 -20.7629 0
      vertex -4.78997 -18.5965 0
      vertex 4.78997 -18.5965 0
    endloop
  endfacet
  facet normal 0 0 -1
    outer loop
      vertex 4.78997 -18.5965 0
      vertex 0.666584 -13.5686 0
      vertex 1.33156 -13.5196 0
    endloop
  endfacet
  facet normal 0 -0 -1
    outer loop
      vertex 0 -13.585 0
      vertex 4.78997 -18.5965 0
      vertex -4.78997 -18.5965 0
    endloop
  endfacet
  facet normal 0 0 -1
    outer loop
      vertex 4.78997 -18.5965 0
      vertex 0 -13.585 0
      vertex 0.666584 -13.5686 0
    endloop
  endfacet
  facet normal -0 0 -1
    outer loop
      vertex 0 -13.585 0
      vertex -4.78997 -18.5965 0
      vertex -0.666584 -13.5686 0
    endloop
  endfacet
  facet normal -0 0 -1
    outer loop
      vertex -0.666584 -13.5686 0
      vertex -4.78997 -18.5965 0
      vertex -1.33156 -13.5196 0
    endloop
  endfacet
  facet normal -0 0 -1
    outer loop
      vertex -1.33156 -13.5196 0
      vertex -4.78997 -18.5965 0
      vertex -1.99333 -13.438 0
    endloop
  endfacet
  facet normal -0 0 -1
    outer loop
      vertex -1.99333 -13.438 0
      vertex -4.78997 -18.5965 0
      vertex -2.6503 -13.324 0
    endloop
  endfacet
  facet normal -0 0 -1
    outer loop
      vertex -2.6503 -13.324 0
      vertex -4.78997 -18.5965 0
      vertex -3.30089 -13.1779 0
    endloop
  endfacet
  facet normal -0 0 -1
    outer loop
      vertex -3.30089 -13.1779 0
      vertex -4.78997 -18.5965 0
      vertex -3.94352 -13 0
    endloop
  endfacet
  facet normal -0 0 -1
    outer loop
      vertex -3.94352 -13 0
      vertex -4.78997 -18.5965 0
      vertex -4.57665 -12.7909 0
    endloop
  endfacet
  facet normal 0 0 -1
    outer loop
      vertex 6.04076 -20.7629 0
      vertex -6.04076 -20.7629 0
      vertex -4.78997 -18.5965 0
    endloop
  endfacet
  facet normal 0 -0 -1
    outer loop
      vertex -6.04076 -20.7629 0
      vertex 6.05329 -20.7846 0
      vertex -6.05329 -20.7846 0
    endloop
  endfacet
  facet normal 0 0 -1
    outer loop
      vertex 13.5196 1.33156 0
      vertex 18.5 5.15 0
      vertex 13.5686 0.666584 0
    endloop
  endfacet
  facet normal 0 0 -1
    outer loop
      vertex 13.438 1.99333 0
      vertex 18.5 5.15 0
      vertex 13.5196 1.33156 0
    endloop
  endfacet
  facet normal 0 0 -1
    outer loop
      vertex 13.324 2.6503 0
      vertex 18.5 5.15 0
      vertex 13.438 1.99333 0
    endloop
  endfacet
  facet normal 0 0 -1
    outer loop
      vertex 13.1779 3.30089 0
      vertex 18.5 5.15 0
      vertex 13.324 2.6503 0
    endloop
  endfacet
  facet normal 0 0 -1
    outer loop
      vertex 13 3.94352 0
      vertex 18.5 5.15 0
      vertex 13.1779 3.30089 0
    endloop
  endfacet
  facet normal 0 0 -1
    outer loop
      vertex 12.7909 4.57665 0
      vertex 18.5 5.15 0
      vertex 13 3.94352 0
    endloop
  endfacet
  facet normal 0 0 -1
    outer loop
      vertex 12.5509 5.19875 0
      vertex 18.5 5.15 0
      vertex 12.7909 4.57665 0
    endloop
  endfacet
  facet normal 0 0 -1
    outer loop
      vertex 12.2807 5.80834 0
      vertex 18.5 5.15 0
      vertex 12.5509 5.19875 0
    endloop
  endfacet
  facet normal 0 0 -1
    outer loop
      vertex 11.9809 6.40392 0
      vertex 18.5 5.15 0
      vertex 12.2807 5.80834 0
    endloop
  endfacet
  facet normal 0 0 -1
    outer loop
      vertex 11.6522 6.98409 0
      vertex 18.5 5.15 0
      vertex 11.9809 6.40392 0
    endloop
  endfacet
  facet normal 0 0 -1
    outer loop
      vertex 18.5 5.15 0
      vertex 11.6522 6.98409 0
      vertex 13.71 13.4465 0
    endloop
  endfacet
  facet normal 0 0 -1
    outer loop
      vertex 11.2955 7.54742 0
      vertex 13.71 13.4465 0
      vertex 11.6522 6.98409 0
    endloop
  endfacet
  facet normal 0 0 -1
    outer loop
      vertex 10.9116 8.09257 0
      vertex 13.71 13.4465 0
      vertex 11.2955 7.54742 0
    endloop
  endfacet
  facet normal 0 0 -1
    outer loop
      vertex 10.5013 8.61823 0
      vertex 13.71 13.4465 0
      vertex 10.9116 8.09257 0
    endloop
  endfacet
  facet normal 0 0 -1
    outer loop
      vertex 10.0658 9.12313 0
      vertex 13.71 13.4465 0
      vertex 10.5013 8.61823 0
    endloop
  endfacet
  facet normal 0 0 -1
    outer loop
      vertex 9.60604 9.60604 0
      vertex 13.71 13.4465 0
      vertex 10.0658 9.12313 0
    endloop
  endfacet
  facet normal 0 0 -1
    outer loop
      vertex 9.12313 10.0658 0
      vertex 13.71 13.4465 0
      vertex 9.60604 9.60604 0
    endloop
  endfacet
  facet normal 0 0 -1
    outer loop
      vertex 8.61823 10.5013 0
      vertex 13.71 13.4465 0
      vertex 9.12313 10.0658 0
    endloop
  endfacet
  facet normal 0 0 -1
    outer loop
      vertex 8.09257 10.9116 0
      vertex 13.71 13.4465 0
      vertex 8.61823 10.5013 0
    endloop
  endfacet
  facet normal 0 0 -1
    outer loop
      vertex 7.54742 11.2955 0
      vertex 13.71 13.4465 0
      vertex 8.09257 10.9116 0
    endloop
  endfacet
  facet normal 0 0 -1
    outer loop
      vertex 6.98409 11.6522 0
      vertex 13.71 13.4465 0
      vertex 7.54742 11.2955 0
    endloop
  endfacet
  facet normal 0 0 -1
    outer loop
      vertex 4.78997 18.5965 0
      vertex 6.98409 11.6522 0
      vertex 6.40392 11.9809 0
    endloop
  endfacet
  facet normal 0 0 -1
    outer loop
      vertex 4.78997 18.5965 0
      vertex 6.40392 11.9809 0
      vertex 5.80834 12.2807 0
    endloop
  endfacet
  facet normal 0 0 -1
    outer loop
      vertex 4.78997 18.5965 0
      vertex 5.80834 12.2807 0
      vertex 5.19875 12.5509 0
    endloop
  endfacet
  facet normal 0 0 -1
    outer loop
      vertex 6.98409 11.6522 0
      vertex 4.78997 18.5965 0
      vertex 13.71 13.4465 0
    endloop
  endfacet
  facet normal 0 -0 -1
    outer loop
      vertex 4.78997 18.5965 0
      vertex 5.19875 12.5509 0
      vertex 4.57665 12.7909 0
    endloop
  endfacet
  facet normal -0 0 -1
    outer loop
      vertex 21.0266 -5.15 0
      vertex 14.9608 -15.6129 0
      vertex 18.5 -5.15 0
    endloop
  endfacet
  facet normal 0 0 -1
    outer loop
      vertex 14.9608 -15.6129 0
      vertex 21.0266 -5.15 0
      vertex 14.9734 -15.6346 0
    endloop
  endfacet
  facet normal 0 0 -1
    outer loop
      vertex 14.9608 15.6129 0
      vertex 21.0266 5.15 0
      vertex 18.5 5.15 0
    endloop
  endfacet
  facet normal 0 0 -1
    outer loop
      vertex 13.71 -13.4465 0
      vertex 18.5 -5.15 0
      vertex 14.9608 -15.6129 0
    endloop
  endfacet
  facet normal 0 -0 -1
    outer loop
      vertex 13.324 -2.6503 0
      vertex 18.5 -5.15 0
      vertex 13.1779 -3.30089 0
    endloop
  endfacet
  facet normal 0 0 -1
    outer loop
      vertex 13.5686 0.666584 0
      vertex 18.5 5.15 0
      vertex 13.585 0 0
    endloop
  endfacet
  facet normal 0 0 -1
    outer loop
      vertex 11.6522 -6.98409 0
      vertex 18.5 -5.15 0
      vertex 13.71 -13.4465 0
    endloop
  endfacet
  facet normal 0 0 -1
    outer loop
      vertex 21.0266 5.15 0
      vertex 14.9608 15.6129 0
      vertex 14.9734 15.6346 0
    endloop
  endfacet
  facet normal 0 0 -1
    outer loop
      vertex 18.5 5.15 0
      vertex 13.71 13.4465 0
      vertex 14.9608 15.6129 0
    endloop
  endfacet
  facet normal 0 0 -1
    outer loop
      vertex 18.5 -5.15 0
      vertex 13.585 0 0
      vertex 18.5 5.15 0
    endloop
  endfacet
  facet normal 0 -0 -1
    outer loop
      vertex 13.585 0 0
      vertex 18.5 -5.15 0
      vertex 13.5686 -0.666584 0
    endloop
  endfacet
  facet normal 0 -0 -1
    outer loop
      vertex 13.5686 -0.666584 0
      vertex 18.5 -5.15 0
      vertex 13.5196 -1.33156 0
    endloop
  endfacet
  facet normal 0 -0 -1
    outer loop
      vertex 13.5196 -1.33156 0
      vertex 18.5 -5.15 0
      vertex 13.438 -1.99333 0
    endloop
  endfacet
  facet normal 0 -0 -1
    outer loop
      vertex 13.438 -1.99333 0
      vertex 18.5 -5.15 0
      vertex 13.324 -2.6503 0
    endloop
  endfacet
  facet normal 0 0 -1
    outer loop
      vertex 18.5 -5.15 0
      vertex 13 -3.94352 0
      vertex 13.1779 -3.30089 0
    endloop
  endfacet
  facet normal 0 0 -1
    outer loop
      vertex 18.5 -5.15 0
      vertex 12.7909 -4.57665 0
      vertex 13 -3.94352 0
    endloop
  endfacet
  facet normal -0 0 -1
    outer loop
      vertex 18.5 -5.15 0
      vertex 12.5509 -5.19875 0
      vertex 12.7909 -4.57665 0
    endloop
  endfacet
  facet normal 0 0 -1
    outer loop
      vertex 18.5 -5.15 0
      vertex 12.2807 -5.80834 0
      vertex 12.5509 -5.19875 0
    endloop
  endfacet
  facet normal 0 0 -1
    outer loop
      vertex 18.5 -5.15 0
      vertex 11.9809 -6.40392 0
      vertex 12.2807 -5.80834 0
    endloop
  endfacet
  facet normal 0 0 -1
    outer loop
      vertex 18.5 -5.15 0
      vertex 11.6522 -6.98409 0
      vertex 11.9809 -6.40392 0
    endloop
  endfacet
  facet normal 0 0 -1
    outer loop
      vertex 13.71 -13.4465 0
      vertex 11.2955 -7.54742 0
      vertex 11.6522 -6.98409 0
    endloop
  endfacet
  facet normal 0 0 -1
    outer loop
      vertex 13.71 -13.4465 0
      vertex 10.9116 -8.09257 0
      vertex 11.2955 -7.54742 0
    endloop
  endfacet
  facet normal 0 0 -1
    outer loop
      vertex 13.71 -13.4465 0
      vertex 10.5013 -8.61823 0
      vertex 10.9116 -8.09257 0
    endloop
  endfacet
  facet normal 0 0 -1
    outer loop
      vertex 13.71 -13.4465 0
      vertex 10.0658 -9.12313 0
      vertex 10.5013 -8.61823 0
    endloop
  endfacet
  facet normal 0 0 -1
    outer loop
      vertex 13.71 -13.4465 0
      vertex 9.60604 -9.60604 0
      vertex 10.0658 -9.12313 0
    endloop
  endfacet
  facet normal 0 0 -1
    outer loop
      vertex 13.71 -13.4465 0
      vertex 9.12313 -10.0658 0
      vertex 9.60604 -9.60604 0
    endloop
  endfacet
  facet normal 0 0 -1
    outer loop
      vertex 13.71 -13.4465 0
      vertex 8.61823 -10.5013 0
      vertex 9.12313 -10.0658 0
    endloop
  endfacet
  facet normal 0 0 -1
    outer loop
      vertex 13.71 -13.4465 0
      vertex 8.09257 -10.9116 0
      vertex 8.61823 -10.5013 0
    endloop
  endfacet
  facet normal 0 0 -1
    outer loop
      vertex 13.71 -13.4465 0
      vertex 7.54742 -11.2955 0
      vertex 8.09257 -10.9116 0
    endloop
  endfacet
  facet normal 0 0 -1
    outer loop
      vertex 13.71 -13.4465 0
      vertex 6.98409 -11.6522 0
      vertex 7.54742 -11.2955 0
    endloop
  endfacet
  facet normal 0 0 -1
    outer loop
      vertex 4.78997 -18.5965 0
      vertex 6.98409 -11.6522 0
      vertex 13.71 -13.4465 0
    endloop
  endfacet
  facet normal 0 0 -1
    outer loop
      vertex 6.98409 -11.6522 0
      vertex 4.78997 -18.5965 0
      vertex 6.40392 -11.9809 0
    endloop
  endfacet
  facet normal 0 0 -1
    outer loop
      vertex 6.40392 -11.9809 0
      vertex 4.78997 -18.5965 0
      vertex 5.80834 -12.2807 0
    endloop
  endfacet
  facet normal 0 0 -1
    outer loop
      vertex 5.80834 -12.2807 0
      vertex 4.78997 -18.5965 0
      vertex 5.19875 -12.5509 0
    endloop
  endfacet
  facet normal 0 0 -1
    outer loop
      vertex 5.19875 -12.5509 0
      vertex 4.78997 -18.5965 0
      vertex 4.57665 -12.7909 0
    endloop
  endfacet
  facet normal 0 0 -1
    outer loop
      vertex -4.78997 18.5965 0
      vertex 6.04076 20.7629 0
      vertex 4.78997 18.5965 0
    endloop
  endfacet
  facet normal 0 0 -1
    outer loop
      vertex 3.94352 13 0
      vertex 4.78997 18.5965 0
      vertex 4.57665 12.7909 0
    endloop
  endfacet
  facet normal 0 0 -1
    outer loop
      vertex 3.30089 13.1779 0
      vertex 4.78997 18.5965 0
      vertex 3.94352 13 0
    endloop
  endfacet
  facet normal 0 0 -1
    outer loop
      vertex 2.6503 13.324 0
      vertex 4.78997 18.5965 0
      vertex 3.30089 13.1779 0
    endloop
  endfacet
  facet normal 0 0 -1
    outer loop
      vertex 1.99333 13.438 0
      vertex 4.78997 18.5965 0
      vertex 2.6503 13.324 0
    endloop
  endfacet
  facet normal 0 0 -1
    outer loop
      vertex 1.33156 13.5196 0
      vertex 4.78997 18.5965 0
      vertex 1.99333 13.438 0
    endloop
  endfacet
  facet normal 0 0 -1
    outer loop
      vertex 0.666584 13.5686 0
      vertex 4.78997 18.5965 0
      vertex 1.33156 13.5196 0
    endloop
  endfacet
  facet normal 0 0 -1
    outer loop
      vertex 0 13.585 0
      vertex 4.78997 18.5965 0
      vertex 0.666584 13.5686 0
    endloop
  endfacet
  facet normal -0 0 -1
    outer loop
      vertex 4.78997 18.5965 0
      vertex 0 13.585 0
      vertex -4.78997 18.5965 0
    endloop
  endfacet
  facet normal 0 0 -1
    outer loop
      vertex -4.78997 18.5965 0
      vertex 0 13.585 0
      vertex -0.666584 13.5686 0
    endloop
  endfacet
  facet normal 0 0 -1
    outer loop
      vertex -4.78997 18.5965 0
      vertex -0.666584 13.5686 0
      vertex -1.33156 13.5196 0
    endloop
  endfacet
  facet normal 0 0 -1
    outer loop
      vertex -4.78997 18.5965 0
      vertex -1.33156 13.5196 0
      vertex -1.99333 13.438 0
    endloop
  endfacet
  facet normal 0 0 -1
    outer loop
      vertex -4.78997 18.5965 0
      vertex -1.99333 13.438 0
      vertex -2.6503 13.324 0
    endloop
  endfacet
  facet normal 0 0 -1
    outer loop
      vertex -4.78997 18.5965 0
      vertex -2.6503 13.324 0
      vertex -3.30089 13.1779 0
    endloop
  endfacet
  facet normal 0 0 -1
    outer loop
      vertex -4.78997 18.5965 0
      vertex -3.30089 13.1779 0
      vertex -3.94352 13 0
    endloop
  endfacet
  facet normal 0 0 -1
    outer loop
      vertex -4.78997 18.5965 0
      vertex -3.94352 13 0
      vertex -4.57665 12.7909 0
    endloop
  endfacet
  facet normal 0 0 -1
    outer loop
      vertex -6.04076 20.7629 0
      vertex 6.04076 20.7629 0
      vertex -4.78997 18.5965 0
    endloop
  endfacet
  facet normal 0 0 -1
    outer loop
      vertex 6.04076 20.7629 0
      vertex -6.04076 20.7629 0
      vertex 6.05329 20.7846 0
    endloop
  endfacet
  facet normal -0 0 -1
    outer loop
      vertex 6.05329 20.7846 0
      vertex -6.04076 20.7629 0
      vertex -6.05329 20.7846 0
    endloop
  endfacet
  facet normal 0 0 -1
    outer loop
      vertex -21.0266 5.15 0
      vertex -14.9608 15.6129 0
      vertex -18.5 5.15 0
    endloop
  endfacet
  facet normal -0 0 -1
    outer loop
      vertex -14.9608 15.6129 0
      vertex -21.0266 5.15 0
      vertex -14.9734 15.6346 0
    endloop
  endfacet
  facet normal 0 0 -1
    outer loop
      vertex -5.19875 12.5509 0
      vertex -4.78997 18.5965 0
      vertex -4.57665 12.7909 0
    endloop
  endfacet
  facet normal 0 0 -1
    outer loop
      vertex -5.80834 12.2807 0
      vertex -4.78997 18.5965 0
      vertex -5.19875 12.5509 0
    endloop
  endfacet
  facet normal 0 0 -1
    outer loop
      vertex -6.40392 11.9809 0
      vertex -4.78997 18.5965 0
      vertex -5.80834 12.2807 0
    endloop
  endfacet
  facet normal 0 0 -1
    outer loop
      vertex -6.98409 11.6522 0
      vertex -4.78997 18.5965 0
      vertex -6.40392 11.9809 0
    endloop
  endfacet
  facet normal 0 0 -1
    outer loop
      vertex -13.71 13.4465 0
      vertex -6.98409 11.6522 0
      vertex -7.54742 11.2955 0
    endloop
  endfacet
  facet normal 0 0 -1
    outer loop
      vertex -13.71 13.4465 0
      vertex -7.54742 11.2955 0
      vertex -8.09257 10.9116 0
    endloop
  endfacet
  facet normal 0 0 -1
    outer loop
      vertex -13.71 13.4465 0
      vertex -8.09257 10.9116 0
      vertex -8.61823 10.5013 0
    endloop
  endfacet
  facet normal 0 0 -1
    outer loop
      vertex -13.71 13.4465 0
      vertex -8.61823 10.5013 0
      vertex -9.12313 10.0658 0
    endloop
  endfacet
  facet normal 0 0 -1
    outer loop
      vertex -13.71 13.4465 0
      vertex -9.12313 10.0658 0
      vertex -9.60604 9.60604 0
    endloop
  endfacet
  facet normal 0 0 -1
    outer loop
      vertex -13.71 13.4465 0
      vertex -9.60604 9.60604 0
      vertex -10.0658 9.12313 0
    endloop
  endfacet
  facet normal 0 0 -1
    outer loop
      vertex -13.71 13.4465 0
      vertex -10.0658 9.12313 0
      vertex -10.5013 8.61823 0
    endloop
  endfacet
  facet normal 0 0 -1
    outer loop
      vertex -13.71 13.4465 0
      vertex -10.5013 8.61823 0
      vertex -10.9116 8.09257 0
    endloop
  endfacet
  facet normal 0 0 -1
    outer loop
      vertex -13.71 13.4465 0
      vertex -10.9116 8.09257 0
      vertex -11.2955 7.54742 0
    endloop
  endfacet
  facet normal 0 0 -1
    outer loop
      vertex -13.71 13.4465 0
      vertex -11.2955 7.54742 0
      vertex -11.6522 6.98409 0
    endloop
  endfacet
  facet normal 0 0 -1
    outer loop
      vertex -6.98409 11.6522 0
      vertex -13.71 13.4465 0
      vertex -4.78997 18.5965 0
    endloop
  endfacet
  facet normal 0 0 -1
    outer loop
      vertex -18.5 5.15 0
      vertex -11.6522 6.98409 0
      vertex -11.9809 6.40392 0
    endloop
  endfacet
  facet normal 0 0 -1
    outer loop
      vertex -18.5 5.15 0
      vertex -11.9809 6.40392 0
      vertex -12.2807 5.80834 0
    endloop
  endfacet
  facet normal 0 0 -1
    outer loop
      vertex -18.5 5.15 0
      vertex -12.2807 5.80834 0
      vertex -12.5509 5.19875 0
    endloop
  endfacet
  facet normal 0 0 -1
    outer loop
      vertex -18.5 5.15 0
      vertex -12.5509 5.19875 0
      vertex -12.7909 4.57665 0
    endloop
  endfacet
  facet normal 0 0 -1
    outer loop
      vertex -18.5 5.15 0
      vertex -12.7909 4.57665 0
      vertex -13 3.94352 0
    endloop
  endfacet
  facet normal 0 0 -1
    outer loop
      vertex -18.5 5.15 0
      vertex -13 3.94352 0
      vertex -13.1779 3.30089 0
    endloop
  endfacet
  facet normal 0 0 -1
    outer loop
      vertex -13.438 1.99333 0
      vertex -18.5 5.15 0
      vertex -13.324 2.6503 0
    endloop
  endfacet
  facet normal 0 0 -1
    outer loop
      vertex -13.5196 1.33156 0
      vertex -18.5 5.15 0
      vertex -13.438 1.99333 0
    endloop
  endfacet
  facet normal 0 0 -1
    outer loop
      vertex -13.5686 0.666584 0
      vertex -18.5 5.15 0
      vertex -13.5196 1.33156 0
    endloop
  endfacet
  facet normal 0 0 -1
    outer loop
      vertex -13.585 0 0
      vertex -18.5 5.15 0
      vertex -13.5686 0.666584 0
    endloop
  endfacet
  facet normal 0 0 -1
    outer loop
      vertex -18.5 5.15 0
      vertex -13.585 0 0
      vertex -18.5 -5.15 0
    endloop
  endfacet
  facet normal -0 0 -1
    outer loop
      vertex -13.5686 -0.666584 0
      vertex -18.5 -5.15 0
      vertex -13.585 0 0
    endloop
  endfacet
  facet normal 0 0 -1
    outer loop
      vertex -18.5 -5.15 0
      vertex -13.71 -13.4465 0
      vertex -14.9608 -15.6129 0
    endloop
  endfacet
  facet normal 0 0 -1
    outer loop
      vertex -13.324 2.6503 0
      vertex -18.5 5.15 0
      vertex -13.1779 3.30089 0
    endloop
  endfacet
  facet normal 0 0 -1
    outer loop
      vertex -21.0266 -5.15 0
      vertex -14.9608 -15.6129 0
      vertex -14.9734 -15.6346 0
    endloop
  endfacet
  facet normal -0 0 -1
    outer loop
      vertex -11.6522 6.98409 0
      vertex -18.5 5.15 0
      vertex -13.71 13.4465 0
    endloop
  endfacet
  facet normal -0 0 -1
    outer loop
      vertex -13.71 13.4465 0
      vertex -18.5 5.15 0
      vertex -14.9608 15.6129 0
    endloop
  endfacet
  facet normal 0 0 -1
    outer loop
      vertex -14.9608 -15.6129 0
      vertex -21.0266 -5.15 0
      vertex -18.5 -5.15 0
    endloop
  endfacet
  facet normal 0 0 -1
    outer loop
      vertex -4.78997 -18.5965 0
      vertex -5.19875 -12.5509 0
      vertex -4.57665 -12.7909 0
    endloop
  endfacet
  facet normal 0 0 -1
    outer loop
      vertex -4.78997 -18.5965 0
      vertex -5.80834 -12.2807 0
      vertex -5.19875 -12.5509 0
    endloop
  endfacet
  facet normal 0 0 -1
    outer loop
      vertex -4.78997 -18.5965 0
      vertex -6.40392 -11.9809 0
      vertex -5.80834 -12.2807 0
    endloop
  endfacet
  facet normal 0 0 -1
    outer loop
      vertex -4.78997 -18.5965 0
      vertex -6.98409 -11.6522 0
      vertex -6.40392 -11.9809 0
    endloop
  endfacet
  facet normal 0 0 -1
    outer loop
      vertex -13.71 -13.4465 0
      vertex -6.98409 -11.6522 0
      vertex -4.78997 -18.5965 0
    endloop
  endfacet
  facet normal -0 0 -1
    outer loop
      vertex -6.98409 -11.6522 0
      vertex -13.71 -13.4465 0
      vertex -7.54742 -11.2955 0
    endloop
  endfacet
  facet normal -0 0 -1
    outer loop
      vertex -7.54742 -11.2955 0
      vertex -13.71 -13.4465 0
      vertex -8.09257 -10.9116 0
    endloop
  endfacet
  facet normal -0 0 -1
    outer loop
      vertex -8.09257 -10.9116 0
      vertex -13.71 -13.4465 0
      vertex -8.61823 -10.5013 0
    endloop
  endfacet
  facet normal -0 0 -1
    outer loop
      vertex -8.61823 -10.5013 0
      vertex -13.71 -13.4465 0
      vertex -9.12313 -10.0658 0
    endloop
  endfacet
  facet normal -0 0 -1
    outer loop
      vertex -9.12313 -10.0658 0
      vertex -13.71 -13.4465 0
      vertex -9.60604 -9.60604 0
    endloop
  endfacet
  facet normal -0 0 -1
    outer loop
      vertex -9.60604 -9.60604 0
      vertex -13.71 -13.4465 0
      vertex -10.0658 -9.12313 0
    endloop
  endfacet
  facet normal -0 0 -1
    outer loop
      vertex -10.0658 -9.12313 0
      vertex -13.71 -13.4465 0
      vertex -10.5013 -8.61823 0
    endloop
  endfacet
  facet normal -0 0 -1
    outer loop
      vertex -10.5013 -8.61823 0
      vertex -13.71 -13.4465 0
      vertex -10.9116 -8.09257 0
    endloop
  endfacet
  facet normal -0 0 -1
    outer loop
      vertex -10.9116 -8.09257 0
      vertex -13.71 -13.4465 0
      vertex -11.2955 -7.54742 0
    endloop
  endfacet
  facet normal -0 0 -1
    outer loop
      vertex -13.5196 -1.33156 0
      vertex -18.5 -5.15 0
      vertex -13.5686 -0.666584 0
    endloop
  endfacet
  facet normal -0 0 -1
    outer loop
      vertex -13.438 -1.99333 0
      vertex -18.5 -5.15 0
      vertex -13.5196 -1.33156 0
    endloop
  endfacet
  facet normal -0 0 -1
    outer loop
      vertex -13.324 -2.6503 0
      vertex -18.5 -5.15 0
      vertex -13.438 -1.99333 0
    endloop
  endfacet
  facet normal -0 0 -1
    outer loop
      vertex -13.1779 -3.30089 0
      vertex -18.5 -5.15 0
      vertex -13.324 -2.6503 0
    endloop
  endfacet
  facet normal -0 0 -1
    outer loop
      vertex -13 -3.94352 0
      vertex -18.5 -5.15 0
      vertex -13.1779 -3.30089 0
    endloop
  endfacet
  facet normal -0 0 -1
    outer loop
      vertex -12.7909 -4.57665 0
      vertex -18.5 -5.15 0
      vertex -13 -3.94352 0
    endloop
  endfacet
  facet normal 0 0 -1
    outer loop
      vertex -12.5509 -5.19875 0
      vertex -18.5 -5.15 0
      vertex -12.7909 -4.57665 0
    endloop
  endfacet
  facet normal 0 0 -1
    outer loop
      vertex -12.2807 -5.80834 0
      vertex -18.5 -5.15 0
      vertex -12.5509 -5.19875 0
    endloop
  endfacet
  facet normal 0 0 -1
    outer loop
      vertex -11.9809 -6.40392 0
      vertex -18.5 -5.15 0
      vertex -12.2807 -5.80834 0
    endloop
  endfacet
  facet normal 0 0 -1
    outer loop
      vertex -11.6522 -6.98409 0
      vertex -18.5 -5.15 0
      vertex -11.9809 -6.40392 0
    endloop
  endfacet
  facet normal 0 0 -1
    outer loop
      vertex -18.5 -5.15 0
      vertex -11.6522 -6.98409 0
      vertex -13.71 -13.4465 0
    endloop
  endfacet
  facet normal -0 0 -1
    outer loop
      vertex -11.2955 -7.54742 0
      vertex -13.71 -13.4465 0
      vertex -11.6522 -6.98409 0
    endloop
  endfacet
  facet normal -0.82368 0.47555 -0.308873
    outer loop
      vertex -24.0266 5.15 8
      vertex -16.1017 17.5889 6.01776
      vertex -21.6874 5.15 1.76199
    endloop
  endfacet
  facet normal -0.823675 0.475543 -0.3089
    outer loop
      vertex -16.1017 17.5889 6.01776
      vertex -24.0266 5.15 8
      vertex -16.4734 18.2327 8
    endloop
  endfacet
  facet normal -0.823674 0.475542 -0.308903
    outer loop
      vertex -21.6874 5.15 1.76199
      vertex -14.9734 15.6346 0
      vertex -21.0266 5.15 0
    endloop
  endfacet
  facet normal -0.82368 0.47555 -0.308873
    outer loop
      vertex -14.9734 15.6346 0
      vertex -21.6874 5.15 1.76199
      vertex -16.1017 17.5889 6.01776
    endloop
  endfacet
  facet normal 0 1 -0
    outer loop
      vertex 7.55329 23.3827 8
      vertex -7.55329 23.3827 16
      vertex 7.55329 23.3827 16
    endloop
  endfacet
  facet normal 0 1 0
    outer loop
      vertex -7.55329 23.3827 16
      vertex 7.55329 23.3827 8
      vertex -7.55329 23.3827 8
    endloop
  endfacet
  facet normal 4.61436e-06 0.983213 0.182462
    outer loop
      vertex 6.98414 22.3969 21.3121
      vertex 9.75 16.8875 51
      vertex 12.8725 22.2959 21.8562
    endloop
  endfacet
  facet normal 0 0.983213 0.182462
    outer loop
      vertex 9.75 16.8875 51
      vertex 6.98414 22.3969 21.3121
      vertex -9.75 16.8875 51
    endloop
  endfacet
  facet normal 7.56934e-06 0.983213 0.18246
    outer loop
      vertex -9.75 16.8875 51
      vertex -10.7843 22.3317 21.6632
      vertex -12.8725 22.2959 21.8562
    endloop
  endfacet
  facet normal -0 0.983213 0.182462
    outer loop
      vertex -6.98414 22.3969 21.3121
      vertex -9.75 16.8875 51
      vertex 6.98414 22.3969 21.3121
    endloop
  endfacet
  facet normal -1.14343e-05 0.983213 0.182461
    outer loop
      vertex -9.75 16.8875 51
      vertex -6.98414 22.3969 21.3121
      vertex -10.7843 22.3317 21.6632
    endloop
  endfacet
  facet normal 0 0.983213 0.182461
    outer loop
      vertex 7.55329 23.3827 16
      vertex -6.98414 22.3969 21.3121
      vertex 6.98414 22.3969 21.3121
    endloop
  endfacet
  facet normal 0 0.983213 0.182461
    outer loop
      vertex -6.98414 22.3969 21.3121
      vertex 7.55329 23.3827 16
      vertex -7.55329 23.3827 16
    endloop
  endfacet
  facet normal -0.000167647 0.996994 -0.0774777
    outer loop
      vertex 12.8112 23.4845 135.882
      vertex 15 25.9808 168
      vertex 13.57 23.5039 136.13
    endloop
  endfacet
  facet normal 0 0.996993 -0.0774873
    outer loop
      vertex 15 25.9808 168
      vertex 7.56994 23.4115 134.942
      vertex -15 25.9808 168
    endloop
  endfacet
  facet normal 1.144e-05 0.996993 -0.0774899
    outer loop
      vertex 15 25.9808 168
      vertex 12.8112 23.4845 135.882
      vertex 7.56994 23.4115 134.942
    endloop
  endfacet
  facet normal 4.06496e-05 0.996994 -0.0774834
    outer loop
      vertex -15 25.9808 168
      vertex -10.7386 23.4556 135.51
      vertex -13.57 23.5039 136.13
    endloop
  endfacet
  facet normal -0.000213378 0.996903 -0.0786364
    outer loop
      vertex -13.57 23.5039 136.13
      vertex -10.7386 23.4556 135.51
      vertex -12.8112 23.4845 135.882
    endloop
  endfacet
  facet normal 0 0.996993 -0.0774873
    outer loop
      vertex -7.56994 23.4115 134.942
      vertex -15 25.9808 168
      vertex 7.56994 23.4115 134.942
    endloop
  endfacet
  facet normal -1.49218e-05 0.996993 -0.0774906
    outer loop
      vertex -15 25.9808 168
      vertex -7.56994 23.4115 134.942
      vertex -10.7386 23.4556 135.51
    endloop
  endfacet
  facet normal 0 0.996993 -0.0774865
    outer loop
      vertex 7.06804 22.5422 123.757
      vertex -7.56994 23.4115 134.942
      vertex 7.56994 23.4115 134.942
    endloop
  endfacet
  facet normal 0 0.996993 -0.0774865
    outer loop
      vertex 7.06804 22.5422 123.757
      vertex -7.06804 22.5422 123.757
      vertex -7.56994 23.4115 134.942
    endloop
  endfacet
  facet normal 0 0.996994 -0.0774851
    outer loop
      vertex 6.66243 21.8397 114.718
      vertex -7.06804 22.5422 123.757
      vertex 7.06804 22.5422 123.757
    endloop
  endfacet
  facet normal 0 0.996994 -0.0774851
    outer loop
      vertex 6.66243 21.8397 114.718
      vertex -6.66243 21.8397 114.718
      vertex -7.06804 22.5422 123.757
    endloop
  endfacet
  facet normal 0 0.996993 -0.0774859
    outer loop
      vertex 5.32199 19.518 84.8452
      vertex -6.66243 21.8397 114.718
      vertex 6.66243 21.8397 114.718
    endloop
  endfacet
  facet normal 0 0.996993 -0.0774859
    outer loop
      vertex 5.32199 19.518 84.8452
      vertex -5.32199 19.518 84.8452
      vertex -6.66243 21.8397 114.718
    endloop
  endfacet
  facet normal 2.8636e-05 0.996994 -0.0774841
    outer loop
      vertex 9.75 16.8875 51
      vertex 5.32199 19.518 84.8452
      vertex 7.91761 19.5034 84.6583
    endloop
  endfacet
  facet normal -3.42502e-05 0.996993 -0.0774875
    outer loop
      vertex 9.75 16.8875 51
      vertex 7.91761 19.5034 84.6583
      vertex 9.24759 19.496 84.5625
    endloop
  endfacet
  facet normal 0 0.996993 -0.0774878
    outer loop
      vertex 5.32199 19.518 84.8452
      vertex 9.75 16.8875 51
      vertex -5.32199 19.518 84.8452
    endloop
  endfacet
  facet normal 8.75405e-06 0.996993 -0.0774869
    outer loop
      vertex 9.75 16.8875 51
      vertex 9.24759 19.496 84.5625
      vertex 11.2431 19.4737 84.2758
    endloop
  endfacet
  facet normal 0 0.996993 -0.0774878
    outer loop
      vertex -9.75 16.8875 51
      vertex -5.32199 19.518 84.8452
      vertex 9.75 16.8875 51
    endloop
  endfacet
  facet normal -7.21207e-06 0.996993 -0.0774869
    outer loop
      vertex -5.32199 19.518 84.8452
      vertex -9.75 16.8875 51
      vertex -9.24759 19.496 84.5625
    endloop
  endfacet
  facet normal -8.75405e-06 0.996993 -0.0774869
    outer loop
      vertex -9.24759 19.496 84.5625
      vertex -9.75 16.8875 51
      vertex -11.2431 19.4737 84.2758
    endloop
  endfacet
  facet normal -8.06854e-06 0.992014 0.12613
    outer loop
      vertex 6.83294 21.0576 206.722
      vertex 11.75 20.3516 212.275
      vertex 11.9031 20.6167 210.19
    endloop
  endfacet
  facet normal 0 0.992015 0.126123
    outer loop
      vertex 11.75 20.3516 212.275
      vertex 6.83294 21.0576 206.722
      vertex -11.75 20.3516 212.275
    endloop
  endfacet
  facet normal -1.86007e-05 0.992013 0.126132
    outer loop
      vertex -11.75 20.3516 212.275
      vertex -10.5416 20.7351 209.259
      vertex -11.9031 20.6167 210.19
    endloop
  endfacet
  facet normal 1.49905e-06 0.992014 0.126128
    outer loop
      vertex -6.23762 21.1039 206.358
      vertex -11.75 20.3516 212.275
      vertex 6.83294 21.0576 206.722
    endloop
  endfacet
  facet normal -0.00157865 0.99168 0.128721
    outer loop
      vertex 6.23762 21.1039 206.358
      vertex 6.83294 21.0576 206.722
      vertex 6.49139 21.0873 206.489
    endloop
  endfacet
  facet normal 6.68936e-06 0.992012 0.126142
    outer loop
      vertex -11.75 20.3516 212.275
      vertex -6.49139 21.0873 206.489
      vertex -10.5416 20.7351 209.259
    endloop
  endfacet
  facet normal 0.00259611 0.991712 0.128457
    outer loop
      vertex -11.75 20.3516 212.275
      vertex -6.39703 21.0934 206.44
      vertex -6.49139 21.0873 206.489
    endloop
  endfacet
  facet normal -0 0.992007 0.126181
    outer loop
      vertex -6.23762 21.1039 206.358
      vertex 6.83294 21.0576 206.722
      vertex 6.23762 21.1039 206.358
    endloop
  endfacet
  facet normal -0.000888477 0.992117 0.125312
    outer loop
      vertex -11.75 20.3516 212.275
      vertex -6.23762 21.1039 206.358
      vertex -6.39703 21.0934 206.44
    endloop
  endfacet
  facet normal 0 0.992014 0.126125
    outer loop
      vertex 8.8779 25.677 170.389
      vertex -6.23762 21.1039 206.358
      vertex 6.23762 21.1039 206.358
    endloop
  endfacet
  facet normal 0 0.992014 0.126125
    outer loop
      vertex 8.8779 25.677 170.389
      vertex -8.8779 25.677 170.389
      vertex -6.23762 21.1039 206.358
    endloop
  endfacet
  facet normal 0 0.991994 0.126288
    outer loop
      vertex 8.89703 25.7101 170.129
      vertex -8.8779 25.677 170.389
      vertex 8.8779 25.677 170.389
    endloop
  endfacet
  facet normal 0 0.991994 0.126288
    outer loop
      vertex 8.89703 25.7101 170.129
      vertex -8.89703 25.7101 170.129
      vertex -8.8779 25.677 170.389
    endloop
  endfacet
  facet normal 0.00606048 0.989674 0.143209
    outer loop
      vertex 15 25.9808 168
      vertex 8.89703 25.7101 170.129
      vertex 8.9318 25.7109 170.122
    endloop
  endfacet
  facet normal 0.000801811 0.991718 0.128431
    outer loop
      vertex 15 25.9808 168
      vertex 8.9318 25.7109 170.122
      vertex 8.95408 25.7114 170.118
    endloop
  endfacet
  facet normal 0 0.992013 0.126133
    outer loop
      vertex 8.89703 25.7101 170.129
      vertex 15 25.9808 168
      vertex -8.89703 25.7101 170.129
    endloop
  endfacet
  facet normal 0.000108633 0.991969 0.126484
    outer loop
      vertex 15 25.9808 168
      vertex 8.95408 25.7114 170.118
      vertex 14.9941 25.9706 168.08
    endloop
  endfacet
  facet normal -0 0.992013 0.126133
    outer loop
      vertex -15 25.9808 168
      vertex -8.89703 25.7101 170.129
      vertex 15 25.9808 168
    endloop
  endfacet
  facet normal -0.00382906 0.990574 0.136927
    outer loop
      vertex -8.89703 25.7101 170.129
      vertex -15 25.9808 168
      vertex -8.95408 25.7114 170.118
    endloop
  endfacet
  facet normal -0.000108633 0.991969 0.126484
    outer loop
      vertex -8.95408 25.7114 170.118
      vertex -15 25.9808 168
      vertex -14.9941 25.9706 168.08
    endloop
  endfacet
  facet normal 0 0.970725 0.240192
    outer loop
      vertex 11.75 20.3516 212.275
      vertex -9.75 16.8875 226.275
      vertex 9.75 16.8875 226.275
    endloop
  endfacet
  facet normal 0 0.970725 0.240192
    outer loop
      vertex -9.75 16.8875 226.275
      vertex 11.75 20.3516 212.275
      vertex -11.75 20.3516 212.275
    endloop
  endfacet
  facet normal 0 0.764056 0.64515
    outer loop
      vertex 0 0 246.275
      vertex 9.75 16.8875 226.275
      vertex -9.75 16.8875 226.275
    endloop
  endfacet
  facet normal 0 0.9511 -0.308882
    outer loop
      vertex 6.05329 20.7846 0
      vertex -7.55329 23.3827 8
      vertex 7.55329 23.3827 8
    endloop
  endfacet
  facet normal 0 0.9511 -0.308882
    outer loop
      vertex -7.55329 23.3827 8
      vertex 6.05329 20.7846 0
      vertex -6.05329 20.7846 0
    endloop
  endfacet
  facet normal 0.866028 0.499995 0
    outer loop
      vertex 24.0266 5.15 16
      vertex 16.4734 18.2327 8
      vertex 16.4734 18.2327 16
    endloop
  endfacet
  facet normal 0.866028 0.499995 0
    outer loop
      vertex 16.4734 18.2327 8
      vertex 24.0266 5.15 16
      vertex 24.0266 5.15 8
    endloop
  endfacet
  facet normal 0.851467 0.49164 0.182464
    outer loop
      vertex 9.75 16.8875 51
      vertex 13.9477 20.5054 21.6632
      vertex 12.8725 22.2959 21.8562
    endloop
  endfacet
  facet normal 0.851511 0.491565 0.182461
    outer loop
      vertex 13.9477 20.5054 21.6632
      vertex 9.75 16.8875 51
      vertex 14.4552 19.6601 21.5721
    endloop
  endfacet
  facet normal 0.851488 0.491606 0.182461
    outer loop
      vertex 14.4552 19.6601 21.5721
      vertex 9.75 16.8875 51
      vertex 19.5 0 51
    endloop
  endfacet
  facet normal 0.851483 0.491612 0.182466
    outer loop
      vertex 19.5 0 51
      vertex 15.9042 17.2469 21.3121
      vertex 14.4552 19.6601 21.5721
    endloop
  endfacet
  facet normal 0.851489 0.491604 0.18246
    outer loop
      vertex 15.9042 17.2469 21.3121
      vertex 19.5 0 51
      vertex 22.8883 5.15 21.3121
    endloop
  endfacet
  facet normal 0.851485 0.491611 0.182461
    outer loop
      vertex 22.8883 5.15 21.3121
      vertex 19.5 0 51
      vertex 25.7451 0 21.8562
    endloop
  endfacet
  facet normal 0.851489 0.491604 0.182461
    outer loop
      vertex 24.0266 5.15 16
      vertex 15.9042 17.2469 21.3121
      vertex 22.8883 5.15 21.3121
    endloop
  endfacet
  facet normal 0.851489 0.491601 0.182468
    outer loop
      vertex 15.9042 17.2469 21.3121
      vertex 24.0266 5.15 16
      vertex 16.4734 18.2327 16
    endloop
  endfacet
  facet normal 0.863437 0.498471 -0.0774828
    outer loop
      vertex 14.9439 21.0277 135.51
      vertex 13.57 23.5039 136.13
      vertex 15 25.9808 168
    endloop
  endfacet
  facet normal 0.863258 0.498624 -0.0784892
    outer loop
      vertex 13.57 23.5039 136.13
      vertex 14.9439 21.0277 135.51
      vertex 13.9326 22.8371 135.882
    endloop
  endfacet
  facet normal 0.86342 0.498499 -0.077487
    outer loop
      vertex 15 25.9808 168
      vertex 16.49 18.2615 134.942
      vertex 14.9439 21.0277 135.51
    endloop
  endfacet
  facet normal 0.863422 0.498496 -0.0774862
    outer loop
      vertex 23.8246 5.15 132.32
      vertex 15.5825 16.6897 114.718
      vertex 15.9881 17.3922 123.757
    endloop
  endfacet
  facet normal 0.863422 0.498496 -0.0774872
    outer loop
      vertex 16.49 18.2615 134.942
      vertex 23.8246 5.15 132.32
      vertex 15.9881 17.3922 123.757
    endloop
  endfacet
  facet normal 0.863423 0.498495 -0.0774841
    outer loop
      vertex 23.8246 5.15 132.32
      vertex 16.49 18.2615 134.942
      vertex 24.0599 5.15 134.942
    endloop
  endfacet
  facet normal 0.863422 0.498496 -0.0774863
    outer loop
      vertex 30 0 168
      vertex 16.49 18.2615 134.942
      vertex 15 25.9808 168
    endloop
  endfacet
  facet normal 0.863422 0.498495 -0.077487
    outer loop
      vertex 16.49 18.2615 134.942
      vertex 30 0 168
      vertex 24.0599 5.15 134.942
    endloop
  endfacet
  facet normal 0.863426 0.498489 -0.0774886
    outer loop
      vertex 24.0599 5.15 134.942
      vertex 30 0 168
      vertex 24.2926 4.75969 135.024
    endloop
  endfacet
  facet normal 0.863421 0.498498 -0.0774854
    outer loop
      vertex 12.2602 17.7566 84.5625
      vertex 9.75 16.8875 51
      vertex 11.2431 19.4737 84.2758
    endloop
  endfacet
  facet normal 0.863408 0.49852 -0.077485
    outer loop
      vertex 14.2421 14.368 84.8452
      vertex 9.75 16.8875 51
      vertex 12.2602 17.7566 84.5625
    endloop
  endfacet
  facet normal 0.863421 0.498498 -0.0774849
    outer loop
      vertex 15.5825 16.6897 114.718
      vertex 23.8246 5.15 132.32
      vertex 14.2421 14.368 84.8452
    endloop
  endfacet
  facet normal 0.863433 0.498476 -0.0774916
    outer loop
      vertex 14.2421 14.368 84.8452
      vertex 23.8246 5.15 132.32
      vertex 9.75 16.8875 51
    endloop
  endfacet
  facet normal 0.863424 0.498493 -0.0774875
    outer loop
      vertex 19.564 5.15 84.8452
      vertex 9.75 16.8875 51
      vertex 23.8246 5.15 132.32
    endloop
  endfacet
  facet normal 0.863419 0.498501 -0.0774864
    outer loop
      vertex 19.5 0 51
      vertex 19.564 5.15 84.8452
      vertex 21.5078 1.73934 84.5625
    endloop
  endfacet
  facet normal 0.863417 0.498505 -0.0774864
    outer loop
      vertex 19.5 0 51
      vertex 21.5078 1.73934 84.5625
      vertex 22.4863 0 84.2758
    endloop
  endfacet
  facet normal 0.863422 0.498497 -0.0774856
    outer loop
      vertex 19.564 5.15 84.8452
      vertex 19.5 0 51
      vertex 9.75 16.8875 51
    endloop
  endfacet
  facet normal 0.863419 0.498502 -0.0774855
    outer loop
      vertex 27.1399 0 136.13
      vertex 24.2926 4.75969 135.024
      vertex 30 0 168
    endloop
  endfacet
  facet normal 0.863434 0.498405 -0.0779413
    outer loop
      vertex 24.2926 4.75969 135.024
      vertex 27.1399 0 136.13
      vertex 26.7438 0.647419 135.882
    endloop
  endfacet
  facet normal 0.858203 0.497425 0.126714
    outer loop
      vertex 15.0188 25.9234 168.098
      vertex 15 25.9808 168
      vertex 14.9941 25.9706 168.08
    endloop
  endfacet
  facet normal 0.859114 0.495994 0.126148
    outer loop
      vertex 11.75 20.3516 212.275
      vertex 12.6863 19.4969 209.259
      vertex 11.9031 20.6167 210.19
    endloop
  endfacet
  facet normal 0.859124 0.495975 0.126156
    outer loop
      vertex 11.75 20.3516 212.275
      vertex 15.0164 16.1653 206.489
      vertex 12.6863 19.4969 209.259
    endloop
  endfacet
  facet normal 0.859617 0.494838 0.127258
    outer loop
      vertex 11.75 20.3516 212.275
      vertex 15.0689 16.0867 206.44
      vertex 15.0164 16.1653 206.489
    endloop
  endfacet
  facet normal 0.85874 0.496861 0.12528
    outer loop
      vertex 11.75 20.3516 212.275
      vertex 15.1577 15.9539 206.358
      vertex 15.0689 16.0867 206.44
    endloop
  endfacet
  facet normal 0.85911 0.496005 0.12613
    outer loop
      vertex 11.75 20.3516 212.275
      vertex 21.3953 5.15 206.358
      vertex 15.1577 15.9539 206.358
    endloop
  endfacet
  facet normal 0.859097 0.496084 0.125905
    outer loop
      vertex 11.75 20.3516 212.275
      vertex 21.5078 4.92193 206.489
      vertex 21.3953 5.15 206.358
    endloop
  endfacet
  facet normal 0.859109 0.496007 0.126131
    outer loop
      vertex 23.5 0 212.275
      vertex 21.5078 4.92193 206.489
      vertex 11.75 20.3516 212.275
    endloop
  endfacet
  facet normal 0.859113 0.496001 0.126125
    outer loop
      vertex 21.5078 4.92193 206.489
      vertex 23.5 0 212.275
      vertex 22.7835 2.19002 208.543
    endloop
  endfacet
  facet normal 0.859108 0.496004 0.126147
    outer loop
      vertex 21.8151 5.15 203.499
      vertex 15.1577 15.9539 206.358
      vertex 21.3953 5.15 206.358
    endloop
  endfacet
  facet normal 0.859108 0.496009 0.126125
    outer loop
      vertex 15.1577 15.9539 206.358
      vertex 21.8151 5.15 203.499
      vertex 17.1509 19.4063 179.204
    endloop
  endfacet
  facet normal 0.859267 0.495869 0.125599
    outer loop
      vertex 17.7897 20.6102 170.118
      vertex 15 25.9808 168
      vertex 15.0188 25.9234 168.098
    endloop
  endfacet
  facet normal 0.856637 0.498053 0.1346
    outer loop
      vertex 17.8171 20.5601 170.129
      vertex 15 25.9808 168
      vertex 17.7897 20.6102 170.118
    endloop
  endfacet
  facet normal 0.859109 0.496009 0.126124
    outer loop
      vertex 26.7141 5.15 170.129
      vertex 17.1509 19.4063 179.204
      vertex 21.8151 5.15 203.499
    endloop
  endfacet
  facet normal 0.859109 0.496008 0.126127
    outer loop
      vertex 17.1509 19.4063 179.204
      vertex 26.7141 5.15 170.129
      vertex 17.798 20.527 170.389
    endloop
  endfacet
  facet normal 0.859096 0.495998 0.126255
    outer loop
      vertex 17.798 20.527 170.389
      vertex 26.7141 5.15 170.129
      vertex 17.8171 20.5601 170.129
    endloop
  endfacet
  facet normal 0.85911 0.496006 0.126124
    outer loop
      vertex 30 0 168
      vertex 17.8171 20.5601 170.129
      vertex 26.7141 5.15 170.129
    endloop
  endfacet
  facet normal 0.85948 0.493866 0.131872
    outer loop
      vertex 30 0 168
      vertex 26.7141 5.15 170.129
      vertex 26.7438 5.10125 170.118
    endloop
  endfacet
  facet normal 0.859073 0.496194 0.125639
    outer loop
      vertex 30 0 168
      vertex 26.7438 5.10125 170.118
      vertex 29.9883 0 168.08
    endloop
  endfacet
  facet normal 0.859111 0.496007 0.126118
    outer loop
      vertex 17.8171 20.5601 170.129
      vertex 30 0 168
      vertex 15 25.9808 168
    endloop
  endfacet
  facet normal 0.859077 0.496054 0.126163
    outer loop
      vertex 23.5 0 212.275
      vertex 23.8062 0 210.19
      vertex 22.7835 2.19002 208.543
    endloop
  endfacet
  facet normal 0.840673 0.485363 0.240192
    outer loop
      vertex 19.5 0 226.275
      vertex 11.75 20.3516 212.275
      vertex 9.75 16.8875 226.275
    endloop
  endfacet
  facet normal 0.840673 0.485363 0.240192
    outer loop
      vertex 19.5 0 226.275
      vertex 23.5 0 212.275
      vertex 11.75 20.3516 212.275
    endloop
  endfacet
  facet normal 0.661692 0.382028 0.64515
    outer loop
      vertex 19.5 0 226.275
      vertex 9.75 16.8875 226.275
      vertex 0 0 246.275
    endloop
  endfacet
  facet normal 0.823685 0.475548 -0.308865
    outer loop
      vertex 23.2833 5.15 6.01776
      vertex 16.4734 18.2327 8
      vertex 24.0266 5.15 8
    endloop
  endfacet
  facet normal 0.823675 0.475547 -0.308891
    outer loop
      vertex 16.4734 18.2327 8
      vertex 23.2833 5.15 6.01776
      vertex 15.3037 16.2068 1.76199
    endloop
  endfacet
  facet normal 0.823676 0.47555 -0.308884
    outer loop
      vertex 21.0266 5.15 0
      vertex 15.3037 16.2068 1.76199
      vertex 23.2833 5.15 6.01776
    endloop
  endfacet
  facet normal 0.823691 0.475552 -0.308842
    outer loop
      vertex 15.3037 16.2068 1.76199
      vertex 21.0266 5.15 0
      vertex 14.9734 15.6346 0
    endloop
  endfacet
  facet normal 0.866028 -0.499995 0
    outer loop
      vertex 16.4734 -18.2327 16
      vertex 24.0266 -5.15 8
      vertex 24.0266 -5.15 16
    endloop
  endfacet
  facet normal 0.866028 -0.499995 0
    outer loop
      vertex 24.0266 -5.15 8
      vertex 16.4734 -18.2327 16
      vertex 16.4734 -18.2327 8
    endloop
  endfacet
  facet normal 0.851482 -0.491616 0.182461
    outer loop
      vertex 19.5 0 51
      vertex 24.2537 -2.68856 21.5721
      vertex 25.7451 0 21.8562
    endloop
  endfacet
  facet normal 0.851488 -0.491606 0.182461
    outer loop
      vertex 24.2537 -2.68856 21.5721
      vertex 19.5 0 51
      vertex 9.75 -16.8875 51
    endloop
  endfacet
  facet normal 0.851483 -0.491615 0.182461
    outer loop
      vertex 9.75 -16.8875 51
      vertex 12.8725 -22.2959 21.8562
      vertex 15.9042 -17.2469 21.3121
    endloop
  endfacet
  facet normal 0.851488 -0.491607 0.18246
    outer loop
      vertex 9.75 -16.8875 51
      vertex 22.8883 -5.15 21.3121
      vertex 24.2537 -2.68856 21.5721
    endloop
  endfacet
  facet normal 0.851489 -0.491604 0.182462
    outer loop
      vertex 15.9042 -17.2469 21.3121
      vertex 22.8883 -5.15 21.3121
      vertex 9.75 -16.8875 51
    endloop
  endfacet
  facet normal 0.851489 -0.491604 0.182461
    outer loop
      vertex 22.8883 -5.15 21.3121
      vertex 15.9042 -17.2469 21.3121
      vertex 24.0266 -5.15 16
    endloop
  endfacet
  facet normal 0.851489 -0.491601 0.182468
    outer loop
      vertex 24.0266 -5.15 16
      vertex 15.9042 -17.2469 21.3121
      vertex 16.4734 -18.2327 16
    endloop
  endfacet
  facet normal 0.863389 -0.498553 -0.0774829
    outer loop
      vertex 30 0 168
      vertex 26.7438 -0.647419 135.882
      vertex 27.1399 0 136.13
    endloop
  endfacet
  facet normal 0.863424 -0.498493 -0.0774876
    outer loop
      vertex 30 0 168
      vertex 24.0599 -5.15 134.942
      vertex 26.7438 -0.647419 135.882
    endloop
  endfacet
  facet normal 0.863421 -0.498498 -0.0774871
    outer loop
      vertex 24.0599 -5.15 134.942
      vertex 16.3723 -18.0577 132.32
      vertex 19.564 -5.15 84.8452
    endloop
  endfacet
  facet normal 0.863422 -0.498495 -0.077487
    outer loop
      vertex 16.49 -18.2615 134.942
      vertex 24.0599 -5.15 134.942
      vertex 30 0 168
    endloop
  endfacet
  facet normal 0.863421 -0.498495 -0.0775049
    outer loop
      vertex 24.0599 -5.15 134.942
      vertex 16.49 -18.2615 134.942
      vertex 16.3723 -18.0577 132.32
    endloop
  endfacet
  facet normal 0.863422 -0.498496 -0.0774863
    outer loop
      vertex 15 -25.9808 168
      vertex 16.49 -18.2615 134.942
      vertex 30 0 168
    endloop
  endfacet
  facet normal 0.863397 -0.498538 -0.0774971
    outer loop
      vertex 16.49 -18.2615 134.942
      vertex 15 -25.9808 168
      vertex 16.2683 -18.6582 135.024
    endloop
  endfacet
  facet normal 0.863417 -0.498505 -0.0774864
    outer loop
      vertex 21.5078 -1.73934 84.5625
      vertex 19.5 0 51
      vertex 22.4863 0 84.2758
    endloop
  endfacet
  facet normal 0.863419 -0.498501 -0.0774864
    outer loop
      vertex 19.564 -5.15 84.8452
      vertex 19.5 0 51
      vertex 21.5078 -1.73934 84.5625
    endloop
  endfacet
  facet normal 0.863425 -0.49849 -0.0774847
    outer loop
      vertex 19.5 0 51
      vertex 19.564 -5.15 84.8452
      vertex 16.3723 -18.0577 132.32
    endloop
  endfacet
  facet normal 0.863426 -0.498489 -0.0774845
    outer loop
      vertex 19.5 0 51
      vertex 15.5825 -16.6897 114.718
      vertex 14.2421 -14.368 84.8452
    endloop
  endfacet
  facet normal 0.863423 -0.498494 -0.0774861
    outer loop
      vertex 19.5 0 51
      vertex 15.9881 -17.3922 123.757
      vertex 15.5825 -16.6897 114.718
    endloop
  endfacet
  facet normal 0.863435 -0.498474 -0.0774806
    outer loop
      vertex 15.9881 -17.3922 123.757
      vertex 19.5 0 51
      vertex 16.3723 -18.0577 132.32
    endloop
  endfacet
  facet normal 0.863419 -0.498501 -0.0774878
    outer loop
      vertex 9.75 -16.8875 51
      vertex 14.2421 -14.368 84.8452
      vertex 12.9317 -16.6086 84.6583
    endloop
  endfacet
  facet normal 0.863422 -0.498497 -0.0774885
    outer loop
      vertex 14.2421 -14.368 84.8452
      vertex 9.75 -16.8875 51
      vertex 19.5 0 51
    endloop
  endfacet
  facet normal 0.863388 -0.498556 -0.0774844
    outer loop
      vertex 12.2602 -17.7566 84.5625
      vertex 9.75 -16.8875 51
      vertex 12.9317 -16.6086 84.6583
    endloop
  endfacet
  facet normal 0.863421 -0.498498 -0.0774854
    outer loop
      vertex 9.75 -16.8875 51
      vertex 12.2602 -17.7566 84.5625
      vertex 11.2431 -19.4737 84.2758
    endloop
  endfacet
  facet normal 0.863272 -0.498608 -0.0784251
    outer loop
      vertex 16.2683 -18.6582 135.024
      vertex 13.57 -23.5039 136.13
      vertex 13.9326 -22.8371 135.882
    endloop
  endfacet
  facet normal 0.863431 -0.498481 -0.0774834
    outer loop
      vertex 13.57 -23.5039 136.13
      vertex 16.2683 -18.6582 135.024
      vertex 15 -25.9808 168
    endloop
  endfacet
  facet normal 0.858829 -0.496624 0.125604
    outer loop
      vertex 30 0 168
      vertex 29.9883 0 168.08
      vertex 29.9597 -0.0449065 168.098
    endloop
  endfacet
  facet normal 0.859087 -0.496037 0.126164
    outer loop
      vertex 23.5 0 212.275
      vertex 21.5078 -4.92193 206.489
      vertex 23.8062 0 210.19
    endloop
  endfacet
  facet normal 0.859109 -0.496007 0.126131
    outer loop
      vertex 11.75 -20.3516 212.275
      vertex 21.5078 -4.92193 206.489
      vertex 23.5 0 212.275
    endloop
  endfacet
  facet normal 0.85911 -0.496004 0.126137
    outer loop
      vertex 15.3676 -16.3174 203.499
      vertex 21.3953 -5.15 206.358
      vertex 15.1577 -15.9539 206.358
    endloop
  endfacet
  facet normal 0.859097 -0.496084 0.125905
    outer loop
      vertex 21.5078 -4.92193 206.489
      vertex 11.75 -20.3516 212.275
      vertex 21.3953 -5.15 206.358
    endloop
  endfacet
  facet normal 0.859091 -0.495994 0.126301
    outer loop
      vertex 21.3953 -5.15 206.358
      vertex 14.8199 -16.4463 206.722
      vertex 15.1577 -15.9539 206.358
    endloop
  endfacet
  facet normal 0.859165 -0.495774 0.126667
    outer loop
      vertex 15.1577 -15.9539 206.358
      vertex 14.8199 -16.4463 206.722
      vertex 15.0164 -16.1653 206.489
    endloop
  endfacet
  facet normal 0.859109 -0.49601 0.126114
    outer loop
      vertex 21.3953 -5.15 206.358
      vertex 11.75 -20.3516 212.275
      vertex 14.8199 -16.4463 206.722
    endloop
  endfacet
  facet normal 0.859144 -0.495931 0.126189
    outer loop
      vertex 14.8199 -16.4463 206.722
      vertex 11.75 -20.3516 212.275
      vertex 13.2884 -18.6361 208.543
    endloop
  endfacet
  facet normal 0.859112 -0.496003 0.126127
    outer loop
      vertex 21.3953 -5.15 206.358
      vertex 15.3676 -16.3174 203.499
      vertex 25.3818 -5.15 179.204
    endloop
  endfacet
  facet normal 0.85911 -0.496007 0.126124
    outer loop
      vertex 17.798 -20.527 170.389
      vertex 25.3818 -5.15 179.204
      vertex 15.3676 -16.3174 203.499
    endloop
  endfacet
  facet normal 0.859095 -0.496073 0.125966
    outer loop
      vertex 26.7438 -5.10125 170.118
      vertex 30 0 168
      vertex 29.9597 -0.0449065 168.098
    endloop
  endfacet
  facet normal 0.85948 -0.493866 0.131872
    outer loop
      vertex 26.7141 -5.15 170.129
      vertex 30 0 168
      vertex 26.7438 -5.10125 170.118
    endloop
  endfacet
  facet normal 0.859109 -0.496008 0.126126
    outer loop
      vertex 25.3818 -5.15 179.204
      vertex 17.798 -20.527 170.389
      vertex 26.7141 -5.15 170.129
    endloop
  endfacet
  facet normal 0.859096 -0.495998 0.126255
    outer loop
      vertex 17.8171 -20.5601 170.129
      vertex 26.7141 -5.15 170.129
      vertex 17.798 -20.527 170.389
    endloop
  endfacet
  facet normal 0.85911 -0.496006 0.126124
    outer loop
      vertex 26.7141 -5.15 170.129
      vertex 17.8171 -20.5601 170.129
      vertex 30 0 168
    endloop
  endfacet
  facet normal 0.853328 -0.500641 0.145569
    outer loop
      vertex 15 -25.9808 168
      vertex 17.8171 -20.5601 170.129
      vertex 17.8004 -20.5906 170.122
    endloop
  endfacet
  facet normal 0.860917 -0.494439 0.1198
    outer loop
      vertex 15 -25.9808 168
      vertex 17.8004 -20.5906 170.122
      vertex 17.7897 -20.6102 170.118
    endloop
  endfacet
  facet normal 0.858977 -0.496115 0.126604
    outer loop
      vertex 15 -25.9808 168
      vertex 17.7897 -20.6102 170.118
      vertex 14.9941 -25.9706 168.08
    endloop
  endfacet
  facet normal 0.859111 -0.496007 0.126118
    outer loop
      vertex 17.8171 -20.5601 170.129
      vertex 15 -25.9808 168
      vertex 30 0 168
    endloop
  endfacet
  facet normal 0.859114 -0.495994 0.126148
    outer loop
      vertex 11.9031 -20.6167 210.19
      vertex 13.2884 -18.6361 208.543
      vertex 11.75 -20.3516 212.275
    endloop
  endfacet
  facet normal 0.840673 -0.485363 0.240192
    outer loop
      vertex 23.5 0 212.275
      vertex 19.5 0 226.275
      vertex 9.75 -16.8875 226.275
    endloop
  endfacet
  facet normal 0.840673 -0.485363 0.240192
    outer loop
      vertex 11.75 -20.3516 212.275
      vertex 23.5 0 212.275
      vertex 9.75 -16.8875 226.275
    endloop
  endfacet
  facet normal 0.661692 -0.382028 0.64515
    outer loop
      vertex 9.75 -16.8875 226.275
      vertex 19.5 0 226.275
      vertex 0 0 246.275
    endloop
  endfacet
  facet normal 0.82368 -0.47555 -0.308873
    outer loop
      vertex 24.0266 -5.15 8
      vertex 16.1017 -17.5889 6.01776
      vertex 21.6874 -5.15 1.76199
    endloop
  endfacet
  facet normal 0.823675 -0.475543 -0.3089
    outer loop
      vertex 16.1017 -17.5889 6.01776
      vertex 24.0266 -5.15 8
      vertex 16.4734 -18.2327 8
    endloop
  endfacet
  facet normal 0.823674 -0.475542 -0.308903
    outer loop
      vertex 21.6874 -5.15 1.76199
      vertex 14.9734 -15.6346 0
      vertex 21.0266 -5.15 0
    endloop
  endfacet
  facet normal 0.82368 -0.47555 -0.308873
    outer loop
      vertex 14.9734 -15.6346 0
      vertex 21.6874 -5.15 1.76199
      vertex 16.1017 -17.5889 6.01776
    endloop
  endfacet
  facet normal 0 -1 0
    outer loop
      vertex -7.55329 -23.3827 8
      vertex 7.55329 -23.3827 16
      vertex -7.55329 -23.3827 16
    endloop
  endfacet
  facet normal 0 -1 -0
    outer loop
      vertex 7.55329 -23.3827 16
      vertex -7.55329 -23.3827 8
      vertex 7.55329 -23.3827 8
    endloop
  endfacet
  facet normal -4.61436e-06 -0.983213 0.182462
    outer loop
      vertex -6.98414 -22.3969 21.3121
      vertex -9.75 -16.8875 51
      vertex -12.8725 -22.2959 21.8562
    endloop
  endfacet
  facet normal 0 -0.983213 0.182462
    outer loop
      vertex -9.75 -16.8875 51
      vertex -6.98414 -22.3969 21.3121
      vertex 9.75 -16.8875 51
    endloop
  endfacet
  facet normal -7.56934e-06 -0.983213 0.18246
    outer loop
      vertex 9.75 -16.8875 51
      vertex 10.7843 -22.3317 21.6632
      vertex 12.8725 -22.2959 21.8562
    endloop
  endfacet
  facet normal 0 -0.983213 0.182462
    outer loop
      vertex 6.98414 -22.3969 21.3121
      vertex 9.75 -16.8875 51
      vertex -6.98414 -22.3969 21.3121
    endloop
  endfacet
  facet normal 1.14343e-05 -0.983213 0.182461
    outer loop
      vertex 9.75 -16.8875 51
      vertex 6.98414 -22.3969 21.3121
      vertex 10.7843 -22.3317 21.6632
    endloop
  endfacet
  facet normal 0 -0.983213 0.182461
    outer loop
      vertex -7.55329 -23.3827 16
      vertex 6.98414 -22.3969 21.3121
      vertex -6.98414 -22.3969 21.3121
    endloop
  endfacet
  facet normal 0 -0.983213 0.182461
    outer loop
      vertex 6.98414 -22.3969 21.3121
      vertex -7.55329 -23.3827 16
      vertex 7.55329 -23.3827 16
    endloop
  endfacet
  facet normal 0.000167647 -0.996994 -0.0774777
    outer loop
      vertex -12.8112 -23.4845 135.882
      vertex -15 -25.9808 168
      vertex -13.57 -23.5039 136.13
    endloop
  endfacet
  facet normal 0 -0.996993 -0.0774873
    outer loop
      vertex -15 -25.9808 168
      vertex -7.56994 -23.4115 134.942
      vertex 15 -25.9808 168
    endloop
  endfacet
  facet normal -1.144e-05 -0.996993 -0.0774899
    outer loop
      vertex -15 -25.9808 168
      vertex -12.8112 -23.4845 135.882
      vertex -7.56994 -23.4115 134.942
    endloop
  endfacet
  facet normal -4.06496e-05 -0.996994 -0.0774834
    outer loop
      vertex 15 -25.9808 168
      vertex 10.7386 -23.4556 135.51
      vertex 13.57 -23.5039 136.13
    endloop
  endfacet
  facet normal 0.000213378 -0.996903 -0.0786364
    outer loop
      vertex 13.57 -23.5039 136.13
      vertex 10.7386 -23.4556 135.51
      vertex 12.8112 -23.4845 135.882
    endloop
  endfacet
  facet normal -0 -0.996993 -0.0774873
    outer loop
      vertex 7.56994 -23.4115 134.942
      vertex 15 -25.9808 168
      vertex -7.56994 -23.4115 134.942
    endloop
  endfacet
  facet normal 1.49218e-05 -0.996993 -0.0774906
    outer loop
      vertex 15 -25.9808 168
      vertex 7.56994 -23.4115 134.942
      vertex 10.7386 -23.4556 135.51
    endloop
  endfacet
  facet normal 0 -0.996993 -0.0774865
    outer loop
      vertex -7.06804 -22.5422 123.757
      vertex 7.56994 -23.4115 134.942
      vertex -7.56994 -23.4115 134.942
    endloop
  endfacet
  facet normal 0 -0.996993 -0.0774865
    outer loop
      vertex -7.06804 -22.5422 123.757
      vertex 7.06804 -22.5422 123.757
      vertex 7.56994 -23.4115 134.942
    endloop
  endfacet
  facet normal 0 -0.996994 -0.0774851
    outer loop
      vertex -6.66243 -21.8397 114.718
      vertex 7.06804 -22.5422 123.757
      vertex -7.06804 -22.5422 123.757
    endloop
  endfacet
  facet normal 0 -0.996994 -0.0774851
    outer loop
      vertex -6.66243 -21.8397 114.718
      vertex 6.66243 -21.8397 114.718
      vertex 7.06804 -22.5422 123.757
    endloop
  endfacet
  facet normal 0 -0.996993 -0.0774859
    outer loop
      vertex -5.32199 -19.518 84.8452
      vertex 6.66243 -21.8397 114.718
      vertex -6.66243 -21.8397 114.718
    endloop
  endfacet
  facet normal 0 -0.996993 -0.0774859
    outer loop
      vertex -5.32199 -19.518 84.8452
      vertex 5.32199 -19.518 84.8452
      vertex 6.66243 -21.8397 114.718
    endloop
  endfacet
  facet normal -2.8636e-05 -0.996994 -0.0774841
    outer loop
      vertex -9.75 -16.8875 51
      vertex -5.32199 -19.518 84.8452
      vertex -7.91761 -19.5034 84.6583
    endloop
  endfacet
  facet normal 3.42502e-05 -0.996993 -0.0774875
    outer loop
      vertex -9.75 -16.8875 51
      vertex -7.91761 -19.5034 84.6583
      vertex -9.24759 -19.496 84.5625
    endloop
  endfacet
  facet normal 0 -0.996993 -0.0774878
    outer loop
      vertex -5.32199 -19.518 84.8452
      vertex -9.75 -16.8875 51
      vertex 5.32199 -19.518 84.8452
    endloop
  endfacet
  facet normal -8.75405e-06 -0.996993 -0.0774869
    outer loop
      vertex -9.75 -16.8875 51
      vertex -9.24759 -19.496 84.5625
      vertex -11.2431 -19.4737 84.2758
    endloop
  endfacet
  facet normal -0 -0.996993 -0.0774878
    outer loop
      vertex 9.75 -16.8875 51
      vertex 5.32199 -19.518 84.8452
      vertex -9.75 -16.8875 51
    endloop
  endfacet
  facet normal 7.21207e-06 -0.996993 -0.0774869
    outer loop
      vertex 5.32199 -19.518 84.8452
      vertex 9.75 -16.8875 51
      vertex 9.24759 -19.496 84.5625
    endloop
  endfacet
  facet normal 8.75405e-06 -0.996993 -0.0774869
    outer loop
      vertex 9.24759 -19.496 84.5625
      vertex 9.75 -16.8875 51
      vertex 11.2431 -19.4737 84.2758
    endloop
  endfacet
  facet normal 8.06854e-06 -0.992014 0.12613
    outer loop
      vertex -6.83294 -21.0576 206.722
      vertex -11.75 -20.3516 212.275
      vertex -11.9031 -20.6167 210.19
    endloop
  endfacet
  facet normal 0 -0.992015 0.126123
    outer loop
      vertex -11.75 -20.3516 212.275
      vertex -6.83294 -21.0576 206.722
      vertex 11.75 -20.3516 212.275
    endloop
  endfacet
  facet normal 1.86007e-05 -0.992013 0.126132
    outer loop
      vertex 11.75 -20.3516 212.275
      vertex 10.5416 -20.7351 209.259
      vertex 11.9031 -20.6167 210.19
    endloop
  endfacet
  facet normal -1.49905e-06 -0.992014 0.126128
    outer loop
      vertex 6.23762 -21.1039 206.358
      vertex 11.75 -20.3516 212.275
      vertex -6.83294 -21.0576 206.722
    endloop
  endfacet
  facet normal 0.00157865 -0.99168 0.128721
    outer loop
      vertex -6.23762 -21.1039 206.358
      vertex -6.83294 -21.0576 206.722
      vertex -6.49139 -21.0873 206.489
    endloop
  endfacet
  facet normal -6.68936e-06 -0.992012 0.126142
    outer loop
      vertex 11.75 -20.3516 212.275
      vertex 6.49139 -21.0873 206.489
      vertex 10.5416 -20.7351 209.259
    endloop
  endfacet
  facet normal -0.00259611 -0.991712 0.128457
    outer loop
      vertex 11.75 -20.3516 212.275
      vertex 6.39703 -21.0934 206.44
      vertex 6.49139 -21.0873 206.489
    endloop
  endfacet
  facet normal 0 -0.992007 0.126181
    outer loop
      vertex 6.23762 -21.1039 206.358
      vertex -6.83294 -21.0576 206.722
      vertex -6.23762 -21.1039 206.358
    endloop
  endfacet
  facet normal 0.000888477 -0.992117 0.125312
    outer loop
      vertex 11.75 -20.3516 212.275
      vertex 6.23762 -21.1039 206.358
      vertex 6.39703 -21.0934 206.44
    endloop
  endfacet
  facet normal 0 -0.992014 0.126125
    outer loop
      vertex -8.8779 -25.677 170.389
      vertex 6.23762 -21.1039 206.358
      vertex -6.23762 -21.1039 206.358
    endloop
  endfacet
  facet normal 0 -0.992014 0.126125
    outer loop
      vertex -8.8779 -25.677 170.389
      vertex 8.8779 -25.677 170.389
      vertex 6.23762 -21.1039 206.358
    endloop
  endfacet
  facet normal 0 -0.991994 0.126288
    outer loop
      vertex -8.89703 -25.7101 170.129
      vertex 8.8779 -25.677 170.389
      vertex -8.8779 -25.677 170.389
    endloop
  endfacet
  facet normal 0 -0.991994 0.126288
    outer loop
      vertex -8.89703 -25.7101 170.129
      vertex 8.89703 -25.7101 170.129
      vertex 8.8779 -25.677 170.389
    endloop
  endfacet
  facet normal -0.00606048 -0.989674 0.143209
    outer loop
      vertex -15 -25.9808 168
      vertex -8.89703 -25.7101 170.129
      vertex -8.9318 -25.7109 170.122
    endloop
  endfacet
  facet normal -0.000801811 -0.991718 0.128431
    outer loop
      vertex -15 -25.9808 168
      vertex -8.9318 -25.7109 170.122
      vertex -8.95408 -25.7114 170.118
    endloop
  endfacet
  facet normal 0 -0.992013 0.126133
    outer loop
      vertex -8.89703 -25.7101 170.129
      vertex -15 -25.9808 168
      vertex 8.89703 -25.7101 170.129
    endloop
  endfacet
  facet normal -0.000108633 -0.991969 0.126484
    outer loop
      vertex -15 -25.9808 168
      vertex -8.95408 -25.7114 170.118
      vertex -14.9941 -25.9706 168.08
    endloop
  endfacet
  facet normal 0 -0.992013 0.126133
    outer loop
      vertex 15 -25.9808 168
      vertex 8.89703 -25.7101 170.129
      vertex -15 -25.9808 168
    endloop
  endfacet
  facet normal 0.00382906 -0.990574 0.136927
    outer loop
      vertex 8.89703 -25.7101 170.129
      vertex 15 -25.9808 168
      vertex 8.95408 -25.7114 170.118
    endloop
  endfacet
  facet normal 0.000108633 -0.991969 0.126484
    outer loop
      vertex 8.95408 -25.7114 170.118
      vertex 15 -25.9808 168
      vertex 14.9941 -25.9706 168.08
    endloop
  endfacet
  facet normal 0 -0.970725 0.240192
    outer loop
      vertex -11.75 -20.3516 212.275
      vertex 9.75 -16.8875 226.275
      vertex -9.75 -16.8875 226.275
    endloop
  endfacet
  facet normal 0 -0.970725 0.240192
    outer loop
      vertex 9.75 -16.8875 226.275
      vertex -11.75 -20.3516 212.275
      vertex 11.75 -20.3516 212.275
    endloop
  endfacet
  facet normal 0 -0.764056 0.64515
    outer loop
      vertex 9.75 -16.8875 226.275
      vertex 0 0 246.275
      vertex -9.75 -16.8875 226.275
    endloop
  endfacet
  facet normal 0 -0.9511 -0.308882
    outer loop
      vertex -6.05329 -20.7846 0
      vertex 7.55329 -23.3827 8
      vertex -7.55329 -23.3827 8
    endloop
  endfacet
  facet normal 0 -0.9511 -0.308882
    outer loop
      vertex 7.55329 -23.3827 8
      vertex -6.05329 -20.7846 0
      vertex 6.05329 -20.7846 0
    endloop
  endfacet
  facet normal -0.866028 -0.499995 0
    outer loop
      vertex -16.4734 -18.2327 8
      vertex -24.0266 -5.15 16
      vertex -24.0266 -5.15 8
    endloop
  endfacet
  facet normal -0.866028 -0.499995 0
    outer loop
      vertex -24.0266 -5.15 16
      vertex -16.4734 -18.2327 8
      vertex -16.4734 -18.2327 16
    endloop
  endfacet
  facet normal -0.851488 -0.491606 0.182461
    outer loop
      vertex -14.4552 -19.6601 21.5721
      vertex -9.75 -16.8875 51
      vertex -19.5 0 51
    endloop
  endfacet
  facet normal -0.851511 -0.491565 0.182461
    outer loop
      vertex -13.9477 -20.5054 21.6632
      vertex -9.75 -16.8875 51
      vertex -14.4552 -19.6601 21.5721
    endloop
  endfacet
  facet normal -0.851467 -0.49164 0.182464
    outer loop
      vertex -9.75 -16.8875 51
      vertex -13.9477 -20.5054 21.6632
      vertex -12.8725 -22.2959 21.8562
    endloop
  endfacet
  facet normal -0.851489 -0.491604 0.182461
    outer loop
      vertex -24.0266 -5.15 16
      vertex -15.9042 -17.2469 21.3121
      vertex -22.8883 -5.15 21.3121
    endloop
  endfacet
  facet normal -0.851489 -0.491601 0.182468
    outer loop
      vertex -15.9042 -17.2469 21.3121
      vertex -24.0266 -5.15 16
      vertex -16.4734 -18.2327 16
    endloop
  endfacet
  facet normal -0.851485 -0.491611 0.182461
    outer loop
      vertex -22.8883 -5.15 21.3121
      vertex -19.5 0 51
      vertex -25.7451 0 21.8562
    endloop
  endfacet
  facet normal -0.851489 -0.491604 0.18246
    outer loop
      vertex -15.9042 -17.2469 21.3121
      vertex -19.5 0 51
      vertex -22.8883 -5.15 21.3121
    endloop
  endfacet
  facet normal -0.851483 -0.491612 0.182466
    outer loop
      vertex -19.5 0 51
      vertex -15.9042 -17.2469 21.3121
      vertex -14.4552 -19.6601 21.5721
    endloop
  endfacet
  facet normal -0.863421 -0.498498 -0.0774849
    outer loop
      vertex -15.5825 -16.6897 114.718
      vertex -23.8246 -5.15 132.32
      vertex -14.2421 -14.368 84.8452
    endloop
  endfacet
  facet normal -0.863433 -0.498476 -0.0774916
    outer loop
      vertex -9.75 -16.8875 51
      vertex -14.2421 -14.368 84.8452
      vertex -23.8246 -5.15 132.32
    endloop
  endfacet
  facet normal -0.863408 -0.49852 -0.077485
    outer loop
      vertex -9.75 -16.8875 51
      vertex -12.2602 -17.7566 84.5625
      vertex -14.2421 -14.368 84.8452
    endloop
  endfacet
  facet normal -0.863421 -0.498498 -0.0774854
    outer loop
      vertex -12.2602 -17.7566 84.5625
      vertex -9.75 -16.8875 51
      vertex -11.2431 -19.4737 84.2758
    endloop
  endfacet
  facet normal -0.863426 -0.498489 -0.0774886
    outer loop
      vertex -24.0599 -5.15 134.942
      vertex -30 0 168
      vertex -24.2926 -4.75969 135.024
    endloop
  endfacet
  facet normal -0.863422 -0.498496 -0.0774862
    outer loop
      vertex -15.9881 -17.3922 123.757
      vertex -23.8246 -5.15 132.32
      vertex -15.5825 -16.6897 114.718
    endloop
  endfacet
  facet normal -0.863422 -0.498496 -0.0774872
    outer loop
      vertex -16.49 -18.2615 134.942
      vertex -23.8246 -5.15 132.32
      vertex -15.9881 -17.3922 123.757
    endloop
  endfacet
  facet normal -0.863423 -0.498495 -0.0774841
    outer loop
      vertex -23.8246 -5.15 132.32
      vertex -16.49 -18.2615 134.942
      vertex -24.0599 -5.15 134.942
    endloop
  endfacet
  facet normal -0.863422 -0.498495 -0.077487
    outer loop
      vertex -24.0599 -5.15 134.942
      vertex -16.49 -18.2615 134.942
      vertex -30 0 168
    endloop
  endfacet
  facet normal -0.86342 -0.498499 -0.077487
    outer loop
      vertex -15 -25.9808 168
      vertex -16.49 -18.2615 134.942
      vertex -14.9439 -21.0277 135.51
    endloop
  endfacet
  facet normal -0.863258 -0.498624 -0.0784892
    outer loop
      vertex -13.57 -23.5039 136.13
      vertex -14.9439 -21.0277 135.51
      vertex -13.9326 -22.8371 135.882
    endloop
  endfacet
  facet normal -0.863437 -0.498471 -0.0774828
    outer loop
      vertex -14.9439 -21.0277 135.51
      vertex -13.57 -23.5039 136.13
      vertex -15 -25.9808 168
    endloop
  endfacet
  facet normal -0.863422 -0.498496 -0.0774863
    outer loop
      vertex -16.49 -18.2615 134.942
      vertex -15 -25.9808 168
      vertex -30 0 168
    endloop
  endfacet
  facet normal -0.863417 -0.498505 -0.0774864
    outer loop
      vertex -19.5 0 51
      vertex -21.5078 -1.73934 84.5625
      vertex -22.4863 0 84.2758
    endloop
  endfacet
  facet normal -0.863419 -0.498501 -0.0774864
    outer loop
      vertex -19.5 0 51
      vertex -19.564 -5.15 84.8452
      vertex -21.5078 -1.73934 84.5625
    endloop
  endfacet
  facet normal -0.863424 -0.498493 -0.0774875
    outer loop
      vertex -19.564 -5.15 84.8452
      vertex -9.75 -16.8875 51
      vertex -23.8246 -5.15 132.32
    endloop
  endfacet
  facet normal -0.863422 -0.498497 -0.0774856
    outer loop
      vertex -9.75 -16.8875 51
      vertex -19.564 -5.15 84.8452
      vertex -19.5 0 51
    endloop
  endfacet
  facet normal -0.863434 -0.498405 -0.0779413
    outer loop
      vertex -24.2926 -4.75969 135.024
      vertex -27.1399 0 136.13
      vertex -26.7438 -0.647419 135.882
    endloop
  endfacet
  facet normal -0.863419 -0.498502 -0.0774855
    outer loop
      vertex -27.1399 0 136.13
      vertex -24.2926 -4.75969 135.024
      vertex -30 0 168
    endloop
  endfacet
  facet normal -0.859108 -0.496004 0.126147
    outer loop
      vertex -21.8151 -5.15 203.499
      vertex -15.1577 -15.9539 206.358
      vertex -21.3953 -5.15 206.358
    endloop
  endfacet
  facet normal -0.859108 -0.496009 0.126125
    outer loop
      vertex -15.1577 -15.9539 206.358
      vertex -21.8151 -5.15 203.499
      vertex -17.1509 -19.4063 179.204
    endloop
  endfacet
  facet normal -0.859113 -0.496001 0.126125
    outer loop
      vertex -21.5078 -4.92193 206.489
      vertex -23.5 0 212.275
      vertex -22.7835 -2.19002 208.543
    endloop
  endfacet
  facet normal -0.859097 -0.496084 0.125905
    outer loop
      vertex -11.75 -20.3516 212.275
      vertex -21.5078 -4.92193 206.489
      vertex -21.3953 -5.15 206.358
    endloop
  endfacet
  facet normal -0.85911 -0.496005 0.12613
    outer loop
      vertex -11.75 -20.3516 212.275
      vertex -21.3953 -5.15 206.358
      vertex -15.1577 -15.9539 206.358
    endloop
  endfacet
  facet normal -0.85874 -0.496861 0.12528
    outer loop
      vertex -11.75 -20.3516 212.275
      vertex -15.1577 -15.9539 206.358
      vertex -15.0689 -16.0867 206.44
    endloop
  endfacet
  facet normal -0.859617 -0.494838 0.127258
    outer loop
      vertex -11.75 -20.3516 212.275
      vertex -15.0689 -16.0867 206.44
      vertex -15.0164 -16.1653 206.489
    endloop
  endfacet
  facet normal -0.859124 -0.495975 0.126156
    outer loop
      vertex -11.75 -20.3516 212.275
      vertex -15.0164 -16.1653 206.489
      vertex -12.6863 -19.4969 209.259
    endloop
  endfacet
  facet normal -0.859109 -0.496007 0.126131
    outer loop
      vertex -21.5078 -4.92193 206.489
      vertex -11.75 -20.3516 212.275
      vertex -23.5 0 212.275
    endloop
  endfacet
  facet normal -0.859114 -0.495994 0.126148
    outer loop
      vertex -11.75 -20.3516 212.275
      vertex -12.6863 -19.4969 209.259
      vertex -11.9031 -20.6167 210.19
    endloop
  endfacet
  facet normal -0.858203 -0.497425 0.126714
    outer loop
      vertex -15 -25.9808 168
      vertex -14.9941 -25.9706 168.08
      vertex -15.0188 -25.9234 168.098
    endloop
  endfacet
  facet normal -0.859073 -0.496194 0.125639
    outer loop
      vertex -30 0 168
      vertex -26.7438 -5.10125 170.118
      vertex -29.9883 0 168.08
    endloop
  endfacet
  facet normal -0.85948 -0.493866 0.131872
    outer loop
      vertex -30 0 168
      vertex -26.7141 -5.15 170.129
      vertex -26.7438 -5.10125 170.118
    endloop
  endfacet
  facet normal -0.859109 -0.496009 0.126124
    outer loop
      vertex -26.7141 -5.15 170.129
      vertex -17.1509 -19.4063 179.204
      vertex -21.8151 -5.15 203.499
    endloop
  endfacet
  facet normal -0.859109 -0.496008 0.126127
    outer loop
      vertex -26.7141 -5.15 170.129
      vertex -17.798 -20.527 170.389
      vertex -17.1509 -19.4063 179.204
    endloop
  endfacet
  facet normal -0.85911 -0.496006 0.126124
    outer loop
      vertex -17.8171 -20.5601 170.129
      vertex -26.7141 -5.15 170.129
      vertex -30 0 168
    endloop
  endfacet
  facet normal -0.859096 -0.495998 0.126255
    outer loop
      vertex -26.7141 -5.15 170.129
      vertex -17.8171 -20.5601 170.129
      vertex -17.798 -20.527 170.389
    endloop
  endfacet
  facet normal -0.859111 -0.496007 0.126118
    outer loop
      vertex -15 -25.9808 168
      vertex -17.8171 -20.5601 170.129
      vertex -30 0 168
    endloop
  endfacet
  facet normal -0.856637 -0.498053 0.1346
    outer loop
      vertex -17.8171 -20.5601 170.129
      vertex -15 -25.9808 168
      vertex -17.7897 -20.6102 170.118
    endloop
  endfacet
  facet normal -0.859267 -0.495869 0.125599
    outer loop
      vertex -17.7897 -20.6102 170.118
      vertex -15 -25.9808 168
      vertex -15.0188 -25.9234 168.098
    endloop
  endfacet
  facet normal -0.859077 -0.496054 0.126163
    outer loop
      vertex -22.7835 -2.19002 208.543
      vertex -23.5 0 212.275
      vertex -23.8062 0 210.19
    endloop
  endfacet
  facet normal -0.840673 -0.485363 0.240192
    outer loop
      vertex -11.75 -20.3516 212.275
      vertex -9.75 -16.8875 226.275
      vertex -19.5 0 226.275
    endloop
  endfacet
  facet normal -0.840673 -0.485363 0.240192
    outer loop
      vertex -11.75 -20.3516 212.275
      vertex -19.5 0 226.275
      vertex -23.5 0 212.275
    endloop
  endfacet
  facet normal -0.661692 -0.382028 0.64515
    outer loop
      vertex -9.75 -16.8875 226.275
      vertex 0 0 246.275
      vertex -19.5 0 226.275
    endloop
  endfacet
  facet normal -0.823675 -0.475547 -0.308891
    outer loop
      vertex -16.4734 -18.2327 8
      vertex -23.2833 -5.15 6.01776
      vertex -15.3037 -16.2068 1.76199
    endloop
  endfacet
  facet normal -0.823685 -0.475548 -0.308865
    outer loop
      vertex -23.2833 -5.15 6.01776
      vertex -16.4734 -18.2327 8
      vertex -24.0266 -5.15 8
    endloop
  endfacet
  facet normal -0.823691 -0.475552 -0.308842
    outer loop
      vertex -15.3037 -16.2068 1.76199
      vertex -21.0266 -5.15 0
      vertex -14.9734 -15.6346 0
    endloop
  endfacet
  facet normal -0.823676 -0.47555 -0.308884
    outer loop
      vertex -21.0266 -5.15 0
      vertex -15.3037 -16.2068 1.76199
      vertex -23.2833 -5.15 6.01776
    endloop
  endfacet
  facet normal -0.615298 0.788295 0
    outer loop
      vertex 8.61823 -10.5013 0
      vertex 8.09257 -10.9116 224.275
      vertex 8.61823 -10.5013 224.275
    endloop
  endfacet
  facet normal -0.615298 0.788295 0
    outer loop
      vertex 8.09257 -10.9116 224.275
      vertex 8.61823 -10.5013 0
      vertex 8.09257 -10.9116 0
    endloop
  endfacet
  facet normal -0.997296 -0.0734876 0
    outer loop
      vertex 13.5686 0.666584 0
      vertex 13.5196 1.33156 224.275
      vertex 13.5196 1.33156 0
    endloop
  endfacet
  facet normal -0.997296 -0.0734876 0
    outer loop
      vertex 13.5196 1.33156 224.275
      vertex 13.5686 0.666584 0
      vertex 13.5686 0.666584 224.275
    endloop
  endfacet
  facet normal -0.999697 -0.0245956 0
    outer loop
      vertex 13.585 0 0
      vertex 13.5686 0.666584 224.275
      vertex 13.5686 0.666584 0
    endloop
  endfacet
  facet normal -0.999697 -0.0245956 0
    outer loop
      vertex 13.5686 0.666584 224.275
      vertex 13.585 0 0
      vertex 13.585 0 224.275
    endloop
  endfacet
  facet normal -0.992483 -0.122379 0
    outer loop
      vertex 13.5196 1.33156 0
      vertex 13.438 1.99333 224.275
      vertex 13.438 1.99333 0
    endloop
  endfacet
  facet normal -0.992483 -0.122379 0
    outer loop
      vertex 13.438 1.99333 224.275
      vertex 13.5196 1.33156 0
      vertex 13.5196 1.33156 224.275
    endloop
  endfacet
  facet normal 0.492941 -0.870063 0
    outer loop
      vertex -6.98409 11.6522 0
      vertex -6.40392 11.9809 224.275
      vertex -6.98409 11.6522 224.275
    endloop
  endfacet
  facet normal 0.492941 -0.870063 0
    outer loop
      vertex -6.40392 11.9809 224.275
      vertex -6.98409 11.6522 0
      vertex -6.40392 11.9809 0
    endloop
  endfacet
  facet normal 0.963753 -0.266797 0
    outer loop
      vertex -13.1779 3.30089 224.275
      vertex -13 3.94352 0
      vertex -13 3.94352 224.275
    endloop
  endfacet
  facet normal 0.963753 -0.266797 0
    outer loop
      vertex -13 3.94352 0
      vertex -13.1779 3.30089 224.275
      vertex -13.1779 3.30089 0
    endloop
  endfacet
  facet normal 0.817612 -0.57577 0
    outer loop
      vertex -11.2955 7.54742 224.275
      vertex -10.9116 8.09257 0
      vertex -10.9116 8.09257 224.275
    endloop
  endfacet
  facet normal 0.817612 -0.57577 0
    outer loop
      vertex -10.9116 8.09257 0
      vertex -11.2955 7.54742 224.275
      vertex -11.2955 7.54742 0
    endloop
  endfacet
  facet normal -0.963753 -0.266797 0
    outer loop
      vertex 13.1779 3.30089 0
      vertex 13 3.94352 224.275
      vertex 13 3.94352 0
    endloop
  endfacet
  facet normal -0.963753 -0.266797 0
    outer loop
      vertex 13 3.94352 224.275
      vertex 13.1779 3.30089 0
      vertex 13.1779 3.30089 224.275
    endloop
  endfacet
  facet normal -0.653147 -0.757231 0
    outer loop
      vertex 8.61823 10.5013 0
      vertex 9.12313 10.0658 224.275
      vertex 8.61823 10.5013 224.275
    endloop
  endfacet
  facet normal -0.653147 -0.757231 -0
    outer loop
      vertex 9.12313 10.0658 224.275
      vertex 8.61823 10.5013 0
      vertex 9.12313 10.0658 0
    endloop
  endfacet
  facet normal 0.914217 0.405225 0
    outer loop
      vertex -12.2807 -5.80834 224.275
      vertex -12.5509 -5.19875 0
      vertex -12.5509 -5.19875 224.275
    endloop
  endfacet
  facet normal 0.914217 0.405225 0
    outer loop
      vertex -12.5509 -5.19875 0
      vertex -12.2807 -5.80834 224.275
      vertex -12.2807 -5.80834 0
    endloop
  endfacet
  facet normal 0.219109 -0.9757 0
    outer loop
      vertex -3.30089 13.1779 0
      vertex -2.6503 13.324 224.275
      vertex -3.30089 13.1779 224.275
    endloop
  endfacet
  facet normal 0.219109 -0.9757 0
    outer loop
      vertex -2.6503 13.324 224.275
      vertex -3.30089 13.1779 0
      vertex -2.6503 13.324 0
    endloop
  endfacet
  facet normal 0.57577 -0.817612 0
    outer loop
      vertex -8.09257 10.9116 0
      vertex -7.54742 11.2955 224.275
      vertex -8.09257 10.9116 224.275
    endloop
  endfacet
  facet normal 0.57577 -0.817612 0
    outer loop
      vertex -7.54742 11.2955 224.275
      vertex -8.09257 10.9116 0
      vertex -7.54742 11.2955 0
    endloop
  endfacet
  facet normal -0.449624 -0.893218 0
    outer loop
      vertex 5.80834 12.2807 0
      vertex 6.40392 11.9809 224.275
      vertex 5.80834 12.2807 224.275
    endloop
  endfacet
  facet normal -0.449624 -0.893218 -0
    outer loop
      vertex 6.40392 11.9809 224.275
      vertex 5.80834 12.2807 0
      vertex 6.40392 11.9809 0
    endloop
  endfacet
  facet normal -0.9757 -0.219109 0
    outer loop
      vertex 13.324 2.6503 0
      vertex 13.1779 3.30089 224.275
      vertex 13.1779 3.30089 0
    endloop
  endfacet
  facet normal -0.9757 -0.219109 0
    outer loop
      vertex 13.1779 3.30089 224.275
      vertex 13.324 2.6503 0
      vertex 13.324 2.6503 224.275
    endloop
  endfacet
  facet normal -0.313603 0.949554 0
    outer loop
      vertex 4.57665 -12.7909 0
      vertex 3.94352 -13 224.275
      vertex 4.57665 -12.7909 224.275
    endloop
  endfacet
  facet normal -0.313603 0.949554 0
    outer loop
      vertex 3.94352 -13 224.275
      vertex 4.57665 -12.7909 0
      vertex 3.94352 -13 0
    endloop
  endfacet
  facet normal -0.757231 0.653147 0
    outer loop
      vertex 10.0658 -9.12313 0
      vertex 10.5013 -8.61823 224.275
      vertex 10.5013 -8.61823 0
    endloop
  endfacet
  facet normal -0.757231 0.653147 0
    outer loop
      vertex 10.5013 -8.61823 224.275
      vertex 10.0658 -9.12313 0
      vertex 10.0658 -9.12313 224.275
    endloop
  endfacet
  facet normal 0.0734876 -0.997296 0
    outer loop
      vertex -1.33156 13.5196 0
      vertex -0.666584 13.5686 224.275
      vertex -1.33156 13.5196 224.275
    endloop
  endfacet
  facet normal 0.0734876 -0.997296 0
    outer loop
      vertex -0.666584 13.5686 224.275
      vertex -1.33156 13.5196 0
      vertex -0.666584 13.5686 0
    endloop
  endfacet
  facet normal 0.757231 0.653147 0
    outer loop
      vertex -10.0658 -9.12313 224.275
      vertex -10.5013 -8.61823 0
      vertex -10.5013 -8.61823 224.275
    endloop
  endfacet
  facet normal 0.757231 0.653147 0
    outer loop
      vertex -10.5013 -8.61823 0
      vertex -10.0658 -9.12313 224.275
      vertex -10.0658 -9.12313 0
    endloop
  endfacet
  facet normal -0.914217 0.405225 0
    outer loop
      vertex 12.2807 -5.80834 0
      vertex 12.5509 -5.19875 224.275
      vertex 12.5509 -5.19875 0
    endloop
  endfacet
  facet normal -0.914217 0.405225 0
    outer loop
      vertex 12.5509 -5.19875 224.275
      vertex 12.2807 -5.80834 0
      vertex 12.2807 -5.80834 224.275
    endloop
  endfacet
  facet normal -0.788295 -0.615298 0
    outer loop
      vertex 10.9116 8.09257 0
      vertex 10.5013 8.61823 224.275
      vertex 10.5013 8.61823 0
    endloop
  endfacet
  facet normal -0.788295 -0.615298 0
    outer loop
      vertex 10.5013 8.61823 224.275
      vertex 10.9116 8.09257 0
      vertex 10.9116 8.09257 224.275
    endloop
  endfacet
  facet normal 0.170969 0.985276 -0
    outer loop
      vertex -1.99333 -13.438 0
      vertex -2.6503 -13.324 224.275
      vertex -1.99333 -13.438 224.275
    endloop
  endfacet
  facet normal 0.170969 0.985276 0
    outer loop
      vertex -2.6503 -13.324 224.275
      vertex -1.99333 -13.438 0
      vertex -2.6503 -13.324 0
    endloop
  endfacet
  facet normal 0.893218 -0.449624 0
    outer loop
      vertex -12.2807 5.80834 224.275
      vertex -11.9809 6.40392 0
      vertex -11.9809 6.40392 224.275
    endloop
  endfacet
  facet normal 0.893218 -0.449624 0
    outer loop
      vertex -11.9809 6.40392 0
      vertex -12.2807 5.80834 224.275
      vertex -12.2807 5.80834 0
    endloop
  endfacet
  facet normal -0.870063 0.492941 0
    outer loop
      vertex 11.6522 -6.98409 0
      vertex 11.9809 -6.40392 224.275
      vertex 11.9809 -6.40392 0
    endloop
  endfacet
  facet normal -0.870063 0.492941 0
    outer loop
      vertex 11.9809 -6.40392 224.275
      vertex 11.6522 -6.98409 0
      vertex 11.6522 -6.98409 224.275
    endloop
  endfacet
  facet normal 0.9757 -0.219109 0
    outer loop
      vertex -13.324 2.6503 224.275
      vertex -13.1779 3.30089 0
      vertex -13.1779 3.30089 224.275
    endloop
  endfacet
  facet normal 0.9757 -0.219109 0
    outer loop
      vertex -13.1779 3.30089 0
      vertex -13.324 2.6503 224.275
      vertex -13.324 2.6503 0
    endloop
  endfacet
  facet normal 0.9757 0.219109 0
    outer loop
      vertex -13.1779 -3.30089 224.275
      vertex -13.324 -2.6503 0
      vertex -13.324 -2.6503 224.275
    endloop
  endfacet
  facet normal 0.9757 0.219109 0
    outer loop
      vertex -13.324 -2.6503 0
      vertex -13.1779 -3.30089 224.275
      vertex -13.1779 -3.30089 0
    endloop
  endfacet
  facet normal -0.914217 -0.405225 0
    outer loop
      vertex 12.5509 5.19875 0
      vertex 12.2807 5.80834 224.275
      vertex 12.2807 5.80834 0
    endloop
  endfacet
  facet normal -0.914217 -0.405225 0
    outer loop
      vertex 12.2807 5.80834 224.275
      vertex 12.5509 5.19875 0
      vertex 12.5509 5.19875 224.275
    endloop
  endfacet
  facet normal 0.999697 0.0245956 0
    outer loop
      vertex -13.5686 -0.666584 224.275
      vertex -13.585 0 0
      vertex -13.585 0 224.275
    endloop
  endfacet
  facet normal 0.999697 0.0245956 0
    outer loop
      vertex -13.585 0 0
      vertex -13.5686 -0.666584 224.275
      vertex -13.5686 -0.666584 0
    endloop
  endfacet
  facet normal -0.949554 0.313603 0
    outer loop
      vertex 12.7909 -4.57665 0
      vertex 13 -3.94352 224.275
      vertex 13 -3.94352 0
    endloop
  endfacet
  facet normal -0.949554 0.313603 0
    outer loop
      vertex 13 -3.94352 224.275
      vertex 12.7909 -4.57665 0
      vertex 12.7909 -4.57665 224.275
    endloop
  endfacet
  facet normal -0.870063 -0.492941 0
    outer loop
      vertex 11.9809 6.40392 0
      vertex 11.6522 6.98409 224.275
      vertex 11.6522 6.98409 0
    endloop
  endfacet
  facet normal -0.870063 -0.492941 0
    outer loop
      vertex 11.6522 6.98409 224.275
      vertex 11.9809 6.40392 0
      vertex 11.9809 6.40392 224.275
    endloop
  endfacet
  facet normal 0.689534 0.724253 -0
    outer loop
      vertex -9.12313 -10.0658 0
      vertex -9.60604 -9.60604 224.275
      vertex -9.12313 -10.0658 224.275
    endloop
  endfacet
  facet normal 0.689534 0.724253 0
    outer loop
      vertex -9.60604 -9.60604 224.275
      vertex -9.12313 -10.0658 0
      vertex -9.60604 -9.60604 0
    endloop
  endfacet
  facet normal 0.122379 0.992483 -0
    outer loop
      vertex -1.33156 -13.5196 0
      vertex -1.99333 -13.438 224.275
      vertex -1.33156 -13.5196 224.275
    endloop
  endfacet
  facet normal 0.122379 0.992483 0
    outer loop
      vertex -1.99333 -13.438 224.275
      vertex -1.33156 -13.5196 0
      vertex -1.99333 -13.438 0
    endloop
  endfacet
  facet normal 0.615298 -0.788295 0
    outer loop
      vertex -8.61823 10.5013 0
      vertex -8.09257 10.9116 224.275
      vertex -8.61823 10.5013 224.275
    endloop
  endfacet
  facet normal 0.615298 -0.788295 0
    outer loop
      vertex -8.09257 10.9116 224.275
      vertex -8.61823 10.5013 0
      vertex -8.09257 10.9116 0
    endloop
  endfacet
  facet normal 0.0245956 -0.999697 0
    outer loop
      vertex -0.666584 13.5686 0
      vertex 0 13.585 224.275
      vertex -0.666584 13.5686 224.275
    endloop
  endfacet
  facet normal 0.0245956 -0.999697 0
    outer loop
      vertex 0 13.585 224.275
      vertex -0.666584 13.5686 0
      vertex 0 13.585 0
    endloop
  endfacet
  facet normal -0.932978 -0.359934 0
    outer loop
      vertex 12.7909 4.57665 0
      vertex 12.5509 5.19875 224.275
      vertex 12.5509 5.19875 0
    endloop
  endfacet
  facet normal -0.932978 -0.359934 0
    outer loop
      vertex 12.5509 5.19875 224.275
      vertex 12.7909 4.57665 0
      vertex 12.7909 4.57665 224.275
    endloop
  endfacet
  facet normal -0.0734876 0.997296 0
    outer loop
      vertex 1.33156 -13.5196 0
      vertex 0.666584 -13.5686 224.275
      vertex 1.33156 -13.5196 224.275
    endloop
  endfacet
  facet normal -0.0734876 0.997296 0
    outer loop
      vertex 0.666584 -13.5686 224.275
      vertex 1.33156 -13.5196 0
      vertex 0.666584 -13.5686 0
    endloop
  endfacet
  facet normal -0.615298 -0.788295 0
    outer loop
      vertex 8.09257 10.9116 0
      vertex 8.61823 10.5013 224.275
      vertex 8.09257 10.9116 224.275
    endloop
  endfacet
  facet normal -0.615298 -0.788295 -0
    outer loop
      vertex 8.61823 10.5013 224.275
      vertex 8.09257 10.9116 0
      vertex 8.61823 10.5013 0
    endloop
  endfacet
  facet normal -0.122379 -0.992483 0
    outer loop
      vertex 1.33156 13.5196 0
      vertex 1.99333 13.438 224.275
      vertex 1.33156 13.5196 224.275
    endloop
  endfacet
  facet normal -0.122379 -0.992483 -0
    outer loop
      vertex 1.99333 13.438 224.275
      vertex 1.33156 13.5196 0
      vertex 1.99333 13.438 0
    endloop
  endfacet
  facet normal -0.405225 -0.914217 0
    outer loop
      vertex 5.19875 12.5509 0
      vertex 5.80834 12.2807 224.275
      vertex 5.19875 12.5509 224.275
    endloop
  endfacet
  facet normal -0.405225 -0.914217 -0
    outer loop
      vertex 5.80834 12.2807 224.275
      vertex 5.19875 12.5509 0
      vertex 5.80834 12.2807 0
    endloop
  endfacet
  facet normal -0.122379 0.992483 0
    outer loop
      vertex 1.99333 -13.438 0
      vertex 1.33156 -13.5196 224.275
      vertex 1.99333 -13.438 224.275
    endloop
  endfacet
  facet normal -0.122379 0.992483 0
    outer loop
      vertex 1.33156 -13.5196 224.275
      vertex 1.99333 -13.438 0
      vertex 1.33156 -13.5196 0
    endloop
  endfacet
  facet normal 0.57577 0.817612 -0
    outer loop
      vertex -7.54742 -11.2955 0
      vertex -8.09257 -10.9116 224.275
      vertex -7.54742 -11.2955 224.275
    endloop
  endfacet
  facet normal 0.57577 0.817612 0
    outer loop
      vertex -8.09257 -10.9116 224.275
      vertex -7.54742 -11.2955 0
      vertex -8.09257 -10.9116 0
    endloop
  endfacet
  facet normal -0.817612 0.57577 0
    outer loop
      vertex 10.9116 -8.09257 0
      vertex 11.2955 -7.54742 224.275
      vertex 11.2955 -7.54742 0
    endloop
  endfacet
  facet normal -0.817612 0.57577 0
    outer loop
      vertex 11.2955 -7.54742 224.275
      vertex 10.9116 -8.09257 0
      vertex 10.9116 -8.09257 224.275
    endloop
  endfacet
  facet normal -0.817612 -0.57577 0
    outer loop
      vertex 11.2955 7.54742 0
      vertex 10.9116 8.09257 224.275
      vertex 10.9116 8.09257 0
    endloop
  endfacet
  facet normal -0.817612 -0.57577 0
    outer loop
      vertex 10.9116 8.09257 224.275
      vertex 11.2955 7.54742 0
      vertex 11.2955 7.54742 224.275
    endloop
  endfacet
  facet normal -0.0734876 -0.997296 0
    outer loop
      vertex 0.666584 13.5686 0
      vertex 1.33156 13.5196 224.275
      vertex 0.666584 13.5686 224.275
    endloop
  endfacet
  facet normal -0.0734876 -0.997296 -0
    outer loop
      vertex 1.33156 13.5196 224.275
      vertex 0.666584 13.5686 0
      vertex 1.33156 13.5196 0
    endloop
  endfacet
  facet normal -0.689534 -0.724253 0
    outer loop
      vertex 9.12313 10.0658 0
      vertex 9.60604 9.60604 224.275
      vertex 9.12313 10.0658 224.275
    endloop
  endfacet
  facet normal -0.689534 -0.724253 -0
    outer loop
      vertex 9.60604 9.60604 224.275
      vertex 9.12313 10.0658 0
      vertex 9.60604 9.60604 0
    endloop
  endfacet
  facet normal 0.653147 0.757231 -0
    outer loop
      vertex -8.61823 -10.5013 0
      vertex -9.12313 -10.0658 224.275
      vertex -8.61823 -10.5013 224.275
    endloop
  endfacet
  facet normal 0.653147 0.757231 0
    outer loop
      vertex -9.12313 -10.0658 224.275
      vertex -8.61823 -10.5013 0
      vertex -9.12313 -10.0658 0
    endloop
  endfacet
  facet normal -0.999697 0.0245956 0
    outer loop
      vertex 13.5686 -0.666584 0
      vertex 13.585 0 224.275
      vertex 13.585 0 0
    endloop
  endfacet
  facet normal -0.999697 0.0245956 0
    outer loop
      vertex 13.585 0 224.275
      vertex 13.5686 -0.666584 0
      vertex 13.5686 -0.666584 224.275
    endloop
  endfacet
  facet normal 0.724253 -0.689534 0
    outer loop
      vertex -10.0658 9.12313 224.275
      vertex -9.60604 9.60604 0
      vertex -9.60604 9.60604 224.275
    endloop
  endfacet
  facet normal 0.724253 -0.689534 0
    outer loop
      vertex -9.60604 9.60604 0
      vertex -10.0658 9.12313 224.275
      vertex -10.0658 9.12313 0
    endloop
  endfacet
  facet normal -0.997296 0.0734876 0
    outer loop
      vertex 13.5196 -1.33156 0
      vertex 13.5686 -0.666584 224.275
      vertex 13.5686 -0.666584 0
    endloop
  endfacet
  facet normal -0.997296 0.0734876 0
    outer loop
      vertex 13.5686 -0.666584 224.275
      vertex 13.5196 -1.33156 0
      vertex 13.5196 -1.33156 224.275
    endloop
  endfacet
  facet normal 0.817612 0.57577 0
    outer loop
      vertex -10.9116 -8.09257 224.275
      vertex -11.2955 -7.54742 0
      vertex -11.2955 -7.54742 224.275
    endloop
  endfacet
  facet normal 0.817612 0.57577 0
    outer loop
      vertex -11.2955 -7.54742 0
      vertex -10.9116 -8.09257 224.275
      vertex -10.9116 -8.09257 0
    endloop
  endfacet
  facet normal -0.84487 -0.534971 0
    outer loop
      vertex 11.6522 6.98409 0
      vertex 11.2955 7.54742 224.275
      vertex 11.2955 7.54742 0
    endloop
  endfacet
  facet normal -0.84487 -0.534971 0
    outer loop
      vertex 11.2955 7.54742 224.275
      vertex 11.6522 6.98409 0
      vertex 11.6522 6.98409 224.275
    endloop
  endfacet
  facet normal 0.0245956 0.999697 -0
    outer loop
      vertex 0 -13.585 0
      vertex -0.666584 -13.5686 224.275
      vertex 0 -13.585 224.275
    endloop
  endfacet
  facet normal 0.0245956 0.999697 0
    outer loop
      vertex -0.666584 -13.5686 224.275
      vertex 0 -13.585 0
      vertex -0.666584 -13.5686 0
    endloop
  endfacet
  facet normal 0.405225 -0.914217 0
    outer loop
      vertex -5.80834 12.2807 0
      vertex -5.19875 12.5509 224.275
      vertex -5.80834 12.2807 224.275
    endloop
  endfacet
  facet normal 0.405225 -0.914217 0
    outer loop
      vertex -5.19875 12.5509 224.275
      vertex -5.80834 12.2807 0
      vertex -5.19875 12.5509 0
    endloop
  endfacet
  facet normal -0.405225 0.914217 0
    outer loop
      vertex 5.80834 -12.2807 0
      vertex 5.19875 -12.5509 224.275
      vertex 5.80834 -12.2807 224.275
    endloop
  endfacet
  facet normal -0.405225 0.914217 0
    outer loop
      vertex 5.19875 -12.5509 224.275
      vertex 5.80834 -12.2807 0
      vertex 5.19875 -12.5509 0
    endloop
  endfacet
  facet normal -0.57577 -0.817612 0
    outer loop
      vertex 7.54742 11.2955 0
      vertex 8.09257 10.9116 224.275
      vertex 7.54742 11.2955 224.275
    endloop
  endfacet
  facet normal -0.57577 -0.817612 -0
    outer loop
      vertex 8.09257 10.9116 224.275
      vertex 7.54742 11.2955 0
      vertex 8.09257 10.9116 0
    endloop
  endfacet
  facet normal -0.534971 0.84487 0
    outer loop
      vertex 7.54742 -11.2955 0
      vertex 6.98409 -11.6522 224.275
      vertex 7.54742 -11.2955 224.275
    endloop
  endfacet
  facet normal -0.534971 0.84487 0
    outer loop
      vertex 6.98409 -11.6522 224.275
      vertex 7.54742 -11.2955 0
      vertex 6.98409 -11.6522 0
    endloop
  endfacet
  facet normal -0.57577 0.817612 0
    outer loop
      vertex 8.09257 -10.9116 0
      vertex 7.54742 -11.2955 224.275
      vertex 8.09257 -10.9116 224.275
    endloop
  endfacet
  facet normal -0.57577 0.817612 0
    outer loop
      vertex 7.54742 -11.2955 224.275
      vertex 8.09257 -10.9116 0
      vertex 7.54742 -11.2955 0
    endloop
  endfacet
  facet normal -0.932978 0.359934 0
    outer loop
      vertex 12.5509 -5.19875 0
      vertex 12.7909 -4.57665 224.275
      vertex 12.7909 -4.57665 0
    endloop
  endfacet
  facet normal -0.932978 0.359934 0
    outer loop
      vertex 12.7909 -4.57665 224.275
      vertex 12.5509 -5.19875 0
      vertex 12.5509 -5.19875 224.275
    endloop
  endfacet
  facet normal -0.0245956 -0.999697 0
    outer loop
      vertex 0 13.585 0
      vertex 0.666584 13.5686 224.275
      vertex 0 13.585 224.275
    endloop
  endfacet
  facet normal -0.0245956 -0.999697 -0
    outer loop
      vertex 0.666584 13.5686 224.275
      vertex 0 13.585 0
      vertex 0.666584 13.5686 0
    endloop
  endfacet
  facet normal -0.9757 0.219109 0
    outer loop
      vertex 13.1779 -3.30089 0
      vertex 13.324 -2.6503 224.275
      vertex 13.324 -2.6503 0
    endloop
  endfacet
  facet normal -0.9757 0.219109 0
    outer loop
      vertex 13.324 -2.6503 224.275
      vertex 13.1779 -3.30089 0
      vertex 13.1779 -3.30089 224.275
    endloop
  endfacet
  facet normal -0.724253 -0.689534 0
    outer loop
      vertex 10.0658 9.12313 0
      vertex 9.60604 9.60604 224.275
      vertex 9.60604 9.60604 0
    endloop
  endfacet
  facet normal -0.724253 -0.689534 0
    outer loop
      vertex 9.60604 9.60604 224.275
      vertex 10.0658 9.12313 0
      vertex 10.0658 9.12313 224.275
    endloop
  endfacet
  facet normal -0.449624 0.893218 0
    outer loop
      vertex 6.40392 -11.9809 0
      vertex 5.80834 -12.2807 224.275
      vertex 6.40392 -11.9809 224.275
    endloop
  endfacet
  facet normal -0.449624 0.893218 0
    outer loop
      vertex 5.80834 -12.2807 224.275
      vertex 6.40392 -11.9809 0
      vertex 5.80834 -12.2807 0
    endloop
  endfacet
  facet normal -0.689534 0.724253 0
    outer loop
      vertex 9.60604 -9.60604 0
      vertex 9.12313 -10.0658 224.275
      vertex 9.60604 -9.60604 224.275
    endloop
  endfacet
  facet normal -0.689534 0.724253 0
    outer loop
      vertex 9.12313 -10.0658 224.275
      vertex 9.60604 -9.60604 0
      vertex 9.12313 -10.0658 0
    endloop
  endfacet
  facet normal 0.999697 -0.0245956 0
    outer loop
      vertex -13.585 0 224.275
      vertex -13.5686 0.666584 0
      vertex -13.5686 0.666584 224.275
    endloop
  endfacet
  facet normal 0.999697 -0.0245956 0
    outer loop
      vertex -13.5686 0.666584 0
      vertex -13.585 0 224.275
      vertex -13.585 0 0
    endloop
  endfacet
  facet normal -0.219109 0.9757 0
    outer loop
      vertex 3.30089 -13.1779 0
      vertex 2.6503 -13.324 224.275
      vertex 3.30089 -13.1779 224.275
    endloop
  endfacet
  facet normal -0.219109 0.9757 0
    outer loop
      vertex 2.6503 -13.324 224.275
      vertex 3.30089 -13.1779 0
      vertex 2.6503 -13.324 0
    endloop
  endfacet
  facet normal -0.949554 -0.313603 0
    outer loop
      vertex 13 3.94352 0
      vertex 12.7909 4.57665 224.275
      vertex 12.7909 4.57665 0
    endloop
  endfacet
  facet normal -0.949554 -0.313603 0
    outer loop
      vertex 12.7909 4.57665 224.275
      vertex 13 3.94352 0
      vertex 13 3.94352 224.275
    endloop
  endfacet
  facet normal 0.870063 0.492941 0
    outer loop
      vertex -11.6522 -6.98409 224.275
      vertex -11.9809 -6.40392 0
      vertex -11.9809 -6.40392 224.275
    endloop
  endfacet
  facet normal 0.870063 0.492941 0
    outer loop
      vertex -11.9809 -6.40392 0
      vertex -11.6522 -6.98409 224.275
      vertex -11.6522 -6.98409 0
    endloop
  endfacet
  facet normal -0.963753 0.266797 0
    outer loop
      vertex 13 -3.94352 0
      vertex 13.1779 -3.30089 224.275
      vertex 13.1779 -3.30089 0
    endloop
  endfacet
  facet normal -0.963753 0.266797 0
    outer loop
      vertex 13.1779 -3.30089 224.275
      vertex 13 -3.94352 0
      vertex 13 -3.94352 224.275
    endloop
  endfacet
  facet normal 0.757231 -0.653147 0
    outer loop
      vertex -10.5013 8.61823 224.275
      vertex -10.0658 9.12313 0
      vertex -10.0658 9.12313 224.275
    endloop
  endfacet
  facet normal 0.757231 -0.653147 0
    outer loop
      vertex -10.0658 9.12313 0
      vertex -10.5013 8.61823 224.275
      vertex -10.5013 8.61823 0
    endloop
  endfacet
  facet normal -0.492941 -0.870063 0
    outer loop
      vertex 6.40392 11.9809 0
      vertex 6.98409 11.6522 224.275
      vertex 6.40392 11.9809 224.275
    endloop
  endfacet
  facet normal -0.492941 -0.870063 -0
    outer loop
      vertex 6.98409 11.6522 224.275
      vertex 6.40392 11.9809 0
      vertex 6.98409 11.6522 0
    endloop
  endfacet
  facet normal -0.893218 0.449624 0
    outer loop
      vertex 11.9809 -6.40392 0
      vertex 12.2807 -5.80834 224.275
      vertex 12.2807 -5.80834 0
    endloop
  endfacet
  facet normal -0.893218 0.449624 0
    outer loop
      vertex 12.2807 -5.80834 224.275
      vertex 11.9809 -6.40392 0
      vertex 11.9809 -6.40392 224.275
    endloop
  endfacet
  facet normal 0.653147 -0.757231 0
    outer loop
      vertex -9.12313 10.0658 0
      vertex -8.61823 10.5013 224.275
      vertex -9.12313 10.0658 224.275
    endloop
  endfacet
  facet normal 0.653147 -0.757231 0
    outer loop
      vertex -8.61823 10.5013 224.275
      vertex -9.12313 10.0658 0
      vertex -8.61823 10.5013 0
    endloop
  endfacet
  facet normal -0.359934 -0.932978 0
    outer loop
      vertex 4.57665 12.7909 0
      vertex 5.19875 12.5509 224.275
      vertex 4.57665 12.7909 224.275
    endloop
  endfacet
  facet normal -0.359934 -0.932978 -0
    outer loop
      vertex 5.19875 12.5509 224.275
      vertex 4.57665 12.7909 0
      vertex 5.19875 12.5509 0
    endloop
  endfacet
  facet normal 0.985276 -0.170969 0
    outer loop
      vertex -13.438 1.99333 224.275
      vertex -13.324 2.6503 0
      vertex -13.324 2.6503 224.275
    endloop
  endfacet
  facet normal 0.985276 -0.170969 0
    outer loop
      vertex -13.324 2.6503 0
      vertex -13.438 1.99333 224.275
      vertex -13.438 1.99333 0
    endloop
  endfacet
  facet normal -0.893218 -0.449624 0
    outer loop
      vertex 12.2807 5.80834 0
      vertex 11.9809 6.40392 224.275
      vertex 11.9809 6.40392 0
    endloop
  endfacet
  facet normal -0.893218 -0.449624 0
    outer loop
      vertex 11.9809 6.40392 224.275
      vertex 12.2807 5.80834 0
      vertex 12.2807 5.80834 224.275
    endloop
  endfacet
  facet normal 0.359934 -0.932978 0
    outer loop
      vertex -5.19875 12.5509 0
      vertex -4.57665 12.7909 224.275
      vertex -5.19875 12.5509 224.275
    endloop
  endfacet
  facet normal 0.359934 -0.932978 0
    outer loop
      vertex -4.57665 12.7909 224.275
      vertex -5.19875 12.5509 0
      vertex -4.57665 12.7909 0
    endloop
  endfacet
  facet normal 0.170969 -0.985276 0
    outer loop
      vertex -2.6503 13.324 0
      vertex -1.99333 13.438 224.275
      vertex -2.6503 13.324 224.275
    endloop
  endfacet
  facet normal 0.170969 -0.985276 0
    outer loop
      vertex -1.99333 13.438 224.275
      vertex -2.6503 13.324 0
      vertex -1.99333 13.438 0
    endloop
  endfacet
  facet normal 0.985276 0.170969 0
    outer loop
      vertex -13.324 -2.6503 224.275
      vertex -13.438 -1.99333 0
      vertex -13.438 -1.99333 224.275
    endloop
  endfacet
  facet normal 0.985276 0.170969 0
    outer loop
      vertex -13.438 -1.99333 0
      vertex -13.324 -2.6503 224.275
      vertex -13.324 -2.6503 0
    endloop
  endfacet
  facet normal 0.949554 0.313603 0
    outer loop
      vertex -12.7909 -4.57665 224.275
      vertex -13 -3.94352 0
      vertex -13 -3.94352 224.275
    endloop
  endfacet
  facet normal 0.949554 0.313603 0
    outer loop
      vertex -13 -3.94352 0
      vertex -12.7909 -4.57665 224.275
      vertex -12.7909 -4.57665 0
    endloop
  endfacet
  facet normal 0.997296 -0.0734876 0
    outer loop
      vertex -13.5686 0.666584 224.275
      vertex -13.5196 1.33156 0
      vertex -13.5196 1.33156 224.275
    endloop
  endfacet
  facet normal 0.997296 -0.0734876 0
    outer loop
      vertex -13.5196 1.33156 0
      vertex -13.5686 0.666584 224.275
      vertex -13.5686 0.666584 0
    endloop
  endfacet
  facet normal -0.985276 0.170969 0
    outer loop
      vertex 13.324 -2.6503 0
      vertex 13.438 -1.99333 224.275
      vertex 13.438 -1.99333 0
    endloop
  endfacet
  facet normal -0.985276 0.170969 0
    outer loop
      vertex 13.438 -1.99333 224.275
      vertex 13.324 -2.6503 0
      vertex 13.324 -2.6503 224.275
    endloop
  endfacet
  facet normal 0.893218 0.449624 0
    outer loop
      vertex -11.9809 -6.40392 224.275
      vertex -12.2807 -5.80834 0
      vertex -12.2807 -5.80834 224.275
    endloop
  endfacet
  facet normal 0.893218 0.449624 0
    outer loop
      vertex -12.2807 -5.80834 0
      vertex -11.9809 -6.40392 224.275
      vertex -11.9809 -6.40392 0
    endloop
  endfacet
  facet normal -0.985276 -0.170969 0
    outer loop
      vertex 13.438 1.99333 0
      vertex 13.324 2.6503 224.275
      vertex 13.324 2.6503 0
    endloop
  endfacet
  facet normal -0.985276 -0.170969 0
    outer loop
      vertex 13.324 2.6503 224.275
      vertex 13.438 1.99333 0
      vertex 13.438 1.99333 224.275
    endloop
  endfacet
  facet normal -0.534971 -0.84487 0
    outer loop
      vertex 6.98409 11.6522 0
      vertex 7.54742 11.2955 224.275
      vertex 6.98409 11.6522 224.275
    endloop
  endfacet
  facet normal -0.534971 -0.84487 -0
    outer loop
      vertex 7.54742 11.2955 224.275
      vertex 6.98409 11.6522 0
      vertex 7.54742 11.2955 0
    endloop
  endfacet
  facet normal 0.0734876 0.997296 -0
    outer loop
      vertex -0.666584 -13.5686 0
      vertex -1.33156 -13.5196 224.275
      vertex -0.666584 -13.5686 224.275
    endloop
  endfacet
  facet normal 0.0734876 0.997296 0
    outer loop
      vertex -1.33156 -13.5196 224.275
      vertex -0.666584 -13.5686 0
      vertex -1.33156 -13.5196 0
    endloop
  endfacet
  facet normal -0.992483 0.122379 0
    outer loop
      vertex 13.438 -1.99333 0
      vertex 13.5196 -1.33156 224.275
      vertex 13.5196 -1.33156 0
    endloop
  endfacet
  facet normal -0.992483 0.122379 0
    outer loop
      vertex 13.5196 -1.33156 224.275
      vertex 13.438 -1.99333 0
      vertex 13.438 -1.99333 224.275
    endloop
  endfacet
  facet normal -0.266797 -0.963753 0
    outer loop
      vertex 3.30089 13.1779 0
      vertex 3.94352 13 224.275
      vertex 3.30089 13.1779 224.275
    endloop
  endfacet
  facet normal -0.266797 -0.963753 -0
    outer loop
      vertex 3.94352 13 224.275
      vertex 3.30089 13.1779 0
      vertex 3.94352 13 0
    endloop
  endfacet
  facet normal 0.122379 -0.992483 0
    outer loop
      vertex -1.99333 13.438 0
      vertex -1.33156 13.5196 224.275
      vertex -1.99333 13.438 224.275
    endloop
  endfacet
  facet normal 0.122379 -0.992483 0
    outer loop
      vertex -1.33156 13.5196 224.275
      vertex -1.99333 13.438 0
      vertex -1.33156 13.5196 0
    endloop
  endfacet
  facet normal 0.84487 0.534971 0
    outer loop
      vertex -11.2955 -7.54742 224.275
      vertex -11.6522 -6.98409 0
      vertex -11.6522 -6.98409 224.275
    endloop
  endfacet
  facet normal 0.84487 0.534971 0
    outer loop
      vertex -11.6522 -6.98409 0
      vertex -11.2955 -7.54742 224.275
      vertex -11.2955 -7.54742 0
    endloop
  endfacet
  facet normal -0.0245956 0.999697 0
    outer loop
      vertex 0.666584 -13.5686 0
      vertex 0 -13.585 224.275
      vertex 0.666584 -13.5686 224.275
    endloop
  endfacet
  facet normal -0.0245956 0.999697 0
    outer loop
      vertex 0 -13.585 224.275
      vertex 0.666584 -13.5686 0
      vertex 0 -13.585 0
    endloop
  endfacet
  facet normal 0.405225 0.914217 -0
    outer loop
      vertex -5.19875 -12.5509 0
      vertex -5.80834 -12.2807 224.275
      vertex -5.19875 -12.5509 224.275
    endloop
  endfacet
  facet normal 0.405225 0.914217 0
    outer loop
      vertex -5.80834 -12.2807 224.275
      vertex -5.19875 -12.5509 0
      vertex -5.80834 -12.2807 0
    endloop
  endfacet
  facet normal 0.689534 -0.724253 0
    outer loop
      vertex -9.60604 9.60604 0
      vertex -9.12313 10.0658 224.275
      vertex -9.60604 9.60604 224.275
    endloop
  endfacet
  facet normal 0.689534 -0.724253 0
    outer loop
      vertex -9.12313 10.0658 224.275
      vertex -9.60604 9.60604 0
      vertex -9.12313 10.0658 0
    endloop
  endfacet
  facet normal 0.788295 0.615298 0
    outer loop
      vertex -10.5013 -8.61823 224.275
      vertex -10.9116 -8.09257 0
      vertex -10.9116 -8.09257 224.275
    endloop
  endfacet
  facet normal 0.788295 0.615298 0
    outer loop
      vertex -10.9116 -8.09257 0
      vertex -10.5013 -8.61823 224.275
      vertex -10.5013 -8.61823 0
    endloop
  endfacet
  facet normal 0.449624 0.893218 -0
    outer loop
      vertex -5.80834 -12.2807 0
      vertex -6.40392 -11.9809 224.275
      vertex -5.80834 -12.2807 224.275
    endloop
  endfacet
  facet normal 0.449624 0.893218 0
    outer loop
      vertex -6.40392 -11.9809 224.275
      vertex -5.80834 -12.2807 0
      vertex -6.40392 -11.9809 0
    endloop
  endfacet
  facet normal -0.724253 0.689534 0
    outer loop
      vertex 9.60604 -9.60604 0
      vertex 10.0658 -9.12313 224.275
      vertex 10.0658 -9.12313 0
    endloop
  endfacet
  facet normal -0.724253 0.689534 0
    outer loop
      vertex 10.0658 -9.12313 224.275
      vertex 9.60604 -9.60604 0
      vertex 9.60604 -9.60604 224.275
    endloop
  endfacet
  facet normal 0.992483 0.122379 0
    outer loop
      vertex -13.438 -1.99333 224.275
      vertex -13.5196 -1.33156 0
      vertex -13.5196 -1.33156 224.275
    endloop
  endfacet
  facet normal 0.992483 0.122379 0
    outer loop
      vertex -13.5196 -1.33156 0
      vertex -13.438 -1.99333 224.275
      vertex -13.438 -1.99333 0
    endloop
  endfacet
  facet normal 0.534971 -0.84487 0
    outer loop
      vertex -7.54742 11.2955 0
      vertex -6.98409 11.6522 224.275
      vertex -7.54742 11.2955 224.275
    endloop
  endfacet
  facet normal 0.534971 -0.84487 0
    outer loop
      vertex -6.98409 11.6522 224.275
      vertex -7.54742 11.2955 0
      vertex -6.98409 11.6522 0
    endloop
  endfacet
  facet normal -0.170969 0.985276 0
    outer loop
      vertex 2.6503 -13.324 0
      vertex 1.99333 -13.438 224.275
      vertex 2.6503 -13.324 224.275
    endloop
  endfacet
  facet normal -0.170969 0.985276 0
    outer loop
      vertex 1.99333 -13.438 224.275
      vertex 2.6503 -13.324 0
      vertex 1.99333 -13.438 0
    endloop
  endfacet
  facet normal 0.266797 0.963753 -0
    outer loop
      vertex -3.30089 -13.1779 0
      vertex -3.94352 -13 224.275
      vertex -3.30089 -13.1779 224.275
    endloop
  endfacet
  facet normal 0.266797 0.963753 0
    outer loop
      vertex -3.94352 -13 224.275
      vertex -3.30089 -13.1779 0
      vertex -3.94352 -13 0
    endloop
  endfacet
  facet normal 0.724253 0.689534 0
    outer loop
      vertex -9.60604 -9.60604 224.275
      vertex -10.0658 -9.12313 0
      vertex -10.0658 -9.12313 224.275
    endloop
  endfacet
  facet normal 0.724253 0.689534 0
    outer loop
      vertex -10.0658 -9.12313 0
      vertex -9.60604 -9.60604 224.275
      vertex -9.60604 -9.60604 0
    endloop
  endfacet
  facet normal 0.266797 -0.963753 0
    outer loop
      vertex -3.94352 13 0
      vertex -3.30089 13.1779 224.275
      vertex -3.94352 13 224.275
    endloop
  endfacet
  facet normal 0.266797 -0.963753 0
    outer loop
      vertex -3.30089 13.1779 224.275
      vertex -3.94352 13 0
      vertex -3.30089 13.1779 0
    endloop
  endfacet
  facet normal -0.359934 0.932978 0
    outer loop
      vertex 5.19875 -12.5509 0
      vertex 4.57665 -12.7909 224.275
      vertex 5.19875 -12.5509 224.275
    endloop
  endfacet
  facet normal -0.359934 0.932978 0
    outer loop
      vertex 4.57665 -12.7909 224.275
      vertex 5.19875 -12.5509 0
      vertex 4.57665 -12.7909 0
    endloop
  endfacet
  facet normal -0.492941 0.870063 0
    outer loop
      vertex 6.98409 -11.6522 0
      vertex 6.40392 -11.9809 224.275
      vertex 6.98409 -11.6522 224.275
    endloop
  endfacet
  facet normal -0.492941 0.870063 0
    outer loop
      vertex 6.40392 -11.9809 224.275
      vertex 6.98409 -11.6522 0
      vertex 6.40392 -11.9809 0
    endloop
  endfacet
  facet normal 0.788295 -0.615298 0
    outer loop
      vertex -10.9116 8.09257 224.275
      vertex -10.5013 8.61823 0
      vertex -10.5013 8.61823 224.275
    endloop
  endfacet
  facet normal 0.788295 -0.615298 0
    outer loop
      vertex -10.5013 8.61823 0
      vertex -10.9116 8.09257 224.275
      vertex -10.9116 8.09257 0
    endloop
  endfacet
  facet normal 0.84487 -0.534971 0
    outer loop
      vertex -11.6522 6.98409 224.275
      vertex -11.2955 7.54742 0
      vertex -11.2955 7.54742 224.275
    endloop
  endfacet
  facet normal 0.84487 -0.534971 0
    outer loop
      vertex -11.2955 7.54742 0
      vertex -11.6522 6.98409 224.275
      vertex -11.6522 6.98409 0
    endloop
  endfacet
  facet normal 0.997296 0.0734876 0
    outer loop
      vertex -13.5196 -1.33156 224.275
      vertex -13.5686 -0.666584 0
      vertex -13.5686 -0.666584 224.275
    endloop
  endfacet
  facet normal 0.997296 0.0734876 0
    outer loop
      vertex -13.5686 -0.666584 0
      vertex -13.5196 -1.33156 224.275
      vertex -13.5196 -1.33156 0
    endloop
  endfacet
  facet normal -0.170969 -0.985276 0
    outer loop
      vertex 1.99333 13.438 0
      vertex 2.6503 13.324 224.275
      vertex 1.99333 13.438 224.275
    endloop
  endfacet
  facet normal -0.170969 -0.985276 -0
    outer loop
      vertex 2.6503 13.324 224.275
      vertex 1.99333 13.438 0
      vertex 2.6503 13.324 0
    endloop
  endfacet
  facet normal 0.949554 -0.313603 0
    outer loop
      vertex -13 3.94352 224.275
      vertex -12.7909 4.57665 0
      vertex -12.7909 4.57665 224.275
    endloop
  endfacet
  facet normal 0.949554 -0.313603 0
    outer loop
      vertex -12.7909 4.57665 0
      vertex -13 3.94352 224.275
      vertex -13 3.94352 0
    endloop
  endfacet
  facet normal 0.932978 -0.359934 0
    outer loop
      vertex -12.7909 4.57665 224.275
      vertex -12.5509 5.19875 0
      vertex -12.5509 5.19875 224.275
    endloop
  endfacet
  facet normal 0.932978 -0.359934 0
    outer loop
      vertex -12.5509 5.19875 0
      vertex -12.7909 4.57665 224.275
      vertex -12.7909 4.57665 0
    endloop
  endfacet
  facet normal -0.788295 0.615298 0
    outer loop
      vertex 10.5013 -8.61823 0
      vertex 10.9116 -8.09257 224.275
      vertex 10.9116 -8.09257 0
    endloop
  endfacet
  facet normal -0.788295 0.615298 0
    outer loop
      vertex 10.9116 -8.09257 224.275
      vertex 10.5013 -8.61823 0
      vertex 10.5013 -8.61823 224.275
    endloop
  endfacet
  facet normal 0.313603 0.949554 -0
    outer loop
      vertex -3.94352 -13 0
      vertex -4.57665 -12.7909 224.275
      vertex -3.94352 -13 224.275
    endloop
  endfacet
  facet normal 0.313603 0.949554 0
    outer loop
      vertex -4.57665 -12.7909 224.275
      vertex -3.94352 -13 0
      vertex -4.57665 -12.7909 0
    endloop
  endfacet
  facet normal 0.992483 -0.122379 0
    outer loop
      vertex -13.5196 1.33156 224.275
      vertex -13.438 1.99333 0
      vertex -13.438 1.99333 224.275
    endloop
  endfacet
  facet normal 0.992483 -0.122379 0
    outer loop
      vertex -13.438 1.99333 0
      vertex -13.5196 1.33156 224.275
      vertex -13.5196 1.33156 0
    endloop
  endfacet
  facet normal -0.653147 0.757231 0
    outer loop
      vertex 9.12313 -10.0658 0
      vertex 8.61823 -10.5013 224.275
      vertex 9.12313 -10.0658 224.275
    endloop
  endfacet
  facet normal -0.653147 0.757231 0
    outer loop
      vertex 8.61823 -10.5013 224.275
      vertex 9.12313 -10.0658 0
      vertex 8.61823 -10.5013 0
    endloop
  endfacet
  facet normal -0.84487 0.534971 0
    outer loop
      vertex 11.2955 -7.54742 0
      vertex 11.6522 -6.98409 224.275
      vertex 11.6522 -6.98409 0
    endloop
  endfacet
  facet normal -0.84487 0.534971 0
    outer loop
      vertex 11.6522 -6.98409 224.275
      vertex 11.2955 -7.54742 0
      vertex 11.2955 -7.54742 224.275
    endloop
  endfacet
  facet normal 0.313603 -0.949554 0
    outer loop
      vertex -4.57665 12.7909 0
      vertex -3.94352 13 224.275
      vertex -4.57665 12.7909 224.275
    endloop
  endfacet
  facet normal 0.313603 -0.949554 0
    outer loop
      vertex -3.94352 13 224.275
      vertex -4.57665 12.7909 0
      vertex -3.94352 13 0
    endloop
  endfacet
  facet normal 0.963753 0.266797 0
    outer loop
      vertex -13 -3.94352 224.275
      vertex -13.1779 -3.30089 0
      vertex -13.1779 -3.30089 224.275
    endloop
  endfacet
  facet normal 0.963753 0.266797 0
    outer loop
      vertex -13.1779 -3.30089 0
      vertex -13 -3.94352 224.275
      vertex -13 -3.94352 0
    endloop
  endfacet
  facet normal 0.932978 0.359934 0
    outer loop
      vertex -12.5509 -5.19875 224.275
      vertex -12.7909 -4.57665 0
      vertex -12.7909 -4.57665 224.275
    endloop
  endfacet
  facet normal 0.932978 0.359934 0
    outer loop
      vertex -12.7909 -4.57665 0
      vertex -12.5509 -5.19875 224.275
      vertex -12.5509 -5.19875 0
    endloop
  endfacet
  facet normal 0.449624 -0.893218 0
    outer loop
      vertex -6.40392 11.9809 0
      vertex -5.80834 12.2807 224.275
      vertex -6.40392 11.9809 224.275
    endloop
  endfacet
  facet normal 0.449624 -0.893218 0
    outer loop
      vertex -5.80834 12.2807 224.275
      vertex -6.40392 11.9809 0
      vertex -5.80834 12.2807 0
    endloop
  endfacet
  facet normal -0.313603 -0.949554 0
    outer loop
      vertex 3.94352 13 0
      vertex 4.57665 12.7909 224.275
      vertex 3.94352 13 224.275
    endloop
  endfacet
  facet normal -0.313603 -0.949554 -0
    outer loop
      vertex 4.57665 12.7909 224.275
      vertex 3.94352 13 0
      vertex 4.57665 12.7909 0
    endloop
  endfacet
  facet normal -0.757231 -0.653147 0
    outer loop
      vertex 10.5013 8.61823 0
      vertex 10.0658 9.12313 224.275
      vertex 10.0658 9.12313 0
    endloop
  endfacet
  facet normal -0.757231 -0.653147 0
    outer loop
      vertex 10.0658 9.12313 224.275
      vertex 10.5013 8.61823 0
      vertex 10.5013 8.61823 224.275
    endloop
  endfacet
  facet normal 0.219109 0.9757 -0
    outer loop
      vertex -2.6503 -13.324 0
      vertex -3.30089 -13.1779 224.275
      vertex -2.6503 -13.324 224.275
    endloop
  endfacet
  facet normal 0.219109 0.9757 0
    outer loop
      vertex -3.30089 -13.1779 224.275
      vertex -2.6503 -13.324 0
      vertex -3.30089 -13.1779 0
    endloop
  endfacet
  facet normal -0.266797 0.963753 0
    outer loop
      vertex 3.94352 -13 0
      vertex 3.30089 -13.1779 224.275
      vertex 3.94352 -13 224.275
    endloop
  endfacet
  facet normal -0.266797 0.963753 0
    outer loop
      vertex 3.30089 -13.1779 224.275
      vertex 3.94352 -13 0
      vertex 3.30089 -13.1779 0
    endloop
  endfacet
  facet normal 0.914217 -0.405225 0
    outer loop
      vertex -12.5509 5.19875 224.275
      vertex -12.2807 5.80834 0
      vertex -12.2807 5.80834 224.275
    endloop
  endfacet
  facet normal 0.914217 -0.405225 0
    outer loop
      vertex -12.2807 5.80834 0
      vertex -12.5509 5.19875 224.275
      vertex -12.5509 5.19875 0
    endloop
  endfacet
  facet normal 0.615298 0.788295 -0
    outer loop
      vertex -8.09257 -10.9116 0
      vertex -8.61823 -10.5013 224.275
      vertex -8.09257 -10.9116 224.275
    endloop
  endfacet
  facet normal 0.615298 0.788295 0
    outer loop
      vertex -8.61823 -10.5013 224.275
      vertex -8.09257 -10.9116 0
      vertex -8.61823 -10.5013 0
    endloop
  endfacet
  facet normal 0.534971 0.84487 -0
    outer loop
      vertex -6.98409 -11.6522 0
      vertex -7.54742 -11.2955 224.275
      vertex -6.98409 -11.6522 224.275
    endloop
  endfacet
  facet normal 0.534971 0.84487 0
    outer loop
      vertex -7.54742 -11.2955 224.275
      vertex -6.98409 -11.6522 0
      vertex -7.54742 -11.2955 0
    endloop
  endfacet
  facet normal 0.359934 0.932978 -0
    outer loop
      vertex -4.57665 -12.7909 0
      vertex -5.19875 -12.5509 224.275
      vertex -4.57665 -12.7909 224.275
    endloop
  endfacet
  facet normal 0.359934 0.932978 0
    outer loop
      vertex -5.19875 -12.5509 224.275
      vertex -4.57665 -12.7909 0
      vertex -5.19875 -12.5509 0
    endloop
  endfacet
  facet normal 0.492941 0.870063 -0
    outer loop
      vertex -6.40392 -11.9809 0
      vertex -6.98409 -11.6522 224.275
      vertex -6.40392 -11.9809 224.275
    endloop
  endfacet
  facet normal 0.492941 0.870063 0
    outer loop
      vertex -6.98409 -11.6522 224.275
      vertex -6.40392 -11.9809 0
      vertex -6.98409 -11.6522 0
    endloop
  endfacet
  facet normal -0.219109 -0.9757 0
    outer loop
      vertex 2.6503 13.324 0
      vertex 3.30089 13.1779 224.275
      vertex 2.6503 13.324 224.275
    endloop
  endfacet
  facet normal -0.219109 -0.9757 -0
    outer loop
      vertex 3.30089 13.1779 224.275
      vertex 2.6503 13.324 0
      vertex 3.30089 13.1779 0
    endloop
  endfacet
  facet normal 0.870063 -0.492941 0
    outer loop
      vertex -11.9809 6.40392 224.275
      vertex -11.6522 6.98409 0
      vertex -11.6522 6.98409 224.275
    endloop
  endfacet
  facet normal 0.870063 -0.492941 0
    outer loop
      vertex -11.6522 6.98409 0
      vertex -11.9809 6.40392 224.275
      vertex -11.9809 6.40392 0
    endloop
  endfacet
  facet normal -0.707 -0.0173944 -0.707
    outer loop
      vertex 13.5686 0.666584 224.275
      vertex 13.585 0 224.275
      vertex 0 0 237.86
    endloop
  endfacet
  facet normal 0.631696 -0.31798 -0.707
    outer loop
      vertex -11.9809 6.40392 224.275
      vertex 0 0 237.86
      vertex -12.2807 5.80834 224.275
    endloop
  endfacet
  facet normal 0.461915 -0.535524 -0.707
    outer loop
      vertex -8.61823 10.5013 224.275
      vertex 0 0 237.86
      vertex -9.12313 10.0658 224.275
    endloop
  endfacet
  facet normal -0.348615 0.61532 -0.707
    outer loop
      vertex 6.98409 -11.6522 224.275
      vertex 6.40392 -11.9809 224.275
      vertex 0 0 237.86
    endloop
  endfacet
  facet normal 0.646546 -0.286581 -0.707
    outer loop
      vertex -12.2807 5.80834 224.275
      vertex 0 0 237.86
      vertex -12.5509 5.19875 224.275
    endloop
  endfacet
  facet normal -0.557493 -0.435147 -0.707
    outer loop
      vertex 10.5013 8.61823 224.275
      vertex 10.9116 8.09257 224.275
      vertex 0 0 237.86
    endloop
  endfacet
  facet normal 0.31798 -0.631696 -0.707
    outer loop
      vertex -5.80834 12.2807 224.275
      vertex 0 0 237.86
      vertex -6.40392 11.9809 224.275
    endloop
  endfacet
  facet normal 0.25455 -0.659814 -0.707001
    outer loop
      vertex -4.57665 12.7909 224.275
      vertex 0 0 237.86
      vertex -5.19875 12.5509 224.275
    endloop
  endfacet
  facet normal -0.597504 0.378339 -0.707
    outer loop
      vertex 11.6522 -6.98409 224.275
      vertex 11.2955 -7.54742 224.275
      vertex 0 0 237.86
    endloop
  endfacet
  facet normal -0.378339 -0.597504 -0.707
    outer loop
      vertex 6.98409 11.6522 224.275
      vertex 7.54742 11.2955 224.275
      vertex 0 0 237.86
    endloop
  endfacet
  facet normal -0.0865479 -0.701897 -0.707001
    outer loop
      vertex 1.33156 13.5196 224.275
      vertex 1.99333 13.438 224.275
      vertex 0 0 237.86
    endloop
  endfacet
  facet normal -0.407192 -0.578226 -0.707
    outer loop
      vertex 7.54742 11.2955 224.275
      vertex 8.09257 10.9116 224.275
      vertex 0 0 237.86
    endloop
  endfacet
  facet normal -0.578226 -0.407192 -0.707
    outer loop
      vertex 10.9116 8.09257 224.275
      vertex 11.2955 7.54742 224.275
      vertex 0 0 237.86
    endloop
  endfacet
  facet normal 0.31798 0.631696 -0.707
    outer loop
      vertex 0 0 237.86
      vertex -5.80834 -12.2807 224.275
      vertex -6.40392 -11.9809 224.275
    endloop
  endfacet
  facet normal -0.512202 0.487648 -0.707
    outer loop
      vertex 10.0658 -9.12313 224.275
      vertex 9.60604 -9.60604 224.275
      vertex 0 0 237.86
    endloop
  endfacet
  facet normal -0.0865479 0.701897 -0.707001
    outer loop
      vertex 1.99333 -13.438 224.275
      vertex 1.33156 -13.5196 224.275
      vertex 0 0 237.86
    endloop
  endfacet
  facet normal 0.659814 -0.25455 -0.707001
    outer loop
      vertex -12.5509 5.19875 224.275
      vertex 0 0 237.86
      vertex -12.7909 4.57665 224.275
    endloop
  endfacet
  facet normal 0.0519714 -0.705301 -0.707
    outer loop
      vertex -0.666584 13.5686 224.275
      vertex 0 0 237.86
      vertex -1.33156 13.5196 224.275
    endloop
  endfacet
  facet normal 0.705301 -0.0519714 -0.707
    outer loop
      vertex -13.5196 1.33156 224.275
      vertex 0 0 237.86
      vertex -13.5686 0.666584 224.275
    endloop
  endfacet
  facet normal 0.512202 -0.487648 -0.707
    outer loop
      vertex -9.60604 9.60604 224.275
      vertex 0 0 237.86
      vertex -10.0658 9.12313 224.275
    endloop
  endfacet
  facet normal 0.6968 -0.120911 -0.707001
    outer loop
      vertex -13.324 2.6503 224.275
      vertex 0 0 237.86
      vertex -13.438 1.99333 224.275
    endloop
  endfacet
  facet normal 0.0173944 -0.707 -0.707
    outer loop
      vertex 0 13.585 224.275
      vertex 0 0 237.86
      vertex -0.666584 13.5686 224.275
    endloop
  endfacet
  facet normal 0.681579 -0.188682 -0.707
    outer loop
      vertex -13 3.94352 224.275
      vertex 0 0 237.86
      vertex -13.1779 3.30089 224.275
    endloop
  endfacet
  facet normal 0.701897 -0.0865479 -0.707001
    outer loop
      vertex -13.438 1.99333 224.275
      vertex 0 0 237.86
      vertex -13.5196 1.33156 224.275
    endloop
  endfacet
  facet normal 0.407192 -0.578226 -0.707
    outer loop
      vertex -7.54742 11.2955 224.275
      vertex 0 0 237.86
      vertex -8.09257 10.9116 224.275
    endloop
  endfacet
  facet normal -0.348615 -0.61532 -0.707
    outer loop
      vertex 6.40392 11.9809 224.275
      vertex 6.98409 11.6522 224.275
      vertex 0 0 237.86
    endloop
  endfacet
  facet normal 0.154956 -0.690028 -0.707001
    outer loop
      vertex -2.6503 13.324 224.275
      vertex 0 0 237.86
      vertex -3.30089 13.1779 224.275
    endloop
  endfacet
  facet normal 0.646546 0.286581 -0.707
    outer loop
      vertex 0 0 237.86
      vertex -12.2807 -5.80834 224.275
      vertex -12.5509 -5.19875 224.275
    endloop
  endfacet
  facet normal -0.435147 0.557493 -0.707
    outer loop
      vertex 8.61823 -10.5013 224.275
      vertex 8.09257 -10.9116 224.275
      vertex 0 0 237.86
    endloop
  endfacet
  facet normal 0.61532 -0.348615 -0.707
    outer loop
      vertex -11.6522 6.98409 224.275
      vertex 0 0 237.86
      vertex -11.9809 6.40392 224.275
    endloop
  endfacet
  facet normal 0.535524 -0.461915 -0.707
    outer loop
      vertex -10.0658 9.12313 224.275
      vertex 0 0 237.86
      vertex -10.5013 8.61823 224.275
    endloop
  endfacet
  facet normal 0.6968 0.120911 -0.707001
    outer loop
      vertex 0 0 237.86
      vertex -13.324 -2.6503 224.275
      vertex -13.438 -1.99333 224.275
    endloop
  endfacet
  facet normal -0.671537 -0.221785 -0.707
    outer loop
      vertex 12.7909 4.57665 224.275
      vertex 13 3.94352 224.275
      vertex 0 0 237.86
    endloop
  endfacet
  facet normal -0.61532 0.348615 -0.707
    outer loop
      vertex 11.9809 -6.40392 224.275
      vertex 11.6522 -6.98409 224.275
      vertex 0 0 237.86
    endloop
  endfacet
  facet normal 0.597504 0.378339 -0.707
    outer loop
      vertex 0 0 237.86
      vertex -11.2955 -7.54742 224.275
      vertex -11.6522 -6.98409 224.275
    endloop
  endfacet
  facet normal 0.0519714 0.705301 -0.707
    outer loop
      vertex 0 0 237.86
      vertex -0.666584 -13.5686 224.275
      vertex -1.33156 -13.5196 224.275
    endloop
  endfacet
  facet normal -0.535524 0.461915 -0.707
    outer loop
      vertex 10.5013 -8.61823 224.275
      vertex 10.0658 -9.12313 224.275
      vertex 0 0 237.86
    endloop
  endfacet
  facet normal 0.707 -0.0173944 -0.707
    outer loop
      vertex -13.5686 0.666584 224.275
      vertex 0 0 237.86
      vertex -13.585 0 224.275
    endloop
  endfacet
  facet normal 0.435147 0.557493 -0.707
    outer loop
      vertex 0 0 237.86
      vertex -8.09257 -10.9116 224.275
      vertex -8.61823 -10.5013 224.275
    endloop
  endfacet
  facet normal 0.578226 -0.407192 -0.707
    outer loop
      vertex -10.9116 8.09257 224.275
      vertex 0 0 237.86
      vertex -11.2955 7.54742 224.275
    endloop
  endfacet
  facet normal 0.557493 -0.435147 -0.707
    outer loop
      vertex -10.5013 8.61823 224.275
      vertex 0 0 237.86
      vertex -10.9116 8.09257 224.275
    endloop
  endfacet
  facet normal 0.286581 -0.646546 -0.707
    outer loop
      vertex -5.19875 12.5509 224.275
      vertex 0 0 237.86
      vertex -5.80834 12.2807 224.275
    endloop
  endfacet
  facet normal -0.0519714 0.705301 -0.707
    outer loop
      vertex 1.33156 -13.5196 224.275
      vertex 0.666584 -13.5686 224.275
      vertex 0 0 237.86
    endloop
  endfacet
  facet normal -0.512202 -0.487648 -0.707
    outer loop
      vertex 9.60604 9.60604 224.275
      vertex 10.0658 9.12313 224.275
      vertex 0 0 237.86
    endloop
  endfacet
  facet normal 0.690028 0.154956 -0.707001
    outer loop
      vertex 0 0 237.86
      vertex -13.1779 -3.30089 224.275
      vertex -13.324 -2.6503 224.275
    endloop
  endfacet
  facet normal 0.535524 0.461915 -0.707
    outer loop
      vertex 0 0 237.86
      vertex -10.0658 -9.12313 224.275
      vertex -10.5013 -8.61823 224.275
    endloop
  endfacet
  facet normal 0.487648 -0.512202 -0.707
    outer loop
      vertex -9.12313 10.0658 224.275
      vertex 0 0 237.86
      vertex -9.60604 9.60604 224.275
    endloop
  endfacet
  facet normal 0.597504 -0.378339 -0.707
    outer loop
      vertex -11.2955 7.54742 224.275
      vertex 0 0 237.86
      vertex -11.6522 6.98409 224.275
    endloop
  endfacet
  facet normal -0.578226 0.407192 -0.707
    outer loop
      vertex 11.2955 -7.54742 224.275
      vertex 10.9116 -8.09257 224.275
      vertex 0 0 237.86
    endloop
  endfacet
  facet normal 0.378339 -0.597504 -0.707
    outer loop
      vertex -6.98409 11.6522 224.275
      vertex 0 0 237.86
      vertex -7.54742 11.2955 224.275
    endloop
  endfacet
  facet normal 0.671537 -0.221785 -0.707
    outer loop
      vertex -12.7909 4.57665 224.275
      vertex 0 0 237.86
      vertex -13 3.94352 224.275
    endloop
  endfacet
  facet normal 0.25455 0.659814 -0.707001
    outer loop
      vertex 0 0 237.86
      vertex -4.57665 -12.7909 224.275
      vertex -5.19875 -12.5509 224.275
    endloop
  endfacet
  facet normal -0.435147 -0.557493 -0.707
    outer loop
      vertex 8.09257 10.9116 224.275
      vertex 8.61823 10.5013 224.275
      vertex 0 0 237.86
    endloop
  endfacet
  facet normal -0.461915 -0.535524 -0.707
    outer loop
      vertex 8.61823 10.5013 224.275
      vertex 9.12313 10.0658 224.275
      vertex 0 0 237.86
    endloop
  endfacet
  facet normal -0.61532 -0.348615 -0.707
    outer loop
      vertex 11.6522 6.98409 224.275
      vertex 11.9809 6.40392 224.275
      vertex 0 0 237.86
    endloop
  endfacet
  facet normal 0.690028 -0.154956 -0.707001
    outer loop
      vertex -13.1779 3.30089 224.275
      vertex 0 0 237.86
      vertex -13.324 2.6503 224.275
    endloop
  endfacet
  facet normal -0.6968 0.120911 -0.707001
    outer loop
      vertex 13.438 -1.99333 224.275
      vertex 13.324 -2.6503 224.275
      vertex 0 0 237.86
    endloop
  endfacet
  facet normal -0.705301 0.0519714 -0.707
    outer loop
      vertex 13.5686 -0.666584 224.275
      vertex 13.5196 -1.33156 224.275
      vertex 0 0 237.86
    endloop
  endfacet
  facet normal 0.61532 0.348615 -0.707
    outer loop
      vertex 0 0 237.86
      vertex -11.6522 -6.98409 224.275
      vertex -11.9809 -6.40392 224.275
    endloop
  endfacet
  facet normal -0.188682 -0.681579 -0.707
    outer loop
      vertex 3.30089 13.1779 224.275
      vertex 3.94352 13 224.275
      vertex 0 0 237.86
    endloop
  endfacet
  facet normal -0.221785 -0.671537 -0.707
    outer loop
      vertex 3.94352 13 224.275
      vertex 4.57665 12.7909 224.275
      vertex 0 0 237.86
    endloop
  endfacet
  facet normal 0.221785 -0.671537 -0.707
    outer loop
      vertex -3.94352 13 224.275
      vertex 0 0 237.86
      vertex -4.57665 12.7909 224.275
    endloop
  endfacet
  facet normal -0.681579 -0.188682 -0.707
    outer loop
      vertex 13 3.94352 224.275
      vertex 13.1779 3.30089 224.275
      vertex 0 0 237.86
    endloop
  endfacet
  facet normal 0.348615 -0.61532 -0.707
    outer loop
      vertex -6.40392 11.9809 224.275
      vertex 0 0 237.86
      vertex -6.98409 11.6522 224.275
    endloop
  endfacet
  facet normal 0.659814 0.25455 -0.707001
    outer loop
      vertex 0 0 237.86
      vertex -12.5509 -5.19875 224.275
      vertex -12.7909 -4.57665 224.275
    endloop
  endfacet
  facet normal -0.535524 -0.461915 -0.707
    outer loop
      vertex 10.0658 9.12313 224.275
      vertex 10.5013 8.61823 224.275
      vertex 0 0 237.86
    endloop
  endfacet
  facet normal 0.0865479 0.701897 -0.707001
    outer loop
      vertex 0 0 237.86
      vertex -1.33156 -13.5196 224.275
      vertex -1.99333 -13.438 224.275
    endloop
  endfacet
  facet normal 0.120911 0.6968 -0.707001
    outer loop
      vertex 0 0 237.86
      vertex -1.99333 -13.438 224.275
      vertex -2.6503 -13.324 224.275
    endloop
  endfacet
  facet normal -0.0173944 0.707 -0.707
    outer loop
      vertex 0 0 237.86
      vertex 0.666584 -13.5686 224.275
      vertex 0 -13.585 224.275
    endloop
  endfacet
  facet normal -0.646546 -0.286581 -0.707
    outer loop
      vertex 12.2807 5.80834 224.275
      vertex 12.5509 5.19875 224.275
      vertex 0 0 237.86
    endloop
  endfacet
  facet normal -0.659814 -0.25455 -0.707001
    outer loop
      vertex 12.5509 5.19875 224.275
      vertex 12.7909 4.57665 224.275
      vertex 0 0 237.86
    endloop
  endfacet
  facet normal 0.435147 -0.557493 -0.707
    outer loop
      vertex -8.09257 10.9116 224.275
      vertex 0 0 237.86
      vertex -8.61823 10.5013 224.275
    endloop
  endfacet
  facet normal 0.0865479 -0.701897 -0.707001
    outer loop
      vertex -1.33156 13.5196 224.275
      vertex 0 0 237.86
      vertex -1.99333 13.438 224.275
    endloop
  endfacet
  facet normal -0.690028 -0.154956 -0.707001
    outer loop
      vertex 13.1779 3.30089 224.275
      vertex 13.324 2.6503 224.275
      vertex 0 0 237.86
    endloop
  endfacet
  facet normal -0.31798 0.631696 -0.707
    outer loop
      vertex 6.40392 -11.9809 224.275
      vertex 5.80834 -12.2807 224.275
      vertex 0 0 237.86
    endloop
  endfacet
  facet normal -0.31798 -0.631696 -0.707
    outer loop
      vertex 5.80834 12.2807 224.275
      vertex 6.40392 11.9809 224.275
      vertex 0 0 237.86
    endloop
  endfacet
  facet normal -0.631696 -0.31798 -0.707
    outer loop
      vertex 11.9809 6.40392 224.275
      vertex 12.2807 5.80834 224.275
      vertex 0 0 237.86
    endloop
  endfacet
  facet normal -0.0519714 -0.705301 -0.707
    outer loop
      vertex 0.666584 13.5686 224.275
      vertex 1.33156 13.5196 224.275
      vertex 0 0 237.86
    endloop
  endfacet
  facet normal 0.120911 -0.6968 -0.707001
    outer loop
      vertex -1.99333 13.438 224.275
      vertex 0 0 237.86
      vertex -2.6503 13.324 224.275
    endloop
  endfacet
  facet normal -0.0173944 -0.707 -0.707
    outer loop
      vertex 0 13.585 224.275
      vertex 0.666584 13.5686 224.275
      vertex 0 0 237.86
    endloop
  endfacet
  facet normal 0.188682 -0.681579 -0.707
    outer loop
      vertex -3.30089 13.1779 224.275
      vertex 0 0 237.86
      vertex -3.94352 13 224.275
    endloop
  endfacet
  facet normal -0.557493 0.435147 -0.707
    outer loop
      vertex 10.9116 -8.09257 224.275
      vertex 10.5013 -8.61823 224.275
      vertex 0 0 237.86
    endloop
  endfacet
  facet normal -0.487648 -0.512202 -0.707
    outer loop
      vertex 9.12313 10.0658 224.275
      vertex 9.60604 9.60604 224.275
      vertex 0 0 237.86
    endloop
  endfacet
  facet normal -0.120911 -0.6968 -0.707001
    outer loop
      vertex 1.99333 13.438 224.275
      vertex 2.6503 13.324 224.275
      vertex 0 0 237.86
    endloop
  endfacet
  facet normal -0.154956 -0.690028 -0.707001
    outer loop
      vertex 2.6503 13.324 224.275
      vertex 3.30089 13.1779 224.275
      vertex 0 0 237.86
    endloop
  endfacet
  facet normal 0.348615 0.61532 -0.707
    outer loop
      vertex 0 0 237.86
      vertex -6.40392 -11.9809 224.275
      vertex -6.98409 -11.6522 224.275
    endloop
  endfacet
  facet normal -0.25455 -0.659814 -0.707001
    outer loop
      vertex 4.57665 12.7909 224.275
      vertex 5.19875 12.5509 224.275
      vertex 0 0 237.86
    endloop
  endfacet
  facet normal -0.597504 -0.378339 -0.707
    outer loop
      vertex 11.2955 7.54742 224.275
      vertex 11.6522 6.98409 224.275
      vertex 0 0 237.86
    endloop
  endfacet
  facet normal 0.512202 0.487648 -0.707
    outer loop
      vertex 0 0 237.86
      vertex -9.60604 -9.60604 224.275
      vertex -10.0658 -9.12313 224.275
    endloop
  endfacet
  facet normal -0.286581 -0.646546 -0.707
    outer loop
      vertex 5.19875 12.5509 224.275
      vertex 5.80834 12.2807 224.275
      vertex 0 0 237.86
    endloop
  endfacet
  facet normal -0.646546 0.286581 -0.707
    outer loop
      vertex 12.5509 -5.19875 224.275
      vertex 12.2807 -5.80834 224.275
      vertex 0 0 237.86
    endloop
  endfacet
  facet normal -0.631696 0.31798 -0.707
    outer loop
      vertex 12.2807 -5.80834 224.275
      vertex 11.9809 -6.40392 224.275
      vertex 0 0 237.86
    endloop
  endfacet
  facet normal -0.690028 0.154956 -0.707001
    outer loop
      vertex 13.324 -2.6503 224.275
      vertex 13.1779 -3.30089 224.275
      vertex 0 0 237.86
    endloop
  endfacet
  facet normal -0.681579 0.188682 -0.707
    outer loop
      vertex 13.1779 -3.30089 224.275
      vertex 13 -3.94352 224.275
      vertex 0 0 237.86
    endloop
  endfacet
  facet normal -0.487648 0.512202 -0.707
    outer loop
      vertex 9.60604 -9.60604 224.275
      vertex 9.12313 -10.0658 224.275
      vertex 0 0 237.86
    endloop
  endfacet
  facet normal -0.461915 0.535524 -0.707
    outer loop
      vertex 9.12313 -10.0658 224.275
      vertex 8.61823 -10.5013 224.275
      vertex 0 0 237.86
    endloop
  endfacet
  facet normal -0.25455 0.659814 -0.707001
    outer loop
      vertex 5.19875 -12.5509 224.275
      vertex 4.57665 -12.7909 224.275
      vertex 0 0 237.86
    endloop
  endfacet
  facet normal -0.221785 0.671537 -0.707
    outer loop
      vertex 4.57665 -12.7909 224.275
      vertex 3.94352 -13 224.275
      vertex 0 0 237.86
    endloop
  endfacet
  facet normal 0.378339 0.597504 -0.707
    outer loop
      vertex 0 0 237.86
      vertex -6.98409 -11.6522 224.275
      vertex -7.54742 -11.2955 224.275
    endloop
  endfacet
  facet normal 0.671537 0.221785 -0.707
    outer loop
      vertex 0 0 237.86
      vertex -12.7909 -4.57665 224.275
      vertex -13 -3.94352 224.275
    endloop
  endfacet
  facet normal -0.286581 0.646546 -0.707
    outer loop
      vertex 5.80834 -12.2807 224.275
      vertex 5.19875 -12.5509 224.275
      vertex 0 0 237.86
    endloop
  endfacet
  facet normal 0.461915 0.535524 -0.707
    outer loop
      vertex 0 0 237.86
      vertex -8.61823 -10.5013 224.275
      vertex -9.12313 -10.0658 224.275
    endloop
  endfacet
  facet normal 0.487648 0.512202 -0.707
    outer loop
      vertex 0 0 237.86
      vertex -9.12313 -10.0658 224.275
      vertex -9.60604 -9.60604 224.275
    endloop
  endfacet
  facet normal 0.286581 0.646546 -0.707
    outer loop
      vertex 0 0 237.86
      vertex -5.19875 -12.5509 224.275
      vertex -5.80834 -12.2807 224.275
    endloop
  endfacet
  facet normal -0.671537 0.221785 -0.707
    outer loop
      vertex 13 -3.94352 224.275
      vertex 12.7909 -4.57665 224.275
      vertex 0 0 237.86
    endloop
  endfacet
  facet normal -0.659814 0.25455 -0.707001
    outer loop
      vertex 12.7909 -4.57665 224.275
      vertex 12.5509 -5.19875 224.275
      vertex 0 0 237.86
    endloop
  endfacet
  facet normal 0.681579 0.188682 -0.707
    outer loop
      vertex 0 0 237.86
      vertex -13 -3.94352 224.275
      vertex -13.1779 -3.30089 224.275
    endloop
  endfacet
  facet normal -0.701897 0.0865479 -0.707001
    outer loop
      vertex 13.5196 -1.33156 224.275
      vertex 13.438 -1.99333 224.275
      vertex 0 0 237.86
    endloop
  endfacet
  facet normal -0.6968 -0.120911 -0.707001
    outer loop
      vertex 13.324 2.6503 224.275
      vertex 13.438 1.99333 224.275
      vertex 0 0 237.86
    endloop
  endfacet
  facet normal -0.707 0.0173944 -0.707
    outer loop
      vertex 13.585 0 224.275
      vertex 13.5686 -0.666584 224.275
      vertex 0 0 237.86
    endloop
  endfacet
  facet normal -0.701897 -0.0865479 -0.707001
    outer loop
      vertex 13.438 1.99333 224.275
      vertex 13.5196 1.33156 224.275
      vertex 0 0 237.86
    endloop
  endfacet
  facet normal -0.705301 -0.0519714 -0.707
    outer loop
      vertex 13.5196 1.33156 224.275
      vertex 13.5686 0.666584 224.275
      vertex 0 0 237.86
    endloop
  endfacet
  facet normal -0.188682 0.681579 -0.707
    outer loop
      vertex 3.94352 -13 224.275
      vertex 3.30089 -13.1779 224.275
      vertex 0 0 237.86
    endloop
  endfacet
  facet normal -0.154956 0.690028 -0.707001
    outer loop
      vertex 3.30089 -13.1779 224.275
      vertex 2.6503 -13.324 224.275
      vertex 0 0 237.86
    endloop
  endfacet
  facet normal -0.407192 0.578226 -0.707
    outer loop
      vertex 8.09257 -10.9116 224.275
      vertex 7.54742 -11.2955 224.275
      vertex 0 0 237.86
    endloop
  endfacet
  facet normal 0.631696 0.31798 -0.707
    outer loop
      vertex 0 0 237.86
      vertex -11.9809 -6.40392 224.275
      vertex -12.2807 -5.80834 224.275
    endloop
  endfacet
  facet normal 0.557493 0.435147 -0.707
    outer loop
      vertex 0 0 237.86
      vertex -10.5013 -8.61823 224.275
      vertex -10.9116 -8.09257 224.275
    endloop
  endfacet
  facet normal -0.378339 0.597504 -0.707
    outer loop
      vertex 7.54742 -11.2955 224.275
      vertex 6.98409 -11.6522 224.275
      vertex 0 0 237.86
    endloop
  endfacet
  facet normal 0.154956 0.690028 -0.707001
    outer loop
      vertex 0 0 237.86
      vertex -2.6503 -13.324 224.275
      vertex -3.30089 -13.1779 224.275
    endloop
  endfacet
  facet normal 0.188682 0.681579 -0.707
    outer loop
      vertex 0 0 237.86
      vertex -3.30089 -13.1779 224.275
      vertex -3.94352 -13 224.275
    endloop
  endfacet
  facet normal 0.0173944 0.707 -0.707
    outer loop
      vertex 0 0 237.86
      vertex 0 -13.585 224.275
      vertex -0.666584 -13.5686 224.275
    endloop
  endfacet
  facet normal 0.578226 0.407192 -0.707
    outer loop
      vertex 0 0 237.86
      vertex -10.9116 -8.09257 224.275
      vertex -11.2955 -7.54742 224.275
    endloop
  endfacet
  facet normal -0.120911 0.6968 -0.707001
    outer loop
      vertex 2.6503 -13.324 224.275
      vertex 1.99333 -13.438 224.275
      vertex 0 0 237.86
    endloop
  endfacet
  facet normal 0.407192 0.578226 -0.707
    outer loop
      vertex 0 0 237.86
      vertex -7.54742 -11.2955 224.275
      vertex -8.09257 -10.9116 224.275
    endloop
  endfacet
  facet normal 0.221785 0.671537 -0.707
    outer loop
      vertex 0 0 237.86
      vertex -3.94352 -13 224.275
      vertex -4.57665 -12.7909 224.275
    endloop
  endfacet
  facet normal 0.701897 0.0865479 -0.707001
    outer loop
      vertex 0 0 237.86
      vertex -13.438 -1.99333 224.275
      vertex -13.5196 -1.33156 224.275
    endloop
  endfacet
  facet normal 0.705301 0.0519714 -0.707
    outer loop
      vertex 0 0 237.86
      vertex -13.5196 -1.33156 224.275
      vertex -13.5686 -0.666584 224.275
    endloop
  endfacet
  facet normal 0.707 0.0173944 -0.707
    outer loop
      vertex 0 0 237.86
      vertex -13.5686 -0.666584 224.275
      vertex -13.585 0 224.275
    endloop
  endfacet
endsolid OpenSCAD_Model
