solid OpenSCAD_Model
  facet normal 0 -1 0
    outer loop
      vertex 18.5 5.15 79.8625
      vertex 21.8151 5.15 80.3611
      vertex 21.3953 5.15 83.2207
    endloop
  endfacet
  facet normal 0 -1 0
    outer loop
      vertex 18.5 5.15 48.8625
      vertex 21.8151 5.15 80.3611
      vertex 18.5 5.15 79.8625
    endloop
  endfacet
  facet normal 0 -1 0
    outer loop
      vertex 22.7279 5.15 48.3861
      vertex 21.8151 5.15 80.3611
      vertex 18.5 5.15 48.8625
    endloop
  endfacet
  facet normal 0 -1 0
    outer loop
      vertex 21.8151 5.15 80.3611
      vertex 22.7279 5.15 48.3861
      vertex 26.7141 5.15 46.9913
    endloop
  endfacet
  facet normal 0 -1 0
    outer loop
      vertex 22.7279 5.15 11.3389
      vertex 23.8246 5.15 9.18226
      vertex 24.0599 5.15 11.805
    endloop
  endfacet
  facet normal 0 -1 0
    outer loop
      vertex 18.5 5.15 10.8625
      vertex 23.8246 5.15 9.18226
      vertex 22.7279 5.15 11.3389
    endloop
  endfacet
  facet normal 0 -1 0
    outer loop
      vertex 18.5 5.15 -1.90735e-07
      vertex 23.8246 5.15 9.18226
      vertex 18.5 5.15 10.8625
    endloop
  endfacet
  facet normal 0 -1 0
    outer loop
      vertex 23.8246 5.15 9.18226
      vertex 18.5 5.15 -1.90735e-07
      vertex 23.0005 5.15 -1.90735e-07
    endloop
  endfacet
  facet normal 0 1 0
    outer loop
      vertex 25.3818 -5.15 56.0663
      vertex 18.5 -5.15 79.8625
      vertex 21.3953 -5.15 83.2207
    endloop
  endfacet
  facet normal 0 1 0
    outer loop
      vertex 25.3818 -5.15 56.0663
      vertex 18.5 -5.15 48.8625
      vertex 18.5 -5.15 79.8625
    endloop
  endfacet
  facet normal 0 1 0
    outer loop
      vertex 25.3818 -5.15 56.0663
      vertex 22.7279 -5.15 48.3861
      vertex 18.5 -5.15 48.8625
    endloop
  endfacet
  facet normal -0 1 0
    outer loop
      vertex 22.7279 -5.15 48.3861
      vertex 25.3818 -5.15 56.0663
      vertex 26.7141 -5.15 46.9913
    endloop
  endfacet
  facet normal 0 1 -0
    outer loop
      vertex 23.0005 -5.15 -1.90735e-07
      vertex 22.7279 -5.15 11.3389
      vertex 24.0599 -5.15 11.805
    endloop
  endfacet
  facet normal 0 1 0
    outer loop
      vertex 23.0005 -5.15 -1.90735e-07
      vertex 18.5 -5.15 10.8625
      vertex 22.7279 -5.15 11.3389
    endloop
  endfacet
  facet normal 0 1 0
    outer loop
      vertex 18.5 -5.15 10.8625
      vertex 23.0005 -5.15 -1.90735e-07
      vertex 18.5 -5.15 -1.90735e-07
    endloop
  endfacet
  facet normal 0.849514 0 -0.527566
    outer loop
      vertex 22.7835 2.19002 85.4054
      vertex 21.5078 -4.92193 83.3512
      vertex 21.5078 4.92193 83.3512
    endloop
  endfacet
  facet normal 0.849503 7.08269e-06 -0.527583
    outer loop
      vertex 21.5078 -4.92193 83.3512
      vertex 22.7835 2.19002 85.4054
      vertex 23.8062 0 87.0521
    endloop
  endfacet
  facet normal 0.757376 -3.87141e-05 -0.652978
    outer loop
      vertex 21.5078 4.92193 83.3512
      vertex 18.5 5.15 79.8625
      vertex 21.3953 5.15 83.2207
    endloop
  endfacet
  facet normal 0.757378 0 -0.652977
    outer loop
      vertex 21.5078 -4.92193 83.3512
      vertex 18.5 5.15 79.8625
      vertex 21.5078 4.92193 83.3512
    endloop
  endfacet
  facet normal 0.757376 3.87141e-05 -0.652978
    outer loop
      vertex 18.5 -5.15 79.8625
      vertex 21.5078 -4.92193 83.3512
      vertex 21.3953 -5.15 83.2207
    endloop
  endfacet
  facet normal 0.757378 0 -0.652977
    outer loop
      vertex 21.5078 -4.92193 83.3512
      vertex 18.5 -5.15 79.8625
      vertex 18.5 5.15 79.8625
    endloop
  endfacet
  facet normal 1 -0 0
    outer loop
      vertex 18.5 -5.15 79.8625
      vertex 18.5 5.15 48.8625
      vertex 18.5 5.15 79.8625
    endloop
  endfacet
  facet normal 1 0 0
    outer loop
      vertex 18.5 5.15 48.8625
      vertex 18.5 -5.15 79.8625
      vertex 18.5 -5.15 48.8625
    endloop
  endfacet
  facet normal 0.111971 0 0.993711
    outer loop
      vertex 18.5 5.15 48.8625
      vertex 22.7279 -5.15 48.3861
      vertex 22.7279 5.15 48.3861
    endloop
  endfacet
  facet normal 0.111971 0 0.993711
    outer loop
      vertex 22.7279 -5.15 48.3861
      vertex 18.5 5.15 48.8625
      vertex 18.5 -5.15 48.8625
    endloop
  endfacet
  facet normal 0.330272 -0.000150185 0.943886
    outer loop
      vertex 22.7279 5.15 48.3861
      vertex 26.7438 5.10125 46.9809
      vertex 26.7141 5.15 46.9913
    endloop
  endfacet
  facet normal 0.330274 0 0.943885
    outer loop
      vertex 26.7438 5.10125 46.9809
      vertex 22.7279 5.15 48.3861
      vertex 26.7438 -5.10125 46.9809
    endloop
  endfacet
  facet normal 0.330274 -0 0.943885
    outer loop
      vertex 22.7279 -5.15 48.3861
      vertex 26.7438 -5.10125 46.9809
      vertex 22.7279 5.15 48.3861
    endloop
  endfacet
  facet normal 0.330272 0.000150185 0.943886
    outer loop
      vertex 26.7438 -5.10125 46.9809
      vertex 22.7279 -5.15 48.3861
      vertex 26.7141 -5.15 46.9913
    endloop
  endfacet
  facet normal 0.532349 0.000273413 0.846525
    outer loop
      vertex 26.7438 5.10125 46.9809
      vertex 29.9597 -0.0449065 44.9602
      vertex 29.9883 0 44.9422
    endloop
  endfacet
  facet normal 0.532035 0 0.846722
    outer loop
      vertex 29.9597 -0.0449065 44.9602
      vertex 26.7438 5.10125 46.9809
      vertex 26.7438 -5.10125 46.9809
    endloop
  endfacet
  facet normal 0.532053 0 -0.846711
    outer loop
      vertex 27.1399 0 12.993
      vertex 26.7438 -0.647419 12.7441
      vertex 26.7438 0.647419 12.7441
    endloop
  endfacet
  facet normal 0.330274 0 -0.943885
    outer loop
      vertex 22.7279 5.15 11.3389
      vertex 26.7438 0.647419 12.7441
      vertex 26.7438 -0.647419 12.7441
    endloop
  endfacet
  facet normal 0.330287 -1.33128e-05 -0.94388
    outer loop
      vertex 22.7279 -5.15 11.3389
      vertex 26.7438 -0.647419 12.7441
      vertex 24.0599 -5.15 11.805
    endloop
  endfacet
  facet normal 0.330274 0 -0.943885
    outer loop
      vertex 22.7279 5.15 11.3389
      vertex 26.7438 -0.647419 12.7441
      vertex 22.7279 -5.15 11.3389
    endloop
  endfacet
  facet normal 0.330272 -1.92818e-06 -0.943886
    outer loop
      vertex 26.7438 0.647419 12.7441
      vertex 22.7279 5.15 11.3389
      vertex 24.2926 4.75969 11.8864
    endloop
  endfacet
  facet normal 0.330287 6.65754e-05 -0.94388
    outer loop
      vertex 24.2926 4.75969 11.8864
      vertex 22.7279 5.15 11.3389
      vertex 24.0599 5.15 11.805
    endloop
  endfacet
  facet normal 0.111971 0 -0.993711
    outer loop
      vertex 18.5 -5.15 10.8625
      vertex 22.7279 5.15 11.3389
      vertex 22.7279 -5.15 11.3389
    endloop
  endfacet
  facet normal 0.111971 0 -0.993711
    outer loop
      vertex 22.7279 5.15 11.3389
      vertex 18.5 -5.15 10.8625
      vertex 18.5 5.15 10.8625
    endloop
  endfacet
  facet normal 1 -0 0
    outer loop
      vertex 18.5 -5.15 10.8625
      vertex 18.5 5.15 -1.90735e-07
      vertex 18.5 5.15 10.8625
    endloop
  endfacet
  facet normal 1 0 0
    outer loop
      vertex 18.5 5.15 -1.90735e-07
      vertex 18.5 -5.15 10.8625
      vertex 18.5 -5.15 -1.90735e-07
    endloop
  endfacet
  facet normal 0.866025 -0.5 -8.32254e-08
    outer loop
      vertex 6.23762 21.1039 83.2207
      vertex 4.78997 18.5965 79.8625
      vertex 8.8779 25.677 47.2518
    endloop
  endfacet
  facet normal 0.866038 -0.499977 6.93476e-05
    outer loop
      vertex 8.8779 25.677 47.2518
      vertex 6.90391 22.2579 48.3861
      vertex 8.89703 25.7101 46.9913
    endloop
  endfacet
  facet normal 0.866029 -0.499994 1.7181e-06
    outer loop
      vertex 6.90391 22.2579 48.3861
      vertex 8.8779 25.677 47.2518
      vertex 4.78997 18.5965 79.8625
    endloop
  endfacet
  facet normal 0.866022 -0.500005 0
    outer loop
      vertex 4.78997 18.5965 79.8625
      vertex 4.78997 18.5965 48.8625
      vertex 6.90391 22.2579 48.3861
    endloop
  endfacet
  facet normal 0.866032 -0.499989 -1.53978e-06
    outer loop
      vertex 6.90391 22.2579 11.3389
      vertex 6.41945 21.4188 -1.90735e-07
      vertex 6.76533 22.0179 -1.90735e-07
    endloop
  endfacet
  facet normal 0.866026 -0.499999 -8.28802e-07
    outer loop
      vertex 7.56994 23.4115 11.805
      vertex 6.90391 22.2579 11.3389
      vertex 7.06804 22.5422 0.619681
    endloop
  endfacet
  facet normal 0.866022 -0.500006 -1.05992e-06
    outer loop
      vertex 6.76533 22.0179 -1.90735e-07
      vertex 7.06804 22.5422 0.619681
      vertex 6.90391 22.2579 11.3389
    endloop
  endfacet
  facet normal 0.866007 -0.500032 2.88806e-05
    outer loop
      vertex 7.06804 22.5422 0.619681
      vertex 6.76533 22.0179 -1.90735e-07
      vertex 7.04023 22.494 -1.90735e-07
    endloop
  endfacet
  facet normal 0.866022 -0.500005 1.09736e-07
    outer loop
      vertex 4.78997 18.5965 10.8625
      vertex 6.41945 21.4188 -1.90735e-07
      vertex 6.90391 22.2579 11.3389
    endloop
  endfacet
  facet normal 0.866022 -0.500006 0
    outer loop
      vertex 6.41945 21.4188 -1.90735e-07
      vertex 4.78997 18.5965 10.8625
      vertex 4.78997 18.5965 -1.90735e-07
    endloop
  endfacet
  facet normal -0.866046 0.499964 -1.23875e-05
    outer loop
      vertex 13.71 13.4465 79.8625
      vertex 17.1509 19.4063 56.0663
      vertex 17.798 20.527 47.2518
    endloop
  endfacet
  facet normal -0.866019 0.50001 3.14972e-06
    outer loop
      vertex 17.1509 19.4063 56.0663
      vertex 13.71 13.4465 79.8625
      vertex 15.1577 15.9539 83.2207
    endloop
  endfacet
  facet normal -0.866022 0.500005 3.51127e-05
    outer loop
      vertex 15.824 17.1079 48.3861
      vertex 17.798 20.527 47.2518
      vertex 17.8171 20.5601 46.9913
    endloop
  endfacet
  facet normal -0.866028 0.499996 -3.12871e-06
    outer loop
      vertex 17.798 20.527 47.2518
      vertex 15.824 17.1079 48.3861
      vertex 13.71 13.4465 79.8625
    endloop
  endfacet
  facet normal -0.866016 0.500016 0
    outer loop
      vertex 15.824 17.1079 48.3861
      vertex 13.71 13.4465 48.8625
      vertex 13.71 13.4465 79.8625
    endloop
  endfacet
  facet normal -0.866019 0.50001 2.45535e-06
    outer loop
      vertex 15.6854 16.8679 -1.90735e-07
      vertex 15.3395 16.2688 -1.90735e-07
      vertex 15.824 17.1079 11.3389
    endloop
  endfacet
  facet normal -0.866036 0.499982 2.6359e-06
    outer loop
      vertex 15.9881 17.3922 0.619674
      vertex 15.824 17.1079 11.3389
      vertex 16.49 18.2615 11.805
    endloop
  endfacet
  facet normal -0.866007 0.500032 -4.28561e-05
    outer loop
      vertex 15.6854 16.8679 -1.90735e-07
      vertex 15.9881 17.3922 0.619674
      vertex 15.9603 17.344 -1.90735e-07
    endloop
  endfacet
  facet normal -0.86603 0.499991 2.98525e-06
    outer loop
      vertex 15.9881 17.3922 0.619674
      vertex 15.6854 16.8679 -1.90735e-07
      vertex 15.824 17.1079 11.3389
    endloop
  endfacet
  facet normal -0.86602 0.50001 0
    outer loop
      vertex 13.71 13.4465 10.8625
      vertex 15.3395 16.2688 -1.90735e-07
      vertex 13.71 13.4465 -1.90735e-07
    endloop
  endfacet
  facet normal -0.866016 0.500016 1.91458e-06
    outer loop
      vertex 15.3395 16.2688 -1.90735e-07
      vertex 13.71 13.4465 10.8625
      vertex 15.824 17.1079 11.3389
    endloop
  endfacet
  facet normal 0.424766 0.735699 -0.527561
    outer loop
      vertex 12.6863 19.4969 86.1211
      vertex 6.83294 21.0576 83.5847
      vertex 11.9031 20.6167 87.0521
    endloop
  endfacet
  facet normal 0.424767 0.735697 -0.527563
    outer loop
      vertex 15.0164 16.1653 83.3512
      vertex 6.83294 21.0576 83.5847
      vertex 12.6863 19.4969 86.1211
    endloop
  endfacet
  facet normal 0.424723 0.73563 -0.527692
    outer loop
      vertex 6.83294 21.0576 83.5847
      vertex 15.0164 16.1653 83.3512
      vertex 6.49139 21.0873 83.3512
    endloop
  endfacet
  facet normal 0.378651 0.656383 -0.652521
    outer loop
      vertex 4.78997 18.5965 79.8625
      vertex 15.0164 16.1653 83.3512
      vertex 15.0689 16.0867 83.3026
    endloop
  endfacet
  facet normal 0.378693 0.655905 -0.652978
    outer loop
      vertex 15.0164 16.1653 83.3512
      vertex 4.78997 18.5965 79.8625
      vertex 6.49139 21.0873 83.3512
    endloop
  endfacet
  facet normal 0.378696 0.655903 -0.652978
    outer loop
      vertex 6.49139 21.0873 83.3512
      vertex 4.78997 18.5965 79.8625
      vertex 6.23762 21.1039 83.2207
    endloop
  endfacet
  facet normal 0.378673 0.655913 -0.652981
    outer loop
      vertex 13.71 13.4465 79.8625
      vertex 15.0689 16.0867 83.3026
      vertex 15.1577 15.9539 83.2207
    endloop
  endfacet
  facet normal 0.378688 0.655905 -0.652981
    outer loop
      vertex 15.0689 16.0867 83.3026
      vertex 13.71 13.4465 79.8625
      vertex 4.78997 18.5965 79.8625
    endloop
  endfacet
  facet normal 0.500001 0.866025 -0
    outer loop
      vertex 13.71 13.4465 48.8625
      vertex 4.78997 18.5965 79.8625
      vertex 13.71 13.4465 79.8625
    endloop
  endfacet
  facet normal 0.500001 0.866025 0
    outer loop
      vertex 4.78997 18.5965 79.8625
      vertex 13.71 13.4465 48.8625
      vertex 4.78997 18.5965 48.8625
    endloop
  endfacet
  facet normal 0.055986 0.096971 0.993711
    outer loop
      vertex 6.90391 22.2579 48.3861
      vertex 13.71 13.4465 48.8625
      vertex 15.824 17.1079 48.3861
    endloop
  endfacet
  facet normal 0.0559867 0.0969715 0.993711
    outer loop
      vertex 13.71 13.4465 48.8625
      vertex 6.90391 22.2579 48.3861
      vertex 4.78997 18.5965 48.8625
    endloop
  endfacet
  facet normal 0.164433 0.286425 0.943887
    outer loop
      vertex 6.90391 22.2579 48.3861
      vertex 8.9318 25.7109 46.985
      vertex 8.89703 25.7101 46.9913
    endloop
  endfacet
  facet normal 0.165131 0.286016 0.943889
    outer loop
      vertex 8.9318 25.7109 46.985
      vertex 6.90391 22.2579 48.3861
      vertex 15.824 17.1079 48.3861
    endloop
  endfacet
  facet normal 0.164932 0.286139 0.943887
    outer loop
      vertex 17.7897 20.6102 46.9809
      vertex 15.824 17.1079 48.3861
      vertex 17.8171 20.5601 46.9913
    endloop
  endfacet
  facet normal 0.165135 0.286024 0.943886
    outer loop
      vertex 8.95408 25.7114 46.9809
      vertex 15.824 17.1079 48.3861
      vertex 17.7897 20.6102 46.9809
    endloop
  endfacet
  facet normal 0.1671 0.287466 0.943102
    outer loop
      vertex 15.824 17.1079 48.3861
      vertex 8.95408 25.7114 46.9809
      vertex 8.9318 25.7109 46.985
    endloop
  endfacet
  facet normal 0.266014 0.460753 0.846725
    outer loop
      vertex 15.0188 25.9234 44.9602
      vertex 8.95408 25.7114 46.9809
      vertex 17.7897 20.6102 46.9809
    endloop
  endfacet
  facet normal 0.265807 0.461807 0.846215
    outer loop
      vertex 8.95408 25.7114 46.9809
      vertex 15.0188 25.9234 44.9602
      vertex 14.9941 25.9706 44.9422
    endloop
  endfacet
  facet normal 0.265974 0.460709 -0.846761
    outer loop
      vertex 13.9326 22.8371 12.7441
      vertex 12.8112 23.4845 12.7441
      vertex 13.57 23.5039 12.993
    endloop
  endfacet
  facet normal 0.165134 0.286038 -0.943882
    outer loop
      vertex 14.9439 21.0277 12.3727
      vertex 12.8112 23.4845 12.7441
      vertex 13.9326 22.8371 12.7441
    endloop
  endfacet
  facet normal 0.165133 0.286038 -0.943882
    outer loop
      vertex 6.90391 22.2579 11.3389
      vertex 12.8112 23.4845 12.7441
      vertex 14.9439 21.0277 12.3727
    endloop
  endfacet
  facet normal 0.165136 0.286026 -0.943885
    outer loop
      vertex 12.8112 23.4845 12.7441
      vertex 6.90391 22.2579 11.3389
      vertex 7.56994 23.4115 11.805
    endloop
  endfacet
  facet normal 0.165154 0.286019 -0.943884
    outer loop
      vertex 15.824 17.1079 11.3389
      vertex 14.9439 21.0277 12.3727
      vertex 16.49 18.2615 11.805
    endloop
  endfacet
  facet normal 0.165131 0.286016 -0.943889
    outer loop
      vertex 14.9439 21.0277 12.3727
      vertex 15.824 17.1079 11.3389
      vertex 6.90391 22.2579 11.3389
    endloop
  endfacet
  facet normal 0.055986 0.096971 -0.993711
    outer loop
      vertex 13.71 13.4465 10.8625
      vertex 6.90391 22.2579 11.3389
      vertex 15.824 17.1079 11.3389
    endloop
  endfacet
  facet normal 0.0559867 0.0969715 -0.993711
    outer loop
      vertex 6.90391 22.2579 11.3389
      vertex 13.71 13.4465 10.8625
      vertex 4.78997 18.5965 10.8625
    endloop
  endfacet
  facet normal 0.500001 0.866025 -0
    outer loop
      vertex 13.71 13.4465 -1.90735e-07
      vertex 4.78997 18.5965 10.8625
      vertex 13.71 13.4465 10.8625
    endloop
  endfacet
  facet normal 0.500001 0.866025 0
    outer loop
      vertex 4.78997 18.5965 10.8625
      vertex 13.71 13.4465 -1.90735e-07
      vertex 4.78997 18.5965 -1.90735e-07
    endloop
  endfacet
  facet normal 0.866014 0.50002 -6.63738e-06
    outer loop
      vertex -13.71 13.4465 79.8625
      vertex -15.3676 16.3174 80.3611
      vertex -15.1577 15.9539 83.2207
    endloop
  endfacet
  facet normal 0.866015 0.500019 3.5442e-06
    outer loop
      vertex -15.3676 16.3174 80.3611
      vertex -13.71 13.4465 79.8625
      vertex -17.798 20.527 47.2518
    endloop
  endfacet
  facet normal 0.866022 0.500005 3.51127e-05
    outer loop
      vertex -17.798 20.527 47.2518
      vertex -15.824 17.1079 48.3861
      vertex -17.8171 20.5601 46.9913
    endloop
  endfacet
  facet normal 0.866028 0.499996 -3.12871e-06
    outer loop
      vertex -15.824 17.1079 48.3861
      vertex -17.798 20.527 47.2518
      vertex -13.71 13.4465 79.8625
    endloop
  endfacet
  facet normal 0.866016 0.500016 -0
    outer loop
      vertex -13.71 13.4465 48.8625
      vertex -15.824 17.1079 48.3861
      vertex -13.71 13.4465 79.8625
    endloop
  endfacet
  facet normal 0.866019 0.50001 2.45535e-06
    outer loop
      vertex -15.6854 16.8679 -1.90735e-07
      vertex -15.824 17.1079 11.3389
      vertex -15.3395 16.2688 -1.90735e-07
    endloop
  endfacet
  facet normal 0.866038 0.499978 1.4161e-05
    outer loop
      vertex -15.824 17.1079 11.3389
      vertex -16.3723 18.0577 9.18225
      vertex -16.49 18.2615 11.805
    endloop
  endfacet
  facet normal 0.86605 0.499957 1.76596e-06
    outer loop
      vertex -16.3723 18.0577 9.18225
      vertex -15.824 17.1079 11.3389
      vertex -15.9881 17.3922 0.619674
    endloop
  endfacet
  facet normal 0.86603 0.499991 2.98525e-06
    outer loop
      vertex -15.6854 16.8679 -1.90735e-07
      vertex -15.9881 17.3922 0.619674
      vertex -15.824 17.1079 11.3389
    endloop
  endfacet
  facet normal 0.866007 0.500032 -4.28561e-05
    outer loop
      vertex -15.9881 17.3922 0.619674
      vertex -15.6854 16.8679 -1.90735e-07
      vertex -15.9603 17.344 -1.90735e-07
    endloop
  endfacet
  facet normal 0.866016 0.500016 1.91458e-06
    outer loop
      vertex -13.71 13.4465 10.8625
      vertex -15.3395 16.2688 -1.90735e-07
      vertex -15.824 17.1079 11.3389
    endloop
  endfacet
  facet normal 0.86602 0.50001 0
    outer loop
      vertex -15.3395 16.2688 -1.90735e-07
      vertex -13.71 13.4465 10.8625
      vertex -13.71 13.4465 -1.90735e-07
    endloop
  endfacet
  facet normal -0.866025 -0.5 -8.32254e-08
    outer loop
      vertex -6.23762 21.1039 83.2207
      vertex -8.8779 25.677 47.2518
      vertex -4.78997 18.5965 79.8625
    endloop
  endfacet
  facet normal -0.866038 -0.499977 6.93476e-05
    outer loop
      vertex -6.90391 22.2579 48.3861
      vertex -8.8779 25.677 47.2518
      vertex -8.89703 25.7101 46.9913
    endloop
  endfacet
  facet normal -0.866029 -0.499994 1.7181e-06
    outer loop
      vertex -8.8779 25.677 47.2518
      vertex -6.90391 22.2579 48.3861
      vertex -4.78997 18.5965 79.8625
    endloop
  endfacet
  facet normal -0.866022 -0.500005 -0
    outer loop
      vertex -4.78997 18.5965 79.8625
      vertex -6.90391 22.2579 48.3861
      vertex -4.78997 18.5965 48.8625
    endloop
  endfacet
  facet normal -0.866032 -0.499989 -1.53978e-06
    outer loop
      vertex -6.41945 21.4188 -1.90735e-07
      vertex -6.90391 22.2579 11.3389
      vertex -6.76533 22.0179 -1.90735e-07
    endloop
  endfacet
  facet normal -0.866026 -0.499999 -8.28802e-07
    outer loop
      vertex -6.90391 22.2579 11.3389
      vertex -7.56994 23.4115 11.805
      vertex -7.06804 22.5422 0.619681
    endloop
  endfacet
  facet normal -0.866007 -0.500032 2.88806e-05
    outer loop
      vertex -6.76533 22.0179 -1.90735e-07
      vertex -7.06804 22.5422 0.619681
      vertex -7.04023 22.494 -1.90735e-07
    endloop
  endfacet
  facet normal -0.866022 -0.500006 -1.05992e-06
    outer loop
      vertex -7.06804 22.5422 0.619681
      vertex -6.76533 22.0179 -1.90735e-07
      vertex -6.90391 22.2579 11.3389
    endloop
  endfacet
  facet normal -0.866022 -0.500006 -0
    outer loop
      vertex -4.78997 18.5965 10.8625
      vertex -6.41945 21.4188 -1.90735e-07
      vertex -4.78997 18.5965 -1.90735e-07
    endloop
  endfacet
  facet normal -0.866022 -0.500005 1.09736e-07
    outer loop
      vertex -6.41945 21.4188 -1.90735e-07
      vertex -4.78997 18.5965 10.8625
      vertex -6.90391 22.2579 11.3389
    endloop
  endfacet
  facet normal -0.424736 0.735707 -0.527573
    outer loop
      vertex -10.5416 20.7351 86.1211
      vertex -13.2884 18.6361 85.4054
      vertex -11.9031 20.6167 87.0521
    endloop
  endfacet
  facet normal -0.424731 0.735704 -0.527582
    outer loop
      vertex -13.2884 18.6361 85.4054
      vertex -10.5416 20.7351 86.1211
      vertex -14.8199 16.4463 83.5847
    endloop
  endfacet
  facet normal -0.424761 0.735712 -0.527547
    outer loop
      vertex -6.49139 21.0873 83.3512
      vertex -14.8199 16.4463 83.5847
      vertex -10.5416 20.7351 86.1211
    endloop
  endfacet
  facet normal -0.424687 0.735567 -0.527809
    outer loop
      vertex -14.8199 16.4463 83.5847
      vertex -6.49139 21.0873 83.3512
      vertex -15.0164 16.1653 83.3512
    endloop
  endfacet
  facet normal -0.378708 0.655916 -0.652959
    outer loop
      vertex -13.71 13.4465 79.8625
      vertex -6.49139 21.0873 83.3512
      vertex -6.39703 21.0934 83.3026
    endloop
  endfacet
  facet normal -0.378696 0.65591 -0.652971
    outer loop
      vertex -6.49139 21.0873 83.3512
      vertex -13.71 13.4465 79.8625
      vertex -15.0164 16.1653 83.3512
    endloop
  endfacet
  facet normal -0.378443 0.656046 -0.652981
    outer loop
      vertex -15.0164 16.1653 83.3512
      vertex -13.71 13.4465 79.8625
      vertex -15.1577 15.9539 83.2207
    endloop
  endfacet
  facet normal -0.378684 0.65591 -0.652978
    outer loop
      vertex -4.78997 18.5965 79.8625
      vertex -6.39703 21.0934 83.3026
      vertex -6.23762 21.1039 83.2207
    endloop
  endfacet
  facet normal -0.378689 0.655907 -0.652978
    outer loop
      vertex -6.39703 21.0934 83.3026
      vertex -4.78997 18.5965 79.8625
      vertex -13.71 13.4465 79.8625
    endloop
  endfacet
  facet normal -0.500001 0.866025 0
    outer loop
      vertex -4.78997 18.5965 48.8625
      vertex -13.71 13.4465 79.8625
      vertex -4.78997 18.5965 79.8625
    endloop
  endfacet
  facet normal -0.500001 0.866025 0
    outer loop
      vertex -13.71 13.4465 79.8625
      vertex -4.78997 18.5965 48.8625
      vertex -13.71 13.4465 48.8625
    endloop
  endfacet
  facet normal -0.0559867 0.0969715 0.993711
    outer loop
      vertex -6.90391 22.2579 48.3861
      vertex -13.71 13.4465 48.8625
      vertex -4.78997 18.5965 48.8625
    endloop
  endfacet
  facet normal -0.055986 0.096971 0.993711
    outer loop
      vertex -13.71 13.4465 48.8625
      vertex -6.90391 22.2579 48.3861
      vertex -15.824 17.1079 48.3861
    endloop
  endfacet
  facet normal -0.165132 0.286018 0.943888
    outer loop
      vertex -17.8004 20.5906 46.985
      vertex -15.824 17.1079 48.3861
      vertex -6.90391 22.2579 48.3861
    endloop
  endfacet
  facet normal -0.165701 0.285695 0.943887
    outer loop
      vertex -15.824 17.1079 48.3861
      vertex -17.8004 20.5906 46.985
      vertex -17.8171 20.5601 46.9913
    endloop
  endfacet
  facet normal -0.165555 0.285778 0.943887
    outer loop
      vertex -8.95408 25.7114 46.9809
      vertex -6.90391 22.2579 48.3861
      vertex -8.89703 25.7101 46.9913
    endloop
  endfacet
  facet normal -0.165136 0.286026 0.943885
    outer loop
      vertex -17.7897 20.6102 46.9809
      vertex -6.90391 22.2579 48.3861
      vertex -8.95408 25.7114 46.9809
    endloop
  endfacet
  facet normal -0.165307 0.287584 0.943382
    outer loop
      vertex -6.90391 22.2579 48.3861
      vertex -17.7897 20.6102 46.9809
      vertex -17.8004 20.5906 46.985
    endloop
  endfacet
  facet normal -0.266021 0.460765 0.846716
    outer loop
      vertex -14.9941 25.9706 44.9422
      vertex -17.7897 20.6102 46.9809
      vertex -8.95408 25.7114 46.9809
    endloop
  endfacet
  facet normal -0.265974 0.460709 -0.846761
    outer loop
      vertex -12.8112 23.4845 12.7441
      vertex -13.9326 22.8371 12.7441
      vertex -13.57 23.5039 12.993
    endloop
  endfacet
  facet normal -0.165148 0.286063 -0.943872
    outer loop
      vertex -10.7386 23.4556 12.3727
      vertex -13.9326 22.8371 12.7441
      vertex -12.8112 23.4845 12.7441
    endloop
  endfacet
  facet normal -0.165143 0.286025 -0.943884
    outer loop
      vertex -15.824 17.1079 11.3389
      vertex -13.9326 22.8371 12.7441
      vertex -10.7386 23.4556 12.3727
    endloop
  endfacet
  facet normal -0.165121 0.28602 -0.94389
    outer loop
      vertex -15.824 17.1079 11.3389
      vertex -16.2683 18.6582 11.8864
      vertex -13.9326 22.8371 12.7441
    endloop
  endfacet
  facet normal -0.165192 0.285997 -0.943884
    outer loop
      vertex -16.2683 18.6582 11.8864
      vertex -15.824 17.1079 11.3389
      vertex -16.49 18.2615 11.805
    endloop
  endfacet
  facet normal -0.165126 0.286031 -0.943885
    outer loop
      vertex -6.90391 22.2579 11.3389
      vertex -10.7386 23.4556 12.3727
      vertex -7.56994 23.4115 11.805
    endloop
  endfacet
  facet normal -0.165132 0.286017 -0.943889
    outer loop
      vertex -10.7386 23.4556 12.3727
      vertex -6.90391 22.2579 11.3389
      vertex -15.824 17.1079 11.3389
    endloop
  endfacet
  facet normal -0.0559867 0.0969715 -0.993711
    outer loop
      vertex -13.71 13.4465 10.8625
      vertex -6.90391 22.2579 11.3389
      vertex -4.78997 18.5965 10.8625
    endloop
  endfacet
  facet normal -0.055986 0.096971 -0.993711
    outer loop
      vertex -6.90391 22.2579 11.3389
      vertex -13.71 13.4465 10.8625
      vertex -15.824 17.1079 11.3389
    endloop
  endfacet
  facet normal -0.500001 0.866025 0
    outer loop
      vertex -4.78997 18.5965 -1.90735e-07
      vertex -13.71 13.4465 10.8625
      vertex -4.78997 18.5965 10.8625
    endloop
  endfacet
  facet normal -0.500001 0.866025 0
    outer loop
      vertex -13.71 13.4465 10.8625
      vertex -4.78997 18.5965 -1.90735e-07
      vertex -13.71 13.4465 -1.90735e-07
    endloop
  endfacet
  facet normal 0 1 0
    outer loop
      vertex -18.5 -5.15 79.8625
      vertex -21.8151 -5.15 80.3611
      vertex -21.3953 -5.15 83.2207
    endloop
  endfacet
  facet normal 0 1 -0
    outer loop
      vertex -18.5 -5.15 48.8625
      vertex -21.8151 -5.15 80.3611
      vertex -18.5 -5.15 79.8625
    endloop
  endfacet
  facet normal 0 1 0
    outer loop
      vertex -22.7279 -5.15 48.3861
      vertex -21.8151 -5.15 80.3611
      vertex -18.5 -5.15 48.8625
    endloop
  endfacet
  facet normal 0 1 0
    outer loop
      vertex -21.8151 -5.15 80.3611
      vertex -22.7279 -5.15 48.3861
      vertex -26.7141 -5.15 46.9913
    endloop
  endfacet
  facet normal 0 1 0
    outer loop
      vertex -22.7279 -5.15 11.3389
      vertex -23.8246 -5.15 9.18226
      vertex -24.0599 -5.15 11.805
    endloop
  endfacet
  facet normal 0 1 0
    outer loop
      vertex -18.5 -5.15 10.8625
      vertex -23.8246 -5.15 9.18226
      vertex -22.7279 -5.15 11.3389
    endloop
  endfacet
  facet normal 0 1 -0
    outer loop
      vertex -18.5 -5.15 -1.90735e-07
      vertex -23.8246 -5.15 9.18226
      vertex -18.5 -5.15 10.8625
    endloop
  endfacet
  facet normal 0 1 0
    outer loop
      vertex -23.8246 -5.15 9.18226
      vertex -18.5 -5.15 -1.90735e-07
      vertex -23.0005 -5.15 -1.90735e-07
    endloop
  endfacet
  facet normal 0 -1 0
    outer loop
      vertex -25.3818 5.15 56.0663
      vertex -18.5 5.15 79.8625
      vertex -21.3953 5.15 83.2207
    endloop
  endfacet
  facet normal 0 -1 0
    outer loop
      vertex -25.3818 5.15 56.0663
      vertex -18.5 5.15 48.8625
      vertex -18.5 5.15 79.8625
    endloop
  endfacet
  facet normal 0 -1 0
    outer loop
      vertex -25.3818 5.15 56.0663
      vertex -22.7279 5.15 48.3861
      vertex -18.5 5.15 48.8625
    endloop
  endfacet
  facet normal -0 -1 0
    outer loop
      vertex -22.7279 5.15 48.3861
      vertex -25.3818 5.15 56.0663
      vertex -26.7141 5.15 46.9913
    endloop
  endfacet
  facet normal 0 -1 0
    outer loop
      vertex -23.0005 5.15 -1.90735e-07
      vertex -22.7279 5.15 11.3389
      vertex -24.0599 5.15 11.805
    endloop
  endfacet
  facet normal 0 -1 0
    outer loop
      vertex -23.0005 5.15 -1.90735e-07
      vertex -18.5 5.15 10.8625
      vertex -22.7279 5.15 11.3389
    endloop
  endfacet
  facet normal 0 -1 -0
    outer loop
      vertex -18.5 5.15 10.8625
      vertex -23.0005 5.15 -1.90735e-07
      vertex -18.5 5.15 -1.90735e-07
    endloop
  endfacet
  facet normal -0.849503 -7.08269e-06 -0.527583
    outer loop
      vertex -21.5078 4.92193 83.3512
      vertex -22.7835 -2.19002 85.4054
      vertex -23.8062 0 87.0521
    endloop
  endfacet
  facet normal -0.849514 0 -0.527566
    outer loop
      vertex -22.7835 -2.19002 85.4054
      vertex -21.5078 4.92193 83.3512
      vertex -21.5078 -4.92193 83.3512
    endloop
  endfacet
  facet normal -0.757376 -3.87141e-05 -0.652978
    outer loop
      vertex -18.5 5.15 79.8625
      vertex -21.5078 4.92193 83.3512
      vertex -21.3953 5.15 83.2207
    endloop
  endfacet
  facet normal -0.757378 0 -0.652977
    outer loop
      vertex -18.5 5.15 79.8625
      vertex -21.5078 -4.92193 83.3512
      vertex -21.5078 4.92193 83.3512
    endloop
  endfacet
  facet normal -0.757378 0 -0.652977
    outer loop
      vertex -18.5 -5.15 79.8625
      vertex -21.5078 -4.92193 83.3512
      vertex -18.5 5.15 79.8625
    endloop
  endfacet
  facet normal -0.757376 3.87141e-05 -0.652978
    outer loop
      vertex -21.5078 -4.92193 83.3512
      vertex -18.5 -5.15 79.8625
      vertex -21.3953 -5.15 83.2207
    endloop
  endfacet
  facet normal -1 0 0
    outer loop
      vertex -18.5 -5.15 48.8625
      vertex -18.5 5.15 79.8625
      vertex -18.5 5.15 48.8625
    endloop
  endfacet
  facet normal -1 -0 0
    outer loop
      vertex -18.5 5.15 79.8625
      vertex -18.5 -5.15 48.8625
      vertex -18.5 -5.15 79.8625
    endloop
  endfacet
  facet normal -0.111971 0 0.993711
    outer loop
      vertex -22.7279 5.15 48.3861
      vertex -18.5 -5.15 48.8625
      vertex -18.5 5.15 48.8625
    endloop
  endfacet
  facet normal -0.111971 0 0.993711
    outer loop
      vertex -18.5 -5.15 48.8625
      vertex -22.7279 5.15 48.3861
      vertex -22.7279 -5.15 48.3861
    endloop
  endfacet
  facet normal -0.330272 -0.000150185 0.943886
    outer loop
      vertex -26.7438 5.10125 46.9809
      vertex -22.7279 5.15 48.3861
      vertex -26.7141 5.15 46.9913
    endloop
  endfacet
  facet normal -0.330274 0 0.943885
    outer loop
      vertex -22.7279 5.15 48.3861
      vertex -26.7438 5.10125 46.9809
      vertex -22.7279 -5.15 48.3861
    endloop
  endfacet
  facet normal -0.330274 0 0.943885
    outer loop
      vertex -26.7438 -5.10125 46.9809
      vertex -22.7279 -5.15 48.3861
      vertex -26.7438 5.10125 46.9809
    endloop
  endfacet
  facet normal -0.330272 0.000150185 0.943886
    outer loop
      vertex -22.7279 -5.15 48.3861
      vertex -26.7438 -5.10125 46.9809
      vertex -26.7141 -5.15 46.9913
    endloop
  endfacet
  facet normal -0.532035 0 0.846722
    outer loop
      vertex -29.9597 0.0449065 44.9602
      vertex -26.7438 -5.10125 46.9809
      vertex -26.7438 5.10125 46.9809
    endloop
  endfacet
  facet normal -0.532349 -0.000273413 0.846525
    outer loop
      vertex -26.7438 -5.10125 46.9809
      vertex -29.9597 0.0449065 44.9602
      vertex -29.9883 0 44.9422
    endloop
  endfacet
  facet normal -0.532053 0 -0.846711
    outer loop
      vertex -26.7438 -0.647419 12.7441
      vertex -27.1399 0 12.993
      vertex -26.7438 0.647419 12.7441
    endloop
  endfacet
  facet normal -0.330287 -6.65754e-05 -0.94388
    outer loop
      vertex -24.2926 -4.75969 11.8864
      vertex -22.7279 -5.15 11.3389
      vertex -24.0599 -5.15 11.805
    endloop
  endfacet
  facet normal -0.330272 1.92818e-06 -0.943886
    outer loop
      vertex -26.7438 -0.647419 12.7441
      vertex -22.7279 -5.15 11.3389
      vertex -24.2926 -4.75969 11.8864
    endloop
  endfacet
  facet normal -0.330274 0 -0.943885
    outer loop
      vertex -22.7279 -5.15 11.3389
      vertex -26.7438 -0.647419 12.7441
      vertex -22.7279 5.15 11.3389
    endloop
  endfacet
  facet normal -0.330274 0 -0.943885
    outer loop
      vertex -22.7279 5.15 11.3389
      vertex -26.7438 -0.647419 12.7441
      vertex -26.7438 0.647419 12.7441
    endloop
  endfacet
  facet normal -0.330287 1.33128e-05 -0.94388
    outer loop
      vertex -22.7279 5.15 11.3389
      vertex -26.7438 0.647419 12.7441
      vertex -24.0599 5.15 11.805
    endloop
  endfacet
  facet normal -0.111971 0 -0.993711
    outer loop
      vertex -22.7279 -5.15 11.3389
      vertex -18.5 5.15 10.8625
      vertex -18.5 -5.15 10.8625
    endloop
  endfacet
  facet normal -0.111971 0 -0.993711
    outer loop
      vertex -18.5 5.15 10.8625
      vertex -22.7279 -5.15 11.3389
      vertex -22.7279 5.15 11.3389
    endloop
  endfacet
  facet normal -1 0 0
    outer loop
      vertex -18.5 -5.15 -1.90735e-07
      vertex -18.5 5.15 10.8625
      vertex -18.5 5.15 -1.90735e-07
    endloop
  endfacet
  facet normal -1 -0 0
    outer loop
      vertex -18.5 5.15 10.8625
      vertex -18.5 -5.15 -1.90735e-07
      vertex -18.5 -5.15 10.8625
    endloop
  endfacet
  facet normal -0.866025 0.5 -8.32254e-08
    outer loop
      vertex -4.78997 -18.5965 79.8625
      vertex -8.8779 -25.677 47.2518
      vertex -6.23762 -21.1039 83.2207
    endloop
  endfacet
  facet normal -0.866029 0.499994 1.7181e-06
    outer loop
      vertex -6.90391 -22.2579 48.3861
      vertex -8.8779 -25.677 47.2518
      vertex -4.78997 -18.5965 79.8625
    endloop
  endfacet
  facet normal -0.866038 0.499977 6.93476e-05
    outer loop
      vertex -8.8779 -25.677 47.2518
      vertex -6.90391 -22.2579 48.3861
      vertex -8.89703 -25.7101 46.9913
    endloop
  endfacet
  facet normal -0.866022 0.500005 0
    outer loop
      vertex -4.78997 -18.5965 48.8625
      vertex -6.90391 -22.2579 48.3861
      vertex -4.78997 -18.5965 79.8625
    endloop
  endfacet
  facet normal -0.866032 0.499989 -1.53978e-06
    outer loop
      vertex -6.76533 -22.0179 -1.90735e-07
      vertex -6.90391 -22.2579 11.3389
      vertex -6.41945 -21.4188 -1.90735e-07
    endloop
  endfacet
  facet normal -0.866026 0.499999 -8.28802e-07
    outer loop
      vertex -7.06804 -22.5422 0.619681
      vertex -7.56994 -23.4115 11.805
      vertex -6.90391 -22.2579 11.3389
    endloop
  endfacet
  facet normal -0.866007 0.500032 2.88806e-05
    outer loop
      vertex -7.06804 -22.5422 0.619681
      vertex -6.76533 -22.0179 -1.90735e-07
      vertex -7.04023 -22.494 -1.90735e-07
    endloop
  endfacet
  facet normal -0.866022 0.500006 -1.05992e-06
    outer loop
      vertex -6.76533 -22.0179 -1.90735e-07
      vertex -7.06804 -22.5422 0.619681
      vertex -6.90391 -22.2579 11.3389
    endloop
  endfacet
  facet normal -0.866022 0.500006 0
    outer loop
      vertex -6.41945 -21.4188 -1.90735e-07
      vertex -4.78997 -18.5965 10.8625
      vertex -4.78997 -18.5965 -1.90735e-07
    endloop
  endfacet
  facet normal -0.866022 0.500005 1.09736e-07
    outer loop
      vertex -4.78997 -18.5965 10.8625
      vertex -6.41945 -21.4188 -1.90735e-07
      vertex -6.90391 -22.2579 11.3389
    endloop
  endfacet
  facet normal 0.866019 -0.50001 3.14972e-06
    outer loop
      vertex -17.1509 -19.4063 56.0663
      vertex -13.71 -13.4465 79.8625
      vertex -15.1577 -15.9539 83.2207
    endloop
  endfacet
  facet normal 0.866046 -0.499964 -1.23875e-05
    outer loop
      vertex -13.71 -13.4465 79.8625
      vertex -17.1509 -19.4063 56.0663
      vertex -17.798 -20.527 47.2518
    endloop
  endfacet
  facet normal 0.866028 -0.499996 -3.12871e-06
    outer loop
      vertex -17.798 -20.527 47.2518
      vertex -15.824 -17.1079 48.3861
      vertex -13.71 -13.4465 79.8625
    endloop
  endfacet
  facet normal 0.866022 -0.500005 3.51127e-05
    outer loop
      vertex -15.824 -17.1079 48.3861
      vertex -17.798 -20.527 47.2518
      vertex -17.8171 -20.5601 46.9913
    endloop
  endfacet
  facet normal 0.866016 -0.500016 0
    outer loop
      vertex -13.71 -13.4465 79.8625
      vertex -15.824 -17.1079 48.3861
      vertex -13.71 -13.4465 48.8625
    endloop
  endfacet
  facet normal 0.866019 -0.50001 2.45535e-06
    outer loop
      vertex -15.3395 -16.2688 -1.90735e-07
      vertex -15.824 -17.1079 11.3389
      vertex -15.6854 -16.8679 -1.90735e-07
    endloop
  endfacet
  facet normal 0.866036 -0.499982 2.6359e-06
    outer loop
      vertex -15.824 -17.1079 11.3389
      vertex -16.49 -18.2615 11.805
      vertex -15.9881 -17.3922 0.619674
    endloop
  endfacet
  facet normal 0.86603 -0.499991 2.98525e-06
    outer loop
      vertex -15.9881 -17.3922 0.619674
      vertex -15.6854 -16.8679 -1.90735e-07
      vertex -15.824 -17.1079 11.3389
    endloop
  endfacet
  facet normal 0.866007 -0.500032 -4.28561e-05
    outer loop
      vertex -15.6854 -16.8679 -1.90735e-07
      vertex -15.9881 -17.3922 0.619674
      vertex -15.9603 -17.344 -1.90735e-07
    endloop
  endfacet
  facet normal 0.86602 -0.50001 0
    outer loop
      vertex -13.71 -13.4465 10.8625
      vertex -15.3395 -16.2688 -1.90735e-07
      vertex -13.71 -13.4465 -1.90735e-07
    endloop
  endfacet
  facet normal 0.866016 -0.500016 1.91458e-06
    outer loop
      vertex -15.3395 -16.2688 -1.90735e-07
      vertex -13.71 -13.4465 10.8625
      vertex -15.824 -17.1079 11.3389
    endloop
  endfacet
  facet normal -0.424766 -0.735699 -0.527561
    outer loop
      vertex -11.9031 -20.6167 87.0521
      vertex -12.6863 -19.4969 86.1211
      vertex -6.83294 -21.0576 83.5847
    endloop
  endfacet
  facet normal -0.424767 -0.735697 -0.527563
    outer loop
      vertex -15.0164 -16.1653 83.3512
      vertex -6.83294 -21.0576 83.5847
      vertex -12.6863 -19.4969 86.1211
    endloop
  endfacet
  facet normal -0.424723 -0.73563 -0.527692
    outer loop
      vertex -6.83294 -21.0576 83.5847
      vertex -15.0164 -16.1653 83.3512
      vertex -6.49139 -21.0873 83.3512
    endloop
  endfacet
  facet normal -0.378651 -0.656383 -0.652521
    outer loop
      vertex -4.78997 -18.5965 79.8625
      vertex -15.0164 -16.1653 83.3512
      vertex -15.0689 -16.0867 83.3026
    endloop
  endfacet
  facet normal -0.378693 -0.655905 -0.652978
    outer loop
      vertex -15.0164 -16.1653 83.3512
      vertex -4.78997 -18.5965 79.8625
      vertex -6.49139 -21.0873 83.3512
    endloop
  endfacet
  facet normal -0.378696 -0.655903 -0.652978
    outer loop
      vertex -6.49139 -21.0873 83.3512
      vertex -4.78997 -18.5965 79.8625
      vertex -6.23762 -21.1039 83.2207
    endloop
  endfacet
  facet normal -0.378673 -0.655913 -0.652981
    outer loop
      vertex -13.71 -13.4465 79.8625
      vertex -15.0689 -16.0867 83.3026
      vertex -15.1577 -15.9539 83.2207
    endloop
  endfacet
  facet normal -0.378688 -0.655905 -0.652981
    outer loop
      vertex -15.0689 -16.0867 83.3026
      vertex -13.71 -13.4465 79.8625
      vertex -4.78997 -18.5965 79.8625
    endloop
  endfacet
  facet normal -0.500001 -0.866025 0
    outer loop
      vertex -13.71 -13.4465 48.8625
      vertex -4.78997 -18.5965 79.8625
      vertex -13.71 -13.4465 79.8625
    endloop
  endfacet
  facet normal -0.500001 -0.866025 -0
    outer loop
      vertex -4.78997 -18.5965 79.8625
      vertex -13.71 -13.4465 48.8625
      vertex -4.78997 -18.5965 48.8625
    endloop
  endfacet
  facet normal -0.0559867 -0.0969715 0.993711
    outer loop
      vertex -13.71 -13.4465 48.8625
      vertex -6.90391 -22.2579 48.3861
      vertex -4.78997 -18.5965 48.8625
    endloop
  endfacet
  facet normal -0.055986 -0.096971 0.993711
    outer loop
      vertex -6.90391 -22.2579 48.3861
      vertex -13.71 -13.4465 48.8625
      vertex -15.824 -17.1079 48.3861
    endloop
  endfacet
  facet normal -0.164433 -0.286425 0.943887
    outer loop
      vertex -6.90391 -22.2579 48.3861
      vertex -8.9318 -25.7109 46.985
      vertex -8.89703 -25.7101 46.9913
    endloop
  endfacet
  facet normal -0.165131 -0.286016 0.943889
    outer loop
      vertex -8.9318 -25.7109 46.985
      vertex -6.90391 -22.2579 48.3861
      vertex -15.824 -17.1079 48.3861
    endloop
  endfacet
  facet normal -0.1671 -0.287466 0.943102
    outer loop
      vertex -15.824 -17.1079 48.3861
      vertex -8.95408 -25.7114 46.9809
      vertex -8.9318 -25.7109 46.985
    endloop
  endfacet
  facet normal -0.165135 -0.286024 0.943886
    outer loop
      vertex -15.824 -17.1079 48.3861
      vertex -17.7897 -20.6102 46.9809
      vertex -8.95408 -25.7114 46.9809
    endloop
  endfacet
  facet normal -0.164932 -0.286139 0.943887
    outer loop
      vertex -17.7897 -20.6102 46.9809
      vertex -15.824 -17.1079 48.3861
      vertex -17.8171 -20.5601 46.9913
    endloop
  endfacet
  facet normal -0.265807 -0.461807 0.846215
    outer loop
      vertex -8.95408 -25.7114 46.9809
      vertex -15.0188 -25.9234 44.9602
      vertex -14.9941 -25.9706 44.9422
    endloop
  endfacet
  facet normal -0.266014 -0.460753 0.846725
    outer loop
      vertex -15.0188 -25.9234 44.9602
      vertex -8.95408 -25.7114 46.9809
      vertex -17.7897 -20.6102 46.9809
    endloop
  endfacet
  facet normal -0.265974 -0.460709 -0.846761
    outer loop
      vertex -13.57 -23.5039 12.993
      vertex -13.9326 -22.8371 12.7441
      vertex -12.8112 -23.4845 12.7441
    endloop
  endfacet
  facet normal -0.165136 -0.286026 -0.943885
    outer loop
      vertex -12.8112 -23.4845 12.7441
      vertex -6.90391 -22.2579 11.3389
      vertex -7.56994 -23.4115 11.805
    endloop
  endfacet
  facet normal -0.165134 -0.286038 -0.943882
    outer loop
      vertex -14.9439 -21.0277 12.3727
      vertex -12.8112 -23.4845 12.7441
      vertex -13.9326 -22.8371 12.7441
    endloop
  endfacet
  facet normal -0.165133 -0.286038 -0.943882
    outer loop
      vertex -12.8112 -23.4845 12.7441
      vertex -14.9439 -21.0277 12.3727
      vertex -6.90391 -22.2579 11.3389
    endloop
  endfacet
  facet normal -0.165131 -0.286016 -0.943889
    outer loop
      vertex -14.9439 -21.0277 12.3727
      vertex -15.824 -17.1079 11.3389
      vertex -6.90391 -22.2579 11.3389
    endloop
  endfacet
  facet normal -0.165154 -0.286019 -0.943884
    outer loop
      vertex -15.824 -17.1079 11.3389
      vertex -14.9439 -21.0277 12.3727
      vertex -16.49 -18.2615 11.805
    endloop
  endfacet
  facet normal -0.0559867 -0.0969715 -0.993711
    outer loop
      vertex -6.90391 -22.2579 11.3389
      vertex -13.71 -13.4465 10.8625
      vertex -4.78997 -18.5965 10.8625
    endloop
  endfacet
  facet normal -0.055986 -0.096971 -0.993711
    outer loop
      vertex -13.71 -13.4465 10.8625
      vertex -6.90391 -22.2579 11.3389
      vertex -15.824 -17.1079 11.3389
    endloop
  endfacet
  facet normal -0.500001 -0.866025 0
    outer loop
      vertex -13.71 -13.4465 -1.90735e-07
      vertex -4.78997 -18.5965 10.8625
      vertex -13.71 -13.4465 10.8625
    endloop
  endfacet
  facet normal -0.500001 -0.866025 -0
    outer loop
      vertex -4.78997 -18.5965 10.8625
      vertex -13.71 -13.4465 -1.90735e-07
      vertex -4.78997 -18.5965 -1.90735e-07
    endloop
  endfacet
  facet normal -0.866014 -0.50002 -6.63738e-06
    outer loop
      vertex 13.71 -13.4465 79.8625
      vertex 15.3676 -16.3174 80.3611
      vertex 15.1577 -15.9539 83.2207
    endloop
  endfacet
  facet normal -0.866015 -0.500019 3.5442e-06
    outer loop
      vertex 15.3676 -16.3174 80.3611
      vertex 13.71 -13.4465 79.8625
      vertex 17.798 -20.527 47.2518
    endloop
  endfacet
  facet normal -0.866028 -0.499996 -3.12871e-06
    outer loop
      vertex 15.824 -17.1079 48.3861
      vertex 17.798 -20.527 47.2518
      vertex 13.71 -13.4465 79.8625
    endloop
  endfacet
  facet normal -0.866022 -0.500005 3.51127e-05
    outer loop
      vertex 17.798 -20.527 47.2518
      vertex 15.824 -17.1079 48.3861
      vertex 17.8171 -20.5601 46.9913
    endloop
  endfacet
  facet normal -0.866016 -0.500016 -0
    outer loop
      vertex 13.71 -13.4465 79.8625
      vertex 13.71 -13.4465 48.8625
      vertex 15.824 -17.1079 48.3861
    endloop
  endfacet
  facet normal -0.866019 -0.50001 2.45535e-06
    outer loop
      vertex 15.824 -17.1079 11.3389
      vertex 15.3395 -16.2688 -1.90735e-07
      vertex 15.6854 -16.8679 -1.90735e-07
    endloop
  endfacet
  facet normal -0.86605 -0.499957 1.76596e-06
    outer loop
      vertex 16.3723 -18.0577 9.18225
      vertex 15.824 -17.1079 11.3389
      vertex 15.9881 -17.3922 0.619674
    endloop
  endfacet
  facet normal -0.866038 -0.499978 1.4161e-05
    outer loop
      vertex 15.824 -17.1079 11.3389
      vertex 16.3723 -18.0577 9.18225
      vertex 16.49 -18.2615 11.805
    endloop
  endfacet
  facet normal -0.866007 -0.500032 -4.28561e-05
    outer loop
      vertex 15.9881 -17.3922 0.619674
      vertex 15.6854 -16.8679 -1.90735e-07
      vertex 15.9603 -17.344 -1.90735e-07
    endloop
  endfacet
  facet normal -0.86603 -0.499991 2.98525e-06
    outer loop
      vertex 15.6854 -16.8679 -1.90735e-07
      vertex 15.9881 -17.3922 0.619674
      vertex 15.824 -17.1079 11.3389
    endloop
  endfacet
  facet normal -0.86602 -0.50001 0
    outer loop
      vertex 15.3395 -16.2688 -1.90735e-07
      vertex 13.71 -13.4465 10.8625
      vertex 13.71 -13.4465 -1.90735e-07
    endloop
  endfacet
  facet normal -0.866016 -0.500016 1.91458e-06
    outer loop
      vertex 13.71 -13.4465 10.8625
      vertex 15.3395 -16.2688 -1.90735e-07
      vertex 15.824 -17.1079 11.3389
    endloop
  endfacet
  facet normal 0.866025 0.5 -8.32254e-08
    outer loop
      vertex 8.8779 -25.677 47.2518
      vertex 4.78997 -18.5965 79.8625
      vertex 6.23762 -21.1039 83.2207
    endloop
  endfacet
  facet normal 0.866029 0.499994 1.7181e-06
    outer loop
      vertex 8.8779 -25.677 47.2518
      vertex 6.90391 -22.2579 48.3861
      vertex 4.78997 -18.5965 79.8625
    endloop
  endfacet
  facet normal 0.866038 0.499977 6.93476e-05
    outer loop
      vertex 6.90391 -22.2579 48.3861
      vertex 8.8779 -25.677 47.2518
      vertex 8.89703 -25.7101 46.9913
    endloop
  endfacet
  facet normal 0.866022 0.500005 0
    outer loop
      vertex 6.90391 -22.2579 48.3861
      vertex 4.78997 -18.5965 48.8625
      vertex 4.78997 -18.5965 79.8625
    endloop
  endfacet
  facet normal 0.866032 0.499989 -1.53978e-06
    outer loop
      vertex 6.76533 -22.0179 -1.90735e-07
      vertex 6.41945 -21.4188 -1.90735e-07
      vertex 6.90391 -22.2579 11.3389
    endloop
  endfacet
  facet normal 0.866026 0.499999 -8.28802e-07
    outer loop
      vertex 7.06804 -22.5422 0.619681
      vertex 6.90391 -22.2579 11.3389
      vertex 7.56994 -23.4115 11.805
    endloop
  endfacet
  facet normal 0.866022 0.500006 -1.05992e-06
    outer loop
      vertex 7.06804 -22.5422 0.619681
      vertex 6.76533 -22.0179 -1.90735e-07
      vertex 6.90391 -22.2579 11.3389
    endloop
  endfacet
  facet normal 0.866007 0.500032 2.88806e-05
    outer loop
      vertex 6.76533 -22.0179 -1.90735e-07
      vertex 7.06804 -22.5422 0.619681
      vertex 7.04023 -22.494 -1.90735e-07
    endloop
  endfacet
  facet normal 0.866022 0.500006 0
    outer loop
      vertex 4.78997 -18.5965 10.8625
      vertex 6.41945 -21.4188 -1.90735e-07
      vertex 4.78997 -18.5965 -1.90735e-07
    endloop
  endfacet
  facet normal 0.866022 0.500005 1.09736e-07
    outer loop
      vertex 6.41945 -21.4188 -1.90735e-07
      vertex 4.78997 -18.5965 10.8625
      vertex 6.90391 -22.2579 11.3389
    endloop
  endfacet
  facet normal 0.424736 -0.735707 -0.527573
    outer loop
      vertex 10.5416 -20.7351 86.1211
      vertex 13.2884 -18.6361 85.4054
      vertex 11.9031 -20.6167 87.0521
    endloop
  endfacet
  facet normal 0.424731 -0.735704 -0.527582
    outer loop
      vertex 13.2884 -18.6361 85.4054
      vertex 10.5416 -20.7351 86.1211
      vertex 14.8199 -16.4463 83.5847
    endloop
  endfacet
  facet normal 0.424761 -0.735712 -0.527547
    outer loop
      vertex 6.49139 -21.0873 83.3512
      vertex 14.8199 -16.4463 83.5847
      vertex 10.5416 -20.7351 86.1211
    endloop
  endfacet
  facet normal 0.424687 -0.735567 -0.527809
    outer loop
      vertex 14.8199 -16.4463 83.5847
      vertex 6.49139 -21.0873 83.3512
      vertex 15.0164 -16.1653 83.3512
    endloop
  endfacet
  facet normal 0.378708 -0.655916 -0.652959
    outer loop
      vertex 13.71 -13.4465 79.8625
      vertex 6.49139 -21.0873 83.3512
      vertex 6.39703 -21.0934 83.3026
    endloop
  endfacet
  facet normal 0.378696 -0.65591 -0.652971
    outer loop
      vertex 6.49139 -21.0873 83.3512
      vertex 13.71 -13.4465 79.8625
      vertex 15.0164 -16.1653 83.3512
    endloop
  endfacet
  facet normal 0.378443 -0.656046 -0.652981
    outer loop
      vertex 15.0164 -16.1653 83.3512
      vertex 13.71 -13.4465 79.8625
      vertex 15.1577 -15.9539 83.2207
    endloop
  endfacet
  facet normal 0.378684 -0.65591 -0.652978
    outer loop
      vertex 4.78997 -18.5965 79.8625
      vertex 6.39703 -21.0934 83.3026
      vertex 6.23762 -21.1039 83.2207
    endloop
  endfacet
  facet normal 0.378689 -0.655907 -0.652978
    outer loop
      vertex 6.39703 -21.0934 83.3026
      vertex 4.78997 -18.5965 79.8625
      vertex 13.71 -13.4465 79.8625
    endloop
  endfacet
  facet normal 0.500001 -0.866025 0
    outer loop
      vertex 4.78997 -18.5965 48.8625
      vertex 13.71 -13.4465 79.8625
      vertex 4.78997 -18.5965 79.8625
    endloop
  endfacet
  facet normal 0.500001 -0.866025 0
    outer loop
      vertex 13.71 -13.4465 79.8625
      vertex 4.78997 -18.5965 48.8625
      vertex 13.71 -13.4465 48.8625
    endloop
  endfacet
  facet normal 0.055986 -0.096971 0.993711
    outer loop
      vertex 13.71 -13.4465 48.8625
      vertex 6.90391 -22.2579 48.3861
      vertex 15.824 -17.1079 48.3861
    endloop
  endfacet
  facet normal 0.0559867 -0.0969715 0.993711
    outer loop
      vertex 6.90391 -22.2579 48.3861
      vertex 13.71 -13.4465 48.8625
      vertex 4.78997 -18.5965 48.8625
    endloop
  endfacet
  facet normal 0.165701 -0.285695 0.943887
    outer loop
      vertex 15.824 -17.1079 48.3861
      vertex 17.8004 -20.5906 46.985
      vertex 17.8171 -20.5601 46.9913
    endloop
  endfacet
  facet normal 0.165132 -0.286018 0.943888
    outer loop
      vertex 17.8004 -20.5906 46.985
      vertex 15.824 -17.1079 48.3861
      vertex 6.90391 -22.2579 48.3861
    endloop
  endfacet
  facet normal 0.165307 -0.287584 0.943382
    outer loop
      vertex 6.90391 -22.2579 48.3861
      vertex 17.7897 -20.6102 46.9809
      vertex 17.8004 -20.5906 46.985
    endloop
  endfacet
  facet normal 0.165136 -0.286026 0.943885
    outer loop
      vertex 17.7897 -20.6102 46.9809
      vertex 6.90391 -22.2579 48.3861
      vertex 8.95408 -25.7114 46.9809
    endloop
  endfacet
  facet normal 0.165555 -0.285778 0.943887
    outer loop
      vertex 8.95408 -25.7114 46.9809
      vertex 6.90391 -22.2579 48.3861
      vertex 8.89703 -25.7101 46.9913
    endloop
  endfacet
  facet normal 0.266021 -0.460765 0.846716
    outer loop
      vertex 17.7897 -20.6102 46.9809
      vertex 8.95408 -25.7114 46.9809
      vertex 14.9941 -25.9706 44.9422
    endloop
  endfacet
  facet normal 0.265974 -0.460709 -0.846761
    outer loop
      vertex 13.57 -23.5039 12.993
      vertex 12.8112 -23.4845 12.7441
      vertex 13.9326 -22.8371 12.7441
    endloop
  endfacet
  facet normal 0.165192 -0.285997 -0.943884
    outer loop
      vertex 16.2683 -18.6582 11.8864
      vertex 15.824 -17.1079 11.3389
      vertex 16.49 -18.2615 11.805
    endloop
  endfacet
  facet normal 0.165121 -0.28602 -0.94389
    outer loop
      vertex 13.9326 -22.8371 12.7441
      vertex 15.824 -17.1079 11.3389
      vertex 16.2683 -18.6582 11.8864
    endloop
  endfacet
  facet normal 0.165148 -0.286063 -0.943872
    outer loop
      vertex 10.7386 -23.4556 12.3727
      vertex 13.9326 -22.8371 12.7441
      vertex 12.8112 -23.4845 12.7441
    endloop
  endfacet
  facet normal 0.165143 -0.286025 -0.943884
    outer loop
      vertex 13.9326 -22.8371 12.7441
      vertex 10.7386 -23.4556 12.3727
      vertex 15.824 -17.1079 11.3389
    endloop
  endfacet
  facet normal 0.165126 -0.286031 -0.943885
    outer loop
      vertex 6.90391 -22.2579 11.3389
      vertex 10.7386 -23.4556 12.3727
      vertex 7.56994 -23.4115 11.805
    endloop
  endfacet
  facet normal 0.165132 -0.286017 -0.943889
    outer loop
      vertex 10.7386 -23.4556 12.3727
      vertex 6.90391 -22.2579 11.3389
      vertex 15.824 -17.1079 11.3389
    endloop
  endfacet
  facet normal 0.055986 -0.096971 -0.993711
    outer loop
      vertex 6.90391 -22.2579 11.3389
      vertex 13.71 -13.4465 10.8625
      vertex 15.824 -17.1079 11.3389
    endloop
  endfacet
  facet normal 0.0559867 -0.0969715 -0.993711
    outer loop
      vertex 13.71 -13.4465 10.8625
      vertex 6.90391 -22.2579 11.3389
      vertex 4.78997 -18.5965 10.8625
    endloop
  endfacet
  facet normal 0.500001 -0.866025 0
    outer loop
      vertex 4.78997 -18.5965 -1.90735e-07
      vertex 13.71 -13.4465 10.8625
      vertex 4.78997 -18.5965 10.8625
    endloop
  endfacet
  facet normal 0.500001 -0.866025 0
    outer loop
      vertex 13.71 -13.4465 10.8625
      vertex 4.78997 -18.5965 -1.90735e-07
      vertex 13.71 -13.4465 -1.90735e-07
    endloop
  endfacet
  facet normal -0.863452 0.498446 -0.0774745
    outer loop
      vertex -16.49 18.2615 11.805
      vertex -15 25.9808 44.8625
      vertex -16.2683 18.6582 11.8864
    endloop
  endfacet
  facet normal -0.863423 0.498495 -0.0774833
    outer loop
      vertex -24.0599 5.15 11.805
      vertex -16.3723 18.0577 9.18225
      vertex -16.7255 16.0187 -1.90735e-07
    endloop
  endfacet
  facet normal -0.863423 0.498494 -0.077485
    outer loop
      vertex -24.0599 5.15 11.805
      vertex -16.7255 16.0187 -1.90735e-07
      vertex -23.0005 5.15 -1.90735e-07
    endloop
  endfacet
  facet normal -0.863423 0.498495 -0.0774829
    outer loop
      vertex -16.3723 18.0577 9.18225
      vertex -24.0599 5.15 11.805
      vertex -16.49 18.2615 11.805
    endloop
  endfacet
  facet normal -0.863422 0.498495 -0.0774881
    outer loop
      vertex -30 0 44.8625
      vertex -16.49 18.2615 11.805
      vertex -24.0599 5.15 11.805
    endloop
  endfacet
  facet normal -0.863417 0.498505 -0.0774857
    outer loop
      vertex -30 0 44.8625
      vertex -24.0599 5.15 11.805
      vertex -26.7438 0.647419 12.7441
    endloop
  endfacet
  facet normal -0.863436 0.498472 -0.0774883
    outer loop
      vertex -30 0 44.8625
      vertex -26.7438 0.647419 12.7441
      vertex -27.1399 0 12.993
    endloop
  endfacet
  facet normal -0.863422 0.498496 -0.0774875
    outer loop
      vertex -16.49 18.2615 11.805
      vertex -30 0 44.8625
      vertex -15 25.9808 44.8625
    endloop
  endfacet
  facet normal -0.863378 0.498528 -0.0777711
    outer loop
      vertex -16.2683 18.6582 11.8864
      vertex -13.57 23.5039 12.993
      vertex -13.9326 22.8371 12.7441
    endloop
  endfacet
  facet normal -0.863426 0.498489 -0.077485
    outer loop
      vertex -13.57 23.5039 12.993
      vertex -16.2683 18.6582 11.8864
      vertex -15 25.9808 44.8625
    endloop
  endfacet
  facet normal -0.863416 0.498507 -0.0774861
    outer loop
      vertex -15.9881 17.3922 0.619674
      vertex -16.7255 16.0187 -1.90735e-07
      vertex -16.3723 18.0577 9.18225
    endloop
  endfacet
  facet normal -0.863409 0.498514 -0.0775104
    outer loop
      vertex -16.7255 16.0187 -1.90735e-07
      vertex -15.9881 17.3922 0.619674
      vertex -15.9603 17.344 -1.90735e-07
    endloop
  endfacet
  facet normal -0.858859 0.496452 0.126081
    outer loop
      vertex -29.9883 0 44.9422
      vertex -29.9597 0.0449065 44.9602
      vertex -30 0 44.8625
    endloop
  endfacet
  facet normal -0.859109 0.496008 0.126125
    outer loop
      vertex -21.3953 5.15 83.2207
      vertex -15.3676 16.3174 80.3611
      vertex -25.3818 5.15 56.0663
    endloop
  endfacet
  facet normal -0.859133 0.495956 0.126169
    outer loop
      vertex -14.8199 16.4463 83.5847
      vertex -11.75 20.3516 89.1375
      vertex -13.2884 18.6361 85.4054
    endloop
  endfacet
  facet normal -0.858655 0.497295 0.124136
    outer loop
      vertex -15.1577 15.9539 83.2207
      vertex -14.8199 16.4463 83.5847
      vertex -15.0164 16.1653 83.3512
    endloop
  endfacet
  facet normal -0.859091 0.495994 0.126301
    outer loop
      vertex -21.3953 5.15 83.2207
      vertex -14.8199 16.4463 83.5847
      vertex -15.1577 15.9539 83.2207
    endloop
  endfacet
  facet normal -0.859112 0.496006 0.126111
    outer loop
      vertex -15.3676 16.3174 80.3611
      vertex -21.3953 5.15 83.2207
      vertex -15.1577 15.9539 83.2207
    endloop
  endfacet
  facet normal -0.859109 0.49601 0.126118
    outer loop
      vertex -14.8199 16.4463 83.5847
      vertex -21.3953 5.15 83.2207
      vertex -11.75 20.3516 89.1375
    endloop
  endfacet
  facet normal -0.859113 0.495983 0.126196
    outer loop
      vertex -21.5078 4.92193 83.3512
      vertex -11.75 20.3516 89.1375
      vertex -21.3953 5.15 83.2207
    endloop
  endfacet
  facet normal -0.859098 0.496023 0.126142
    outer loop
      vertex -23.5 0 89.1375
      vertex -21.5078 4.92193 83.3512
      vertex -23.8062 0 87.0521
    endloop
  endfacet
  facet normal -0.85911 0.496007 0.126124
    outer loop
      vertex -21.5078 4.92193 83.3512
      vertex -23.5 0 89.1375
      vertex -11.75 20.3516 89.1375
    endloop
  endfacet
  facet normal -0.858833 0.49624 0.127086
    outer loop
      vertex -15 25.9808 44.8625
      vertex -17.7897 20.6102 46.9809
      vertex -14.9941 25.9706 44.9422
    endloop
  endfacet
  facet normal -0.860028 0.495219 0.122924
    outer loop
      vertex -15 25.9808 44.8625
      vertex -17.8004 20.5906 46.985
      vertex -17.7897 20.6102 46.9809
    endloop
  endfacet
  facet normal -0.858449 0.496562 0.128417
    outer loop
      vertex -15 25.9808 44.8625
      vertex -17.8171 20.5601 46.9913
      vertex -17.8004 20.5906 46.985
    endloop
  endfacet
  facet normal -0.859111 0.496005 0.126126
    outer loop
      vertex -25.3818 5.15 56.0663
      vertex -17.798 20.527 47.2518
      vertex -26.7141 5.15 46.9913
    endloop
  endfacet
  facet normal -0.859122 0.496013 0.126016
    outer loop
      vertex -17.8171 20.5601 46.9913
      vertex -26.7141 5.15 46.9913
      vertex -17.798 20.527 47.2518
    endloop
  endfacet
  facet normal -0.859109 0.496006 0.126129
    outer loop
      vertex -30 0 44.8625
      vertex -17.8171 20.5601 46.9913
      vertex -15 25.9808 44.8625
    endloop
  endfacet
  facet normal -0.859109 0.496005 0.126136
    outer loop
      vertex -17.8171 20.5601 46.9913
      vertex -30 0 44.8625
      vertex -26.7141 5.15 46.9913
    endloop
  endfacet
  facet normal -0.858943 0.496904 0.123706
    outer loop
      vertex -26.7141 5.15 46.9913
      vertex -30 0 44.8625
      vertex -26.7438 5.10125 46.9809
    endloop
  endfacet
  facet normal -0.859133 0.495883 0.126455
    outer loop
      vertex -26.7438 5.10125 46.9809
      vertex -30 0 44.8625
      vertex -29.9597 0.0449065 44.9602
    endloop
  endfacet
  facet normal -0.859111 0.496005 0.126127
    outer loop
      vertex -17.798 20.527 47.2518
      vertex -25.3818 5.15 56.0663
      vertex -15.3676 16.3174 80.3611
    endloop
  endfacet
  facet normal -0.859101 0.496022 0.126126
    outer loop
      vertex -11.75 20.3516 89.1375
      vertex -11.9031 20.6167 87.0521
      vertex -13.2884 18.6361 85.4054
    endloop
  endfacet
  facet normal -0.840671 0.485362 0.2402
    outer loop
      vertex -19.5 0 103.137
      vertex -9.75 16.8875 103.137
      vertex -23.5 0 89.1375
    endloop
  endfacet
  facet normal -0.840671 0.485362 0.2402
    outer loop
      vertex -9.75 16.8875 103.137
      vertex -11.75 20.3516 89.1375
      vertex -23.5 0 89.1375
    endloop
  endfacet
  facet normal -0.661692 0.382028 0.64515
    outer loop
      vertex 0 0 123.137
      vertex -9.75 16.8875 103.137
      vertex -19.5 0 103.137
    endloop
  endfacet
  facet normal -7.39749e-05 0.996994 -0.0774831
    outer loop
      vertex 12.8112 23.4845 12.7441
      vertex 15 25.9808 44.8625
      vertex 13.57 23.5039 12.993
    endloop
  endfacet
  facet normal 0 0.996993 -0.0774885
    outer loop
      vertex 15 25.9808 44.8625
      vertex 7.56994 23.4115 11.805
      vertex -15 25.9808 44.8625
    endloop
  endfacet
  facet normal -2.20563e-06 0.996993 -0.077488
    outer loop
      vertex 15 25.9808 44.8625
      vertex 12.8112 23.4845 12.7441
      vertex 7.56994 23.4115 11.805
    endloop
  endfacet
  facet normal 3.20894e-05 0.996994 -0.077485
    outer loop
      vertex -15 25.9808 44.8625
      vertex -10.7386 23.4556 12.3727
      vertex -13.57 23.5039 12.993
    endloop
  endfacet
  facet normal -5.09021e-05 0.996964 -0.0778615
    outer loop
      vertex -13.57 23.5039 12.993
      vertex -10.7386 23.4556 12.3727
      vertex -12.8112 23.4845 12.7441
    endloop
  endfacet
  facet normal 0 0.996993 -0.0774885
    outer loop
      vertex -7.56994 23.4115 11.805
      vertex -15 25.9808 44.8625
      vertex 7.56994 23.4115 11.805
    endloop
  endfacet
  facet normal -7.49615e-06 0.996993 -0.0774901
    outer loop
      vertex -15 25.9808 44.8625
      vertex -7.56994 23.4115 11.805
      vertex -10.7386 23.4556 12.3727
    endloop
  endfacet
  facet normal 0 0.996994 -0.0774843
    outer loop
      vertex 7.06804 22.5422 0.619681
      vertex -7.56994 23.4115 11.805
      vertex 7.56994 23.4115 11.805
    endloop
  endfacet
  facet normal 0 0.996994 -0.0774843
    outer loop
      vertex 7.06804 22.5422 0.619681
      vertex -7.06804 22.5422 0.619681
      vertex -7.56994 23.4115 11.805
    endloop
  endfacet
  facet normal 0 0.996989 -0.0775477
    outer loop
      vertex 7.04023 22.494 -1.90735e-07
      vertex -7.06804 22.5422 0.619681
      vertex 7.06804 22.5422 0.619681
    endloop
  endfacet
  facet normal 0 0.996989 -0.0775477
    outer loop
      vertex -7.06804 22.5422 0.619681
      vertex 7.04023 22.494 -1.90735e-07
      vertex -7.04023 22.494 -1.90735e-07
    endloop
  endfacet
  facet normal 2.18984e-05 0.992016 0.126109
    outer loop
      vertex 6.83294 21.0576 83.5847
      vertex 11.75 20.3516 89.1375
      vertex 11.9031 20.6167 87.0521
    endloop
  endfacet
  facet normal 0 0.992014 0.126128
    outer loop
      vertex 11.75 20.3516 89.1375
      vertex 6.83294 21.0576 83.5847
      vertex -11.75 20.3516 89.1375
    endloop
  endfacet
  facet normal -3.43535e-05 0.992016 0.12611
    outer loop
      vertex -11.75 20.3516 89.1375
      vertex -10.5416 20.7351 86.1211
      vertex -11.9031 20.6167 87.0521
    endloop
  endfacet
  facet normal 1.38333e-06 0.992013 0.126132
    outer loop
      vertex -6.23762 21.1039 83.2207
      vertex -11.75 20.3516 89.1375
      vertex 6.83294 21.0576 83.5847
    endloop
  endfacet
  facet normal 1.68904e-05 0.992011 0.126154
    outer loop
      vertex 6.23762 21.1039 83.2207
      vertex 6.83294 21.0576 83.5847
      vertex 6.49139 21.0873 83.3512
    endloop
  endfacet
  facet normal -1.33571e-05 0.992015 0.126118
    outer loop
      vertex -11.75 20.3516 89.1375
      vertex -6.49139 21.0873 83.3512
      vertex -10.5416 20.7351 86.1211
    endloop
  endfacet
  facet normal 0.00156613 0.991833 0.12753
    outer loop
      vertex -11.75 20.3516 89.1375
      vertex -6.39703 21.0934 83.3026
      vertex -6.49139 21.0873 83.3512
    endloop
  endfacet
  facet normal -0 0.992007 0.126181
    outer loop
      vertex -6.23762 21.1039 83.2207
      vertex 6.83294 21.0576 83.5847
      vertex 6.23762 21.1039 83.2207
    endloop
  endfacet
  facet normal -0.0010351 0.992133 0.125182
    outer loop
      vertex -11.75 20.3516 89.1375
      vertex -6.23762 21.1039 83.2207
      vertex -6.39703 21.0934 83.3026
    endloop
  endfacet
  facet normal 0 0.992014 0.126125
    outer loop
      vertex 8.8779 25.677 47.2518
      vertex -6.23762 21.1039 83.2207
      vertex 6.23762 21.1039 83.2207
    endloop
  endfacet
  facet normal 0 0.992014 0.126125
    outer loop
      vertex 8.8779 25.677 47.2518
      vertex -8.8779 25.677 47.2518
      vertex -6.23762 21.1039 83.2207
    endloop
  endfacet
  facet normal 0 0.992024 0.12605
    outer loop
      vertex 8.89703 25.7101 46.9913
      vertex -8.8779 25.677 47.2518
      vertex 8.8779 25.677 47.2518
    endloop
  endfacet
  facet normal 0 0.992024 0.12605
    outer loop
      vertex 8.89703 25.7101 46.9913
      vertex -8.89703 25.7101 46.9913
      vertex -8.8779 25.677 47.2518
    endloop
  endfacet
  facet normal 6.6096e-05 0.991988 0.126332
    outer loop
      vertex 15 25.9808 44.8625
      vertex 8.89703 25.7101 46.9913
      vertex 8.9318 25.7109 46.985
    endloop
  endfacet
  facet normal 0.00200558 0.991276 0.131786
    outer loop
      vertex 15 25.9808 44.8625
      vertex 8.9318 25.7109 46.985
      vertex 8.95408 25.7114 46.9809
    endloop
  endfacet
  facet normal 0 0.992012 0.126145
    outer loop
      vertex 8.89703 25.7101 46.9913
      vertex 15 25.9808 44.8625
      vertex -8.89703 25.7101 46.9913
    endloop
  endfacet
  facet normal 0.000288467 0.991907 0.126966
    outer loop
      vertex 15 25.9808 44.8625
      vertex 8.95408 25.7114 46.9809
      vertex 14.9941 25.9706 44.9422
    endloop
  endfacet
  facet normal -0 0.992012 0.126145
    outer loop
      vertex -15 25.9808 44.8625
      vertex -8.89703 25.7101 46.9913
      vertex 15 25.9808 44.8625
    endloop
  endfacet
  facet normal -0.000818316 0.991715 0.128453
    outer loop
      vertex -8.89703 25.7101 46.9913
      vertex -15 25.9808 44.8625
      vertex -8.95408 25.7114 46.9809
    endloop
  endfacet
  facet normal -0.000288467 0.991907 0.126966
    outer loop
      vertex -8.95408 25.7114 46.9809
      vertex -15 25.9808 44.8625
      vertex -14.9941 25.9706 44.9422
    endloop
  endfacet
  facet normal 0 0.970723 0.2402
    outer loop
      vertex 11.75 20.3516 89.1375
      vertex -9.75 16.8875 103.137
      vertex 9.75 16.8875 103.137
    endloop
  endfacet
  facet normal 0 0.970723 0.2402
    outer loop
      vertex -9.75 16.8875 103.137
      vertex 11.75 20.3516 89.1375
      vertex -11.75 20.3516 89.1375
    endloop
  endfacet
  facet normal 0 0.764056 0.64515
    outer loop
      vertex 0 0 123.137
      vertex 9.75 16.8875 103.137
      vertex -9.75 16.8875 103.137
    endloop
  endfacet
  facet normal 0.863432 0.498479 -0.0774844
    outer loop
      vertex 14.9439 21.0277 12.3727
      vertex 13.57 23.5039 12.993
      vertex 15 25.9808 44.8625
    endloop
  endfacet
  facet normal 0.863391 0.498514 -0.0777158
    outer loop
      vertex 13.57 23.5039 12.993
      vertex 14.9439 21.0277 12.3727
      vertex 13.9326 22.8371 12.7441
    endloop
  endfacet
  facet normal 0.863424 0.498492 -0.0774865
    outer loop
      vertex 15 25.9808 44.8625
      vertex 16.49 18.2615 11.805
      vertex 14.9439 21.0277 12.3727
    endloop
  endfacet
  facet normal 0.863421 0.498494 -0.0775093
    outer loop
      vertex 15.9881 17.3922 0.619674
      vertex 22.2353 6.47534 -1.90735e-07
      vertex 15.9603 17.344 -1.90735e-07
    endloop
  endfacet
  facet normal 0.863421 0.498499 -0.0774851
    outer loop
      vertex 23.8246 5.15 9.18226
      vertex 15.9881 17.3922 0.619674
      vertex 16.49 18.2615 11.805
    endloop
  endfacet
  facet normal 0.863422 0.498496 -0.0774875
    outer loop
      vertex 30 0 44.8625
      vertex 16.49 18.2615 11.805
      vertex 15 25.9808 44.8625
    endloop
  endfacet
  facet normal 0.863424 0.498496 -0.0774624
    outer loop
      vertex 23.8246 5.15 9.18226
      vertex 16.49 18.2615 11.805
      vertex 24.0599 5.15 11.805
    endloop
  endfacet
  facet normal 0.863422 0.498495 -0.0774881
    outer loop
      vertex 16.49 18.2615 11.805
      vertex 30 0 44.8625
      vertex 24.0599 5.15 11.805
    endloop
  endfacet
  facet normal 0.863374 0.498582 -0.077466
    outer loop
      vertex 24.0599 5.15 11.805
      vertex 30 0 44.8625
      vertex 24.2926 4.75969 11.8864
    endloop
  endfacet
  facet normal 0.863422 0.498494 -0.0774932
    outer loop
      vertex 15.9881 17.3922 0.619674
      vertex 23.8246 5.15 9.18226
      vertex 22.2353 6.47534 -1.90735e-07
    endloop
  endfacet
  facet normal 0.863423 0.498494 -0.0774871
    outer loop
      vertex 27.1399 0 12.993
      vertex 24.2926 4.75969 11.8864
      vertex 30 0 44.8625
    endloop
  endfacet
  facet normal 0.863417 0.498536 -0.0772914
    outer loop
      vertex 24.2926 4.75969 11.8864
      vertex 27.1399 0 12.993
      vertex 26.7438 0.647419 12.7441
    endloop
  endfacet
  facet normal 0.863417 0.498504 -0.077491
    outer loop
      vertex 23.8246 5.15 9.18226
      vertex 23.0005 5.15 -1.90735e-07
      vertex 22.2353 6.47534 -1.90735e-07
    endloop
  endfacet
  facet normal 0.858066 0.497537 0.127195
    outer loop
      vertex 15.0188 25.9234 44.9602
      vertex 15 25.9808 44.8625
      vertex 14.9941 25.9706 44.9422
    endloop
  endfacet
  facet normal 0.859108 0.496009 0.126125
    outer loop
      vertex 11.75 20.3516 89.1375
      vertex 12.6863 19.4969 86.1211
      vertex 11.9031 20.6167 87.0521
    endloop
  endfacet
  facet normal 0.859116 0.495994 0.126132
    outer loop
      vertex 11.75 20.3516 89.1375
      vertex 15.0164 16.1653 83.3512
      vertex 12.6863 19.4969 86.1211
    endloop
  endfacet
  facet normal 0.859209 0.495782 0.126338
    outer loop
      vertex 11.75 20.3516 89.1375
      vertex 15.0689 16.0867 83.3026
      vertex 15.0164 16.1653 83.3512
    endloop
  endfacet
  facet normal 0.858681 0.496996 0.12515
    outer loop
      vertex 11.75 20.3516 89.1375
      vertex 15.1577 15.9539 83.2207
      vertex 15.0689 16.0867 83.3026
    endloop
  endfacet
  facet normal 0.85911 0.496005 0.126134
    outer loop
      vertex 11.75 20.3516 89.1375
      vertex 21.3953 5.15 83.2207
      vertex 15.1577 15.9539 83.2207
    endloop
  endfacet
  facet normal 0.859113 0.495983 0.126196
    outer loop
      vertex 11.75 20.3516 89.1375
      vertex 21.5078 4.92193 83.3512
      vertex 21.3953 5.15 83.2207
    endloop
  endfacet
  facet normal 0.85911 0.496007 0.126124
    outer loop
      vertex 23.5 0 89.1375
      vertex 21.5078 4.92193 83.3512
      vertex 11.75 20.3516 89.1375
    endloop
  endfacet
  facet normal 0.859107 0.49601 0.126128
    outer loop
      vertex 21.5078 4.92193 83.3512
      vertex 23.5 0 89.1375
      vertex 22.7835 2.19002 85.4054
    endloop
  endfacet
  facet normal 0.859111 0.496005 0.126121
    outer loop
      vertex 21.8151 5.15 80.3611
      vertex 15.1577 15.9539 83.2207
      vertex 21.3953 5.15 83.2207
    endloop
  endfacet
  facet normal 0.859111 0.496005 0.126123
    outer loop
      vertex 15.1577 15.9539 83.2207
      vertex 21.8151 5.15 80.3611
      vertex 17.1509 19.4063 56.0663
    endloop
  endfacet
  facet normal 0.859122 0.495996 0.126087
    outer loop
      vertex 17.7897 20.6102 46.9809
      vertex 15 25.9808 44.8625
      vertex 15.0188 25.9234 44.9602
    endloop
  endfacet
  facet normal 0.859067 0.496042 0.126277
    outer loop
      vertex 17.8171 20.5601 46.9913
      vertex 15 25.9808 44.8625
      vertex 17.7897 20.6102 46.9809
    endloop
  endfacet
  facet normal 0.859109 0.496008 0.126125
    outer loop
      vertex 26.7141 5.15 46.9913
      vertex 17.1509 19.4063 56.0663
      vertex 21.8151 5.15 80.3611
    endloop
  endfacet
  facet normal 0.85911 0.496004 0.126133
    outer loop
      vertex 17.1509 19.4063 56.0663
      vertex 26.7141 5.15 46.9913
      vertex 17.798 20.527 47.2518
    endloop
  endfacet
  facet normal 0.859122 0.496013 0.126016
    outer loop
      vertex 17.798 20.527 47.2518
      vertex 26.7141 5.15 46.9913
      vertex 17.8171 20.5601 46.9913
    endloop
  endfacet
  facet normal 0.859109 0.496005 0.126136
    outer loop
      vertex 30 0 44.8625
      vertex 17.8171 20.5601 46.9913
      vertex 26.7141 5.15 46.9913
    endloop
  endfacet
  facet normal 0.858943 0.496904 0.123706
    outer loop
      vertex 30 0 44.8625
      vertex 26.7141 5.15 46.9913
      vertex 26.7438 5.10125 46.9809
    endloop
  endfacet
  facet normal 0.85911 0.496009 0.126118
    outer loop
      vertex 30 0 44.8625
      vertex 26.7438 5.10125 46.9809
      vertex 29.9883 0 44.9422
    endloop
  endfacet
  facet normal 0.859109 0.496006 0.126129
    outer loop
      vertex 17.8171 20.5601 46.9913
      vertex 30 0 44.8625
      vertex 15 25.9808 44.8625
    endloop
  endfacet
  facet normal 0.859095 0.496029 0.126141
    outer loop
      vertex 23.5 0 89.1375
      vertex 23.8062 0 87.0521
      vertex 22.7835 2.19002 85.4054
    endloop
  endfacet
  facet normal 0.840671 0.485362 0.2402
    outer loop
      vertex 19.5 0 103.137
      vertex 11.75 20.3516 89.1375
      vertex 9.75 16.8875 103.137
    endloop
  endfacet
  facet normal 0.840671 0.485362 0.2402
    outer loop
      vertex 19.5 0 103.137
      vertex 23.5 0 89.1375
      vertex 11.75 20.3516 89.1375
    endloop
  endfacet
  facet normal 0.661692 0.382028 0.64515
    outer loop
      vertex 19.5 0 103.137
      vertex 9.75 16.8875 103.137
      vertex 0 0 123.137
    endloop
  endfacet
  facet normal 0.863436 -0.498472 -0.0774883
    outer loop
      vertex 30 0 44.8625
      vertex 26.7438 -0.647419 12.7441
      vertex 27.1399 0 12.993
    endloop
  endfacet
  facet normal 0.863417 -0.498505 -0.0774857
    outer loop
      vertex 30 0 44.8625
      vertex 24.0599 -5.15 11.805
      vertex 26.7438 -0.647419 12.7441
    endloop
  endfacet
  facet normal 0.863423 -0.498494 -0.077485
    outer loop
      vertex 24.0599 -5.15 11.805
      vertex 16.7255 -16.0187 -1.90735e-07
      vertex 23.0005 -5.15 -1.90735e-07
    endloop
  endfacet
  facet normal 0.863422 -0.498495 -0.0774881
    outer loop
      vertex 16.49 -18.2615 11.805
      vertex 24.0599 -5.15 11.805
      vertex 30 0 44.8625
    endloop
  endfacet
  facet normal 0.863423 -0.498495 -0.0774833
    outer loop
      vertex 24.0599 -5.15 11.805
      vertex 16.3723 -18.0577 9.18225
      vertex 16.7255 -16.0187 -1.90735e-07
    endloop
  endfacet
  facet normal 0.863423 -0.498495 -0.0774829
    outer loop
      vertex 24.0599 -5.15 11.805
      vertex 16.49 -18.2615 11.805
      vertex 16.3723 -18.0577 9.18225
    endloop
  endfacet
  facet normal 0.863422 -0.498496 -0.0774875
    outer loop
      vertex 15 -25.9808 44.8625
      vertex 16.49 -18.2615 11.805
      vertex 30 0 44.8625
    endloop
  endfacet
  facet normal 0.863452 -0.498446 -0.0774745
    outer loop
      vertex 16.49 -18.2615 11.805
      vertex 15 -25.9808 44.8625
      vertex 16.2683 -18.6582 11.8864
    endloop
  endfacet
  facet normal 0.863378 -0.498528 -0.0777711
    outer loop
      vertex 16.2683 -18.6582 11.8864
      vertex 13.57 -23.5039 12.993
      vertex 13.9326 -22.8371 12.7441
    endloop
  endfacet
  facet normal 0.863426 -0.498489 -0.077485
    outer loop
      vertex 13.57 -23.5039 12.993
      vertex 16.2683 -18.6582 11.8864
      vertex 15 -25.9808 44.8625
    endloop
  endfacet
  facet normal 0.863409 -0.498514 -0.0775104
    outer loop
      vertex 16.7255 -16.0187 -1.90735e-07
      vertex 15.9881 -17.3922 0.619674
      vertex 15.9603 -17.344 -1.90735e-07
    endloop
  endfacet
  facet normal 0.863416 -0.498507 -0.0774861
    outer loop
      vertex 15.9881 -17.3922 0.619674
      vertex 16.7255 -16.0187 -1.90735e-07
      vertex 16.3723 -18.0577 9.18225
    endloop
  endfacet
  facet normal 0.858859 -0.496452 0.126081
    outer loop
      vertex 30 0 44.8625
      vertex 29.9883 0 44.9422
      vertex 29.9597 -0.0449065 44.9602
    endloop
  endfacet
  facet normal 0.859098 -0.496023 0.126142
    outer loop
      vertex 23.5 0 89.1375
      vertex 21.5078 -4.92193 83.3512
      vertex 23.8062 0 87.0521
    endloop
  endfacet
  facet normal 0.85911 -0.496007 0.126124
    outer loop
      vertex 11.75 -20.3516 89.1375
      vertex 21.5078 -4.92193 83.3512
      vertex 23.5 0 89.1375
    endloop
  endfacet
  facet normal 0.859112 -0.496006 0.126111
    outer loop
      vertex 15.3676 -16.3174 80.3611
      vertex 21.3953 -5.15 83.2207
      vertex 15.1577 -15.9539 83.2207
    endloop
  endfacet
  facet normal 0.859113 -0.495983 0.126196
    outer loop
      vertex 21.5078 -4.92193 83.3512
      vertex 11.75 -20.3516 89.1375
      vertex 21.3953 -5.15 83.2207
    endloop
  endfacet
  facet normal 0.859091 -0.495994 0.126301
    outer loop
      vertex 21.3953 -5.15 83.2207
      vertex 14.8199 -16.4463 83.5847
      vertex 15.1577 -15.9539 83.2207
    endloop
  endfacet
  facet normal 0.858655 -0.497295 0.124136
    outer loop
      vertex 15.1577 -15.9539 83.2207
      vertex 14.8199 -16.4463 83.5847
      vertex 15.0164 -16.1653 83.3512
    endloop
  endfacet
  facet normal 0.859109 -0.49601 0.126118
    outer loop
      vertex 21.3953 -5.15 83.2207
      vertex 11.75 -20.3516 89.1375
      vertex 14.8199 -16.4463 83.5847
    endloop
  endfacet
  facet normal 0.859133 -0.495956 0.126169
    outer loop
      vertex 14.8199 -16.4463 83.5847
      vertex 11.75 -20.3516 89.1375
      vertex 13.2884 -18.6361 85.4054
    endloop
  endfacet
  facet normal 0.859109 -0.496008 0.126125
    outer loop
      vertex 21.3953 -5.15 83.2207
      vertex 15.3676 -16.3174 80.3611
      vertex 25.3818 -5.15 56.0663
    endloop
  endfacet
  facet normal 0.859111 -0.496005 0.126127
    outer loop
      vertex 17.798 -20.527 47.2518
      vertex 25.3818 -5.15 56.0663
      vertex 15.3676 -16.3174 80.3611
    endloop
  endfacet
  facet normal 0.859133 -0.495883 0.126455
    outer loop
      vertex 26.7438 -5.10125 46.9809
      vertex 30 0 44.8625
      vertex 29.9597 -0.0449065 44.9602
    endloop
  endfacet
  facet normal 0.858943 -0.496904 0.123706
    outer loop
      vertex 26.7141 -5.15 46.9913
      vertex 30 0 44.8625
      vertex 26.7438 -5.10125 46.9809
    endloop
  endfacet
  facet normal 0.859111 -0.496005 0.126126
    outer loop
      vertex 25.3818 -5.15 56.0663
      vertex 17.798 -20.527 47.2518
      vertex 26.7141 -5.15 46.9913
    endloop
  endfacet
  facet normal 0.859122 -0.496013 0.126016
    outer loop
      vertex 17.8171 -20.5601 46.9913
      vertex 26.7141 -5.15 46.9913
      vertex 17.798 -20.527 47.2518
    endloop
  endfacet
  facet normal 0.859109 -0.496005 0.126136
    outer loop
      vertex 26.7141 -5.15 46.9913
      vertex 17.8171 -20.5601 46.9913
      vertex 30 0 44.8625
    endloop
  endfacet
  facet normal 0.858449 -0.496562 0.128417
    outer loop
      vertex 15 -25.9808 44.8625
      vertex 17.8171 -20.5601 46.9913
      vertex 17.8004 -20.5906 46.985
    endloop
  endfacet
  facet normal 0.860028 -0.495219 0.122924
    outer loop
      vertex 15 -25.9808 44.8625
      vertex 17.8004 -20.5906 46.985
      vertex 17.7897 -20.6102 46.9809
    endloop
  endfacet
  facet normal 0.858833 -0.49624 0.127086
    outer loop
      vertex 15 -25.9808 44.8625
      vertex 17.7897 -20.6102 46.9809
      vertex 14.9941 -25.9706 44.9422
    endloop
  endfacet
  facet normal 0.859109 -0.496006 0.126129
    outer loop
      vertex 17.8171 -20.5601 46.9913
      vertex 15 -25.9808 44.8625
      vertex 30 0 44.8625
    endloop
  endfacet
  facet normal 0.859101 -0.496022 0.126126
    outer loop
      vertex 11.9031 -20.6167 87.0521
      vertex 13.2884 -18.6361 85.4054
      vertex 11.75 -20.3516 89.1375
    endloop
  endfacet
  facet normal 0.840671 -0.485362 0.2402
    outer loop
      vertex 23.5 0 89.1375
      vertex 19.5 0 103.137
      vertex 9.75 -16.8875 103.137
    endloop
  endfacet
  facet normal 0.840671 -0.485362 0.2402
    outer loop
      vertex 11.75 -20.3516 89.1375
      vertex 23.5 0 89.1375
      vertex 9.75 -16.8875 103.137
    endloop
  endfacet
  facet normal 0.661692 -0.382028 0.64515
    outer loop
      vertex 9.75 -16.8875 103.137
      vertex 19.5 0 103.137
      vertex 0 0 123.137
    endloop
  endfacet
  facet normal 7.39749e-05 -0.996994 -0.0774831
    outer loop
      vertex -12.8112 -23.4845 12.7441
      vertex -15 -25.9808 44.8625
      vertex -13.57 -23.5039 12.993
    endloop
  endfacet
  facet normal 0 -0.996993 -0.0774885
    outer loop
      vertex -15 -25.9808 44.8625
      vertex -7.56994 -23.4115 11.805
      vertex 15 -25.9808 44.8625
    endloop
  endfacet
  facet normal 2.20563e-06 -0.996993 -0.077488
    outer loop
      vertex -15 -25.9808 44.8625
      vertex -12.8112 -23.4845 12.7441
      vertex -7.56994 -23.4115 11.805
    endloop
  endfacet
  facet normal -3.20894e-05 -0.996994 -0.077485
    outer loop
      vertex 15 -25.9808 44.8625
      vertex 10.7386 -23.4556 12.3727
      vertex 13.57 -23.5039 12.993
    endloop
  endfacet
  facet normal 5.09021e-05 -0.996964 -0.0778615
    outer loop
      vertex 13.57 -23.5039 12.993
      vertex 10.7386 -23.4556 12.3727
      vertex 12.8112 -23.4845 12.7441
    endloop
  endfacet
  facet normal -0 -0.996993 -0.0774885
    outer loop
      vertex 7.56994 -23.4115 11.805
      vertex 15 -25.9808 44.8625
      vertex -7.56994 -23.4115 11.805
    endloop
  endfacet
  facet normal 7.49615e-06 -0.996993 -0.0774901
    outer loop
      vertex 15 -25.9808 44.8625
      vertex 7.56994 -23.4115 11.805
      vertex 10.7386 -23.4556 12.3727
    endloop
  endfacet
  facet normal 0 -0.996994 -0.0774843
    outer loop
      vertex -7.06804 -22.5422 0.619681
      vertex 7.56994 -23.4115 11.805
      vertex -7.56994 -23.4115 11.805
    endloop
  endfacet
  facet normal 0 -0.996994 -0.0774843
    outer loop
      vertex -7.06804 -22.5422 0.619681
      vertex 7.06804 -22.5422 0.619681
      vertex 7.56994 -23.4115 11.805
    endloop
  endfacet
  facet normal 0 -0.996989 -0.0775477
    outer loop
      vertex -7.04023 -22.494 -1.90735e-07
      vertex 7.06804 -22.5422 0.619681
      vertex -7.06804 -22.5422 0.619681
    endloop
  endfacet
  facet normal 0 -0.996989 -0.0775477
    outer loop
      vertex 7.06804 -22.5422 0.619681
      vertex -7.04023 -22.494 -1.90735e-07
      vertex 7.04023 -22.494 -1.90735e-07
    endloop
  endfacet
  facet normal -2.18984e-05 -0.992016 0.126109
    outer loop
      vertex -6.83294 -21.0576 83.5847
      vertex -11.75 -20.3516 89.1375
      vertex -11.9031 -20.6167 87.0521
    endloop
  endfacet
  facet normal 0 -0.992014 0.126128
    outer loop
      vertex -11.75 -20.3516 89.1375
      vertex -6.83294 -21.0576 83.5847
      vertex 11.75 -20.3516 89.1375
    endloop
  endfacet
  facet normal 3.43535e-05 -0.992016 0.12611
    outer loop
      vertex 11.75 -20.3516 89.1375
      vertex 10.5416 -20.7351 86.1211
      vertex 11.9031 -20.6167 87.0521
    endloop
  endfacet
  facet normal -1.38333e-06 -0.992013 0.126132
    outer loop
      vertex 6.23762 -21.1039 83.2207
      vertex 11.75 -20.3516 89.1375
      vertex -6.83294 -21.0576 83.5847
    endloop
  endfacet
  facet normal -1.68904e-05 -0.992011 0.126154
    outer loop
      vertex -6.23762 -21.1039 83.2207
      vertex -6.83294 -21.0576 83.5847
      vertex -6.49139 -21.0873 83.3512
    endloop
  endfacet
  facet normal 1.33571e-05 -0.992015 0.126118
    outer loop
      vertex 11.75 -20.3516 89.1375
      vertex 6.49139 -21.0873 83.3512
      vertex 10.5416 -20.7351 86.1211
    endloop
  endfacet
  facet normal -0.00156613 -0.991833 0.12753
    outer loop
      vertex 11.75 -20.3516 89.1375
      vertex 6.39703 -21.0934 83.3026
      vertex 6.49139 -21.0873 83.3512
    endloop
  endfacet
  facet normal 0 -0.992007 0.126181
    outer loop
      vertex 6.23762 -21.1039 83.2207
      vertex -6.83294 -21.0576 83.5847
      vertex -6.23762 -21.1039 83.2207
    endloop
  endfacet
  facet normal 0.0010351 -0.992133 0.125182
    outer loop
      vertex 11.75 -20.3516 89.1375
      vertex 6.23762 -21.1039 83.2207
      vertex 6.39703 -21.0934 83.3026
    endloop
  endfacet
  facet normal 0 -0.992014 0.126125
    outer loop
      vertex -8.8779 -25.677 47.2518
      vertex 6.23762 -21.1039 83.2207
      vertex -6.23762 -21.1039 83.2207
    endloop
  endfacet
  facet normal 0 -0.992014 0.126125
    outer loop
      vertex -8.8779 -25.677 47.2518
      vertex 8.8779 -25.677 47.2518
      vertex 6.23762 -21.1039 83.2207
    endloop
  endfacet
  facet normal 0 -0.992024 0.12605
    outer loop
      vertex -8.89703 -25.7101 46.9913
      vertex 8.8779 -25.677 47.2518
      vertex -8.8779 -25.677 47.2518
    endloop
  endfacet
  facet normal 0 -0.992024 0.12605
    outer loop
      vertex -8.89703 -25.7101 46.9913
      vertex 8.89703 -25.7101 46.9913
      vertex 8.8779 -25.677 47.2518
    endloop
  endfacet
  facet normal -6.6096e-05 -0.991988 0.126332
    outer loop
      vertex -15 -25.9808 44.8625
      vertex -8.89703 -25.7101 46.9913
      vertex -8.9318 -25.7109 46.985
    endloop
  endfacet
  facet normal -0.00200558 -0.991276 0.131786
    outer loop
      vertex -15 -25.9808 44.8625
      vertex -8.9318 -25.7109 46.985
      vertex -8.95408 -25.7114 46.9809
    endloop
  endfacet
  facet normal 0 -0.992012 0.126145
    outer loop
      vertex -8.89703 -25.7101 46.9913
      vertex -15 -25.9808 44.8625
      vertex 8.89703 -25.7101 46.9913
    endloop
  endfacet
  facet normal -0.000288467 -0.991907 0.126966
    outer loop
      vertex -15 -25.9808 44.8625
      vertex -8.95408 -25.7114 46.9809
      vertex -14.9941 -25.9706 44.9422
    endloop
  endfacet
  facet normal 0 -0.992012 0.126145
    outer loop
      vertex 15 -25.9808 44.8625
      vertex 8.89703 -25.7101 46.9913
      vertex -15 -25.9808 44.8625
    endloop
  endfacet
  facet normal 0.000818316 -0.991715 0.128453
    outer loop
      vertex 8.89703 -25.7101 46.9913
      vertex 15 -25.9808 44.8625
      vertex 8.95408 -25.7114 46.9809
    endloop
  endfacet
  facet normal 0.000288467 -0.991907 0.126966
    outer loop
      vertex 8.95408 -25.7114 46.9809
      vertex 15 -25.9808 44.8625
      vertex 14.9941 -25.9706 44.9422
    endloop
  endfacet
  facet normal 0 -0.970723 0.2402
    outer loop
      vertex -11.75 -20.3516 89.1375
      vertex 9.75 -16.8875 103.137
      vertex -9.75 -16.8875 103.137
    endloop
  endfacet
  facet normal 0 -0.970723 0.2402
    outer loop
      vertex 9.75 -16.8875 103.137
      vertex -11.75 -20.3516 89.1375
      vertex 11.75 -20.3516 89.1375
    endloop
  endfacet
  facet normal 0 -0.764056 0.64515
    outer loop
      vertex 9.75 -16.8875 103.137
      vertex 0 0 123.137
      vertex -9.75 -16.8875 103.137
    endloop
  endfacet
  facet normal -0.863422 -0.498494 -0.0774932
    outer loop
      vertex -15.9881 -17.3922 0.619674
      vertex -23.8246 -5.15 9.18226
      vertex -22.2353 -6.47534 -1.90735e-07
    endloop
  endfacet
  facet normal -0.863374 -0.498582 -0.077466
    outer loop
      vertex -24.0599 -5.15 11.805
      vertex -30 0 44.8625
      vertex -24.2926 -4.75969 11.8864
    endloop
  endfacet
  facet normal -0.863421 -0.498494 -0.0775093
    outer loop
      vertex -15.9881 -17.3922 0.619674
      vertex -22.2353 -6.47534 -1.90735e-07
      vertex -15.9603 -17.344 -1.90735e-07
    endloop
  endfacet
  facet normal -0.863421 -0.498499 -0.0774851
    outer loop
      vertex -16.49 -18.2615 11.805
      vertex -23.8246 -5.15 9.18226
      vertex -15.9881 -17.3922 0.619674
    endloop
  endfacet
  facet normal -0.863424 -0.498496 -0.0774624
    outer loop
      vertex -23.8246 -5.15 9.18226
      vertex -16.49 -18.2615 11.805
      vertex -24.0599 -5.15 11.805
    endloop
  endfacet
  facet normal -0.863422 -0.498495 -0.0774881
    outer loop
      vertex -24.0599 -5.15 11.805
      vertex -16.49 -18.2615 11.805
      vertex -30 0 44.8625
    endloop
  endfacet
  facet normal -0.863424 -0.498492 -0.0774865
    outer loop
      vertex -15 -25.9808 44.8625
      vertex -16.49 -18.2615 11.805
      vertex -14.9439 -21.0277 12.3727
    endloop
  endfacet
  facet normal -0.863391 -0.498514 -0.0777158
    outer loop
      vertex -13.57 -23.5039 12.993
      vertex -14.9439 -21.0277 12.3727
      vertex -13.9326 -22.8371 12.7441
    endloop
  endfacet
  facet normal -0.863432 -0.498479 -0.0774844
    outer loop
      vertex -14.9439 -21.0277 12.3727
      vertex -13.57 -23.5039 12.993
      vertex -15 -25.9808 44.8625
    endloop
  endfacet
  facet normal -0.863422 -0.498496 -0.0774875
    outer loop
      vertex -16.49 -18.2615 11.805
      vertex -15 -25.9808 44.8625
      vertex -30 0 44.8625
    endloop
  endfacet
  facet normal -0.863417 -0.498536 -0.0772914
    outer loop
      vertex -24.2926 -4.75969 11.8864
      vertex -27.1399 0 12.993
      vertex -26.7438 -0.647419 12.7441
    endloop
  endfacet
  facet normal -0.863423 -0.498494 -0.0774871
    outer loop
      vertex -27.1399 0 12.993
      vertex -24.2926 -4.75969 11.8864
      vertex -30 0 44.8625
    endloop
  endfacet
  facet normal -0.863417 -0.498504 -0.077491
    outer loop
      vertex -23.0005 -5.15 -1.90735e-07
      vertex -22.2353 -6.47534 -1.90735e-07
      vertex -23.8246 -5.15 9.18226
    endloop
  endfacet
  facet normal -0.859111 -0.496005 0.126121
    outer loop
      vertex -21.8151 -5.15 80.3611
      vertex -15.1577 -15.9539 83.2207
      vertex -21.3953 -5.15 83.2207
    endloop
  endfacet
  facet normal -0.859111 -0.496005 0.126123
    outer loop
      vertex -15.1577 -15.9539 83.2207
      vertex -21.8151 -5.15 80.3611
      vertex -17.1509 -19.4063 56.0663
    endloop
  endfacet
  facet normal -0.859107 -0.49601 0.126128
    outer loop
      vertex -21.5078 -4.92193 83.3512
      vertex -23.5 0 89.1375
      vertex -22.7835 -2.19002 85.4054
    endloop
  endfacet
  facet normal -0.859113 -0.495983 0.126196
    outer loop
      vertex -11.75 -20.3516 89.1375
      vertex -21.5078 -4.92193 83.3512
      vertex -21.3953 -5.15 83.2207
    endloop
  endfacet
  facet normal -0.85911 -0.496005 0.126134
    outer loop
      vertex -11.75 -20.3516 89.1375
      vertex -21.3953 -5.15 83.2207
      vertex -15.1577 -15.9539 83.2207
    endloop
  endfacet
  facet normal -0.858681 -0.496996 0.12515
    outer loop
      vertex -11.75 -20.3516 89.1375
      vertex -15.1577 -15.9539 83.2207
      vertex -15.0689 -16.0867 83.3026
    endloop
  endfacet
  facet normal -0.859209 -0.495782 0.126338
    outer loop
      vertex -11.75 -20.3516 89.1375
      vertex -15.0689 -16.0867 83.3026
      vertex -15.0164 -16.1653 83.3512
    endloop
  endfacet
  facet normal -0.859116 -0.495994 0.126132
    outer loop
      vertex -11.75 -20.3516 89.1375
      vertex -15.0164 -16.1653 83.3512
      vertex -12.6863 -19.4969 86.1211
    endloop
  endfacet
  facet normal -0.85911 -0.496007 0.126124
    outer loop
      vertex -21.5078 -4.92193 83.3512
      vertex -11.75 -20.3516 89.1375
      vertex -23.5 0 89.1375
    endloop
  endfacet
  facet normal -0.859108 -0.496009 0.126125
    outer loop
      vertex -11.75 -20.3516 89.1375
      vertex -12.6863 -19.4969 86.1211
      vertex -11.9031 -20.6167 87.0521
    endloop
  endfacet
  facet normal -0.858066 -0.497537 0.127195
    outer loop
      vertex -15 -25.9808 44.8625
      vertex -14.9941 -25.9706 44.9422
      vertex -15.0188 -25.9234 44.9602
    endloop
  endfacet
  facet normal -0.85911 -0.496009 0.126118
    outer loop
      vertex -30 0 44.8625
      vertex -26.7438 -5.10125 46.9809
      vertex -29.9883 0 44.9422
    endloop
  endfacet
  facet normal -0.858943 -0.496904 0.123706
    outer loop
      vertex -30 0 44.8625
      vertex -26.7141 -5.15 46.9913
      vertex -26.7438 -5.10125 46.9809
    endloop
  endfacet
  facet normal -0.859109 -0.496008 0.126125
    outer loop
      vertex -26.7141 -5.15 46.9913
      vertex -17.1509 -19.4063 56.0663
      vertex -21.8151 -5.15 80.3611
    endloop
  endfacet
  facet normal -0.85911 -0.496004 0.126133
    outer loop
      vertex -26.7141 -5.15 46.9913
      vertex -17.798 -20.527 47.2518
      vertex -17.1509 -19.4063 56.0663
    endloop
  endfacet
  facet normal -0.859109 -0.496005 0.126136
    outer loop
      vertex -17.8171 -20.5601 46.9913
      vertex -26.7141 -5.15 46.9913
      vertex -30 0 44.8625
    endloop
  endfacet
  facet normal -0.859122 -0.496013 0.126016
    outer loop
      vertex -26.7141 -5.15 46.9913
      vertex -17.8171 -20.5601 46.9913
      vertex -17.798 -20.527 47.2518
    endloop
  endfacet
  facet normal -0.859109 -0.496006 0.126129
    outer loop
      vertex -15 -25.9808 44.8625
      vertex -17.8171 -20.5601 46.9913
      vertex -30 0 44.8625
    endloop
  endfacet
  facet normal -0.859067 -0.496042 0.126277
    outer loop
      vertex -17.8171 -20.5601 46.9913
      vertex -15 -25.9808 44.8625
      vertex -17.7897 -20.6102 46.9809
    endloop
  endfacet
  facet normal -0.859122 -0.495996 0.126087
    outer loop
      vertex -17.7897 -20.6102 46.9809
      vertex -15 -25.9808 44.8625
      vertex -15.0188 -25.9234 44.9602
    endloop
  endfacet
  facet normal -0.859095 -0.496029 0.126141
    outer loop
      vertex -22.7835 -2.19002 85.4054
      vertex -23.5 0 89.1375
      vertex -23.8062 0 87.0521
    endloop
  endfacet
  facet normal -0.840671 -0.485362 0.2402
    outer loop
      vertex -11.75 -20.3516 89.1375
      vertex -9.75 -16.8875 103.137
      vertex -19.5 0 103.137
    endloop
  endfacet
  facet normal -0.840671 -0.485362 0.2402
    outer loop
      vertex -11.75 -20.3516 89.1375
      vertex -19.5 0 103.137
      vertex -23.5 0 89.1375
    endloop
  endfacet
  facet normal -0.661692 -0.382028 0.64515
    outer loop
      vertex -9.75 -16.8875 103.137
      vertex 0 0 123.137
      vertex -19.5 0 103.137
    endloop
  endfacet
  facet normal 0.997296 -0.0734876 0
    outer loop
      vertex -13.5686 0.666584 101.137
      vertex -13.5196 1.33156 -1.90735e-07
      vertex -13.5196 1.33156 101.137
    endloop
  endfacet
  facet normal 0.997296 -0.0734876 0
    outer loop
      vertex -13.5196 1.33156 -1.90735e-07
      vertex -13.5686 0.666584 101.137
      vertex -13.5686 0.666584 -1.90735e-07
    endloop
  endfacet
  facet normal -0.757231 0.653147 0
    outer loop
      vertex 10.0658 -9.12313 -1.90735e-07
      vertex 10.5013 -8.61823 101.137
      vertex 10.5013 -8.61823 -1.90735e-07
    endloop
  endfacet
  facet normal -0.757231 0.653147 0
    outer loop
      vertex 10.5013 -8.61823 101.137
      vertex 10.0658 -9.12313 -1.90735e-07
      vertex 10.0658 -9.12313 101.137
    endloop
  endfacet
  facet normal -0.359934 -0.932978 0
    outer loop
      vertex 4.57665 12.7909 -1.90735e-07
      vertex 5.19875 12.5509 101.137
      vertex 4.57665 12.7909 101.137
    endloop
  endfacet
  facet normal -0.359934 -0.932978 -0
    outer loop
      vertex 5.19875 12.5509 101.137
      vertex 4.57665 12.7909 -1.90735e-07
      vertex 5.19875 12.5509 -1.90735e-07
    endloop
  endfacet
  facet normal -0.313603 0.949554 0
    outer loop
      vertex 4.57665 -12.7909 -1.90735e-07
      vertex 3.94352 -13 101.137
      vertex 4.57665 -12.7909 101.137
    endloop
  endfacet
  facet normal -0.313603 0.949554 0
    outer loop
      vertex 3.94352 -13 101.137
      vertex 4.57665 -12.7909 -1.90735e-07
      vertex 3.94352 -13 -1.90735e-07
    endloop
  endfacet
  facet normal 0.689534 0.724253 -0
    outer loop
      vertex -9.12313 -10.0658 -1.90735e-07
      vertex -9.60604 -9.60604 101.137
      vertex -9.12313 -10.0658 101.137
    endloop
  endfacet
  facet normal 0.689534 0.724253 0
    outer loop
      vertex -9.60604 -9.60604 101.137
      vertex -9.12313 -10.0658 -1.90735e-07
      vertex -9.60604 -9.60604 -1.90735e-07
    endloop
  endfacet
  facet normal -0.84487 -0.534971 0
    outer loop
      vertex 11.6522 6.98409 -1.90735e-07
      vertex 11.2955 7.54742 101.137
      vertex 11.2955 7.54742 -1.90735e-07
    endloop
  endfacet
  facet normal -0.84487 -0.534971 0
    outer loop
      vertex 11.2955 7.54742 101.137
      vertex 11.6522 6.98409 -1.90735e-07
      vertex 11.6522 6.98409 101.137
    endloop
  endfacet
  facet normal -0.689534 0.724253 0
    outer loop
      vertex 9.60604 -9.60604 -1.90735e-07
      vertex 9.12313 -10.0658 101.137
      vertex 9.60604 -9.60604 101.137
    endloop
  endfacet
  facet normal -0.689534 0.724253 0
    outer loop
      vertex 9.12313 -10.0658 101.137
      vertex 9.60604 -9.60604 -1.90735e-07
      vertex 9.12313 -10.0658 -1.90735e-07
    endloop
  endfacet
  facet normal 0.893218 0.449624 0
    outer loop
      vertex -11.9809 -6.40392 101.137
      vertex -12.2807 -5.80834 -1.90735e-07
      vertex -12.2807 -5.80834 101.137
    endloop
  endfacet
  facet normal 0.893218 0.449624 0
    outer loop
      vertex -12.2807 -5.80834 -1.90735e-07
      vertex -11.9809 -6.40392 101.137
      vertex -11.9809 -6.40392 -1.90735e-07
    endloop
  endfacet
  facet normal 0.757231 -0.653147 0
    outer loop
      vertex -10.5013 8.61823 101.137
      vertex -10.0658 9.12313 -1.90735e-07
      vertex -10.0658 9.12313 101.137
    endloop
  endfacet
  facet normal 0.757231 -0.653147 0
    outer loop
      vertex -10.0658 9.12313 -1.90735e-07
      vertex -10.5013 8.61823 101.137
      vertex -10.5013 8.61823 -1.90735e-07
    endloop
  endfacet
  facet normal 0.0734876 0.997296 -0
    outer loop
      vertex -0.666584 -13.5686 -1.90735e-07
      vertex -1.33156 -13.5196 101.137
      vertex -0.666584 -13.5686 101.137
    endloop
  endfacet
  facet normal 0.0734876 0.997296 0
    outer loop
      vertex -1.33156 -13.5196 101.137
      vertex -0.666584 -13.5686 -1.90735e-07
      vertex -1.33156 -13.5196 -1.90735e-07
    endloop
  endfacet
  facet normal 0.985276 -0.170969 0
    outer loop
      vertex -13.438 1.99333 101.137
      vertex -13.324 2.6503 -1.90735e-07
      vertex -13.324 2.6503 101.137
    endloop
  endfacet
  facet normal 0.985276 -0.170969 0
    outer loop
      vertex -13.324 2.6503 -1.90735e-07
      vertex -13.438 1.99333 101.137
      vertex -13.438 1.99333 -1.90735e-07
    endloop
  endfacet
  facet normal -0.997296 -0.0734876 0
    outer loop
      vertex 13.5686 0.666584 -1.90735e-07
      vertex 13.5196 1.33156 101.137
      vertex 13.5196 1.33156 -1.90735e-07
    endloop
  endfacet
  facet normal -0.997296 -0.0734876 0
    outer loop
      vertex 13.5196 1.33156 101.137
      vertex 13.5686 0.666584 -1.90735e-07
      vertex 13.5686 0.666584 101.137
    endloop
  endfacet
  facet normal 0.949554 0.313603 0
    outer loop
      vertex -12.7909 -4.57665 101.137
      vertex -13 -3.94352 -1.90735e-07
      vertex -13 -3.94352 101.137
    endloop
  endfacet
  facet normal 0.949554 0.313603 0
    outer loop
      vertex -13 -3.94352 -1.90735e-07
      vertex -12.7909 -4.57665 101.137
      vertex -12.7909 -4.57665 -1.90735e-07
    endloop
  endfacet
  facet normal 0.992483 -0.122379 0
    outer loop
      vertex -13.5196 1.33156 101.137
      vertex -13.438 1.99333 -1.90735e-07
      vertex -13.438 1.99333 101.137
    endloop
  endfacet
  facet normal 0.992483 -0.122379 0
    outer loop
      vertex -13.438 1.99333 -1.90735e-07
      vertex -13.5196 1.33156 101.137
      vertex -13.5196 1.33156 -1.90735e-07
    endloop
  endfacet
  facet normal 0.788295 0.615298 0
    outer loop
      vertex -10.5013 -8.61823 101.137
      vertex -10.9116 -8.09257 -1.90735e-07
      vertex -10.9116 -8.09257 101.137
    endloop
  endfacet
  facet normal 0.788295 0.615298 0
    outer loop
      vertex -10.9116 -8.09257 -1.90735e-07
      vertex -10.5013 -8.61823 101.137
      vertex -10.5013 -8.61823 -1.90735e-07
    endloop
  endfacet
  facet normal -0.57577 0.817612 0
    outer loop
      vertex 8.09257 -10.9116 -1.90735e-07
      vertex 7.54742 -11.2955 101.137
      vertex 8.09257 -10.9116 101.137
    endloop
  endfacet
  facet normal -0.57577 0.817612 0
    outer loop
      vertex 7.54742 -11.2955 101.137
      vertex 8.09257 -10.9116 -1.90735e-07
      vertex 7.54742 -11.2955 -1.90735e-07
    endloop
  endfacet
  facet normal -0.817612 -0.57577 0
    outer loop
      vertex 11.2955 7.54742 -1.90735e-07
      vertex 10.9116 8.09257 101.137
      vertex 10.9116 8.09257 -1.90735e-07
    endloop
  endfacet
  facet normal -0.817612 -0.57577 0
    outer loop
      vertex 10.9116 8.09257 101.137
      vertex 11.2955 7.54742 -1.90735e-07
      vertex 11.2955 7.54742 101.137
    endloop
  endfacet
  facet normal -0.0734876 0.997296 0
    outer loop
      vertex 1.33156 -13.5196 -1.90735e-07
      vertex 0.666584 -13.5686 101.137
      vertex 1.33156 -13.5196 101.137
    endloop
  endfacet
  facet normal -0.0734876 0.997296 0
    outer loop
      vertex 0.666584 -13.5686 101.137
      vertex 1.33156 -13.5196 -1.90735e-07
      vertex 0.666584 -13.5686 -1.90735e-07
    endloop
  endfacet
  facet normal -0.266797 0.963753 0
    outer loop
      vertex 3.94352 -13 -1.90735e-07
      vertex 3.30089 -13.1779 101.137
      vertex 3.94352 -13 101.137
    endloop
  endfacet
  facet normal -0.266797 0.963753 0
    outer loop
      vertex 3.30089 -13.1779 101.137
      vertex 3.94352 -13 -1.90735e-07
      vertex 3.30089 -13.1779 -1.90735e-07
    endloop
  endfacet
  facet normal -0.492941 -0.870063 0
    outer loop
      vertex 6.40392 11.9809 -1.90735e-07
      vertex 6.98409 11.6522 101.137
      vertex 6.40392 11.9809 101.137
    endloop
  endfacet
  facet normal -0.492941 -0.870063 -0
    outer loop
      vertex 6.98409 11.6522 101.137
      vertex 6.40392 11.9809 -1.90735e-07
      vertex 6.98409 11.6522 -1.90735e-07
    endloop
  endfacet
  facet normal -0.653147 -0.757231 0
    outer loop
      vertex 8.61823 10.5013 -1.90735e-07
      vertex 9.12313 10.0658 101.137
      vertex 8.61823 10.5013 101.137
    endloop
  endfacet
  facet normal -0.653147 -0.757231 -0
    outer loop
      vertex 9.12313 10.0658 101.137
      vertex 8.61823 10.5013 -1.90735e-07
      vertex 9.12313 10.0658 -1.90735e-07
    endloop
  endfacet
  facet normal 0.492941 -0.870063 0
    outer loop
      vertex -6.98409 11.6522 -1.90735e-07
      vertex -6.40392 11.9809 101.137
      vertex -6.98409 11.6522 101.137
    endloop
  endfacet
  facet normal 0.492941 -0.870063 0
    outer loop
      vertex -6.40392 11.9809 101.137
      vertex -6.98409 11.6522 -1.90735e-07
      vertex -6.40392 11.9809 -1.90735e-07
    endloop
  endfacet
  facet normal 0.914217 0.405225 0
    outer loop
      vertex -12.2807 -5.80834 101.137
      vertex -12.5509 -5.19875 -1.90735e-07
      vertex -12.5509 -5.19875 101.137
    endloop
  endfacet
  facet normal 0.914217 0.405225 0
    outer loop
      vertex -12.5509 -5.19875 -1.90735e-07
      vertex -12.2807 -5.80834 101.137
      vertex -12.2807 -5.80834 -1.90735e-07
    endloop
  endfacet
  facet normal 0.122379 -0.992483 0
    outer loop
      vertex -1.99333 13.438 -1.90735e-07
      vertex -1.33156 13.5196 101.137
      vertex -1.99333 13.438 101.137
    endloop
  endfacet
  facet normal 0.122379 -0.992483 0
    outer loop
      vertex -1.33156 13.5196 101.137
      vertex -1.99333 13.438 -1.90735e-07
      vertex -1.33156 13.5196 -1.90735e-07
    endloop
  endfacet
  facet normal 0.999697 0.0245956 0
    outer loop
      vertex -13.5686 -0.666584 101.137
      vertex -13.585 0 -1.90735e-07
      vertex -13.585 0 101.137
    endloop
  endfacet
  facet normal 0.999697 0.0245956 0
    outer loop
      vertex -13.585 0 -1.90735e-07
      vertex -13.5686 -0.666584 101.137
      vertex -13.5686 -0.666584 -1.90735e-07
    endloop
  endfacet
  facet normal 0.653147 -0.757231 0
    outer loop
      vertex -9.12313 10.0658 -1.90735e-07
      vertex -8.61823 10.5013 101.137
      vertex -9.12313 10.0658 101.137
    endloop
  endfacet
  facet normal 0.653147 -0.757231 0
    outer loop
      vertex -8.61823 10.5013 101.137
      vertex -9.12313 10.0658 -1.90735e-07
      vertex -8.61823 10.5013 -1.90735e-07
    endloop
  endfacet
  facet normal 0.893218 -0.449624 0
    outer loop
      vertex -12.2807 5.80834 101.137
      vertex -11.9809 6.40392 -1.90735e-07
      vertex -11.9809 6.40392 101.137
    endloop
  endfacet
  facet normal 0.893218 -0.449624 0
    outer loop
      vertex -11.9809 6.40392 -1.90735e-07
      vertex -12.2807 5.80834 101.137
      vertex -12.2807 5.80834 -1.90735e-07
    endloop
  endfacet
  facet normal -0.999697 -0.0245956 0
    outer loop
      vertex 13.585 0 -1.90735e-07
      vertex 13.5686 0.666584 101.137
      vertex 13.5686 0.666584 -1.90735e-07
    endloop
  endfacet
  facet normal -0.999697 -0.0245956 0
    outer loop
      vertex 13.5686 0.666584 101.137
      vertex 13.585 0 -1.90735e-07
      vertex 13.585 0 101.137
    endloop
  endfacet
  facet normal -0.985276 0.170969 0
    outer loop
      vertex 13.324 -2.6503 -1.90735e-07
      vertex 13.438 -1.99333 101.137
      vertex 13.438 -1.99333 -1.90735e-07
    endloop
  endfacet
  facet normal -0.985276 0.170969 0
    outer loop
      vertex 13.438 -1.99333 101.137
      vertex 13.324 -2.6503 -1.90735e-07
      vertex 13.324 -2.6503 101.137
    endloop
  endfacet
  facet normal 0.689534 -0.724253 0
    outer loop
      vertex -9.60604 9.60604 -1.90735e-07
      vertex -9.12313 10.0658 101.137
      vertex -9.60604 9.60604 101.137
    endloop
  endfacet
  facet normal 0.689534 -0.724253 0
    outer loop
      vertex -9.12313 10.0658 101.137
      vertex -9.60604 9.60604 -1.90735e-07
      vertex -9.12313 10.0658 -1.90735e-07
    endloop
  endfacet
  facet normal 0.534971 -0.84487 0
    outer loop
      vertex -7.54742 11.2955 -1.90735e-07
      vertex -6.98409 11.6522 101.137
      vertex -7.54742 11.2955 101.137
    endloop
  endfacet
  facet normal 0.534971 -0.84487 0
    outer loop
      vertex -6.98409 11.6522 101.137
      vertex -7.54742 11.2955 -1.90735e-07
      vertex -6.98409 11.6522 -1.90735e-07
    endloop
  endfacet
  facet normal 0.534971 0.84487 -0
    outer loop
      vertex -6.98409 -11.6522 -1.90735e-07
      vertex -7.54742 -11.2955 101.137
      vertex -6.98409 -11.6522 101.137
    endloop
  endfacet
  facet normal 0.534971 0.84487 0
    outer loop
      vertex -7.54742 -11.2955 101.137
      vertex -6.98409 -11.6522 -1.90735e-07
      vertex -7.54742 -11.2955 -1.90735e-07
    endloop
  endfacet
  facet normal -0.534971 -0.84487 0
    outer loop
      vertex 6.98409 11.6522 -1.90735e-07
      vertex 7.54742 11.2955 101.137
      vertex 6.98409 11.6522 101.137
    endloop
  endfacet
  facet normal -0.534971 -0.84487 -0
    outer loop
      vertex 7.54742 11.2955 101.137
      vertex 6.98409 11.6522 -1.90735e-07
      vertex 7.54742 11.2955 -1.90735e-07
    endloop
  endfacet
  facet normal -0.84487 0.534971 0
    outer loop
      vertex 11.2955 -7.54742 -1.90735e-07
      vertex 11.6522 -6.98409 101.137
      vertex 11.6522 -6.98409 -1.90735e-07
    endloop
  endfacet
  facet normal -0.84487 0.534971 0
    outer loop
      vertex 11.6522 -6.98409 101.137
      vertex 11.2955 -7.54742 -1.90735e-07
      vertex 11.2955 -7.54742 101.137
    endloop
  endfacet
  facet normal -0.893218 -0.449624 0
    outer loop
      vertex 12.2807 5.80834 -1.90735e-07
      vertex 11.9809 6.40392 101.137
      vertex 11.9809 6.40392 -1.90735e-07
    endloop
  endfacet
  facet normal -0.893218 -0.449624 0
    outer loop
      vertex 11.9809 6.40392 101.137
      vertex 12.2807 5.80834 -1.90735e-07
      vertex 12.2807 5.80834 101.137
    endloop
  endfacet
  facet normal -0.997296 0.0734876 0
    outer loop
      vertex 13.5196 -1.33156 -1.90735e-07
      vertex 13.5686 -0.666584 101.137
      vertex 13.5686 -0.666584 -1.90735e-07
    endloop
  endfacet
  facet normal -0.997296 0.0734876 0
    outer loop
      vertex 13.5686 -0.666584 101.137
      vertex 13.5196 -1.33156 -1.90735e-07
      vertex 13.5196 -1.33156 101.137
    endloop
  endfacet
  facet normal 0.963753 0.266797 0
    outer loop
      vertex -13 -3.94352 101.137
      vertex -13.1779 -3.30089 -1.90735e-07
      vertex -13.1779 -3.30089 101.137
    endloop
  endfacet
  facet normal 0.963753 0.266797 0
    outer loop
      vertex -13.1779 -3.30089 -1.90735e-07
      vertex -13 -3.94352 101.137
      vertex -13 -3.94352 -1.90735e-07
    endloop
  endfacet
  facet normal -0.992483 -0.122379 0
    outer loop
      vertex 13.5196 1.33156 -1.90735e-07
      vertex 13.438 1.99333 101.137
      vertex 13.438 1.99333 -1.90735e-07
    endloop
  endfacet
  facet normal -0.992483 -0.122379 0
    outer loop
      vertex 13.438 1.99333 101.137
      vertex 13.5196 1.33156 -1.90735e-07
      vertex 13.5196 1.33156 101.137
    endloop
  endfacet
  facet normal 0.999697 -0.0245956 0
    outer loop
      vertex -13.585 0 101.137
      vertex -13.5686 0.666584 -1.90735e-07
      vertex -13.5686 0.666584 101.137
    endloop
  endfacet
  facet normal 0.999697 -0.0245956 0
    outer loop
      vertex -13.5686 0.666584 -1.90735e-07
      vertex -13.585 0 101.137
      vertex -13.585 0 -1.90735e-07
    endloop
  endfacet
  facet normal -0.219109 0.9757 0
    outer loop
      vertex 3.30089 -13.1779 -1.90735e-07
      vertex 2.6503 -13.324 101.137
      vertex 3.30089 -13.1779 101.137
    endloop
  endfacet
  facet normal -0.219109 0.9757 0
    outer loop
      vertex 2.6503 -13.324 101.137
      vertex 3.30089 -13.1779 -1.90735e-07
      vertex 2.6503 -13.324 -1.90735e-07
    endloop
  endfacet
  facet normal -0.449624 -0.893218 0
    outer loop
      vertex 5.80834 12.2807 -1.90735e-07
      vertex 6.40392 11.9809 101.137
      vertex 5.80834 12.2807 101.137
    endloop
  endfacet
  facet normal -0.449624 -0.893218 -0
    outer loop
      vertex 6.40392 11.9809 101.137
      vertex 5.80834 12.2807 -1.90735e-07
      vertex 6.40392 11.9809 -1.90735e-07
    endloop
  endfacet
  facet normal 0.449624 0.893218 -0
    outer loop
      vertex -5.80834 -12.2807 -1.90735e-07
      vertex -6.40392 -11.9809 101.137
      vertex -5.80834 -12.2807 101.137
    endloop
  endfacet
  facet normal 0.449624 0.893218 0
    outer loop
      vertex -6.40392 -11.9809 101.137
      vertex -5.80834 -12.2807 -1.90735e-07
      vertex -6.40392 -11.9809 -1.90735e-07
    endloop
  endfacet
  facet normal 0.84487 -0.534971 0
    outer loop
      vertex -11.6522 6.98409 101.137
      vertex -11.2955 7.54742 -1.90735e-07
      vertex -11.2955 7.54742 101.137
    endloop
  endfacet
  facet normal 0.84487 -0.534971 0
    outer loop
      vertex -11.2955 7.54742 -1.90735e-07
      vertex -11.6522 6.98409 101.137
      vertex -11.6522 6.98409 -1.90735e-07
    endloop
  endfacet
  facet normal 0.219109 -0.9757 0
    outer loop
      vertex -3.30089 13.1779 -1.90735e-07
      vertex -2.6503 13.324 101.137
      vertex -3.30089 13.1779 101.137
    endloop
  endfacet
  facet normal 0.219109 -0.9757 0
    outer loop
      vertex -2.6503 13.324 101.137
      vertex -3.30089 13.1779 -1.90735e-07
      vertex -2.6503 13.324 -1.90735e-07
    endloop
  endfacet
  facet normal 0.219109 0.9757 -0
    outer loop
      vertex -2.6503 -13.324 -1.90735e-07
      vertex -3.30089 -13.1779 101.137
      vertex -2.6503 -13.324 101.137
    endloop
  endfacet
  facet normal 0.219109 0.9757 0
    outer loop
      vertex -3.30089 -13.1779 101.137
      vertex -2.6503 -13.324 -1.90735e-07
      vertex -3.30089 -13.1779 -1.90735e-07
    endloop
  endfacet
  facet normal 0.492941 0.870063 -0
    outer loop
      vertex -6.40392 -11.9809 -1.90735e-07
      vertex -6.98409 -11.6522 101.137
      vertex -6.40392 -11.9809 101.137
    endloop
  endfacet
  facet normal 0.492941 0.870063 0
    outer loop
      vertex -6.98409 -11.6522 101.137
      vertex -6.40392 -11.9809 -1.90735e-07
      vertex -6.98409 -11.6522 -1.90735e-07
    endloop
  endfacet
  facet normal -0.122379 -0.992483 0
    outer loop
      vertex 1.33156 13.5196 -1.90735e-07
      vertex 1.99333 13.438 101.137
      vertex 1.33156 13.5196 101.137
    endloop
  endfacet
  facet normal -0.122379 -0.992483 -0
    outer loop
      vertex 1.99333 13.438 101.137
      vertex 1.33156 13.5196 -1.90735e-07
      vertex 1.99333 13.438 -1.90735e-07
    endloop
  endfacet
  facet normal -0.534971 0.84487 0
    outer loop
      vertex 7.54742 -11.2955 -1.90735e-07
      vertex 6.98409 -11.6522 101.137
      vertex 7.54742 -11.2955 101.137
    endloop
  endfacet
  facet normal -0.534971 0.84487 0
    outer loop
      vertex 6.98409 -11.6522 101.137
      vertex 7.54742 -11.2955 -1.90735e-07
      vertex 6.98409 -11.6522 -1.90735e-07
    endloop
  endfacet
  facet normal -0.0245956 -0.999697 0
    outer loop
      vertex 0 13.585 -1.90735e-07
      vertex 0.666584 13.5686 101.137
      vertex 0 13.585 101.137
    endloop
  endfacet
  facet normal -0.0245956 -0.999697 -0
    outer loop
      vertex 0.666584 13.5686 101.137
      vertex 0 13.585 -1.90735e-07
      vertex 0.666584 13.5686 -1.90735e-07
    endloop
  endfacet
  facet normal -0.949554 -0.313603 0
    outer loop
      vertex 13 3.94352 -1.90735e-07
      vertex 12.7909 4.57665 101.137
      vertex 12.7909 4.57665 -1.90735e-07
    endloop
  endfacet
  facet normal -0.949554 -0.313603 0
    outer loop
      vertex 12.7909 4.57665 101.137
      vertex 13 3.94352 -1.90735e-07
      vertex 13 3.94352 101.137
    endloop
  endfacet
  facet normal 0.724253 -0.689534 0
    outer loop
      vertex -10.0658 9.12313 101.137
      vertex -9.60604 9.60604 -1.90735e-07
      vertex -9.60604 9.60604 101.137
    endloop
  endfacet
  facet normal 0.724253 -0.689534 0
    outer loop
      vertex -9.60604 9.60604 -1.90735e-07
      vertex -10.0658 9.12313 101.137
      vertex -10.0658 9.12313 -1.90735e-07
    endloop
  endfacet
  facet normal -0.615298 -0.788295 0
    outer loop
      vertex 8.09257 10.9116 -1.90735e-07
      vertex 8.61823 10.5013 101.137
      vertex 8.09257 10.9116 101.137
    endloop
  endfacet
  facet normal -0.615298 -0.788295 -0
    outer loop
      vertex 8.61823 10.5013 101.137
      vertex 8.09257 10.9116 -1.90735e-07
      vertex 8.61823 10.5013 -1.90735e-07
    endloop
  endfacet
  facet normal -0.985276 -0.170969 0
    outer loop
      vertex 13.438 1.99333 -1.90735e-07
      vertex 13.324 2.6503 101.137
      vertex 13.324 2.6503 -1.90735e-07
    endloop
  endfacet
  facet normal -0.985276 -0.170969 0
    outer loop
      vertex 13.324 2.6503 101.137
      vertex 13.438 1.99333 -1.90735e-07
      vertex 13.438 1.99333 101.137
    endloop
  endfacet
  facet normal 0.170969 0.985276 -0
    outer loop
      vertex -1.99333 -13.438 -1.90735e-07
      vertex -2.6503 -13.324 101.137
      vertex -1.99333 -13.438 101.137
    endloop
  endfacet
  facet normal 0.170969 0.985276 0
    outer loop
      vertex -2.6503 -13.324 101.137
      vertex -1.99333 -13.438 -1.90735e-07
      vertex -2.6503 -13.324 -1.90735e-07
    endloop
  endfacet
  facet normal 0.615298 -0.788295 0
    outer loop
      vertex -8.61823 10.5013 -1.90735e-07
      vertex -8.09257 10.9116 101.137
      vertex -8.61823 10.5013 101.137
    endloop
  endfacet
  facet normal 0.615298 -0.788295 0
    outer loop
      vertex -8.09257 10.9116 101.137
      vertex -8.61823 10.5013 -1.90735e-07
      vertex -8.09257 10.9116 -1.90735e-07
    endloop
  endfacet
  facet normal -0.870063 0.492941 0
    outer loop
      vertex 11.6522 -6.98409 -1.90735e-07
      vertex 11.9809 -6.40392 101.137
      vertex 11.9809 -6.40392 -1.90735e-07
    endloop
  endfacet
  facet normal -0.870063 0.492941 0
    outer loop
      vertex 11.9809 -6.40392 101.137
      vertex 11.6522 -6.98409 -1.90735e-07
      vertex 11.6522 -6.98409 101.137
    endloop
  endfacet
  facet normal 0.949554 -0.313603 0
    outer loop
      vertex -13 3.94352 101.137
      vertex -12.7909 4.57665 -1.90735e-07
      vertex -12.7909 4.57665 101.137
    endloop
  endfacet
  facet normal 0.949554 -0.313603 0
    outer loop
      vertex -12.7909 4.57665 -1.90735e-07
      vertex -13 3.94352 101.137
      vertex -13 3.94352 -1.90735e-07
    endloop
  endfacet
  facet normal 0.266797 -0.963753 0
    outer loop
      vertex -3.94352 13 -1.90735e-07
      vertex -3.30089 13.1779 101.137
      vertex -3.94352 13 101.137
    endloop
  endfacet
  facet normal 0.266797 -0.963753 0
    outer loop
      vertex -3.30089 13.1779 101.137
      vertex -3.94352 13 -1.90735e-07
      vertex -3.30089 13.1779 -1.90735e-07
    endloop
  endfacet
  facet normal 0.313603 0.949554 -0
    outer loop
      vertex -3.94352 -13 -1.90735e-07
      vertex -4.57665 -12.7909 101.137
      vertex -3.94352 -13 101.137
    endloop
  endfacet
  facet normal 0.313603 0.949554 0
    outer loop
      vertex -4.57665 -12.7909 101.137
      vertex -3.94352 -13 -1.90735e-07
      vertex -4.57665 -12.7909 -1.90735e-07
    endloop
  endfacet
  facet normal -0.689534 -0.724253 0
    outer loop
      vertex 9.12313 10.0658 -1.90735e-07
      vertex 9.60604 9.60604 101.137
      vertex 9.12313 10.0658 101.137
    endloop
  endfacet
  facet normal -0.689534 -0.724253 -0
    outer loop
      vertex 9.60604 9.60604 101.137
      vertex 9.12313 10.0658 -1.90735e-07
      vertex 9.60604 9.60604 -1.90735e-07
    endloop
  endfacet
  facet normal 0.788295 -0.615298 0
    outer loop
      vertex -10.9116 8.09257 101.137
      vertex -10.5013 8.61823 -1.90735e-07
      vertex -10.5013 8.61823 101.137
    endloop
  endfacet
  facet normal 0.788295 -0.615298 0
    outer loop
      vertex -10.5013 8.61823 -1.90735e-07
      vertex -10.9116 8.09257 101.137
      vertex -10.9116 8.09257 -1.90735e-07
    endloop
  endfacet
  facet normal -0.405225 -0.914217 0
    outer loop
      vertex 5.19875 12.5509 -1.90735e-07
      vertex 5.80834 12.2807 101.137
      vertex 5.19875 12.5509 101.137
    endloop
  endfacet
  facet normal -0.405225 -0.914217 -0
    outer loop
      vertex 5.80834 12.2807 101.137
      vertex 5.19875 12.5509 -1.90735e-07
      vertex 5.80834 12.2807 -1.90735e-07
    endloop
  endfacet
  facet normal 0.932978 -0.359934 0
    outer loop
      vertex -12.7909 4.57665 101.137
      vertex -12.5509 5.19875 -1.90735e-07
      vertex -12.5509 5.19875 101.137
    endloop
  endfacet
  facet normal 0.932978 -0.359934 0
    outer loop
      vertex -12.5509 5.19875 -1.90735e-07
      vertex -12.7909 4.57665 101.137
      vertex -12.7909 4.57665 -1.90735e-07
    endloop
  endfacet
  facet normal -0.0734876 -0.997296 0
    outer loop
      vertex 0.666584 13.5686 -1.90735e-07
      vertex 1.33156 13.5196 101.137
      vertex 0.666584 13.5686 101.137
    endloop
  endfacet
  facet normal -0.0734876 -0.997296 -0
    outer loop
      vertex 1.33156 13.5196 101.137
      vertex 0.666584 13.5686 -1.90735e-07
      vertex 1.33156 13.5196 -1.90735e-07
    endloop
  endfacet
  facet normal -0.999697 0.0245956 0
    outer loop
      vertex 13.5686 -0.666584 -1.90735e-07
      vertex 13.585 0 101.137
      vertex 13.585 0 -1.90735e-07
    endloop
  endfacet
  facet normal -0.999697 0.0245956 0
    outer loop
      vertex 13.585 0 101.137
      vertex 13.5686 -0.666584 -1.90735e-07
      vertex 13.5686 -0.666584 101.137
    endloop
  endfacet
  facet normal -0.57577 -0.817612 0
    outer loop
      vertex 7.54742 11.2955 -1.90735e-07
      vertex 8.09257 10.9116 101.137
      vertex 7.54742 11.2955 101.137
    endloop
  endfacet
  facet normal -0.57577 -0.817612 -0
    outer loop
      vertex 8.09257 10.9116 101.137
      vertex 7.54742 11.2955 -1.90735e-07
      vertex 8.09257 10.9116 -1.90735e-07
    endloop
  endfacet
  facet normal -0.757231 -0.653147 0
    outer loop
      vertex 10.5013 8.61823 -1.90735e-07
      vertex 10.0658 9.12313 101.137
      vertex 10.0658 9.12313 -1.90735e-07
    endloop
  endfacet
  facet normal -0.757231 -0.653147 0
    outer loop
      vertex 10.0658 9.12313 101.137
      vertex 10.5013 8.61823 -1.90735e-07
      vertex 10.5013 8.61823 101.137
    endloop
  endfacet
  facet normal -0.963753 0.266797 0
    outer loop
      vertex 13 -3.94352 -1.90735e-07
      vertex 13.1779 -3.30089 101.137
      vertex 13.1779 -3.30089 -1.90735e-07
    endloop
  endfacet
  facet normal -0.963753 0.266797 0
    outer loop
      vertex 13.1779 -3.30089 101.137
      vertex 13 -3.94352 -1.90735e-07
      vertex 13 -3.94352 101.137
    endloop
  endfacet
  facet normal 0.57577 -0.817612 0
    outer loop
      vertex -8.09257 10.9116 -1.90735e-07
      vertex -7.54742 11.2955 101.137
      vertex -8.09257 10.9116 101.137
    endloop
  endfacet
  facet normal 0.57577 -0.817612 0
    outer loop
      vertex -7.54742 11.2955 101.137
      vertex -8.09257 10.9116 -1.90735e-07
      vertex -7.54742 11.2955 -1.90735e-07
    endloop
  endfacet
  facet normal -0.405225 0.914217 0
    outer loop
      vertex 5.80834 -12.2807 -1.90735e-07
      vertex 5.19875 -12.5509 101.137
      vertex 5.80834 -12.2807 101.137
    endloop
  endfacet
  facet normal -0.405225 0.914217 0
    outer loop
      vertex 5.19875 -12.5509 101.137
      vertex 5.80834 -12.2807 -1.90735e-07
      vertex 5.19875 -12.5509 -1.90735e-07
    endloop
  endfacet
  facet normal -0.963753 -0.266797 0
    outer loop
      vertex 13.1779 3.30089 -1.90735e-07
      vertex 13 3.94352 101.137
      vertex 13 3.94352 -1.90735e-07
    endloop
  endfacet
  facet normal -0.963753 -0.266797 0
    outer loop
      vertex 13 3.94352 101.137
      vertex 13.1779 3.30089 -1.90735e-07
      vertex 13.1779 3.30089 101.137
    endloop
  endfacet
  facet normal 0.57577 0.817612 -0
    outer loop
      vertex -7.54742 -11.2955 -1.90735e-07
      vertex -8.09257 -10.9116 101.137
      vertex -7.54742 -11.2955 101.137
    endloop
  endfacet
  facet normal 0.57577 0.817612 0
    outer loop
      vertex -8.09257 -10.9116 101.137
      vertex -7.54742 -11.2955 -1.90735e-07
      vertex -8.09257 -10.9116 -1.90735e-07
    endloop
  endfacet
  facet normal -0.9757 -0.219109 0
    outer loop
      vertex 13.324 2.6503 -1.90735e-07
      vertex 13.1779 3.30089 101.137
      vertex 13.1779 3.30089 -1.90735e-07
    endloop
  endfacet
  facet normal -0.9757 -0.219109 0
    outer loop
      vertex 13.1779 3.30089 101.137
      vertex 13.324 2.6503 -1.90735e-07
      vertex 13.324 2.6503 101.137
    endloop
  endfacet
  facet normal 0.170969 -0.985276 0
    outer loop
      vertex -2.6503 13.324 -1.90735e-07
      vertex -1.99333 13.438 101.137
      vertex -2.6503 13.324 101.137
    endloop
  endfacet
  facet normal 0.170969 -0.985276 0
    outer loop
      vertex -1.99333 13.438 101.137
      vertex -2.6503 13.324 -1.90735e-07
      vertex -1.99333 13.438 -1.90735e-07
    endloop
  endfacet
  facet normal -0.724253 -0.689534 0
    outer loop
      vertex 10.0658 9.12313 -1.90735e-07
      vertex 9.60604 9.60604 101.137
      vertex 9.60604 9.60604 -1.90735e-07
    endloop
  endfacet
  facet normal -0.724253 -0.689534 0
    outer loop
      vertex 9.60604 9.60604 101.137
      vertex 10.0658 9.12313 -1.90735e-07
      vertex 10.0658 9.12313 101.137
    endloop
  endfacet
  facet normal -0.870063 -0.492941 0
    outer loop
      vertex 11.9809 6.40392 -1.90735e-07
      vertex 11.6522 6.98409 101.137
      vertex 11.6522 6.98409 -1.90735e-07
    endloop
  endfacet
  facet normal -0.870063 -0.492941 0
    outer loop
      vertex 11.6522 6.98409 101.137
      vertex 11.9809 6.40392 -1.90735e-07
      vertex 11.9809 6.40392 101.137
    endloop
  endfacet
  facet normal -0.992483 0.122379 0
    outer loop
      vertex 13.438 -1.99333 -1.90735e-07
      vertex 13.5196 -1.33156 101.137
      vertex 13.5196 -1.33156 -1.90735e-07
    endloop
  endfacet
  facet normal -0.992483 0.122379 0
    outer loop
      vertex 13.5196 -1.33156 101.137
      vertex 13.438 -1.99333 -1.90735e-07
      vertex 13.438 -1.99333 101.137
    endloop
  endfacet
  facet normal 0.405225 -0.914217 0
    outer loop
      vertex -5.80834 12.2807 -1.90735e-07
      vertex -5.19875 12.5509 101.137
      vertex -5.80834 12.2807 101.137
    endloop
  endfacet
  facet normal 0.405225 -0.914217 0
    outer loop
      vertex -5.19875 12.5509 101.137
      vertex -5.80834 12.2807 -1.90735e-07
      vertex -5.19875 12.5509 -1.90735e-07
    endloop
  endfacet
  facet normal 0.0734876 -0.997296 0
    outer loop
      vertex -1.33156 13.5196 -1.90735e-07
      vertex -0.666584 13.5686 101.137
      vertex -1.33156 13.5196 101.137
    endloop
  endfacet
  facet normal 0.0734876 -0.997296 0
    outer loop
      vertex -0.666584 13.5686 101.137
      vertex -1.33156 13.5196 -1.90735e-07
      vertex -0.666584 13.5686 -1.90735e-07
    endloop
  endfacet
  facet normal 0.615298 0.788295 -0
    outer loop
      vertex -8.09257 -10.9116 -1.90735e-07
      vertex -8.61823 -10.5013 101.137
      vertex -8.09257 -10.9116 101.137
    endloop
  endfacet
  facet normal 0.615298 0.788295 0
    outer loop
      vertex -8.61823 -10.5013 101.137
      vertex -8.09257 -10.9116 -1.90735e-07
      vertex -8.61823 -10.5013 -1.90735e-07
    endloop
  endfacet
  facet normal 0.266797 0.963753 -0
    outer loop
      vertex -3.30089 -13.1779 -1.90735e-07
      vertex -3.94352 -13 101.137
      vertex -3.30089 -13.1779 101.137
    endloop
  endfacet
  facet normal 0.266797 0.963753 0
    outer loop
      vertex -3.94352 -13 101.137
      vertex -3.30089 -13.1779 -1.90735e-07
      vertex -3.94352 -13 -1.90735e-07
    endloop
  endfacet
  facet normal -0.724253 0.689534 0
    outer loop
      vertex 9.60604 -9.60604 -1.90735e-07
      vertex 10.0658 -9.12313 101.137
      vertex 10.0658 -9.12313 -1.90735e-07
    endloop
  endfacet
  facet normal -0.724253 0.689534 0
    outer loop
      vertex 10.0658 -9.12313 101.137
      vertex 9.60604 -9.60604 -1.90735e-07
      vertex 9.60604 -9.60604 101.137
    endloop
  endfacet
  facet normal 0.992483 0.122379 0
    outer loop
      vertex -13.438 -1.99333 101.137
      vertex -13.5196 -1.33156 -1.90735e-07
      vertex -13.5196 -1.33156 101.137
    endloop
  endfacet
  facet normal 0.992483 0.122379 0
    outer loop
      vertex -13.5196 -1.33156 -1.90735e-07
      vertex -13.438 -1.99333 101.137
      vertex -13.438 -1.99333 -1.90735e-07
    endloop
  endfacet
  facet normal -0.170969 -0.985276 0
    outer loop
      vertex 1.99333 13.438 -1.90735e-07
      vertex 2.6503 13.324 101.137
      vertex 1.99333 13.438 101.137
    endloop
  endfacet
  facet normal -0.170969 -0.985276 -0
    outer loop
      vertex 2.6503 13.324 101.137
      vertex 1.99333 13.438 -1.90735e-07
      vertex 2.6503 13.324 -1.90735e-07
    endloop
  endfacet
  facet normal -0.0245956 0.999697 0
    outer loop
      vertex 0.666584 -13.5686 -1.90735e-07
      vertex 0 -13.585 101.137
      vertex 0.666584 -13.5686 101.137
    endloop
  endfacet
  facet normal -0.0245956 0.999697 0
    outer loop
      vertex 0 -13.585 101.137
      vertex 0.666584 -13.5686 -1.90735e-07
      vertex 0 -13.585 -1.90735e-07
    endloop
  endfacet
  facet normal -0.170969 0.985276 0
    outer loop
      vertex 2.6503 -13.324 -1.90735e-07
      vertex 1.99333 -13.438 101.137
      vertex 2.6503 -13.324 101.137
    endloop
  endfacet
  facet normal -0.170969 0.985276 0
    outer loop
      vertex 1.99333 -13.438 101.137
      vertex 2.6503 -13.324 -1.90735e-07
      vertex 1.99333 -13.438 -1.90735e-07
    endloop
  endfacet
  facet normal -0.788295 -0.615298 0
    outer loop
      vertex 10.9116 8.09257 -1.90735e-07
      vertex 10.5013 8.61823 101.137
      vertex 10.5013 8.61823 -1.90735e-07
    endloop
  endfacet
  facet normal -0.788295 -0.615298 0
    outer loop
      vertex 10.5013 8.61823 101.137
      vertex 10.9116 8.09257 -1.90735e-07
      vertex 10.9116 8.09257 101.137
    endloop
  endfacet
  facet normal -0.914217 -0.405225 0
    outer loop
      vertex 12.5509 5.19875 -1.90735e-07
      vertex 12.2807 5.80834 101.137
      vertex 12.2807 5.80834 -1.90735e-07
    endloop
  endfacet
  facet normal -0.914217 -0.405225 0
    outer loop
      vertex 12.2807 5.80834 101.137
      vertex 12.5509 5.19875 -1.90735e-07
      vertex 12.5509 5.19875 101.137
    endloop
  endfacet
  facet normal -0.9757 0.219109 0
    outer loop
      vertex 13.1779 -3.30089 -1.90735e-07
      vertex 13.324 -2.6503 101.137
      vertex 13.324 -2.6503 -1.90735e-07
    endloop
  endfacet
  facet normal -0.9757 0.219109 0
    outer loop
      vertex 13.324 -2.6503 101.137
      vertex 13.1779 -3.30089 -1.90735e-07
      vertex 13.1779 -3.30089 101.137
    endloop
  endfacet
  facet normal 0.359934 -0.932978 0
    outer loop
      vertex -5.19875 12.5509 -1.90735e-07
      vertex -4.57665 12.7909 101.137
      vertex -5.19875 12.5509 101.137
    endloop
  endfacet
  facet normal 0.359934 -0.932978 0
    outer loop
      vertex -4.57665 12.7909 101.137
      vertex -5.19875 12.5509 -1.90735e-07
      vertex -4.57665 12.7909 -1.90735e-07
    endloop
  endfacet
  facet normal 0.963753 -0.266797 0
    outer loop
      vertex -13.1779 3.30089 101.137
      vertex -13 3.94352 -1.90735e-07
      vertex -13 3.94352 101.137
    endloop
  endfacet
  facet normal 0.963753 -0.266797 0
    outer loop
      vertex -13 3.94352 -1.90735e-07
      vertex -13.1779 3.30089 101.137
      vertex -13.1779 3.30089 -1.90735e-07
    endloop
  endfacet
  facet normal 0.449624 -0.893218 0
    outer loop
      vertex -6.40392 11.9809 -1.90735e-07
      vertex -5.80834 12.2807 101.137
      vertex -6.40392 11.9809 101.137
    endloop
  endfacet
  facet normal 0.449624 -0.893218 0
    outer loop
      vertex -5.80834 12.2807 101.137
      vertex -6.40392 11.9809 -1.90735e-07
      vertex -5.80834 12.2807 -1.90735e-07
    endloop
  endfacet
  facet normal -0.449624 0.893218 0
    outer loop
      vertex 6.40392 -11.9809 -1.90735e-07
      vertex 5.80834 -12.2807 101.137
      vertex 6.40392 -11.9809 101.137
    endloop
  endfacet
  facet normal -0.449624 0.893218 0
    outer loop
      vertex 5.80834 -12.2807 101.137
      vertex 6.40392 -11.9809 -1.90735e-07
      vertex 5.80834 -12.2807 -1.90735e-07
    endloop
  endfacet
  facet normal 0.870063 -0.492941 0
    outer loop
      vertex -11.9809 6.40392 101.137
      vertex -11.6522 6.98409 -1.90735e-07
      vertex -11.6522 6.98409 101.137
    endloop
  endfacet
  facet normal 0.870063 -0.492941 0
    outer loop
      vertex -11.6522 6.98409 -1.90735e-07
      vertex -11.9809 6.40392 101.137
      vertex -11.9809 6.40392 -1.90735e-07
    endloop
  endfacet
  facet normal 0.9757 0.219109 0
    outer loop
      vertex -13.1779 -3.30089 101.137
      vertex -13.324 -2.6503 -1.90735e-07
      vertex -13.324 -2.6503 101.137
    endloop
  endfacet
  facet normal 0.9757 0.219109 0
    outer loop
      vertex -13.324 -2.6503 -1.90735e-07
      vertex -13.1779 -3.30089 101.137
      vertex -13.1779 -3.30089 -1.90735e-07
    endloop
  endfacet
  facet normal -0.932978 -0.359934 0
    outer loop
      vertex 12.7909 4.57665 -1.90735e-07
      vertex 12.5509 5.19875 101.137
      vertex 12.5509 5.19875 -1.90735e-07
    endloop
  endfacet
  facet normal -0.932978 -0.359934 0
    outer loop
      vertex 12.5509 5.19875 101.137
      vertex 12.7909 4.57665 -1.90735e-07
      vertex 12.7909 4.57665 101.137
    endloop
  endfacet
  facet normal -0.949554 0.313603 0
    outer loop
      vertex 12.7909 -4.57665 -1.90735e-07
      vertex 13 -3.94352 101.137
      vertex 13 -3.94352 -1.90735e-07
    endloop
  endfacet
  facet normal -0.949554 0.313603 0
    outer loop
      vertex 13 -3.94352 101.137
      vertex 12.7909 -4.57665 -1.90735e-07
      vertex 12.7909 -4.57665 101.137
    endloop
  endfacet
  facet normal 0.985276 0.170969 0
    outer loop
      vertex -13.324 -2.6503 101.137
      vertex -13.438 -1.99333 -1.90735e-07
      vertex -13.438 -1.99333 101.137
    endloop
  endfacet
  facet normal 0.985276 0.170969 0
    outer loop
      vertex -13.438 -1.99333 -1.90735e-07
      vertex -13.324 -2.6503 101.137
      vertex -13.324 -2.6503 -1.90735e-07
    endloop
  endfacet
  facet normal -0.492941 0.870063 0
    outer loop
      vertex 6.98409 -11.6522 -1.90735e-07
      vertex 6.40392 -11.9809 101.137
      vertex 6.98409 -11.6522 101.137
    endloop
  endfacet
  facet normal -0.492941 0.870063 0
    outer loop
      vertex 6.40392 -11.9809 101.137
      vertex 6.98409 -11.6522 -1.90735e-07
      vertex 6.40392 -11.9809 -1.90735e-07
    endloop
  endfacet
  facet normal -0.615298 0.788295 0
    outer loop
      vertex 8.61823 -10.5013 -1.90735e-07
      vertex 8.09257 -10.9116 101.137
      vertex 8.61823 -10.5013 101.137
    endloop
  endfacet
  facet normal -0.615298 0.788295 0
    outer loop
      vertex 8.09257 -10.9116 101.137
      vertex 8.61823 -10.5013 -1.90735e-07
      vertex 8.09257 -10.9116 -1.90735e-07
    endloop
  endfacet
  facet normal -0.914217 0.405225 0
    outer loop
      vertex 12.2807 -5.80834 -1.90735e-07
      vertex 12.5509 -5.19875 101.137
      vertex 12.5509 -5.19875 -1.90735e-07
    endloop
  endfacet
  facet normal -0.914217 0.405225 0
    outer loop
      vertex 12.5509 -5.19875 101.137
      vertex 12.2807 -5.80834 -1.90735e-07
      vertex 12.2807 -5.80834 101.137
    endloop
  endfacet
  facet normal 0.997296 0.0734876 0
    outer loop
      vertex -13.5196 -1.33156 101.137
      vertex -13.5686 -0.666584 -1.90735e-07
      vertex -13.5686 -0.666584 101.137
    endloop
  endfacet
  facet normal 0.997296 0.0734876 0
    outer loop
      vertex -13.5686 -0.666584 -1.90735e-07
      vertex -13.5196 -1.33156 101.137
      vertex -13.5196 -1.33156 -1.90735e-07
    endloop
  endfacet
  facet normal 0.817612 0.57577 0
    outer loop
      vertex -10.9116 -8.09257 101.137
      vertex -11.2955 -7.54742 -1.90735e-07
      vertex -11.2955 -7.54742 101.137
    endloop
  endfacet
  facet normal 0.817612 0.57577 0
    outer loop
      vertex -11.2955 -7.54742 -1.90735e-07
      vertex -10.9116 -8.09257 101.137
      vertex -10.9116 -8.09257 -1.90735e-07
    endloop
  endfacet
  facet normal -0.313603 -0.949554 0
    outer loop
      vertex 3.94352 13 -1.90735e-07
      vertex 4.57665 12.7909 101.137
      vertex 3.94352 13 101.137
    endloop
  endfacet
  facet normal -0.313603 -0.949554 -0
    outer loop
      vertex 4.57665 12.7909 101.137
      vertex 3.94352 13 -1.90735e-07
      vertex 4.57665 12.7909 -1.90735e-07
    endloop
  endfacet
  facet normal -0.359934 0.932978 0
    outer loop
      vertex 5.19875 -12.5509 -1.90735e-07
      vertex 4.57665 -12.7909 101.137
      vertex 5.19875 -12.5509 101.137
    endloop
  endfacet
  facet normal -0.359934 0.932978 0
    outer loop
      vertex 4.57665 -12.7909 101.137
      vertex 5.19875 -12.5509 -1.90735e-07
      vertex 4.57665 -12.7909 -1.90735e-07
    endloop
  endfacet
  facet normal 0.817612 -0.57577 0
    outer loop
      vertex -11.2955 7.54742 101.137
      vertex -10.9116 8.09257 -1.90735e-07
      vertex -10.9116 8.09257 101.137
    endloop
  endfacet
  facet normal 0.817612 -0.57577 0
    outer loop
      vertex -10.9116 8.09257 -1.90735e-07
      vertex -11.2955 7.54742 101.137
      vertex -11.2955 7.54742 -1.90735e-07
    endloop
  endfacet
  facet normal 0.724253 0.689534 0
    outer loop
      vertex -9.60604 -9.60604 101.137
      vertex -10.0658 -9.12313 -1.90735e-07
      vertex -10.0658 -9.12313 101.137
    endloop
  endfacet
  facet normal 0.724253 0.689534 0
    outer loop
      vertex -10.0658 -9.12313 -1.90735e-07
      vertex -9.60604 -9.60604 101.137
      vertex -9.60604 -9.60604 -1.90735e-07
    endloop
  endfacet
  facet normal 0.870063 0.492941 0
    outer loop
      vertex -11.6522 -6.98409 101.137
      vertex -11.9809 -6.40392 -1.90735e-07
      vertex -11.9809 -6.40392 101.137
    endloop
  endfacet
  facet normal 0.870063 0.492941 0
    outer loop
      vertex -11.9809 -6.40392 -1.90735e-07
      vertex -11.6522 -6.98409 101.137
      vertex -11.6522 -6.98409 -1.90735e-07
    endloop
  endfacet
  facet normal 0.0245956 -0.999697 0
    outer loop
      vertex -0.666584 13.5686 -1.90735e-07
      vertex 0 13.585 101.137
      vertex -0.666584 13.5686 101.137
    endloop
  endfacet
  facet normal 0.0245956 -0.999697 0
    outer loop
      vertex 0 13.585 101.137
      vertex -0.666584 13.5686 -1.90735e-07
      vertex 0 13.585 -1.90735e-07
    endloop
  endfacet
  facet normal 0.653147 0.757231 -0
    outer loop
      vertex -8.61823 -10.5013 -1.90735e-07
      vertex -9.12313 -10.0658 101.137
      vertex -8.61823 -10.5013 101.137
    endloop
  endfacet
  facet normal 0.653147 0.757231 0
    outer loop
      vertex -9.12313 -10.0658 101.137
      vertex -8.61823 -10.5013 -1.90735e-07
      vertex -9.12313 -10.0658 -1.90735e-07
    endloop
  endfacet
  facet normal 0.84487 0.534971 0
    outer loop
      vertex -11.2955 -7.54742 101.137
      vertex -11.6522 -6.98409 -1.90735e-07
      vertex -11.6522 -6.98409 101.137
    endloop
  endfacet
  facet normal 0.84487 0.534971 0
    outer loop
      vertex -11.6522 -6.98409 -1.90735e-07
      vertex -11.2955 -7.54742 101.137
      vertex -11.2955 -7.54742 -1.90735e-07
    endloop
  endfacet
  facet normal -0.893218 0.449624 0
    outer loop
      vertex 11.9809 -6.40392 -1.90735e-07
      vertex 12.2807 -5.80834 101.137
      vertex 12.2807 -5.80834 -1.90735e-07
    endloop
  endfacet
  facet normal -0.893218 0.449624 0
    outer loop
      vertex 12.2807 -5.80834 101.137
      vertex 11.9809 -6.40392 -1.90735e-07
      vertex 11.9809 -6.40392 101.137
    endloop
  endfacet
  facet normal 0.914217 -0.405225 0
    outer loop
      vertex -12.5509 5.19875 101.137
      vertex -12.2807 5.80834 -1.90735e-07
      vertex -12.2807 5.80834 101.137
    endloop
  endfacet
  facet normal 0.914217 -0.405225 0
    outer loop
      vertex -12.2807 5.80834 -1.90735e-07
      vertex -12.5509 5.19875 101.137
      vertex -12.5509 5.19875 -1.90735e-07
    endloop
  endfacet
  facet normal 0.757231 0.653147 0
    outer loop
      vertex -10.0658 -9.12313 101.137
      vertex -10.5013 -8.61823 -1.90735e-07
      vertex -10.5013 -8.61823 101.137
    endloop
  endfacet
  facet normal 0.757231 0.653147 0
    outer loop
      vertex -10.5013 -8.61823 -1.90735e-07
      vertex -10.0658 -9.12313 101.137
      vertex -10.0658 -9.12313 -1.90735e-07
    endloop
  endfacet
  facet normal -0.653147 0.757231 0
    outer loop
      vertex 9.12313 -10.0658 -1.90735e-07
      vertex 8.61823 -10.5013 101.137
      vertex 9.12313 -10.0658 101.137
    endloop
  endfacet
  facet normal -0.653147 0.757231 0
    outer loop
      vertex 8.61823 -10.5013 101.137
      vertex 9.12313 -10.0658 -1.90735e-07
      vertex 8.61823 -10.5013 -1.90735e-07
    endloop
  endfacet
  facet normal -0.817612 0.57577 0
    outer loop
      vertex 10.9116 -8.09257 -1.90735e-07
      vertex 11.2955 -7.54742 101.137
      vertex 11.2955 -7.54742 -1.90735e-07
    endloop
  endfacet
  facet normal -0.817612 0.57577 0
    outer loop
      vertex 11.2955 -7.54742 101.137
      vertex 10.9116 -8.09257 -1.90735e-07
      vertex 10.9116 -8.09257 101.137
    endloop
  endfacet
  facet normal 0.313603 -0.949554 0
    outer loop
      vertex -4.57665 12.7909 -1.90735e-07
      vertex -3.94352 13 101.137
      vertex -4.57665 12.7909 101.137
    endloop
  endfacet
  facet normal 0.313603 -0.949554 0
    outer loop
      vertex -3.94352 13 101.137
      vertex -4.57665 12.7909 -1.90735e-07
      vertex -3.94352 13 -1.90735e-07
    endloop
  endfacet
  facet normal -0.219109 -0.9757 0
    outer loop
      vertex 2.6503 13.324 -1.90735e-07
      vertex 3.30089 13.1779 101.137
      vertex 2.6503 13.324 101.137
    endloop
  endfacet
  facet normal -0.219109 -0.9757 -0
    outer loop
      vertex 3.30089 13.1779 101.137
      vertex 2.6503 13.324 -1.90735e-07
      vertex 3.30089 13.1779 -1.90735e-07
    endloop
  endfacet
  facet normal 0.122379 0.992483 -0
    outer loop
      vertex -1.33156 -13.5196 -1.90735e-07
      vertex -1.99333 -13.438 101.137
      vertex -1.33156 -13.5196 101.137
    endloop
  endfacet
  facet normal 0.122379 0.992483 0
    outer loop
      vertex -1.99333 -13.438 101.137
      vertex -1.33156 -13.5196 -1.90735e-07
      vertex -1.99333 -13.438 -1.90735e-07
    endloop
  endfacet
  facet normal -0.932978 0.359934 0
    outer loop
      vertex 12.5509 -5.19875 -1.90735e-07
      vertex 12.7909 -4.57665 101.137
      vertex 12.7909 -4.57665 -1.90735e-07
    endloop
  endfacet
  facet normal -0.932978 0.359934 0
    outer loop
      vertex 12.7909 -4.57665 101.137
      vertex 12.5509 -5.19875 -1.90735e-07
      vertex 12.5509 -5.19875 101.137
    endloop
  endfacet
  facet normal -0.788295 0.615298 0
    outer loop
      vertex 10.5013 -8.61823 -1.90735e-07
      vertex 10.9116 -8.09257 101.137
      vertex 10.9116 -8.09257 -1.90735e-07
    endloop
  endfacet
  facet normal -0.788295 0.615298 0
    outer loop
      vertex 10.9116 -8.09257 101.137
      vertex 10.5013 -8.61823 -1.90735e-07
      vertex 10.5013 -8.61823 101.137
    endloop
  endfacet
  facet normal 0.0245956 0.999697 -0
    outer loop
      vertex 0 -13.585 -1.90735e-07
      vertex -0.666584 -13.5686 101.137
      vertex 0 -13.585 101.137
    endloop
  endfacet
  facet normal 0.0245956 0.999697 0
    outer loop
      vertex -0.666584 -13.5686 101.137
      vertex 0 -13.585 -1.90735e-07
      vertex -0.666584 -13.5686 -1.90735e-07
    endloop
  endfacet
  facet normal -0.122379 0.992483 0
    outer loop
      vertex 1.99333 -13.438 -1.90735e-07
      vertex 1.33156 -13.5196 101.137
      vertex 1.99333 -13.438 101.137
    endloop
  endfacet
  facet normal -0.122379 0.992483 0
    outer loop
      vertex 1.33156 -13.5196 101.137
      vertex 1.99333 -13.438 -1.90735e-07
      vertex 1.33156 -13.5196 -1.90735e-07
    endloop
  endfacet
  facet normal 0.9757 -0.219109 0
    outer loop
      vertex -13.324 2.6503 101.137
      vertex -13.1779 3.30089 -1.90735e-07
      vertex -13.1779 3.30089 101.137
    endloop
  endfacet
  facet normal 0.9757 -0.219109 0
    outer loop
      vertex -13.1779 3.30089 -1.90735e-07
      vertex -13.324 2.6503 101.137
      vertex -13.324 2.6503 -1.90735e-07
    endloop
  endfacet
  facet normal -0.266797 -0.963753 0
    outer loop
      vertex 3.30089 13.1779 -1.90735e-07
      vertex 3.94352 13 101.137
      vertex 3.30089 13.1779 101.137
    endloop
  endfacet
  facet normal -0.266797 -0.963753 -0
    outer loop
      vertex 3.94352 13 101.137
      vertex 3.30089 13.1779 -1.90735e-07
      vertex 3.94352 13 -1.90735e-07
    endloop
  endfacet
  facet normal 0.359934 0.932978 -0
    outer loop
      vertex -4.57665 -12.7909 -1.90735e-07
      vertex -5.19875 -12.5509 101.137
      vertex -4.57665 -12.7909 101.137
    endloop
  endfacet
  facet normal 0.359934 0.932978 0
    outer loop
      vertex -5.19875 -12.5509 101.137
      vertex -4.57665 -12.7909 -1.90735e-07
      vertex -5.19875 -12.5509 -1.90735e-07
    endloop
  endfacet
  facet normal 0.405225 0.914217 -0
    outer loop
      vertex -5.19875 -12.5509 -1.90735e-07
      vertex -5.80834 -12.2807 101.137
      vertex -5.19875 -12.5509 101.137
    endloop
  endfacet
  facet normal 0.405225 0.914217 0
    outer loop
      vertex -5.80834 -12.2807 101.137
      vertex -5.19875 -12.5509 -1.90735e-07
      vertex -5.80834 -12.2807 -1.90735e-07
    endloop
  endfacet
  facet normal 0.932978 0.359934 0
    outer loop
      vertex -12.5509 -5.19875 101.137
      vertex -12.7909 -4.57665 -1.90735e-07
      vertex -12.7909 -4.57665 101.137
    endloop
  endfacet
  facet normal 0.932978 0.359934 0
    outer loop
      vertex -12.7909 -4.57665 -1.90735e-07
      vertex -12.5509 -5.19875 101.137
      vertex -12.5509 -5.19875 -1.90735e-07
    endloop
  endfacet
  facet normal -0.707 -0.0173944 -0.707
    outer loop
      vertex 13.5686 0.666584 101.137
      vertex 13.585 0 101.137
      vertex 0 0 114.722
    endloop
  endfacet
  facet normal 0.631696 -0.31798 -0.707
    outer loop
      vertex -11.9809 6.40392 101.137
      vertex 0 0 114.722
      vertex -12.2807 5.80834 101.137
    endloop
  endfacet
  facet normal 0.461915 -0.535524 -0.707
    outer loop
      vertex -8.61823 10.5013 101.137
      vertex 0 0 114.722
      vertex -9.12313 10.0658 101.137
    endloop
  endfacet
  facet normal -0.348615 0.61532 -0.707
    outer loop
      vertex 6.98409 -11.6522 101.137
      vertex 6.40392 -11.9809 101.137
      vertex 0 0 114.722
    endloop
  endfacet
  facet normal 0.646546 -0.286581 -0.707
    outer loop
      vertex -12.2807 5.80834 101.137
      vertex 0 0 114.722
      vertex -12.5509 5.19875 101.137
    endloop
  endfacet
  facet normal -0.557493 -0.435147 -0.707
    outer loop
      vertex 10.5013 8.61823 101.137
      vertex 10.9116 8.09257 101.137
      vertex 0 0 114.722
    endloop
  endfacet
  facet normal 0.31798 -0.631696 -0.707
    outer loop
      vertex -5.80834 12.2807 101.137
      vertex 0 0 114.722
      vertex -6.40392 11.9809 101.137
    endloop
  endfacet
  facet normal 0.25455 -0.659814 -0.707001
    outer loop
      vertex -4.57665 12.7909 101.137
      vertex 0 0 114.722
      vertex -5.19875 12.5509 101.137
    endloop
  endfacet
  facet normal -0.597504 0.378339 -0.707
    outer loop
      vertex 11.6522 -6.98409 101.137
      vertex 11.2955 -7.54742 101.137
      vertex 0 0 114.722
    endloop
  endfacet
  facet normal -0.378339 -0.597504 -0.707
    outer loop
      vertex 6.98409 11.6522 101.137
      vertex 7.54742 11.2955 101.137
      vertex 0 0 114.722
    endloop
  endfacet
  facet normal -0.0865479 -0.701897 -0.707001
    outer loop
      vertex 1.33156 13.5196 101.137
      vertex 1.99333 13.438 101.137
      vertex 0 0 114.722
    endloop
  endfacet
  facet normal -0.407192 -0.578226 -0.707
    outer loop
      vertex 7.54742 11.2955 101.137
      vertex 8.09257 10.9116 101.137
      vertex 0 0 114.722
    endloop
  endfacet
  facet normal -0.578226 -0.407192 -0.707
    outer loop
      vertex 10.9116 8.09257 101.137
      vertex 11.2955 7.54742 101.137
      vertex 0 0 114.722
    endloop
  endfacet
  facet normal 0.31798 0.631696 -0.707
    outer loop
      vertex 0 0 114.722
      vertex -5.80834 -12.2807 101.137
      vertex -6.40392 -11.9809 101.137
    endloop
  endfacet
  facet normal -0.512202 0.487648 -0.707
    outer loop
      vertex 10.0658 -9.12313 101.137
      vertex 9.60604 -9.60604 101.137
      vertex 0 0 114.722
    endloop
  endfacet
  facet normal -0.0865479 0.701897 -0.707001
    outer loop
      vertex 1.99333 -13.438 101.137
      vertex 1.33156 -13.5196 101.137
      vertex 0 0 114.722
    endloop
  endfacet
  facet normal 0.659814 -0.25455 -0.707001
    outer loop
      vertex -12.5509 5.19875 101.137
      vertex 0 0 114.722
      vertex -12.7909 4.57665 101.137
    endloop
  endfacet
  facet normal 0.0519714 -0.705301 -0.707
    outer loop
      vertex -0.666584 13.5686 101.137
      vertex 0 0 114.722
      vertex -1.33156 13.5196 101.137
    endloop
  endfacet
  facet normal 0.705301 -0.0519714 -0.707
    outer loop
      vertex -13.5196 1.33156 101.137
      vertex 0 0 114.722
      vertex -13.5686 0.666584 101.137
    endloop
  endfacet
  facet normal 0.512202 -0.487648 -0.707
    outer loop
      vertex -9.60604 9.60604 101.137
      vertex 0 0 114.722
      vertex -10.0658 9.12313 101.137
    endloop
  endfacet
  facet normal 0.6968 -0.120911 -0.707001
    outer loop
      vertex -13.324 2.6503 101.137
      vertex 0 0 114.722
      vertex -13.438 1.99333 101.137
    endloop
  endfacet
  facet normal 0.0173944 -0.707 -0.707
    outer loop
      vertex 0 13.585 101.137
      vertex 0 0 114.722
      vertex -0.666584 13.5686 101.137
    endloop
  endfacet
  facet normal 0.681579 -0.188682 -0.707
    outer loop
      vertex -13 3.94352 101.137
      vertex 0 0 114.722
      vertex -13.1779 3.30089 101.137
    endloop
  endfacet
  facet normal 0.701897 -0.0865479 -0.707001
    outer loop
      vertex -13.438 1.99333 101.137
      vertex 0 0 114.722
      vertex -13.5196 1.33156 101.137
    endloop
  endfacet
  facet normal 0.407192 -0.578226 -0.707
    outer loop
      vertex -7.54742 11.2955 101.137
      vertex 0 0 114.722
      vertex -8.09257 10.9116 101.137
    endloop
  endfacet
  facet normal -0.348615 -0.61532 -0.707
    outer loop
      vertex 6.40392 11.9809 101.137
      vertex 6.98409 11.6522 101.137
      vertex 0 0 114.722
    endloop
  endfacet
  facet normal 0.154956 -0.690028 -0.707001
    outer loop
      vertex -2.6503 13.324 101.137
      vertex 0 0 114.722
      vertex -3.30089 13.1779 101.137
    endloop
  endfacet
  facet normal 0.646546 0.286581 -0.707
    outer loop
      vertex 0 0 114.722
      vertex -12.2807 -5.80834 101.137
      vertex -12.5509 -5.19875 101.137
    endloop
  endfacet
  facet normal -0.435147 0.557493 -0.707
    outer loop
      vertex 8.61823 -10.5013 101.137
      vertex 8.09257 -10.9116 101.137
      vertex 0 0 114.722
    endloop
  endfacet
  facet normal 0.61532 -0.348615 -0.707
    outer loop
      vertex -11.6522 6.98409 101.137
      vertex 0 0 114.722
      vertex -11.9809 6.40392 101.137
    endloop
  endfacet
  facet normal 0.535524 -0.461915 -0.707
    outer loop
      vertex -10.0658 9.12313 101.137
      vertex 0 0 114.722
      vertex -10.5013 8.61823 101.137
    endloop
  endfacet
  facet normal 0.6968 0.120911 -0.707001
    outer loop
      vertex 0 0 114.722
      vertex -13.324 -2.6503 101.137
      vertex -13.438 -1.99333 101.137
    endloop
  endfacet
  facet normal -0.671537 -0.221785 -0.707
    outer loop
      vertex 12.7909 4.57665 101.137
      vertex 13 3.94352 101.137
      vertex 0 0 114.722
    endloop
  endfacet
  facet normal -0.61532 0.348615 -0.707
    outer loop
      vertex 11.9809 -6.40392 101.137
      vertex 11.6522 -6.98409 101.137
      vertex 0 0 114.722
    endloop
  endfacet
  facet normal 0.597504 0.378339 -0.707
    outer loop
      vertex 0 0 114.722
      vertex -11.2955 -7.54742 101.137
      vertex -11.6522 -6.98409 101.137
    endloop
  endfacet
  facet normal 0.0519714 0.705301 -0.707
    outer loop
      vertex 0 0 114.722
      vertex -0.666584 -13.5686 101.137
      vertex -1.33156 -13.5196 101.137
    endloop
  endfacet
  facet normal -0.535524 0.461915 -0.707
    outer loop
      vertex 10.5013 -8.61823 101.137
      vertex 10.0658 -9.12313 101.137
      vertex 0 0 114.722
    endloop
  endfacet
  facet normal 0.707 -0.0173944 -0.707
    outer loop
      vertex -13.5686 0.666584 101.137
      vertex 0 0 114.722
      vertex -13.585 0 101.137
    endloop
  endfacet
  facet normal 0.435147 0.557493 -0.707
    outer loop
      vertex 0 0 114.722
      vertex -8.09257 -10.9116 101.137
      vertex -8.61823 -10.5013 101.137
    endloop
  endfacet
  facet normal 0.578226 -0.407192 -0.707
    outer loop
      vertex -10.9116 8.09257 101.137
      vertex 0 0 114.722
      vertex -11.2955 7.54742 101.137
    endloop
  endfacet
  facet normal 0.557493 -0.435147 -0.707
    outer loop
      vertex -10.5013 8.61823 101.137
      vertex 0 0 114.722
      vertex -10.9116 8.09257 101.137
    endloop
  endfacet
  facet normal 0.286581 -0.646546 -0.707
    outer loop
      vertex -5.19875 12.5509 101.137
      vertex 0 0 114.722
      vertex -5.80834 12.2807 101.137
    endloop
  endfacet
  facet normal -0.0519714 0.705301 -0.707
    outer loop
      vertex 1.33156 -13.5196 101.137
      vertex 0.666584 -13.5686 101.137
      vertex 0 0 114.722
    endloop
  endfacet
  facet normal -0.512202 -0.487648 -0.707
    outer loop
      vertex 9.60604 9.60604 101.137
      vertex 10.0658 9.12313 101.137
      vertex 0 0 114.722
    endloop
  endfacet
  facet normal 0.690028 0.154956 -0.707001
    outer loop
      vertex 0 0 114.722
      vertex -13.1779 -3.30089 101.137
      vertex -13.324 -2.6503 101.137
    endloop
  endfacet
  facet normal 0.535524 0.461915 -0.707
    outer loop
      vertex 0 0 114.722
      vertex -10.0658 -9.12313 101.137
      vertex -10.5013 -8.61823 101.137
    endloop
  endfacet
  facet normal 0.487648 -0.512202 -0.707
    outer loop
      vertex -9.12313 10.0658 101.137
      vertex 0 0 114.722
      vertex -9.60604 9.60604 101.137
    endloop
  endfacet
  facet normal 0.597504 -0.378339 -0.707
    outer loop
      vertex -11.2955 7.54742 101.137
      vertex 0 0 114.722
      vertex -11.6522 6.98409 101.137
    endloop
  endfacet
  facet normal -0.578226 0.407192 -0.707
    outer loop
      vertex 11.2955 -7.54742 101.137
      vertex 10.9116 -8.09257 101.137
      vertex 0 0 114.722
    endloop
  endfacet
  facet normal 0.378339 -0.597504 -0.707
    outer loop
      vertex -6.98409 11.6522 101.137
      vertex 0 0 114.722
      vertex -7.54742 11.2955 101.137
    endloop
  endfacet
  facet normal 0.671537 -0.221785 -0.707
    outer loop
      vertex -12.7909 4.57665 101.137
      vertex 0 0 114.722
      vertex -13 3.94352 101.137
    endloop
  endfacet
  facet normal 0.25455 0.659814 -0.707001
    outer loop
      vertex 0 0 114.722
      vertex -4.57665 -12.7909 101.137
      vertex -5.19875 -12.5509 101.137
    endloop
  endfacet
  facet normal -0.435147 -0.557493 -0.707
    outer loop
      vertex 8.09257 10.9116 101.137
      vertex 8.61823 10.5013 101.137
      vertex 0 0 114.722
    endloop
  endfacet
  facet normal -0.461915 -0.535524 -0.707
    outer loop
      vertex 8.61823 10.5013 101.137
      vertex 9.12313 10.0658 101.137
      vertex 0 0 114.722
    endloop
  endfacet
  facet normal -0.61532 -0.348615 -0.707
    outer loop
      vertex 11.6522 6.98409 101.137
      vertex 11.9809 6.40392 101.137
      vertex 0 0 114.722
    endloop
  endfacet
  facet normal 0.690028 -0.154956 -0.707001
    outer loop
      vertex -13.1779 3.30089 101.137
      vertex 0 0 114.722
      vertex -13.324 2.6503 101.137
    endloop
  endfacet
  facet normal -0.6968 0.120911 -0.707001
    outer loop
      vertex 13.438 -1.99333 101.137
      vertex 13.324 -2.6503 101.137
      vertex 0 0 114.722
    endloop
  endfacet
  facet normal -0.705301 0.0519714 -0.707
    outer loop
      vertex 13.5686 -0.666584 101.137
      vertex 13.5196 -1.33156 101.137
      vertex 0 0 114.722
    endloop
  endfacet
  facet normal 0.61532 0.348615 -0.707
    outer loop
      vertex 0 0 114.722
      vertex -11.6522 -6.98409 101.137
      vertex -11.9809 -6.40392 101.137
    endloop
  endfacet
  facet normal -0.188682 -0.681579 -0.707
    outer loop
      vertex 3.30089 13.1779 101.137
      vertex 3.94352 13 101.137
      vertex 0 0 114.722
    endloop
  endfacet
  facet normal -0.221785 -0.671537 -0.707
    outer loop
      vertex 3.94352 13 101.137
      vertex 4.57665 12.7909 101.137
      vertex 0 0 114.722
    endloop
  endfacet
  facet normal 0.221785 -0.671537 -0.707
    outer loop
      vertex -3.94352 13 101.137
      vertex 0 0 114.722
      vertex -4.57665 12.7909 101.137
    endloop
  endfacet
  facet normal -0.681579 -0.188682 -0.707
    outer loop
      vertex 13 3.94352 101.137
      vertex 13.1779 3.30089 101.137
      vertex 0 0 114.722
    endloop
  endfacet
  facet normal 0.348615 -0.61532 -0.707
    outer loop
      vertex -6.40392 11.9809 101.137
      vertex 0 0 114.722
      vertex -6.98409 11.6522 101.137
    endloop
  endfacet
  facet normal 0.659814 0.25455 -0.707001
    outer loop
      vertex 0 0 114.722
      vertex -12.5509 -5.19875 101.137
      vertex -12.7909 -4.57665 101.137
    endloop
  endfacet
  facet normal -0.535524 -0.461915 -0.707
    outer loop
      vertex 10.0658 9.12313 101.137
      vertex 10.5013 8.61823 101.137
      vertex 0 0 114.722
    endloop
  endfacet
  facet normal 0.0865479 0.701897 -0.707001
    outer loop
      vertex 0 0 114.722
      vertex -1.33156 -13.5196 101.137
      vertex -1.99333 -13.438 101.137
    endloop
  endfacet
  facet normal 0.120911 0.6968 -0.707001
    outer loop
      vertex 0 0 114.722
      vertex -1.99333 -13.438 101.137
      vertex -2.6503 -13.324 101.137
    endloop
  endfacet
  facet normal -0.0173944 0.707 -0.707
    outer loop
      vertex 0 0 114.722
      vertex 0.666584 -13.5686 101.137
      vertex 0 -13.585 101.137
    endloop
  endfacet
  facet normal -0.646546 -0.286581 -0.707
    outer loop
      vertex 12.2807 5.80834 101.137
      vertex 12.5509 5.19875 101.137
      vertex 0 0 114.722
    endloop
  endfacet
  facet normal -0.659814 -0.25455 -0.707001
    outer loop
      vertex 12.5509 5.19875 101.137
      vertex 12.7909 4.57665 101.137
      vertex 0 0 114.722
    endloop
  endfacet
  facet normal 0.435147 -0.557493 -0.707
    outer loop
      vertex -8.09257 10.9116 101.137
      vertex 0 0 114.722
      vertex -8.61823 10.5013 101.137
    endloop
  endfacet
  facet normal 0.0865479 -0.701897 -0.707001
    outer loop
      vertex -1.33156 13.5196 101.137
      vertex 0 0 114.722
      vertex -1.99333 13.438 101.137
    endloop
  endfacet
  facet normal -0.690028 -0.154956 -0.707001
    outer loop
      vertex 13.1779 3.30089 101.137
      vertex 13.324 2.6503 101.137
      vertex 0 0 114.722
    endloop
  endfacet
  facet normal -0.31798 0.631696 -0.707
    outer loop
      vertex 6.40392 -11.9809 101.137
      vertex 5.80834 -12.2807 101.137
      vertex 0 0 114.722
    endloop
  endfacet
  facet normal -0.31798 -0.631696 -0.707
    outer loop
      vertex 5.80834 12.2807 101.137
      vertex 6.40392 11.9809 101.137
      vertex 0 0 114.722
    endloop
  endfacet
  facet normal -0.631696 -0.31798 -0.707
    outer loop
      vertex 11.9809 6.40392 101.137
      vertex 12.2807 5.80834 101.137
      vertex 0 0 114.722
    endloop
  endfacet
  facet normal -0.0519714 -0.705301 -0.707
    outer loop
      vertex 0.666584 13.5686 101.137
      vertex 1.33156 13.5196 101.137
      vertex 0 0 114.722
    endloop
  endfacet
  facet normal 0.120911 -0.6968 -0.707001
    outer loop
      vertex -1.99333 13.438 101.137
      vertex 0 0 114.722
      vertex -2.6503 13.324 101.137
    endloop
  endfacet
  facet normal -0.0173944 -0.707 -0.707
    outer loop
      vertex 0 13.585 101.137
      vertex 0.666584 13.5686 101.137
      vertex 0 0 114.722
    endloop
  endfacet
  facet normal 0.188682 -0.681579 -0.707
    outer loop
      vertex -3.30089 13.1779 101.137
      vertex 0 0 114.722
      vertex -3.94352 13 101.137
    endloop
  endfacet
  facet normal -0.557493 0.435147 -0.707
    outer loop
      vertex 10.9116 -8.09257 101.137
      vertex 10.5013 -8.61823 101.137
      vertex 0 0 114.722
    endloop
  endfacet
  facet normal -0.487648 -0.512202 -0.707
    outer loop
      vertex 9.12313 10.0658 101.137
      vertex 9.60604 9.60604 101.137
      vertex 0 0 114.722
    endloop
  endfacet
  facet normal -0.120911 -0.6968 -0.707001
    outer loop
      vertex 1.99333 13.438 101.137
      vertex 2.6503 13.324 101.137
      vertex 0 0 114.722
    endloop
  endfacet
  facet normal -0.154956 -0.690028 -0.707001
    outer loop
      vertex 2.6503 13.324 101.137
      vertex 3.30089 13.1779 101.137
      vertex 0 0 114.722
    endloop
  endfacet
  facet normal 0.348615 0.61532 -0.707
    outer loop
      vertex 0 0 114.722
      vertex -6.40392 -11.9809 101.137
      vertex -6.98409 -11.6522 101.137
    endloop
  endfacet
  facet normal -0.25455 -0.659814 -0.707001
    outer loop
      vertex 4.57665 12.7909 101.137
      vertex 5.19875 12.5509 101.137
      vertex 0 0 114.722
    endloop
  endfacet
  facet normal -0.597504 -0.378339 -0.707
    outer loop
      vertex 11.2955 7.54742 101.137
      vertex 11.6522 6.98409 101.137
      vertex 0 0 114.722
    endloop
  endfacet
  facet normal 0.512202 0.487648 -0.707
    outer loop
      vertex 0 0 114.722
      vertex -9.60604 -9.60604 101.137
      vertex -10.0658 -9.12313 101.137
    endloop
  endfacet
  facet normal -0.286581 -0.646546 -0.707
    outer loop
      vertex 5.19875 12.5509 101.137
      vertex 5.80834 12.2807 101.137
      vertex 0 0 114.722
    endloop
  endfacet
  facet normal -0.646546 0.286581 -0.707
    outer loop
      vertex 12.5509 -5.19875 101.137
      vertex 12.2807 -5.80834 101.137
      vertex 0 0 114.722
    endloop
  endfacet
  facet normal -0.631696 0.31798 -0.707
    outer loop
      vertex 12.2807 -5.80834 101.137
      vertex 11.9809 -6.40392 101.137
      vertex 0 0 114.722
    endloop
  endfacet
  facet normal -0.690028 0.154956 -0.707001
    outer loop
      vertex 13.324 -2.6503 101.137
      vertex 13.1779 -3.30089 101.137
      vertex 0 0 114.722
    endloop
  endfacet
  facet normal -0.681579 0.188682 -0.707
    outer loop
      vertex 13.1779 -3.30089 101.137
      vertex 13 -3.94352 101.137
      vertex 0 0 114.722
    endloop
  endfacet
  facet normal -0.487648 0.512202 -0.707
    outer loop
      vertex 9.60604 -9.60604 101.137
      vertex 9.12313 -10.0658 101.137
      vertex 0 0 114.722
    endloop
  endfacet
  facet normal -0.461915 0.535524 -0.707
    outer loop
      vertex 9.12313 -10.0658 101.137
      vertex 8.61823 -10.5013 101.137
      vertex 0 0 114.722
    endloop
  endfacet
  facet normal -0.25455 0.659814 -0.707001
    outer loop
      vertex 5.19875 -12.5509 101.137
      vertex 4.57665 -12.7909 101.137
      vertex 0 0 114.722
    endloop
  endfacet
  facet normal -0.221785 0.671537 -0.707
    outer loop
      vertex 4.57665 -12.7909 101.137
      vertex 3.94352 -13 101.137
      vertex 0 0 114.722
    endloop
  endfacet
  facet normal 0.378339 0.597504 -0.707
    outer loop
      vertex 0 0 114.722
      vertex -6.98409 -11.6522 101.137
      vertex -7.54742 -11.2955 101.137
    endloop
  endfacet
  facet normal 0.671537 0.221785 -0.707
    outer loop
      vertex 0 0 114.722
      vertex -12.7909 -4.57665 101.137
      vertex -13 -3.94352 101.137
    endloop
  endfacet
  facet normal -0.286581 0.646546 -0.707
    outer loop
      vertex 5.80834 -12.2807 101.137
      vertex 5.19875 -12.5509 101.137
      vertex 0 0 114.722
    endloop
  endfacet
  facet normal 0.461915 0.535524 -0.707
    outer loop
      vertex 0 0 114.722
      vertex -8.61823 -10.5013 101.137
      vertex -9.12313 -10.0658 101.137
    endloop
  endfacet
  facet normal 0.487648 0.512202 -0.707
    outer loop
      vertex 0 0 114.722
      vertex -9.12313 -10.0658 101.137
      vertex -9.60604 -9.60604 101.137
    endloop
  endfacet
  facet normal 0.286581 0.646546 -0.707
    outer loop
      vertex 0 0 114.722
      vertex -5.19875 -12.5509 101.137
      vertex -5.80834 -12.2807 101.137
    endloop
  endfacet
  facet normal -0.671537 0.221785 -0.707
    outer loop
      vertex 13 -3.94352 101.137
      vertex 12.7909 -4.57665 101.137
      vertex 0 0 114.722
    endloop
  endfacet
  facet normal -0.659814 0.25455 -0.707001
    outer loop
      vertex 12.7909 -4.57665 101.137
      vertex 12.5509 -5.19875 101.137
      vertex 0 0 114.722
    endloop
  endfacet
  facet normal 0.681579 0.188682 -0.707
    outer loop
      vertex 0 0 114.722
      vertex -13 -3.94352 101.137
      vertex -13.1779 -3.30089 101.137
    endloop
  endfacet
  facet normal -0.701897 0.0865479 -0.707001
    outer loop
      vertex 13.5196 -1.33156 101.137
      vertex 13.438 -1.99333 101.137
      vertex 0 0 114.722
    endloop
  endfacet
  facet normal -0.6968 -0.120911 -0.707001
    outer loop
      vertex 13.324 2.6503 101.137
      vertex 13.438 1.99333 101.137
      vertex 0 0 114.722
    endloop
  endfacet
  facet normal -0.707 0.0173944 -0.707
    outer loop
      vertex 13.585 0 101.137
      vertex 13.5686 -0.666584 101.137
      vertex 0 0 114.722
    endloop
  endfacet
  facet normal -0.701897 -0.0865479 -0.707001
    outer loop
      vertex 13.438 1.99333 101.137
      vertex 13.5196 1.33156 101.137
      vertex 0 0 114.722
    endloop
  endfacet
  facet normal -0.705301 -0.0519714 -0.707
    outer loop
      vertex 13.5196 1.33156 101.137
      vertex 13.5686 0.666584 101.137
      vertex 0 0 114.722
    endloop
  endfacet
  facet normal -0.188682 0.681579 -0.707
    outer loop
      vertex 3.94352 -13 101.137
      vertex 3.30089 -13.1779 101.137
      vertex 0 0 114.722
    endloop
  endfacet
  facet normal -0.154956 0.690028 -0.707001
    outer loop
      vertex 3.30089 -13.1779 101.137
      vertex 2.6503 -13.324 101.137
      vertex 0 0 114.722
    endloop
  endfacet
  facet normal -0.407192 0.578226 -0.707
    outer loop
      vertex 8.09257 -10.9116 101.137
      vertex 7.54742 -11.2955 101.137
      vertex 0 0 114.722
    endloop
  endfacet
  facet normal 0.631696 0.31798 -0.707
    outer loop
      vertex 0 0 114.722
      vertex -11.9809 -6.40392 101.137
      vertex -12.2807 -5.80834 101.137
    endloop
  endfacet
  facet normal 0.557493 0.435147 -0.707
    outer loop
      vertex 0 0 114.722
      vertex -10.5013 -8.61823 101.137
      vertex -10.9116 -8.09257 101.137
    endloop
  endfacet
  facet normal -0.378339 0.597504 -0.707
    outer loop
      vertex 7.54742 -11.2955 101.137
      vertex 6.98409 -11.6522 101.137
      vertex 0 0 114.722
    endloop
  endfacet
  facet normal 0.154956 0.690028 -0.707001
    outer loop
      vertex 0 0 114.722
      vertex -2.6503 -13.324 101.137
      vertex -3.30089 -13.1779 101.137
    endloop
  endfacet
  facet normal 0.188682 0.681579 -0.707
    outer loop
      vertex 0 0 114.722
      vertex -3.30089 -13.1779 101.137
      vertex -3.94352 -13 101.137
    endloop
  endfacet
  facet normal 0.0173944 0.707 -0.707
    outer loop
      vertex 0 0 114.722
      vertex 0 -13.585 101.137
      vertex -0.666584 -13.5686 101.137
    endloop
  endfacet
  facet normal 0.578226 0.407192 -0.707
    outer loop
      vertex 0 0 114.722
      vertex -10.9116 -8.09257 101.137
      vertex -11.2955 -7.54742 101.137
    endloop
  endfacet
  facet normal -0.120911 0.6968 -0.707001
    outer loop
      vertex 2.6503 -13.324 101.137
      vertex 1.99333 -13.438 101.137
      vertex 0 0 114.722
    endloop
  endfacet
  facet normal 0.407192 0.578226 -0.707
    outer loop
      vertex 0 0 114.722
      vertex -7.54742 -11.2955 101.137
      vertex -8.09257 -10.9116 101.137
    endloop
  endfacet
  facet normal 0.221785 0.671537 -0.707
    outer loop
      vertex 0 0 114.722
      vertex -3.94352 -13 101.137
      vertex -4.57665 -12.7909 101.137
    endloop
  endfacet
  facet normal 0.701897 0.0865479 -0.707001
    outer loop
      vertex 0 0 114.722
      vertex -13.438 -1.99333 101.137
      vertex -13.5196 -1.33156 101.137
    endloop
  endfacet
  facet normal 0.705301 0.0519714 -0.707
    outer loop
      vertex 0 0 114.722
      vertex -13.5196 -1.33156 101.137
      vertex -13.5686 -0.666584 101.137
    endloop
  endfacet
  facet normal 0.707 0.0173944 -0.707
    outer loop
      vertex 0 0 114.722
      vertex -13.5686 -0.666584 101.137
      vertex -13.585 0 101.137
    endloop
  endfacet
  facet normal 0 0 -1
    outer loop
      vertex 0.841903 -20.0721 -1.90735e-07
      vertex 6.76533 -22.0179 -1.90735e-07
      vertex 7.04023 -22.494 -1.90735e-07
    endloop
  endfacet
  facet normal 0 0 -1
    outer loop
      vertex 4.78997 -18.5965 -1.90735e-07
      vertex 3.94352 -13 -1.90735e-07
      vertex 4.57665 -12.7909 -1.90735e-07
    endloop
  endfacet
  facet normal 0 0 -1
    outer loop
      vertex 2.03253 -17.1976 -1.90735e-07
      vertex 3.94352 -13 -1.90735e-07
      vertex 4.78997 -18.5965 -1.90735e-07
    endloop
  endfacet
  facet normal 0 0 -1
    outer loop
      vertex 3.94352 -13 -1.90735e-07
      vertex 2.03253 -17.1976 -1.90735e-07
      vertex 3.30089 -13.1779 -1.90735e-07
    endloop
  endfacet
  facet normal 0 0 -1
    outer loop
      vertex 2.15773 -17.6103 -1.90735e-07
      vertex 4.78997 -18.5965 -1.90735e-07
      vertex 2.2 -18.0395 -1.90735e-07
    endloop
  endfacet
  facet normal 0 0 -1
    outer loop
      vertex 1.82923 -19.2618 -1.90735e-07
      vertex 4.78997 -18.5965 -1.90735e-07
      vertex 6.41945 -21.4188 -1.90735e-07
    endloop
  endfacet
  facet normal 0 0 -1
    outer loop
      vertex 6.76533 -22.0179 -1.90735e-07
      vertex 0.841903 -20.0721 -1.90735e-07
      vertex 6.41945 -21.4188 -1.90735e-07
    endloop
  endfacet
  facet normal 0 0 -1
    outer loop
      vertex 4.78997 -18.5965 -1.90735e-07
      vertex 2.15773 -18.4687 -1.90735e-07
      vertex 2.2 -18.0395 -1.90735e-07
    endloop
  endfacet
  facet normal -0 0 -1
    outer loop
      vertex 4.78997 -18.5965 -1.90735e-07
      vertex 2.03253 -18.8814 -1.90735e-07
      vertex 2.15773 -18.4687 -1.90735e-07
    endloop
  endfacet
  facet normal 0 0 -1
    outer loop
      vertex 4.78997 -18.5965 -1.90735e-07
      vertex 1.82923 -19.2618 -1.90735e-07
      vertex 2.03253 -18.8814 -1.90735e-07
    endloop
  endfacet
  facet normal 0 0 -1
    outer loop
      vertex 6.41945 -21.4188 -1.90735e-07
      vertex 1.55563 -19.5952 -1.90735e-07
      vertex 1.82923 -19.2618 -1.90735e-07
    endloop
  endfacet
  facet normal 0 0 -1
    outer loop
      vertex 6.41945 -21.4188 -1.90735e-07
      vertex 1.22225 -19.8688 -1.90735e-07
      vertex 1.55563 -19.5952 -1.90735e-07
    endloop
  endfacet
  facet normal 0 0 -1
    outer loop
      vertex 6.41945 -21.4188 -1.90735e-07
      vertex 0.841903 -20.0721 -1.90735e-07
      vertex 1.22225 -19.8688 -1.90735e-07
    endloop
  endfacet
  facet normal 0 0 -1
    outer loop
      vertex 7.04023 -22.494 -1.90735e-07
      vertex 0.429198 -20.1972 -1.90735e-07
      vertex 0.841903 -20.0721 -1.90735e-07
    endloop
  endfacet
  facet normal 0 0 -1
    outer loop
      vertex 7.04023 -22.494 -1.90735e-07
      vertex 0 -20.2395 -1.90735e-07
      vertex 0.429198 -20.1972 -1.90735e-07
    endloop
  endfacet
  facet normal 0 0 -1
    outer loop
      vertex -7.04023 -22.494 -1.90735e-07
      vertex 0 -20.2395 -1.90735e-07
      vertex 7.04023 -22.494 -1.90735e-07
    endloop
  endfacet
  facet normal -0 0 -1
    outer loop
      vertex 0 -20.2395 -1.90735e-07
      vertex -7.04023 -22.494 -1.90735e-07
      vertex -0.429198 -20.1972 -1.90735e-07
    endloop
  endfacet
  facet normal 0 0 -1
    outer loop
      vertex -1.82923 -16.8173 -1.90735e-07
      vertex -3.30089 -13.1779 -1.90735e-07
      vertex -2.6503 -13.324 -1.90735e-07
    endloop
  endfacet
  facet normal 0 0 -1
    outer loop
      vertex -4.78997 -18.5965 -1.90735e-07
      vertex -2.2 -18.0395 -1.90735e-07
      vertex -2.15773 -18.4687 -1.90735e-07
    endloop
  endfacet
  facet normal -0 0 -1
    outer loop
      vertex -2.15773 -17.6103 -1.90735e-07
      vertex -4.78997 -18.5965 -1.90735e-07
      vertex -3.30089 -13.1779 -1.90735e-07
    endloop
  endfacet
  facet normal 0 0 -1
    outer loop
      vertex -4.78997 -18.5965 -1.90735e-07
      vertex -2.15773 -18.4687 -1.90735e-07
      vertex -2.03253 -18.8814 -1.90735e-07
    endloop
  endfacet
  facet normal -0 0 -1
    outer loop
      vertex -3.30089 -13.1779 -1.90735e-07
      vertex -4.78997 -18.5965 -1.90735e-07
      vertex -3.94352 -13 -1.90735e-07
    endloop
  endfacet
  facet normal -0 0 -1
    outer loop
      vertex -3.94352 -13 -1.90735e-07
      vertex -4.78997 -18.5965 -1.90735e-07
      vertex -4.57665 -12.7909 -1.90735e-07
    endloop
  endfacet
  facet normal 0 0 -1
    outer loop
      vertex -1.82923 -19.2618 -1.90735e-07
      vertex -4.78997 -18.5965 -1.90735e-07
      vertex -2.03253 -18.8814 -1.90735e-07
    endloop
  endfacet
  facet normal 0 0 -1
    outer loop
      vertex -6.41945 -21.4188 -1.90735e-07
      vertex -1.82923 -19.2618 -1.90735e-07
      vertex -1.55563 -19.5952 -1.90735e-07
    endloop
  endfacet
  facet normal 0 0 -1
    outer loop
      vertex -6.41945 -21.4188 -1.90735e-07
      vertex -1.55563 -19.5952 -1.90735e-07
      vertex -1.22225 -19.8688 -1.90735e-07
    endloop
  endfacet
  facet normal 0 0 -1
    outer loop
      vertex -6.41945 -21.4188 -1.90735e-07
      vertex -1.22225 -19.8688 -1.90735e-07
      vertex -0.841903 -20.0721 -1.90735e-07
    endloop
  endfacet
  facet normal -0 0 -1
    outer loop
      vertex -1.82923 -19.2618 -1.90735e-07
      vertex -6.41945 -21.4188 -1.90735e-07
      vertex -4.78997 -18.5965 -1.90735e-07
    endloop
  endfacet
  facet normal -0 0 -1
    outer loop
      vertex -0.429198 -20.1972 -1.90735e-07
      vertex -7.04023 -22.494 -1.90735e-07
      vertex -0.841903 -20.0721 -1.90735e-07
    endloop
  endfacet
  facet normal 0 0 -1
    outer loop
      vertex -0.841903 -20.0721 -1.90735e-07
      vertex -6.76533 -22.0179 -1.90735e-07
      vertex -6.41945 -21.4188 -1.90735e-07
    endloop
  endfacet
  facet normal 0 0 -1
    outer loop
      vertex -0.841903 -20.0721 -1.90735e-07
      vertex -7.04023 -22.494 -1.90735e-07
      vertex -6.76533 -22.0179 -1.90735e-07
    endloop
  endfacet
  facet normal 0 0 -1
    outer loop
      vertex -6.76533 22.0179 -1.90735e-07
      vertex 6.76533 22.0179 -1.90735e-07
      vertex 6.41945 21.4188 -1.90735e-07
    endloop
  endfacet
  facet normal 0 0 -1
    outer loop
      vertex 3.94352 13 -1.90735e-07
      vertex 4.78997 18.5965 -1.90735e-07
      vertex 4.57665 12.7909 -1.90735e-07
    endloop
  endfacet
  facet normal 0 0 -1
    outer loop
      vertex 3.30089 13.1779 -1.90735e-07
      vertex 4.78997 18.5965 -1.90735e-07
      vertex 3.94352 13 -1.90735e-07
    endloop
  endfacet
  facet normal 0 0 -1
    outer loop
      vertex 2.6503 13.324 -1.90735e-07
      vertex 4.78997 18.5965 -1.90735e-07
      vertex 3.30089 13.1779 -1.90735e-07
    endloop
  endfacet
  facet normal 0 0 -1
    outer loop
      vertex 1.99333 13.438 -1.90735e-07
      vertex 4.78997 18.5965 -1.90735e-07
      vertex 2.6503 13.324 -1.90735e-07
    endloop
  endfacet
  facet normal 0 0 -1
    outer loop
      vertex 1.33156 13.5196 -1.90735e-07
      vertex 4.78997 18.5965 -1.90735e-07
      vertex 1.99333 13.438 -1.90735e-07
    endloop
  endfacet
  facet normal 0 0 -1
    outer loop
      vertex 0.666584 13.5686 -1.90735e-07
      vertex 4.78997 18.5965 -1.90735e-07
      vertex 1.33156 13.5196 -1.90735e-07
    endloop
  endfacet
  facet normal 0 0 -1
    outer loop
      vertex 0 13.585 -1.90735e-07
      vertex 4.78997 18.5965 -1.90735e-07
      vertex 0.666584 13.5686 -1.90735e-07
    endloop
  endfacet
  facet normal 0 0 -1
    outer loop
      vertex 4.78997 18.5965 -1.90735e-07
      vertex -4.78997 18.5965 -1.90735e-07
      vertex 6.41945 21.4188 -1.90735e-07
    endloop
  endfacet
  facet normal -0 0 -1
    outer loop
      vertex 4.78997 18.5965 -1.90735e-07
      vertex 0 13.585 -1.90735e-07
      vertex -4.78997 18.5965 -1.90735e-07
    endloop
  endfacet
  facet normal 0 0 -1
    outer loop
      vertex -4.78997 18.5965 -1.90735e-07
      vertex 0 13.585 -1.90735e-07
      vertex -0.666584 13.5686 -1.90735e-07
    endloop
  endfacet
  facet normal 0 0 -1
    outer loop
      vertex -4.78997 18.5965 -1.90735e-07
      vertex -0.666584 13.5686 -1.90735e-07
      vertex -1.33156 13.5196 -1.90735e-07
    endloop
  endfacet
  facet normal 0 0 -1
    outer loop
      vertex -4.78997 18.5965 -1.90735e-07
      vertex -1.33156 13.5196 -1.90735e-07
      vertex -1.99333 13.438 -1.90735e-07
    endloop
  endfacet
  facet normal 0 0 -1
    outer loop
      vertex -4.78997 18.5965 -1.90735e-07
      vertex -1.99333 13.438 -1.90735e-07
      vertex -2.6503 13.324 -1.90735e-07
    endloop
  endfacet
  facet normal 0 0 -1
    outer loop
      vertex -4.78997 18.5965 -1.90735e-07
      vertex -2.6503 13.324 -1.90735e-07
      vertex -3.30089 13.1779 -1.90735e-07
    endloop
  endfacet
  facet normal 0 0 -1
    outer loop
      vertex -4.78997 18.5965 -1.90735e-07
      vertex -3.30089 13.1779 -1.90735e-07
      vertex -3.94352 13 -1.90735e-07
    endloop
  endfacet
  facet normal 0 0 -1
    outer loop
      vertex -4.78997 18.5965 -1.90735e-07
      vertex -3.94352 13 -1.90735e-07
      vertex -4.57665 12.7909 -1.90735e-07
    endloop
  endfacet
  facet normal 0 0 -1
    outer loop
      vertex -6.41945 21.4188 -1.90735e-07
      vertex 6.41945 21.4188 -1.90735e-07
      vertex -4.78997 18.5965 -1.90735e-07
    endloop
  endfacet
  facet normal 0 0 -1
    outer loop
      vertex -6.76533 22.0179 -1.90735e-07
      vertex 6.41945 21.4188 -1.90735e-07
      vertex -6.41945 21.4188 -1.90735e-07
    endloop
  endfacet
  facet normal 0 0 -1
    outer loop
      vertex 6.76533 22.0179 -1.90735e-07
      vertex -6.76533 22.0179 -1.90735e-07
      vertex 7.04023 22.494 -1.90735e-07
    endloop
  endfacet
  facet normal -0 0 -1
    outer loop
      vertex 7.04023 22.494 -1.90735e-07
      vertex -6.76533 22.0179 -1.90735e-07
      vertex -7.04023 22.494 -1.90735e-07
    endloop
  endfacet
  facet normal 0 0 -1
    outer loop
      vertex -18.5 5.15 -1.90735e-07
      vertex -13.324 2.6503 -1.90735e-07
      vertex -13.438 1.99333 -1.90735e-07
    endloop
  endfacet
  facet normal 0 0 -1
    outer loop
      vertex -13.324 2.6503 -1.90735e-07
      vertex -13.4415 8.7326 -1.90735e-07
      vertex -13.4274 9.16365 -1.90735e-07
    endloop
  endfacet
  facet normal 0 0 -1
    outer loop
      vertex -18.5 5.15 -1.90735e-07
      vertex -13.438 1.99333 -1.90735e-07
      vertex -13.5196 1.33156 -1.90735e-07
    endloop
  endfacet
  facet normal 0 0 -1
    outer loop
      vertex -13.324 2.6503 -1.90735e-07
      vertex -13.5394 8.31259 -1.90735e-07
      vertex -13.4415 8.7326 -1.90735e-07
    endloop
  endfacet
  facet normal 0 0 -1
    outer loop
      vertex -18.5 5.15 -1.90735e-07
      vertex -13.5196 1.33156 -1.90735e-07
      vertex -13.5686 0.666584 -1.90735e-07
    endloop
  endfacet
  facet normal 0 0 -1
    outer loop
      vertex -18.5 5.15 -1.90735e-07
      vertex -13.5686 0.666584 -1.90735e-07
      vertex -13.585 0 -1.90735e-07
    endloop
  endfacet
  facet normal -0 0 -1
    outer loop
      vertex -13.5686 -0.666584 -1.90735e-07
      vertex -18.5 -5.15 -1.90735e-07
      vertex -13.585 0 -1.90735e-07
    endloop
  endfacet
  facet normal 0 0 -1
    outer loop
      vertex -13.324 2.6503 -1.90735e-07
      vertex -13.7174 7.91976 -1.90735e-07
      vertex -13.5394 8.31259 -1.90735e-07
    endloop
  endfacet
  facet normal 0 0 -1
    outer loop
      vertex -13.324 2.6503 -1.90735e-07
      vertex -13.9686 7.5692 -1.90735e-07
      vertex -13.7174 7.91976 -1.90735e-07
    endloop
  endfacet
  facet normal 0 0 -1
    outer loop
      vertex -13.324 2.6503 -1.90735e-07
      vertex -14.2834 7.27438 -1.90735e-07
      vertex -13.9686 7.5692 -1.90735e-07
    endloop
  endfacet
  facet normal 0 0 -1
    outer loop
      vertex -18.5 5.15 -1.90735e-07
      vertex -13.585 0 -1.90735e-07
      vertex -18.5 -5.15 -1.90735e-07
    endloop
  endfacet
  facet normal 0 0 -1
    outer loop
      vertex -13.324 2.6503 -1.90735e-07
      vertex -14.6496 7.04664 -1.90735e-07
      vertex -14.2834 7.27438 -1.90735e-07
    endloop
  endfacet
  facet normal 0 0 -1
    outer loop
      vertex -22.2353 -6.47534 -1.90735e-07
      vertex -13.71 -13.4465 -1.90735e-07
      vertex -15.3395 -16.2688 -1.90735e-07
    endloop
  endfacet
  facet normal 0 0 -1
    outer loop
      vertex -13.324 2.6503 -1.90735e-07
      vertex -15.0533 6.89472 -1.90735e-07
      vertex -14.6496 7.04664 -1.90735e-07
    endloop
  endfacet
  facet normal 0 0 -1
    outer loop
      vertex -22.2353 -6.47534 -1.90735e-07
      vertex -15.3395 -16.2688 -1.90735e-07
      vertex -15.6854 -16.8679 -1.90735e-07
    endloop
  endfacet
  facet normal 0 -0 -1
    outer loop
      vertex -15.9098 6.83858 -1.90735e-07
      vertex -13.324 2.6503 -1.90735e-07
      vertex -18.5 5.15 -1.90735e-07
    endloop
  endfacet
  facet normal 0 0 -1
    outer loop
      vertex -22.2353 -6.47534 -1.90735e-07
      vertex -15.6854 -16.8679 -1.90735e-07
      vertex -15.9603 -17.344 -1.90735e-07
    endloop
  endfacet
  facet normal 0 0 -1
    outer loop
      vertex -13.324 2.6503 -1.90735e-07
      vertex -15.4788 6.82447 -1.90735e-07
      vertex -15.0533 6.89472 -1.90735e-07
    endloop
  endfacet
  facet normal 0 0 -1
    outer loop
      vertex -13.324 2.6503 -1.90735e-07
      vertex -15.9098 6.83858 -1.90735e-07
      vertex -15.4788 6.82447 -1.90735e-07
    endloop
  endfacet
  facet normal -0 0 -1
    outer loop
      vertex -15.9098 6.83858 -1.90735e-07
      vertex -18.5 5.15 -1.90735e-07
      vertex -16.3298 6.93651 -1.90735e-07
    endloop
  endfacet
  facet normal -0 0 -1
    outer loop
      vertex -16.3298 6.93651 -1.90735e-07
      vertex -18.5 5.15 -1.90735e-07
      vertex -16.7227 7.1145 -1.90735e-07
    endloop
  endfacet
  facet normal -0 0 -1
    outer loop
      vertex -16.7227 7.1145 -1.90735e-07
      vertex -18.5 5.15 -1.90735e-07
      vertex -17.0732 7.36571 -1.90735e-07
    endloop
  endfacet
  facet normal -0 0 -1
    outer loop
      vertex -17.0732 7.36571 -1.90735e-07
      vertex -18.5 5.15 -1.90735e-07
      vertex -17.3681 7.68048 -1.90735e-07
    endloop
  endfacet
  facet normal -0 0 -1
    outer loop
      vertex -17.3681 7.68048 -1.90735e-07
      vertex -18.5 5.15 -1.90735e-07
      vertex -17.5958 8.04672 -1.90735e-07
    endloop
  endfacet
  facet normal -0 0 -1
    outer loop
      vertex -17.5958 8.04672 -1.90735e-07
      vertex -18.5 5.15 -1.90735e-07
      vertex -17.7477 8.45036 -1.90735e-07
    endloop
  endfacet
  facet normal 0 0 -1
    outer loop
      vertex -13.71 -13.4465 -1.90735e-07
      vertex -22.2353 -6.47534 -1.90735e-07
      vertex -18.5 -5.15 -1.90735e-07
    endloop
  endfacet
  facet normal -0 0 -1
    outer loop
      vertex -18.5 -5.15 -1.90735e-07
      vertex -22.2353 -6.47534 -1.90735e-07
      vertex -23.0005 -5.15 -1.90735e-07
    endloop
  endfacet
  facet normal 0 0 -1
    outer loop
      vertex -5.19875 12.5509 -1.90735e-07
      vertex -4.78997 18.5965 -1.90735e-07
      vertex -4.57665 12.7909 -1.90735e-07
    endloop
  endfacet
  facet normal 0 0 -1
    outer loop
      vertex -5.80834 12.2807 -1.90735e-07
      vertex -4.78997 18.5965 -1.90735e-07
      vertex -5.19875 12.5509 -1.90735e-07
    endloop
  endfacet
  facet normal 0 0 -1
    outer loop
      vertex -6.40392 11.9809 -1.90735e-07
      vertex -4.78997 18.5965 -1.90735e-07
      vertex -5.80834 12.2807 -1.90735e-07
    endloop
  endfacet
  facet normal 0 0 -1
    outer loop
      vertex -6.98409 11.6522 -1.90735e-07
      vertex -4.78997 18.5965 -1.90735e-07
      vertex -6.40392 11.9809 -1.90735e-07
    endloop
  endfacet
  facet normal 0 0 -1
    outer loop
      vertex -13.71 13.4465 -1.90735e-07
      vertex -6.98409 11.6522 -1.90735e-07
      vertex -7.54742 11.2955 -1.90735e-07
    endloop
  endfacet
  facet normal 0 0 -1
    outer loop
      vertex -13.71 13.4465 -1.90735e-07
      vertex -7.54742 11.2955 -1.90735e-07
      vertex -8.09257 10.9116 -1.90735e-07
    endloop
  endfacet
  facet normal 0 0 -1
    outer loop
      vertex -13.71 13.4465 -1.90735e-07
      vertex -8.09257 10.9116 -1.90735e-07
      vertex -8.61823 10.5013 -1.90735e-07
    endloop
  endfacet
  facet normal 0 0 -1
    outer loop
      vertex -13.71 13.4465 -1.90735e-07
      vertex -8.61823 10.5013 -1.90735e-07
      vertex -9.12313 10.0658 -1.90735e-07
    endloop
  endfacet
  facet normal 0 0 -1
    outer loop
      vertex -13.71 13.4465 -1.90735e-07
      vertex -9.12313 10.0658 -1.90735e-07
      vertex -9.60604 9.60604 -1.90735e-07
    endloop
  endfacet
  facet normal 0 0 -1
    outer loop
      vertex -13.6496 9.99279 -1.90735e-07
      vertex -9.60604 9.60604 -1.90735e-07
      vertex -10.0658 9.12313 -1.90735e-07
    endloop
  endfacet
  facet normal 0 0 -1
    outer loop
      vertex -13.4976 9.58916 -1.90735e-07
      vertex -10.0658 9.12313 -1.90735e-07
      vertex -10.5013 8.61823 -1.90735e-07
    endloop
  endfacet
  facet normal 0 0 -1
    outer loop
      vertex -13.4274 9.16365 -1.90735e-07
      vertex -10.5013 8.61823 -1.90735e-07
      vertex -10.9116 8.09257 -1.90735e-07
    endloop
  endfacet
  facet normal 0 0 -1
    outer loop
      vertex -13.4274 9.16365 -1.90735e-07
      vertex -10.9116 8.09257 -1.90735e-07
      vertex -11.2955 7.54742 -1.90735e-07
    endloop
  endfacet
  facet normal 0 0 -1
    outer loop
      vertex -13.4274 9.16365 -1.90735e-07
      vertex -11.2955 7.54742 -1.90735e-07
      vertex -11.6522 6.98409 -1.90735e-07
    endloop
  endfacet
  facet normal 0 0 -1
    outer loop
      vertex -13.4274 9.16365 -1.90735e-07
      vertex -13.1779 3.30089 -1.90735e-07
      vertex -13.324 2.6503 -1.90735e-07
    endloop
  endfacet
  facet normal 0 0 -1
    outer loop
      vertex -13.4274 9.16365 -1.90735e-07
      vertex -13 3.94352 -1.90735e-07
      vertex -13.1779 3.30089 -1.90735e-07
    endloop
  endfacet
  facet normal 0 0 -1
    outer loop
      vertex -13.4274 9.16365 -1.90735e-07
      vertex -12.7909 4.57665 -1.90735e-07
      vertex -13 3.94352 -1.90735e-07
    endloop
  endfacet
  facet normal 0 0 -1
    outer loop
      vertex -13.4274 9.16365 -1.90735e-07
      vertex -12.5509 5.19875 -1.90735e-07
      vertex -12.7909 4.57665 -1.90735e-07
    endloop
  endfacet
  facet normal 0 0 -1
    outer loop
      vertex -13.4274 9.16365 -1.90735e-07
      vertex -12.2807 5.80834 -1.90735e-07
      vertex -12.5509 5.19875 -1.90735e-07
    endloop
  endfacet
  facet normal 0 0 -1
    outer loop
      vertex -13.4274 9.16365 -1.90735e-07
      vertex -11.9809 6.40392 -1.90735e-07
      vertex -12.2807 5.80834 -1.90735e-07
    endloop
  endfacet
  facet normal 0 0 -1
    outer loop
      vertex -13.4274 9.16365 -1.90735e-07
      vertex -11.6522 6.98409 -1.90735e-07
      vertex -11.9809 6.40392 -1.90735e-07
    endloop
  endfacet
  facet normal 0 0 -1
    outer loop
      vertex -10.5013 8.61823 -1.90735e-07
      vertex -13.4274 9.16365 -1.90735e-07
      vertex -13.4976 9.58916 -1.90735e-07
    endloop
  endfacet
  facet normal 0 0 -1
    outer loop
      vertex -10.0658 9.12313 -1.90735e-07
      vertex -13.4976 9.58916 -1.90735e-07
      vertex -13.6496 9.99279 -1.90735e-07
    endloop
  endfacet
  facet normal 0 0 -1
    outer loop
      vertex -9.60604 9.60604 -1.90735e-07
      vertex -13.6496 9.99279 -1.90735e-07
      vertex -13.8773 10.359 -1.90735e-07
    endloop
  endfacet
  facet normal 0 0 -1
    outer loop
      vertex -6.98409 11.6522 -1.90735e-07
      vertex -13.71 13.4465 -1.90735e-07
      vertex -4.78997 18.5965 -1.90735e-07
    endloop
  endfacet
  facet normal 0 0 -1
    outer loop
      vertex -9.60604 9.60604 -1.90735e-07
      vertex -13.8773 10.359 -1.90735e-07
      vertex -13.71 13.4465 -1.90735e-07
    endloop
  endfacet
  facet normal 0 0 -1
    outer loop
      vertex -14.1721 10.6738 -1.90735e-07
      vertex -13.71 13.4465 -1.90735e-07
      vertex -13.8773 10.359 -1.90735e-07
    endloop
  endfacet
  facet normal 0 0 -1
    outer loop
      vertex -14.5227 10.925 -1.90735e-07
      vertex -13.71 13.4465 -1.90735e-07
      vertex -14.1721 10.6738 -1.90735e-07
    endloop
  endfacet
  facet normal 0 0 -1
    outer loop
      vertex -14.9155 11.103 -1.90735e-07
      vertex -13.71 13.4465 -1.90735e-07
      vertex -14.5227 10.925 -1.90735e-07
    endloop
  endfacet
  facet normal 0 0 -1
    outer loop
      vertex -15.3355 11.2009 -1.90735e-07
      vertex -13.71 13.4465 -1.90735e-07
      vertex -14.9155 11.103 -1.90735e-07
    endloop
  endfacet
  facet normal 0 0 -1
    outer loop
      vertex -15.7666 11.215 -1.90735e-07
      vertex -13.71 13.4465 -1.90735e-07
      vertex -15.3355 11.2009 -1.90735e-07
    endloop
  endfacet
  facet normal 0 0 -1
    outer loop
      vertex -16.7255 16.0187 -1.90735e-07
      vertex -13.71 13.4465 -1.90735e-07
      vertex -15.7666 11.215 -1.90735e-07
    endloop
  endfacet
  facet normal 0 0 -1
    outer loop
      vertex -13.71 13.4465 -1.90735e-07
      vertex -16.7255 16.0187 -1.90735e-07
      vertex -15.3395 16.2688 -1.90735e-07
    endloop
  endfacet
  facet normal -0 0 -1
    outer loop
      vertex -15.3395 16.2688 -1.90735e-07
      vertex -16.7255 16.0187 -1.90735e-07
      vertex -15.6854 16.8679 -1.90735e-07
    endloop
  endfacet
  facet normal 0 0 -1
    outer loop
      vertex -16.7255 16.0187 -1.90735e-07
      vertex -15.7666 11.215 -1.90735e-07
      vertex -16.1921 11.1448 -1.90735e-07
    endloop
  endfacet
  facet normal 0 0 -1
    outer loop
      vertex -16.7255 16.0187 -1.90735e-07
      vertex -16.1921 11.1448 -1.90735e-07
      vertex -16.5957 10.9929 -1.90735e-07
    endloop
  endfacet
  facet normal -0 0 -1
    outer loop
      vertex -15.6854 16.8679 -1.90735e-07
      vertex -16.7255 16.0187 -1.90735e-07
      vertex -15.9603 17.344 -1.90735e-07
    endloop
  endfacet
  facet normal 0 0 -1
    outer loop
      vertex -16.962 10.7651 -1.90735e-07
      vertex -16.7255 16.0187 -1.90735e-07
      vertex -16.5957 10.9929 -1.90735e-07
    endloop
  endfacet
  facet normal 0 0 -1
    outer loop
      vertex -17.2767 10.4703 -1.90735e-07
      vertex -16.7255 16.0187 -1.90735e-07
      vertex -16.962 10.7651 -1.90735e-07
    endloop
  endfacet
  facet normal 0 0 -1
    outer loop
      vertex -17.5279 10.1198 -1.90735e-07
      vertex -16.7255 16.0187 -1.90735e-07
      vertex -17.2767 10.4703 -1.90735e-07
    endloop
  endfacet
  facet normal 0 0 -1
    outer loop
      vertex -23.0005 5.15 -1.90735e-07
      vertex -17.5279 10.1198 -1.90735e-07
      vertex -17.7059 9.72693 -1.90735e-07
    endloop
  endfacet
  facet normal 0 0 -1
    outer loop
      vertex -23.0005 5.15 -1.90735e-07
      vertex -17.7059 9.72693 -1.90735e-07
      vertex -17.8039 9.30692 -1.90735e-07
    endloop
  endfacet
  facet normal 0 0 -1
    outer loop
      vertex -23.0005 5.15 -1.90735e-07
      vertex -17.7477 8.45036 -1.90735e-07
      vertex -18.5 5.15 -1.90735e-07
    endloop
  endfacet
  facet normal -0 0 -1
    outer loop
      vertex -17.7477 8.45036 -1.90735e-07
      vertex -23.0005 5.15 -1.90735e-07
      vertex -17.818 8.87587 -1.90735e-07
    endloop
  endfacet
  facet normal -0 0 -1
    outer loop
      vertex -17.818 8.87587 -1.90735e-07
      vertex -23.0005 5.15 -1.90735e-07
      vertex -17.8039 9.30692 -1.90735e-07
    endloop
  endfacet
  facet normal -0 0 -1
    outer loop
      vertex -17.5279 10.1198 -1.90735e-07
      vertex -23.0005 5.15 -1.90735e-07
      vertex -16.7255 16.0187 -1.90735e-07
    endloop
  endfacet
  facet normal 0 0 -1
    outer loop
      vertex 2.03253 -17.1976 -1.90735e-07
      vertex 4.78997 -18.5965 -1.90735e-07
      vertex 2.15773 -17.6103 -1.90735e-07
    endloop
  endfacet
  facet normal 0 0 -1
    outer loop
      vertex 1.82923 -16.8173 -1.90735e-07
      vertex 3.30089 -13.1779 -1.90735e-07
      vertex 2.03253 -17.1976 -1.90735e-07
    endloop
  endfacet
  facet normal 0 0 -1
    outer loop
      vertex 3.30089 -13.1779 -1.90735e-07
      vertex 1.82923 -16.8173 -1.90735e-07
      vertex 2.6503 -13.324 -1.90735e-07
    endloop
  endfacet
  facet normal 0 0 -1
    outer loop
      vertex 1.55563 -16.4839 -1.90735e-07
      vertex 2.6503 -13.324 -1.90735e-07
      vertex 1.82923 -16.8173 -1.90735e-07
    endloop
  endfacet
  facet normal 0 0 -1
    outer loop
      vertex 2.6503 -13.324 -1.90735e-07
      vertex 1.55563 -16.4839 -1.90735e-07
      vertex 1.99333 -13.438 -1.90735e-07
    endloop
  endfacet
  facet normal 0 0 -1
    outer loop
      vertex 1.22225 -16.2103 -1.90735e-07
      vertex 1.99333 -13.438 -1.90735e-07
      vertex 1.55563 -16.4839 -1.90735e-07
    endloop
  endfacet
  facet normal 0 0 -1
    outer loop
      vertex 1.99333 -13.438 -1.90735e-07
      vertex 1.22225 -16.2103 -1.90735e-07
      vertex 1.33156 -13.5196 -1.90735e-07
    endloop
  endfacet
  facet normal 0 0 -1
    outer loop
      vertex 0.841903 -16.007 -1.90735e-07
      vertex 1.33156 -13.5196 -1.90735e-07
      vertex 1.22225 -16.2103 -1.90735e-07
    endloop
  endfacet
  facet normal 0 0 -1
    outer loop
      vertex 0.841903 -16.007 -1.90735e-07
      vertex 0.666584 -13.5686 -1.90735e-07
      vertex 1.33156 -13.5196 -1.90735e-07
    endloop
  endfacet
  facet normal 0 0 -1
    outer loop
      vertex 0.429198 -15.8818 -1.90735e-07
      vertex 0.666584 -13.5686 -1.90735e-07
      vertex 0.841903 -16.007 -1.90735e-07
    endloop
  endfacet
  facet normal 0 0 -1
    outer loop
      vertex 0 -13.585 -1.90735e-07
      vertex 0.429198 -15.8818 -1.90735e-07
      vertex 0 -15.8395 -1.90735e-07
    endloop
  endfacet
  facet normal 0 0 -1
    outer loop
      vertex 0.429198 -15.8818 -1.90735e-07
      vertex 0 -13.585 -1.90735e-07
      vertex 0.666584 -13.5686 -1.90735e-07
    endloop
  endfacet
  facet normal 0 0 -1
    outer loop
      vertex -0.429198 -15.8818 -1.90735e-07
      vertex 0 -13.585 -1.90735e-07
      vertex 0 -15.8395 -1.90735e-07
    endloop
  endfacet
  facet normal 0 0 -1
    outer loop
      vertex -0.429198 -15.8818 -1.90735e-07
      vertex -0.666584 -13.5686 -1.90735e-07
      vertex 0 -13.585 -1.90735e-07
    endloop
  endfacet
  facet normal 0 0 -1
    outer loop
      vertex -0.841903 -16.007 -1.90735e-07
      vertex -0.666584 -13.5686 -1.90735e-07
      vertex -0.429198 -15.8818 -1.90735e-07
    endloop
  endfacet
  facet normal 0 0 -1
    outer loop
      vertex -1.33156 -13.5196 -1.90735e-07
      vertex -0.841903 -16.007 -1.90735e-07
      vertex -1.22225 -16.2103 -1.90735e-07
    endloop
  endfacet
  facet normal 0 0 -1
    outer loop
      vertex -0.841903 -16.007 -1.90735e-07
      vertex -1.33156 -13.5196 -1.90735e-07
      vertex -0.666584 -13.5686 -1.90735e-07
    endloop
  endfacet
  facet normal 0 0 -1
    outer loop
      vertex -1.99333 -13.438 -1.90735e-07
      vertex -1.22225 -16.2103 -1.90735e-07
      vertex -1.55563 -16.4839 -1.90735e-07
    endloop
  endfacet
  facet normal 0 0 -1
    outer loop
      vertex -2.6503 -13.324 -1.90735e-07
      vertex -1.55563 -16.4839 -1.90735e-07
      vertex -1.82923 -16.8173 -1.90735e-07
    endloop
  endfacet
  facet normal 0 0 -1
    outer loop
      vertex -1.22225 -16.2103 -1.90735e-07
      vertex -1.99333 -13.438 -1.90735e-07
      vertex -1.33156 -13.5196 -1.90735e-07
    endloop
  endfacet
  facet normal 0 0 -1
    outer loop
      vertex -3.30089 -13.1779 -1.90735e-07
      vertex -1.82923 -16.8173 -1.90735e-07
      vertex -2.03253 -17.1976 -1.90735e-07
    endloop
  endfacet
  facet normal 0 0 -1
    outer loop
      vertex -3.30089 -13.1779 -1.90735e-07
      vertex -2.03253 -17.1976 -1.90735e-07
      vertex -2.15773 -17.6103 -1.90735e-07
    endloop
  endfacet
  facet normal 0 0 -1
    outer loop
      vertex -4.78997 -18.5965 -1.90735e-07
      vertex -2.15773 -17.6103 -1.90735e-07
      vertex -2.2 -18.0395 -1.90735e-07
    endloop
  endfacet
  facet normal 0 0 -1
    outer loop
      vertex -1.55563 -16.4839 -1.90735e-07
      vertex -2.6503 -13.324 -1.90735e-07
      vertex -1.99333 -13.438 -1.90735e-07
    endloop
  endfacet
  facet normal 0 0 -1
    outer loop
      vertex -4.78997 -18.5965 -1.90735e-07
      vertex -5.19875 -12.5509 -1.90735e-07
      vertex -4.57665 -12.7909 -1.90735e-07
    endloop
  endfacet
  facet normal 0 0 -1
    outer loop
      vertex -4.78997 -18.5965 -1.90735e-07
      vertex -5.80834 -12.2807 -1.90735e-07
      vertex -5.19875 -12.5509 -1.90735e-07
    endloop
  endfacet
  facet normal 0 0 -1
    outer loop
      vertex -4.78997 -18.5965 -1.90735e-07
      vertex -6.40392 -11.9809 -1.90735e-07
      vertex -5.80834 -12.2807 -1.90735e-07
    endloop
  endfacet
  facet normal 0 0 -1
    outer loop
      vertex -4.78997 -18.5965 -1.90735e-07
      vertex -6.98409 -11.6522 -1.90735e-07
      vertex -6.40392 -11.9809 -1.90735e-07
    endloop
  endfacet
  facet normal 0 0 -1
    outer loop
      vertex -13.71 -13.4465 -1.90735e-07
      vertex -6.98409 -11.6522 -1.90735e-07
      vertex -4.78997 -18.5965 -1.90735e-07
    endloop
  endfacet
  facet normal -0 0 -1
    outer loop
      vertex -6.98409 -11.6522 -1.90735e-07
      vertex -13.71 -13.4465 -1.90735e-07
      vertex -7.54742 -11.2955 -1.90735e-07
    endloop
  endfacet
  facet normal -0 0 -1
    outer loop
      vertex -7.54742 -11.2955 -1.90735e-07
      vertex -13.71 -13.4465 -1.90735e-07
      vertex -8.09257 -10.9116 -1.90735e-07
    endloop
  endfacet
  facet normal -0 0 -1
    outer loop
      vertex -8.09257 -10.9116 -1.90735e-07
      vertex -13.71 -13.4465 -1.90735e-07
      vertex -8.61823 -10.5013 -1.90735e-07
    endloop
  endfacet
  facet normal -0 0 -1
    outer loop
      vertex -8.61823 -10.5013 -1.90735e-07
      vertex -13.71 -13.4465 -1.90735e-07
      vertex -9.12313 -10.0658 -1.90735e-07
    endloop
  endfacet
  facet normal -0 0 -1
    outer loop
      vertex -9.12313 -10.0658 -1.90735e-07
      vertex -13.71 -13.4465 -1.90735e-07
      vertex -9.60604 -9.60604 -1.90735e-07
    endloop
  endfacet
  facet normal -0 0 -1
    outer loop
      vertex -9.60604 -9.60604 -1.90735e-07
      vertex -13.71 -13.4465 -1.90735e-07
      vertex -10.0658 -9.12313 -1.90735e-07
    endloop
  endfacet
  facet normal -0 0 -1
    outer loop
      vertex -10.0658 -9.12313 -1.90735e-07
      vertex -13.71 -13.4465 -1.90735e-07
      vertex -10.5013 -8.61823 -1.90735e-07
    endloop
  endfacet
  facet normal -0 0 -1
    outer loop
      vertex -10.5013 -8.61823 -1.90735e-07
      vertex -13.71 -13.4465 -1.90735e-07
      vertex -10.9116 -8.09257 -1.90735e-07
    endloop
  endfacet
  facet normal -0 0 -1
    outer loop
      vertex -10.9116 -8.09257 -1.90735e-07
      vertex -13.71 -13.4465 -1.90735e-07
      vertex -11.2955 -7.54742 -1.90735e-07
    endloop
  endfacet
  facet normal -0 0 -1
    outer loop
      vertex -13.5196 -1.33156 -1.90735e-07
      vertex -18.5 -5.15 -1.90735e-07
      vertex -13.5686 -0.666584 -1.90735e-07
    endloop
  endfacet
  facet normal -0 0 -1
    outer loop
      vertex -13.438 -1.99333 -1.90735e-07
      vertex -18.5 -5.15 -1.90735e-07
      vertex -13.5196 -1.33156 -1.90735e-07
    endloop
  endfacet
  facet normal -0 0 -1
    outer loop
      vertex -13.324 -2.6503 -1.90735e-07
      vertex -18.5 -5.15 -1.90735e-07
      vertex -13.438 -1.99333 -1.90735e-07
    endloop
  endfacet
  facet normal -0 0 -1
    outer loop
      vertex -13.1779 -3.30089 -1.90735e-07
      vertex -18.5 -5.15 -1.90735e-07
      vertex -13.324 -2.6503 -1.90735e-07
    endloop
  endfacet
  facet normal -0 0 -1
    outer loop
      vertex -13 -3.94352 -1.90735e-07
      vertex -18.5 -5.15 -1.90735e-07
      vertex -13.1779 -3.30089 -1.90735e-07
    endloop
  endfacet
  facet normal -0 0 -1
    outer loop
      vertex -12.7909 -4.57665 -1.90735e-07
      vertex -18.5 -5.15 -1.90735e-07
      vertex -13 -3.94352 -1.90735e-07
    endloop
  endfacet
  facet normal 0 0 -1
    outer loop
      vertex -12.5509 -5.19875 -1.90735e-07
      vertex -18.5 -5.15 -1.90735e-07
      vertex -12.7909 -4.57665 -1.90735e-07
    endloop
  endfacet
  facet normal 0 0 -1
    outer loop
      vertex -12.2807 -5.80834 -1.90735e-07
      vertex -18.5 -5.15 -1.90735e-07
      vertex -12.5509 -5.19875 -1.90735e-07
    endloop
  endfacet
  facet normal 0 0 -1
    outer loop
      vertex -11.9809 -6.40392 -1.90735e-07
      vertex -18.5 -5.15 -1.90735e-07
      vertex -12.2807 -5.80834 -1.90735e-07
    endloop
  endfacet
  facet normal 0 0 -1
    outer loop
      vertex -11.6522 -6.98409 -1.90735e-07
      vertex -18.5 -5.15 -1.90735e-07
      vertex -11.9809 -6.40392 -1.90735e-07
    endloop
  endfacet
  facet normal 0 0 -1
    outer loop
      vertex -18.5 -5.15 -1.90735e-07
      vertex -11.6522 -6.98409 -1.90735e-07
      vertex -13.71 -13.4465 -1.90735e-07
    endloop
  endfacet
  facet normal -0 0 -1
    outer loop
      vertex -11.2955 -7.54742 -1.90735e-07
      vertex -13.71 -13.4465 -1.90735e-07
      vertex -11.6522 -6.98409 -1.90735e-07
    endloop
  endfacet
  facet normal 0 0 -1
    outer loop
      vertex 18.5 -5.15 -1.90735e-07
      vertex 13.5686 -0.666584 -1.90735e-07
      vertex 13.585 0 -1.90735e-07
    endloop
  endfacet
  facet normal 0 0 -1
    outer loop
      vertex 18.5 -5.15 -1.90735e-07
      vertex 13.5196 -1.33156 -1.90735e-07
      vertex 13.5686 -0.666584 -1.90735e-07
    endloop
  endfacet
  facet normal 0 0 -1
    outer loop
      vertex 18.5 -5.15 -1.90735e-07
      vertex 13.438 -1.99333 -1.90735e-07
      vertex 13.5196 -1.33156 -1.90735e-07
    endloop
  endfacet
  facet normal 0 0 -1
    outer loop
      vertex 18.5 -5.15 -1.90735e-07
      vertex 13.324 -2.6503 -1.90735e-07
      vertex 13.438 -1.99333 -1.90735e-07
    endloop
  endfacet
  facet normal 0 0 -1
    outer loop
      vertex 18.5 -5.15 -1.90735e-07
      vertex 13.1779 -3.30089 -1.90735e-07
      vertex 13.324 -2.6503 -1.90735e-07
    endloop
  endfacet
  facet normal 0 0 -1
    outer loop
      vertex 18.5 -5.15 -1.90735e-07
      vertex 13 -3.94352 -1.90735e-07
      vertex 13.1779 -3.30089 -1.90735e-07
    endloop
  endfacet
  facet normal 0 0 -1
    outer loop
      vertex 18.5 -5.15 -1.90735e-07
      vertex 12.7909 -4.57665 -1.90735e-07
      vertex 13 -3.94352 -1.90735e-07
    endloop
  endfacet
  facet normal -0 0 -1
    outer loop
      vertex 18.5 -5.15 -1.90735e-07
      vertex 12.5509 -5.19875 -1.90735e-07
      vertex 12.7909 -4.57665 -1.90735e-07
    endloop
  endfacet
  facet normal 0 0 -1
    outer loop
      vertex 18.5 -5.15 -1.90735e-07
      vertex 12.2807 -5.80834 -1.90735e-07
      vertex 12.5509 -5.19875 -1.90735e-07
    endloop
  endfacet
  facet normal 0 0 -1
    outer loop
      vertex 18.5 -5.15 -1.90735e-07
      vertex 11.9809 -6.40392 -1.90735e-07
      vertex 12.2807 -5.80834 -1.90735e-07
    endloop
  endfacet
  facet normal 0 0 -1
    outer loop
      vertex 18.5 -5.15 -1.90735e-07
      vertex 11.6522 -6.98409 -1.90735e-07
      vertex 11.9809 -6.40392 -1.90735e-07
    endloop
  endfacet
  facet normal 0 0 -1
    outer loop
      vertex 13.71 -13.4465 -1.90735e-07
      vertex 11.2955 -7.54742 -1.90735e-07
      vertex 11.6522 -6.98409 -1.90735e-07
    endloop
  endfacet
  facet normal 0 0 -1
    outer loop
      vertex 13.71 -13.4465 -1.90735e-07
      vertex 10.9116 -8.09257 -1.90735e-07
      vertex 11.2955 -7.54742 -1.90735e-07
    endloop
  endfacet
  facet normal 0 0 -1
    outer loop
      vertex 13.71 -13.4465 -1.90735e-07
      vertex 10.5013 -8.61823 -1.90735e-07
      vertex 10.9116 -8.09257 -1.90735e-07
    endloop
  endfacet
  facet normal 0 0 -1
    outer loop
      vertex 13.71 -13.4465 -1.90735e-07
      vertex 10.0658 -9.12313 -1.90735e-07
      vertex 10.5013 -8.61823 -1.90735e-07
    endloop
  endfacet
  facet normal 0 0 -1
    outer loop
      vertex 13.71 -13.4465 -1.90735e-07
      vertex 9.60604 -9.60604 -1.90735e-07
      vertex 10.0658 -9.12313 -1.90735e-07
    endloop
  endfacet
  facet normal 0 0 -1
    outer loop
      vertex 13.71 -13.4465 -1.90735e-07
      vertex 9.12313 -10.0658 -1.90735e-07
      vertex 9.60604 -9.60604 -1.90735e-07
    endloop
  endfacet
  facet normal 0 0 -1
    outer loop
      vertex 13.71 -13.4465 -1.90735e-07
      vertex 8.61823 -10.5013 -1.90735e-07
      vertex 9.12313 -10.0658 -1.90735e-07
    endloop
  endfacet
  facet normal 0 0 -1
    outer loop
      vertex 13.71 -13.4465 -1.90735e-07
      vertex 8.09257 -10.9116 -1.90735e-07
      vertex 8.61823 -10.5013 -1.90735e-07
    endloop
  endfacet
  facet normal 0 0 -1
    outer loop
      vertex 13.71 -13.4465 -1.90735e-07
      vertex 7.54742 -11.2955 -1.90735e-07
      vertex 8.09257 -10.9116 -1.90735e-07
    endloop
  endfacet
  facet normal 0 0 -1
    outer loop
      vertex 13.71 -13.4465 -1.90735e-07
      vertex 6.98409 -11.6522 -1.90735e-07
      vertex 7.54742 -11.2955 -1.90735e-07
    endloop
  endfacet
  facet normal 0 0 -1
    outer loop
      vertex 4.78997 -18.5965 -1.90735e-07
      vertex 6.98409 -11.6522 -1.90735e-07
      vertex 13.71 -13.4465 -1.90735e-07
    endloop
  endfacet
  facet normal 0 0 -1
    outer loop
      vertex 6.98409 -11.6522 -1.90735e-07
      vertex 4.78997 -18.5965 -1.90735e-07
      vertex 6.40392 -11.9809 -1.90735e-07
    endloop
  endfacet
  facet normal 0 0 -1
    outer loop
      vertex 6.40392 -11.9809 -1.90735e-07
      vertex 4.78997 -18.5965 -1.90735e-07
      vertex 5.80834 -12.2807 -1.90735e-07
    endloop
  endfacet
  facet normal 0 0 -1
    outer loop
      vertex 5.80834 -12.2807 -1.90735e-07
      vertex 4.78997 -18.5965 -1.90735e-07
      vertex 5.19875 -12.5509 -1.90735e-07
    endloop
  endfacet
  facet normal 0 0 -1
    outer loop
      vertex 5.19875 -12.5509 -1.90735e-07
      vertex 4.78997 -18.5965 -1.90735e-07
      vertex 4.57665 -12.7909 -1.90735e-07
    endloop
  endfacet
  facet normal 0 0 -1
    outer loop
      vertex 13.585 0 -1.90735e-07
      vertex 18.5 5.15 -1.90735e-07
      vertex 18.5 -5.15 -1.90735e-07
    endloop
  endfacet
  facet normal 0 0 -1
    outer loop
      vertex 18.5 5.15 -1.90735e-07
      vertex 17.7477 8.45036 -1.90735e-07
      vertex 17.818 8.87587 -1.90735e-07
    endloop
  endfacet
  facet normal 0 0 -1
    outer loop
      vertex 18.5 5.15 -1.90735e-07
      vertex 17.5958 8.04672 -1.90735e-07
      vertex 17.7477 8.45036 -1.90735e-07
    endloop
  endfacet
  facet normal 0 0 -1
    outer loop
      vertex 18.5 5.15 -1.90735e-07
      vertex 17.3681 7.68048 -1.90735e-07
      vertex 17.5958 8.04672 -1.90735e-07
    endloop
  endfacet
  facet normal 0 0 -1
    outer loop
      vertex 18.5 5.15 -1.90735e-07
      vertex 17.0732 7.36571 -1.90735e-07
      vertex 17.3681 7.68048 -1.90735e-07
    endloop
  endfacet
  facet normal 0 0 -1
    outer loop
      vertex 16.7255 -16.0187 -1.90735e-07
      vertex 18.5 -5.15 -1.90735e-07
      vertex 23.0005 -5.15 -1.90735e-07
    endloop
  endfacet
  facet normal 0 0 -1
    outer loop
      vertex 13.71 -13.4465 -1.90735e-07
      vertex 18.5 -5.15 -1.90735e-07
      vertex 16.7255 -16.0187 -1.90735e-07
    endloop
  endfacet
  facet normal 0 0 -1
    outer loop
      vertex 18.5 5.15 -1.90735e-07
      vertex 13.585 0 -1.90735e-07
      vertex 13.5686 0.666584 -1.90735e-07
    endloop
  endfacet
  facet normal 0 0 -1
    outer loop
      vertex 13.5196 1.33156 -1.90735e-07
      vertex 18.5 5.15 -1.90735e-07
      vertex 13.5686 0.666584 -1.90735e-07
    endloop
  endfacet
  facet normal 0 0 -1
    outer loop
      vertex 15.6854 -16.8679 -1.90735e-07
      vertex 16.7255 -16.0187 -1.90735e-07
      vertex 15.9603 -17.344 -1.90735e-07
    endloop
  endfacet
  facet normal 0 0 -1
    outer loop
      vertex 18.5 5.15 -1.90735e-07
      vertex 16.7227 7.1145 -1.90735e-07
      vertex 17.0732 7.36571 -1.90735e-07
    endloop
  endfacet
  facet normal 0 0 -1
    outer loop
      vertex 15.3395 -16.2688 -1.90735e-07
      vertex 16.7255 -16.0187 -1.90735e-07
      vertex 15.6854 -16.8679 -1.90735e-07
    endloop
  endfacet
  facet normal 0 0 -1
    outer loop
      vertex 13.438 1.99333 -1.90735e-07
      vertex 18.5 5.15 -1.90735e-07
      vertex 13.5196 1.33156 -1.90735e-07
    endloop
  endfacet
  facet normal 0 0 -1
    outer loop
      vertex 13.71 -13.4465 -1.90735e-07
      vertex 16.7255 -16.0187 -1.90735e-07
      vertex 15.3395 -16.2688 -1.90735e-07
    endloop
  endfacet
  facet normal 0 0 -1
    outer loop
      vertex 18.5 5.15 -1.90735e-07
      vertex 16.3298 6.93651 -1.90735e-07
      vertex 16.7227 7.1145 -1.90735e-07
    endloop
  endfacet
  facet normal 0 0 -1
    outer loop
      vertex 13.324 2.6503 -1.90735e-07
      vertex 18.5 5.15 -1.90735e-07
      vertex 13.438 1.99333 -1.90735e-07
    endloop
  endfacet
  facet normal 0 0 -1
    outer loop
      vertex 13.1779 3.30089 -1.90735e-07
      vertex 18.5 5.15 -1.90735e-07
      vertex 13.324 2.6503 -1.90735e-07
    endloop
  endfacet
  facet normal 0 0 -1
    outer loop
      vertex 18.5 5.15 -1.90735e-07
      vertex 15.9098 6.83858 -1.90735e-07
      vertex 16.3298 6.93651 -1.90735e-07
    endloop
  endfacet
  facet normal -0 0 -1
    outer loop
      vertex 18.5 5.15 -1.90735e-07
      vertex 13.1779 3.30089 -1.90735e-07
      vertex 15.9098 6.83858 -1.90735e-07
    endloop
  endfacet
  facet normal 0 0 -1
    outer loop
      vertex 11.6522 -6.98409 -1.90735e-07
      vertex 18.5 -5.15 -1.90735e-07
      vertex 13.71 -13.4465 -1.90735e-07
    endloop
  endfacet
  facet normal 0 0 -1
    outer loop
      vertex 15.9098 6.83858 -1.90735e-07
      vertex 13.1779 3.30089 -1.90735e-07
      vertex 15.4788 6.82447 -1.90735e-07
    endloop
  endfacet
  facet normal 0 0 -1
    outer loop
      vertex 13 3.94352 -1.90735e-07
      vertex 15.4788 6.82447 -1.90735e-07
      vertex 13.1779 3.30089 -1.90735e-07
    endloop
  endfacet
  facet normal -0 0 -1
    outer loop
      vertex 15.4788 6.82447 -1.90735e-07
      vertex 13 3.94352 -1.90735e-07
      vertex 15.0533 6.89472 -1.90735e-07
    endloop
  endfacet
  facet normal 0 0 -1
    outer loop
      vertex 12.7909 4.57665 -1.90735e-07
      vertex 15.0533 6.89472 -1.90735e-07
      vertex 13 3.94352 -1.90735e-07
    endloop
  endfacet
  facet normal -0 0 -1
    outer loop
      vertex 15.0533 6.89472 -1.90735e-07
      vertex 12.7909 4.57665 -1.90735e-07
      vertex 14.6496 7.04664 -1.90735e-07
    endloop
  endfacet
  facet normal 0 0 -1
    outer loop
      vertex 12.5509 5.19875 -1.90735e-07
      vertex 14.6496 7.04664 -1.90735e-07
      vertex 12.7909 4.57665 -1.90735e-07
    endloop
  endfacet
  facet normal -0 0 -1
    outer loop
      vertex 14.6496 7.04664 -1.90735e-07
      vertex 12.5509 5.19875 -1.90735e-07
      vertex 14.2834 7.27438 -1.90735e-07
    endloop
  endfacet
  facet normal 0 0 -1
    outer loop
      vertex 12.2807 5.80834 -1.90735e-07
      vertex 14.2834 7.27438 -1.90735e-07
      vertex 12.5509 5.19875 -1.90735e-07
    endloop
  endfacet
  facet normal 0 0 -1
    outer loop
      vertex 18.5 5.15 -1.90735e-07
      vertex 22.2353 6.47534 -1.90735e-07
      vertex 23.0005 5.15 -1.90735e-07
    endloop
  endfacet
  facet normal 0 0 -1
    outer loop
      vertex 17.818 8.87587 -1.90735e-07
      vertex 22.2353 6.47534 -1.90735e-07
      vertex 18.5 5.15 -1.90735e-07
    endloop
  endfacet
  facet normal 0 0 -1
    outer loop
      vertex 17.8039 9.30692 -1.90735e-07
      vertex 22.2353 6.47534 -1.90735e-07
      vertex 17.818 8.87587 -1.90735e-07
    endloop
  endfacet
  facet normal 0 0 -1
    outer loop
      vertex 17.7059 9.72693 -1.90735e-07
      vertex 22.2353 6.47534 -1.90735e-07
      vertex 17.8039 9.30692 -1.90735e-07
    endloop
  endfacet
  facet normal 0 0 -1
    outer loop
      vertex 17.5279 10.1198 -1.90735e-07
      vertex 22.2353 6.47534 -1.90735e-07
      vertex 17.7059 9.72693 -1.90735e-07
    endloop
  endfacet
  facet normal 0 0 -1
    outer loop
      vertex 15.9603 17.344 -1.90735e-07
      vertex 17.5279 10.1198 -1.90735e-07
      vertex 17.2767 10.4703 -1.90735e-07
    endloop
  endfacet
  facet normal 0 0 -1
    outer loop
      vertex 15.9603 17.344 -1.90735e-07
      vertex 17.2767 10.4703 -1.90735e-07
      vertex 16.962 10.7651 -1.90735e-07
    endloop
  endfacet
  facet normal 0 0 -1
    outer loop
      vertex 17.5279 10.1198 -1.90735e-07
      vertex 15.9603 17.344 -1.90735e-07
      vertex 22.2353 6.47534 -1.90735e-07
    endloop
  endfacet
  facet normal 0 0 -1
    outer loop
      vertex 15.3395 16.2688 -1.90735e-07
      vertex 16.962 10.7651 -1.90735e-07
      vertex 16.5957 10.9929 -1.90735e-07
    endloop
  endfacet
  facet normal 0 0 -1
    outer loop
      vertex 15.3395 16.2688 -1.90735e-07
      vertex 16.5957 10.9929 -1.90735e-07
      vertex 16.1921 11.1448 -1.90735e-07
    endloop
  endfacet
  facet normal 0 0 -1
    outer loop
      vertex 15.3395 16.2688 -1.90735e-07
      vertex 16.1921 11.1448 -1.90735e-07
      vertex 15.7666 11.215 -1.90735e-07
    endloop
  endfacet
  facet normal 0 0 -1
    outer loop
      vertex 16.962 10.7651 -1.90735e-07
      vertex 15.6854 16.8679 -1.90735e-07
      vertex 15.9603 17.344 -1.90735e-07
    endloop
  endfacet
  facet normal 0 0 -1
    outer loop
      vertex 16.962 10.7651 -1.90735e-07
      vertex 15.3395 16.2688 -1.90735e-07
      vertex 15.6854 16.8679 -1.90735e-07
    endloop
  endfacet
  facet normal 0 0 -1
    outer loop
      vertex 13.71 13.4465 -1.90735e-07
      vertex 15.7666 11.215 -1.90735e-07
      vertex 15.3355 11.2009 -1.90735e-07
    endloop
  endfacet
  facet normal 0 0 -1
    outer loop
      vertex 13.71 13.4465 -1.90735e-07
      vertex 15.3355 11.2009 -1.90735e-07
      vertex 14.9155 11.103 -1.90735e-07
    endloop
  endfacet
  facet normal 0 0 -1
    outer loop
      vertex 13.71 13.4465 -1.90735e-07
      vertex 14.9155 11.103 -1.90735e-07
      vertex 14.5227 10.925 -1.90735e-07
    endloop
  endfacet
  facet normal 0 0 -1
    outer loop
      vertex 13.71 13.4465 -1.90735e-07
      vertex 14.5227 10.925 -1.90735e-07
      vertex 14.1721 10.6738 -1.90735e-07
    endloop
  endfacet
  facet normal 0 0 -1
    outer loop
      vertex 13.71 13.4465 -1.90735e-07
      vertex 14.1721 10.6738 -1.90735e-07
      vertex 13.8773 10.359 -1.90735e-07
    endloop
  endfacet
  facet normal 0 0 -1
    outer loop
      vertex 15.7666 11.215 -1.90735e-07
      vertex 13.71 13.4465 -1.90735e-07
      vertex 15.3395 16.2688 -1.90735e-07
    endloop
  endfacet
  facet normal 0 0 -1
    outer loop
      vertex 9.60604 9.60604 -1.90735e-07
      vertex 13.8773 10.359 -1.90735e-07
      vertex 13.6496 9.99279 -1.90735e-07
    endloop
  endfacet
  facet normal 0 0 -1
    outer loop
      vertex 10.0658 9.12313 -1.90735e-07
      vertex 13.6496 9.99279 -1.90735e-07
      vertex 13.4976 9.58916 -1.90735e-07
    endloop
  endfacet
  facet normal 0 0 -1
    outer loop
      vertex 10.5013 8.61823 -1.90735e-07
      vertex 13.4976 9.58916 -1.90735e-07
      vertex 13.4274 9.16365 -1.90735e-07
    endloop
  endfacet
  facet normal -0 0 -1
    outer loop
      vertex 14.2834 7.27438 -1.90735e-07
      vertex 12.2807 5.80834 -1.90735e-07
      vertex 13.9686 7.5692 -1.90735e-07
    endloop
  endfacet
  facet normal 0 0 -1
    outer loop
      vertex 11.9809 6.40392 -1.90735e-07
      vertex 13.9686 7.5692 -1.90735e-07
      vertex 12.2807 5.80834 -1.90735e-07
    endloop
  endfacet
  facet normal -0 0 -1
    outer loop
      vertex 13.9686 7.5692 -1.90735e-07
      vertex 11.9809 6.40392 -1.90735e-07
      vertex 13.7174 7.91976 -1.90735e-07
    endloop
  endfacet
  facet normal 0 0 -1
    outer loop
      vertex 11.6522 6.98409 -1.90735e-07
      vertex 13.7174 7.91976 -1.90735e-07
      vertex 11.9809 6.40392 -1.90735e-07
    endloop
  endfacet
  facet normal -0 0 -1
    outer loop
      vertex 13.7174 7.91976 -1.90735e-07
      vertex 11.6522 6.98409 -1.90735e-07
      vertex 13.5394 8.31259 -1.90735e-07
    endloop
  endfacet
  facet normal 0 0 -1
    outer loop
      vertex 11.2955 7.54742 -1.90735e-07
      vertex 13.5394 8.31259 -1.90735e-07
      vertex 11.6522 6.98409 -1.90735e-07
    endloop
  endfacet
  facet normal -0 0 -1
    outer loop
      vertex 13.5394 8.31259 -1.90735e-07
      vertex 11.2955 7.54742 -1.90735e-07
      vertex 13.4415 8.7326 -1.90735e-07
    endloop
  endfacet
  facet normal 0 0 -1
    outer loop
      vertex 10.9116 8.09257 -1.90735e-07
      vertex 13.4415 8.7326 -1.90735e-07
      vertex 11.2955 7.54742 -1.90735e-07
    endloop
  endfacet
  facet normal -0 0 -1
    outer loop
      vertex 13.4415 8.7326 -1.90735e-07
      vertex 10.9116 8.09257 -1.90735e-07
      vertex 13.4274 9.16365 -1.90735e-07
    endloop
  endfacet
  facet normal 0 0 -1
    outer loop
      vertex 10.5013 8.61823 -1.90735e-07
      vertex 13.4274 9.16365 -1.90735e-07
      vertex 10.9116 8.09257 -1.90735e-07
    endloop
  endfacet
  facet normal 0 0 -1
    outer loop
      vertex 13.4976 9.58916 -1.90735e-07
      vertex 10.5013 8.61823 -1.90735e-07
      vertex 10.0658 9.12313 -1.90735e-07
    endloop
  endfacet
  facet normal 0 0 -1
    outer loop
      vertex 13.6496 9.99279 -1.90735e-07
      vertex 10.0658 9.12313 -1.90735e-07
      vertex 9.60604 9.60604 -1.90735e-07
    endloop
  endfacet
  facet normal -0 0 -1
    outer loop
      vertex 13.8773 10.359 -1.90735e-07
      vertex 9.60604 9.60604 -1.90735e-07
      vertex 13.71 13.4465 -1.90735e-07
    endloop
  endfacet
  facet normal 0 0 -1
    outer loop
      vertex 9.12313 10.0658 -1.90735e-07
      vertex 13.71 13.4465 -1.90735e-07
      vertex 9.60604 9.60604 -1.90735e-07
    endloop
  endfacet
  facet normal 0 0 -1
    outer loop
      vertex 8.61823 10.5013 -1.90735e-07
      vertex 13.71 13.4465 -1.90735e-07
      vertex 9.12313 10.0658 -1.90735e-07
    endloop
  endfacet
  facet normal 0 0 -1
    outer loop
      vertex 8.09257 10.9116 -1.90735e-07
      vertex 13.71 13.4465 -1.90735e-07
      vertex 8.61823 10.5013 -1.90735e-07
    endloop
  endfacet
  facet normal 0 0 -1
    outer loop
      vertex 7.54742 11.2955 -1.90735e-07
      vertex 13.71 13.4465 -1.90735e-07
      vertex 8.09257 10.9116 -1.90735e-07
    endloop
  endfacet
  facet normal 0 0 -1
    outer loop
      vertex 6.98409 11.6522 -1.90735e-07
      vertex 13.71 13.4465 -1.90735e-07
      vertex 7.54742 11.2955 -1.90735e-07
    endloop
  endfacet
  facet normal 0 0 -1
    outer loop
      vertex 4.78997 18.5965 -1.90735e-07
      vertex 6.98409 11.6522 -1.90735e-07
      vertex 6.40392 11.9809 -1.90735e-07
    endloop
  endfacet
  facet normal 0 0 -1
    outer loop
      vertex 4.78997 18.5965 -1.90735e-07
      vertex 6.40392 11.9809 -1.90735e-07
      vertex 5.80834 12.2807 -1.90735e-07
    endloop
  endfacet
  facet normal 0 0 -1
    outer loop
      vertex 4.78997 18.5965 -1.90735e-07
      vertex 5.80834 12.2807 -1.90735e-07
      vertex 5.19875 12.5509 -1.90735e-07
    endloop
  endfacet
  facet normal 0 0 -1
    outer loop
      vertex 6.98409 11.6522 -1.90735e-07
      vertex 4.78997 18.5965 -1.90735e-07
      vertex 13.71 13.4465 -1.90735e-07
    endloop
  endfacet
  facet normal 0 -0 -1
    outer loop
      vertex 4.78997 18.5965 -1.90735e-07
      vertex 5.19875 12.5509 -1.90735e-07
      vertex 4.57665 12.7909 -1.90735e-07
    endloop
  endfacet
  facet normal -0.528101 -0.849181 0
    outer loop
      vertex 16.5957 10.9929 -1.90735e-07
      vertex 16.962 10.7651 6.5
      vertex 16.5957 10.9929 6.5
    endloop
  endfacet
  facet normal -0.528101 -0.849181 -0
    outer loop
      vertex 16.962 10.7651 6.5
      vertex 16.5957 10.9929 -1.90735e-07
      vertex 16.962 10.7651 -1.90735e-07
    endloop
  endfacet
  facet normal -0.683656 -0.729805 0
    outer loop
      vertex 16.962 10.7651 -1.90735e-07
      vertex 17.2767 10.4703 6.5
      vertex 16.962 10.7651 6.5
    endloop
  endfacet
  facet normal -0.683656 -0.729805 -0
    outer loop
      vertex 17.2767 10.4703 6.5
      vertex 16.962 10.7651 -1.90735e-07
      vertex 17.2767 10.4703 -1.90735e-07
    endloop
  endfacet
  facet normal -0.812808 -0.582532 0
    outer loop
      vertex 17.5279 10.1198 -1.90735e-07
      vertex 17.2767 10.4703 6.5
      vertex 17.2767 10.4703 -1.90735e-07
    endloop
  endfacet
  facet normal -0.812808 -0.582532 0
    outer loop
      vertex 17.2767 10.4703 6.5
      vertex 17.5279 10.1198 -1.90735e-07
      vertex 17.5279 10.1198 6.5
    endloop
  endfacet
  facet normal -0.91087 -0.412693 0
    outer loop
      vertex 17.7059 9.72693 -1.90735e-07
      vertex 17.5279 10.1198 6.5
      vertex 17.5279 10.1198 -1.90735e-07
    endloop
  endfacet
  facet normal -0.91087 -0.412693 0
    outer loop
      vertex 17.5279 10.1198 6.5
      vertex 17.7059 9.72693 -1.90735e-07
      vertex 17.7059 9.72693 6.5
    endloop
  endfacet
  facet normal -0.729765 0.683698 0
    outer loop
      vertex 17.0732 7.36571 -1.90735e-07
      vertex 17.3681 7.68048 6.5
      vertex 17.3681 7.68048 -1.90735e-07
    endloop
  endfacet
  facet normal -0.729765 0.683698 0
    outer loop
      vertex 17.3681 7.68048 6.5
      vertex 17.0732 7.36571 -1.90735e-07
      vertex 17.0732 7.36571 6.5
    endloop
  endfacet
  facet normal 0.0326895 -0.999466 0
    outer loop
      vertex 15.3355 11.2009 -1.90735e-07
      vertex 15.7666 11.215 6.5
      vertex 15.3355 11.2009 6.5
    endloop
  endfacet
  facet normal 0.0326895 -0.999466 0
    outer loop
      vertex 15.7666 11.215 6.5
      vertex 15.3355 11.2009 -1.90735e-07
      vertex 15.7666 11.215 -1.90735e-07
    endloop
  endfacet
  facet normal 0.935841 -0.352421 0
    outer loop
      vertex 13.4976 9.58916 6.5
      vertex 13.6496 9.99279 -1.90735e-07
      vertex 13.6496 9.99279 6.5
    endloop
  endfacet
  facet normal 0.935841 -0.352421 0
    outer loop
      vertex 13.6496 9.99279 -1.90735e-07
      vertex 13.4976 9.58916 6.5
      vertex 13.4976 9.58916 -1.90735e-07
    endloop
  endfacet
  facet normal 0.412754 -0.910842 0
    outer loop
      vertex 14.5227 10.925 -1.90735e-07
      vertex 14.9155 11.103 6.5
      vertex 14.5227 10.925 6.5
    endloop
  endfacet
  facet normal 0.412754 -0.910842 0
    outer loop
      vertex 14.9155 11.103 6.5
      vertex 14.5227 10.925 -1.90735e-07
      vertex 14.9155 11.103 -1.90735e-07
    endloop
  endfacet
  facet normal 0.582422 -0.812887 0
    outer loop
      vertex 14.1721 10.6738 -1.90735e-07
      vertex 14.5227 10.925 6.5
      vertex 14.1721 10.6738 6.5
    endloop
  endfacet
  facet normal 0.582422 -0.812887 0
    outer loop
      vertex 14.5227 10.925 6.5
      vertex 14.1721 10.6738 -1.90735e-07
      vertex 14.5227 10.925 -1.90735e-07
    endloop
  endfacet
  facet normal -0.973842 -0.227224 0
    outer loop
      vertex 17.8039 9.30692 -1.90735e-07
      vertex 17.7059 9.72693 6.5
      vertex 17.7059 9.72693 -1.90735e-07
    endloop
  endfacet
  facet normal -0.973842 -0.227224 0
    outer loop
      vertex 17.7059 9.72693 6.5
      vertex 17.8039 9.30692 -1.90735e-07
      vertex 17.8039 9.30692 6.5
    endloop
  endfacet
  facet normal 0.910854 0.412728 0
    outer loop
      vertex 13.7174 7.91976 6.5
      vertex 13.5394 8.31259 -1.90735e-07
      vertex 13.5394 8.31259 6.5
    endloop
  endfacet
  facet normal 0.910854 0.412728 0
    outer loop
      vertex 13.5394 8.31259 -1.90735e-07
      vertex 13.7174 7.91976 6.5
      vertex 13.7174 7.91976 -1.90735e-07
    endloop
  endfacet
  facet normal -0.227076 0.973877 0
    outer loop
      vertex 16.3298 6.93651 -1.90735e-07
      vertex 15.9098 6.83858 6.5
      vertex 16.3298 6.93651 6.5
    endloop
  endfacet
  facet normal -0.227076 0.973877 0
    outer loop
      vertex 15.9098 6.83858 6.5
      vertex 16.3298 6.93651 -1.90735e-07
      vertex 15.9098 6.83858 -1.90735e-07
    endloop
  endfacet
  facet normal 0.162895 0.986643 -0
    outer loop
      vertex 15.4788 6.82447 -1.90735e-07
      vertex 15.0533 6.89472 6.5
      vertex 15.4788 6.82447 6.5
    endloop
  endfacet
  facet normal 0.162895 0.986643 0
    outer loop
      vertex 15.0533 6.89472 6.5
      vertex 15.4788 6.82447 -1.90735e-07
      vertex 15.0533 6.89472 -1.90735e-07
    endloop
  endfacet
  facet normal 0.973894 0.227005 0
    outer loop
      vertex 13.5394 8.31259 6.5
      vertex 13.4415 8.7326 -1.90735e-07
      vertex 13.4415 8.7326 6.5
    endloop
  endfacet
  facet normal 0.973894 0.227005 0
    outer loop
      vertex 13.4415 8.7326 -1.90735e-07
      vertex 13.5394 8.31259 6.5
      vertex 13.5394 8.31259 -1.90735e-07
    endloop
  endfacet
  facet normal 0.22701 -0.973892 0
    outer loop
      vertex 14.9155 11.103 -1.90735e-07
      vertex 15.3355 11.2009 6.5
      vertex 14.9155 11.103 6.5
    endloop
  endfacet
  facet normal 0.22701 -0.973892 0
    outer loop
      vertex 15.3355 11.2009 6.5
      vertex 14.9155 11.103 -1.90735e-07
      vertex 15.3355 11.2009 -1.90735e-07
    endloop
  endfacet
  facet normal 0.729913 -0.68354 0
    outer loop
      vertex 13.8773 10.359 6.5
      vertex 14.1721 10.6738 -1.90735e-07
      vertex 14.1721 10.6738 6.5
    endloop
  endfacet
  facet normal 0.729913 -0.68354 0
    outer loop
      vertex 14.1721 10.6738 -1.90735e-07
      vertex 13.8773 10.359 6.5
      vertex 13.8773 10.359 -1.90735e-07
    endloop
  endfacet
  facet normal 0.812855 0.582466 0
    outer loop
      vertex 13.9686 7.5692 6.5
      vertex 13.7174 7.91976 -1.90735e-07
      vertex 13.7174 7.91976 6.5
    endloop
  endfacet
  facet normal 0.812855 0.582466 0
    outer loop
      vertex 13.7174 7.91976 -1.90735e-07
      vertex 13.9686 7.5692 6.5
      vertex 13.9686 7.5692 -1.90735e-07
    endloop
  endfacet
  facet normal 0.849227 -0.528028 0
    outer loop
      vertex 13.6496 9.99279 6.5
      vertex 13.8773 10.359 -1.90735e-07
      vertex 13.8773 10.359 6.5
    endloop
  endfacet
  facet normal 0.849227 -0.528028 0
    outer loop
      vertex 13.8773 10.359 -1.90735e-07
      vertex 13.6496 9.99279 6.5
      vertex 13.6496 9.99279 -1.90735e-07
    endloop
  endfacet
  facet normal -0.849247 0.527997 0
    outer loop
      vertex 17.3681 7.68048 -1.90735e-07
      vertex 17.5958 8.04672 6.5
      vertex 17.5958 8.04672 -1.90735e-07
    endloop
  endfacet
  facet normal -0.849247 0.527997 0
    outer loop
      vertex 17.5958 8.04672 6.5
      vertex 17.3681 7.68048 -1.90735e-07
      vertex 17.3681 7.68048 6.5
    endloop
  endfacet
  facet normal -0.999465 -0.0326933 0
    outer loop
      vertex 17.818 8.87587 -1.90735e-07
      vertex 17.8039 9.30692 6.5
      vertex 17.8039 9.30692 -1.90735e-07
    endloop
  endfacet
  facet normal -0.999465 -0.0326933 0
    outer loop
      vertex 17.8039 9.30692 6.5
      vertex 17.818 8.87587 -1.90735e-07
      vertex 17.818 8.87587 6.5
    endloop
  endfacet
  facet normal -0.412648 0.910891 0
    outer loop
      vertex 16.7227 7.1145 -1.90735e-07
      vertex 16.3298 6.93651 6.5
      vertex 16.7227 7.1145 6.5
    endloop
  endfacet
  facet normal -0.412648 0.910891 0
    outer loop
      vertex 16.3298 6.93651 6.5
      vertex 16.7227 7.1145 -1.90735e-07
      vertex 16.3298 6.93651 -1.90735e-07
    endloop
  endfacet
  facet normal 0.683565 0.72989 -0
    outer loop
      vertex 14.2834 7.27438 -1.90735e-07
      vertex 13.9686 7.5692 6.5
      vertex 14.2834 7.27438 6.5
    endloop
  endfacet
  facet normal 0.683565 0.72989 0
    outer loop
      vertex 13.9686 7.5692 6.5
      vertex 14.2834 7.27438 -1.90735e-07
      vertex 13.9686 7.5692 -1.90735e-07
    endloop
  endfacet
  facet normal -0.162782 -0.986662 0
    outer loop
      vertex 15.7666 11.215 -1.90735e-07
      vertex 16.1921 11.1448 6.5
      vertex 15.7666 11.215 6.5
    endloop
  endfacet
  facet normal -0.162782 -0.986662 -0
    outer loop
      vertex 16.1921 11.1448 6.5
      vertex 15.7666 11.215 -1.90735e-07
      vertex 16.1921 11.1448 -1.90735e-07
    endloop
  endfacet
  facet normal -0.352241 -0.935909 0
    outer loop
      vertex 16.1921 11.1448 -1.90735e-07
      vertex 16.5957 10.9929 6.5
      vertex 16.1921 11.1448 6.5
    endloop
  endfacet
  facet normal -0.352241 -0.935909 -0
    outer loop
      vertex 16.5957 10.9929 6.5
      vertex 16.1921 11.1448 -1.90735e-07
      vertex 16.5957 10.9929 -1.90735e-07
    endloop
  endfacet
  facet normal -0.935921 0.352211 0
    outer loop
      vertex 17.5958 8.04672 -1.90735e-07
      vertex 17.7477 8.45036 6.5
      vertex 17.7477 8.45036 -1.90735e-07
    endloop
  endfacet
  facet normal -0.935921 0.352211 0
    outer loop
      vertex 17.7477 8.45036 6.5
      vertex 17.5958 8.04672 -1.90735e-07
      vertex 17.5958 8.04672 6.5
    endloop
  endfacet
  facet normal 0.999465 0.0326933 0
    outer loop
      vertex 13.4415 8.7326 6.5
      vertex 13.4274 9.16365 -1.90735e-07
      vertex 13.4274 9.16365 6.5
    endloop
  endfacet
  facet normal 0.999465 0.0326933 0
    outer loop
      vertex 13.4274 9.16365 -1.90735e-07
      vertex 13.4415 8.7326 6.5
      vertex 13.4415 8.7326 -1.90735e-07
    endloop
  endfacet
  facet normal -0.986625 0.163004 0
    outer loop
      vertex 17.7477 8.45036 -1.90735e-07
      vertex 17.818 8.87587 6.5
      vertex 17.818 8.87587 -1.90735e-07
    endloop
  endfacet
  facet normal -0.986625 0.163004 0
    outer loop
      vertex 17.818 8.87587 6.5
      vertex 17.7477 8.45036 -1.90735e-07
      vertex 17.7477 8.45036 6.5
    endloop
  endfacet
  facet normal 0.986663 -0.162778 0
    outer loop
      vertex 13.4274 9.16365 6.5
      vertex 13.4976 9.58916 -1.90735e-07
      vertex 13.4976 9.58916 6.5
    endloop
  endfacet
  facet normal 0.986663 -0.162778 0
    outer loop
      vertex 13.4976 9.58916 -1.90735e-07
      vertex 13.4274 9.16365 6.5
      vertex 13.4274 9.16365 -1.90735e-07
    endloop
  endfacet
  facet normal -0.582547 0.812797 0
    outer loop
      vertex 17.0732 7.36571 -1.90735e-07
      vertex 16.7227 7.1145 6.5
      vertex 17.0732 7.36571 6.5
    endloop
  endfacet
  facet normal -0.582547 0.812797 0
    outer loop
      vertex 16.7227 7.1145 6.5
      vertex 17.0732 7.36571 -1.90735e-07
      vertex 16.7227 7.1145 -1.90735e-07
    endloop
  endfacet
  facet normal 0.528105 0.849179 -0
    outer loop
      vertex 14.6496 7.04664 -1.90735e-07
      vertex 14.2834 7.27438 6.5
      vertex 14.6496 7.04664 6.5
    endloop
  endfacet
  facet normal 0.528105 0.849179 0
    outer loop
      vertex 14.2834 7.27438 6.5
      vertex 14.6496 7.04664 -1.90735e-07
      vertex 14.2834 7.27438 -1.90735e-07
    endloop
  endfacet
  facet normal 0.352206 0.935923 -0
    outer loop
      vertex 15.0533 6.89472 -1.90735e-07
      vertex 14.6496 7.04664 6.5
      vertex 15.0533 6.89472 6.5
    endloop
  endfacet
  facet normal 0.352206 0.935923 0
    outer loop
      vertex 14.6496 7.04664 6.5
      vertex 15.0533 6.89472 -1.90735e-07
      vertex 14.6496 7.04664 -1.90735e-07
    endloop
  endfacet
  facet normal -0.0327203 0.999465 0
    outer loop
      vertex 15.9098 6.83858 -1.90735e-07
      vertex 15.4788 6.82447 6.5
      vertex 15.9098 6.83858 6.5
    endloop
  endfacet
  facet normal -0.0327203 0.999465 0
    outer loop
      vertex 15.4788 6.82447 6.5
      vertex 15.9098 6.83858 -1.90735e-07
      vertex 15.4788 6.82447 -1.90735e-07
    endloop
  endfacet
  facet normal 0 0 -1
    outer loop
      vertex 17.7477 8.45036 6.5
      vertex 17.8039 9.30692 6.5
      vertex 17.818 8.87587 6.5
    endloop
  endfacet
  facet normal 0 0 -1
    outer loop
      vertex 17.7477 8.45036 6.5
      vertex 17.7059 9.72693 6.5
      vertex 17.8039 9.30692 6.5
    endloop
  endfacet
  facet normal 0 0 -1
    outer loop
      vertex 17.5958 8.04672 6.5
      vertex 17.7059 9.72693 6.5
      vertex 17.7477 8.45036 6.5
    endloop
  endfacet
  facet normal 0 0 -1
    outer loop
      vertex 17.5958 8.04672 6.5
      vertex 17.5279 10.1198 6.5
      vertex 17.7059 9.72693 6.5
    endloop
  endfacet
  facet normal 0 0 -1
    outer loop
      vertex 17.3681 7.68048 6.5
      vertex 17.5279 10.1198 6.5
      vertex 17.5958 8.04672 6.5
    endloop
  endfacet
  facet normal 0 0 -1
    outer loop
      vertex 17.3681 7.68048 6.5
      vertex 17.2767 10.4703 6.5
      vertex 17.5279 10.1198 6.5
    endloop
  endfacet
  facet normal 0 0 -1
    outer loop
      vertex 17.0732 7.36571 6.5
      vertex 17.2767 10.4703 6.5
      vertex 17.3681 7.68048 6.5
    endloop
  endfacet
  facet normal 0 0 -1
    outer loop
      vertex 17.0732 7.36571 6.5
      vertex 16.962 10.7651 6.5
      vertex 17.2767 10.4703 6.5
    endloop
  endfacet
  facet normal 0 0 -1
    outer loop
      vertex 16.7227 7.1145 6.5
      vertex 16.962 10.7651 6.5
      vertex 17.0732 7.36571 6.5
    endloop
  endfacet
  facet normal 0 0 -1
    outer loop
      vertex 16.7227 7.1145 6.5
      vertex 16.5957 10.9929 6.5
      vertex 16.962 10.7651 6.5
    endloop
  endfacet
  facet normal 0 0 -1
    outer loop
      vertex 16.3298 6.93651 6.5
      vertex 16.5957 10.9929 6.5
      vertex 16.7227 7.1145 6.5
    endloop
  endfacet
  facet normal 0 0 -1
    outer loop
      vertex 16.3298 6.93651 6.5
      vertex 16.1921 11.1448 6.5
      vertex 16.5957 10.9929 6.5
    endloop
  endfacet
  facet normal 0 0 -1
    outer loop
      vertex 15.9098 6.83858 6.5
      vertex 16.1921 11.1448 6.5
      vertex 16.3298 6.93651 6.5
    endloop
  endfacet
  facet normal 0 0 -1
    outer loop
      vertex 15.9098 6.83858 6.5
      vertex 15.7666 11.215 6.5
      vertex 16.1921 11.1448 6.5
    endloop
  endfacet
  facet normal 0 0 -1
    outer loop
      vertex 15.4788 6.82447 6.5
      vertex 15.7666 11.215 6.5
      vertex 15.9098 6.83858 6.5
    endloop
  endfacet
  facet normal 0 0 -1
    outer loop
      vertex 15.4788 6.82447 6.5
      vertex 15.3355 11.2009 6.5
      vertex 15.7666 11.215 6.5
    endloop
  endfacet
  facet normal 0 0 -1
    outer loop
      vertex 15.0533 6.89472 6.5
      vertex 15.3355 11.2009 6.5
      vertex 15.4788 6.82447 6.5
    endloop
  endfacet
  facet normal 0 0 -1
    outer loop
      vertex 15.0533 6.89472 6.5
      vertex 14.9155 11.103 6.5
      vertex 15.3355 11.2009 6.5
    endloop
  endfacet
  facet normal 0 0 -1
    outer loop
      vertex 14.6496 7.04664 6.5
      vertex 14.9155 11.103 6.5
      vertex 15.0533 6.89472 6.5
    endloop
  endfacet
  facet normal 0 0 -1
    outer loop
      vertex 14.6496 7.04664 6.5
      vertex 14.5227 10.925 6.5
      vertex 14.9155 11.103 6.5
    endloop
  endfacet
  facet normal 0 0 -1
    outer loop
      vertex 14.2834 7.27438 6.5
      vertex 14.5227 10.925 6.5
      vertex 14.6496 7.04664 6.5
    endloop
  endfacet
  facet normal 0 0 -1
    outer loop
      vertex 14.2834 7.27438 6.5
      vertex 14.1721 10.6738 6.5
      vertex 14.5227 10.925 6.5
    endloop
  endfacet
  facet normal 0 0 -1
    outer loop
      vertex 13.9686 7.5692 6.5
      vertex 14.1721 10.6738 6.5
      vertex 14.2834 7.27438 6.5
    endloop
  endfacet
  facet normal 0 0 -1
    outer loop
      vertex 13.9686 7.5692 6.5
      vertex 13.8773 10.359 6.5
      vertex 14.1721 10.6738 6.5
    endloop
  endfacet
  facet normal 0 0 -1
    outer loop
      vertex 13.7174 7.91976 6.5
      vertex 13.8773 10.359 6.5
      vertex 13.9686 7.5692 6.5
    endloop
  endfacet
  facet normal 0 0 -1
    outer loop
      vertex 13.7174 7.91976 6.5
      vertex 13.6496 9.99279 6.5
      vertex 13.8773 10.359 6.5
    endloop
  endfacet
  facet normal 0 0 -1
    outer loop
      vertex 13.5394 8.31259 6.5
      vertex 13.6496 9.99279 6.5
      vertex 13.7174 7.91976 6.5
    endloop
  endfacet
  facet normal 0 0 -1
    outer loop
      vertex 13.5394 8.31259 6.5
      vertex 13.4976 9.58916 6.5
      vertex 13.6496 9.99279 6.5
    endloop
  endfacet
  facet normal 0 0 -1
    outer loop
      vertex 13.4415 8.7326 6.5
      vertex 13.4976 9.58916 6.5
      vertex 13.5394 8.31259 6.5
    endloop
  endfacet
  facet normal 0 0 -1
    outer loop
      vertex 13.4976 9.58916 6.5
      vertex 13.4415 8.7326 6.5
      vertex 13.4274 9.16365 6.5
    endloop
  endfacet
  facet normal -0.412754 -0.910842 0
    outer loop
      vertex -14.9155 11.103 -1.90735e-07
      vertex -14.5227 10.925 6.5
      vertex -14.9155 11.103 6.5
    endloop
  endfacet
  facet normal -0.412754 -0.910842 -0
    outer loop
      vertex -14.5227 10.925 6.5
      vertex -14.9155 11.103 -1.90735e-07
      vertex -14.5227 10.925 -1.90735e-07
    endloop
  endfacet
  facet normal 0.973842 -0.227224 0
    outer loop
      vertex -17.8039 9.30692 6.5
      vertex -17.7059 9.72693 -1.90735e-07
      vertex -17.7059 9.72693 6.5
    endloop
  endfacet
  facet normal 0.973842 -0.227224 0
    outer loop
      vertex -17.7059 9.72693 -1.90735e-07
      vertex -17.8039 9.30692 6.5
      vertex -17.8039 9.30692 -1.90735e-07
    endloop
  endfacet
  facet normal 0.91087 -0.412693 0
    outer loop
      vertex -17.7059 9.72693 6.5
      vertex -17.5279 10.1198 -1.90735e-07
      vertex -17.5279 10.1198 6.5
    endloop
  endfacet
  facet normal 0.91087 -0.412693 0
    outer loop
      vertex -17.5279 10.1198 -1.90735e-07
      vertex -17.7059 9.72693 6.5
      vertex -17.7059 9.72693 -1.90735e-07
    endloop
  endfacet
  facet normal 0.999465 -0.0326933 0
    outer loop
      vertex -17.818 8.87587 6.5
      vertex -17.8039 9.30692 -1.90735e-07
      vertex -17.8039 9.30692 6.5
    endloop
  endfacet
  facet normal 0.999465 -0.0326933 0
    outer loop
      vertex -17.8039 9.30692 -1.90735e-07
      vertex -17.818 8.87587 6.5
      vertex -17.818 8.87587 -1.90735e-07
    endloop
  endfacet
  facet normal -0.162895 0.986643 0
    outer loop
      vertex -15.0533 6.89472 -1.90735e-07
      vertex -15.4788 6.82447 6.5
      vertex -15.0533 6.89472 6.5
    endloop
  endfacet
  facet normal -0.162895 0.986643 0
    outer loop
      vertex -15.4788 6.82447 6.5
      vertex -15.0533 6.89472 -1.90735e-07
      vertex -15.4788 6.82447 -1.90735e-07
    endloop
  endfacet
  facet normal -0.973894 0.227005 0
    outer loop
      vertex -13.5394 8.31259 -1.90735e-07
      vertex -13.4415 8.7326 6.5
      vertex -13.4415 8.7326 -1.90735e-07
    endloop
  endfacet
  facet normal -0.973894 0.227005 0
    outer loop
      vertex -13.4415 8.7326 6.5
      vertex -13.5394 8.31259 -1.90735e-07
      vertex -13.5394 8.31259 6.5
    endloop
  endfacet
  facet normal -0.0326895 -0.999466 0
    outer loop
      vertex -15.7666 11.215 -1.90735e-07
      vertex -15.3355 11.2009 6.5
      vertex -15.7666 11.215 6.5
    endloop
  endfacet
  facet normal -0.0326895 -0.999466 -0
    outer loop
      vertex -15.3355 11.2009 6.5
      vertex -15.7666 11.215 -1.90735e-07
      vertex -15.3355 11.2009 -1.90735e-07
    endloop
  endfacet
  facet normal 0.986625 0.163004 0
    outer loop
      vertex -17.7477 8.45036 6.5
      vertex -17.818 8.87587 -1.90735e-07
      vertex -17.818 8.87587 6.5
    endloop
  endfacet
  facet normal 0.986625 0.163004 0
    outer loop
      vertex -17.818 8.87587 -1.90735e-07
      vertex -17.7477 8.45036 6.5
      vertex -17.7477 8.45036 -1.90735e-07
    endloop
  endfacet
  facet normal 0.528101 -0.849181 0
    outer loop
      vertex -16.962 10.7651 -1.90735e-07
      vertex -16.5957 10.9929 6.5
      vertex -16.962 10.7651 6.5
    endloop
  endfacet
  facet normal 0.528101 -0.849181 0
    outer loop
      vertex -16.5957 10.9929 6.5
      vertex -16.962 10.7651 -1.90735e-07
      vertex -16.5957 10.9929 -1.90735e-07
    endloop
  endfacet
  facet normal 0.935921 0.352211 0
    outer loop
      vertex -17.5958 8.04672 6.5
      vertex -17.7477 8.45036 -1.90735e-07
      vertex -17.7477 8.45036 6.5
    endloop
  endfacet
  facet normal 0.935921 0.352211 0
    outer loop
      vertex -17.7477 8.45036 -1.90735e-07
      vertex -17.5958 8.04672 6.5
      vertex -17.5958 8.04672 -1.90735e-07
    endloop
  endfacet
  facet normal -0.999465 0.0326933 0
    outer loop
      vertex -13.4415 8.7326 -1.90735e-07
      vertex -13.4274 9.16365 6.5
      vertex -13.4274 9.16365 -1.90735e-07
    endloop
  endfacet
  facet normal -0.999465 0.0326933 0
    outer loop
      vertex -13.4274 9.16365 6.5
      vertex -13.4415 8.7326 -1.90735e-07
      vertex -13.4415 8.7326 6.5
    endloop
  endfacet
  facet normal 0.582547 0.812797 -0
    outer loop
      vertex -16.7227 7.1145 -1.90735e-07
      vertex -17.0732 7.36571 6.5
      vertex -16.7227 7.1145 6.5
    endloop
  endfacet
  facet normal 0.582547 0.812797 0
    outer loop
      vertex -17.0732 7.36571 6.5
      vertex -16.7227 7.1145 -1.90735e-07
      vertex -17.0732 7.36571 -1.90735e-07
    endloop
  endfacet
  facet normal -0.22701 -0.973892 0
    outer loop
      vertex -15.3355 11.2009 -1.90735e-07
      vertex -14.9155 11.103 6.5
      vertex -15.3355 11.2009 6.5
    endloop
  endfacet
  facet normal -0.22701 -0.973892 -0
    outer loop
      vertex -14.9155 11.103 6.5
      vertex -15.3355 11.2009 -1.90735e-07
      vertex -14.9155 11.103 -1.90735e-07
    endloop
  endfacet
  facet normal -0.683565 0.72989 0
    outer loop
      vertex -13.9686 7.5692 -1.90735e-07
      vertex -14.2834 7.27438 6.5
      vertex -13.9686 7.5692 6.5
    endloop
  endfacet
  facet normal -0.683565 0.72989 0
    outer loop
      vertex -14.2834 7.27438 6.5
      vertex -13.9686 7.5692 -1.90735e-07
      vertex -14.2834 7.27438 -1.90735e-07
    endloop
  endfacet
  facet normal -0.812855 0.582466 0
    outer loop
      vertex -13.9686 7.5692 -1.90735e-07
      vertex -13.7174 7.91976 6.5
      vertex -13.7174 7.91976 -1.90735e-07
    endloop
  endfacet
  facet normal -0.812855 0.582466 0
    outer loop
      vertex -13.7174 7.91976 6.5
      vertex -13.9686 7.5692 -1.90735e-07
      vertex -13.9686 7.5692 6.5
    endloop
  endfacet
  facet normal 0.849247 0.527997 0
    outer loop
      vertex -17.3681 7.68048 6.5
      vertex -17.5958 8.04672 -1.90735e-07
      vertex -17.5958 8.04672 6.5
    endloop
  endfacet
  facet normal 0.849247 0.527997 0
    outer loop
      vertex -17.5958 8.04672 -1.90735e-07
      vertex -17.3681 7.68048 6.5
      vertex -17.3681 7.68048 -1.90735e-07
    endloop
  endfacet
  facet normal -0.849227 -0.528028 0
    outer loop
      vertex -13.6496 9.99279 -1.90735e-07
      vertex -13.8773 10.359 6.5
      vertex -13.8773 10.359 -1.90735e-07
    endloop
  endfacet
  facet normal -0.849227 -0.528028 0
    outer loop
      vertex -13.8773 10.359 6.5
      vertex -13.6496 9.99279 -1.90735e-07
      vertex -13.6496 9.99279 6.5
    endloop
  endfacet
  facet normal 0.352241 -0.935909 0
    outer loop
      vertex -16.5957 10.9929 -1.90735e-07
      vertex -16.1921 11.1448 6.5
      vertex -16.5957 10.9929 6.5
    endloop
  endfacet
  facet normal 0.352241 -0.935909 0
    outer loop
      vertex -16.1921 11.1448 6.5
      vertex -16.5957 10.9929 -1.90735e-07
      vertex -16.1921 11.1448 -1.90735e-07
    endloop
  endfacet
  facet normal 0.0327203 0.999465 -0
    outer loop
      vertex -15.4788 6.82447 -1.90735e-07
      vertex -15.9098 6.83858 6.5
      vertex -15.4788 6.82447 6.5
    endloop
  endfacet
  facet normal 0.0327203 0.999465 0
    outer loop
      vertex -15.9098 6.83858 6.5
      vertex -15.4788 6.82447 -1.90735e-07
      vertex -15.9098 6.83858 -1.90735e-07
    endloop
  endfacet
  facet normal -0.935841 -0.352421 0
    outer loop
      vertex -13.4976 9.58916 -1.90735e-07
      vertex -13.6496 9.99279 6.5
      vertex -13.6496 9.99279 -1.90735e-07
    endloop
  endfacet
  facet normal -0.935841 -0.352421 0
    outer loop
      vertex -13.6496 9.99279 6.5
      vertex -13.4976 9.58916 -1.90735e-07
      vertex -13.4976 9.58916 6.5
    endloop
  endfacet
  facet normal 0 0 -1
    outer loop
      vertex -13.4415 8.7326 6.5
      vertex -13.4976 9.58916 6.5
      vertex -13.4274 9.16365 6.5
    endloop
  endfacet
  facet normal 0 0 -1
    outer loop
      vertex -13.5394 8.31259 6.5
      vertex -13.4976 9.58916 6.5
      vertex -13.4415 8.7326 6.5
    endloop
  endfacet
  facet normal 0 0 -1
    outer loop
      vertex -13.5394 8.31259 6.5
      vertex -13.6496 9.99279 6.5
      vertex -13.4976 9.58916 6.5
    endloop
  endfacet
  facet normal 0 0 -1
    outer loop
      vertex -13.7174 7.91976 6.5
      vertex -13.6496 9.99279 6.5
      vertex -13.5394 8.31259 6.5
    endloop
  endfacet
  facet normal 0 0 -1
    outer loop
      vertex -13.7174 7.91976 6.5
      vertex -13.8773 10.359 6.5
      vertex -13.6496 9.99279 6.5
    endloop
  endfacet
  facet normal 0 0 -1
    outer loop
      vertex -13.9686 7.5692 6.5
      vertex -13.8773 10.359 6.5
      vertex -13.7174 7.91976 6.5
    endloop
  endfacet
  facet normal 0 0 -1
    outer loop
      vertex -13.9686 7.5692 6.5
      vertex -14.1721 10.6738 6.5
      vertex -13.8773 10.359 6.5
    endloop
  endfacet
  facet normal 0 0 -1
    outer loop
      vertex -14.2834 7.27438 6.5
      vertex -14.1721 10.6738 6.5
      vertex -13.9686 7.5692 6.5
    endloop
  endfacet
  facet normal 0 0 -1
    outer loop
      vertex -14.2834 7.27438 6.5
      vertex -14.5227 10.925 6.5
      vertex -14.1721 10.6738 6.5
    endloop
  endfacet
  facet normal 0 0 -1
    outer loop
      vertex -14.6496 7.04664 6.5
      vertex -14.5227 10.925 6.5
      vertex -14.2834 7.27438 6.5
    endloop
  endfacet
  facet normal 0 0 -1
    outer loop
      vertex -14.6496 7.04664 6.5
      vertex -14.9155 11.103 6.5
      vertex -14.5227 10.925 6.5
    endloop
  endfacet
  facet normal 0 0 -1
    outer loop
      vertex -15.0533 6.89472 6.5
      vertex -14.9155 11.103 6.5
      vertex -14.6496 7.04664 6.5
    endloop
  endfacet
  facet normal 0 0 -1
    outer loop
      vertex -15.0533 6.89472 6.5
      vertex -15.3355 11.2009 6.5
      vertex -14.9155 11.103 6.5
    endloop
  endfacet
  facet normal 0 0 -1
    outer loop
      vertex -15.4788 6.82447 6.5
      vertex -15.3355 11.2009 6.5
      vertex -15.0533 6.89472 6.5
    endloop
  endfacet
  facet normal 0 0 -1
    outer loop
      vertex -15.4788 6.82447 6.5
      vertex -15.7666 11.215 6.5
      vertex -15.3355 11.2009 6.5
    endloop
  endfacet
  facet normal 0 0 -1
    outer loop
      vertex -15.9098 6.83858 6.5
      vertex -15.7666 11.215 6.5
      vertex -15.4788 6.82447 6.5
    endloop
  endfacet
  facet normal 0 0 -1
    outer loop
      vertex -15.9098 6.83858 6.5
      vertex -16.1921 11.1448 6.5
      vertex -15.7666 11.215 6.5
    endloop
  endfacet
  facet normal 0 0 -1
    outer loop
      vertex -16.3298 6.93651 6.5
      vertex -16.1921 11.1448 6.5
      vertex -15.9098 6.83858 6.5
    endloop
  endfacet
  facet normal 0 0 -1
    outer loop
      vertex -16.3298 6.93651 6.5
      vertex -16.5957 10.9929 6.5
      vertex -16.1921 11.1448 6.5
    endloop
  endfacet
  facet normal 0 0 -1
    outer loop
      vertex -16.7227 7.1145 6.5
      vertex -16.5957 10.9929 6.5
      vertex -16.3298 6.93651 6.5
    endloop
  endfacet
  facet normal 0 0 -1
    outer loop
      vertex -16.7227 7.1145 6.5
      vertex -16.962 10.7651 6.5
      vertex -16.5957 10.9929 6.5
    endloop
  endfacet
  facet normal 0 0 -1
    outer loop
      vertex -17.0732 7.36571 6.5
      vertex -16.962 10.7651 6.5
      vertex -16.7227 7.1145 6.5
    endloop
  endfacet
  facet normal 0 0 -1
    outer loop
      vertex -17.0732 7.36571 6.5
      vertex -17.2767 10.4703 6.5
      vertex -16.962 10.7651 6.5
    endloop
  endfacet
  facet normal 0 0 -1
    outer loop
      vertex -17.3681 7.68048 6.5
      vertex -17.2767 10.4703 6.5
      vertex -17.0732 7.36571 6.5
    endloop
  endfacet
  facet normal 0 0 -1
    outer loop
      vertex -17.3681 7.68048 6.5
      vertex -17.5279 10.1198 6.5
      vertex -17.2767 10.4703 6.5
    endloop
  endfacet
  facet normal 0 0 -1
    outer loop
      vertex -17.5958 8.04672 6.5
      vertex -17.5279 10.1198 6.5
      vertex -17.3681 7.68048 6.5
    endloop
  endfacet
  facet normal 0 0 -1
    outer loop
      vertex -17.5958 8.04672 6.5
      vertex -17.7059 9.72693 6.5
      vertex -17.5279 10.1198 6.5
    endloop
  endfacet
  facet normal 0 0 -1
    outer loop
      vertex -17.7477 8.45036 6.5
      vertex -17.7059 9.72693 6.5
      vertex -17.5958 8.04672 6.5
    endloop
  endfacet
  facet normal 0 0 -1
    outer loop
      vertex -17.7477 8.45036 6.5
      vertex -17.8039 9.30692 6.5
      vertex -17.7059 9.72693 6.5
    endloop
  endfacet
  facet normal 0 -0 -1
    outer loop
      vertex -17.8039 9.30692 6.5
      vertex -17.7477 8.45036 6.5
      vertex -17.818 8.87587 6.5
    endloop
  endfacet
  facet normal 0.412648 0.910891 -0
    outer loop
      vertex -16.3298 6.93651 -1.90735e-07
      vertex -16.7227 7.1145 6.5
      vertex -16.3298 6.93651 6.5
    endloop
  endfacet
  facet normal 0.412648 0.910891 0
    outer loop
      vertex -16.7227 7.1145 6.5
      vertex -16.3298 6.93651 -1.90735e-07
      vertex -16.7227 7.1145 -1.90735e-07
    endloop
  endfacet
  facet normal 0.227076 0.973877 -0
    outer loop
      vertex -15.9098 6.83858 -1.90735e-07
      vertex -16.3298 6.93651 6.5
      vertex -15.9098 6.83858 6.5
    endloop
  endfacet
  facet normal 0.227076 0.973877 0
    outer loop
      vertex -16.3298 6.93651 6.5
      vertex -15.9098 6.83858 -1.90735e-07
      vertex -16.3298 6.93651 -1.90735e-07
    endloop
  endfacet
  facet normal 0.162782 -0.986662 0
    outer loop
      vertex -16.1921 11.1448 -1.90735e-07
      vertex -15.7666 11.215 6.5
      vertex -16.1921 11.1448 6.5
    endloop
  endfacet
  facet normal 0.162782 -0.986662 0
    outer loop
      vertex -15.7666 11.215 6.5
      vertex -16.1921 11.1448 -1.90735e-07
      vertex -15.7666 11.215 -1.90735e-07
    endloop
  endfacet
  facet normal -0.352206 0.935923 0
    outer loop
      vertex -14.6496 7.04664 -1.90735e-07
      vertex -15.0533 6.89472 6.5
      vertex -14.6496 7.04664 6.5
    endloop
  endfacet
  facet normal -0.352206 0.935923 0
    outer loop
      vertex -15.0533 6.89472 6.5
      vertex -14.6496 7.04664 -1.90735e-07
      vertex -15.0533 6.89472 -1.90735e-07
    endloop
  endfacet
  facet normal 0.683656 -0.729805 0
    outer loop
      vertex -17.2767 10.4703 -1.90735e-07
      vertex -16.962 10.7651 6.5
      vertex -17.2767 10.4703 6.5
    endloop
  endfacet
  facet normal 0.683656 -0.729805 0
    outer loop
      vertex -16.962 10.7651 6.5
      vertex -17.2767 10.4703 -1.90735e-07
      vertex -16.962 10.7651 -1.90735e-07
    endloop
  endfacet
  facet normal -0.528105 0.849179 0
    outer loop
      vertex -14.2834 7.27438 -1.90735e-07
      vertex -14.6496 7.04664 6.5
      vertex -14.2834 7.27438 6.5
    endloop
  endfacet
  facet normal -0.528105 0.849179 0
    outer loop
      vertex -14.6496 7.04664 6.5
      vertex -14.2834 7.27438 -1.90735e-07
      vertex -14.6496 7.04664 -1.90735e-07
    endloop
  endfacet
  facet normal -0.986663 -0.162778 0
    outer loop
      vertex -13.4274 9.16365 -1.90735e-07
      vertex -13.4976 9.58916 6.5
      vertex -13.4976 9.58916 -1.90735e-07
    endloop
  endfacet
  facet normal -0.986663 -0.162778 0
    outer loop
      vertex -13.4976 9.58916 6.5
      vertex -13.4274 9.16365 -1.90735e-07
      vertex -13.4274 9.16365 6.5
    endloop
  endfacet
  facet normal -0.729913 -0.68354 0
    outer loop
      vertex -13.8773 10.359 -1.90735e-07
      vertex -14.1721 10.6738 6.5
      vertex -14.1721 10.6738 -1.90735e-07
    endloop
  endfacet
  facet normal -0.729913 -0.68354 0
    outer loop
      vertex -14.1721 10.6738 6.5
      vertex -13.8773 10.359 -1.90735e-07
      vertex -13.8773 10.359 6.5
    endloop
  endfacet
  facet normal 0.729765 0.683698 0
    outer loop
      vertex -17.0732 7.36571 6.5
      vertex -17.3681 7.68048 -1.90735e-07
      vertex -17.3681 7.68048 6.5
    endloop
  endfacet
  facet normal 0.729765 0.683698 0
    outer loop
      vertex -17.3681 7.68048 -1.90735e-07
      vertex -17.0732 7.36571 6.5
      vertex -17.0732 7.36571 -1.90735e-07
    endloop
  endfacet
  facet normal -0.910854 0.412728 0
    outer loop
      vertex -13.7174 7.91976 -1.90735e-07
      vertex -13.5394 8.31259 6.5
      vertex -13.5394 8.31259 -1.90735e-07
    endloop
  endfacet
  facet normal -0.910854 0.412728 0
    outer loop
      vertex -13.5394 8.31259 6.5
      vertex -13.7174 7.91976 -1.90735e-07
      vertex -13.7174 7.91976 6.5
    endloop
  endfacet
  facet normal 0.812808 -0.582532 0
    outer loop
      vertex -17.5279 10.1198 6.5
      vertex -17.2767 10.4703 -1.90735e-07
      vertex -17.2767 10.4703 6.5
    endloop
  endfacet
  facet normal 0.812808 -0.582532 0
    outer loop
      vertex -17.2767 10.4703 -1.90735e-07
      vertex -17.5279 10.1198 6.5
      vertex -17.5279 10.1198 -1.90735e-07
    endloop
  endfacet
  facet normal -0.582422 -0.812887 0
    outer loop
      vertex -14.5227 10.925 -1.90735e-07
      vertex -14.1721 10.6738 6.5
      vertex -14.5227 10.925 6.5
    endloop
  endfacet
  facet normal -0.582422 -0.812887 -0
    outer loop
      vertex -14.1721 10.6738 6.5
      vertex -14.5227 10.925 -1.90735e-07
      vertex -14.1721 10.6738 -1.90735e-07
    endloop
  endfacet
  facet normal -0.995185 0.0980114 0
    outer loop
      vertex 2.15773 -18.4687 -1.90735e-07
      vertex 2.2 -18.0395 6.5
      vertex 2.2 -18.0395 -1.90735e-07
    endloop
  endfacet
  facet normal -0.995185 0.0980114 0
    outer loop
      vertex 2.2 -18.0395 6.5
      vertex 2.15773 -18.4687 -1.90735e-07
      vertex 2.15773 -18.4687 6.5
    endloop
  endfacet
  facet normal 0.773027 0.634373 0
    outer loop
      vertex -1.55563 -19.5952 6.5
      vertex -1.82923 -19.2618 -1.90735e-07
      vertex -1.82923 -19.2618 6.5
    endloop
  endfacet
  facet normal 0.773027 0.634373 0
    outer loop
      vertex -1.82923 -19.2618 -1.90735e-07
      vertex -1.55563 -19.5952 6.5
      vertex -1.55563 -19.5952 -1.90735e-07
    endloop
  endfacet
  facet normal 0.956935 0.290303 0
    outer loop
      vertex -2.03253 -18.8814 6.5
      vertex -2.15773 -18.4687 -1.90735e-07
      vertex -2.15773 -18.4687 6.5
    endloop
  endfacet
  facet normal 0.956935 0.290303 0
    outer loop
      vertex -2.15773 -18.4687 -1.90735e-07
      vertex -2.03253 -18.8814 6.5
      vertex -2.03253 -18.8814 -1.90735e-07
    endloop
  endfacet
  facet normal 0 0 -1
    outer loop
      vertex 2.15773 -18.4687 6.5
      vertex 2.15773 -17.6103 6.5
      vertex 2.2 -18.0395 6.5
    endloop
  endfacet
  facet normal 0 0 -1
    outer loop
      vertex 2.03253 -18.8814 6.5
      vertex 2.15773 -17.6103 6.5
      vertex 2.15773 -18.4687 6.5
    endloop
  endfacet
  facet normal 0 0 -1
    outer loop
      vertex 2.03253 -18.8814 6.5
      vertex 2.03253 -17.1976 6.5
      vertex 2.15773 -17.6103 6.5
    endloop
  endfacet
  facet normal 0 0 -1
    outer loop
      vertex 1.82923 -19.2618 6.5
      vertex 2.03253 -17.1976 6.5
      vertex 2.03253 -18.8814 6.5
    endloop
  endfacet
  facet normal 0 0 -1
    outer loop
      vertex 1.82923 -19.2618 6.5
      vertex 1.82923 -16.8173 6.5
      vertex 2.03253 -17.1976 6.5
    endloop
  endfacet
  facet normal 0 0 -1
    outer loop
      vertex 1.55563 -19.5952 6.5
      vertex 1.82923 -16.8173 6.5
      vertex 1.82923 -19.2618 6.5
    endloop
  endfacet
  facet normal 0 0 -1
    outer loop
      vertex 1.55563 -19.5952 6.5
      vertex 1.55563 -16.4839 6.5
      vertex 1.82923 -16.8173 6.5
    endloop
  endfacet
  facet normal 0 0 -1
    outer loop
      vertex 1.22225 -19.8688 6.5
      vertex 1.55563 -16.4839 6.5
      vertex 1.55563 -19.5952 6.5
    endloop
  endfacet
  facet normal 0 0 -1
    outer loop
      vertex 1.22225 -19.8688 6.5
      vertex 1.22225 -16.2103 6.5
      vertex 1.55563 -16.4839 6.5
    endloop
  endfacet
  facet normal 0 0 -1
    outer loop
      vertex 0.841903 -20.0721 6.5
      vertex 1.22225 -16.2103 6.5
      vertex 1.22225 -19.8688 6.5
    endloop
  endfacet
  facet normal 0 0 -1
    outer loop
      vertex 0.841903 -20.0721 6.5
      vertex 0.841903 -16.007 6.5
      vertex 1.22225 -16.2103 6.5
    endloop
  endfacet
  facet normal 0 0 -1
    outer loop
      vertex 0.429198 -20.1972 6.5
      vertex 0.841903 -16.007 6.5
      vertex 0.841903 -20.0721 6.5
    endloop
  endfacet
  facet normal 0 0 -1
    outer loop
      vertex 0.429198 -20.1972 6.5
      vertex 0.429198 -15.8818 6.5
      vertex 0.841903 -16.007 6.5
    endloop
  endfacet
  facet normal 0 0 -1
    outer loop
      vertex 0 -20.2395 6.5
      vertex 0.429198 -15.8818 6.5
      vertex 0.429198 -20.1972 6.5
    endloop
  endfacet
  facet normal 0 0 -1
    outer loop
      vertex 0 -20.2395 6.5
      vertex 0 -15.8395 6.5
      vertex 0.429198 -15.8818 6.5
    endloop
  endfacet
  facet normal 0 0 -1
    outer loop
      vertex -0.429198 -20.1972 6.5
      vertex 0 -15.8395 6.5
      vertex 0 -20.2395 6.5
    endloop
  endfacet
  facet normal 0 0 -1
    outer loop
      vertex -0.429198 -20.1972 6.5
      vertex -0.429198 -15.8818 6.5
      vertex 0 -15.8395 6.5
    endloop
  endfacet
  facet normal 0 0 -1
    outer loop
      vertex -0.841903 -20.0721 6.5
      vertex -0.429198 -15.8818 6.5
      vertex -0.429198 -20.1972 6.5
    endloop
  endfacet
  facet normal 0 0 -1
    outer loop
      vertex -0.841903 -20.0721 6.5
      vertex -0.841903 -16.007 6.5
      vertex -0.429198 -15.8818 6.5
    endloop
  endfacet
  facet normal 0 0 -1
    outer loop
      vertex -1.22225 -19.8688 6.5
      vertex -0.841903 -16.007 6.5
      vertex -0.841903 -20.0721 6.5
    endloop
  endfacet
  facet normal 0 0 -1
    outer loop
      vertex -1.22225 -19.8688 6.5
      vertex -1.22225 -16.2103 6.5
      vertex -0.841903 -16.007 6.5
    endloop
  endfacet
  facet normal 0 0 -1
    outer loop
      vertex -1.55563 -19.5952 6.5
      vertex -1.22225 -16.2103 6.5
      vertex -1.22225 -19.8688 6.5
    endloop
  endfacet
  facet normal 0 0 -1
    outer loop
      vertex -1.55563 -19.5952 6.5
      vertex -1.55563 -16.4839 6.5
      vertex -1.22225 -16.2103 6.5
    endloop
  endfacet
  facet normal 0 0 -1
    outer loop
      vertex -1.82923 -19.2618 6.5
      vertex -1.55563 -16.4839 6.5
      vertex -1.55563 -19.5952 6.5
    endloop
  endfacet
  facet normal 0 0 -1
    outer loop
      vertex -1.82923 -19.2618 6.5
      vertex -1.82923 -16.8173 6.5
      vertex -1.55563 -16.4839 6.5
    endloop
  endfacet
  facet normal 0 0 -1
    outer loop
      vertex -2.03253 -18.8814 6.5
      vertex -1.82923 -16.8173 6.5
      vertex -1.82923 -19.2618 6.5
    endloop
  endfacet
  facet normal 0 0 -1
    outer loop
      vertex -2.03253 -18.8814 6.5
      vertex -2.03253 -17.1976 6.5
      vertex -1.82923 -16.8173 6.5
    endloop
  endfacet
  facet normal 0 0 -1
    outer loop
      vertex -2.15773 -18.4687 6.5
      vertex -2.03253 -17.1976 6.5
      vertex -2.03253 -18.8814 6.5
    endloop
  endfacet
  facet normal 0 0 -1
    outer loop
      vertex -2.15773 -18.4687 6.5
      vertex -2.15773 -17.6103 6.5
      vertex -2.03253 -17.1976 6.5
    endloop
  endfacet
  facet normal 0 -0 -1
    outer loop
      vertex -2.15773 -17.6103 6.5
      vertex -2.15773 -18.4687 6.5
      vertex -2.2 -18.0395 6.5
    endloop
  endfacet
  facet normal 0.995185 0.0980114 0
    outer loop
      vertex -2.15773 -18.4687 6.5
      vertex -2.2 -18.0395 -1.90735e-07
      vertex -2.2 -18.0395 6.5
    endloop
  endfacet
  facet normal 0.995185 0.0980114 0
    outer loop
      vertex -2.2 -18.0395 -1.90735e-07
      vertex -2.15773 -18.4687 6.5
      vertex -2.15773 -18.4687 -1.90735e-07
    endloop
  endfacet
  facet normal 0.881897 -0.471443 0
    outer loop
      vertex -2.03253 -17.1976 6.5
      vertex -1.82923 -16.8173 -1.90735e-07
      vertex -1.82923 -16.8173 6.5
    endloop
  endfacet
  facet normal 0.881897 -0.471443 0
    outer loop
      vertex -1.82923 -16.8173 -1.90735e-07
      vertex -2.03253 -17.1976 6.5
      vertex -2.03253 -17.1976 -1.90735e-07
    endloop
  endfacet
  facet normal -0.0980807 0.995178 0
    outer loop
      vertex 0.429198 -20.1972 -1.90735e-07
      vertex 0 -20.2395 6.5
      vertex 0.429198 -20.1972 6.5
    endloop
  endfacet
  facet normal -0.0980807 0.995178 0
    outer loop
      vertex 0 -20.2395 6.5
      vertex 0.429198 -20.1972 -1.90735e-07
      vertex 0 -20.2395 -1.90735e-07
    endloop
  endfacet
  facet normal -0.0980807 -0.995178 0
    outer loop
      vertex 0 -15.8395 -1.90735e-07
      vertex 0.429198 -15.8818 6.5
      vertex 0 -15.8395 6.5
    endloop
  endfacet
  facet normal -0.0980807 -0.995178 -0
    outer loop
      vertex 0.429198 -15.8818 6.5
      vertex 0 -15.8395 -1.90735e-07
      vertex 0.429198 -15.8818 -1.90735e-07
    endloop
  endfacet
  facet normal 0.773027 -0.634373 0
    outer loop
      vertex -1.82923 -16.8173 6.5
      vertex -1.55563 -16.4839 -1.90735e-07
      vertex -1.55563 -16.4839 6.5
    endloop
  endfacet
  facet normal 0.773027 -0.634373 0
    outer loop
      vertex -1.55563 -16.4839 -1.90735e-07
      vertex -1.82923 -16.8173 6.5
      vertex -1.82923 -16.8173 -1.90735e-07
    endloop
  endfacet
  facet normal -0.956935 0.290303 0
    outer loop
      vertex 2.03253 -18.8814 -1.90735e-07
      vertex 2.15773 -18.4687 6.5
      vertex 2.15773 -18.4687 -1.90735e-07
    endloop
  endfacet
  facet normal -0.956935 0.290303 0
    outer loop
      vertex 2.15773 -18.4687 6.5
      vertex 2.03253 -18.8814 -1.90735e-07
      vertex 2.03253 -18.8814 6.5
    endloop
  endfacet
  facet normal -0.773027 -0.634373 0
    outer loop
      vertex 1.82923 -16.8173 -1.90735e-07
      vertex 1.55563 -16.4839 6.5
      vertex 1.55563 -16.4839 -1.90735e-07
    endloop
  endfacet
  facet normal -0.773027 -0.634373 0
    outer loop
      vertex 1.55563 -16.4839 6.5
      vertex 1.82923 -16.8173 -1.90735e-07
      vertex 1.82923 -16.8173 6.5
    endloop
  endfacet
  facet normal -0.881948 0.471346 0
    outer loop
      vertex 1.82923 -19.2618 -1.90735e-07
      vertex 2.03253 -18.8814 6.5
      vertex 2.03253 -18.8814 -1.90735e-07
    endloop
  endfacet
  facet normal -0.881948 0.471346 0
    outer loop
      vertex 2.03253 -18.8814 6.5
      vertex 1.82923 -19.2618 -1.90735e-07
      vertex 1.82923 -19.2618 6.5
    endloop
  endfacet
  facet normal -0.290088 0.957 0
    outer loop
      vertex 0.841903 -20.0721 -1.90735e-07
      vertex 0.429198 -20.1972 6.5
      vertex 0.841903 -20.0721 6.5
    endloop
  endfacet
  facet normal -0.290088 0.957 0
    outer loop
      vertex 0.429198 -20.1972 6.5
      vertex 0.841903 -20.0721 -1.90735e-07
      vertex 0.429198 -20.1972 -1.90735e-07
    endloop
  endfacet
  facet normal 0.2903 -0.956936 0
    outer loop
      vertex -0.841903 -16.007 -1.90735e-07
      vertex -0.429198 -15.8818 6.5
      vertex -0.841903 -16.007 6.5
    endloop
  endfacet
  facet normal 0.2903 -0.956936 0
    outer loop
      vertex -0.429198 -15.8818 6.5
      vertex -0.841903 -16.007 -1.90735e-07
      vertex -0.429198 -15.8818 -1.90735e-07
    endloop
  endfacet
  facet normal 0.290088 0.957 -0
    outer loop
      vertex -0.429198 -20.1972 -1.90735e-07
      vertex -0.841903 -20.0721 6.5
      vertex -0.429198 -20.1972 6.5
    endloop
  endfacet
  facet normal 0.290088 0.957 0
    outer loop
      vertex -0.841903 -20.0721 6.5
      vertex -0.429198 -20.1972 -1.90735e-07
      vertex -0.841903 -20.0721 -1.90735e-07
    endloop
  endfacet
  facet normal -0.634396 -0.773008 0
    outer loop
      vertex 1.22225 -16.2103 -1.90735e-07
      vertex 1.55563 -16.4839 6.5
      vertex 1.22225 -16.2103 6.5
    endloop
  endfacet
  facet normal -0.634396 -0.773008 -0
    outer loop
      vertex 1.55563 -16.4839 6.5
      vertex 1.22225 -16.2103 -1.90735e-07
      vertex 1.55563 -16.4839 -1.90735e-07
    endloop
  endfacet
  facet normal 0.471397 -0.881921 0
    outer loop
      vertex -1.22225 -16.2103 -1.90735e-07
      vertex -0.841903 -16.007 6.5
      vertex -1.22225 -16.2103 6.5
    endloop
  endfacet
  facet normal 0.471397 -0.881921 0
    outer loop
      vertex -0.841903 -16.007 6.5
      vertex -1.22225 -16.2103 -1.90735e-07
      vertex -0.841903 -16.007 -1.90735e-07
    endloop
  endfacet
  facet normal 0.634396 -0.773008 0
    outer loop
      vertex -1.55563 -16.4839 -1.90735e-07
      vertex -1.22225 -16.2103 6.5
      vertex -1.55563 -16.4839 6.5
    endloop
  endfacet
  facet normal 0.634396 -0.773008 0
    outer loop
      vertex -1.22225 -16.2103 6.5
      vertex -1.55563 -16.4839 -1.90735e-07
      vertex -1.22225 -16.2103 -1.90735e-07
    endloop
  endfacet
  facet normal -0.881897 -0.471443 0
    outer loop
      vertex 2.03253 -17.1976 -1.90735e-07
      vertex 1.82923 -16.8173 6.5
      vertex 1.82923 -16.8173 -1.90735e-07
    endloop
  endfacet
  facet normal -0.881897 -0.471443 0
    outer loop
      vertex 1.82923 -16.8173 6.5
      vertex 2.03253 -17.1976 -1.90735e-07
      vertex 2.03253 -17.1976 6.5
    endloop
  endfacet
  facet normal -0.773027 0.634373 0
    outer loop
      vertex 1.55563 -19.5952 -1.90735e-07
      vertex 1.82923 -19.2618 6.5
      vertex 1.82923 -19.2618 -1.90735e-07
    endloop
  endfacet
  facet normal -0.773027 0.634373 0
    outer loop
      vertex 1.82923 -19.2618 6.5
      vertex 1.55563 -19.5952 -1.90735e-07
      vertex 1.55563 -19.5952 6.5
    endloop
  endfacet
  facet normal -0.634396 0.773008 0
    outer loop
      vertex 1.55563 -19.5952 -1.90735e-07
      vertex 1.22225 -19.8688 6.5
      vertex 1.55563 -19.5952 6.5
    endloop
  endfacet
  facet normal -0.634396 0.773008 0
    outer loop
      vertex 1.22225 -19.8688 6.5
      vertex 1.55563 -19.5952 -1.90735e-07
      vertex 1.22225 -19.8688 -1.90735e-07
    endloop
  endfacet
  facet normal 0.471397 0.881921 -0
    outer loop
      vertex -0.841903 -20.0721 -1.90735e-07
      vertex -1.22225 -19.8688 6.5
      vertex -0.841903 -20.0721 6.5
    endloop
  endfacet
  facet normal 0.471397 0.881921 0
    outer loop
      vertex -1.22225 -19.8688 6.5
      vertex -0.841903 -20.0721 -1.90735e-07
      vertex -1.22225 -19.8688 -1.90735e-07
    endloop
  endfacet
  facet normal 0.634396 0.773008 -0
    outer loop
      vertex -1.22225 -19.8688 -1.90735e-07
      vertex -1.55563 -19.5952 6.5
      vertex -1.22225 -19.8688 6.5
    endloop
  endfacet
  facet normal 0.634396 0.773008 0
    outer loop
      vertex -1.55563 -19.5952 6.5
      vertex -1.22225 -19.8688 -1.90735e-07
      vertex -1.55563 -19.5952 -1.90735e-07
    endloop
  endfacet
  facet normal 0.881948 0.471346 0
    outer loop
      vertex -1.82923 -19.2618 6.5
      vertex -2.03253 -18.8814 -1.90735e-07
      vertex -2.03253 -18.8814 6.5
    endloop
  endfacet
  facet normal 0.881948 0.471346 0
    outer loop
      vertex -2.03253 -18.8814 -1.90735e-07
      vertex -1.82923 -19.2618 6.5
      vertex -1.82923 -19.2618 -1.90735e-07
    endloop
  endfacet
  facet normal -0.2903 -0.956936 0
    outer loop
      vertex 0.429198 -15.8818 -1.90735e-07
      vertex 0.841903 -16.007 6.5
      vertex 0.429198 -15.8818 6.5
    endloop
  endfacet
  facet normal -0.2903 -0.956936 -0
    outer loop
      vertex 0.841903 -16.007 6.5
      vertex 0.429198 -15.8818 -1.90735e-07
      vertex 0.841903 -16.007 -1.90735e-07
    endloop
  endfacet
  facet normal 0.0980807 0.995178 -0
    outer loop
      vertex 0 -20.2395 -1.90735e-07
      vertex -0.429198 -20.1972 6.5
      vertex 0 -20.2395 6.5
    endloop
  endfacet
  facet normal 0.0980807 0.995178 0
    outer loop
      vertex -0.429198 -20.1972 6.5
      vertex 0 -20.2395 -1.90735e-07
      vertex -0.429198 -20.1972 -1.90735e-07
    endloop
  endfacet
  facet normal -0.471397 0.881921 0
    outer loop
      vertex 1.22225 -19.8688 -1.90735e-07
      vertex 0.841903 -20.0721 6.5
      vertex 1.22225 -19.8688 6.5
    endloop
  endfacet
  facet normal -0.471397 0.881921 0
    outer loop
      vertex 0.841903 -20.0721 6.5
      vertex 1.22225 -19.8688 -1.90735e-07
      vertex 0.841903 -20.0721 -1.90735e-07
    endloop
  endfacet
  facet normal -0.956935 -0.290303 0
    outer loop
      vertex 2.15773 -17.6103 -1.90735e-07
      vertex 2.03253 -17.1976 6.5
      vertex 2.03253 -17.1976 -1.90735e-07
    endloop
  endfacet
  facet normal -0.956935 -0.290303 0
    outer loop
      vertex 2.03253 -17.1976 6.5
      vertex 2.15773 -17.6103 -1.90735e-07
      vertex 2.15773 -17.6103 6.5
    endloop
  endfacet
  facet normal -0.995185 -0.0980114 0
    outer loop
      vertex 2.2 -18.0395 -1.90735e-07
      vertex 2.15773 -17.6103 6.5
      vertex 2.15773 -17.6103 -1.90735e-07
    endloop
  endfacet
  facet normal -0.995185 -0.0980114 0
    outer loop
      vertex 2.15773 -17.6103 6.5
      vertex 2.2 -18.0395 -1.90735e-07
      vertex 2.2 -18.0395 6.5
    endloop
  endfacet
  facet normal -0.471397 -0.881921 0
    outer loop
      vertex 0.841903 -16.007 -1.90735e-07
      vertex 1.22225 -16.2103 6.5
      vertex 0.841903 -16.007 6.5
    endloop
  endfacet
  facet normal -0.471397 -0.881921 -0
    outer loop
      vertex 1.22225 -16.2103 6.5
      vertex 0.841903 -16.007 -1.90735e-07
      vertex 1.22225 -16.2103 -1.90735e-07
    endloop
  endfacet
  facet normal 0.0980807 -0.995178 0
    outer loop
      vertex -0.429198 -15.8818 -1.90735e-07
      vertex 0 -15.8395 6.5
      vertex -0.429198 -15.8818 6.5
    endloop
  endfacet
  facet normal 0.0980807 -0.995178 0
    outer loop
      vertex 0 -15.8395 6.5
      vertex -0.429198 -15.8818 -1.90735e-07
      vertex 0 -15.8395 -1.90735e-07
    endloop
  endfacet
  facet normal 0.956935 -0.290303 0
    outer loop
      vertex -2.15773 -17.6103 6.5
      vertex -2.03253 -17.1976 -1.90735e-07
      vertex -2.03253 -17.1976 6.5
    endloop
  endfacet
  facet normal 0.956935 -0.290303 0
    outer loop
      vertex -2.03253 -17.1976 -1.90735e-07
      vertex -2.15773 -17.6103 6.5
      vertex -2.15773 -17.6103 -1.90735e-07
    endloop
  endfacet
  facet normal 0.995185 -0.0980114 0
    outer loop
      vertex -2.2 -18.0395 6.5
      vertex -2.15773 -17.6103 -1.90735e-07
      vertex -2.15773 -17.6103 6.5
    endloop
  endfacet
  facet normal 0.995185 -0.0980114 0
    outer loop
      vertex -2.15773 -17.6103 -1.90735e-07
      vertex -2.2 -18.0395 6.5
      vertex -2.2 -18.0395 -1.90735e-07
    endloop
  endfacet
endsolid OpenSCAD_Model
