solid OpenSCAD_Model
  facet normal 0 -1 0
    outer loop
      vertex 21.6308 5.25 170.588
      vertex 18.5 5.25 203
      vertex 18.5 5.25 171
    endloop
  endfacet
  facet normal 0 -1 0
    outer loop
      vertex 18.5 5.25 203
      vertex 21.6308 5.25 170.588
      vertex 18.6141 5.25 203.132
    endloop
  endfacet
  facet normal 0 -1 0
    outer loop
      vertex 22.6411 5.25 139.545
      vertex 26.9689 5.25 113
      vertex 24.4393 5.25 140.29
    endloop
  endfacet
  facet normal 0 -1 0
    outer loop
      vertex 18.5 5.25 139
      vertex 26.9689 5.25 113
      vertex 22.6411 5.25 139.545
    endloop
  endfacet
  facet normal 0 -1 0
    outer loop
      vertex 18.5 5.25 139
      vertex 23.7047 5.25 93.7254
      vertex 26.9689 5.25 113
    endloop
  endfacet
  facet normal 0 -1 0
    outer loop
      vertex 18.5 5.25 81
      vertex 23.7047 5.25 93.7254
      vertex 18.5 5.25 139
    endloop
  endfacet
  facet normal 0 -1 0
    outer loop
      vertex 21.0391 5.25 80.5938
      vertex 23.7047 5.25 93.7254
      vertex 18.5 5.25 81
    endloop
  endfacet
  facet normal 0 -1 0
    outer loop
      vertex 23.7047 5.25 93.7254
      vertex 21.0391 5.25 80.5938
      vertex 21.4592 5.25 80.4662
    endloop
  endfacet
  facet normal 0 -1 0
    outer loop
      vertex 18.5 5.25 25
      vertex 23.9689 5.25 16
      vertex 21.4503 5.25 27.7536
    endloop
  endfacet
  facet normal 0 -1 0
    outer loop
      vertex 18.5 5.25 0
      vertex 23.9689 5.25 16
      vertex 18.5 5.25 25
    endloop
  endfacet
  facet normal 0 -1 -0
    outer loop
      vertex 23.9689 5.25 16
      vertex 23.2111 5.25 5.97927
      vertex 23.9689 5.25 8
    endloop
  endfacet
  facet normal 0 -1 0
    outer loop
      vertex 23.9689 5.25 16
      vertex 18.5 5.25 0
      vertex 23.2111 5.25 5.97927
    endloop
  endfacet
  facet normal 0 -1 0
    outer loop
      vertex 23.2111 5.25 5.97927
      vertex 18.5 5.25 0
      vertex 20.9689 5.25 0
    endloop
  endfacet
  facet normal 0 1 0
    outer loop
      vertex 21.6308 -5.25 170.588
      vertex 18.5 -5.25 203
      vertex 18.6141 -5.25 203.132
    endloop
  endfacet
  facet normal 0 1 0
    outer loop
      vertex 18.5 -5.25 203
      vertex 21.6308 -5.25 170.588
      vertex 18.5 -5.25 171
    endloop
  endfacet
  facet normal 0 1 0
    outer loop
      vertex 26.9689 -5.25 113
      vertex 22.6411 -5.25 139.545
      vertex 24.4393 -5.25 140.29
    endloop
  endfacet
  facet normal 0 1 0
    outer loop
      vertex 26.9689 -5.25 113
      vertex 18.5 -5.25 139
      vertex 22.6411 -5.25 139.545
    endloop
  endfacet
  facet normal 0 1 0
    outer loop
      vertex 26.9689 -5.25 113
      vertex 18.5 -5.25 81
      vertex 18.5 -5.25 139
    endloop
  endfacet
  facet normal 0 1 0
    outer loop
      vertex 26.9689 -5.25 113
      vertex 21.0391 -5.25 80.5938
      vertex 18.5 -5.25 81
    endloop
  endfacet
  facet normal -0 1 0
    outer loop
      vertex 21.0391 -5.25 80.5938
      vertex 26.9689 -5.25 113
      vertex 21.4592 -5.25 80.4662
    endloop
  endfacet
  facet normal 0 1 0
    outer loop
      vertex 21.6373 -5.25 26.8808
      vertex 18.5 -5.25 25
      vertex 21.4503 -5.25 27.7536
    endloop
  endfacet
  facet normal 0 1 0
    outer loop
      vertex 23.9689 -5.25 16
      vertex 18.5 -5.25 25
      vertex 21.6373 -5.25 26.8808
    endloop
  endfacet
  facet normal 0 1 0
    outer loop
      vertex 18.5 -5.25 0
      vertex 23.9689 -5.25 16
      vertex 23.9689 -5.25 8
    endloop
  endfacet
  facet normal 0 1 0
    outer loop
      vertex 18.5 -5.25 0
      vertex 23.9689 -5.25 8
      vertex 21.6425 -5.25 1.7962
    endloop
  endfacet
  facet normal 0 1 0
    outer loop
      vertex 18.5 -5.25 0
      vertex 21.6425 -5.25 1.7962
      vertex 20.9689 -5.25 0
    endloop
  endfacet
  facet normal 0 1 0
    outer loop
      vertex 23.9689 -5.25 16
      vertex 18.5 -5.25 0
      vertex 18.5 -5.25 25
    endloop
  endfacet
  facet normal 0.756539 -0.00108808 -0.653948
    outer loop
      vertex 21.351 0 206.307
      vertex 18.5 5.25 203
      vertex 18.6141 5.25 203.132
    endloop
  endfacet
  facet normal 0.756539 0.00108808 -0.653948
    outer loop
      vertex 18.5 -5.25 203
      vertex 21.351 0 206.307
      vertex 18.6141 -5.25 203.132
    endloop
  endfacet
  facet normal 0.757394 0 -0.652958
    outer loop
      vertex 21.351 0 206.307
      vertex 18.5 -5.25 203
      vertex 18.5 5.25 203
    endloop
  endfacet
  facet normal 1 -0 0
    outer loop
      vertex 18.5 -5.25 203
      vertex 18.5 5.25 171
      vertex 18.5 5.25 203
    endloop
  endfacet
  facet normal 1 0 0
    outer loop
      vertex 18.5 5.25 171
      vertex 18.5 -5.25 203
      vertex 18.5 -5.25 171
    endloop
  endfacet
  facet normal 0.130471 -2.79945e-05 0.991452
    outer loop
      vertex 18.5 5.25 171
      vertex 22.6411 3.52151 170.455
      vertex 21.6308 5.25 170.588
    endloop
  endfacet
  facet normal 0.130482 0 0.991451
    outer loop
      vertex 22.6411 3.52151 170.455
      vertex 18.5 5.25 171
      vertex 22.6411 -3.52151 170.455
    endloop
  endfacet
  facet normal 0.130482 -0 0.991451
    outer loop
      vertex 18.5 -5.25 171
      vertex 22.6411 -3.52151 170.455
      vertex 18.5 5.25 171
    endloop
  endfacet
  facet normal 0.130471 2.79945e-05 0.991452
    outer loop
      vertex 22.6411 -3.52151 170.455
      vertex 18.5 -5.25 171
      vertex 21.6308 -5.25 170.588
    endloop
  endfacet
  facet normal 0.382769 0 0.923844
    outer loop
      vertex 22.6411 3.52151 170.455
      vertex 22.6411 -3.52151 170.455
      vertex 24.7554 0 169.579
    endloop
  endfacet
  facet normal 0.608466 0 -0.79358
    outer loop
      vertex 27.3321 0 141.782
      vertex 26.5 -1.54367 141.144
      vertex 26.5 1.54367 141.144
    endloop
  endfacet
  facet normal 0.382628 0.000215513 -0.923903
    outer loop
      vertex 22.6411 -5.25 139.545
      vertex 26.5 -1.54367 141.144
      vertex 25.0744 -4.10772 140.553
    endloop
  endfacet
  facet normal 0.382754 -0.000100254 -0.92385
    outer loop
      vertex 22.6411 -5.25 139.545
      vertex 25.0744 -4.10772 140.553
      vertex 24.4393 -5.25 140.29
    endloop
  endfacet
  facet normal 0.382804 0 -0.923829
    outer loop
      vertex 26.5 -1.54367 141.144
      vertex 22.6411 -5.25 139.545
      vertex 26.5 1.54367 141.144
    endloop
  endfacet
  facet normal 0.382804 0 -0.923829
    outer loop
      vertex 22.6411 5.25 139.545
      vertex 26.5 1.54367 141.144
      vertex 22.6411 -5.25 139.545
    endloop
  endfacet
  facet normal 0.382754 -6.11721e-05 -0.92385
    outer loop
      vertex 26.5 1.54367 141.144
      vertex 22.6411 5.25 139.545
      vertex 24.4393 5.25 140.29
    endloop
  endfacet
  facet normal 0.130482 0 -0.991451
    outer loop
      vertex 18.5 -5.25 139
      vertex 22.6411 5.25 139.545
      vertex 22.6411 -5.25 139.545
    endloop
  endfacet
  facet normal 0.130482 0 -0.991451
    outer loop
      vertex 22.6411 5.25 139.545
      vertex 18.5 -5.25 139
      vertex 18.5 5.25 139
    endloop
  endfacet
  facet normal 1 -0 0
    outer loop
      vertex 18.5 -5.25 139
      vertex 18.5 5.25 81
      vertex 18.5 5.25 139
    endloop
  endfacet
  facet normal 1 0 0
    outer loop
      vertex 18.5 5.25 81
      vertex 18.5 -5.25 139
      vertex 18.5 -5.25 81
    endloop
  endfacet
  facet normal 0.157969 0 0.987444
    outer loop
      vertex 18.5 5.25 81
      vertex 21.0391 -5.25 80.5938
      vertex 21.0391 5.25 80.5938
    endloop
  endfacet
  facet normal 0.157969 0 0.987444
    outer loop
      vertex 21.0391 -5.25 80.5938
      vertex 18.5 5.25 81
      vertex 18.5 -5.25 81
    endloop
  endfacet
  facet normal 0.290627 4.7584e-05 0.956836
    outer loop
      vertex 21.0391 5.25 80.5938
      vertex 23.4062 1.70411 79.875
      vertex 21.4592 5.25 80.4662
    endloop
  endfacet
  facet normal 0.290562 0 0.956856
    outer loop
      vertex 23.4062 1.70411 79.875
      vertex 21.0391 5.25 80.5938
      vertex 23.4062 -1.70411 79.875
    endloop
  endfacet
  facet normal 0.290562 -0 0.956856
    outer loop
      vertex 21.0391 -5.25 80.5938
      vertex 23.4062 -1.70411 79.875
      vertex 21.0391 5.25 80.5938
    endloop
  endfacet
  facet normal 0.290627 -4.7584e-05 0.956836
    outer loop
      vertex 23.4062 -1.70411 79.875
      vertex 21.0391 -5.25 80.5938
      vertex 21.4592 -5.25 80.4662
    endloop
  endfacet
  facet normal 0.425151 0 0.905122
    outer loop
      vertex 23.4062 1.70411 79.875
      vertex 23.4062 -1.70411 79.875
      vertex 24.3176 0 79.4469
    endloop
  endfacet
  facet normal 0.752395 0 -0.658712
    outer loop
      vertex 23.9183 0 30.3811
      vertex 22.3672 -3.34425 28.6094
      vertex 22.3672 3.34425 28.6094
    endloop
  endfacet
  facet normal 0.682316 1.18191e-05 -0.731057
    outer loop
      vertex 18.5 -5.25 25
      vertex 22.3672 -3.34425 28.6094
      vertex 21.4503 -5.25 27.7536
    endloop
  endfacet
  facet normal 0.68232 0 -0.731054
    outer loop
      vertex 22.3672 -3.34425 28.6094
      vertex 18.5 -5.25 25
      vertex 22.3672 3.34425 28.6094
    endloop
  endfacet
  facet normal 0.68232 0 -0.731054
    outer loop
      vertex 18.5 5.25 25
      vertex 22.3672 3.34425 28.6094
      vertex 18.5 -5.25 25
    endloop
  endfacet
  facet normal 0.682316 -1.18191e-05 -0.731057
    outer loop
      vertex 22.3672 3.34425 28.6094
      vertex 18.5 5.25 25
      vertex 21.4503 5.25 27.7536
    endloop
  endfacet
  facet normal 1 -0 0
    outer loop
      vertex 18.5 -5.25 25
      vertex 18.5 5.25 0
      vertex 18.5 5.25 25
    endloop
  endfacet
  facet normal 1 0 0
    outer loop
      vertex 18.5 5.25 0
      vertex 18.5 -5.25 25
      vertex 18.5 -5.25 0
    endloop
  endfacet
  facet normal 0.866006 -0.500034 -1.71215e-05
    outer loop
      vertex 4.76042 18.7453 203.132
      vertex 4.70337 18.6465 203
      vertex 4.80792 18.8276 202.108
    endloop
  endfacet
  facet normal 0.866073 -0.499917 1.46081e-05
    outer loop
      vertex 4.80792 18.8276 202.108
      vertex 4.70337 18.6465 203
      vertex 4.93611 19.0496 199.342
    endloop
  endfacet
  facet normal 0.866016 -0.500016 0
    outer loop
      vertex 4.70337 18.6465 171
      vertex 4.93611 19.0496 199.342
      vertex 4.70337 18.6465 203
    endloop
  endfacet
  facet normal 0.86602 -0.50001 -1.25849e-07
    outer loop
      vertex 4.93611 19.0496 199.342
      vertex 4.70337 18.6465 171
      vertex 6.26878 21.3578 170.588
    endloop
  endfacet
  facet normal 0.866026 -0.499998 -1.1279e-07
    outer loop
      vertex 6.77392 22.2328 139.545
      vertex 4.70337 18.6465 81
      vertex 5.9729 20.8454 80.5938
    endloop
  endfacet
  facet normal 0.866029 -0.499994 -5.38754e-07
    outer loop
      vertex 8.55932 25.3252 121.167
      vertex 8.45972 25.1527 107.354
      vertex 8.93782 25.9808 113
    endloop
  endfacet
  facet normal 0.866019 -0.500011 -3.58277e-06
    outer loop
      vertex 6.77392 22.2328 139.545
      vertex 8.32606 24.9212 126.199
      vertex 7.673 23.79 140.29
    endloop
  endfacet
  facet normal 0.866028 -0.499996 5.36622e-07
    outer loop
      vertex 8.32606 24.9212 126.199
      vertex 6.77392 22.2328 139.545
      vertex 7.59135 23.6486 97.0988
    endloop
  endfacet
  facet normal 0.866026 -0.499999 3.85501e-07
    outer loop
      vertex 7.59135 23.6486 97.0988
      vertex 6.77392 22.2328 139.545
      vertex 7.08444 22.7706 91.1125
    endloop
  endfacet
  facet normal 0.86602 -0.500009 2.35482e-07
    outer loop
      vertex 5.9729 20.8454 80.5938
      vertex 7.08444 22.7706 91.1125
      vertex 6.77392 22.2328 139.545
    endloop
  endfacet
  facet normal 0.866025 -0.5 -1.96582e-06
    outer loop
      vertex 7.08444 22.7706 91.1125
      vertex 5.9729 20.8454 80.5938
      vertex 6.18294 21.2092 80.4662
    endloop
  endfacet
  facet normal 0.866026 -0.5 0
    outer loop
      vertex 4.70337 18.6465 139
      vertex 4.70337 18.6465 81
      vertex 6.77392 22.2328 139.545
    endloop
  endfacet
  facet normal 0.866015 -0.500018 -1.41013e-07
    outer loop
      vertex 8.32606 24.9212 126.199
      vertex 8.45972 25.1527 107.354
      vertex 8.55932 25.3252 121.167
    endloop
  endfacet
  facet normal 0.86603 -0.499992 2.91817e-07
    outer loop
      vertex 8.45972 25.1527 107.354
      vertex 8.32606 24.9212 126.199
      vertex 7.59135 23.6486 97.0988
    endloop
  endfacet
  facet normal 0.866024 -0.500002 -6.98325e-07
    outer loop
      vertex 6.17851 21.2015 27.7536
      vertex 4.70337 18.6465 25
      vertex 7.1764 22.9299 18.44
    endloop
  endfacet
  facet normal 0.866023 -0.500004 -2.49534e-06
    outer loop
      vertex 4.70337 18.6465 25
      vertex 7.43782 23.3827 16
      vertex 7.1764 22.9299 18.44
    endloop
  endfacet
  facet normal 0.866025 -0.500001 0
    outer loop
      vertex 7.43782 23.3827 16
      vertex 4.70337 18.6465 0
      vertex 7.43782 23.3827 8
    endloop
  endfacet
  facet normal 0.866025 -0.500001 0
    outer loop
      vertex 7.43782 23.3827 16
      vertex 4.70337 18.6465 25
      vertex 4.70337 18.6465 0
    endloop
  endfacet
  facet normal 0.866022 -0.500005 3.77424e-06
    outer loop
      vertex 7.43782 23.3827 8
      vertex 4.70337 18.6465 0
      vertex 5.93782 20.7846 0
    endloop
  endfacet
  facet normal -0.865834 0.500331 4.89199e-05
    outer loop
      vertex 13.9012 13.5776 202.108
      vertex 13.7966 13.3965 203
      vertex 13.8537 13.4953 203.132
    endloop
  endfacet
  facet normal -0.865913 0.500194 1.19496e-05
    outer loop
      vertex 14.0294 13.7996 199.342
      vertex 13.7966 13.3965 203
      vertex 13.9012 13.5776 202.108
    endloop
  endfacet
  facet normal -0.866021 0.500007 2.00059e-06
    outer loop
      vertex 13.7966 13.3965 171
      vertex 14.0294 13.7996 199.342
      vertex 15.362 16.1078 170.588
    endloop
  endfacet
  facet normal -0.86596 0.500113 0
    outer loop
      vertex 14.0294 13.7996 199.342
      vertex 13.7966 13.3965 171
      vertex 13.7966 13.3965 203
    endloop
  endfacet
  facet normal -0.866014 0.500019 -8.25762e-07
    outer loop
      vertex 15.0662 15.5954 80.5938
      vertex 13.7966 13.3965 81
      vertex 15.8672 16.9828 139.545
    endloop
  endfacet
  facet normal -0.866029 0.499994 5.38754e-07
    outer loop
      vertex 18.0311 20.7308 113
      vertex 17.553 19.9027 107.354
      vertex 17.6526 20.0752 121.167
    endloop
  endfacet
  facet normal -0.866033 0.499987 -3.18155e-07
    outer loop
      vertex 15.8672 16.9828 139.545
      vertex 17.4193 19.6712 126.199
      vertex 16.6846 18.3986 97.0988
    endloop
  endfacet
  facet normal -0.866031 0.499991 -1.54868e-07
    outer loop
      vertex 15.8672 16.9828 139.545
      vertex 16.6846 18.3986 97.0988
      vertex 16.1777 17.5206 91.1125
    endloop
  endfacet
  facet normal -0.866015 0.500018 7.99378e-06
    outer loop
      vertex 17.4193 19.6712 126.199
      vertex 15.8672 16.9828 139.545
      vertex 16.7663 18.54 140.29
    endloop
  endfacet
  facet normal -0.866064 0.499933 1.52484e-05
    outer loop
      vertex 15.0662 15.5954 80.5938
      vertex 16.1777 17.5206 91.1125
      vertex 15.2762 15.9592 80.4662
    endloop
  endfacet
  facet normal -0.866028 0.499995 -8.66911e-08
    outer loop
      vertex 16.1777 17.5206 91.1125
      vertex 15.0662 15.5954 80.5938
      vertex 15.8672 16.9828 139.545
    endloop
  endfacet
  facet normal -0.86602 0.500009 0
    outer loop
      vertex 15.8672 16.9828 139.545
      vertex 13.7966 13.3965 81
      vertex 13.7966 13.3965 139
    endloop
  endfacet
  facet normal -0.865983 0.500074 -7.85612e-07
    outer loop
      vertex 17.553 19.9027 107.354
      vertex 17.4193 19.6712 126.199
      vertex 17.6526 20.0752 121.167
    endloop
  endfacet
  facet normal -0.866018 0.500012 -1.79215e-06
    outer loop
      vertex 17.4193 19.6712 126.199
      vertex 17.553 19.9027 107.354
      vertex 16.6846 18.3986 97.0988
    endloop
  endfacet
  facet normal -0.866029 0.499994 2.90932e-05
    outer loop
      vertex 15.3653 16.1135 26.8808
      vertex 13.7966 13.3965 25
      vertex 15.2718 15.9515 27.7536
    endloop
  endfacet
  facet normal -0.86602 0.50001 -1.44293e-06
    outer loop
      vertex 13.7966 13.3965 25
      vertex 15.3653 16.1135 26.8808
      vertex 16.2697 17.6799 18.44
    endloop
  endfacet
  facet normal -0.866021 0.500007 0
    outer loop
      vertex 13.7966 13.3965 0
      vertex 16.5311 18.1327 16
      vertex 16.5311 18.1327 8
    endloop
  endfacet
  facet normal -0.866006 0.500034 -2.10729e-05
    outer loop
      vertex 13.7966 13.3965 0
      vertex 16.5311 18.1327 8
      vertex 15.3679 16.1179 1.7962
    endloop
  endfacet
  facet normal -0.866014 0.50002 6.3658e-06
    outer loop
      vertex 13.7966 13.3965 0
      vertex 15.3679 16.1179 1.7962
      vertex 15.0311 15.5346 0
    endloop
  endfacet
  facet normal -0.866021 0.500007 0
    outer loop
      vertex 13.7966 13.3965 25
      vertex 16.5311 18.1327 16
      vertex 13.7966 13.3965 0
    endloop
  endfacet
  facet normal -0.866008 0.50003 1.60812e-05
    outer loop
      vertex 16.5311 18.1327 16
      vertex 13.7966 13.3965 25
      vertex 16.2697 17.6799 18.44
    endloop
  endfacet
  facet normal 0.377265 0.655719 -0.653991
    outer loop
      vertex 13.7966 13.3965 203
      vertex 10.6755 18.4905 206.307
      vertex 13.8537 13.4953 203.132
    endloop
  endfacet
  facet normal 0.378727 0.655928 -0.652935
    outer loop
      vertex 10.6755 18.4905 206.307
      vertex 13.7966 13.3965 203
      vertex 4.76042 18.7453 203.132
    endloop
  endfacet
  facet normal 0.378287 0.65521 -0.65391
    outer loop
      vertex 4.76042 18.7453 203.132
      vertex 13.7966 13.3965 203
      vertex 4.70337 18.6465 203
    endloop
  endfacet
  facet normal 0.500002 0.866025 -0
    outer loop
      vertex 13.7966 13.3965 171
      vertex 4.70337 18.6465 203
      vertex 13.7966 13.3965 203
    endloop
  endfacet
  facet normal 0.500002 0.866025 0
    outer loop
      vertex 4.70337 18.6465 203
      vertex 13.7966 13.3965 171
      vertex 4.70337 18.6465 171
    endloop
  endfacet
  facet normal 0.0652158 0.113005 0.991452
    outer loop
      vertex 14.3703 17.847 170.455
      vertex 13.7966 13.3965 171
      vertex 15.362 16.1078 170.588
    endloop
  endfacet
  facet normal 0.0652407 0.113001 0.991451
    outer loop
      vertex 8.27083 21.3685 170.455
      vertex 13.7966 13.3965 171
      vertex 14.3703 17.847 170.455
    endloop
  endfacet
  facet normal 0.0652602 0.112979 0.991452
    outer loop
      vertex 4.70337 18.6465 171
      vertex 8.27083 21.3685 170.455
      vertex 6.26878 21.3578 170.588
    endloop
  endfacet
  facet normal 0.0652421 0.113002 0.99145
    outer loop
      vertex 8.27083 21.3685 170.455
      vertex 4.70337 18.6465 171
      vertex 13.7966 13.3965 171
    endloop
  endfacet
  facet normal 0.191383 0.331488 0.923844
    outer loop
      vertex 12.3777 21.4388 169.579
      vertex 8.27083 21.3685 170.455
      vertex 14.3703 17.847 170.455
    endloop
  endfacet
  facet normal 0.30423 0.526948 -0.793581
    outer loop
      vertex 14.5869 22.1778 141.144
      vertex 11.9131 23.7215 141.144
      vertex 13.666 23.6703 141.782
    endloop
  endfacet
  facet normal 0.191489 0.331426 -0.923845
    outer loop
      vertex 15.8672 16.9828 139.545
      vertex 16.0946 19.6612 140.553
      vertex 16.7663 18.54 140.29
    endloop
  endfacet
  facet normal 0.191132 0.331477 -0.9239
    outer loop
      vertex 15.8672 16.9828 139.545
      vertex 14.5869 22.1778 141.144
      vertex 16.0946 19.6612 140.553
    endloop
  endfacet
  facet normal 0.191402 0.331521 -0.923828
    outer loop
      vertex 15.8672 16.9828 139.545
      vertex 11.9131 23.7215 141.144
      vertex 14.5869 22.1778 141.144
    endloop
  endfacet
  facet normal 0.191404 0.331523 -0.923827
    outer loop
      vertex 6.77392 22.2328 139.545
      vertex 11.9131 23.7215 141.144
      vertex 15.8672 16.9828 139.545
    endloop
  endfacet
  facet normal 0.191427 0.331464 -0.923844
    outer loop
      vertex 11.9131 23.7215 141.144
      vertex 6.77392 22.2328 139.545
      vertex 7.673 23.79 140.29
    endloop
  endfacet
  facet normal 0.0652407 0.113 -0.991451
    outer loop
      vertex 13.7966 13.3965 139
      vertex 6.77392 22.2328 139.545
      vertex 15.8672 16.9828 139.545
    endloop
  endfacet
  facet normal 0.0652414 0.113001 -0.991451
    outer loop
      vertex 6.77392 22.2328 139.545
      vertex 13.7966 13.3965 139
      vertex 4.70337 18.6465 139
    endloop
  endfacet
  facet normal 0.500002 0.866025 -0
    outer loop
      vertex 13.7966 13.3965 81
      vertex 4.70337 18.6465 139
      vertex 13.7966 13.3965 139
    endloop
  endfacet
  facet normal 0.500002 0.866025 0
    outer loop
      vertex 4.70337 18.6465 139
      vertex 13.7966 13.3965 81
      vertex 4.70337 18.6465 81
    endloop
  endfacet
  facet normal 0.0789843 0.136805 0.987444
    outer loop
      vertex 5.9729 20.8454 80.5938
      vertex 13.7966 13.3965 81
      vertex 15.0662 15.5954 80.5938
    endloop
  endfacet
  facet normal 0.0789858 0.136807 0.987444
    outer loop
      vertex 13.7966 13.3965 81
      vertex 5.9729 20.8454 80.5938
      vertex 4.70337 18.6465 81
    endloop
  endfacet
  facet normal 0.145382 0.25168 0.956829
    outer loop
      vertex 13.1789 19.4183 79.875
      vertex 15.0662 15.5954 80.5938
      vertex 15.2762 15.9592 80.4662
    endloop
  endfacet
  facet normal 0.145293 0.251641 0.956853
    outer loop
      vertex 10.2273 21.1225 79.875
      vertex 15.0662 15.5954 80.5938
      vertex 13.1789 19.4183 79.875
    endloop
  endfacet
  facet normal 0.145265 0.251733 0.956833
    outer loop
      vertex 5.9729 20.8454 80.5938
      vertex 10.2273 21.1225 79.875
      vertex 6.18294 21.2092 80.4662
    endloop
  endfacet
  facet normal 0.145276 0.251627 0.956859
    outer loop
      vertex 10.2273 21.1225 79.875
      vertex 5.9729 20.8454 80.5938
      vertex 15.0662 15.5954 80.5938
    endloop
  endfacet
  facet normal 0.212584 0.368186 0.905123
    outer loop
      vertex 12.1588 21.0597 79.4469
      vertex 10.2273 21.1225 79.875
      vertex 13.1789 19.4183 79.875
    endloop
  endfacet
  facet normal 0.376194 0.651577 -0.658731
    outer loop
      vertex 14.0798 17.6984 28.6094
      vertex 8.28739 21.0427 28.6094
      vertex 11.9592 20.7139 30.3811
    endloop
  endfacet
  facet normal 0.341136 0.590917 -0.731056
    outer loop
      vertex 13.7966 13.3965 25
      vertex 14.0798 17.6984 28.6094
      vertex 15.2718 15.9515 27.7536
    endloop
  endfacet
  facet normal 0.341166 0.590909 -0.731049
    outer loop
      vertex 13.7966 13.3965 25
      vertex 8.28739 21.0427 28.6094
      vertex 14.0798 17.6984 28.6094
    endloop
  endfacet
  facet normal 0.341162 0.590907 -0.731053
    outer loop
      vertex 4.70337 18.6465 25
      vertex 8.28739 21.0427 28.6094
      vertex 13.7966 13.3965 25
    endloop
  endfacet
  facet normal 0.341163 0.590906 -0.731053
    outer loop
      vertex 8.28739 21.0427 28.6094
      vertex 4.70337 18.6465 25
      vertex 6.17851 21.2015 27.7536
    endloop
  endfacet
  facet normal 0.500002 0.866025 -0
    outer loop
      vertex 13.7966 13.3965 0
      vertex 4.70337 18.6465 25
      vertex 13.7966 13.3965 25
    endloop
  endfacet
  facet normal 0.500002 0.866025 0
    outer loop
      vertex 4.70337 18.6465 25
      vertex 13.7966 13.3965 0
      vertex 4.70337 18.6465 0
    endloop
  endfacet
  facet normal 0.865834 0.500331 4.89199e-05
    outer loop
      vertex -13.7966 13.3965 203
      vertex -13.9012 13.5776 202.108
      vertex -13.8537 13.4953 203.132
    endloop
  endfacet
  facet normal 0.865913 0.500194 1.19496e-05
    outer loop
      vertex -13.7966 13.3965 203
      vertex -14.0294 13.7996 199.342
      vertex -13.9012 13.5776 202.108
    endloop
  endfacet
  facet normal 0.86596 0.500113 -0
    outer loop
      vertex -13.7966 13.3965 171
      vertex -14.0294 13.7996 199.342
      vertex -13.7966 13.3965 203
    endloop
  endfacet
  facet normal 0.866021 0.500007 2.00059e-06
    outer loop
      vertex -14.0294 13.7996 199.342
      vertex -13.7966 13.3965 171
      vertex -15.362 16.1078 170.588
    endloop
  endfacet
  facet normal 0.866014 0.500019 -8.25762e-07
    outer loop
      vertex -15.0662 15.5954 80.5938
      vertex -15.8672 16.9828 139.545
      vertex -13.7966 13.3965 81
    endloop
  endfacet
  facet normal 0.866029 0.499994 5.38754e-07
    outer loop
      vertex -17.553 19.9027 107.354
      vertex -18.0311 20.7308 113
      vertex -17.6526 20.0752 121.167
    endloop
  endfacet
  facet normal 0.866015 0.500018 7.99378e-06
    outer loop
      vertex -15.8672 16.9828 139.545
      vertex -17.4193 19.6712 126.199
      vertex -16.7663 18.54 140.29
    endloop
  endfacet
  facet normal 0.866033 0.499987 -3.18155e-07
    outer loop
      vertex -17.4193 19.6712 126.199
      vertex -15.8672 16.9828 139.545
      vertex -16.6846 18.3986 97.0988
    endloop
  endfacet
  facet normal 0.866071 0.499921 -3.26023e-06
    outer loop
      vertex -16.6846 18.3986 97.0988
      vertex -15.8672 16.9828 139.545
      vertex -16.399 17.9038 93.7254
    endloop
  endfacet
  facet normal 0.865971 0.500094 1.36806e-06
    outer loop
      vertex -16.399 17.9038 93.7254
      vertex -15.8672 16.9828 139.545
      vertex -16.1777 17.5206 91.1125
    endloop
  endfacet
  facet normal 0.866028 0.499995 -8.66911e-08
    outer loop
      vertex -15.0662 15.5954 80.5938
      vertex -16.1777 17.5206 91.1125
      vertex -15.8672 16.9828 139.545
    endloop
  endfacet
  facet normal 0.866064 0.499933 1.52484e-05
    outer loop
      vertex -16.1777 17.5206 91.1125
      vertex -15.0662 15.5954 80.5938
      vertex -15.2762 15.9592 80.4662
    endloop
  endfacet
  facet normal 0.86602 0.500009 -0
    outer loop
      vertex -13.7966 13.3965 81
      vertex -15.8672 16.9828 139.545
      vertex -13.7966 13.3965 139
    endloop
  endfacet
  facet normal 0.865983 0.500074 -7.85612e-07
    outer loop
      vertex -17.4193 19.6712 126.199
      vertex -17.553 19.9027 107.354
      vertex -17.6526 20.0752 121.167
    endloop
  endfacet
  facet normal 0.866018 0.500012 -1.79215e-06
    outer loop
      vertex -17.553 19.9027 107.354
      vertex -17.4193 19.6712 126.199
      vertex -16.6846 18.3986 97.0988
    endloop
  endfacet
  facet normal 0.866017 0.500015 3.06853e-06
    outer loop
      vertex -13.7966 13.3965 25
      vertex -16.2697 17.6799 18.44
      vertex -15.2718 15.9515 27.7536
    endloop
  endfacet
  facet normal 0.866008 0.50003 1.60812e-05
    outer loop
      vertex -13.7966 13.3965 25
      vertex -16.5311 18.1327 16
      vertex -16.2697 17.6799 18.44
    endloop
  endfacet
  facet normal 0.866021 0.500007 0
    outer loop
      vertex -16.5311 18.1327 16
      vertex -13.7966 13.3965 0
      vertex -16.5311 18.1327 8
    endloop
  endfacet
  facet normal 0.866006 0.500034 -2.12824e-05
    outer loop
      vertex -16.5311 18.1327 8
      vertex -13.7966 13.3965 0
      vertex -16.1522 17.4764 5.97927
    endloop
  endfacet
  facet normal 0.866021 0.500007 0
    outer loop
      vertex -16.5311 18.1327 16
      vertex -13.7966 13.3965 25
      vertex -13.7966 13.3965 0
    endloop
  endfacet
  facet normal 0.866014 0.50002 -8.68366e-06
    outer loop
      vertex -16.1522 17.4764 5.97927
      vertex -13.7966 13.3965 0
      vertex -15.0311 15.5346 0
    endloop
  endfacet
  facet normal -0.866006 -0.500034 -1.71215e-05
    outer loop
      vertex -4.76042 18.7453 203.132
      vertex -4.80792 18.8276 202.108
      vertex -4.70337 18.6465 203
    endloop
  endfacet
  facet normal -0.866073 -0.499917 1.46081e-05
    outer loop
      vertex -4.80792 18.8276 202.108
      vertex -4.93611 19.0496 199.342
      vertex -4.70337 18.6465 203
    endloop
  endfacet
  facet normal -0.86602 -0.50001 -1.25849e-07
    outer loop
      vertex -4.70337 18.6465 171
      vertex -4.93611 19.0496 199.342
      vertex -6.26878 21.3578 170.588
    endloop
  endfacet
  facet normal -0.866016 -0.500016 0
    outer loop
      vertex -4.93611 19.0496 199.342
      vertex -4.70337 18.6465 171
      vertex -4.70337 18.6465 203
    endloop
  endfacet
  facet normal -0.866026 -0.499998 -1.1279e-07
    outer loop
      vertex -4.70337 18.6465 81
      vertex -6.77392 22.2328 139.545
      vertex -5.9729 20.8454 80.5938
    endloop
  endfacet
  facet normal -0.866029 -0.499994 -5.38754e-07
    outer loop
      vertex -8.55932 25.3252 121.167
      vertex -8.93782 25.9808 113
      vertex -8.45972 25.1527 107.354
    endloop
  endfacet
  facet normal -0.866028 -0.499996 5.36622e-07
    outer loop
      vertex -6.77392 22.2328 139.545
      vertex -8.32606 24.9212 126.199
      vertex -7.59135 23.6486 97.0988
    endloop
  endfacet
  facet normal -0.866026 -0.499999 3.85501e-07
    outer loop
      vertex -6.77392 22.2328 139.545
      vertex -7.59135 23.6486 97.0988
      vertex -7.08444 22.7706 91.1125
    endloop
  endfacet
  facet normal -0.866019 -0.500011 -3.58277e-06
    outer loop
      vertex -8.32606 24.9212 126.199
      vertex -6.77392 22.2328 139.545
      vertex -7.673 23.79 140.29
    endloop
  endfacet
  facet normal -0.866025 -0.5 -1.96582e-06
    outer loop
      vertex -5.9729 20.8454 80.5938
      vertex -7.08444 22.7706 91.1125
      vertex -6.18294 21.2092 80.4662
    endloop
  endfacet
  facet normal -0.86602 -0.500009 2.35482e-07
    outer loop
      vertex -7.08444 22.7706 91.1125
      vertex -5.9729 20.8454 80.5938
      vertex -6.77392 22.2328 139.545
    endloop
  endfacet
  facet normal -0.866026 -0.5 -0
    outer loop
      vertex -4.70337 18.6465 139
      vertex -6.77392 22.2328 139.545
      vertex -4.70337 18.6465 81
    endloop
  endfacet
  facet normal -0.866015 -0.500018 -1.41013e-07
    outer loop
      vertex -8.45972 25.1527 107.354
      vertex -8.32606 24.9212 126.199
      vertex -8.55932 25.3252 121.167
    endloop
  endfacet
  facet normal -0.86603 -0.499992 2.91817e-07
    outer loop
      vertex -8.32606 24.9212 126.199
      vertex -8.45972 25.1527 107.354
      vertex -7.59135 23.6486 97.0988
    endloop
  endfacet
  facet normal -0.866024 -0.500002 -6.98325e-07
    outer loop
      vertex -6.17851 21.2015 27.7536
      vertex -7.1764 22.9299 18.44
      vertex -4.70337 18.6465 25
    endloop
  endfacet
  facet normal -0.866025 -0.500001 0
    outer loop
      vertex -4.70337 18.6465 0
      vertex -7.43782 23.3827 16
      vertex -7.43782 23.3827 8
    endloop
  endfacet
  facet normal -0.866022 -0.500005 3.77424e-06
    outer loop
      vertex -4.70337 18.6465 0
      vertex -7.43782 23.3827 8
      vertex -5.93782 20.7846 0
    endloop
  endfacet
  facet normal -0.866025 -0.500001 -0
    outer loop
      vertex -4.70337 18.6465 25
      vertex -7.43782 23.3827 16
      vertex -4.70337 18.6465 0
    endloop
  endfacet
  facet normal -0.866023 -0.500004 -2.49534e-06
    outer loop
      vertex -7.43782 23.3827 16
      vertex -4.70337 18.6465 25
      vertex -7.1764 22.9299 18.44
    endloop
  endfacet
  facet normal -0.378727 0.655928 -0.652935
    outer loop
      vertex -13.7966 13.3965 203
      vertex -10.6755 18.4905 206.307
      vertex -4.76042 18.7453 203.132
    endloop
  endfacet
  facet normal -0.378287 0.65521 -0.65391
    outer loop
      vertex -13.7966 13.3965 203
      vertex -4.76042 18.7453 203.132
      vertex -4.70337 18.6465 203
    endloop
  endfacet
  facet normal -0.377265 0.655719 -0.653991
    outer loop
      vertex -10.6755 18.4905 206.307
      vertex -13.7966 13.3965 203
      vertex -13.8537 13.4953 203.132
    endloop
  endfacet
  facet normal -0.500002 0.866025 0
    outer loop
      vertex -4.70337 18.6465 171
      vertex -13.7966 13.3965 203
      vertex -4.70337 18.6465 203
    endloop
  endfacet
  facet normal -0.500002 0.866025 0
    outer loop
      vertex -13.7966 13.3965 203
      vertex -4.70337 18.6465 171
      vertex -13.7966 13.3965 171
    endloop
  endfacet
  facet normal -0.0652602 0.112979 0.991452
    outer loop
      vertex -8.27083 21.3685 170.455
      vertex -4.70337 18.6465 171
      vertex -6.26878 21.3578 170.588
    endloop
  endfacet
  facet normal -0.0652421 0.113002 0.99145
    outer loop
      vertex -8.27083 21.3685 170.455
      vertex -13.7966 13.3965 171
      vertex -4.70337 18.6465 171
    endloop
  endfacet
  facet normal -0.0652407 0.113001 0.991451
    outer loop
      vertex -14.3703 17.847 170.455
      vertex -13.7966 13.3965 171
      vertex -8.27083 21.3685 170.455
    endloop
  endfacet
  facet normal -0.0652158 0.113005 0.991452
    outer loop
      vertex -13.7966 13.3965 171
      vertex -14.3703 17.847 170.455
      vertex -15.362 16.1078 170.588
    endloop
  endfacet
  facet normal -0.191383 0.331488 0.923844
    outer loop
      vertex -12.3777 21.4388 169.579
      vertex -14.3703 17.847 170.455
      vertex -8.27083 21.3685 170.455
    endloop
  endfacet
  facet normal -0.30423 0.526948 -0.793581
    outer loop
      vertex -11.9131 23.7215 141.144
      vertex -14.5869 22.1778 141.144
      vertex -13.666 23.6703 141.782
    endloop
  endfacet
  facet normal -0.191427 0.331464 -0.923844
    outer loop
      vertex -6.77392 22.2328 139.545
      vertex -11.9131 23.7215 141.144
      vertex -7.673 23.79 140.29
    endloop
  endfacet
  facet normal -0.191404 0.331525 -0.923827
    outer loop
      vertex -6.77392 22.2328 139.545
      vertex -14.5869 22.1778 141.144
      vertex -11.9131 23.7215 141.144
    endloop
  endfacet
  facet normal -0.191404 0.331522 -0.923828
    outer loop
      vertex -15.8672 16.9828 139.545
      vertex -14.5869 22.1778 141.144
      vertex -6.77392 22.2328 139.545
    endloop
  endfacet
  facet normal -0.191341 0.331511 -0.923845
    outer loop
      vertex -14.5869 22.1778 141.144
      vertex -15.8672 16.9828 139.545
      vertex -16.7663 18.54 140.29
    endloop
  endfacet
  facet normal -0.0652414 0.113001 -0.991451
    outer loop
      vertex -13.7966 13.3965 139
      vertex -6.77392 22.2328 139.545
      vertex -4.70337 18.6465 139
    endloop
  endfacet
  facet normal -0.0652407 0.113 -0.991451
    outer loop
      vertex -6.77392 22.2328 139.545
      vertex -13.7966 13.3965 139
      vertex -15.8672 16.9828 139.545
    endloop
  endfacet
  facet normal -0.500002 0.866025 0
    outer loop
      vertex -4.70337 18.6465 81
      vertex -13.7966 13.3965 139
      vertex -4.70337 18.6465 139
    endloop
  endfacet
  facet normal -0.500002 0.866025 0
    outer loop
      vertex -13.7966 13.3965 139
      vertex -4.70337 18.6465 81
      vertex -13.7966 13.3965 81
    endloop
  endfacet
  facet normal -0.0789858 0.136807 0.987444
    outer loop
      vertex -5.9729 20.8454 80.5938
      vertex -13.7966 13.3965 81
      vertex -4.70337 18.6465 81
    endloop
  endfacet
  facet normal -0.0789843 0.136805 0.987444
    outer loop
      vertex -13.7966 13.3965 81
      vertex -5.9729 20.8454 80.5938
      vertex -15.0662 15.5954 80.5938
    endloop
  endfacet
  facet normal -0.145265 0.251733 0.956833
    outer loop
      vertex -10.2273 21.1225 79.875
      vertex -5.9729 20.8454 80.5938
      vertex -6.18294 21.2092 80.4662
    endloop
  endfacet
  facet normal -0.145278 0.251615 0.956862
    outer loop
      vertex -13.1789 19.4183 79.875
      vertex -5.9729 20.8454 80.5938
      vertex -10.2273 21.1225 79.875
    endloop
  endfacet
  facet normal -0.145281 0.251635 0.956856
    outer loop
      vertex -13.1789 19.4183 79.875
      vertex -15.0662 15.5954 80.5938
      vertex -5.9729 20.8454 80.5938
    endloop
  endfacet
  facet normal -0.145382 0.25168 0.956829
    outer loop
      vertex -15.0662 15.5954 80.5938
      vertex -13.1789 19.4183 79.875
      vertex -15.2762 15.9592 80.4662
    endloop
  endfacet
  facet normal -0.212584 0.368186 0.905123
    outer loop
      vertex -12.1588 21.0597 79.4469
      vertex -13.1789 19.4183 79.875
      vertex -10.2273 21.1225 79.875
    endloop
  endfacet
  facet normal -0.376194 0.651577 -0.658731
    outer loop
      vertex -8.28739 21.0427 28.6094
      vertex -14.0798 17.6984 28.6094
      vertex -11.9592 20.7139 30.3811
    endloop
  endfacet
  facet normal -0.341163 0.590906 -0.731053
    outer loop
      vertex -4.70337 18.6465 25
      vertex -8.28739 21.0427 28.6094
      vertex -6.17851 21.2015 27.7536
    endloop
  endfacet
  facet normal -0.341162 0.590907 -0.731053
    outer loop
      vertex -13.7966 13.3965 25
      vertex -8.28739 21.0427 28.6094
      vertex -4.70337 18.6465 25
    endloop
  endfacet
  facet normal -0.341166 0.590909 -0.731049
    outer loop
      vertex -13.7966 13.3965 25
      vertex -14.0798 17.6984 28.6094
      vertex -8.28739 21.0427 28.6094
    endloop
  endfacet
  facet normal -0.341136 0.590917 -0.731056
    outer loop
      vertex -14.0798 17.6984 28.6094
      vertex -13.7966 13.3965 25
      vertex -15.2718 15.9515 27.7536
    endloop
  endfacet
  facet normal -0.500002 0.866025 0
    outer loop
      vertex -4.70337 18.6465 0
      vertex -13.7966 13.3965 25
      vertex -4.70337 18.6465 25
    endloop
  endfacet
  facet normal -0.500002 0.866025 0
    outer loop
      vertex -13.7966 13.3965 25
      vertex -4.70337 18.6465 0
      vertex -13.7966 13.3965 0
    endloop
  endfacet
  facet normal 0 1 0
    outer loop
      vertex -21.6308 -5.25 170.588
      vertex -18.5 -5.25 203
      vertex -18.5 -5.25 171
    endloop
  endfacet
  facet normal 0 1 0
    outer loop
      vertex -18.5 -5.25 203
      vertex -21.6308 -5.25 170.588
      vertex -18.6141 -5.25 203.132
    endloop
  endfacet
  facet normal 0 1 0
    outer loop
      vertex -22.6411 -5.25 139.545
      vertex -26.9689 -5.25 113
      vertex -24.4393 -5.25 140.29
    endloop
  endfacet
  facet normal 0 1 0
    outer loop
      vertex -18.5 -5.25 139
      vertex -26.9689 -5.25 113
      vertex -22.6411 -5.25 139.545
    endloop
  endfacet
  facet normal 0 1 0
    outer loop
      vertex -18.5 -5.25 139
      vertex -23.7047 -5.25 93.7254
      vertex -26.9689 -5.25 113
    endloop
  endfacet
  facet normal 0 1 -0
    outer loop
      vertex -18.5 -5.25 81
      vertex -23.7047 -5.25 93.7254
      vertex -18.5 -5.25 139
    endloop
  endfacet
  facet normal 0 1 -0
    outer loop
      vertex -21.0391 -5.25 80.5938
      vertex -23.7047 -5.25 93.7254
      vertex -18.5 -5.25 81
    endloop
  endfacet
  facet normal 0 1 0
    outer loop
      vertex -23.7047 -5.25 93.7254
      vertex -21.0391 -5.25 80.5938
      vertex -21.4592 -5.25 80.4662
    endloop
  endfacet
  facet normal 0 1 0
    outer loop
      vertex -18.5 -5.25 25
      vertex -23.9689 -5.25 16
      vertex -21.4503 -5.25 27.7536
    endloop
  endfacet
  facet normal 0 1 -0
    outer loop
      vertex -18.5 -5.25 0
      vertex -23.9689 -5.25 16
      vertex -18.5 -5.25 25
    endloop
  endfacet
  facet normal 0 1 0
    outer loop
      vertex -23.9689 -5.25 16
      vertex -23.2111 -5.25 5.97927
      vertex -23.9689 -5.25 8
    endloop
  endfacet
  facet normal 0 1 0
    outer loop
      vertex -23.9689 -5.25 16
      vertex -18.5 -5.25 0
      vertex -23.2111 -5.25 5.97927
    endloop
  endfacet
  facet normal 0 1 0
    outer loop
      vertex -23.2111 -5.25 5.97927
      vertex -18.5 -5.25 0
      vertex -20.9689 -5.25 0
    endloop
  endfacet
  facet normal 0 -1 0
    outer loop
      vertex -21.6308 5.25 170.588
      vertex -18.5 5.25 203
      vertex -18.6141 5.25 203.132
    endloop
  endfacet
  facet normal 0 -1 -0
    outer loop
      vertex -18.5 5.25 203
      vertex -21.6308 5.25 170.588
      vertex -18.5 5.25 171
    endloop
  endfacet
  facet normal 0 -1 0
    outer loop
      vertex -26.9689 5.25 113
      vertex -22.6411 5.25 139.545
      vertex -24.4393 5.25 140.29
    endloop
  endfacet
  facet normal 0 -1 0
    outer loop
      vertex -26.9689 5.25 113
      vertex -18.5 5.25 139
      vertex -22.6411 5.25 139.545
    endloop
  endfacet
  facet normal 0 -1 0
    outer loop
      vertex -26.9689 5.25 113
      vertex -18.5 5.25 81
      vertex -18.5 5.25 139
    endloop
  endfacet
  facet normal 0 -1 0
    outer loop
      vertex -26.9689 5.25 113
      vertex -21.0391 5.25 80.5938
      vertex -18.5 5.25 81
    endloop
  endfacet
  facet normal -0 -1 0
    outer loop
      vertex -21.0391 5.25 80.5938
      vertex -26.9689 5.25 113
      vertex -21.4592 5.25 80.4662
    endloop
  endfacet
  facet normal 0 -1 0
    outer loop
      vertex -21.6373 5.25 26.8808
      vertex -18.5 5.25 25
      vertex -21.4503 5.25 27.7536
    endloop
  endfacet
  facet normal 0 -1 0
    outer loop
      vertex -23.9689 5.25 16
      vertex -18.5 5.25 25
      vertex -21.6373 5.25 26.8808
    endloop
  endfacet
  facet normal 0 -1 0
    outer loop
      vertex -18.5 5.25 0
      vertex -23.9689 5.25 16
      vertex -23.9689 5.25 8
    endloop
  endfacet
  facet normal 0 -1 0
    outer loop
      vertex -18.5 5.25 0
      vertex -23.9689 5.25 8
      vertex -21.6425 5.25 1.7962
    endloop
  endfacet
  facet normal 0 -1 0
    outer loop
      vertex -18.5 5.25 0
      vertex -21.6425 5.25 1.7962
      vertex -20.9689 5.25 0
    endloop
  endfacet
  facet normal 0 -1 0
    outer loop
      vertex -23.9689 5.25 16
      vertex -18.5 5.25 0
      vertex -18.5 5.25 25
    endloop
  endfacet
  facet normal -0.756539 -0.00108808 -0.653948
    outer loop
      vertex -18.5 5.25 203
      vertex -21.351 0 206.307
      vertex -18.6141 5.25 203.132
    endloop
  endfacet
  facet normal -0.757394 0 -0.652958
    outer loop
      vertex -18.5 -5.25 203
      vertex -21.351 0 206.307
      vertex -18.5 5.25 203
    endloop
  endfacet
  facet normal -0.756539 0.00108808 -0.653948
    outer loop
      vertex -21.351 0 206.307
      vertex -18.5 -5.25 203
      vertex -18.6141 -5.25 203.132
    endloop
  endfacet
  facet normal -1 0 0
    outer loop
      vertex -18.5 -5.25 171
      vertex -18.5 5.25 203
      vertex -18.5 5.25 171
    endloop
  endfacet
  facet normal -1 -0 0
    outer loop
      vertex -18.5 5.25 203
      vertex -18.5 -5.25 171
      vertex -18.5 -5.25 203
    endloop
  endfacet
  facet normal -0.130471 -2.79945e-05 0.991452
    outer loop
      vertex -22.6411 3.52151 170.455
      vertex -18.5 5.25 171
      vertex -21.6308 5.25 170.588
    endloop
  endfacet
  facet normal -0.130482 0 0.991451
    outer loop
      vertex -18.5 5.25 171
      vertex -22.6411 3.52151 170.455
      vertex -18.5 -5.25 171
    endloop
  endfacet
  facet normal -0.130482 0 0.991451
    outer loop
      vertex -22.6411 -3.52151 170.455
      vertex -18.5 -5.25 171
      vertex -22.6411 3.52151 170.455
    endloop
  endfacet
  facet normal -0.130471 2.79945e-05 0.991452
    outer loop
      vertex -18.5 -5.25 171
      vertex -22.6411 -3.52151 170.455
      vertex -21.6308 -5.25 170.588
    endloop
  endfacet
  facet normal -0.382769 0 0.923844
    outer loop
      vertex -22.6411 3.52151 170.455
      vertex -24.7554 0 169.579
      vertex -22.6411 -3.52151 170.455
    endloop
  endfacet
  facet normal -0.608466 0 -0.79358
    outer loop
      vertex -26.5 -1.54367 141.144
      vertex -27.3321 0 141.782
      vertex -26.5 1.54367 141.144
    endloop
  endfacet
  facet normal -0.382754 6.11721e-05 -0.92385
    outer loop
      vertex -26.5 -1.54367 141.144
      vertex -22.6411 -5.25 139.545
      vertex -24.4393 -5.25 140.29
    endloop
  endfacet
  facet normal -0.382804 0 -0.923829
    outer loop
      vertex -22.6411 -5.25 139.545
      vertex -26.5 -1.54367 141.144
      vertex -22.6411 5.25 139.545
    endloop
  endfacet
  facet normal -0.382754 0.000100254 -0.92385
    outer loop
      vertex -22.6411 5.25 139.545
      vertex -25.0744 4.10772 140.553
      vertex -24.4393 5.25 140.29
    endloop
  endfacet
  facet normal -0.382804 -0 -0.923829
    outer loop
      vertex -26.5 1.54367 141.144
      vertex -22.6411 5.25 139.545
      vertex -26.5 -1.54367 141.144
    endloop
  endfacet
  facet normal -0.382628 -0.000215513 -0.923903
    outer loop
      vertex -22.6411 5.25 139.545
      vertex -26.5 1.54367 141.144
      vertex -25.0744 4.10772 140.553
    endloop
  endfacet
  facet normal -0.130482 0 -0.991451
    outer loop
      vertex -22.6411 -5.25 139.545
      vertex -18.5 5.25 139
      vertex -18.5 -5.25 139
    endloop
  endfacet
  facet normal -0.130482 0 -0.991451
    outer loop
      vertex -18.5 5.25 139
      vertex -22.6411 -5.25 139.545
      vertex -22.6411 5.25 139.545
    endloop
  endfacet
  facet normal -1 0 0
    outer loop
      vertex -18.5 -5.25 81
      vertex -18.5 5.25 139
      vertex -18.5 5.25 81
    endloop
  endfacet
  facet normal -1 -0 0
    outer loop
      vertex -18.5 5.25 139
      vertex -18.5 -5.25 81
      vertex -18.5 -5.25 139
    endloop
  endfacet
  facet normal -0.157969 0 0.987444
    outer loop
      vertex -21.0391 5.25 80.5938
      vertex -18.5 -5.25 81
      vertex -18.5 5.25 81
    endloop
  endfacet
  facet normal -0.157969 0 0.987444
    outer loop
      vertex -18.5 -5.25 81
      vertex -21.0391 5.25 80.5938
      vertex -21.0391 -5.25 80.5938
    endloop
  endfacet
  facet normal -0.290627 4.7584e-05 0.956836
    outer loop
      vertex -23.4062 1.70411 79.875
      vertex -21.0391 5.25 80.5938
      vertex -21.4592 5.25 80.4662
    endloop
  endfacet
  facet normal -0.290562 0 0.956856
    outer loop
      vertex -21.0391 5.25 80.5938
      vertex -23.4062 1.70411 79.875
      vertex -21.0391 -5.25 80.5938
    endloop
  endfacet
  facet normal -0.290562 0 0.956856
    outer loop
      vertex -23.4062 -1.70411 79.875
      vertex -21.0391 -5.25 80.5938
      vertex -23.4062 1.70411 79.875
    endloop
  endfacet
  facet normal -0.290627 -4.7584e-05 0.956836
    outer loop
      vertex -21.0391 -5.25 80.5938
      vertex -23.4062 -1.70411 79.875
      vertex -21.4592 -5.25 80.4662
    endloop
  endfacet
  facet normal -0.425151 0 0.905122
    outer loop
      vertex -23.4062 1.70411 79.875
      vertex -24.3176 0 79.4469
      vertex -23.4062 -1.70411 79.875
    endloop
  endfacet
  facet normal -0.752395 0 -0.658712
    outer loop
      vertex -22.3672 -3.34425 28.6094
      vertex -23.9183 0 30.3811
      vertex -22.3672 3.34425 28.6094
    endloop
  endfacet
  facet normal -0.682316 1.18191e-05 -0.731057
    outer loop
      vertex -22.3672 -3.34425 28.6094
      vertex -18.5 -5.25 25
      vertex -21.4503 -5.25 27.7536
    endloop
  endfacet
  facet normal -0.68232 0 -0.731054
    outer loop
      vertex -18.5 -5.25 25
      vertex -22.3672 -3.34425 28.6094
      vertex -18.5 5.25 25
    endloop
  endfacet
  facet normal -0.68232 -0 -0.731054
    outer loop
      vertex -22.3672 3.34425 28.6094
      vertex -18.5 5.25 25
      vertex -22.3672 -3.34425 28.6094
    endloop
  endfacet
  facet normal -0.682316 -1.18191e-05 -0.731057
    outer loop
      vertex -18.5 5.25 25
      vertex -22.3672 3.34425 28.6094
      vertex -21.4503 5.25 27.7536
    endloop
  endfacet
  facet normal -1 0 0
    outer loop
      vertex -18.5 -5.25 0
      vertex -18.5 5.25 25
      vertex -18.5 5.25 0
    endloop
  endfacet
  facet normal -1 -0 0
    outer loop
      vertex -18.5 5.25 25
      vertex -18.5 -5.25 0
      vertex -18.5 -5.25 25
    endloop
  endfacet
  facet normal -0.866006 0.500034 -1.71215e-05
    outer loop
      vertex -4.70337 -18.6465 203
      vertex -4.80792 -18.8276 202.108
      vertex -4.76042 -18.7453 203.132
    endloop
  endfacet
  facet normal -0.866073 0.499917 1.46081e-05
    outer loop
      vertex -4.70337 -18.6465 203
      vertex -4.93611 -19.0496 199.342
      vertex -4.80792 -18.8276 202.108
    endloop
  endfacet
  facet normal -0.866016 0.500016 0
    outer loop
      vertex -4.70337 -18.6465 171
      vertex -4.93611 -19.0496 199.342
      vertex -4.70337 -18.6465 203
    endloop
  endfacet
  facet normal -0.86602 0.50001 -1.25849e-07
    outer loop
      vertex -4.93611 -19.0496 199.342
      vertex -4.70337 -18.6465 171
      vertex -6.26878 -21.3578 170.588
    endloop
  endfacet
  facet normal -0.866026 0.499998 -1.1279e-07
    outer loop
      vertex -5.9729 -20.8454 80.5938
      vertex -6.77392 -22.2328 139.545
      vertex -4.70337 -18.6465 81
    endloop
  endfacet
  facet normal -0.866029 0.499994 -5.38754e-07
    outer loop
      vertex -8.45972 -25.1527 107.354
      vertex -8.93782 -25.9808 113
      vertex -8.55932 -25.3252 121.167
    endloop
  endfacet
  facet normal -0.866026 0.499999 3.85501e-07
    outer loop
      vertex -7.59135 -23.6486 97.0988
      vertex -6.77392 -22.2328 139.545
      vertex -7.08444 -22.7706 91.1125
    endloop
  endfacet
  facet normal -0.866028 0.499996 5.36622e-07
    outer loop
      vertex -8.32606 -24.9212 126.199
      vertex -6.77392 -22.2328 139.545
      vertex -7.59135 -23.6486 97.0988
    endloop
  endfacet
  facet normal -0.866019 0.500011 -3.58277e-06
    outer loop
      vertex -6.77392 -22.2328 139.545
      vertex -8.32606 -24.9212 126.199
      vertex -7.673 -23.79 140.29
    endloop
  endfacet
  facet normal -0.866025 0.5 -1.96582e-06
    outer loop
      vertex -7.08444 -22.7706 91.1125
      vertex -5.9729 -20.8454 80.5938
      vertex -6.18294 -21.2092 80.4662
    endloop
  endfacet
  facet normal -0.86602 0.500009 2.35482e-07
    outer loop
      vertex -5.9729 -20.8454 80.5938
      vertex -7.08444 -22.7706 91.1125
      vertex -6.77392 -22.2328 139.545
    endloop
  endfacet
  facet normal -0.866026 0.5 0
    outer loop
      vertex -4.70337 -18.6465 81
      vertex -6.77392 -22.2328 139.545
      vertex -4.70337 -18.6465 139
    endloop
  endfacet
  facet normal -0.86603 0.499992 2.91817e-07
    outer loop
      vertex -8.45972 -25.1527 107.354
      vertex -8.32606 -24.9212 126.199
      vertex -7.59135 -23.6486 97.0988
    endloop
  endfacet
  facet normal -0.866015 0.500018 -1.41013e-07
    outer loop
      vertex -8.32606 -24.9212 126.199
      vertex -8.45972 -25.1527 107.354
      vertex -8.55932 -25.3252 121.167
    endloop
  endfacet
  facet normal -0.866024 0.500002 -6.98325e-07
    outer loop
      vertex -4.70337 -18.6465 25
      vertex -7.1764 -22.9299 18.44
      vertex -6.17851 -21.2015 27.7536
    endloop
  endfacet
  facet normal -0.866022 0.500005 3.77424e-06
    outer loop
      vertex -7.43782 -23.3827 8
      vertex -4.70337 -18.6465 0
      vertex -5.93782 -20.7846 0
    endloop
  endfacet
  facet normal -0.866025 0.500001 0
    outer loop
      vertex -7.43782 -23.3827 16
      vertex -4.70337 -18.6465 0
      vertex -7.43782 -23.3827 8
    endloop
  endfacet
  facet normal -0.866025 0.500001 0
    outer loop
      vertex -4.70337 -18.6465 0
      vertex -7.43782 -23.3827 16
      vertex -4.70337 -18.6465 25
    endloop
  endfacet
  facet normal -0.866023 0.500004 -2.49534e-06
    outer loop
      vertex -4.70337 -18.6465 25
      vertex -7.43782 -23.3827 16
      vertex -7.1764 -22.9299 18.44
    endloop
  endfacet
  facet normal 0.865834 -0.500331 4.89199e-05
    outer loop
      vertex -13.8537 -13.4953 203.132
      vertex -13.9012 -13.5776 202.108
      vertex -13.7966 -13.3965 203
    endloop
  endfacet
  facet normal 0.865913 -0.500194 1.19496e-05
    outer loop
      vertex -13.9012 -13.5776 202.108
      vertex -14.0294 -13.7996 199.342
      vertex -13.7966 -13.3965 203
    endloop
  endfacet
  facet normal 0.86596 -0.500113 0
    outer loop
      vertex -14.0294 -13.7996 199.342
      vertex -13.7966 -13.3965 171
      vertex -13.7966 -13.3965 203
    endloop
  endfacet
  facet normal 0.866021 -0.500007 2.00059e-06
    outer loop
      vertex -13.7966 -13.3965 171
      vertex -14.0294 -13.7996 199.342
      vertex -15.362 -16.1078 170.588
    endloop
  endfacet
  facet normal 0.866014 -0.500019 -8.25762e-07
    outer loop
      vertex -13.7966 -13.3965 81
      vertex -15.8672 -16.9828 139.545
      vertex -15.0662 -15.5954 80.5938
    endloop
  endfacet
  facet normal 0.866029 -0.499994 5.38754e-07
    outer loop
      vertex -17.6526 -20.0752 121.167
      vertex -18.0311 -20.7308 113
      vertex -17.553 -19.9027 107.354
    endloop
  endfacet
  facet normal 0.866031 -0.499991 -1.54868e-07
    outer loop
      vertex -15.8672 -16.9828 139.545
      vertex -16.6846 -18.3986 97.0988
      vertex -16.1777 -17.5206 91.1125
    endloop
  endfacet
  facet normal 0.866015 -0.500018 7.99378e-06
    outer loop
      vertex -17.4193 -19.6712 126.199
      vertex -15.8672 -16.9828 139.545
      vertex -16.7663 -18.54 140.29
    endloop
  endfacet
  facet normal 0.866033 -0.499987 -3.18155e-07
    outer loop
      vertex -15.8672 -16.9828 139.545
      vertex -17.4193 -19.6712 126.199
      vertex -16.6846 -18.3986 97.0988
    endloop
  endfacet
  facet normal 0.866028 -0.499995 -8.66911e-08
    outer loop
      vertex -16.1777 -17.5206 91.1125
      vertex -15.0662 -15.5954 80.5938
      vertex -15.8672 -16.9828 139.545
    endloop
  endfacet
  facet normal 0.866064 -0.499933 1.52484e-05
    outer loop
      vertex -15.0662 -15.5954 80.5938
      vertex -16.1777 -17.5206 91.1125
      vertex -15.2762 -15.9592 80.4662
    endloop
  endfacet
  facet normal 0.86602 -0.500009 0
    outer loop
      vertex -13.7966 -13.3965 139
      vertex -15.8672 -16.9828 139.545
      vertex -13.7966 -13.3965 81
    endloop
  endfacet
  facet normal 0.866018 -0.500012 -1.79215e-06
    outer loop
      vertex -17.4193 -19.6712 126.199
      vertex -17.553 -19.9027 107.354
      vertex -16.6846 -18.3986 97.0988
    endloop
  endfacet
  facet normal 0.865983 -0.500074 -7.85612e-07
    outer loop
      vertex -17.553 -19.9027 107.354
      vertex -17.4193 -19.6712 126.199
      vertex -17.6526 -20.0752 121.167
    endloop
  endfacet
  facet normal 0.866029 -0.499994 2.90932e-05
    outer loop
      vertex -15.3653 -16.1135 26.8808
      vertex -13.7966 -13.3965 25
      vertex -15.2718 -15.9515 27.7536
    endloop
  endfacet
  facet normal 0.86602 -0.50001 -1.44293e-06
    outer loop
      vertex -13.7966 -13.3965 25
      vertex -15.3653 -16.1135 26.8808
      vertex -16.2697 -17.6799 18.44
    endloop
  endfacet
  facet normal 0.866021 -0.500007 0
    outer loop
      vertex -16.5311 -18.1327 16
      vertex -13.7966 -13.3965 0
      vertex -13.7966 -13.3965 25
    endloop
  endfacet
  facet normal 0.866014 -0.50002 6.3658e-06
    outer loop
      vertex -13.7966 -13.3965 0
      vertex -15.3679 -16.1179 1.7962
      vertex -15.0311 -15.5346 0
    endloop
  endfacet
  facet normal 0.866008 -0.50003 1.60812e-05
    outer loop
      vertex -16.5311 -18.1327 16
      vertex -13.7966 -13.3965 25
      vertex -16.2697 -17.6799 18.44
    endloop
  endfacet
  facet normal 0.866021 -0.500007 0
    outer loop
      vertex -13.7966 -13.3965 0
      vertex -16.5311 -18.1327 16
      vertex -16.5311 -18.1327 8
    endloop
  endfacet
  facet normal 0.866006 -0.500034 -2.10729e-05
    outer loop
      vertex -13.7966 -13.3965 0
      vertex -16.5311 -18.1327 8
      vertex -15.3679 -16.1179 1.7962
    endloop
  endfacet
  facet normal -0.377265 -0.655719 -0.653991
    outer loop
      vertex -13.7966 -13.3965 203
      vertex -10.6755 -18.4905 206.307
      vertex -13.8537 -13.4953 203.132
    endloop
  endfacet
  facet normal -0.378727 -0.655928 -0.652935
    outer loop
      vertex -10.6755 -18.4905 206.307
      vertex -13.7966 -13.3965 203
      vertex -4.76042 -18.7453 203.132
    endloop
  endfacet
  facet normal -0.378287 -0.65521 -0.65391
    outer loop
      vertex -4.76042 -18.7453 203.132
      vertex -13.7966 -13.3965 203
      vertex -4.70337 -18.6465 203
    endloop
  endfacet
  facet normal -0.500002 -0.866025 0
    outer loop
      vertex -13.7966 -13.3965 171
      vertex -4.70337 -18.6465 203
      vertex -13.7966 -13.3965 203
    endloop
  endfacet
  facet normal -0.500002 -0.866025 -0
    outer loop
      vertex -4.70337 -18.6465 203
      vertex -13.7966 -13.3965 171
      vertex -4.70337 -18.6465 171
    endloop
  endfacet
  facet normal -0.0652602 -0.112979 0.991452
    outer loop
      vertex -4.70337 -18.6465 171
      vertex -8.27083 -21.3685 170.455
      vertex -6.26878 -21.3578 170.588
    endloop
  endfacet
  facet normal -0.0652421 -0.113002 0.99145
    outer loop
      vertex -13.7966 -13.3965 171
      vertex -8.27083 -21.3685 170.455
      vertex -4.70337 -18.6465 171
    endloop
  endfacet
  facet normal -0.0652407 -0.113001 0.991451
    outer loop
      vertex -13.7966 -13.3965 171
      vertex -14.3703 -17.847 170.455
      vertex -8.27083 -21.3685 170.455
    endloop
  endfacet
  facet normal -0.0652158 -0.113005 0.991452
    outer loop
      vertex -14.3703 -17.847 170.455
      vertex -13.7966 -13.3965 171
      vertex -15.362 -16.1078 170.588
    endloop
  endfacet
  facet normal -0.191383 -0.331488 0.923844
    outer loop
      vertex -8.27083 -21.3685 170.455
      vertex -14.3703 -17.847 170.455
      vertex -12.3777 -21.4388 169.579
    endloop
  endfacet
  facet normal -0.30423 -0.526948 -0.793581
    outer loop
      vertex -13.666 -23.6703 141.782
      vertex -14.5869 -22.1778 141.144
      vertex -11.9131 -23.7215 141.144
    endloop
  endfacet
  facet normal -0.191427 -0.331464 -0.923844
    outer loop
      vertex -11.9131 -23.7215 141.144
      vertex -6.77392 -22.2328 139.545
      vertex -7.673 -23.79 140.29
    endloop
  endfacet
  facet normal -0.191404 -0.331525 -0.923827
    outer loop
      vertex -14.5869 -22.1778 141.144
      vertex -6.77392 -22.2328 139.545
      vertex -11.9131 -23.7215 141.144
    endloop
  endfacet
  facet normal -0.191404 -0.331522 -0.923828
    outer loop
      vertex -14.5869 -22.1778 141.144
      vertex -15.8672 -16.9828 139.545
      vertex -6.77392 -22.2328 139.545
    endloop
  endfacet
  facet normal -0.191132 -0.331477 -0.9239
    outer loop
      vertex -16.0946 -19.6612 140.553
      vertex -15.8672 -16.9828 139.545
      vertex -14.5869 -22.1778 141.144
    endloop
  endfacet
  facet normal -0.191489 -0.331426 -0.923845
    outer loop
      vertex -15.8672 -16.9828 139.545
      vertex -16.0946 -19.6612 140.553
      vertex -16.7663 -18.54 140.29
    endloop
  endfacet
  facet normal -0.0652414 -0.113001 -0.991451
    outer loop
      vertex -6.77392 -22.2328 139.545
      vertex -13.7966 -13.3965 139
      vertex -4.70337 -18.6465 139
    endloop
  endfacet
  facet normal -0.0652407 -0.113 -0.991451
    outer loop
      vertex -13.7966 -13.3965 139
      vertex -6.77392 -22.2328 139.545
      vertex -15.8672 -16.9828 139.545
    endloop
  endfacet
  facet normal -0.500002 -0.866025 0
    outer loop
      vertex -13.7966 -13.3965 81
      vertex -4.70337 -18.6465 139
      vertex -13.7966 -13.3965 139
    endloop
  endfacet
  facet normal -0.500002 -0.866025 -0
    outer loop
      vertex -4.70337 -18.6465 139
      vertex -13.7966 -13.3965 81
      vertex -4.70337 -18.6465 81
    endloop
  endfacet
  facet normal -0.0789858 -0.136807 0.987444
    outer loop
      vertex -13.7966 -13.3965 81
      vertex -5.9729 -20.8454 80.5938
      vertex -4.70337 -18.6465 81
    endloop
  endfacet
  facet normal -0.0789843 -0.136805 0.987444
    outer loop
      vertex -5.9729 -20.8454 80.5938
      vertex -13.7966 -13.3965 81
      vertex -15.0662 -15.5954 80.5938
    endloop
  endfacet
  facet normal -0.145265 -0.251733 0.956833
    outer loop
      vertex -5.9729 -20.8454 80.5938
      vertex -10.2273 -21.1225 79.875
      vertex -6.18294 -21.2092 80.4662
    endloop
  endfacet
  facet normal -0.145278 -0.251615 0.956862
    outer loop
      vertex -5.9729 -20.8454 80.5938
      vertex -13.1789 -19.4183 79.875
      vertex -10.2273 -21.1225 79.875
    endloop
  endfacet
  facet normal -0.145281 -0.251635 0.956856
    outer loop
      vertex -15.0662 -15.5954 80.5938
      vertex -13.1789 -19.4183 79.875
      vertex -5.9729 -20.8454 80.5938
    endloop
  endfacet
  facet normal -0.145382 -0.25168 0.956829
    outer loop
      vertex -13.1789 -19.4183 79.875
      vertex -15.0662 -15.5954 80.5938
      vertex -15.2762 -15.9592 80.4662
    endloop
  endfacet
  facet normal -0.212584 -0.368186 0.905123
    outer loop
      vertex -10.2273 -21.1225 79.875
      vertex -13.1789 -19.4183 79.875
      vertex -12.1588 -21.0597 79.4469
    endloop
  endfacet
  facet normal -0.376194 -0.651577 -0.658731
    outer loop
      vertex -11.9592 -20.7139 30.3811
      vertex -14.0798 -17.6984 28.6094
      vertex -8.28739 -21.0427 28.6094
    endloop
  endfacet
  facet normal -0.341163 -0.590906 -0.731053
    outer loop
      vertex -8.28739 -21.0427 28.6094
      vertex -4.70337 -18.6465 25
      vertex -6.17851 -21.2015 27.7536
    endloop
  endfacet
  facet normal -0.341162 -0.590907 -0.731053
    outer loop
      vertex -8.28739 -21.0427 28.6094
      vertex -13.7966 -13.3965 25
      vertex -4.70337 -18.6465 25
    endloop
  endfacet
  facet normal -0.341166 -0.590909 -0.731049
    outer loop
      vertex -14.0798 -17.6984 28.6094
      vertex -13.7966 -13.3965 25
      vertex -8.28739 -21.0427 28.6094
    endloop
  endfacet
  facet normal -0.341136 -0.590917 -0.731056
    outer loop
      vertex -13.7966 -13.3965 25
      vertex -14.0798 -17.6984 28.6094
      vertex -15.2718 -15.9515 27.7536
    endloop
  endfacet
  facet normal -0.500002 -0.866025 0
    outer loop
      vertex -13.7966 -13.3965 0
      vertex -4.70337 -18.6465 25
      vertex -13.7966 -13.3965 25
    endloop
  endfacet
  facet normal -0.500002 -0.866025 -0
    outer loop
      vertex -4.70337 -18.6465 25
      vertex -13.7966 -13.3965 0
      vertex -4.70337 -18.6465 0
    endloop
  endfacet
  facet normal -0.865834 -0.500331 4.89199e-05
    outer loop
      vertex 13.8537 -13.4953 203.132
      vertex 13.7966 -13.3965 203
      vertex 13.9012 -13.5776 202.108
    endloop
  endfacet
  facet normal -0.865913 -0.500194 1.19496e-05
    outer loop
      vertex 13.9012 -13.5776 202.108
      vertex 13.7966 -13.3965 203
      vertex 14.0294 -13.7996 199.342
    endloop
  endfacet
  facet normal -0.86596 -0.500113 0
    outer loop
      vertex 13.7966 -13.3965 171
      vertex 14.0294 -13.7996 199.342
      vertex 13.7966 -13.3965 203
    endloop
  endfacet
  facet normal -0.866021 -0.500007 2.00059e-06
    outer loop
      vertex 14.0294 -13.7996 199.342
      vertex 13.7966 -13.3965 171
      vertex 15.362 -16.1078 170.588
    endloop
  endfacet
  facet normal -0.866014 -0.500019 -8.25762e-07
    outer loop
      vertex 15.8672 -16.9828 139.545
      vertex 13.7966 -13.3965 81
      vertex 15.0662 -15.5954 80.5938
    endloop
  endfacet
  facet normal -0.866029 -0.499994 5.38754e-07
    outer loop
      vertex 17.6526 -20.0752 121.167
      vertex 17.553 -19.9027 107.354
      vertex 18.0311 -20.7308 113
    endloop
  endfacet
  facet normal -0.865971 -0.500094 1.36806e-06
    outer loop
      vertex 16.399 -17.9038 93.7254
      vertex 15.8672 -16.9828 139.545
      vertex 16.1777 -17.5206 91.1125
    endloop
  endfacet
  facet normal -0.866071 -0.499921 -3.26023e-06
    outer loop
      vertex 16.6846 -18.3986 97.0988
      vertex 15.8672 -16.9828 139.545
      vertex 16.399 -17.9038 93.7254
    endloop
  endfacet
  facet normal -0.866033 -0.499987 -3.18155e-07
    outer loop
      vertex 17.4193 -19.6712 126.199
      vertex 15.8672 -16.9828 139.545
      vertex 16.6846 -18.3986 97.0988
    endloop
  endfacet
  facet normal -0.866015 -0.500018 7.99378e-06
    outer loop
      vertex 15.8672 -16.9828 139.545
      vertex 17.4193 -19.6712 126.199
      vertex 16.7663 -18.54 140.29
    endloop
  endfacet
  facet normal -0.866064 -0.499933 1.52484e-05
    outer loop
      vertex 16.1777 -17.5206 91.1125
      vertex 15.0662 -15.5954 80.5938
      vertex 15.2762 -15.9592 80.4662
    endloop
  endfacet
  facet normal -0.866028 -0.499995 -8.66911e-08
    outer loop
      vertex 15.0662 -15.5954 80.5938
      vertex 16.1777 -17.5206 91.1125
      vertex 15.8672 -16.9828 139.545
    endloop
  endfacet
  facet normal -0.86602 -0.500009 -0
    outer loop
      vertex 13.7966 -13.3965 139
      vertex 13.7966 -13.3965 81
      vertex 15.8672 -16.9828 139.545
    endloop
  endfacet
  facet normal -0.866018 -0.500012 -1.79215e-06
    outer loop
      vertex 17.553 -19.9027 107.354
      vertex 17.4193 -19.6712 126.199
      vertex 16.6846 -18.3986 97.0988
    endloop
  endfacet
  facet normal -0.865983 -0.500074 -7.85612e-07
    outer loop
      vertex 17.4193 -19.6712 126.199
      vertex 17.553 -19.9027 107.354
      vertex 17.6526 -20.0752 121.167
    endloop
  endfacet
  facet normal -0.866017 -0.500015 3.06853e-06
    outer loop
      vertex 15.2718 -15.9515 27.7536
      vertex 13.7966 -13.3965 25
      vertex 16.2697 -17.6799 18.44
    endloop
  endfacet
  facet normal -0.866014 -0.50002 -8.68366e-06
    outer loop
      vertex 16.1522 -17.4764 5.97927
      vertex 13.7966 -13.3965 0
      vertex 15.0311 -15.5346 0
    endloop
  endfacet
  facet normal -0.866018 -0.500014 -2.48773e-06
    outer loop
      vertex 16.5311 -18.1327 16
      vertex 13.7966 -13.3965 0
      vertex 16.1522 -17.4764 5.97927
    endloop
  endfacet
  facet normal -0.866021 -0.500007 0
    outer loop
      vertex 13.7966 -13.3965 0
      vertex 16.5311 -18.1327 16
      vertex 13.7966 -13.3965 25
    endloop
  endfacet
  facet normal -0.866034 -0.499985 -0
    outer loop
      vertex 16.5311 -18.1327 16
      vertex 16.1522 -17.4764 5.97927
      vertex 16.5311 -18.1327 8
    endloop
  endfacet
  facet normal -0.866008 -0.50003 1.60812e-05
    outer loop
      vertex 13.7966 -13.3965 25
      vertex 16.5311 -18.1327 16
      vertex 16.2697 -17.6799 18.44
    endloop
  endfacet
  facet normal 0.866006 0.500034 -1.71215e-05
    outer loop
      vertex 4.80792 -18.8276 202.108
      vertex 4.70337 -18.6465 203
      vertex 4.76042 -18.7453 203.132
    endloop
  endfacet
  facet normal 0.866073 0.499917 1.46081e-05
    outer loop
      vertex 4.93611 -19.0496 199.342
      vertex 4.70337 -18.6465 203
      vertex 4.80792 -18.8276 202.108
    endloop
  endfacet
  facet normal 0.866016 0.500016 0
    outer loop
      vertex 4.93611 -19.0496 199.342
      vertex 4.70337 -18.6465 171
      vertex 4.70337 -18.6465 203
    endloop
  endfacet
  facet normal 0.86602 0.50001 -1.25849e-07
    outer loop
      vertex 4.70337 -18.6465 171
      vertex 4.93611 -19.0496 199.342
      vertex 6.26878 -21.3578 170.588
    endloop
  endfacet
  facet normal 0.866026 0.499998 -1.1279e-07
    outer loop
      vertex 5.9729 -20.8454 80.5938
      vertex 4.70337 -18.6465 81
      vertex 6.77392 -22.2328 139.545
    endloop
  endfacet
  facet normal 0.866029 0.499994 -5.38754e-07
    outer loop
      vertex 8.93782 -25.9808 113
      vertex 8.45972 -25.1527 107.354
      vertex 8.55932 -25.3252 121.167
    endloop
  endfacet
  facet normal 0.866026 0.499999 3.85501e-07
    outer loop
      vertex 6.77392 -22.2328 139.545
      vertex 7.59135 -23.6486 97.0988
      vertex 7.08444 -22.7706 91.1125
    endloop
  endfacet
  facet normal 0.866019 0.500011 -3.58277e-06
    outer loop
      vertex 8.32606 -24.9212 126.199
      vertex 6.77392 -22.2328 139.545
      vertex 7.673 -23.79 140.29
    endloop
  endfacet
  facet normal 0.866028 0.499996 5.36622e-07
    outer loop
      vertex 6.77392 -22.2328 139.545
      vertex 8.32606 -24.9212 126.199
      vertex 7.59135 -23.6486 97.0988
    endloop
  endfacet
  facet normal 0.86602 0.500009 2.35482e-07
    outer loop
      vertex 7.08444 -22.7706 91.1125
      vertex 5.9729 -20.8454 80.5938
      vertex 6.77392 -22.2328 139.545
    endloop
  endfacet
  facet normal 0.866025 0.5 -1.96582e-06
    outer loop
      vertex 5.9729 -20.8454 80.5938
      vertex 7.08444 -22.7706 91.1125
      vertex 6.18294 -21.2092 80.4662
    endloop
  endfacet
  facet normal 0.866026 0.5 0
    outer loop
      vertex 6.77392 -22.2328 139.545
      vertex 4.70337 -18.6465 81
      vertex 4.70337 -18.6465 139
    endloop
  endfacet
  facet normal 0.86603 0.499992 2.91817e-07
    outer loop
      vertex 8.32606 -24.9212 126.199
      vertex 8.45972 -25.1527 107.354
      vertex 7.59135 -23.6486 97.0988
    endloop
  endfacet
  facet normal 0.866015 0.500018 -1.41013e-07
    outer loop
      vertex 8.45972 -25.1527 107.354
      vertex 8.32606 -24.9212 126.199
      vertex 8.55932 -25.3252 121.167
    endloop
  endfacet
  facet normal 0.866024 0.500002 -6.98325e-07
    outer loop
      vertex 7.1764 -22.9299 18.44
      vertex 4.70337 -18.6465 25
      vertex 6.17851 -21.2015 27.7536
    endloop
  endfacet
  facet normal 0.866025 0.500001 0
    outer loop
      vertex 7.43782 -23.3827 16
      vertex 4.70337 -18.6465 0
      vertex 4.70337 -18.6465 25
    endloop
  endfacet
  facet normal 0.866023 0.500004 -2.49534e-06
    outer loop
      vertex 7.43782 -23.3827 16
      vertex 4.70337 -18.6465 25
      vertex 7.1764 -22.9299 18.44
    endloop
  endfacet
  facet normal 0.866025 0.500001 0
    outer loop
      vertex 4.70337 -18.6465 0
      vertex 7.43782 -23.3827 16
      vertex 7.43782 -23.3827 8
    endloop
  endfacet
  facet normal 0.866022 0.500005 3.77424e-06
    outer loop
      vertex 4.70337 -18.6465 0
      vertex 7.43782 -23.3827 8
      vertex 5.93782 -20.7846 0
    endloop
  endfacet
  facet normal 0.378727 -0.655928 -0.652935
    outer loop
      vertex 13.7966 -13.3965 203
      vertex 10.6755 -18.4905 206.307
      vertex 4.76042 -18.7453 203.132
    endloop
  endfacet
  facet normal 0.378287 -0.65521 -0.65391
    outer loop
      vertex 13.7966 -13.3965 203
      vertex 4.76042 -18.7453 203.132
      vertex 4.70337 -18.6465 203
    endloop
  endfacet
  facet normal 0.377265 -0.655719 -0.653991
    outer loop
      vertex 10.6755 -18.4905 206.307
      vertex 13.7966 -13.3965 203
      vertex 13.8537 -13.4953 203.132
    endloop
  endfacet
  facet normal 0.500002 -0.866025 0
    outer loop
      vertex 4.70337 -18.6465 171
      vertex 13.7966 -13.3965 203
      vertex 4.70337 -18.6465 203
    endloop
  endfacet
  facet normal 0.500002 -0.866025 0
    outer loop
      vertex 13.7966 -13.3965 203
      vertex 4.70337 -18.6465 171
      vertex 13.7966 -13.3965 171
    endloop
  endfacet
  facet normal 0.0652158 -0.113005 0.991452
    outer loop
      vertex 13.7966 -13.3965 171
      vertex 14.3703 -17.847 170.455
      vertex 15.362 -16.1078 170.588
    endloop
  endfacet
  facet normal 0.0652407 -0.113001 0.991451
    outer loop
      vertex 13.7966 -13.3965 171
      vertex 8.27083 -21.3685 170.455
      vertex 14.3703 -17.847 170.455
    endloop
  endfacet
  facet normal 0.0652421 -0.113002 0.99145
    outer loop
      vertex 4.70337 -18.6465 171
      vertex 8.27083 -21.3685 170.455
      vertex 13.7966 -13.3965 171
    endloop
  endfacet
  facet normal 0.0652602 -0.112979 0.991452
    outer loop
      vertex 8.27083 -21.3685 170.455
      vertex 4.70337 -18.6465 171
      vertex 6.26878 -21.3578 170.588
    endloop
  endfacet
  facet normal 0.191383 -0.331488 0.923844
    outer loop
      vertex 14.3703 -17.847 170.455
      vertex 8.27083 -21.3685 170.455
      vertex 12.3777 -21.4388 169.579
    endloop
  endfacet
  facet normal 0.30423 -0.526948 -0.793581
    outer loop
      vertex 13.666 -23.6703 141.782
      vertex 11.9131 -23.7215 141.144
      vertex 14.5869 -22.1778 141.144
    endloop
  endfacet
  facet normal 0.191341 -0.331511 -0.923845
    outer loop
      vertex 14.5869 -22.1778 141.144
      vertex 15.8672 -16.9828 139.545
      vertex 16.7663 -18.54 140.29
    endloop
  endfacet
  facet normal 0.191402 -0.331521 -0.923828
    outer loop
      vertex 11.9131 -23.7215 141.144
      vertex 15.8672 -16.9828 139.545
      vertex 14.5869 -22.1778 141.144
    endloop
  endfacet
  facet normal 0.191427 -0.331464 -0.923844
    outer loop
      vertex 6.77392 -22.2328 139.545
      vertex 11.9131 -23.7215 141.144
      vertex 7.673 -23.79 140.29
    endloop
  endfacet
  facet normal 0.191404 -0.331523 -0.923827
    outer loop
      vertex 11.9131 -23.7215 141.144
      vertex 6.77392 -22.2328 139.545
      vertex 15.8672 -16.9828 139.545
    endloop
  endfacet
  facet normal 0.0652407 -0.113 -0.991451
    outer loop
      vertex 6.77392 -22.2328 139.545
      vertex 13.7966 -13.3965 139
      vertex 15.8672 -16.9828 139.545
    endloop
  endfacet
  facet normal 0.0652414 -0.113001 -0.991451
    outer loop
      vertex 13.7966 -13.3965 139
      vertex 6.77392 -22.2328 139.545
      vertex 4.70337 -18.6465 139
    endloop
  endfacet
  facet normal 0.500002 -0.866025 0
    outer loop
      vertex 4.70337 -18.6465 81
      vertex 13.7966 -13.3965 139
      vertex 4.70337 -18.6465 139
    endloop
  endfacet
  facet normal 0.500002 -0.866025 0
    outer loop
      vertex 13.7966 -13.3965 139
      vertex 4.70337 -18.6465 81
      vertex 13.7966 -13.3965 81
    endloop
  endfacet
  facet normal 0.0789843 -0.136805 0.987444
    outer loop
      vertex 13.7966 -13.3965 81
      vertex 5.9729 -20.8454 80.5938
      vertex 15.0662 -15.5954 80.5938
    endloop
  endfacet
  facet normal 0.0789858 -0.136807 0.987444
    outer loop
      vertex 5.9729 -20.8454 80.5938
      vertex 13.7966 -13.3965 81
      vertex 4.70337 -18.6465 81
    endloop
  endfacet
  facet normal 0.145382 -0.25168 0.956829
    outer loop
      vertex 15.0662 -15.5954 80.5938
      vertex 13.1789 -19.4183 79.875
      vertex 15.2762 -15.9592 80.4662
    endloop
  endfacet
  facet normal 0.145293 -0.251641 0.956853
    outer loop
      vertex 15.0662 -15.5954 80.5938
      vertex 10.2273 -21.1225 79.875
      vertex 13.1789 -19.4183 79.875
    endloop
  endfacet
  facet normal 0.145276 -0.251627 0.956859
    outer loop
      vertex 5.9729 -20.8454 80.5938
      vertex 10.2273 -21.1225 79.875
      vertex 15.0662 -15.5954 80.5938
    endloop
  endfacet
  facet normal 0.145265 -0.251733 0.956833
    outer loop
      vertex 10.2273 -21.1225 79.875
      vertex 5.9729 -20.8454 80.5938
      vertex 6.18294 -21.2092 80.4662
    endloop
  endfacet
  facet normal 0.212584 -0.368186 0.905123
    outer loop
      vertex 13.1789 -19.4183 79.875
      vertex 10.2273 -21.1225 79.875
      vertex 12.1588 -21.0597 79.4469
    endloop
  endfacet
  facet normal 0.376194 -0.651577 -0.658731
    outer loop
      vertex 11.9592 -20.7139 30.3811
      vertex 8.28739 -21.0427 28.6094
      vertex 14.0798 -17.6984 28.6094
    endloop
  endfacet
  facet normal 0.341136 -0.590917 -0.731056
    outer loop
      vertex 14.0798 -17.6984 28.6094
      vertex 13.7966 -13.3965 25
      vertex 15.2718 -15.9515 27.7536
    endloop
  endfacet
  facet normal 0.341166 -0.590909 -0.731049
    outer loop
      vertex 8.28739 -21.0427 28.6094
      vertex 13.7966 -13.3965 25
      vertex 14.0798 -17.6984 28.6094
    endloop
  endfacet
  facet normal 0.341163 -0.590906 -0.731053
    outer loop
      vertex 4.70337 -18.6465 25
      vertex 8.28739 -21.0427 28.6094
      vertex 6.17851 -21.2015 27.7536
    endloop
  endfacet
  facet normal 0.341162 -0.590907 -0.731053
    outer loop
      vertex 8.28739 -21.0427 28.6094
      vertex 4.70337 -18.6465 25
      vertex 13.7966 -13.3965 25
    endloop
  endfacet
  facet normal 0.500002 -0.866025 0
    outer loop
      vertex 4.70337 -18.6465 0
      vertex 13.7966 -13.3965 25
      vertex 4.70337 -18.6465 25
    endloop
  endfacet
  facet normal 0.500002 -0.866025 0
    outer loop
      vertex 13.7966 -13.3965 25
      vertex 4.70337 -18.6465 0
      vertex 13.7966 -13.3965 0
    endloop
  endfacet
  facet normal -0.866026 0.499998 0
    outer loop
      vertex -23.9689 5.25 8
      vertex -16.5311 18.1327 16
      vertex -16.5311 18.1327 8
    endloop
  endfacet
  facet normal -0.866026 0.499998 0
    outer loop
      vertex -16.5311 18.1327 16
      vertex -23.9689 5.25 8
      vertex -23.9689 5.25 16
    endloop
  endfacet
  facet normal -0.851468 0.491652 0.18243
    outer loop
      vertex -21.4503 5.25 27.7536
      vertex -9.75 16.8875 51
      vertex -21.6373 5.25 26.8808
    endloop
  endfacet
  facet normal -0.851487 0.491607 0.182462
    outer loop
      vertex -22.3672 3.34425 28.6094
      vertex -9.75 16.8875 51
      vertex -21.4503 5.25 27.7536
    endloop
  endfacet
  facet normal -0.851494 0.491596 0.182461
    outer loop
      vertex -19.5 0 51
      vertex -22.3672 3.34425 28.6094
      vertex -23.9183 0 30.3811
    endloop
  endfacet
  facet normal -0.851487 0.491606 0.182462
    outer loop
      vertex -22.3672 3.34425 28.6094
      vertex -19.5 0 51
      vertex -9.75 16.8875 51
    endloop
  endfacet
  facet normal -0.851489 0.491603 0.182462
    outer loop
      vertex -21.6373 5.25 26.8808
      vertex -16.2697 17.6799 18.44
      vertex -23.9689 5.25 16
    endloop
  endfacet
  facet normal -0.85149 0.491606 0.18245
    outer loop
      vertex -23.9689 5.25 16
      vertex -16.2697 17.6799 18.44
      vertex -16.5311 18.1327 16
    endloop
  endfacet
  facet normal -0.851493 0.491596 0.182462
    outer loop
      vertex -14.0798 17.6984 28.6094
      vertex -9.75 16.8875 51
      vertex -11.9592 20.7139 30.3811
    endloop
  endfacet
  facet normal -0.851479 0.491622 0.18246
    outer loop
      vertex -15.2718 15.9515 27.7536
      vertex -9.75 16.8875 51
      vertex -14.0798 17.6984 28.6094
    endloop
  endfacet
  facet normal -0.851489 0.491604 0.182463
    outer loop
      vertex -16.2697 17.6799 18.44
      vertex -21.6373 5.25 26.8808
      vertex -15.2718 15.9515 27.7536
    endloop
  endfacet
  facet normal -0.851489 0.491604 0.182463
    outer loop
      vertex -15.2718 15.9515 27.7536
      vertex -21.6373 5.25 26.8808
      vertex -9.75 16.8875 51
    endloop
  endfacet
  facet normal -0.856856 0.494711 -0.145115
    outer loop
      vertex -19.5 0 51
      vertex -21.4592 5.25 80.4662
      vertex -16.399 17.9038 93.7254
    endloop
  endfacet
  facet normal -0.856869 0.494689 -0.145112
    outer loop
      vertex -19.5 0 51
      vertex -23.4062 1.70411 79.875
      vertex -21.4592 5.25 80.4662
    endloop
  endfacet
  facet normal -0.856852 0.49472 -0.145111
    outer loop
      vertex -23.4062 1.70411 79.875
      vertex -19.5 0 51
      vertex -24.3176 0 79.4469
    endloop
  endfacet
  facet normal -0.856859 0.494706 -0.145115
    outer loop
      vertex -26.9689 5.25 113
      vertex -17.553 19.9027 107.354
      vertex -16.6846 18.3986 97.0988
    endloop
  endfacet
  facet normal -0.856856 0.494714 -0.145107
    outer loop
      vertex -26.9689 5.25 113
      vertex -16.6846 18.3986 97.0988
      vertex -16.399 17.9038 93.7254
    endloop
  endfacet
  facet normal -0.856858 0.494708 -0.145112
    outer loop
      vertex -26.9689 5.25 113
      vertex -16.399 17.9038 93.7254
      vertex -21.4592 5.25 80.4662
    endloop
  endfacet
  facet normal -0.856859 0.494705 -0.145117
    outer loop
      vertex -17.553 19.9027 107.354
      vertex -26.9689 5.25 113
      vertex -18.0311 20.7308 113
    endloop
  endfacet
  facet normal -0.856873 0.494684 -0.145111
    outer loop
      vertex -9.75 16.8875 51
      vertex -13.1789 19.4183 79.875
      vertex -12.1588 21.0597 79.4469
    endloop
  endfacet
  facet normal -0.856852 0.49472 -0.145112
    outer loop
      vertex -9.75 16.8875 51
      vertex -15.2762 15.9592 80.4662
      vertex -13.1789 19.4183 79.875
    endloop
  endfacet
  facet normal -0.856859 0.494707 -0.145113
    outer loop
      vertex -15.2762 15.9592 80.4662
      vertex -9.75 16.8875 51
      vertex -19.5 0 51
    endloop
  endfacet
  facet normal -0.856862 0.494703 -0.145111
    outer loop
      vertex -19.5 0 51
      vertex -16.1777 17.5206 91.1125
      vertex -15.2762 15.9592 80.4662
    endloop
  endfacet
  facet normal -0.85684 0.494736 -0.145127
    outer loop
      vertex -16.1777 17.5206 91.1125
      vertex -19.5 0 51
      vertex -16.399 17.9038 93.7254
    endloop
  endfacet
  facet normal -0.86325 0.498394 0.0800194
    outer loop
      vertex -25.0744 4.10772 140.553
      vertex -21.6308 5.25 170.588
      vertex -9.75 16.8875 226.275
    endloop
  endfacet
  facet normal -0.863246 0.498401 0.0800186
    outer loop
      vertex -27.3321 0 141.782
      vertex -21.6308 5.25 170.588
      vertex -25.0744 4.10772 140.553
    endloop
  endfacet
  facet normal -0.863236 0.49841 0.0800654
    outer loop
      vertex -27.3321 0 141.782
      vertex -25.0744 4.10772 140.553
      vertex -26.5 1.54367 141.144
    endloop
  endfacet
  facet normal -0.863243 0.498407 0.0800169
    outer loop
      vertex -21.6308 5.25 170.588
      vertex -27.3321 0 141.782
      vertex -22.6411 3.52151 170.455
    endloop
  endfacet
  facet normal -0.863253 0.498388 0.080021
    outer loop
      vertex -22.6411 3.52151 170.455
      vertex -27.3321 0 141.782
      vertex -24.7554 0 169.579
    endloop
  endfacet
  facet normal -0.863251 0.498392 0.0800199
    outer loop
      vertex -18.6141 5.25 203.132
      vertex -9.75 16.8875 226.275
      vertex -21.6308 5.25 170.588
    endloop
  endfacet
  facet normal -0.863243 0.498407 0.0800093
    outer loop
      vertex -21.351 0 206.307
      vertex -9.75 16.8875 226.275
      vertex -18.6141 5.25 203.132
    endloop
  endfacet
  facet normal -0.863248 0.498396 0.0800217
    outer loop
      vertex -9.75 16.8875 226.275
      vertex -21.351 0 206.307
      vertex -19.5 0 226.275
    endloop
  endfacet
  facet normal -0.86327 0.49836 0.0800185
    outer loop
      vertex -16.7663 18.54 140.29
      vertex -15.362 16.1078 170.588
      vertex -14.3703 17.847 170.455
    endloop
  endfacet
  facet normal -0.863248 0.498398 0.0800148
    outer loop
      vertex -24.4393 5.25 140.29
      vertex -16.7663 18.54 140.29
      vertex -17.4193 19.6712 126.199
    endloop
  endfacet
  facet normal -0.863248 0.498397 0.0800205
    outer loop
      vertex -16.7663 18.54 140.29
      vertex -24.4393 5.25 140.29
      vertex -15.362 16.1078 170.588
    endloop
  endfacet
  facet normal -0.863253 0.498388 0.0800254
    outer loop
      vertex -25.0744 4.10772 140.553
      vertex -15.362 16.1078 170.588
      vertex -24.4393 5.25 140.29
    endloop
  endfacet
  facet normal -0.863244 0.498405 0.0800159
    outer loop
      vertex -15.362 16.1078 170.588
      vertex -25.0744 4.10772 140.553
      vertex -14.0294 13.7996 199.342
    endloop
  endfacet
  facet normal -0.863247 0.498399 0.0800172
    outer loop
      vertex -24.4393 5.25 140.29
      vertex -17.4193 19.6712 126.199
      vertex -26.9689 5.25 113
    endloop
  endfacet
  facet normal -0.863253 0.498386 0.0800367
    outer loop
      vertex -17.6526 20.0752 121.167
      vertex -26.9689 5.25 113
      vertex -17.4193 19.6712 126.199
    endloop
  endfacet
  facet normal -0.86325 0.498395 0.0800156
    outer loop
      vertex -26.9689 5.25 113
      vertex -17.6526 20.0752 121.167
      vertex -18.0311 20.7308 113
    endloop
  endfacet
  facet normal -0.863232 0.498424 0.0800207
    outer loop
      vertex -14.5869 22.1778 141.144
      vertex -12.3777 21.4388 169.579
      vertex -13.666 23.6703 141.782
    endloop
  endfacet
  facet normal -0.863253 0.498388 0.0800214
    outer loop
      vertex -16.7663 18.54 140.29
      vertex -12.3777 21.4388 169.579
      vertex -14.5869 22.1778 141.144
    endloop
  endfacet
  facet normal -0.863241 0.49841 0.0800173
    outer loop
      vertex -12.3777 21.4388 169.579
      vertex -16.7663 18.54 140.29
      vertex -14.3703 17.847 170.455
    endloop
  endfacet
  facet normal -0.863255 0.498385 0.0800207
    outer loop
      vertex -13.8537 13.4953 203.132
      vertex -9.75 16.8875 226.275
      vertex -10.6755 18.4905 206.307
    endloop
  endfacet
  facet normal -0.863238 0.498416 0.0800128
    outer loop
      vertex -14.0294 13.7996 199.342
      vertex -25.0744 4.10772 140.553
      vertex -13.9012 13.5776 202.108
    endloop
  endfacet
  facet normal -0.863091 0.498681 0.0799482
    outer loop
      vertex -13.8537 13.4953 203.132
      vertex -25.0744 4.10772 140.553
      vertex -9.75 16.8875 226.275
    endloop
  endfacet
  facet normal -0.863396 0.498131 0.0800854
    outer loop
      vertex -13.9012 13.5776 202.108
      vertex -25.0744 4.10772 140.553
      vertex -13.8537 13.4953 203.132
    endloop
  endfacet
  facet normal -0.661692 0.382028 0.64515
    outer loop
      vertex 0 0 246.275
      vertex -9.75 16.8875 226.275
      vertex -19.5 0 226.275
    endloop
  endfacet
  facet normal 0 0 -1
    outer loop
      vertex 4.70337 -18.6465 0
      vertex 3.94352 -13 0
      vertex 4.57665 -12.7909 0
    endloop
  endfacet
  facet normal 0 0 -1
    outer loop
      vertex 4.70337 -18.6465 0
      vertex 3.30089 -13.1779 0
      vertex 3.94352 -13 0
    endloop
  endfacet
  facet normal 0 0 -1
    outer loop
      vertex 4.70337 -18.6465 0
      vertex 2.6503 -13.324 0
      vertex 3.30089 -13.1779 0
    endloop
  endfacet
  facet normal 0 0 -1
    outer loop
      vertex 4.70337 -18.6465 0
      vertex 1.99333 -13.438 0
      vertex 2.6503 -13.324 0
    endloop
  endfacet
  facet normal 0 0 -1
    outer loop
      vertex 4.70337 -18.6465 0
      vertex 1.33156 -13.5196 0
      vertex 1.99333 -13.438 0
    endloop
  endfacet
  facet normal 0 0 -1
    outer loop
      vertex -4.70337 -18.6465 0
      vertex 4.70337 -18.6465 0
      vertex 5.93782 -20.7846 0
    endloop
  endfacet
  facet normal 0 0 -1
    outer loop
      vertex 4.70337 -18.6465 0
      vertex 0.666584 -13.5686 0
      vertex 1.33156 -13.5196 0
    endloop
  endfacet
  facet normal 0 -0 -1
    outer loop
      vertex 0 -13.585 0
      vertex 4.70337 -18.6465 0
      vertex -4.70337 -18.6465 0
    endloop
  endfacet
  facet normal 0 0 -1
    outer loop
      vertex 4.70337 -18.6465 0
      vertex 0 -13.585 0
      vertex 0.666584 -13.5686 0
    endloop
  endfacet
  facet normal -0 0 -1
    outer loop
      vertex 0 -13.585 0
      vertex -4.70337 -18.6465 0
      vertex -0.666584 -13.5686 0
    endloop
  endfacet
  facet normal -0 0 -1
    outer loop
      vertex -0.666584 -13.5686 0
      vertex -4.70337 -18.6465 0
      vertex -1.33156 -13.5196 0
    endloop
  endfacet
  facet normal -0 0 -1
    outer loop
      vertex -1.33156 -13.5196 0
      vertex -4.70337 -18.6465 0
      vertex -1.99333 -13.438 0
    endloop
  endfacet
  facet normal -0 0 -1
    outer loop
      vertex -1.99333 -13.438 0
      vertex -4.70337 -18.6465 0
      vertex -2.6503 -13.324 0
    endloop
  endfacet
  facet normal -0 0 -1
    outer loop
      vertex -2.6503 -13.324 0
      vertex -4.70337 -18.6465 0
      vertex -3.30089 -13.1779 0
    endloop
  endfacet
  facet normal -0 0 -1
    outer loop
      vertex -3.30089 -13.1779 0
      vertex -4.70337 -18.6465 0
      vertex -3.94352 -13 0
    endloop
  endfacet
  facet normal -0 0 -1
    outer loop
      vertex -3.94352 -13 0
      vertex -4.70337 -18.6465 0
      vertex -4.57665 -12.7909 0
    endloop
  endfacet
  facet normal 0 -0 -1
    outer loop
      vertex -4.70337 -18.6465 0
      vertex 5.93782 -20.7846 0
      vertex -5.93782 -20.7846 0
    endloop
  endfacet
  facet normal 0 0 -1
    outer loop
      vertex 13.5196 1.33156 0
      vertex 18.5 5.25 0
      vertex 13.5686 0.666584 0
    endloop
  endfacet
  facet normal 0 0 -1
    outer loop
      vertex 13.438 1.99333 0
      vertex 18.5 5.25 0
      vertex 13.5196 1.33156 0
    endloop
  endfacet
  facet normal 0 0 -1
    outer loop
      vertex 13.324 2.6503 0
      vertex 18.5 5.25 0
      vertex 13.438 1.99333 0
    endloop
  endfacet
  facet normal 0 0 -1
    outer loop
      vertex 13.1779 3.30089 0
      vertex 18.5 5.25 0
      vertex 13.324 2.6503 0
    endloop
  endfacet
  facet normal 0 0 -1
    outer loop
      vertex 13 3.94352 0
      vertex 18.5 5.25 0
      vertex 13.1779 3.30089 0
    endloop
  endfacet
  facet normal 0 0 -1
    outer loop
      vertex 12.7909 4.57665 0
      vertex 18.5 5.25 0
      vertex 13 3.94352 0
    endloop
  endfacet
  facet normal 0 0 -1
    outer loop
      vertex 12.5509 5.19875 0
      vertex 18.5 5.25 0
      vertex 12.7909 4.57665 0
    endloop
  endfacet
  facet normal 0 0 -1
    outer loop
      vertex 12.2807 5.80834 0
      vertex 18.5 5.25 0
      vertex 12.5509 5.19875 0
    endloop
  endfacet
  facet normal 0 0 -1
    outer loop
      vertex 11.9809 6.40392 0
      vertex 18.5 5.25 0
      vertex 12.2807 5.80834 0
    endloop
  endfacet
  facet normal 0 0 -1
    outer loop
      vertex 11.6522 6.98409 0
      vertex 18.5 5.25 0
      vertex 11.9809 6.40392 0
    endloop
  endfacet
  facet normal 0 0 -1
    outer loop
      vertex 18.5 5.25 0
      vertex 11.6522 6.98409 0
      vertex 13.7966 13.3965 0
    endloop
  endfacet
  facet normal 0 0 -1
    outer loop
      vertex 11.2955 7.54742 0
      vertex 13.7966 13.3965 0
      vertex 11.6522 6.98409 0
    endloop
  endfacet
  facet normal 0 0 -1
    outer loop
      vertex 10.9116 8.09257 0
      vertex 13.7966 13.3965 0
      vertex 11.2955 7.54742 0
    endloop
  endfacet
  facet normal 0 0 -1
    outer loop
      vertex 10.5013 8.61823 0
      vertex 13.7966 13.3965 0
      vertex 10.9116 8.09257 0
    endloop
  endfacet
  facet normal 0 0 -1
    outer loop
      vertex 10.0658 9.12313 0
      vertex 13.7966 13.3965 0
      vertex 10.5013 8.61823 0
    endloop
  endfacet
  facet normal 0 0 -1
    outer loop
      vertex 9.60604 9.60604 0
      vertex 13.7966 13.3965 0
      vertex 10.0658 9.12313 0
    endloop
  endfacet
  facet normal 0 0 -1
    outer loop
      vertex 9.12313 10.0658 0
      vertex 13.7966 13.3965 0
      vertex 9.60604 9.60604 0
    endloop
  endfacet
  facet normal 0 0 -1
    outer loop
      vertex 8.61823 10.5013 0
      vertex 13.7966 13.3965 0
      vertex 9.12313 10.0658 0
    endloop
  endfacet
  facet normal 0 0 -1
    outer loop
      vertex 8.09257 10.9116 0
      vertex 13.7966 13.3965 0
      vertex 8.61823 10.5013 0
    endloop
  endfacet
  facet normal 0 0 -1
    outer loop
      vertex 7.54742 11.2955 0
      vertex 13.7966 13.3965 0
      vertex 8.09257 10.9116 0
    endloop
  endfacet
  facet normal 0 0 -1
    outer loop
      vertex 6.98409 11.6522 0
      vertex 13.7966 13.3965 0
      vertex 7.54742 11.2955 0
    endloop
  endfacet
  facet normal 0 0 -1
    outer loop
      vertex 4.70337 18.6465 0
      vertex 6.98409 11.6522 0
      vertex 6.40392 11.9809 0
    endloop
  endfacet
  facet normal 0 0 -1
    outer loop
      vertex 4.70337 18.6465 0
      vertex 6.40392 11.9809 0
      vertex 5.80834 12.2807 0
    endloop
  endfacet
  facet normal 0 0 -1
    outer loop
      vertex 4.70337 18.6465 0
      vertex 5.80834 12.2807 0
      vertex 5.19875 12.5509 0
    endloop
  endfacet
  facet normal 0 0 -1
    outer loop
      vertex 6.98409 11.6522 0
      vertex 4.70337 18.6465 0
      vertex 13.7966 13.3965 0
    endloop
  endfacet
  facet normal 0 -0 -1
    outer loop
      vertex 4.70337 18.6465 0
      vertex 5.19875 12.5509 0
      vertex 4.57665 12.7909 0
    endloop
  endfacet
  facet normal 0 0 -1
    outer loop
      vertex 13.7966 -13.3965 0
      vertex 18.5 -5.25 0
      vertex 15.0311 -15.5346 0
    endloop
  endfacet
  facet normal 0 0 -1
    outer loop
      vertex 15.0311 -15.5346 0
      vertex 18.5 -5.25 0
      vertex 20.9689 -5.25 0
    endloop
  endfacet
  facet normal 0 0 -1
    outer loop
      vertex 18.5 5.25 0
      vertex 15.0311 15.5346 0
      vertex 20.9689 5.25 0
    endloop
  endfacet
  facet normal 0 -0 -1
    outer loop
      vertex 13.324 -2.6503 0
      vertex 18.5 -5.25 0
      vertex 13.1779 -3.30089 0
    endloop
  endfacet
  facet normal 0 0 -1
    outer loop
      vertex 11.6522 -6.98409 0
      vertex 18.5 -5.25 0
      vertex 13.7966 -13.3965 0
    endloop
  endfacet
  facet normal 0 0 -1
    outer loop
      vertex 13.5686 0.666584 0
      vertex 18.5 5.25 0
      vertex 13.585 0 0
    endloop
  endfacet
  facet normal 0 0 -1
    outer loop
      vertex 18.5 5.25 0
      vertex 13.7966 13.3965 0
      vertex 15.0311 15.5346 0
    endloop
  endfacet
  facet normal 0 0 -1
    outer loop
      vertex 18.5 -5.25 0
      vertex 13.585 0 0
      vertex 18.5 5.25 0
    endloop
  endfacet
  facet normal 0 -0 -1
    outer loop
      vertex 13.585 0 0
      vertex 18.5 -5.25 0
      vertex 13.5686 -0.666584 0
    endloop
  endfacet
  facet normal 0 -0 -1
    outer loop
      vertex 13.5686 -0.666584 0
      vertex 18.5 -5.25 0
      vertex 13.5196 -1.33156 0
    endloop
  endfacet
  facet normal 0 -0 -1
    outer loop
      vertex 13.5196 -1.33156 0
      vertex 18.5 -5.25 0
      vertex 13.438 -1.99333 0
    endloop
  endfacet
  facet normal 0 -0 -1
    outer loop
      vertex 13.438 -1.99333 0
      vertex 18.5 -5.25 0
      vertex 13.324 -2.6503 0
    endloop
  endfacet
  facet normal 0 0 -1
    outer loop
      vertex 18.5 -5.25 0
      vertex 13 -3.94352 0
      vertex 13.1779 -3.30089 0
    endloop
  endfacet
  facet normal 0 0 -1
    outer loop
      vertex 18.5 -5.25 0
      vertex 12.7909 -4.57665 0
      vertex 13 -3.94352 0
    endloop
  endfacet
  facet normal 0 0 -1
    outer loop
      vertex 18.5 -5.25 0
      vertex 12.5509 -5.19875 0
      vertex 12.7909 -4.57665 0
    endloop
  endfacet
  facet normal -0 0 -1
    outer loop
      vertex 18.5 -5.25 0
      vertex 12.2807 -5.80834 0
      vertex 12.5509 -5.19875 0
    endloop
  endfacet
  facet normal 0 0 -1
    outer loop
      vertex 18.5 -5.25 0
      vertex 11.9809 -6.40392 0
      vertex 12.2807 -5.80834 0
    endloop
  endfacet
  facet normal 0 0 -1
    outer loop
      vertex 18.5 -5.25 0
      vertex 11.6522 -6.98409 0
      vertex 11.9809 -6.40392 0
    endloop
  endfacet
  facet normal 0 0 -1
    outer loop
      vertex 13.7966 -13.3965 0
      vertex 11.2955 -7.54742 0
      vertex 11.6522 -6.98409 0
    endloop
  endfacet
  facet normal 0 0 -1
    outer loop
      vertex 13.7966 -13.3965 0
      vertex 10.9116 -8.09257 0
      vertex 11.2955 -7.54742 0
    endloop
  endfacet
  facet normal 0 0 -1
    outer loop
      vertex 13.7966 -13.3965 0
      vertex 10.5013 -8.61823 0
      vertex 10.9116 -8.09257 0
    endloop
  endfacet
  facet normal 0 0 -1
    outer loop
      vertex 13.7966 -13.3965 0
      vertex 10.0658 -9.12313 0
      vertex 10.5013 -8.61823 0
    endloop
  endfacet
  facet normal 0 0 -1
    outer loop
      vertex 13.7966 -13.3965 0
      vertex 9.60604 -9.60604 0
      vertex 10.0658 -9.12313 0
    endloop
  endfacet
  facet normal 0 0 -1
    outer loop
      vertex 13.7966 -13.3965 0
      vertex 9.12313 -10.0658 0
      vertex 9.60604 -9.60604 0
    endloop
  endfacet
  facet normal 0 0 -1
    outer loop
      vertex 13.7966 -13.3965 0
      vertex 8.61823 -10.5013 0
      vertex 9.12313 -10.0658 0
    endloop
  endfacet
  facet normal 0 0 -1
    outer loop
      vertex 13.7966 -13.3965 0
      vertex 8.09257 -10.9116 0
      vertex 8.61823 -10.5013 0
    endloop
  endfacet
  facet normal 0 0 -1
    outer loop
      vertex 13.7966 -13.3965 0
      vertex 7.54742 -11.2955 0
      vertex 8.09257 -10.9116 0
    endloop
  endfacet
  facet normal 0 0 -1
    outer loop
      vertex 13.7966 -13.3965 0
      vertex 6.98409 -11.6522 0
      vertex 7.54742 -11.2955 0
    endloop
  endfacet
  facet normal 0 0 -1
    outer loop
      vertex 4.70337 -18.6465 0
      vertex 6.98409 -11.6522 0
      vertex 13.7966 -13.3965 0
    endloop
  endfacet
  facet normal 0 0 -1
    outer loop
      vertex 6.98409 -11.6522 0
      vertex 4.70337 -18.6465 0
      vertex 6.40392 -11.9809 0
    endloop
  endfacet
  facet normal 0 0 -1
    outer loop
      vertex 6.40392 -11.9809 0
      vertex 4.70337 -18.6465 0
      vertex 5.80834 -12.2807 0
    endloop
  endfacet
  facet normal 0 0 -1
    outer loop
      vertex 5.80834 -12.2807 0
      vertex 4.70337 -18.6465 0
      vertex 5.19875 -12.5509 0
    endloop
  endfacet
  facet normal 0 0 -1
    outer loop
      vertex 5.19875 -12.5509 0
      vertex 4.70337 -18.6465 0
      vertex 4.57665 -12.7909 0
    endloop
  endfacet
  facet normal 0 0 -1
    outer loop
      vertex 3.94352 13 0
      vertex 4.70337 18.6465 0
      vertex 4.57665 12.7909 0
    endloop
  endfacet
  facet normal 0 0 -1
    outer loop
      vertex 3.30089 13.1779 0
      vertex 4.70337 18.6465 0
      vertex 3.94352 13 0
    endloop
  endfacet
  facet normal 0 0 -1
    outer loop
      vertex 2.6503 13.324 0
      vertex 4.70337 18.6465 0
      vertex 3.30089 13.1779 0
    endloop
  endfacet
  facet normal 0 0 -1
    outer loop
      vertex 1.99333 13.438 0
      vertex 4.70337 18.6465 0
      vertex 2.6503 13.324 0
    endloop
  endfacet
  facet normal 0 0 -1
    outer loop
      vertex 1.33156 13.5196 0
      vertex 4.70337 18.6465 0
      vertex 1.99333 13.438 0
    endloop
  endfacet
  facet normal 0 0 -1
    outer loop
      vertex 0.666584 13.5686 0
      vertex 4.70337 18.6465 0
      vertex 1.33156 13.5196 0
    endloop
  endfacet
  facet normal 0 0 -1
    outer loop
      vertex 0 13.585 0
      vertex 4.70337 18.6465 0
      vertex 0.666584 13.5686 0
    endloop
  endfacet
  facet normal -0 0 -1
    outer loop
      vertex 4.70337 18.6465 0
      vertex 0 13.585 0
      vertex -4.70337 18.6465 0
    endloop
  endfacet
  facet normal 0 0 -1
    outer loop
      vertex -4.70337 18.6465 0
      vertex 0 13.585 0
      vertex -0.666584 13.5686 0
    endloop
  endfacet
  facet normal 0 0 -1
    outer loop
      vertex -4.70337 18.6465 0
      vertex -0.666584 13.5686 0
      vertex -1.33156 13.5196 0
    endloop
  endfacet
  facet normal 0 0 -1
    outer loop
      vertex -4.70337 18.6465 0
      vertex -1.33156 13.5196 0
      vertex -1.99333 13.438 0
    endloop
  endfacet
  facet normal 0 0 -1
    outer loop
      vertex -4.70337 18.6465 0
      vertex -1.99333 13.438 0
      vertex -2.6503 13.324 0
    endloop
  endfacet
  facet normal 0 0 -1
    outer loop
      vertex -4.70337 18.6465 0
      vertex -2.6503 13.324 0
      vertex -3.30089 13.1779 0
    endloop
  endfacet
  facet normal 0 0 -1
    outer loop
      vertex -4.70337 18.6465 0
      vertex -3.30089 13.1779 0
      vertex -3.94352 13 0
    endloop
  endfacet
  facet normal 0 0 -1
    outer loop
      vertex -4.70337 18.6465 0
      vertex -3.94352 13 0
      vertex -4.57665 12.7909 0
    endloop
  endfacet
  facet normal 0 0 -1
    outer loop
      vertex 4.70337 18.6465 0
      vertex -4.70337 18.6465 0
      vertex 5.93782 20.7846 0
    endloop
  endfacet
  facet normal -0 0 -1
    outer loop
      vertex 5.93782 20.7846 0
      vertex -4.70337 18.6465 0
      vertex -5.93782 20.7846 0
    endloop
  endfacet
  facet normal -0 0 -1
    outer loop
      vertex -13.7966 13.3965 0
      vertex -18.5 5.25 0
      vertex -15.0311 15.5346 0
    endloop
  endfacet
  facet normal 0 0 -1
    outer loop
      vertex -15.0311 15.5346 0
      vertex -18.5 5.25 0
      vertex -20.9689 5.25 0
    endloop
  endfacet
  facet normal 0 0 -1
    outer loop
      vertex -5.19875 12.5509 0
      vertex -4.70337 18.6465 0
      vertex -4.57665 12.7909 0
    endloop
  endfacet
  facet normal 0 0 -1
    outer loop
      vertex -5.80834 12.2807 0
      vertex -4.70337 18.6465 0
      vertex -5.19875 12.5509 0
    endloop
  endfacet
  facet normal 0 0 -1
    outer loop
      vertex -6.40392 11.9809 0
      vertex -4.70337 18.6465 0
      vertex -5.80834 12.2807 0
    endloop
  endfacet
  facet normal 0 0 -1
    outer loop
      vertex -6.98409 11.6522 0
      vertex -4.70337 18.6465 0
      vertex -6.40392 11.9809 0
    endloop
  endfacet
  facet normal 0 0 -1
    outer loop
      vertex -13.7966 13.3965 0
      vertex -6.98409 11.6522 0
      vertex -7.54742 11.2955 0
    endloop
  endfacet
  facet normal 0 0 -1
    outer loop
      vertex -13.7966 13.3965 0
      vertex -7.54742 11.2955 0
      vertex -8.09257 10.9116 0
    endloop
  endfacet
  facet normal 0 0 -1
    outer loop
      vertex -13.7966 13.3965 0
      vertex -8.09257 10.9116 0
      vertex -8.61823 10.5013 0
    endloop
  endfacet
  facet normal 0 0 -1
    outer loop
      vertex -13.7966 13.3965 0
      vertex -8.61823 10.5013 0
      vertex -9.12313 10.0658 0
    endloop
  endfacet
  facet normal 0 0 -1
    outer loop
      vertex -13.7966 13.3965 0
      vertex -9.12313 10.0658 0
      vertex -9.60604 9.60604 0
    endloop
  endfacet
  facet normal 0 0 -1
    outer loop
      vertex -13.7966 13.3965 0
      vertex -9.60604 9.60604 0
      vertex -10.0658 9.12313 0
    endloop
  endfacet
  facet normal 0 0 -1
    outer loop
      vertex -13.7966 13.3965 0
      vertex -10.0658 9.12313 0
      vertex -10.5013 8.61823 0
    endloop
  endfacet
  facet normal 0 0 -1
    outer loop
      vertex -13.7966 13.3965 0
      vertex -10.5013 8.61823 0
      vertex -10.9116 8.09257 0
    endloop
  endfacet
  facet normal 0 0 -1
    outer loop
      vertex -13.7966 13.3965 0
      vertex -10.9116 8.09257 0
      vertex -11.2955 7.54742 0
    endloop
  endfacet
  facet normal 0 0 -1
    outer loop
      vertex -13.7966 13.3965 0
      vertex -11.2955 7.54742 0
      vertex -11.6522 6.98409 0
    endloop
  endfacet
  facet normal 0 0 -1
    outer loop
      vertex -6.98409 11.6522 0
      vertex -13.7966 13.3965 0
      vertex -4.70337 18.6465 0
    endloop
  endfacet
  facet normal 0 0 -1
    outer loop
      vertex -18.5 5.25 0
      vertex -11.6522 6.98409 0
      vertex -11.9809 6.40392 0
    endloop
  endfacet
  facet normal 0 0 -1
    outer loop
      vertex -18.5 5.25 0
      vertex -11.9809 6.40392 0
      vertex -12.2807 5.80834 0
    endloop
  endfacet
  facet normal 0 0 -1
    outer loop
      vertex -18.5 5.25 0
      vertex -12.2807 5.80834 0
      vertex -12.5509 5.19875 0
    endloop
  endfacet
  facet normal 0 0 -1
    outer loop
      vertex -18.5 5.25 0
      vertex -12.5509 5.19875 0
      vertex -12.7909 4.57665 0
    endloop
  endfacet
  facet normal 0 0 -1
    outer loop
      vertex -18.5 5.25 0
      vertex -12.7909 4.57665 0
      vertex -13 3.94352 0
    endloop
  endfacet
  facet normal 0 0 -1
    outer loop
      vertex -18.5 5.25 0
      vertex -13 3.94352 0
      vertex -13.1779 3.30089 0
    endloop
  endfacet
  facet normal 0 0 -1
    outer loop
      vertex -13.438 1.99333 0
      vertex -18.5 5.25 0
      vertex -13.324 2.6503 0
    endloop
  endfacet
  facet normal 0 0 -1
    outer loop
      vertex -13.5196 1.33156 0
      vertex -18.5 5.25 0
      vertex -13.438 1.99333 0
    endloop
  endfacet
  facet normal 0 0 -1
    outer loop
      vertex -13.5686 0.666584 0
      vertex -18.5 5.25 0
      vertex -13.5196 1.33156 0
    endloop
  endfacet
  facet normal 0 0 -1
    outer loop
      vertex -13.585 0 0
      vertex -18.5 5.25 0
      vertex -13.5686 0.666584 0
    endloop
  endfacet
  facet normal 0 0 -1
    outer loop
      vertex -18.5 5.25 0
      vertex -13.585 0 0
      vertex -18.5 -5.25 0
    endloop
  endfacet
  facet normal -0 0 -1
    outer loop
      vertex -13.5686 -0.666584 0
      vertex -18.5 -5.25 0
      vertex -13.585 0 0
    endloop
  endfacet
  facet normal 0 0 -1
    outer loop
      vertex -18.5 -5.25 0
      vertex -13.7966 -13.3965 0
      vertex -15.0311 -15.5346 0
    endloop
  endfacet
  facet normal 0 0 -1
    outer loop
      vertex -13.324 2.6503 0
      vertex -18.5 5.25 0
      vertex -13.1779 3.30089 0
    endloop
  endfacet
  facet normal -0 0 -1
    outer loop
      vertex -11.6522 6.98409 0
      vertex -18.5 5.25 0
      vertex -13.7966 13.3965 0
    endloop
  endfacet
  facet normal -0 -0 -1
    outer loop
      vertex -18.5 -5.25 0
      vertex -15.0311 -15.5346 0
      vertex -20.9689 -5.25 0
    endloop
  endfacet
  facet normal 0 0 -1
    outer loop
      vertex -4.70337 -18.6465 0
      vertex -5.19875 -12.5509 0
      vertex -4.57665 -12.7909 0
    endloop
  endfacet
  facet normal 0 0 -1
    outer loop
      vertex -4.70337 -18.6465 0
      vertex -5.80834 -12.2807 0
      vertex -5.19875 -12.5509 0
    endloop
  endfacet
  facet normal 0 0 -1
    outer loop
      vertex -4.70337 -18.6465 0
      vertex -6.40392 -11.9809 0
      vertex -5.80834 -12.2807 0
    endloop
  endfacet
  facet normal 0 0 -1
    outer loop
      vertex -4.70337 -18.6465 0
      vertex -6.98409 -11.6522 0
      vertex -6.40392 -11.9809 0
    endloop
  endfacet
  facet normal 0 0 -1
    outer loop
      vertex -13.7966 -13.3965 0
      vertex -6.98409 -11.6522 0
      vertex -4.70337 -18.6465 0
    endloop
  endfacet
  facet normal -0 0 -1
    outer loop
      vertex -6.98409 -11.6522 0
      vertex -13.7966 -13.3965 0
      vertex -7.54742 -11.2955 0
    endloop
  endfacet
  facet normal -0 0 -1
    outer loop
      vertex -7.54742 -11.2955 0
      vertex -13.7966 -13.3965 0
      vertex -8.09257 -10.9116 0
    endloop
  endfacet
  facet normal -0 0 -1
    outer loop
      vertex -8.09257 -10.9116 0
      vertex -13.7966 -13.3965 0
      vertex -8.61823 -10.5013 0
    endloop
  endfacet
  facet normal -0 0 -1
    outer loop
      vertex -8.61823 -10.5013 0
      vertex -13.7966 -13.3965 0
      vertex -9.12313 -10.0658 0
    endloop
  endfacet
  facet normal -0 0 -1
    outer loop
      vertex -9.12313 -10.0658 0
      vertex -13.7966 -13.3965 0
      vertex -9.60604 -9.60604 0
    endloop
  endfacet
  facet normal -0 0 -1
    outer loop
      vertex -9.60604 -9.60604 0
      vertex -13.7966 -13.3965 0
      vertex -10.0658 -9.12313 0
    endloop
  endfacet
  facet normal -0 0 -1
    outer loop
      vertex -10.0658 -9.12313 0
      vertex -13.7966 -13.3965 0
      vertex -10.5013 -8.61823 0
    endloop
  endfacet
  facet normal -0 0 -1
    outer loop
      vertex -10.5013 -8.61823 0
      vertex -13.7966 -13.3965 0
      vertex -10.9116 -8.09257 0
    endloop
  endfacet
  facet normal -0 0 -1
    outer loop
      vertex -10.9116 -8.09257 0
      vertex -13.7966 -13.3965 0
      vertex -11.2955 -7.54742 0
    endloop
  endfacet
  facet normal -0 0 -1
    outer loop
      vertex -13.5196 -1.33156 0
      vertex -18.5 -5.25 0
      vertex -13.5686 -0.666584 0
    endloop
  endfacet
  facet normal -0 0 -1
    outer loop
      vertex -13.438 -1.99333 0
      vertex -18.5 -5.25 0
      vertex -13.5196 -1.33156 0
    endloop
  endfacet
  facet normal -0 0 -1
    outer loop
      vertex -13.324 -2.6503 0
      vertex -18.5 -5.25 0
      vertex -13.438 -1.99333 0
    endloop
  endfacet
  facet normal -0 0 -1
    outer loop
      vertex -13.1779 -3.30089 0
      vertex -18.5 -5.25 0
      vertex -13.324 -2.6503 0
    endloop
  endfacet
  facet normal -0 0 -1
    outer loop
      vertex -13 -3.94352 0
      vertex -18.5 -5.25 0
      vertex -13.1779 -3.30089 0
    endloop
  endfacet
  facet normal -0 0 -1
    outer loop
      vertex -12.7909 -4.57665 0
      vertex -18.5 -5.25 0
      vertex -13 -3.94352 0
    endloop
  endfacet
  facet normal -0 0 -1
    outer loop
      vertex -12.5509 -5.19875 0
      vertex -18.5 -5.25 0
      vertex -12.7909 -4.57665 0
    endloop
  endfacet
  facet normal 0 0 -1
    outer loop
      vertex -12.2807 -5.80834 0
      vertex -18.5 -5.25 0
      vertex -12.5509 -5.19875 0
    endloop
  endfacet
  facet normal 0 0 -1
    outer loop
      vertex -11.9809 -6.40392 0
      vertex -18.5 -5.25 0
      vertex -12.2807 -5.80834 0
    endloop
  endfacet
  facet normal 0 0 -1
    outer loop
      vertex -11.6522 -6.98409 0
      vertex -18.5 -5.25 0
      vertex -11.9809 -6.40392 0
    endloop
  endfacet
  facet normal 0 0 -1
    outer loop
      vertex -18.5 -5.25 0
      vertex -11.6522 -6.98409 0
      vertex -13.7966 -13.3965 0
    endloop
  endfacet
  facet normal -0 0 -1
    outer loop
      vertex -11.2955 -7.54742 0
      vertex -13.7966 -13.3965 0
      vertex -11.6522 -6.98409 0
    endloop
  endfacet
  facet normal -0.823678 0.475552 -0.308876
    outer loop
      vertex -23.9689 5.25 8
      vertex -16.1522 17.4764 5.97927
      vertex -21.6425 5.25 1.7962
    endloop
  endfacet
  facet normal -0.823675 0.475547 -0.308894
    outer loop
      vertex -16.1522 17.4764 5.97927
      vertex -23.9689 5.25 8
      vertex -16.5311 18.1327 8
    endloop
  endfacet
  facet normal -0.823675 0.475548 -0.30889
    outer loop
      vertex -21.6425 5.25 1.7962
      vertex -15.0311 15.5346 0
      vertex -20.9689 5.25 0
    endloop
  endfacet
  facet normal -0.823678 0.475552 -0.308876
    outer loop
      vertex -15.0311 15.5346 0
      vertex -21.6425 5.25 1.7962
      vertex -16.1522 17.4764 5.97927
    endloop
  endfacet
  facet normal 0 1 -0
    outer loop
      vertex 7.43782 23.3827 8
      vertex -7.43782 23.3827 16
      vertex 7.43782 23.3827 16
    endloop
  endfacet
  facet normal 0 1 0
    outer loop
      vertex -7.43782 23.3827 16
      vertex 7.43782 23.3827 8
      vertex -7.43782 23.3827 8
    endloop
  endfacet
  facet normal 3.22836e-06 0.983213 0.182462
    outer loop
      vertex 8.28739 21.0427 28.6094
      vertex 9.75 16.8875 51
      vertex 11.9592 20.7139 30.3811
    endloop
  endfacet
  facet normal -8.40345e-06 0.983213 0.182463
    outer loop
      vertex 6.17851 21.2015 27.7536
      vertex 9.75 16.8875 51
      vertex 8.28739 21.0427 28.6094
    endloop
  endfacet
  facet normal 0 0.983213 0.182462
    outer loop
      vertex 9.75 16.8875 51
      vertex 6.17851 21.2015 27.7536
      vertex -9.75 16.8875 51
    endloop
  endfacet
  facet normal -3.22836e-06 0.983213 0.182462
    outer loop
      vertex -9.75 16.8875 51
      vertex -8.28739 21.0427 28.6094
      vertex -11.9592 20.7139 30.3811
    endloop
  endfacet
  facet normal -0 0.983213 0.182462
    outer loop
      vertex -6.17851 21.2015 27.7536
      vertex -9.75 16.8875 51
      vertex 6.17851 21.2015 27.7536
    endloop
  endfacet
  facet normal 8.40345e-06 0.983213 0.182463
    outer loop
      vertex -9.75 16.8875 51
      vertex -6.17851 21.2015 27.7536
      vertex -8.28739 21.0427 28.6094
    endloop
  endfacet
  facet normal 0 0.983213 0.182463
    outer loop
      vertex 7.1764 22.9299 18.44
      vertex -6.17851 21.2015 27.7536
      vertex 6.17851 21.2015 27.7536
    endloop
  endfacet
  facet normal 0 0.983213 0.182463
    outer loop
      vertex 7.1764 22.9299 18.44
      vertex -7.1764 22.9299 18.44
      vertex -6.17851 21.2015 27.7536
    endloop
  endfacet
  facet normal 0 0.983214 0.182459
    outer loop
      vertex 7.43782 23.3827 16
      vertex -7.1764 22.9299 18.44
      vertex 7.1764 22.9299 18.44
    endloop
  endfacet
  facet normal 0 0.983214 0.182459
    outer loop
      vertex -7.1764 22.9299 18.44
      vertex 7.43782 23.3827 16
      vertex -7.43782 23.3827 16
    endloop
  endfacet
  facet normal 0 0.989414 -0.145118
    outer loop
      vertex 8.45972 25.1527 107.354
      vertex -8.93782 25.9808 113
      vertex 8.93782 25.9808 113
    endloop
  endfacet
  facet normal 0 0.989414 -0.145118
    outer loop
      vertex 8.45972 25.1527 107.354
      vertex -8.45972 25.1527 107.354
      vertex -8.93782 25.9808 113
    endloop
  endfacet
  facet normal 0 0.989415 -0.145115
    outer loop
      vertex 7.59135 23.6486 97.0988
      vertex -8.45972 25.1527 107.354
      vertex 8.45972 25.1527 107.354
    endloop
  endfacet
  facet normal 0 0.989415 -0.145115
    outer loop
      vertex 7.59135 23.6486 97.0988
      vertex -7.59135 23.6486 97.0988
      vertex -8.45972 25.1527 107.354
    endloop
  endfacet
  facet normal 0 0.989415 -0.145116
    outer loop
      vertex 7.08444 22.7706 91.1125
      vertex -7.59135 23.6486 97.0988
      vertex 7.59135 23.6486 97.0988
    endloop
  endfacet
  facet normal 0 0.989415 -0.145116
    outer loop
      vertex 7.08444 22.7706 91.1125
      vertex -7.08444 22.7706 91.1125
      vertex -7.59135 23.6486 97.0988
    endloop
  endfacet
  facet normal 0 0.989416 -0.145109
    outer loop
      vertex 6.18294 21.2092 80.4662
      vertex -7.08444 22.7706 91.1125
      vertex 7.08444 22.7706 91.1125
    endloop
  endfacet
  facet normal 0 0.989416 -0.145109
    outer loop
      vertex 6.18294 21.2092 80.4662
      vertex -6.18294 21.2092 80.4662
      vertex -7.08444 22.7706 91.1125
    endloop
  endfacet
  facet normal -2.27781e-06 0.989415 -0.145114
    outer loop
      vertex 9.75 16.8875 51
      vertex 6.18294 21.2092 80.4662
      vertex 10.2273 21.1225 79.875
    endloop
  endfacet
  facet normal 0 0.989415 -0.145114
    outer loop
      vertex 6.18294 21.2092 80.4662
      vertex 9.75 16.8875 51
      vertex -6.18294 21.2092 80.4662
    endloop
  endfacet
  facet normal 6.12459e-06 0.989415 -0.145114
    outer loop
      vertex 9.75 16.8875 51
      vertex 10.2273 21.1225 79.875
      vertex 12.1588 21.0597 79.4469
    endloop
  endfacet
  facet normal 0 0.989415 -0.145114
    outer loop
      vertex -9.75 16.8875 51
      vertex -6.18294 21.2092 80.4662
      vertex 9.75 16.8875 51
    endloop
  endfacet
  facet normal 2.27781e-06 0.989415 -0.145114
    outer loop
      vertex -6.18294 21.2092 80.4662
      vertex -9.75 16.8875 51
      vertex -10.2273 21.1225 79.875
    endloop
  endfacet
  facet normal -6.12459e-06 0.989415 -0.145114
    outer loop
      vertex -10.2273 21.1225 79.875
      vertex -9.75 16.8875 51
      vertex -12.1588 21.0597 79.4469
    endloop
  endfacet
  facet normal -1.38224e-05 0.996793 0.0800204
    outer loop
      vertex 4.76042 18.7453 203.132
      vertex 9.75 16.8875 226.275
      vertex 10.6755 18.4905 206.307
    endloop
  endfacet
  facet normal 0 0.996793 0.0800174
    outer loop
      vertex 9.75 16.8875 226.275
      vertex 4.76042 18.7453 203.132
      vertex -9.75 16.8875 226.275
    endloop
  endfacet
  facet normal -0 0.996793 0.0800174
    outer loop
      vertex -4.76042 18.7453 203.132
      vertex -9.75 16.8875 226.275
      vertex 4.76042 18.7453 203.132
    endloop
  endfacet
  facet normal 1.38224e-05 0.996793 0.0800204
    outer loop
      vertex -9.75 16.8875 226.275
      vertex -4.76042 18.7453 203.132
      vertex -10.6755 18.4905 206.307
    endloop
  endfacet
  facet normal 0 0.996786 0.0801128
    outer loop
      vertex 4.80792 18.8276 202.108
      vertex -4.76042 18.7453 203.132
      vertex 4.76042 18.7453 203.132
    endloop
  endfacet
  facet normal 0 0.996786 0.0801128
    outer loop
      vertex 4.80792 18.8276 202.108
      vertex -4.80792 18.8276 202.108
      vertex -4.76042 18.7453 203.132
    endloop
  endfacet
  facet normal 0 0.996795 0.080003
    outer loop
      vertex 4.93611 19.0496 199.342
      vertex -4.80792 18.8276 202.108
      vertex 4.80792 18.8276 202.108
    endloop
  endfacet
  facet normal 0 0.996795 0.080003
    outer loop
      vertex 4.93611 19.0496 199.342
      vertex -4.93611 19.0496 199.342
      vertex -4.80792 18.8276 202.108
    endloop
  endfacet
  facet normal 0 0.996794 0.0800167
    outer loop
      vertex 6.26878 21.3578 170.588
      vertex -4.93611 19.0496 199.342
      vertex 4.93611 19.0496 199.342
    endloop
  endfacet
  facet normal 0 0.996794 0.0800167
    outer loop
      vertex 6.26878 21.3578 170.588
      vertex -6.26878 21.3578 170.588
      vertex -4.93611 19.0496 199.342
    endloop
  endfacet
  facet normal -1.16375e-05 0.996793 0.080018
    outer loop
      vertex 7.673 23.79 140.29
      vertex 6.26878 21.3578 170.588
      vertex 8.27083 21.3685 170.455
    endloop
  endfacet
  facet normal 0 0.996793 0.0800185
    outer loop
      vertex 6.26878 21.3578 170.588
      vertex 7.673 23.79 140.29
      vertex -6.26878 21.3578 170.588
    endloop
  endfacet
  facet normal 5.654e-06 0.996793 0.0800203
    outer loop
      vertex 11.9131 23.7215 141.144
      vertex 8.27083 21.3685 170.455
      vertex 12.3777 21.4388 169.579
    endloop
  endfacet
  facet normal -0 0.996793 0.0800185
    outer loop
      vertex -7.673 23.79 140.29
      vertex -6.26878 21.3578 170.588
      vertex 7.673 23.79 140.29
    endloop
  endfacet
  facet normal -9.8699e-06 0.996793 0.0800206
    outer loop
      vertex 11.9131 23.7215 141.144
      vertex 12.3777 21.4388 169.579
      vertex 13.666 23.6703 141.782
    endloop
  endfacet
  facet normal 1.16375e-05 0.996793 0.080018
    outer loop
      vertex -6.26878 21.3578 170.588
      vertex -7.673 23.79 140.29
      vertex -8.27083 21.3685 170.455
    endloop
  endfacet
  facet normal -1.29771e-05 0.996793 0.080018
    outer loop
      vertex 8.27083 21.3685 170.455
      vertex 11.9131 23.7215 141.144
      vertex 7.673 23.79 140.29
    endloop
  endfacet
  facet normal 1.29771e-05 0.996793 0.080018
    outer loop
      vertex -11.9131 23.7215 141.144
      vertex -8.27083 21.3685 170.455
      vertex -7.673 23.79 140.29
    endloop
  endfacet
  facet normal -5.654e-06 0.996793 0.0800203
    outer loop
      vertex -8.27083 21.3685 170.455
      vertex -11.9131 23.7215 141.144
      vertex -12.3777 21.4388 169.579
    endloop
  endfacet
  facet normal 9.8699e-06 0.996793 0.0800206
    outer loop
      vertex -12.3777 21.4388 169.579
      vertex -11.9131 23.7215 141.144
      vertex -13.666 23.6703 141.782
    endloop
  endfacet
  facet normal 0 0.996793 0.0800208
    outer loop
      vertex 8.32606 24.9212 126.199
      vertex -7.673 23.79 140.29
      vertex 7.673 23.79 140.29
    endloop
  endfacet
  facet normal 0 0.996793 0.0800208
    outer loop
      vertex 8.32606 24.9212 126.199
      vertex -8.32606 24.9212 126.199
      vertex -7.673 23.79 140.29
    endloop
  endfacet
  facet normal 0 0.996793 0.0800287
    outer loop
      vertex 8.55932 25.3252 121.167
      vertex -8.32606 24.9212 126.199
      vertex 8.32606 24.9212 126.199
    endloop
  endfacet
  facet normal 0 0.996793 0.0800287
    outer loop
      vertex 8.55932 25.3252 121.167
      vertex -8.55932 25.3252 121.167
      vertex -8.32606 24.9212 126.199
    endloop
  endfacet
  facet normal 0 0.996794 0.0800169
    outer loop
      vertex 8.93782 25.9808 113
      vertex -8.55932 25.3252 121.167
      vertex 8.55932 25.3252 121.167
    endloop
  endfacet
  facet normal 0 0.996794 0.0800169
    outer loop
      vertex -8.55932 25.3252 121.167
      vertex 8.93782 25.9808 113
      vertex -8.93782 25.9808 113
    endloop
  endfacet
  facet normal 0 0.764056 0.64515
    outer loop
      vertex 0 0 246.275
      vertex 9.75 16.8875 226.275
      vertex -9.75 16.8875 226.275
    endloop
  endfacet
  facet normal 0 0.9511 -0.308882
    outer loop
      vertex 5.93782 20.7846 0
      vertex -7.43782 23.3827 8
      vertex 7.43782 23.3827 8
    endloop
  endfacet
  facet normal 0 0.9511 -0.308882
    outer loop
      vertex -7.43782 23.3827 8
      vertex 5.93782 20.7846 0
      vertex -5.93782 20.7846 0
    endloop
  endfacet
  facet normal 0.866026 0.499998 0
    outer loop
      vertex 23.9689 5.25 16
      vertex 16.5311 18.1327 8
      vertex 16.5311 18.1327 16
    endloop
  endfacet
  facet normal 0.866026 0.499998 0
    outer loop
      vertex 16.5311 18.1327 8
      vertex 23.9689 5.25 16
      vertex 23.9689 5.25 8
    endloop
  endfacet
  facet normal 0.851493 0.491596 0.182462
    outer loop
      vertex 9.75 16.8875 51
      vertex 14.0798 17.6984 28.6094
      vertex 11.9592 20.7139 30.3811
    endloop
  endfacet
  facet normal 0.851479 0.491622 0.18246
    outer loop
      vertex 9.75 16.8875 51
      vertex 15.2718 15.9515 27.7536
      vertex 14.0798 17.6984 28.6094
    endloop
  endfacet
  facet normal 0.851487 0.491606 0.182463
    outer loop
      vertex 15.2718 15.9515 27.7536
      vertex 9.75 16.8875 51
      vertex 19.5 0 51
    endloop
  endfacet
  facet normal 0.851486 0.491608 0.182464
    outer loop
      vertex 15.3653 16.1135 26.8808
      vertex 15.2718 15.9515 27.7536
      vertex 19.5 0 51
    endloop
  endfacet
  facet normal 0.851488 0.491606 0.182462
    outer loop
      vertex 19.5 0 51
      vertex 21.4503 5.25 27.7536
      vertex 15.3653 16.1135 26.8808
    endloop
  endfacet
  facet normal 0.851487 0.491607 0.182462
    outer loop
      vertex 21.4503 5.25 27.7536
      vertex 19.5 0 51
      vertex 22.3672 3.34425 28.6094
    endloop
  endfacet
  facet normal 0.851494 0.491596 0.182461
    outer loop
      vertex 22.3672 3.34425 28.6094
      vertex 19.5 0 51
      vertex 23.9183 0 30.3811
    endloop
  endfacet
  facet normal 0.851488 0.491606 0.18246
    outer loop
      vertex 23.9689 5.25 16
      vertex 15.3653 16.1135 26.8808
      vertex 21.4503 5.25 27.7536
    endloop
  endfacet
  facet normal 0.851489 0.491603 0.182463
    outer loop
      vertex 15.3653 16.1135 26.8808
      vertex 23.9689 5.25 16
      vertex 16.2697 17.6799 18.44
    endloop
  endfacet
  facet normal 0.85149 0.491606 0.18245
    outer loop
      vertex 16.2697 17.6799 18.44
      vertex 23.9689 5.25 16
      vertex 16.5311 18.1327 16
    endloop
  endfacet
  facet normal 0.856859 0.494705 -0.145117
    outer loop
      vertex 26.9689 5.25 113
      vertex 17.553 19.9027 107.354
      vertex 18.0311 20.7308 113
    endloop
  endfacet
  facet normal 0.856857 0.49471 -0.145114
    outer loop
      vertex 23.7047 5.25 93.7254
      vertex 16.1777 17.5206 91.1125
      vertex 16.6846 18.3986 97.0988
    endloop
  endfacet
  facet normal 0.856858 0.49471 -0.145111
    outer loop
      vertex 23.7047 5.25 93.7254
      vertex 16.6846 18.3986 97.0988
      vertex 26.9689 5.25 113
    endloop
  endfacet
  facet normal 0.856859 0.494706 -0.145115
    outer loop
      vertex 17.553 19.9027 107.354
      vertex 26.9689 5.25 113
      vertex 16.6846 18.3986 97.0988
    endloop
  endfacet
  facet normal 0.856873 0.494684 -0.145111
    outer loop
      vertex 13.1789 19.4183 79.875
      vertex 9.75 16.8875 51
      vertex 12.1588 21.0597 79.4469
    endloop
  endfacet
  facet normal 0.856852 0.49472 -0.145112
    outer loop
      vertex 15.2762 15.9592 80.4662
      vertex 9.75 16.8875 51
      vertex 13.1789 19.4183 79.875
    endloop
  endfacet
  facet normal 0.856857 0.494711 -0.145111
    outer loop
      vertex 16.1777 17.5206 91.1125
      vertex 23.7047 5.25 93.7254
      vertex 15.2762 15.9592 80.4662
    endloop
  endfacet
  facet normal 0.856858 0.494709 -0.145113
    outer loop
      vertex 15.2762 15.9592 80.4662
      vertex 23.7047 5.25 93.7254
      vertex 9.75 16.8875 51
    endloop
  endfacet
  facet normal 0.856857 0.494711 -0.145112
    outer loop
      vertex 21.4592 5.25 80.4662
      vertex 9.75 16.8875 51
      vertex 23.7047 5.25 93.7254
    endloop
  endfacet
  facet normal 0.856869 0.494689 -0.145112
    outer loop
      vertex 19.5 0 51
      vertex 21.4592 5.25 80.4662
      vertex 23.4062 1.70411 79.875
    endloop
  endfacet
  facet normal 0.856852 0.49472 -0.145111
    outer loop
      vertex 19.5 0 51
      vertex 23.4062 1.70411 79.875
      vertex 24.3176 0 79.4469
    endloop
  endfacet
  facet normal 0.856858 0.494707 -0.145114
    outer loop
      vertex 21.4592 5.25 80.4662
      vertex 19.5 0 51
      vertex 9.75 16.8875 51
    endloop
  endfacet
  facet normal 0.863255 0.498385 0.0800207
    outer loop
      vertex 9.75 16.8875 226.275
      vertex 13.8537 13.4953 203.132
      vertex 10.6755 18.4905 206.307
    endloop
  endfacet
  facet normal 0.863248 0.498397 0.0800178
    outer loop
      vertex 13.8537 13.4953 203.132
      vertex 9.75 16.8875 226.275
      vertex 19.5 0 226.275
    endloop
  endfacet
  facet normal 0.863246 0.4984 0.0800194
    outer loop
      vertex 16.0946 19.6612 140.553
      vertex 13.666 23.6703 141.782
      vertex 12.3777 21.4388 169.579
    endloop
  endfacet
  facet normal 0.863263 0.498327 0.0802919
    outer loop
      vertex 13.666 23.6703 141.782
      vertex 16.0946 19.6612 140.553
      vertex 14.5869 22.1778 141.144
    endloop
  endfacet
  facet normal 0.863241 0.49841 0.0800181
    outer loop
      vertex 14.3703 17.847 170.455
      vertex 16.0946 19.6612 140.553
      vertex 12.3777 21.4388 169.579
    endloop
  endfacet
  facet normal 0.86327 0.49836 0.0800167
    outer loop
      vertex 15.362 16.1078 170.588
      vertex 16.0946 19.6612 140.553
      vertex 14.3703 17.847 170.455
    endloop
  endfacet
  facet normal 0.863258 0.498382 0.080011
    outer loop
      vertex 19.5 0 226.275
      vertex 14.0294 13.7996 199.342
      vertex 13.9012 13.5776 202.108
    endloop
  endfacet
  facet normal 0.863241 0.498409 0.0800218
    outer loop
      vertex 15.362 16.1078 170.588
      vertex 19.5 0 226.275
      vertex 16.0946 19.6612 140.553
    endloop
  endfacet
  facet normal 0.863254 0.498388 0.080015
    outer loop
      vertex 14.0294 13.7996 199.342
      vertex 19.5 0 226.275
      vertex 15.362 16.1078 170.588
    endloop
  endfacet
  facet normal 0.863172 0.498516 0.0801059
    outer loop
      vertex 19.5 0 226.275
      vertex 13.9012 13.5776 202.108
      vertex 13.8537 13.4953 203.132
    endloop
  endfacet
  facet normal 0.863243 0.498407 0.0800169
    outer loop
      vertex 27.3321 0 141.782
      vertex 21.6308 5.25 170.588
      vertex 22.6411 3.52151 170.455
    endloop
  endfacet
  facet normal 0.863247 0.498399 0.0800195
    outer loop
      vertex 21.6308 5.25 170.588
      vertex 26.5 1.54367 141.144
      vertex 24.4393 5.25 140.29
    endloop
  endfacet
  facet normal 0.863253 0.498388 0.080021
    outer loop
      vertex 27.3321 0 141.782
      vertex 22.6411 3.52151 170.455
      vertex 24.7554 0 169.579
    endloop
  endfacet
  facet normal 0.863248 0.498397 0.0800197
    outer loop
      vertex 21.6308 5.25 170.588
      vertex 27.3321 0 141.782
      vertex 26.5 1.54367 141.144
    endloop
  endfacet
  facet normal 0.863248 0.498397 0.0800197
    outer loop
      vertex 21.6308 5.25 170.588
      vertex 16.0946 19.6612 140.553
      vertex 18.6141 5.25 203.132
    endloop
  endfacet
  facet normal 0.863587 0.497833 0.0798761
    outer loop
      vertex 19.5 0 226.275
      vertex 18.6141 5.25 203.132
      vertex 16.0946 19.6612 140.553
    endloop
  endfacet
  facet normal 0.863239 0.498412 0.0800208
    outer loop
      vertex 18.6141 5.25 203.132
      vertex 19.5 0 226.275
      vertex 21.351 0 206.307
    endloop
  endfacet
  facet normal 0.86325 0.498395 0.080018
    outer loop
      vertex 16.0946 19.6612 140.553
      vertex 21.6308 5.25 170.588
      vertex 16.7663 18.54 140.29
    endloop
  endfacet
  facet normal 0.863248 0.498397 0.0800195
    outer loop
      vertex 24.4393 5.25 140.29
      vertex 16.7663 18.54 140.29
      vertex 21.6308 5.25 170.588
    endloop
  endfacet
  facet normal 0.863248 0.498398 0.0800148
    outer loop
      vertex 16.7663 18.54 140.29
      vertex 24.4393 5.25 140.29
      vertex 17.4193 19.6712 126.199
    endloop
  endfacet
  facet normal 0.863247 0.498399 0.0800172
    outer loop
      vertex 26.9689 5.25 113
      vertex 17.4193 19.6712 126.199
      vertex 24.4393 5.25 140.29
    endloop
  endfacet
  facet normal 0.863253 0.498386 0.0800367
    outer loop
      vertex 17.4193 19.6712 126.199
      vertex 26.9689 5.25 113
      vertex 17.6526 20.0752 121.167
    endloop
  endfacet
  facet normal 0.86325 0.498395 0.0800156
    outer loop
      vertex 17.6526 20.0752 121.167
      vertex 26.9689 5.25 113
      vertex 18.0311 20.7308 113
    endloop
  endfacet
  facet normal 0.661692 0.382028 0.64515
    outer loop
      vertex 19.5 0 226.275
      vertex 9.75 16.8875 226.275
      vertex 0 0 246.275
    endloop
  endfacet
  facet normal 0.823676 0.475548 -0.308889
    outer loop
      vertex 23.2111 5.25 5.97927
      vertex 16.5311 18.1327 8
      vertex 23.9689 5.25 8
    endloop
  endfacet
  facet normal 0.823679 0.475548 -0.308881
    outer loop
      vertex 16.5311 18.1327 8
      vertex 23.2111 5.25 5.97927
      vertex 15.3679 16.1179 1.7962
    endloop
  endfacet
  facet normal 0.823679 0.47555 -0.308876
    outer loop
      vertex 20.9689 5.25 0
      vertex 15.3679 16.1179 1.7962
      vertex 23.2111 5.25 5.97927
    endloop
  endfacet
  facet normal 0.823679 0.47555 -0.308876
    outer loop
      vertex 15.3679 16.1179 1.7962
      vertex 20.9689 5.25 0
      vertex 15.0311 15.5346 0
    endloop
  endfacet
  facet normal 0.866026 -0.499998 0
    outer loop
      vertex 16.5311 -18.1327 16
      vertex 23.9689 -5.25 8
      vertex 23.9689 -5.25 16
    endloop
  endfacet
  facet normal 0.866026 -0.499998 0
    outer loop
      vertex 23.9689 -5.25 8
      vertex 16.5311 -18.1327 16
      vertex 16.5311 -18.1327 8
    endloop
  endfacet
  facet normal 0.851494 -0.491596 0.182461
    outer loop
      vertex 19.5 0 51
      vertex 22.3672 -3.34425 28.6094
      vertex 23.9183 0 30.3811
    endloop
  endfacet
  facet normal 0.851487 -0.491606 0.182462
    outer loop
      vertex 9.75 -16.8875 51
      vertex 22.3672 -3.34425 28.6094
      vertex 19.5 0 51
    endloop
  endfacet
  facet normal 0.851468 -0.491652 0.18243
    outer loop
      vertex 21.4503 -5.25 27.7536
      vertex 9.75 -16.8875 51
      vertex 21.6373 -5.25 26.8808
    endloop
  endfacet
  facet normal 0.851487 -0.491607 0.182462
    outer loop
      vertex 22.3672 -3.34425 28.6094
      vertex 9.75 -16.8875 51
      vertex 21.4503 -5.25 27.7536
    endloop
  endfacet
  facet normal 0.851489 -0.491604 0.182463
    outer loop
      vertex 16.2697 -17.6799 18.44
      vertex 21.6373 -5.25 26.8808
      vertex 15.2718 -15.9515 27.7536
    endloop
  endfacet
  facet normal 0.851489 -0.491604 0.182463
    outer loop
      vertex 9.75 -16.8875 51
      vertex 15.2718 -15.9515 27.7536
      vertex 21.6373 -5.25 26.8808
    endloop
  endfacet
  facet normal 0.851479 -0.491622 0.18246
    outer loop
      vertex 9.75 -16.8875 51
      vertex 14.0798 -17.6984 28.6094
      vertex 15.2718 -15.9515 27.7536
    endloop
  endfacet
  facet normal 0.851493 -0.491596 0.182462
    outer loop
      vertex 14.0798 -17.6984 28.6094
      vertex 9.75 -16.8875 51
      vertex 11.9592 -20.7139 30.3811
    endloop
  endfacet
  facet normal 0.851489 -0.491603 0.182462
    outer loop
      vertex 21.6373 -5.25 26.8808
      vertex 16.2697 -17.6799 18.44
      vertex 23.9689 -5.25 16
    endloop
  endfacet
  facet normal 0.85149 -0.491606 0.18245
    outer loop
      vertex 23.9689 -5.25 16
      vertex 16.2697 -17.6799 18.44
      vertex 16.5311 -18.1327 16
    endloop
  endfacet
  facet normal 0.856858 -0.494708 -0.145112
    outer loop
      vertex 26.9689 -5.25 113
      vertex 16.399 -17.9038 93.7254
      vertex 21.4592 -5.25 80.4662
    endloop
  endfacet
  facet normal 0.856856 -0.494714 -0.145107
    outer loop
      vertex 26.9689 -5.25 113
      vertex 16.6846 -18.3986 97.0988
      vertex 16.399 -17.9038 93.7254
    endloop
  endfacet
  facet normal 0.856859 -0.494706 -0.145115
    outer loop
      vertex 26.9689 -5.25 113
      vertex 17.553 -19.9027 107.354
      vertex 16.6846 -18.3986 97.0988
    endloop
  endfacet
  facet normal 0.856859 -0.494705 -0.145117
    outer loop
      vertex 17.553 -19.9027 107.354
      vertex 26.9689 -5.25 113
      vertex 18.0311 -20.7308 113
    endloop
  endfacet
  facet normal 0.856852 -0.49472 -0.145111
    outer loop
      vertex 23.4062 -1.70411 79.875
      vertex 19.5 0 51
      vertex 24.3176 0 79.4469
    endloop
  endfacet
  facet normal 0.856869 -0.494689 -0.145112
    outer loop
      vertex 21.4592 -5.25 80.4662
      vertex 19.5 0 51
      vertex 23.4062 -1.70411 79.875
    endloop
  endfacet
  facet normal 0.856856 -0.494711 -0.145115
    outer loop
      vertex 19.5 0 51
      vertex 21.4592 -5.25 80.4662
      vertex 16.399 -17.9038 93.7254
    endloop
  endfacet
  facet normal 0.856862 -0.494703 -0.145111
    outer loop
      vertex 19.5 0 51
      vertex 16.1777 -17.5206 91.1125
      vertex 15.2762 -15.9592 80.4662
    endloop
  endfacet
  facet normal 0.85684 -0.494736 -0.145127
    outer loop
      vertex 16.1777 -17.5206 91.1125
      vertex 19.5 0 51
      vertex 16.399 -17.9038 93.7254
    endloop
  endfacet
  facet normal 0.856859 -0.494707 -0.145113
    outer loop
      vertex 15.2762 -15.9592 80.4662
      vertex 9.75 -16.8875 51
      vertex 19.5 0 51
    endloop
  endfacet
  facet normal 0.856852 -0.49472 -0.145112
    outer loop
      vertex 13.1789 -19.4183 79.875
      vertex 9.75 -16.8875 51
      vertex 15.2762 -15.9592 80.4662
    endloop
  endfacet
  facet normal 0.856873 -0.494684 -0.145111
    outer loop
      vertex 9.75 -16.8875 51
      vertex 13.1789 -19.4183 79.875
      vertex 12.1588 -21.0597 79.4469
    endloop
  endfacet
  facet normal 0.863248 -0.498396 0.0800217
    outer loop
      vertex 9.75 -16.8875 226.275
      vertex 21.351 0 206.307
      vertex 19.5 0 226.275
    endloop
  endfacet
  facet normal 0.863251 -0.498392 0.0800199
    outer loop
      vertex 18.6141 -5.25 203.132
      vertex 9.75 -16.8875 226.275
      vertex 21.6308 -5.25 170.588
    endloop
  endfacet
  facet normal 0.863243 -0.498407 0.0800093
    outer loop
      vertex 21.351 0 206.307
      vertex 9.75 -16.8875 226.275
      vertex 18.6141 -5.25 203.132
    endloop
  endfacet
  facet normal 0.863253 -0.498388 0.080021
    outer loop
      vertex 22.6411 -3.52151 170.455
      vertex 27.3321 0 141.782
      vertex 24.7554 0 169.579
    endloop
  endfacet
  facet normal 0.863243 -0.498407 0.0800169
    outer loop
      vertex 21.6308 -5.25 170.588
      vertex 27.3321 0 141.782
      vertex 22.6411 -3.52151 170.455
    endloop
  endfacet
  facet normal 0.863246 -0.498401 0.0800186
    outer loop
      vertex 25.0744 -4.10772 140.553
      vertex 27.3321 0 141.782
      vertex 21.6308 -5.25 170.588
    endloop
  endfacet
  facet normal 0.863236 -0.49841 0.0800654
    outer loop
      vertex 27.3321 0 141.782
      vertex 25.0744 -4.10772 140.553
      vertex 26.5 -1.54367 141.144
    endloop
  endfacet
  facet normal 0.86325 -0.498394 0.0800194
    outer loop
      vertex 25.0744 -4.10772 140.553
      vertex 21.6308 -5.25 170.588
      vertex 9.75 -16.8875 226.275
    endloop
  endfacet
  facet normal 0.863241 -0.49841 0.0800173
    outer loop
      vertex 12.3777 -21.4388 169.579
      vertex 16.7663 -18.54 140.29
      vertex 14.3703 -17.847 170.455
    endloop
  endfacet
  facet normal 0.863253 -0.498388 0.0800214
    outer loop
      vertex 12.3777 -21.4388 169.579
      vertex 14.5869 -22.1778 141.144
      vertex 16.7663 -18.54 140.29
    endloop
  endfacet
  facet normal 0.863232 -0.498424 0.0800207
    outer loop
      vertex 14.5869 -22.1778 141.144
      vertex 12.3777 -21.4388 169.579
      vertex 13.666 -23.6703 141.782
    endloop
  endfacet
  facet normal 0.863238 -0.498416 0.0800128
    outer loop
      vertex 14.0294 -13.7996 199.342
      vertex 25.0744 -4.10772 140.553
      vertex 13.9012 -13.5776 202.108
    endloop
  endfacet
  facet normal 0.863396 -0.498131 0.0800854
    outer loop
      vertex 13.9012 -13.5776 202.108
      vertex 25.0744 -4.10772 140.553
      vertex 13.8537 -13.4953 203.132
    endloop
  endfacet
  facet normal 0.863091 -0.498681 0.0799482
    outer loop
      vertex 9.75 -16.8875 226.275
      vertex 13.8537 -13.4953 203.132
      vertex 25.0744 -4.10772 140.553
    endloop
  endfacet
  facet normal 0.863255 -0.498385 0.0800207
    outer loop
      vertex 13.8537 -13.4953 203.132
      vertex 9.75 -16.8875 226.275
      vertex 10.6755 -18.4905 206.307
    endloop
  endfacet
  facet normal 0.863244 -0.498405 0.0800159
    outer loop
      vertex 15.362 -16.1078 170.588
      vertex 25.0744 -4.10772 140.553
      vertex 14.0294 -13.7996 199.342
    endloop
  endfacet
  facet normal 0.863253 -0.498388 0.0800254
    outer loop
      vertex 25.0744 -4.10772 140.553
      vertex 15.362 -16.1078 170.588
      vertex 24.4393 -5.25 140.29
    endloop
  endfacet
  facet normal 0.863248 -0.498397 0.0800205
    outer loop
      vertex 16.7663 -18.54 140.29
      vertex 24.4393 -5.25 140.29
      vertex 15.362 -16.1078 170.588
    endloop
  endfacet
  facet normal 0.86327 -0.49836 0.0800185
    outer loop
      vertex 16.7663 -18.54 140.29
      vertex 15.362 -16.1078 170.588
      vertex 14.3703 -17.847 170.455
    endloop
  endfacet
  facet normal 0.863248 -0.498398 0.0800148
    outer loop
      vertex 17.4193 -19.6712 126.199
      vertex 24.4393 -5.25 140.29
      vertex 16.7663 -18.54 140.29
    endloop
  endfacet
  facet normal 0.863247 -0.498399 0.0800172
    outer loop
      vertex 24.4393 -5.25 140.29
      vertex 17.4193 -19.6712 126.199
      vertex 26.9689 -5.25 113
    endloop
  endfacet
  facet normal 0.863253 -0.498386 0.0800367
    outer loop
      vertex 17.6526 -20.0752 121.167
      vertex 26.9689 -5.25 113
      vertex 17.4193 -19.6712 126.199
    endloop
  endfacet
  facet normal 0.86325 -0.498395 0.0800156
    outer loop
      vertex 26.9689 -5.25 113
      vertex 17.6526 -20.0752 121.167
      vertex 18.0311 -20.7308 113
    endloop
  endfacet
  facet normal 0.661692 -0.382028 0.64515
    outer loop
      vertex 9.75 -16.8875 226.275
      vertex 19.5 0 226.275
      vertex 0 0 246.275
    endloop
  endfacet
  facet normal 0.823678 -0.475552 -0.308876
    outer loop
      vertex 23.9689 -5.25 8
      vertex 16.1522 -17.4764 5.97927
      vertex 21.6425 -5.25 1.7962
    endloop
  endfacet
  facet normal 0.823675 -0.475547 -0.308894
    outer loop
      vertex 16.1522 -17.4764 5.97927
      vertex 23.9689 -5.25 8
      vertex 16.5311 -18.1327 8
    endloop
  endfacet
  facet normal 0.823675 -0.475548 -0.30889
    outer loop
      vertex 21.6425 -5.25 1.7962
      vertex 15.0311 -15.5346 0
      vertex 20.9689 -5.25 0
    endloop
  endfacet
  facet normal 0.823678 -0.475552 -0.308876
    outer loop
      vertex 15.0311 -15.5346 0
      vertex 21.6425 -5.25 1.7962
      vertex 16.1522 -17.4764 5.97927
    endloop
  endfacet
  facet normal 0 -1 0
    outer loop
      vertex -7.43782 -23.3827 8
      vertex 7.43782 -23.3827 16
      vertex -7.43782 -23.3827 16
    endloop
  endfacet
  facet normal 0 -1 -0
    outer loop
      vertex 7.43782 -23.3827 16
      vertex -7.43782 -23.3827 8
      vertex 7.43782 -23.3827 8
    endloop
  endfacet
  facet normal -3.22836e-06 -0.983213 0.182462
    outer loop
      vertex -8.28739 -21.0427 28.6094
      vertex -9.75 -16.8875 51
      vertex -11.9592 -20.7139 30.3811
    endloop
  endfacet
  facet normal 8.40345e-06 -0.983213 0.182463
    outer loop
      vertex -6.17851 -21.2015 27.7536
      vertex -9.75 -16.8875 51
      vertex -8.28739 -21.0427 28.6094
    endloop
  endfacet
  facet normal 0 -0.983213 0.182462
    outer loop
      vertex -9.75 -16.8875 51
      vertex -6.17851 -21.2015 27.7536
      vertex 9.75 -16.8875 51
    endloop
  endfacet
  facet normal 3.22836e-06 -0.983213 0.182462
    outer loop
      vertex 9.75 -16.8875 51
      vertex 8.28739 -21.0427 28.6094
      vertex 11.9592 -20.7139 30.3811
    endloop
  endfacet
  facet normal 0 -0.983213 0.182462
    outer loop
      vertex 6.17851 -21.2015 27.7536
      vertex 9.75 -16.8875 51
      vertex -6.17851 -21.2015 27.7536
    endloop
  endfacet
  facet normal -8.40345e-06 -0.983213 0.182463
    outer loop
      vertex 9.75 -16.8875 51
      vertex 6.17851 -21.2015 27.7536
      vertex 8.28739 -21.0427 28.6094
    endloop
  endfacet
  facet normal 0 -0.983213 0.182463
    outer loop
      vertex -7.1764 -22.9299 18.44
      vertex 6.17851 -21.2015 27.7536
      vertex -6.17851 -21.2015 27.7536
    endloop
  endfacet
  facet normal 0 -0.983213 0.182463
    outer loop
      vertex -7.1764 -22.9299 18.44
      vertex 7.1764 -22.9299 18.44
      vertex 6.17851 -21.2015 27.7536
    endloop
  endfacet
  facet normal 0 -0.983214 0.182459
    outer loop
      vertex -7.43782 -23.3827 16
      vertex 7.1764 -22.9299 18.44
      vertex -7.1764 -22.9299 18.44
    endloop
  endfacet
  facet normal 0 -0.983214 0.182459
    outer loop
      vertex 7.1764 -22.9299 18.44
      vertex -7.43782 -23.3827 16
      vertex 7.43782 -23.3827 16
    endloop
  endfacet
  facet normal 0 -0.989414 -0.145118
    outer loop
      vertex -8.45972 -25.1527 107.354
      vertex 8.93782 -25.9808 113
      vertex -8.93782 -25.9808 113
    endloop
  endfacet
  facet normal 0 -0.989414 -0.145118
    outer loop
      vertex -8.45972 -25.1527 107.354
      vertex 8.45972 -25.1527 107.354
      vertex 8.93782 -25.9808 113
    endloop
  endfacet
  facet normal 0 -0.989415 -0.145115
    outer loop
      vertex -7.59135 -23.6486 97.0988
      vertex 8.45972 -25.1527 107.354
      vertex -8.45972 -25.1527 107.354
    endloop
  endfacet
  facet normal 0 -0.989415 -0.145115
    outer loop
      vertex -7.59135 -23.6486 97.0988
      vertex 7.59135 -23.6486 97.0988
      vertex 8.45972 -25.1527 107.354
    endloop
  endfacet
  facet normal 0 -0.989415 -0.145116
    outer loop
      vertex -7.08444 -22.7706 91.1125
      vertex 7.59135 -23.6486 97.0988
      vertex -7.59135 -23.6486 97.0988
    endloop
  endfacet
  facet normal 0 -0.989415 -0.145116
    outer loop
      vertex -7.08444 -22.7706 91.1125
      vertex 7.08444 -22.7706 91.1125
      vertex 7.59135 -23.6486 97.0988
    endloop
  endfacet
  facet normal 0 -0.989416 -0.145109
    outer loop
      vertex -6.18294 -21.2092 80.4662
      vertex 7.08444 -22.7706 91.1125
      vertex -7.08444 -22.7706 91.1125
    endloop
  endfacet
  facet normal 0 -0.989416 -0.145109
    outer loop
      vertex -6.18294 -21.2092 80.4662
      vertex 6.18294 -21.2092 80.4662
      vertex 7.08444 -22.7706 91.1125
    endloop
  endfacet
  facet normal 2.27781e-06 -0.989415 -0.145114
    outer loop
      vertex -9.75 -16.8875 51
      vertex -6.18294 -21.2092 80.4662
      vertex -10.2273 -21.1225 79.875
    endloop
  endfacet
  facet normal 0 -0.989415 -0.145114
    outer loop
      vertex -6.18294 -21.2092 80.4662
      vertex -9.75 -16.8875 51
      vertex 6.18294 -21.2092 80.4662
    endloop
  endfacet
  facet normal -6.12459e-06 -0.989415 -0.145114
    outer loop
      vertex -9.75 -16.8875 51
      vertex -10.2273 -21.1225 79.875
      vertex -12.1588 -21.0597 79.4469
    endloop
  endfacet
  facet normal -0 -0.989415 -0.145114
    outer loop
      vertex 9.75 -16.8875 51
      vertex 6.18294 -21.2092 80.4662
      vertex -9.75 -16.8875 51
    endloop
  endfacet
  facet normal -2.27781e-06 -0.989415 -0.145114
    outer loop
      vertex 6.18294 -21.2092 80.4662
      vertex 9.75 -16.8875 51
      vertex 10.2273 -21.1225 79.875
    endloop
  endfacet
  facet normal 6.12459e-06 -0.989415 -0.145114
    outer loop
      vertex 10.2273 -21.1225 79.875
      vertex 9.75 -16.8875 51
      vertex 12.1588 -21.0597 79.4469
    endloop
  endfacet
  facet normal 1.38224e-05 -0.996793 0.0800204
    outer loop
      vertex -4.76042 -18.7453 203.132
      vertex -9.75 -16.8875 226.275
      vertex -10.6755 -18.4905 206.307
    endloop
  endfacet
  facet normal 0 -0.996793 0.0800174
    outer loop
      vertex -9.75 -16.8875 226.275
      vertex -4.76042 -18.7453 203.132
      vertex 9.75 -16.8875 226.275
    endloop
  endfacet
  facet normal 0 -0.996793 0.0800174
    outer loop
      vertex 4.76042 -18.7453 203.132
      vertex 9.75 -16.8875 226.275
      vertex -4.76042 -18.7453 203.132
    endloop
  endfacet
  facet normal -1.38224e-05 -0.996793 0.0800204
    outer loop
      vertex 9.75 -16.8875 226.275
      vertex 4.76042 -18.7453 203.132
      vertex 10.6755 -18.4905 206.307
    endloop
  endfacet
  facet normal 0 -0.996786 0.0801128
    outer loop
      vertex -4.80792 -18.8276 202.108
      vertex 4.76042 -18.7453 203.132
      vertex -4.76042 -18.7453 203.132
    endloop
  endfacet
  facet normal 0 -0.996786 0.0801128
    outer loop
      vertex -4.80792 -18.8276 202.108
      vertex 4.80792 -18.8276 202.108
      vertex 4.76042 -18.7453 203.132
    endloop
  endfacet
  facet normal 0 -0.996795 0.080003
    outer loop
      vertex -4.93611 -19.0496 199.342
      vertex 4.80792 -18.8276 202.108
      vertex -4.80792 -18.8276 202.108
    endloop
  endfacet
  facet normal 0 -0.996795 0.080003
    outer loop
      vertex -4.93611 -19.0496 199.342
      vertex 4.93611 -19.0496 199.342
      vertex 4.80792 -18.8276 202.108
    endloop
  endfacet
  facet normal 0 -0.996794 0.0800167
    outer loop
      vertex -6.26878 -21.3578 170.588
      vertex 4.93611 -19.0496 199.342
      vertex -4.93611 -19.0496 199.342
    endloop
  endfacet
  facet normal 0 -0.996794 0.0800167
    outer loop
      vertex -6.26878 -21.3578 170.588
      vertex 6.26878 -21.3578 170.588
      vertex 4.93611 -19.0496 199.342
    endloop
  endfacet
  facet normal 1.16375e-05 -0.996793 0.080018
    outer loop
      vertex -7.673 -23.79 140.29
      vertex -6.26878 -21.3578 170.588
      vertex -8.27083 -21.3685 170.455
    endloop
  endfacet
  facet normal 0 -0.996793 0.0800185
    outer loop
      vertex -6.26878 -21.3578 170.588
      vertex -7.673 -23.79 140.29
      vertex 6.26878 -21.3578 170.588
    endloop
  endfacet
  facet normal -5.654e-06 -0.996793 0.0800203
    outer loop
      vertex -11.9131 -23.7215 141.144
      vertex -8.27083 -21.3685 170.455
      vertex -12.3777 -21.4388 169.579
    endloop
  endfacet
  facet normal 0 -0.996793 0.0800185
    outer loop
      vertex 7.673 -23.79 140.29
      vertex 6.26878 -21.3578 170.588
      vertex -7.673 -23.79 140.29
    endloop
  endfacet
  facet normal 9.8699e-06 -0.996793 0.0800206
    outer loop
      vertex -11.9131 -23.7215 141.144
      vertex -12.3777 -21.4388 169.579
      vertex -13.666 -23.6703 141.782
    endloop
  endfacet
  facet normal -1.16375e-05 -0.996793 0.080018
    outer loop
      vertex 6.26878 -21.3578 170.588
      vertex 7.673 -23.79 140.29
      vertex 8.27083 -21.3685 170.455
    endloop
  endfacet
  facet normal 1.29771e-05 -0.996793 0.080018
    outer loop
      vertex -8.27083 -21.3685 170.455
      vertex -11.9131 -23.7215 141.144
      vertex -7.673 -23.79 140.29
    endloop
  endfacet
  facet normal -1.29771e-05 -0.996793 0.080018
    outer loop
      vertex 11.9131 -23.7215 141.144
      vertex 8.27083 -21.3685 170.455
      vertex 7.673 -23.79 140.29
    endloop
  endfacet
  facet normal 5.654e-06 -0.996793 0.0800203
    outer loop
      vertex 8.27083 -21.3685 170.455
      vertex 11.9131 -23.7215 141.144
      vertex 12.3777 -21.4388 169.579
    endloop
  endfacet
  facet normal -9.8699e-06 -0.996793 0.0800206
    outer loop
      vertex 12.3777 -21.4388 169.579
      vertex 11.9131 -23.7215 141.144
      vertex 13.666 -23.6703 141.782
    endloop
  endfacet
  facet normal 0 -0.996793 0.0800208
    outer loop
      vertex -8.32606 -24.9212 126.199
      vertex 7.673 -23.79 140.29
      vertex -7.673 -23.79 140.29
    endloop
  endfacet
  facet normal 0 -0.996793 0.0800208
    outer loop
      vertex -8.32606 -24.9212 126.199
      vertex 8.32606 -24.9212 126.199
      vertex 7.673 -23.79 140.29
    endloop
  endfacet
  facet normal 0 -0.996793 0.0800287
    outer loop
      vertex -8.55932 -25.3252 121.167
      vertex 8.32606 -24.9212 126.199
      vertex -8.32606 -24.9212 126.199
    endloop
  endfacet
  facet normal 0 -0.996793 0.0800287
    outer loop
      vertex -8.55932 -25.3252 121.167
      vertex 8.55932 -25.3252 121.167
      vertex 8.32606 -24.9212 126.199
    endloop
  endfacet
  facet normal 0 -0.996794 0.0800169
    outer loop
      vertex -8.93782 -25.9808 113
      vertex 8.55932 -25.3252 121.167
      vertex -8.55932 -25.3252 121.167
    endloop
  endfacet
  facet normal 0 -0.996794 0.0800169
    outer loop
      vertex 8.55932 -25.3252 121.167
      vertex -8.93782 -25.9808 113
      vertex 8.93782 -25.9808 113
    endloop
  endfacet
  facet normal 0 -0.764056 0.64515
    outer loop
      vertex 9.75 -16.8875 226.275
      vertex 0 0 246.275
      vertex -9.75 -16.8875 226.275
    endloop
  endfacet
  facet normal 0 -0.9511 -0.308882
    outer loop
      vertex -5.93782 -20.7846 0
      vertex 7.43782 -23.3827 8
      vertex -7.43782 -23.3827 8
    endloop
  endfacet
  facet normal 0 -0.9511 -0.308882
    outer loop
      vertex 7.43782 -23.3827 8
      vertex -5.93782 -20.7846 0
      vertex 5.93782 -20.7846 0
    endloop
  endfacet
  facet normal -0.866026 -0.499998 0
    outer loop
      vertex -16.5311 -18.1327 8
      vertex -23.9689 -5.25 16
      vertex -23.9689 -5.25 8
    endloop
  endfacet
  facet normal -0.866026 -0.499998 0
    outer loop
      vertex -23.9689 -5.25 16
      vertex -16.5311 -18.1327 8
      vertex -16.5311 -18.1327 16
    endloop
  endfacet
  facet normal -0.851486 -0.491608 0.182464
    outer loop
      vertex -19.5 0 51
      vertex -15.3653 -16.1135 26.8808
      vertex -15.2718 -15.9515 27.7536
    endloop
  endfacet
  facet normal -0.851487 -0.491606 0.182463
    outer loop
      vertex -15.2718 -15.9515 27.7536
      vertex -9.75 -16.8875 51
      vertex -19.5 0 51
    endloop
  endfacet
  facet normal -0.851479 -0.491622 0.18246
    outer loop
      vertex -14.0798 -17.6984 28.6094
      vertex -9.75 -16.8875 51
      vertex -15.2718 -15.9515 27.7536
    endloop
  endfacet
  facet normal -0.851493 -0.491596 0.182462
    outer loop
      vertex -9.75 -16.8875 51
      vertex -14.0798 -17.6984 28.6094
      vertex -11.9592 -20.7139 30.3811
    endloop
  endfacet
  facet normal -0.851488 -0.491606 0.18246
    outer loop
      vertex -23.9689 -5.25 16
      vertex -15.3653 -16.1135 26.8808
      vertex -21.4503 -5.25 27.7536
    endloop
  endfacet
  facet normal -0.851489 -0.491603 0.182463
    outer loop
      vertex -23.9689 -5.25 16
      vertex -16.2697 -17.6799 18.44
      vertex -15.3653 -16.1135 26.8808
    endloop
  endfacet
  facet normal -0.85149 -0.491606 0.18245
    outer loop
      vertex -16.2697 -17.6799 18.44
      vertex -23.9689 -5.25 16
      vertex -16.5311 -18.1327 16
    endloop
  endfacet
  facet normal -0.851494 -0.491596 0.182461
    outer loop
      vertex -22.3672 -3.34425 28.6094
      vertex -19.5 0 51
      vertex -23.9183 0 30.3811
    endloop
  endfacet
  facet normal -0.851487 -0.491607 0.182462
    outer loop
      vertex -21.4503 -5.25 27.7536
      vertex -19.5 0 51
      vertex -22.3672 -3.34425 28.6094
    endloop
  endfacet
  facet normal -0.851488 -0.491606 0.182462
    outer loop
      vertex -19.5 0 51
      vertex -21.4503 -5.25 27.7536
      vertex -15.3653 -16.1135 26.8808
    endloop
  endfacet
  facet normal -0.856857 -0.494711 -0.145111
    outer loop
      vertex -16.1777 -17.5206 91.1125
      vertex -23.7047 -5.25 93.7254
      vertex -15.2762 -15.9592 80.4662
    endloop
  endfacet
  facet normal -0.856858 -0.494709 -0.145113
    outer loop
      vertex -9.75 -16.8875 51
      vertex -15.2762 -15.9592 80.4662
      vertex -23.7047 -5.25 93.7254
    endloop
  endfacet
  facet normal -0.856852 -0.49472 -0.145112
    outer loop
      vertex -9.75 -16.8875 51
      vertex -13.1789 -19.4183 79.875
      vertex -15.2762 -15.9592 80.4662
    endloop
  endfacet
  facet normal -0.856873 -0.494684 -0.145111
    outer loop
      vertex -13.1789 -19.4183 79.875
      vertex -9.75 -16.8875 51
      vertex -12.1588 -21.0597 79.4469
    endloop
  endfacet
  facet normal -0.856857 -0.49471 -0.145114
    outer loop
      vertex -16.6846 -18.3986 97.0988
      vertex -23.7047 -5.25 93.7254
      vertex -16.1777 -17.5206 91.1125
    endloop
  endfacet
  facet normal -0.856858 -0.49471 -0.145111
    outer loop
      vertex -23.7047 -5.25 93.7254
      vertex -16.6846 -18.3986 97.0988
      vertex -26.9689 -5.25 113
    endloop
  endfacet
  facet normal -0.856859 -0.494706 -0.145115
    outer loop
      vertex -17.553 -19.9027 107.354
      vertex -26.9689 -5.25 113
      vertex -16.6846 -18.3986 97.0988
    endloop
  endfacet
  facet normal -0.856859 -0.494705 -0.145117
    outer loop
      vertex -26.9689 -5.25 113
      vertex -17.553 -19.9027 107.354
      vertex -18.0311 -20.7308 113
    endloop
  endfacet
  facet normal -0.856852 -0.49472 -0.145111
    outer loop
      vertex -19.5 0 51
      vertex -23.4062 -1.70411 79.875
      vertex -24.3176 0 79.4469
    endloop
  endfacet
  facet normal -0.856869 -0.494689 -0.145112
    outer loop
      vertex -19.5 0 51
      vertex -21.4592 -5.25 80.4662
      vertex -23.4062 -1.70411 79.875
    endloop
  endfacet
  facet normal -0.856857 -0.494711 -0.145112
    outer loop
      vertex -21.4592 -5.25 80.4662
      vertex -9.75 -16.8875 51
      vertex -23.7047 -5.25 93.7254
    endloop
  endfacet
  facet normal -0.856858 -0.494707 -0.145114
    outer loop
      vertex -9.75 -16.8875 51
      vertex -21.4592 -5.25 80.4662
      vertex -19.5 0 51
    endloop
  endfacet
  facet normal -0.863172 -0.498516 0.0801059
    outer loop
      vertex -19.5 0 226.275
      vertex -13.9012 -13.5776 202.108
      vertex -13.8537 -13.4953 203.132
    endloop
  endfacet
  facet normal -0.863258 -0.498382 0.080011
    outer loop
      vertex -19.5 0 226.275
      vertex -14.0294 -13.7996 199.342
      vertex -13.9012 -13.5776 202.108
    endloop
  endfacet
  facet normal -0.863254 -0.498388 0.080015
    outer loop
      vertex -19.5 0 226.275
      vertex -15.362 -16.1078 170.588
      vertex -14.0294 -13.7996 199.342
    endloop
  endfacet
  facet normal -0.863241 -0.498409 0.0800218
    outer loop
      vertex -16.0946 -19.6612 140.553
      vertex -15.362 -16.1078 170.588
      vertex -19.5 0 226.275
    endloop
  endfacet
  facet normal -0.86327 -0.49836 0.0800167
    outer loop
      vertex -16.0946 -19.6612 140.553
      vertex -14.3703 -17.847 170.455
      vertex -15.362 -16.1078 170.588
    endloop
  endfacet
  facet normal -0.863241 -0.49841 0.0800181
    outer loop
      vertex -16.0946 -19.6612 140.553
      vertex -12.3777 -21.4388 169.579
      vertex -14.3703 -17.847 170.455
    endloop
  endfacet
  facet normal -0.863263 -0.498327 0.0802919
    outer loop
      vertex -13.666 -23.6703 141.782
      vertex -16.0946 -19.6612 140.553
      vertex -14.5869 -22.1778 141.144
    endloop
  endfacet
  facet normal -0.863246 -0.4984 0.0800194
    outer loop
      vertex -16.0946 -19.6612 140.553
      vertex -13.666 -23.6703 141.782
      vertex -12.3777 -21.4388 169.579
    endloop
  endfacet
  facet normal -0.863248 -0.498397 0.0800178
    outer loop
      vertex -13.8537 -13.4953 203.132
      vertex -9.75 -16.8875 226.275
      vertex -19.5 0 226.275
    endloop
  endfacet
  facet normal -0.863255 -0.498385 0.0800207
    outer loop
      vertex -9.75 -16.8875 226.275
      vertex -13.8537 -13.4953 203.132
      vertex -10.6755 -18.4905 206.307
    endloop
  endfacet
  facet normal -0.863247 -0.498399 0.0800172
    outer loop
      vertex -17.4193 -19.6712 126.199
      vertex -24.4393 -5.25 140.29
      vertex -26.9689 -5.25 113
    endloop
  endfacet
  facet normal -0.863248 -0.498397 0.0800195
    outer loop
      vertex -24.4393 -5.25 140.29
      vertex -16.7663 -18.54 140.29
      vertex -21.6308 -5.25 170.588
    endloop
  endfacet
  facet normal -0.86325 -0.498395 0.080018
    outer loop
      vertex -16.0946 -19.6612 140.553
      vertex -21.6308 -5.25 170.588
      vertex -16.7663 -18.54 140.29
    endloop
  endfacet
  facet normal -0.863248 -0.498398 0.0800148
    outer loop
      vertex -24.4393 -5.25 140.29
      vertex -17.4193 -19.6712 126.199
      vertex -16.7663 -18.54 140.29
    endloop
  endfacet
  facet normal -0.863253 -0.498386 0.0800367
    outer loop
      vertex -26.9689 -5.25 113
      vertex -17.6526 -20.0752 121.167
      vertex -17.4193 -19.6712 126.199
    endloop
  endfacet
  facet normal -0.86325 -0.498395 0.0800156
    outer loop
      vertex -17.6526 -20.0752 121.167
      vertex -26.9689 -5.25 113
      vertex -18.0311 -20.7308 113
    endloop
  endfacet
  facet normal -0.863248 -0.498397 0.0800197
    outer loop
      vertex -21.6308 -5.25 170.588
      vertex -27.3321 0 141.782
      vertex -26.5 -1.54367 141.144
    endloop
  endfacet
  facet normal -0.863253 -0.498388 0.080021
    outer loop
      vertex -27.3321 0 141.782
      vertex -22.6411 -3.52151 170.455
      vertex -24.7554 0 169.579
    endloop
  endfacet
  facet normal -0.863247 -0.498399 0.0800195
    outer loop
      vertex -21.6308 -5.25 170.588
      vertex -26.5 -1.54367 141.144
      vertex -24.4393 -5.25 140.29
    endloop
  endfacet
  facet normal -0.863243 -0.498407 0.0800169
    outer loop
      vertex -27.3321 0 141.782
      vertex -21.6308 -5.25 170.588
      vertex -22.6411 -3.52151 170.455
    endloop
  endfacet
  facet normal -0.863239 -0.498412 0.0800208
    outer loop
      vertex -18.6141 -5.25 203.132
      vertex -19.5 0 226.275
      vertex -21.351 0 206.307
    endloop
  endfacet
  facet normal -0.863587 -0.497833 0.0798761
    outer loop
      vertex -18.6141 -5.25 203.132
      vertex -16.0946 -19.6612 140.553
      vertex -19.5 0 226.275
    endloop
  endfacet
  facet normal -0.863248 -0.498397 0.0800197
    outer loop
      vertex -21.6308 -5.25 170.588
      vertex -16.0946 -19.6612 140.553
      vertex -18.6141 -5.25 203.132
    endloop
  endfacet
  facet normal -0.661692 -0.382028 0.64515
    outer loop
      vertex -9.75 -16.8875 226.275
      vertex 0 0 246.275
      vertex -19.5 0 226.275
    endloop
  endfacet
  facet normal -0.823679 -0.475548 -0.308881
    outer loop
      vertex -16.5311 -18.1327 8
      vertex -23.2111 -5.25 5.97927
      vertex -15.3679 -16.1179 1.7962
    endloop
  endfacet
  facet normal -0.823676 -0.475548 -0.308889
    outer loop
      vertex -23.2111 -5.25 5.97927
      vertex -16.5311 -18.1327 8
      vertex -23.9689 -5.25 8
    endloop
  endfacet
  facet normal -0.823679 -0.47555 -0.308876
    outer loop
      vertex -15.3679 -16.1179 1.7962
      vertex -20.9689 -5.25 0
      vertex -15.0311 -15.5346 0
    endloop
  endfacet
  facet normal -0.823679 -0.47555 -0.308876
    outer loop
      vertex -20.9689 -5.25 0
      vertex -15.3679 -16.1179 1.7962
      vertex -23.2111 -5.25 5.97927
    endloop
  endfacet
  facet normal -0.615298 0.788295 0
    outer loop
      vertex 8.61823 -10.5013 0
      vertex 8.09257 -10.9116 224.275
      vertex 8.61823 -10.5013 224.275
    endloop
  endfacet
  facet normal -0.615298 0.788295 0
    outer loop
      vertex 8.09257 -10.9116 224.275
      vertex 8.61823 -10.5013 0
      vertex 8.09257 -10.9116 0
    endloop
  endfacet
  facet normal -0.997296 -0.0734876 0
    outer loop
      vertex 13.5686 0.666584 0
      vertex 13.5196 1.33156 224.275
      vertex 13.5196 1.33156 0
    endloop
  endfacet
  facet normal -0.997296 -0.0734876 0
    outer loop
      vertex 13.5196 1.33156 224.275
      vertex 13.5686 0.666584 0
      vertex 13.5686 0.666584 224.275
    endloop
  endfacet
  facet normal -0.999697 -0.0245956 0
    outer loop
      vertex 13.585 0 0
      vertex 13.5686 0.666584 224.275
      vertex 13.5686 0.666584 0
    endloop
  endfacet
  facet normal -0.999697 -0.0245956 0
    outer loop
      vertex 13.5686 0.666584 224.275
      vertex 13.585 0 0
      vertex 13.585 0 224.275
    endloop
  endfacet
  facet normal -0.992483 -0.122379 0
    outer loop
      vertex 13.5196 1.33156 0
      vertex 13.438 1.99333 224.275
      vertex 13.438 1.99333 0
    endloop
  endfacet
  facet normal -0.992483 -0.122379 0
    outer loop
      vertex 13.438 1.99333 224.275
      vertex 13.5196 1.33156 0
      vertex 13.5196 1.33156 224.275
    endloop
  endfacet
  facet normal 0.492941 -0.870063 0
    outer loop
      vertex -6.98409 11.6522 0
      vertex -6.40392 11.9809 224.275
      vertex -6.98409 11.6522 224.275
    endloop
  endfacet
  facet normal 0.492941 -0.870063 0
    outer loop
      vertex -6.40392 11.9809 224.275
      vertex -6.98409 11.6522 0
      vertex -6.40392 11.9809 0
    endloop
  endfacet
  facet normal 0.963753 -0.266797 0
    outer loop
      vertex -13.1779 3.30089 224.275
      vertex -13 3.94352 0
      vertex -13 3.94352 224.275
    endloop
  endfacet
  facet normal 0.963753 -0.266797 0
    outer loop
      vertex -13 3.94352 0
      vertex -13.1779 3.30089 224.275
      vertex -13.1779 3.30089 0
    endloop
  endfacet
  facet normal 0.817612 -0.57577 0
    outer loop
      vertex -11.2955 7.54742 224.275
      vertex -10.9116 8.09257 0
      vertex -10.9116 8.09257 224.275
    endloop
  endfacet
  facet normal 0.817612 -0.57577 0
    outer loop
      vertex -10.9116 8.09257 0
      vertex -11.2955 7.54742 224.275
      vertex -11.2955 7.54742 0
    endloop
  endfacet
  facet normal -0.653147 -0.757231 0
    outer loop
      vertex 8.61823 10.5013 0
      vertex 9.12313 10.0658 224.275
      vertex 8.61823 10.5013 224.275
    endloop
  endfacet
  facet normal -0.653147 -0.757231 -0
    outer loop
      vertex 9.12313 10.0658 224.275
      vertex 8.61823 10.5013 0
      vertex 9.12313 10.0658 0
    endloop
  endfacet
  facet normal 0.914217 0.405225 0
    outer loop
      vertex -12.2807 -5.80834 224.275
      vertex -12.5509 -5.19875 0
      vertex -12.5509 -5.19875 224.275
    endloop
  endfacet
  facet normal 0.914217 0.405225 0
    outer loop
      vertex -12.5509 -5.19875 0
      vertex -12.2807 -5.80834 224.275
      vertex -12.2807 -5.80834 0
    endloop
  endfacet
  facet normal 0.219109 -0.9757 0
    outer loop
      vertex -3.30089 13.1779 0
      vertex -2.6503 13.324 224.275
      vertex -3.30089 13.1779 224.275
    endloop
  endfacet
  facet normal 0.219109 -0.9757 0
    outer loop
      vertex -2.6503 13.324 224.275
      vertex -3.30089 13.1779 0
      vertex -2.6503 13.324 0
    endloop
  endfacet
  facet normal 0.57577 -0.817612 0
    outer loop
      vertex -8.09257 10.9116 0
      vertex -7.54742 11.2955 224.275
      vertex -8.09257 10.9116 224.275
    endloop
  endfacet
  facet normal 0.57577 -0.817612 0
    outer loop
      vertex -7.54742 11.2955 224.275
      vertex -8.09257 10.9116 0
      vertex -7.54742 11.2955 0
    endloop
  endfacet
  facet normal -0.449624 -0.893218 0
    outer loop
      vertex 5.80834 12.2807 0
      vertex 6.40392 11.9809 224.275
      vertex 5.80834 12.2807 224.275
    endloop
  endfacet
  facet normal -0.449624 -0.893218 -0
    outer loop
      vertex 6.40392 11.9809 224.275
      vertex 5.80834 12.2807 0
      vertex 6.40392 11.9809 0
    endloop
  endfacet
  facet normal 0.992483 -0.122379 0
    outer loop
      vertex -13.5196 1.33156 224.275
      vertex -13.438 1.99333 0
      vertex -13.438 1.99333 224.275
    endloop
  endfacet
  facet normal 0.992483 -0.122379 0
    outer loop
      vertex -13.438 1.99333 0
      vertex -13.5196 1.33156 224.275
      vertex -13.5196 1.33156 0
    endloop
  endfacet
  facet normal -0.9757 -0.219109 0
    outer loop
      vertex 13.324 2.6503 0
      vertex 13.1779 3.30089 224.275
      vertex 13.1779 3.30089 0
    endloop
  endfacet
  facet normal -0.9757 -0.219109 0
    outer loop
      vertex 13.1779 3.30089 224.275
      vertex 13.324 2.6503 0
      vertex 13.324 2.6503 224.275
    endloop
  endfacet
  facet normal -0.313603 0.949554 0
    outer loop
      vertex 4.57665 -12.7909 0
      vertex 3.94352 -13 224.275
      vertex 4.57665 -12.7909 224.275
    endloop
  endfacet
  facet normal -0.313603 0.949554 0
    outer loop
      vertex 3.94352 -13 224.275
      vertex 4.57665 -12.7909 0
      vertex 3.94352 -13 0
    endloop
  endfacet
  facet normal -0.757231 0.653147 0
    outer loop
      vertex 10.0658 -9.12313 0
      vertex 10.5013 -8.61823 224.275
      vertex 10.5013 -8.61823 0
    endloop
  endfacet
  facet normal -0.757231 0.653147 0
    outer loop
      vertex 10.5013 -8.61823 224.275
      vertex 10.0658 -9.12313 0
      vertex 10.0658 -9.12313 224.275
    endloop
  endfacet
  facet normal 0.757231 0.653147 0
    outer loop
      vertex -10.0658 -9.12313 224.275
      vertex -10.5013 -8.61823 0
      vertex -10.5013 -8.61823 224.275
    endloop
  endfacet
  facet normal 0.757231 0.653147 0
    outer loop
      vertex -10.5013 -8.61823 0
      vertex -10.0658 -9.12313 224.275
      vertex -10.0658 -9.12313 0
    endloop
  endfacet
  facet normal -0.914217 0.405225 0
    outer loop
      vertex 12.2807 -5.80834 0
      vertex 12.5509 -5.19875 224.275
      vertex 12.5509 -5.19875 0
    endloop
  endfacet
  facet normal -0.914217 0.405225 0
    outer loop
      vertex 12.5509 -5.19875 224.275
      vertex 12.2807 -5.80834 0
      vertex 12.2807 -5.80834 224.275
    endloop
  endfacet
  facet normal -0.788295 -0.615298 0
    outer loop
      vertex 10.9116 8.09257 0
      vertex 10.5013 8.61823 224.275
      vertex 10.5013 8.61823 0
    endloop
  endfacet
  facet normal -0.788295 -0.615298 0
    outer loop
      vertex 10.5013 8.61823 224.275
      vertex 10.9116 8.09257 0
      vertex 10.9116 8.09257 224.275
    endloop
  endfacet
  facet normal 0.170969 0.985276 -0
    outer loop
      vertex -1.99333 -13.438 0
      vertex -2.6503 -13.324 224.275
      vertex -1.99333 -13.438 224.275
    endloop
  endfacet
  facet normal 0.170969 0.985276 0
    outer loop
      vertex -2.6503 -13.324 224.275
      vertex -1.99333 -13.438 0
      vertex -2.6503 -13.324 0
    endloop
  endfacet
  facet normal -0.788295 0.615298 0
    outer loop
      vertex 10.5013 -8.61823 0
      vertex 10.9116 -8.09257 224.275
      vertex 10.9116 -8.09257 0
    endloop
  endfacet
  facet normal -0.788295 0.615298 0
    outer loop
      vertex 10.9116 -8.09257 224.275
      vertex 10.5013 -8.61823 0
      vertex 10.5013 -8.61823 224.275
    endloop
  endfacet
  facet normal 0.893218 -0.449624 0
    outer loop
      vertex -12.2807 5.80834 224.275
      vertex -11.9809 6.40392 0
      vertex -11.9809 6.40392 224.275
    endloop
  endfacet
  facet normal 0.893218 -0.449624 0
    outer loop
      vertex -11.9809 6.40392 0
      vertex -12.2807 5.80834 224.275
      vertex -12.2807 5.80834 0
    endloop
  endfacet
  facet normal -0.870063 0.492941 0
    outer loop
      vertex 11.6522 -6.98409 0
      vertex 11.9809 -6.40392 224.275
      vertex 11.9809 -6.40392 0
    endloop
  endfacet
  facet normal -0.870063 0.492941 0
    outer loop
      vertex 11.9809 -6.40392 224.275
      vertex 11.6522 -6.98409 0
      vertex 11.6522 -6.98409 224.275
    endloop
  endfacet
  facet normal 0.9757 -0.219109 0
    outer loop
      vertex -13.324 2.6503 224.275
      vertex -13.1779 3.30089 0
      vertex -13.1779 3.30089 224.275
    endloop
  endfacet
  facet normal 0.9757 -0.219109 0
    outer loop
      vertex -13.1779 3.30089 0
      vertex -13.324 2.6503 224.275
      vertex -13.324 2.6503 0
    endloop
  endfacet
  facet normal -0.914217 -0.405225 0
    outer loop
      vertex 12.5509 5.19875 0
      vertex 12.2807 5.80834 224.275
      vertex 12.2807 5.80834 0
    endloop
  endfacet
  facet normal -0.914217 -0.405225 0
    outer loop
      vertex 12.2807 5.80834 224.275
      vertex 12.5509 5.19875 0
      vertex 12.5509 5.19875 224.275
    endloop
  endfacet
  facet normal 0.999697 0.0245956 0
    outer loop
      vertex -13.5686 -0.666584 224.275
      vertex -13.585 0 0
      vertex -13.585 0 224.275
    endloop
  endfacet
  facet normal 0.999697 0.0245956 0
    outer loop
      vertex -13.585 0 0
      vertex -13.5686 -0.666584 224.275
      vertex -13.5686 -0.666584 0
    endloop
  endfacet
  facet normal -0.949554 0.313603 0
    outer loop
      vertex 12.7909 -4.57665 0
      vertex 13 -3.94352 224.275
      vertex 13 -3.94352 0
    endloop
  endfacet
  facet normal -0.949554 0.313603 0
    outer loop
      vertex 13 -3.94352 224.275
      vertex 12.7909 -4.57665 0
      vertex 12.7909 -4.57665 224.275
    endloop
  endfacet
  facet normal -0.870063 -0.492941 0
    outer loop
      vertex 11.9809 6.40392 0
      vertex 11.6522 6.98409 224.275
      vertex 11.6522 6.98409 0
    endloop
  endfacet
  facet normal -0.870063 -0.492941 0
    outer loop
      vertex 11.6522 6.98409 224.275
      vertex 11.9809 6.40392 0
      vertex 11.9809 6.40392 224.275
    endloop
  endfacet
  facet normal 0.689534 0.724253 -0
    outer loop
      vertex -9.12313 -10.0658 0
      vertex -9.60604 -9.60604 224.275
      vertex -9.12313 -10.0658 224.275
    endloop
  endfacet
  facet normal 0.689534 0.724253 0
    outer loop
      vertex -9.60604 -9.60604 224.275
      vertex -9.12313 -10.0658 0
      vertex -9.60604 -9.60604 0
    endloop
  endfacet
  facet normal 0.122379 0.992483 -0
    outer loop
      vertex -1.33156 -13.5196 0
      vertex -1.99333 -13.438 224.275
      vertex -1.33156 -13.5196 224.275
    endloop
  endfacet
  facet normal 0.122379 0.992483 0
    outer loop
      vertex -1.99333 -13.438 224.275
      vertex -1.33156 -13.5196 0
      vertex -1.99333 -13.438 0
    endloop
  endfacet
  facet normal 0.615298 -0.788295 0
    outer loop
      vertex -8.61823 10.5013 0
      vertex -8.09257 10.9116 224.275
      vertex -8.61823 10.5013 224.275
    endloop
  endfacet
  facet normal 0.615298 -0.788295 0
    outer loop
      vertex -8.09257 10.9116 224.275
      vertex -8.61823 10.5013 0
      vertex -8.09257 10.9116 0
    endloop
  endfacet
  facet normal 0.0245956 -0.999697 0
    outer loop
      vertex -0.666584 13.5686 0
      vertex 0 13.585 224.275
      vertex -0.666584 13.5686 224.275
    endloop
  endfacet
  facet normal 0.0245956 -0.999697 0
    outer loop
      vertex 0 13.585 224.275
      vertex -0.666584 13.5686 0
      vertex 0 13.585 0
    endloop
  endfacet
  facet normal -0.932978 -0.359934 0
    outer loop
      vertex 12.7909 4.57665 0
      vertex 12.5509 5.19875 224.275
      vertex 12.5509 5.19875 0
    endloop
  endfacet
  facet normal -0.932978 -0.359934 0
    outer loop
      vertex 12.5509 5.19875 224.275
      vertex 12.7909 4.57665 0
      vertex 12.7909 4.57665 224.275
    endloop
  endfacet
  facet normal -0.0734876 0.997296 0
    outer loop
      vertex 1.33156 -13.5196 0
      vertex 0.666584 -13.5686 224.275
      vertex 1.33156 -13.5196 224.275
    endloop
  endfacet
  facet normal -0.0734876 0.997296 0
    outer loop
      vertex 0.666584 -13.5686 224.275
      vertex 1.33156 -13.5196 0
      vertex 0.666584 -13.5686 0
    endloop
  endfacet
  facet normal -0.615298 -0.788295 0
    outer loop
      vertex 8.09257 10.9116 0
      vertex 8.61823 10.5013 224.275
      vertex 8.09257 10.9116 224.275
    endloop
  endfacet
  facet normal -0.615298 -0.788295 -0
    outer loop
      vertex 8.61823 10.5013 224.275
      vertex 8.09257 10.9116 0
      vertex 8.61823 10.5013 0
    endloop
  endfacet
  facet normal -0.122379 -0.992483 0
    outer loop
      vertex 1.33156 13.5196 0
      vertex 1.99333 13.438 224.275
      vertex 1.33156 13.5196 224.275
    endloop
  endfacet
  facet normal -0.122379 -0.992483 -0
    outer loop
      vertex 1.99333 13.438 224.275
      vertex 1.33156 13.5196 0
      vertex 1.99333 13.438 0
    endloop
  endfacet
  facet normal -0.405225 -0.914217 0
    outer loop
      vertex 5.19875 12.5509 0
      vertex 5.80834 12.2807 224.275
      vertex 5.19875 12.5509 224.275
    endloop
  endfacet
  facet normal -0.405225 -0.914217 -0
    outer loop
      vertex 5.80834 12.2807 224.275
      vertex 5.19875 12.5509 0
      vertex 5.80834 12.2807 0
    endloop
  endfacet
  facet normal -0.122379 0.992483 0
    outer loop
      vertex 1.99333 -13.438 0
      vertex 1.33156 -13.5196 224.275
      vertex 1.99333 -13.438 224.275
    endloop
  endfacet
  facet normal -0.122379 0.992483 0
    outer loop
      vertex 1.33156 -13.5196 224.275
      vertex 1.99333 -13.438 0
      vertex 1.33156 -13.5196 0
    endloop
  endfacet
  facet normal 0.57577 0.817612 -0
    outer loop
      vertex -7.54742 -11.2955 0
      vertex -8.09257 -10.9116 224.275
      vertex -7.54742 -11.2955 224.275
    endloop
  endfacet
  facet normal 0.57577 0.817612 0
    outer loop
      vertex -8.09257 -10.9116 224.275
      vertex -7.54742 -11.2955 0
      vertex -8.09257 -10.9116 0
    endloop
  endfacet
  facet normal -0.817612 0.57577 0
    outer loop
      vertex 10.9116 -8.09257 0
      vertex 11.2955 -7.54742 224.275
      vertex 11.2955 -7.54742 0
    endloop
  endfacet
  facet normal -0.817612 0.57577 0
    outer loop
      vertex 11.2955 -7.54742 224.275
      vertex 10.9116 -8.09257 0
      vertex 10.9116 -8.09257 224.275
    endloop
  endfacet
  facet normal -0.817612 -0.57577 0
    outer loop
      vertex 11.2955 7.54742 0
      vertex 10.9116 8.09257 224.275
      vertex 10.9116 8.09257 0
    endloop
  endfacet
  facet normal -0.817612 -0.57577 0
    outer loop
      vertex 10.9116 8.09257 224.275
      vertex 11.2955 7.54742 0
      vertex 11.2955 7.54742 224.275
    endloop
  endfacet
  facet normal -0.0734876 -0.997296 0
    outer loop
      vertex 0.666584 13.5686 0
      vertex 1.33156 13.5196 224.275
      vertex 0.666584 13.5686 224.275
    endloop
  endfacet
  facet normal -0.0734876 -0.997296 -0
    outer loop
      vertex 1.33156 13.5196 224.275
      vertex 0.666584 13.5686 0
      vertex 1.33156 13.5196 0
    endloop
  endfacet
  facet normal -0.689534 -0.724253 0
    outer loop
      vertex 9.12313 10.0658 0
      vertex 9.60604 9.60604 224.275
      vertex 9.12313 10.0658 224.275
    endloop
  endfacet
  facet normal -0.689534 -0.724253 -0
    outer loop
      vertex 9.60604 9.60604 224.275
      vertex 9.12313 10.0658 0
      vertex 9.60604 9.60604 0
    endloop
  endfacet
  facet normal 0.653147 0.757231 -0
    outer loop
      vertex -8.61823 -10.5013 0
      vertex -9.12313 -10.0658 224.275
      vertex -8.61823 -10.5013 224.275
    endloop
  endfacet
  facet normal 0.653147 0.757231 0
    outer loop
      vertex -9.12313 -10.0658 224.275
      vertex -8.61823 -10.5013 0
      vertex -9.12313 -10.0658 0
    endloop
  endfacet
  facet normal -0.999697 0.0245956 0
    outer loop
      vertex 13.5686 -0.666584 0
      vertex 13.585 0 224.275
      vertex 13.585 0 0
    endloop
  endfacet
  facet normal -0.999697 0.0245956 0
    outer loop
      vertex 13.585 0 224.275
      vertex 13.5686 -0.666584 0
      vertex 13.5686 -0.666584 224.275
    endloop
  endfacet
  facet normal 0.724253 -0.689534 0
    outer loop
      vertex -10.0658 9.12313 224.275
      vertex -9.60604 9.60604 0
      vertex -9.60604 9.60604 224.275
    endloop
  endfacet
  facet normal 0.724253 -0.689534 0
    outer loop
      vertex -9.60604 9.60604 0
      vertex -10.0658 9.12313 224.275
      vertex -10.0658 9.12313 0
    endloop
  endfacet
  facet normal -0.997296 0.0734876 0
    outer loop
      vertex 13.5196 -1.33156 0
      vertex 13.5686 -0.666584 224.275
      vertex 13.5686 -0.666584 0
    endloop
  endfacet
  facet normal -0.997296 0.0734876 0
    outer loop
      vertex 13.5686 -0.666584 224.275
      vertex 13.5196 -1.33156 0
      vertex 13.5196 -1.33156 224.275
    endloop
  endfacet
  facet normal 0.817612 0.57577 0
    outer loop
      vertex -10.9116 -8.09257 224.275
      vertex -11.2955 -7.54742 0
      vertex -11.2955 -7.54742 224.275
    endloop
  endfacet
  facet normal 0.817612 0.57577 0
    outer loop
      vertex -11.2955 -7.54742 0
      vertex -10.9116 -8.09257 224.275
      vertex -10.9116 -8.09257 0
    endloop
  endfacet
  facet normal -0.84487 -0.534971 0
    outer loop
      vertex 11.6522 6.98409 0
      vertex 11.2955 7.54742 224.275
      vertex 11.2955 7.54742 0
    endloop
  endfacet
  facet normal -0.84487 -0.534971 0
    outer loop
      vertex 11.2955 7.54742 224.275
      vertex 11.6522 6.98409 0
      vertex 11.6522 6.98409 224.275
    endloop
  endfacet
  facet normal 0.0245956 0.999697 -0
    outer loop
      vertex 0 -13.585 0
      vertex -0.666584 -13.5686 224.275
      vertex 0 -13.585 224.275
    endloop
  endfacet
  facet normal 0.0245956 0.999697 0
    outer loop
      vertex -0.666584 -13.5686 224.275
      vertex 0 -13.585 0
      vertex -0.666584 -13.5686 0
    endloop
  endfacet
  facet normal 0.405225 -0.914217 0
    outer loop
      vertex -5.80834 12.2807 0
      vertex -5.19875 12.5509 224.275
      vertex -5.80834 12.2807 224.275
    endloop
  endfacet
  facet normal 0.405225 -0.914217 0
    outer loop
      vertex -5.19875 12.5509 224.275
      vertex -5.80834 12.2807 0
      vertex -5.19875 12.5509 0
    endloop
  endfacet
  facet normal -0.405225 0.914217 0
    outer loop
      vertex 5.80834 -12.2807 0
      vertex 5.19875 -12.5509 224.275
      vertex 5.80834 -12.2807 224.275
    endloop
  endfacet
  facet normal -0.405225 0.914217 0
    outer loop
      vertex 5.19875 -12.5509 224.275
      vertex 5.80834 -12.2807 0
      vertex 5.19875 -12.5509 0
    endloop
  endfacet
  facet normal -0.57577 -0.817612 0
    outer loop
      vertex 7.54742 11.2955 0
      vertex 8.09257 10.9116 224.275
      vertex 7.54742 11.2955 224.275
    endloop
  endfacet
  facet normal -0.57577 -0.817612 -0
    outer loop
      vertex 8.09257 10.9116 224.275
      vertex 7.54742 11.2955 0
      vertex 8.09257 10.9116 0
    endloop
  endfacet
  facet normal -0.534971 0.84487 0
    outer loop
      vertex 7.54742 -11.2955 0
      vertex 6.98409 -11.6522 224.275
      vertex 7.54742 -11.2955 224.275
    endloop
  endfacet
  facet normal -0.534971 0.84487 0
    outer loop
      vertex 6.98409 -11.6522 224.275
      vertex 7.54742 -11.2955 0
      vertex 6.98409 -11.6522 0
    endloop
  endfacet
  facet normal -0.57577 0.817612 0
    outer loop
      vertex 8.09257 -10.9116 0
      vertex 7.54742 -11.2955 224.275
      vertex 8.09257 -10.9116 224.275
    endloop
  endfacet
  facet normal -0.57577 0.817612 0
    outer loop
      vertex 7.54742 -11.2955 224.275
      vertex 8.09257 -10.9116 0
      vertex 7.54742 -11.2955 0
    endloop
  endfacet
  facet normal -0.932978 0.359934 0
    outer loop
      vertex 12.5509 -5.19875 0
      vertex 12.7909 -4.57665 224.275
      vertex 12.7909 -4.57665 0
    endloop
  endfacet
  facet normal -0.932978 0.359934 0
    outer loop
      vertex 12.7909 -4.57665 224.275
      vertex 12.5509 -5.19875 0
      vertex 12.5509 -5.19875 224.275
    endloop
  endfacet
  facet normal -0.0245956 -0.999697 0
    outer loop
      vertex 0 13.585 0
      vertex 0.666584 13.5686 224.275
      vertex 0 13.585 224.275
    endloop
  endfacet
  facet normal -0.0245956 -0.999697 -0
    outer loop
      vertex 0.666584 13.5686 224.275
      vertex 0 13.585 0
      vertex 0.666584 13.5686 0
    endloop
  endfacet
  facet normal -0.9757 0.219109 0
    outer loop
      vertex 13.1779 -3.30089 0
      vertex 13.324 -2.6503 224.275
      vertex 13.324 -2.6503 0
    endloop
  endfacet
  facet normal -0.9757 0.219109 0
    outer loop
      vertex 13.324 -2.6503 224.275
      vertex 13.1779 -3.30089 0
      vertex 13.1779 -3.30089 224.275
    endloop
  endfacet
  facet normal -0.724253 -0.689534 0
    outer loop
      vertex 10.0658 9.12313 0
      vertex 9.60604 9.60604 224.275
      vertex 9.60604 9.60604 0
    endloop
  endfacet
  facet normal -0.724253 -0.689534 0
    outer loop
      vertex 9.60604 9.60604 224.275
      vertex 10.0658 9.12313 0
      vertex 10.0658 9.12313 224.275
    endloop
  endfacet
  facet normal -0.449624 0.893218 0
    outer loop
      vertex 6.40392 -11.9809 0
      vertex 5.80834 -12.2807 224.275
      vertex 6.40392 -11.9809 224.275
    endloop
  endfacet
  facet normal -0.449624 0.893218 0
    outer loop
      vertex 5.80834 -12.2807 224.275
      vertex 6.40392 -11.9809 0
      vertex 5.80834 -12.2807 0
    endloop
  endfacet
  facet normal -0.689534 0.724253 0
    outer loop
      vertex 9.60604 -9.60604 0
      vertex 9.12313 -10.0658 224.275
      vertex 9.60604 -9.60604 224.275
    endloop
  endfacet
  facet normal -0.689534 0.724253 0
    outer loop
      vertex 9.12313 -10.0658 224.275
      vertex 9.60604 -9.60604 0
      vertex 9.12313 -10.0658 0
    endloop
  endfacet
  facet normal 0.999697 -0.0245956 0
    outer loop
      vertex -13.585 0 224.275
      vertex -13.5686 0.666584 0
      vertex -13.5686 0.666584 224.275
    endloop
  endfacet
  facet normal 0.999697 -0.0245956 0
    outer loop
      vertex -13.5686 0.666584 0
      vertex -13.585 0 224.275
      vertex -13.585 0 0
    endloop
  endfacet
  facet normal -0.219109 0.9757 0
    outer loop
      vertex 3.30089 -13.1779 0
      vertex 2.6503 -13.324 224.275
      vertex 3.30089 -13.1779 224.275
    endloop
  endfacet
  facet normal -0.219109 0.9757 0
    outer loop
      vertex 2.6503 -13.324 224.275
      vertex 3.30089 -13.1779 0
      vertex 2.6503 -13.324 0
    endloop
  endfacet
  facet normal -0.949554 -0.313603 0
    outer loop
      vertex 13 3.94352 0
      vertex 12.7909 4.57665 224.275
      vertex 12.7909 4.57665 0
    endloop
  endfacet
  facet normal -0.949554 -0.313603 0
    outer loop
      vertex 12.7909 4.57665 224.275
      vertex 13 3.94352 0
      vertex 13 3.94352 224.275
    endloop
  endfacet
  facet normal 0.870063 0.492941 0
    outer loop
      vertex -11.6522 -6.98409 224.275
      vertex -11.9809 -6.40392 0
      vertex -11.9809 -6.40392 224.275
    endloop
  endfacet
  facet normal 0.870063 0.492941 0
    outer loop
      vertex -11.9809 -6.40392 0
      vertex -11.6522 -6.98409 224.275
      vertex -11.6522 -6.98409 0
    endloop
  endfacet
  facet normal -0.963753 0.266797 0
    outer loop
      vertex 13 -3.94352 0
      vertex 13.1779 -3.30089 224.275
      vertex 13.1779 -3.30089 0
    endloop
  endfacet
  facet normal -0.963753 0.266797 0
    outer loop
      vertex 13.1779 -3.30089 224.275
      vertex 13 -3.94352 0
      vertex 13 -3.94352 224.275
    endloop
  endfacet
  facet normal 0.757231 -0.653147 0
    outer loop
      vertex -10.5013 8.61823 224.275
      vertex -10.0658 9.12313 0
      vertex -10.0658 9.12313 224.275
    endloop
  endfacet
  facet normal 0.757231 -0.653147 0
    outer loop
      vertex -10.0658 9.12313 0
      vertex -10.5013 8.61823 224.275
      vertex -10.5013 8.61823 0
    endloop
  endfacet
  facet normal -0.492941 -0.870063 0
    outer loop
      vertex 6.40392 11.9809 0
      vertex 6.98409 11.6522 224.275
      vertex 6.40392 11.9809 224.275
    endloop
  endfacet
  facet normal -0.492941 -0.870063 -0
    outer loop
      vertex 6.98409 11.6522 224.275
      vertex 6.40392 11.9809 0
      vertex 6.98409 11.6522 0
    endloop
  endfacet
  facet normal -0.893218 0.449624 0
    outer loop
      vertex 11.9809 -6.40392 0
      vertex 12.2807 -5.80834 224.275
      vertex 12.2807 -5.80834 0
    endloop
  endfacet
  facet normal -0.893218 0.449624 0
    outer loop
      vertex 12.2807 -5.80834 224.275
      vertex 11.9809 -6.40392 0
      vertex 11.9809 -6.40392 224.275
    endloop
  endfacet
  facet normal 0.653147 -0.757231 0
    outer loop
      vertex -9.12313 10.0658 0
      vertex -8.61823 10.5013 224.275
      vertex -9.12313 10.0658 224.275
    endloop
  endfacet
  facet normal 0.653147 -0.757231 0
    outer loop
      vertex -8.61823 10.5013 224.275
      vertex -9.12313 10.0658 0
      vertex -8.61823 10.5013 0
    endloop
  endfacet
  facet normal -0.359934 -0.932978 0
    outer loop
      vertex 4.57665 12.7909 0
      vertex 5.19875 12.5509 224.275
      vertex 4.57665 12.7909 224.275
    endloop
  endfacet
  facet normal -0.359934 -0.932978 -0
    outer loop
      vertex 5.19875 12.5509 224.275
      vertex 4.57665 12.7909 0
      vertex 5.19875 12.5509 0
    endloop
  endfacet
  facet normal 0.985276 -0.170969 0
    outer loop
      vertex -13.438 1.99333 224.275
      vertex -13.324 2.6503 0
      vertex -13.324 2.6503 224.275
    endloop
  endfacet
  facet normal 0.985276 -0.170969 0
    outer loop
      vertex -13.324 2.6503 0
      vertex -13.438 1.99333 224.275
      vertex -13.438 1.99333 0
    endloop
  endfacet
  facet normal -0.893218 -0.449624 0
    outer loop
      vertex 12.2807 5.80834 0
      vertex 11.9809 6.40392 224.275
      vertex 11.9809 6.40392 0
    endloop
  endfacet
  facet normal -0.893218 -0.449624 0
    outer loop
      vertex 11.9809 6.40392 224.275
      vertex 12.2807 5.80834 0
      vertex 12.2807 5.80834 224.275
    endloop
  endfacet
  facet normal 0.359934 -0.932978 0
    outer loop
      vertex -5.19875 12.5509 0
      vertex -4.57665 12.7909 224.275
      vertex -5.19875 12.5509 224.275
    endloop
  endfacet
  facet normal 0.359934 -0.932978 0
    outer loop
      vertex -4.57665 12.7909 224.275
      vertex -5.19875 12.5509 0
      vertex -4.57665 12.7909 0
    endloop
  endfacet
  facet normal 0.985276 0.170969 0
    outer loop
      vertex -13.324 -2.6503 224.275
      vertex -13.438 -1.99333 0
      vertex -13.438 -1.99333 224.275
    endloop
  endfacet
  facet normal 0.985276 0.170969 0
    outer loop
      vertex -13.438 -1.99333 0
      vertex -13.324 -2.6503 224.275
      vertex -13.324 -2.6503 0
    endloop
  endfacet
  facet normal 0.949554 0.313603 0
    outer loop
      vertex -12.7909 -4.57665 224.275
      vertex -13 -3.94352 0
      vertex -13 -3.94352 224.275
    endloop
  endfacet
  facet normal 0.949554 0.313603 0
    outer loop
      vertex -13 -3.94352 0
      vertex -12.7909 -4.57665 224.275
      vertex -12.7909 -4.57665 0
    endloop
  endfacet
  facet normal 0.997296 -0.0734876 0
    outer loop
      vertex -13.5686 0.666584 224.275
      vertex -13.5196 1.33156 0
      vertex -13.5196 1.33156 224.275
    endloop
  endfacet
  facet normal 0.997296 -0.0734876 0
    outer loop
      vertex -13.5196 1.33156 0
      vertex -13.5686 0.666584 224.275
      vertex -13.5686 0.666584 0
    endloop
  endfacet
  facet normal -0.985276 0.170969 0
    outer loop
      vertex 13.324 -2.6503 0
      vertex 13.438 -1.99333 224.275
      vertex 13.438 -1.99333 0
    endloop
  endfacet
  facet normal -0.985276 0.170969 0
    outer loop
      vertex 13.438 -1.99333 224.275
      vertex 13.324 -2.6503 0
      vertex 13.324 -2.6503 224.275
    endloop
  endfacet
  facet normal 0.893218 0.449624 0
    outer loop
      vertex -11.9809 -6.40392 224.275
      vertex -12.2807 -5.80834 0
      vertex -12.2807 -5.80834 224.275
    endloop
  endfacet
  facet normal 0.893218 0.449624 0
    outer loop
      vertex -12.2807 -5.80834 0
      vertex -11.9809 -6.40392 224.275
      vertex -11.9809 -6.40392 0
    endloop
  endfacet
  facet normal -0.985276 -0.170969 0
    outer loop
      vertex 13.438 1.99333 0
      vertex 13.324 2.6503 224.275
      vertex 13.324 2.6503 0
    endloop
  endfacet
  facet normal -0.985276 -0.170969 0
    outer loop
      vertex 13.324 2.6503 224.275
      vertex 13.438 1.99333 0
      vertex 13.438 1.99333 224.275
    endloop
  endfacet
  facet normal -0.534971 -0.84487 0
    outer loop
      vertex 6.98409 11.6522 0
      vertex 7.54742 11.2955 224.275
      vertex 6.98409 11.6522 224.275
    endloop
  endfacet
  facet normal -0.534971 -0.84487 -0
    outer loop
      vertex 7.54742 11.2955 224.275
      vertex 6.98409 11.6522 0
      vertex 7.54742 11.2955 0
    endloop
  endfacet
  facet normal -0.963753 -0.266797 0
    outer loop
      vertex 13.1779 3.30089 0
      vertex 13 3.94352 224.275
      vertex 13 3.94352 0
    endloop
  endfacet
  facet normal -0.963753 -0.266797 0
    outer loop
      vertex 13 3.94352 224.275
      vertex 13.1779 3.30089 0
      vertex 13.1779 3.30089 224.275
    endloop
  endfacet
  facet normal 0.0734876 0.997296 -0
    outer loop
      vertex -0.666584 -13.5686 0
      vertex -1.33156 -13.5196 224.275
      vertex -0.666584 -13.5686 224.275
    endloop
  endfacet
  facet normal 0.0734876 0.997296 0
    outer loop
      vertex -1.33156 -13.5196 224.275
      vertex -0.666584 -13.5686 0
      vertex -1.33156 -13.5196 0
    endloop
  endfacet
  facet normal -0.992483 0.122379 0
    outer loop
      vertex 13.438 -1.99333 0
      vertex 13.5196 -1.33156 224.275
      vertex 13.5196 -1.33156 0
    endloop
  endfacet
  facet normal -0.992483 0.122379 0
    outer loop
      vertex 13.5196 -1.33156 224.275
      vertex 13.438 -1.99333 0
      vertex 13.438 -1.99333 224.275
    endloop
  endfacet
  facet normal -0.313603 -0.949554 0
    outer loop
      vertex 3.94352 13 0
      vertex 4.57665 12.7909 224.275
      vertex 3.94352 13 224.275
    endloop
  endfacet
  facet normal -0.313603 -0.949554 -0
    outer loop
      vertex 4.57665 12.7909 224.275
      vertex 3.94352 13 0
      vertex 4.57665 12.7909 0
    endloop
  endfacet
  facet normal -0.266797 -0.963753 0
    outer loop
      vertex 3.30089 13.1779 0
      vertex 3.94352 13 224.275
      vertex 3.30089 13.1779 224.275
    endloop
  endfacet
  facet normal -0.266797 -0.963753 -0
    outer loop
      vertex 3.94352 13 224.275
      vertex 3.30089 13.1779 0
      vertex 3.94352 13 0
    endloop
  endfacet
  facet normal 0.122379 -0.992483 0
    outer loop
      vertex -1.99333 13.438 0
      vertex -1.33156 13.5196 224.275
      vertex -1.99333 13.438 224.275
    endloop
  endfacet
  facet normal 0.122379 -0.992483 0
    outer loop
      vertex -1.33156 13.5196 224.275
      vertex -1.99333 13.438 0
      vertex -1.33156 13.5196 0
    endloop
  endfacet
  facet normal 0.84487 0.534971 0
    outer loop
      vertex -11.2955 -7.54742 224.275
      vertex -11.6522 -6.98409 0
      vertex -11.6522 -6.98409 224.275
    endloop
  endfacet
  facet normal 0.84487 0.534971 0
    outer loop
      vertex -11.6522 -6.98409 0
      vertex -11.2955 -7.54742 224.275
      vertex -11.2955 -7.54742 0
    endloop
  endfacet
  facet normal -0.0245956 0.999697 0
    outer loop
      vertex 0.666584 -13.5686 0
      vertex 0 -13.585 224.275
      vertex 0.666584 -13.5686 224.275
    endloop
  endfacet
  facet normal -0.0245956 0.999697 0
    outer loop
      vertex 0 -13.585 224.275
      vertex 0.666584 -13.5686 0
      vertex 0 -13.585 0
    endloop
  endfacet
  facet normal 0.170969 -0.985276 0
    outer loop
      vertex -2.6503 13.324 0
      vertex -1.99333 13.438 224.275
      vertex -2.6503 13.324 224.275
    endloop
  endfacet
  facet normal 0.170969 -0.985276 0
    outer loop
      vertex -1.99333 13.438 224.275
      vertex -2.6503 13.324 0
      vertex -1.99333 13.438 0
    endloop
  endfacet
  facet normal 0.405225 0.914217 -0
    outer loop
      vertex -5.19875 -12.5509 0
      vertex -5.80834 -12.2807 224.275
      vertex -5.19875 -12.5509 224.275
    endloop
  endfacet
  facet normal 0.405225 0.914217 0
    outer loop
      vertex -5.80834 -12.2807 224.275
      vertex -5.19875 -12.5509 0
      vertex -5.80834 -12.2807 0
    endloop
  endfacet
  facet normal 0.689534 -0.724253 0
    outer loop
      vertex -9.60604 9.60604 0
      vertex -9.12313 10.0658 224.275
      vertex -9.60604 9.60604 224.275
    endloop
  endfacet
  facet normal 0.689534 -0.724253 0
    outer loop
      vertex -9.12313 10.0658 224.275
      vertex -9.60604 9.60604 0
      vertex -9.12313 10.0658 0
    endloop
  endfacet
  facet normal 0.788295 0.615298 0
    outer loop
      vertex -10.5013 -8.61823 224.275
      vertex -10.9116 -8.09257 0
      vertex -10.9116 -8.09257 224.275
    endloop
  endfacet
  facet normal 0.788295 0.615298 0
    outer loop
      vertex -10.9116 -8.09257 0
      vertex -10.5013 -8.61823 224.275
      vertex -10.5013 -8.61823 0
    endloop
  endfacet
  facet normal 0.0734876 -0.997296 0
    outer loop
      vertex -1.33156 13.5196 0
      vertex -0.666584 13.5686 224.275
      vertex -1.33156 13.5196 224.275
    endloop
  endfacet
  facet normal 0.0734876 -0.997296 0
    outer loop
      vertex -0.666584 13.5686 224.275
      vertex -1.33156 13.5196 0
      vertex -0.666584 13.5686 0
    endloop
  endfacet
  facet normal 0.449624 0.893218 -0
    outer loop
      vertex -5.80834 -12.2807 0
      vertex -6.40392 -11.9809 224.275
      vertex -5.80834 -12.2807 224.275
    endloop
  endfacet
  facet normal 0.449624 0.893218 0
    outer loop
      vertex -6.40392 -11.9809 224.275
      vertex -5.80834 -12.2807 0
      vertex -6.40392 -11.9809 0
    endloop
  endfacet
  facet normal -0.724253 0.689534 0
    outer loop
      vertex 9.60604 -9.60604 0
      vertex 10.0658 -9.12313 224.275
      vertex 10.0658 -9.12313 0
    endloop
  endfacet
  facet normal -0.724253 0.689534 0
    outer loop
      vertex 10.0658 -9.12313 224.275
      vertex 9.60604 -9.60604 0
      vertex 9.60604 -9.60604 224.275
    endloop
  endfacet
  facet normal 0.992483 0.122379 0
    outer loop
      vertex -13.438 -1.99333 224.275
      vertex -13.5196 -1.33156 0
      vertex -13.5196 -1.33156 224.275
    endloop
  endfacet
  facet normal 0.992483 0.122379 0
    outer loop
      vertex -13.5196 -1.33156 0
      vertex -13.438 -1.99333 224.275
      vertex -13.438 -1.99333 0
    endloop
  endfacet
  facet normal -0.492941 0.870063 0
    outer loop
      vertex 6.98409 -11.6522 0
      vertex 6.40392 -11.9809 224.275
      vertex 6.98409 -11.6522 224.275
    endloop
  endfacet
  facet normal -0.492941 0.870063 0
    outer loop
      vertex 6.40392 -11.9809 224.275
      vertex 6.98409 -11.6522 0
      vertex 6.40392 -11.9809 0
    endloop
  endfacet
  facet normal 0.534971 -0.84487 0
    outer loop
      vertex -7.54742 11.2955 0
      vertex -6.98409 11.6522 224.275
      vertex -7.54742 11.2955 224.275
    endloop
  endfacet
  facet normal 0.534971 -0.84487 0
    outer loop
      vertex -6.98409 11.6522 224.275
      vertex -7.54742 11.2955 0
      vertex -6.98409 11.6522 0
    endloop
  endfacet
  facet normal -0.170969 0.985276 0
    outer loop
      vertex 2.6503 -13.324 0
      vertex 1.99333 -13.438 224.275
      vertex 2.6503 -13.324 224.275
    endloop
  endfacet
  facet normal -0.170969 0.985276 0
    outer loop
      vertex 1.99333 -13.438 224.275
      vertex 2.6503 -13.324 0
      vertex 1.99333 -13.438 0
    endloop
  endfacet
  facet normal 0.266797 0.963753 -0
    outer loop
      vertex -3.30089 -13.1779 0
      vertex -3.94352 -13 224.275
      vertex -3.30089 -13.1779 224.275
    endloop
  endfacet
  facet normal 0.266797 0.963753 0
    outer loop
      vertex -3.94352 -13 224.275
      vertex -3.30089 -13.1779 0
      vertex -3.94352 -13 0
    endloop
  endfacet
  facet normal 0.724253 0.689534 0
    outer loop
      vertex -9.60604 -9.60604 224.275
      vertex -10.0658 -9.12313 0
      vertex -10.0658 -9.12313 224.275
    endloop
  endfacet
  facet normal 0.724253 0.689534 0
    outer loop
      vertex -10.0658 -9.12313 0
      vertex -9.60604 -9.60604 224.275
      vertex -9.60604 -9.60604 0
    endloop
  endfacet
  facet normal 0.266797 -0.963753 0
    outer loop
      vertex -3.94352 13 0
      vertex -3.30089 13.1779 224.275
      vertex -3.94352 13 224.275
    endloop
  endfacet
  facet normal 0.266797 -0.963753 0
    outer loop
      vertex -3.30089 13.1779 224.275
      vertex -3.94352 13 0
      vertex -3.30089 13.1779 0
    endloop
  endfacet
  facet normal -0.359934 0.932978 0
    outer loop
      vertex 5.19875 -12.5509 0
      vertex 4.57665 -12.7909 224.275
      vertex 5.19875 -12.5509 224.275
    endloop
  endfacet
  facet normal -0.359934 0.932978 0
    outer loop
      vertex 4.57665 -12.7909 224.275
      vertex 5.19875 -12.5509 0
      vertex 4.57665 -12.7909 0
    endloop
  endfacet
  facet normal 0.788295 -0.615298 0
    outer loop
      vertex -10.9116 8.09257 224.275
      vertex -10.5013 8.61823 0
      vertex -10.5013 8.61823 224.275
    endloop
  endfacet
  facet normal 0.788295 -0.615298 0
    outer loop
      vertex -10.5013 8.61823 0
      vertex -10.9116 8.09257 224.275
      vertex -10.9116 8.09257 0
    endloop
  endfacet
  facet normal 0.9757 0.219109 0
    outer loop
      vertex -13.1779 -3.30089 224.275
      vertex -13.324 -2.6503 0
      vertex -13.324 -2.6503 224.275
    endloop
  endfacet
  facet normal 0.9757 0.219109 0
    outer loop
      vertex -13.324 -2.6503 0
      vertex -13.1779 -3.30089 224.275
      vertex -13.1779 -3.30089 0
    endloop
  endfacet
  facet normal 0.84487 -0.534971 0
    outer loop
      vertex -11.6522 6.98409 224.275
      vertex -11.2955 7.54742 0
      vertex -11.2955 7.54742 224.275
    endloop
  endfacet
  facet normal 0.84487 -0.534971 0
    outer loop
      vertex -11.2955 7.54742 0
      vertex -11.6522 6.98409 224.275
      vertex -11.6522 6.98409 0
    endloop
  endfacet
  facet normal 0.997296 0.0734876 0
    outer loop
      vertex -13.5196 -1.33156 224.275
      vertex -13.5686 -0.666584 0
      vertex -13.5686 -0.666584 224.275
    endloop
  endfacet
  facet normal 0.997296 0.0734876 0
    outer loop
      vertex -13.5686 -0.666584 0
      vertex -13.5196 -1.33156 224.275
      vertex -13.5196 -1.33156 0
    endloop
  endfacet
  facet normal -0.170969 -0.985276 0
    outer loop
      vertex 1.99333 13.438 0
      vertex 2.6503 13.324 224.275
      vertex 1.99333 13.438 224.275
    endloop
  endfacet
  facet normal -0.170969 -0.985276 -0
    outer loop
      vertex 2.6503 13.324 224.275
      vertex 1.99333 13.438 0
      vertex 2.6503 13.324 0
    endloop
  endfacet
  facet normal 0.949554 -0.313603 0
    outer loop
      vertex -13 3.94352 224.275
      vertex -12.7909 4.57665 0
      vertex -12.7909 4.57665 224.275
    endloop
  endfacet
  facet normal 0.949554 -0.313603 0
    outer loop
      vertex -12.7909 4.57665 0
      vertex -13 3.94352 224.275
      vertex -13 3.94352 0
    endloop
  endfacet
  facet normal 0.932978 -0.359934 0
    outer loop
      vertex -12.7909 4.57665 224.275
      vertex -12.5509 5.19875 0
      vertex -12.5509 5.19875 224.275
    endloop
  endfacet
  facet normal 0.932978 -0.359934 0
    outer loop
      vertex -12.5509 5.19875 0
      vertex -12.7909 4.57665 224.275
      vertex -12.7909 4.57665 0
    endloop
  endfacet
  facet normal 0.313603 0.949554 -0
    outer loop
      vertex -3.94352 -13 0
      vertex -4.57665 -12.7909 224.275
      vertex -3.94352 -13 224.275
    endloop
  endfacet
  facet normal 0.313603 0.949554 0
    outer loop
      vertex -4.57665 -12.7909 224.275
      vertex -3.94352 -13 0
      vertex -4.57665 -12.7909 0
    endloop
  endfacet
  facet normal -0.653147 0.757231 0
    outer loop
      vertex 9.12313 -10.0658 0
      vertex 8.61823 -10.5013 224.275
      vertex 9.12313 -10.0658 224.275
    endloop
  endfacet
  facet normal -0.653147 0.757231 0
    outer loop
      vertex 8.61823 -10.5013 224.275
      vertex 9.12313 -10.0658 0
      vertex 8.61823 -10.5013 0
    endloop
  endfacet
  facet normal -0.84487 0.534971 0
    outer loop
      vertex 11.2955 -7.54742 0
      vertex 11.6522 -6.98409 224.275
      vertex 11.6522 -6.98409 0
    endloop
  endfacet
  facet normal -0.84487 0.534971 0
    outer loop
      vertex 11.6522 -6.98409 224.275
      vertex 11.2955 -7.54742 0
      vertex 11.2955 -7.54742 224.275
    endloop
  endfacet
  facet normal 0.313603 -0.949554 0
    outer loop
      vertex -4.57665 12.7909 0
      vertex -3.94352 13 224.275
      vertex -4.57665 12.7909 224.275
    endloop
  endfacet
  facet normal 0.313603 -0.949554 0
    outer loop
      vertex -3.94352 13 224.275
      vertex -4.57665 12.7909 0
      vertex -3.94352 13 0
    endloop
  endfacet
  facet normal 0.963753 0.266797 0
    outer loop
      vertex -13 -3.94352 224.275
      vertex -13.1779 -3.30089 0
      vertex -13.1779 -3.30089 224.275
    endloop
  endfacet
  facet normal 0.963753 0.266797 0
    outer loop
      vertex -13.1779 -3.30089 0
      vertex -13 -3.94352 224.275
      vertex -13 -3.94352 0
    endloop
  endfacet
  facet normal 0.932978 0.359934 0
    outer loop
      vertex -12.5509 -5.19875 224.275
      vertex -12.7909 -4.57665 0
      vertex -12.7909 -4.57665 224.275
    endloop
  endfacet
  facet normal 0.932978 0.359934 0
    outer loop
      vertex -12.7909 -4.57665 0
      vertex -12.5509 -5.19875 224.275
      vertex -12.5509 -5.19875 0
    endloop
  endfacet
  facet normal 0.449624 -0.893218 0
    outer loop
      vertex -6.40392 11.9809 0
      vertex -5.80834 12.2807 224.275
      vertex -6.40392 11.9809 224.275
    endloop
  endfacet
  facet normal 0.449624 -0.893218 0
    outer loop
      vertex -5.80834 12.2807 224.275
      vertex -6.40392 11.9809 0
      vertex -5.80834 12.2807 0
    endloop
  endfacet
  facet normal -0.757231 -0.653147 0
    outer loop
      vertex 10.5013 8.61823 0
      vertex 10.0658 9.12313 224.275
      vertex 10.0658 9.12313 0
    endloop
  endfacet
  facet normal -0.757231 -0.653147 0
    outer loop
      vertex 10.0658 9.12313 224.275
      vertex 10.5013 8.61823 0
      vertex 10.5013 8.61823 224.275
    endloop
  endfacet
  facet normal 0.219109 0.9757 -0
    outer loop
      vertex -2.6503 -13.324 0
      vertex -3.30089 -13.1779 224.275
      vertex -2.6503 -13.324 224.275
    endloop
  endfacet
  facet normal 0.219109 0.9757 0
    outer loop
      vertex -3.30089 -13.1779 224.275
      vertex -2.6503 -13.324 0
      vertex -3.30089 -13.1779 0
    endloop
  endfacet
  facet normal -0.266797 0.963753 0
    outer loop
      vertex 3.94352 -13 0
      vertex 3.30089 -13.1779 224.275
      vertex 3.94352 -13 224.275
    endloop
  endfacet
  facet normal -0.266797 0.963753 0
    outer loop
      vertex 3.30089 -13.1779 224.275
      vertex 3.94352 -13 0
      vertex 3.30089 -13.1779 0
    endloop
  endfacet
  facet normal 0.914217 -0.405225 0
    outer loop
      vertex -12.5509 5.19875 224.275
      vertex -12.2807 5.80834 0
      vertex -12.2807 5.80834 224.275
    endloop
  endfacet
  facet normal 0.914217 -0.405225 0
    outer loop
      vertex -12.2807 5.80834 0
      vertex -12.5509 5.19875 224.275
      vertex -12.5509 5.19875 0
    endloop
  endfacet
  facet normal 0.534971 0.84487 -0
    outer loop
      vertex -6.98409 -11.6522 0
      vertex -7.54742 -11.2955 224.275
      vertex -6.98409 -11.6522 224.275
    endloop
  endfacet
  facet normal 0.534971 0.84487 0
    outer loop
      vertex -7.54742 -11.2955 224.275
      vertex -6.98409 -11.6522 0
      vertex -7.54742 -11.2955 0
    endloop
  endfacet
  facet normal 0.615298 0.788295 -0
    outer loop
      vertex -8.09257 -10.9116 0
      vertex -8.61823 -10.5013 224.275
      vertex -8.09257 -10.9116 224.275
    endloop
  endfacet
  facet normal 0.615298 0.788295 0
    outer loop
      vertex -8.61823 -10.5013 224.275
      vertex -8.09257 -10.9116 0
      vertex -8.61823 -10.5013 0
    endloop
  endfacet
  facet normal 0.359934 0.932978 -0
    outer loop
      vertex -4.57665 -12.7909 0
      vertex -5.19875 -12.5509 224.275
      vertex -4.57665 -12.7909 224.275
    endloop
  endfacet
  facet normal 0.359934 0.932978 0
    outer loop
      vertex -5.19875 -12.5509 224.275
      vertex -4.57665 -12.7909 0
      vertex -5.19875 -12.5509 0
    endloop
  endfacet
  facet normal 0.492941 0.870063 -0
    outer loop
      vertex -6.40392 -11.9809 0
      vertex -6.98409 -11.6522 224.275
      vertex -6.40392 -11.9809 224.275
    endloop
  endfacet
  facet normal 0.492941 0.870063 0
    outer loop
      vertex -6.98409 -11.6522 224.275
      vertex -6.40392 -11.9809 0
      vertex -6.98409 -11.6522 0
    endloop
  endfacet
  facet normal -0.219109 -0.9757 0
    outer loop
      vertex 2.6503 13.324 0
      vertex 3.30089 13.1779 224.275
      vertex 2.6503 13.324 224.275
    endloop
  endfacet
  facet normal -0.219109 -0.9757 -0
    outer loop
      vertex 3.30089 13.1779 224.275
      vertex 2.6503 13.324 0
      vertex 3.30089 13.1779 0
    endloop
  endfacet
  facet normal 0.870063 -0.492941 0
    outer loop
      vertex -11.9809 6.40392 224.275
      vertex -11.6522 6.98409 0
      vertex -11.6522 6.98409 224.275
    endloop
  endfacet
  facet normal 0.870063 -0.492941 0
    outer loop
      vertex -11.6522 6.98409 0
      vertex -11.9809 6.40392 224.275
      vertex -11.9809 6.40392 0
    endloop
  endfacet
  facet normal -0.707 -0.0173944 -0.707
    outer loop
      vertex 13.5686 0.666584 224.275
      vertex 13.585 0 224.275
      vertex 0 0 237.86
    endloop
  endfacet
  facet normal 0.631696 -0.31798 -0.707
    outer loop
      vertex -11.9809 6.40392 224.275
      vertex 0 0 237.86
      vertex -12.2807 5.80834 224.275
    endloop
  endfacet
  facet normal 0.461915 -0.535524 -0.707
    outer loop
      vertex -8.61823 10.5013 224.275
      vertex 0 0 237.86
      vertex -9.12313 10.0658 224.275
    endloop
  endfacet
  facet normal -0.348615 0.61532 -0.707
    outer loop
      vertex 6.98409 -11.6522 224.275
      vertex 6.40392 -11.9809 224.275
      vertex 0 0 237.86
    endloop
  endfacet
  facet normal 0.646546 -0.286581 -0.707
    outer loop
      vertex -12.2807 5.80834 224.275
      vertex 0 0 237.86
      vertex -12.5509 5.19875 224.275
    endloop
  endfacet
  facet normal -0.557493 -0.435147 -0.707
    outer loop
      vertex 10.5013 8.61823 224.275
      vertex 10.9116 8.09257 224.275
      vertex 0 0 237.86
    endloop
  endfacet
  facet normal 0.31798 -0.631696 -0.707
    outer loop
      vertex -5.80834 12.2807 224.275
      vertex 0 0 237.86
      vertex -6.40392 11.9809 224.275
    endloop
  endfacet
  facet normal 0.25455 -0.659814 -0.707001
    outer loop
      vertex -4.57665 12.7909 224.275
      vertex 0 0 237.86
      vertex -5.19875 12.5509 224.275
    endloop
  endfacet
  facet normal -0.597504 0.378339 -0.707
    outer loop
      vertex 11.6522 -6.98409 224.275
      vertex 11.2955 -7.54742 224.275
      vertex 0 0 237.86
    endloop
  endfacet
  facet normal -0.378339 -0.597504 -0.707
    outer loop
      vertex 6.98409 11.6522 224.275
      vertex 7.54742 11.2955 224.275
      vertex 0 0 237.86
    endloop
  endfacet
  facet normal -0.0865479 -0.701897 -0.707001
    outer loop
      vertex 1.33156 13.5196 224.275
      vertex 1.99333 13.438 224.275
      vertex 0 0 237.86
    endloop
  endfacet
  facet normal -0.407192 -0.578226 -0.707
    outer loop
      vertex 7.54742 11.2955 224.275
      vertex 8.09257 10.9116 224.275
      vertex 0 0 237.86
    endloop
  endfacet
  facet normal -0.578226 -0.407192 -0.707
    outer loop
      vertex 10.9116 8.09257 224.275
      vertex 11.2955 7.54742 224.275
      vertex 0 0 237.86
    endloop
  endfacet
  facet normal 0.31798 0.631696 -0.707
    outer loop
      vertex 0 0 237.86
      vertex -5.80834 -12.2807 224.275
      vertex -6.40392 -11.9809 224.275
    endloop
  endfacet
  facet normal -0.512202 0.487648 -0.707
    outer loop
      vertex 10.0658 -9.12313 224.275
      vertex 9.60604 -9.60604 224.275
      vertex 0 0 237.86
    endloop
  endfacet
  facet normal -0.0865479 0.701897 -0.707001
    outer loop
      vertex 1.99333 -13.438 224.275
      vertex 1.33156 -13.5196 224.275
      vertex 0 0 237.86
    endloop
  endfacet
  facet normal 0.659814 -0.25455 -0.707001
    outer loop
      vertex -12.5509 5.19875 224.275
      vertex 0 0 237.86
      vertex -12.7909 4.57665 224.275
    endloop
  endfacet
  facet normal 0.0519714 -0.705301 -0.707
    outer loop
      vertex -0.666584 13.5686 224.275
      vertex 0 0 237.86
      vertex -1.33156 13.5196 224.275
    endloop
  endfacet
  facet normal 0.705301 -0.0519714 -0.707
    outer loop
      vertex -13.5196 1.33156 224.275
      vertex 0 0 237.86
      vertex -13.5686 0.666584 224.275
    endloop
  endfacet
  facet normal 0.512202 -0.487648 -0.707
    outer loop
      vertex -9.60604 9.60604 224.275
      vertex 0 0 237.86
      vertex -10.0658 9.12313 224.275
    endloop
  endfacet
  facet normal 0.6968 -0.120911 -0.707001
    outer loop
      vertex -13.324 2.6503 224.275
      vertex 0 0 237.86
      vertex -13.438 1.99333 224.275
    endloop
  endfacet
  facet normal 0.0173944 -0.707 -0.707
    outer loop
      vertex 0 13.585 224.275
      vertex 0 0 237.86
      vertex -0.666584 13.5686 224.275
    endloop
  endfacet
  facet normal 0.681579 -0.188682 -0.707
    outer loop
      vertex -13 3.94352 224.275
      vertex 0 0 237.86
      vertex -13.1779 3.30089 224.275
    endloop
  endfacet
  facet normal 0.701897 -0.0865479 -0.707001
    outer loop
      vertex -13.438 1.99333 224.275
      vertex 0 0 237.86
      vertex -13.5196 1.33156 224.275
    endloop
  endfacet
  facet normal 0.407192 -0.578226 -0.707
    outer loop
      vertex -7.54742 11.2955 224.275
      vertex 0 0 237.86
      vertex -8.09257 10.9116 224.275
    endloop
  endfacet
  facet normal -0.348615 -0.61532 -0.707
    outer loop
      vertex 6.40392 11.9809 224.275
      vertex 6.98409 11.6522 224.275
      vertex 0 0 237.86
    endloop
  endfacet
  facet normal 0.154956 -0.690028 -0.707001
    outer loop
      vertex -2.6503 13.324 224.275
      vertex 0 0 237.86
      vertex -3.30089 13.1779 224.275
    endloop
  endfacet
  facet normal 0.646546 0.286581 -0.707
    outer loop
      vertex 0 0 237.86
      vertex -12.2807 -5.80834 224.275
      vertex -12.5509 -5.19875 224.275
    endloop
  endfacet
  facet normal -0.435147 0.557493 -0.707
    outer loop
      vertex 8.61823 -10.5013 224.275
      vertex 8.09257 -10.9116 224.275
      vertex 0 0 237.86
    endloop
  endfacet
  facet normal 0.61532 -0.348615 -0.707
    outer loop
      vertex -11.6522 6.98409 224.275
      vertex 0 0 237.86
      vertex -11.9809 6.40392 224.275
    endloop
  endfacet
  facet normal 0.535524 -0.461915 -0.707
    outer loop
      vertex -10.0658 9.12313 224.275
      vertex 0 0 237.86
      vertex -10.5013 8.61823 224.275
    endloop
  endfacet
  facet normal 0.6968 0.120911 -0.707001
    outer loop
      vertex 0 0 237.86
      vertex -13.324 -2.6503 224.275
      vertex -13.438 -1.99333 224.275
    endloop
  endfacet
  facet normal -0.671537 -0.221785 -0.707
    outer loop
      vertex 12.7909 4.57665 224.275
      vertex 13 3.94352 224.275
      vertex 0 0 237.86
    endloop
  endfacet
  facet normal -0.61532 0.348615 -0.707
    outer loop
      vertex 11.9809 -6.40392 224.275
      vertex 11.6522 -6.98409 224.275
      vertex 0 0 237.86
    endloop
  endfacet
  facet normal 0.597504 0.378339 -0.707
    outer loop
      vertex 0 0 237.86
      vertex -11.2955 -7.54742 224.275
      vertex -11.6522 -6.98409 224.275
    endloop
  endfacet
  facet normal 0.0519714 0.705301 -0.707
    outer loop
      vertex 0 0 237.86
      vertex -0.666584 -13.5686 224.275
      vertex -1.33156 -13.5196 224.275
    endloop
  endfacet
  facet normal -0.535524 0.461915 -0.707
    outer loop
      vertex 10.5013 -8.61823 224.275
      vertex 10.0658 -9.12313 224.275
      vertex 0 0 237.86
    endloop
  endfacet
  facet normal 0.707 -0.0173944 -0.707
    outer loop
      vertex -13.5686 0.666584 224.275
      vertex 0 0 237.86
      vertex -13.585 0 224.275
    endloop
  endfacet
  facet normal 0.435147 0.557493 -0.707
    outer loop
      vertex 0 0 237.86
      vertex -8.09257 -10.9116 224.275
      vertex -8.61823 -10.5013 224.275
    endloop
  endfacet
  facet normal 0.578226 -0.407192 -0.707
    outer loop
      vertex -10.9116 8.09257 224.275
      vertex 0 0 237.86
      vertex -11.2955 7.54742 224.275
    endloop
  endfacet
  facet normal 0.557493 -0.435147 -0.707
    outer loop
      vertex -10.5013 8.61823 224.275
      vertex 0 0 237.86
      vertex -10.9116 8.09257 224.275
    endloop
  endfacet
  facet normal 0.286581 -0.646546 -0.707
    outer loop
      vertex -5.19875 12.5509 224.275
      vertex 0 0 237.86
      vertex -5.80834 12.2807 224.275
    endloop
  endfacet
  facet normal -0.0519714 0.705301 -0.707
    outer loop
      vertex 1.33156 -13.5196 224.275
      vertex 0.666584 -13.5686 224.275
      vertex 0 0 237.86
    endloop
  endfacet
  facet normal -0.512202 -0.487648 -0.707
    outer loop
      vertex 9.60604 9.60604 224.275
      vertex 10.0658 9.12313 224.275
      vertex 0 0 237.86
    endloop
  endfacet
  facet normal 0.690028 0.154956 -0.707001
    outer loop
      vertex 0 0 237.86
      vertex -13.1779 -3.30089 224.275
      vertex -13.324 -2.6503 224.275
    endloop
  endfacet
  facet normal 0.535524 0.461915 -0.707
    outer loop
      vertex 0 0 237.86
      vertex -10.0658 -9.12313 224.275
      vertex -10.5013 -8.61823 224.275
    endloop
  endfacet
  facet normal 0.487648 -0.512202 -0.707
    outer loop
      vertex -9.12313 10.0658 224.275
      vertex 0 0 237.86
      vertex -9.60604 9.60604 224.275
    endloop
  endfacet
  facet normal 0.597504 -0.378339 -0.707
    outer loop
      vertex -11.2955 7.54742 224.275
      vertex 0 0 237.86
      vertex -11.6522 6.98409 224.275
    endloop
  endfacet
  facet normal -0.578226 0.407192 -0.707
    outer loop
      vertex 11.2955 -7.54742 224.275
      vertex 10.9116 -8.09257 224.275
      vertex 0 0 237.86
    endloop
  endfacet
  facet normal 0.378339 -0.597504 -0.707
    outer loop
      vertex -6.98409 11.6522 224.275
      vertex 0 0 237.86
      vertex -7.54742 11.2955 224.275
    endloop
  endfacet
  facet normal 0.671537 -0.221785 -0.707
    outer loop
      vertex -12.7909 4.57665 224.275
      vertex 0 0 237.86
      vertex -13 3.94352 224.275
    endloop
  endfacet
  facet normal 0.25455 0.659814 -0.707001
    outer loop
      vertex 0 0 237.86
      vertex -4.57665 -12.7909 224.275
      vertex -5.19875 -12.5509 224.275
    endloop
  endfacet
  facet normal -0.435147 -0.557493 -0.707
    outer loop
      vertex 8.09257 10.9116 224.275
      vertex 8.61823 10.5013 224.275
      vertex 0 0 237.86
    endloop
  endfacet
  facet normal -0.461915 -0.535524 -0.707
    outer loop
      vertex 8.61823 10.5013 224.275
      vertex 9.12313 10.0658 224.275
      vertex 0 0 237.86
    endloop
  endfacet
  facet normal -0.61532 -0.348615 -0.707
    outer loop
      vertex 11.6522 6.98409 224.275
      vertex 11.9809 6.40392 224.275
      vertex 0 0 237.86
    endloop
  endfacet
  facet normal 0.690028 -0.154956 -0.707001
    outer loop
      vertex -13.1779 3.30089 224.275
      vertex 0 0 237.86
      vertex -13.324 2.6503 224.275
    endloop
  endfacet
  facet normal -0.6968 0.120911 -0.707001
    outer loop
      vertex 13.438 -1.99333 224.275
      vertex 13.324 -2.6503 224.275
      vertex 0 0 237.86
    endloop
  endfacet
  facet normal -0.705301 0.0519714 -0.707
    outer loop
      vertex 13.5686 -0.666584 224.275
      vertex 13.5196 -1.33156 224.275
      vertex 0 0 237.86
    endloop
  endfacet
  facet normal 0.61532 0.348615 -0.707
    outer loop
      vertex 0 0 237.86
      vertex -11.6522 -6.98409 224.275
      vertex -11.9809 -6.40392 224.275
    endloop
  endfacet
  facet normal -0.188682 -0.681579 -0.707
    outer loop
      vertex 3.30089 13.1779 224.275
      vertex 3.94352 13 224.275
      vertex 0 0 237.86
    endloop
  endfacet
  facet normal -0.221785 -0.671537 -0.707
    outer loop
      vertex 3.94352 13 224.275
      vertex 4.57665 12.7909 224.275
      vertex 0 0 237.86
    endloop
  endfacet
  facet normal 0.221785 -0.671537 -0.707
    outer loop
      vertex -3.94352 13 224.275
      vertex 0 0 237.86
      vertex -4.57665 12.7909 224.275
    endloop
  endfacet
  facet normal -0.681579 -0.188682 -0.707
    outer loop
      vertex 13 3.94352 224.275
      vertex 13.1779 3.30089 224.275
      vertex 0 0 237.86
    endloop
  endfacet
  facet normal 0.348615 -0.61532 -0.707
    outer loop
      vertex -6.40392 11.9809 224.275
      vertex 0 0 237.86
      vertex -6.98409 11.6522 224.275
    endloop
  endfacet
  facet normal 0.659814 0.25455 -0.707001
    outer loop
      vertex 0 0 237.86
      vertex -12.5509 -5.19875 224.275
      vertex -12.7909 -4.57665 224.275
    endloop
  endfacet
  facet normal -0.535524 -0.461915 -0.707
    outer loop
      vertex 10.0658 9.12313 224.275
      vertex 10.5013 8.61823 224.275
      vertex 0 0 237.86
    endloop
  endfacet
  facet normal 0.0865479 0.701897 -0.707001
    outer loop
      vertex 0 0 237.86
      vertex -1.33156 -13.5196 224.275
      vertex -1.99333 -13.438 224.275
    endloop
  endfacet
  facet normal 0.120911 0.6968 -0.707001
    outer loop
      vertex 0 0 237.86
      vertex -1.99333 -13.438 224.275
      vertex -2.6503 -13.324 224.275
    endloop
  endfacet
  facet normal -0.0173944 0.707 -0.707
    outer loop
      vertex 0 0 237.86
      vertex 0.666584 -13.5686 224.275
      vertex 0 -13.585 224.275
    endloop
  endfacet
  facet normal -0.646546 -0.286581 -0.707
    outer loop
      vertex 12.2807 5.80834 224.275
      vertex 12.5509 5.19875 224.275
      vertex 0 0 237.86
    endloop
  endfacet
  facet normal -0.659814 -0.25455 -0.707001
    outer loop
      vertex 12.5509 5.19875 224.275
      vertex 12.7909 4.57665 224.275
      vertex 0 0 237.86
    endloop
  endfacet
  facet normal 0.435147 -0.557493 -0.707
    outer loop
      vertex -8.09257 10.9116 224.275
      vertex 0 0 237.86
      vertex -8.61823 10.5013 224.275
    endloop
  endfacet
  facet normal 0.0865479 -0.701897 -0.707001
    outer loop
      vertex -1.33156 13.5196 224.275
      vertex 0 0 237.86
      vertex -1.99333 13.438 224.275
    endloop
  endfacet
  facet normal -0.690028 -0.154956 -0.707001
    outer loop
      vertex 13.1779 3.30089 224.275
      vertex 13.324 2.6503 224.275
      vertex 0 0 237.86
    endloop
  endfacet
  facet normal -0.31798 0.631696 -0.707
    outer loop
      vertex 6.40392 -11.9809 224.275
      vertex 5.80834 -12.2807 224.275
      vertex 0 0 237.86
    endloop
  endfacet
  facet normal -0.31798 -0.631696 -0.707
    outer loop
      vertex 5.80834 12.2807 224.275
      vertex 6.40392 11.9809 224.275
      vertex 0 0 237.86
    endloop
  endfacet
  facet normal -0.631696 -0.31798 -0.707
    outer loop
      vertex 11.9809 6.40392 224.275
      vertex 12.2807 5.80834 224.275
      vertex 0 0 237.86
    endloop
  endfacet
  facet normal -0.0519714 -0.705301 -0.707
    outer loop
      vertex 0.666584 13.5686 224.275
      vertex 1.33156 13.5196 224.275
      vertex 0 0 237.86
    endloop
  endfacet
  facet normal 0.120911 -0.6968 -0.707001
    outer loop
      vertex -1.99333 13.438 224.275
      vertex 0 0 237.86
      vertex -2.6503 13.324 224.275
    endloop
  endfacet
  facet normal -0.0173944 -0.707 -0.707
    outer loop
      vertex 0 13.585 224.275
      vertex 0.666584 13.5686 224.275
      vertex 0 0 237.86
    endloop
  endfacet
  facet normal 0.188682 -0.681579 -0.707
    outer loop
      vertex -3.30089 13.1779 224.275
      vertex 0 0 237.86
      vertex -3.94352 13 224.275
    endloop
  endfacet
  facet normal -0.557493 0.435147 -0.707
    outer loop
      vertex 10.9116 -8.09257 224.275
      vertex 10.5013 -8.61823 224.275
      vertex 0 0 237.86
    endloop
  endfacet
  facet normal -0.487648 -0.512202 -0.707
    outer loop
      vertex 9.12313 10.0658 224.275
      vertex 9.60604 9.60604 224.275
      vertex 0 0 237.86
    endloop
  endfacet
  facet normal -0.120911 -0.6968 -0.707001
    outer loop
      vertex 1.99333 13.438 224.275
      vertex 2.6503 13.324 224.275
      vertex 0 0 237.86
    endloop
  endfacet
  facet normal -0.154956 -0.690028 -0.707001
    outer loop
      vertex 2.6503 13.324 224.275
      vertex 3.30089 13.1779 224.275
      vertex 0 0 237.86
    endloop
  endfacet
  facet normal 0.348615 0.61532 -0.707
    outer loop
      vertex 0 0 237.86
      vertex -6.40392 -11.9809 224.275
      vertex -6.98409 -11.6522 224.275
    endloop
  endfacet
  facet normal -0.25455 -0.659814 -0.707001
    outer loop
      vertex 4.57665 12.7909 224.275
      vertex 5.19875 12.5509 224.275
      vertex 0 0 237.86
    endloop
  endfacet
  facet normal -0.597504 -0.378339 -0.707
    outer loop
      vertex 11.2955 7.54742 224.275
      vertex 11.6522 6.98409 224.275
      vertex 0 0 237.86
    endloop
  endfacet
  facet normal 0.512202 0.487648 -0.707
    outer loop
      vertex 0 0 237.86
      vertex -9.60604 -9.60604 224.275
      vertex -10.0658 -9.12313 224.275
    endloop
  endfacet
  facet normal -0.286581 -0.646546 -0.707
    outer loop
      vertex 5.19875 12.5509 224.275
      vertex 5.80834 12.2807 224.275
      vertex 0 0 237.86
    endloop
  endfacet
  facet normal -0.646546 0.286581 -0.707
    outer loop
      vertex 12.5509 -5.19875 224.275
      vertex 12.2807 -5.80834 224.275
      vertex 0 0 237.86
    endloop
  endfacet
  facet normal -0.631696 0.31798 -0.707
    outer loop
      vertex 12.2807 -5.80834 224.275
      vertex 11.9809 -6.40392 224.275
      vertex 0 0 237.86
    endloop
  endfacet
  facet normal -0.690028 0.154956 -0.707001
    outer loop
      vertex 13.324 -2.6503 224.275
      vertex 13.1779 -3.30089 224.275
      vertex 0 0 237.86
    endloop
  endfacet
  facet normal -0.681579 0.188682 -0.707
    outer loop
      vertex 13.1779 -3.30089 224.275
      vertex 13 -3.94352 224.275
      vertex 0 0 237.86
    endloop
  endfacet
  facet normal -0.487648 0.512202 -0.707
    outer loop
      vertex 9.60604 -9.60604 224.275
      vertex 9.12313 -10.0658 224.275
      vertex 0 0 237.86
    endloop
  endfacet
  facet normal -0.461915 0.535524 -0.707
    outer loop
      vertex 9.12313 -10.0658 224.275
      vertex 8.61823 -10.5013 224.275
      vertex 0 0 237.86
    endloop
  endfacet
  facet normal -0.25455 0.659814 -0.707001
    outer loop
      vertex 5.19875 -12.5509 224.275
      vertex 4.57665 -12.7909 224.275
      vertex 0 0 237.86
    endloop
  endfacet
  facet normal -0.221785 0.671537 -0.707
    outer loop
      vertex 4.57665 -12.7909 224.275
      vertex 3.94352 -13 224.275
      vertex 0 0 237.86
    endloop
  endfacet
  facet normal 0.378339 0.597504 -0.707
    outer loop
      vertex 0 0 237.86
      vertex -6.98409 -11.6522 224.275
      vertex -7.54742 -11.2955 224.275
    endloop
  endfacet
  facet normal 0.671537 0.221785 -0.707
    outer loop
      vertex 0 0 237.86
      vertex -12.7909 -4.57665 224.275
      vertex -13 -3.94352 224.275
    endloop
  endfacet
  facet normal -0.286581 0.646546 -0.707
    outer loop
      vertex 5.80834 -12.2807 224.275
      vertex 5.19875 -12.5509 224.275
      vertex 0 0 237.86
    endloop
  endfacet
  facet normal 0.461915 0.535524 -0.707
    outer loop
      vertex 0 0 237.86
      vertex -8.61823 -10.5013 224.275
      vertex -9.12313 -10.0658 224.275
    endloop
  endfacet
  facet normal 0.487648 0.512202 -0.707
    outer loop
      vertex 0 0 237.86
      vertex -9.12313 -10.0658 224.275
      vertex -9.60604 -9.60604 224.275
    endloop
  endfacet
  facet normal 0.286581 0.646546 -0.707
    outer loop
      vertex 0 0 237.86
      vertex -5.19875 -12.5509 224.275
      vertex -5.80834 -12.2807 224.275
    endloop
  endfacet
  facet normal -0.671537 0.221785 -0.707
    outer loop
      vertex 13 -3.94352 224.275
      vertex 12.7909 -4.57665 224.275
      vertex 0 0 237.86
    endloop
  endfacet
  facet normal -0.659814 0.25455 -0.707001
    outer loop
      vertex 12.7909 -4.57665 224.275
      vertex 12.5509 -5.19875 224.275
      vertex 0 0 237.86
    endloop
  endfacet
  facet normal 0.681579 0.188682 -0.707
    outer loop
      vertex 0 0 237.86
      vertex -13 -3.94352 224.275
      vertex -13.1779 -3.30089 224.275
    endloop
  endfacet
  facet normal -0.701897 0.0865479 -0.707001
    outer loop
      vertex 13.5196 -1.33156 224.275
      vertex 13.438 -1.99333 224.275
      vertex 0 0 237.86
    endloop
  endfacet
  facet normal -0.6968 -0.120911 -0.707001
    outer loop
      vertex 13.324 2.6503 224.275
      vertex 13.438 1.99333 224.275
      vertex 0 0 237.86
    endloop
  endfacet
  facet normal -0.707 0.0173944 -0.707
    outer loop
      vertex 13.585 0 224.275
      vertex 13.5686 -0.666584 224.275
      vertex 0 0 237.86
    endloop
  endfacet
  facet normal -0.701897 -0.0865479 -0.707001
    outer loop
      vertex 13.438 1.99333 224.275
      vertex 13.5196 1.33156 224.275
      vertex 0 0 237.86
    endloop
  endfacet
  facet normal -0.705301 -0.0519714 -0.707
    outer loop
      vertex 13.5196 1.33156 224.275
      vertex 13.5686 0.666584 224.275
      vertex 0 0 237.86
    endloop
  endfacet
  facet normal -0.188682 0.681579 -0.707
    outer loop
      vertex 3.94352 -13 224.275
      vertex 3.30089 -13.1779 224.275
      vertex 0 0 237.86
    endloop
  endfacet
  facet normal -0.154956 0.690028 -0.707001
    outer loop
      vertex 3.30089 -13.1779 224.275
      vertex 2.6503 -13.324 224.275
      vertex 0 0 237.86
    endloop
  endfacet
  facet normal -0.407192 0.578226 -0.707
    outer loop
      vertex 8.09257 -10.9116 224.275
      vertex 7.54742 -11.2955 224.275
      vertex 0 0 237.86
    endloop
  endfacet
  facet normal 0.631696 0.31798 -0.707
    outer loop
      vertex 0 0 237.86
      vertex -11.9809 -6.40392 224.275
      vertex -12.2807 -5.80834 224.275
    endloop
  endfacet
  facet normal 0.557493 0.435147 -0.707
    outer loop
      vertex 0 0 237.86
      vertex -10.5013 -8.61823 224.275
      vertex -10.9116 -8.09257 224.275
    endloop
  endfacet
  facet normal -0.378339 0.597504 -0.707
    outer loop
      vertex 7.54742 -11.2955 224.275
      vertex 6.98409 -11.6522 224.275
      vertex 0 0 237.86
    endloop
  endfacet
  facet normal 0.154956 0.690028 -0.707001
    outer loop
      vertex 0 0 237.86
      vertex -2.6503 -13.324 224.275
      vertex -3.30089 -13.1779 224.275
    endloop
  endfacet
  facet normal 0.188682 0.681579 -0.707
    outer loop
      vertex 0 0 237.86
      vertex -3.30089 -13.1779 224.275
      vertex -3.94352 -13 224.275
    endloop
  endfacet
  facet normal 0.0173944 0.707 -0.707
    outer loop
      vertex 0 0 237.86
      vertex 0 -13.585 224.275
      vertex -0.666584 -13.5686 224.275
    endloop
  endfacet
  facet normal 0.578226 0.407192 -0.707
    outer loop
      vertex 0 0 237.86
      vertex -10.9116 -8.09257 224.275
      vertex -11.2955 -7.54742 224.275
    endloop
  endfacet
  facet normal -0.120911 0.6968 -0.707001
    outer loop
      vertex 2.6503 -13.324 224.275
      vertex 1.99333 -13.438 224.275
      vertex 0 0 237.86
    endloop
  endfacet
  facet normal 0.407192 0.578226 -0.707
    outer loop
      vertex 0 0 237.86
      vertex -7.54742 -11.2955 224.275
      vertex -8.09257 -10.9116 224.275
    endloop
  endfacet
  facet normal 0.221785 0.671537 -0.707
    outer loop
      vertex 0 0 237.86
      vertex -3.94352 -13 224.275
      vertex -4.57665 -12.7909 224.275
    endloop
  endfacet
  facet normal 0.701897 0.0865479 -0.707001
    outer loop
      vertex 0 0 237.86
      vertex -13.438 -1.99333 224.275
      vertex -13.5196 -1.33156 224.275
    endloop
  endfacet
  facet normal 0.705301 0.0519714 -0.707
    outer loop
      vertex 0 0 237.86
      vertex -13.5196 -1.33156 224.275
      vertex -13.5686 -0.666584 224.275
    endloop
  endfacet
  facet normal 0.707 0.0173944 -0.707
    outer loop
      vertex 0 0 237.86
      vertex -13.5686 -0.666584 224.275
      vertex -13.585 0 224.275
    endloop
  endfacet
endsolid OpenSCAD_Model
