solid OpenSCAD_Model
  facet normal 0 -1 0
    outer loop
      vertex 18.5 5.25 123.137
      vertex 26.9689 5.25 113
      vertex 26.0292 5.25 123.137
    endloop
  endfacet
  facet normal 0 -1 0
    outer loop
      vertex 18.5 5.25 123.137
      vertex 23.7047 5.25 93.7254
      vertex 26.9689 5.25 113
    endloop
  endfacet
  facet normal 0 -1 0
    outer loop
      vertex 18.5 5.25 81
      vertex 23.7047 5.25 93.7254
      vertex 18.5 5.25 123.137
    endloop
  endfacet
  facet normal 0 -1 0
    outer loop
      vertex 21.0391 5.25 80.5938
      vertex 23.7047 5.25 93.7254
      vertex 18.5 5.25 81
    endloop
  endfacet
  facet normal 0 -1 0
    outer loop
      vertex 23.7047 5.25 93.7254
      vertex 21.0391 5.25 80.5938
      vertex 21.4592 5.25 80.4662
    endloop
  endfacet
  facet normal 0 -1 0
    outer loop
      vertex 18.5 5.25 25
      vertex 23.9689 5.25 16
      vertex 21.4503 5.25 27.7536
    endloop
  endfacet
  facet normal 0 -1 0
    outer loop
      vertex 18.5 5.25 0
      vertex 23.9689 5.25 16
      vertex 18.5 5.25 25
    endloop
  endfacet
  facet normal 0 -1 -0
    outer loop
      vertex 23.9689 5.25 16
      vertex 23.2111 5.25 5.97927
      vertex 23.9689 5.25 8
    endloop
  endfacet
  facet normal 0 -1 0
    outer loop
      vertex 23.9689 5.25 16
      vertex 18.5 5.25 0
      vertex 23.2111 5.25 5.97927
    endloop
  endfacet
  facet normal 0 -1 0
    outer loop
      vertex 23.2111 5.25 5.97927
      vertex 18.5 5.25 0
      vertex 20.9689 5.25 0
    endloop
  endfacet
  facet normal 0 1 0
    outer loop
      vertex 26.9689 -5.25 113
      vertex 18.5 -5.25 123.137
      vertex 26.0292 -5.25 123.137
    endloop
  endfacet
  facet normal 0 1 0
    outer loop
      vertex 26.9689 -5.25 113
      vertex 18.5 -5.25 81
      vertex 18.5 -5.25 123.137
    endloop
  endfacet
  facet normal 0 1 0
    outer loop
      vertex 26.9689 -5.25 113
      vertex 21.0391 -5.25 80.5938
      vertex 18.5 -5.25 81
    endloop
  endfacet
  facet normal -0 1 0
    outer loop
      vertex 21.0391 -5.25 80.5938
      vertex 26.9689 -5.25 113
      vertex 21.4592 -5.25 80.4662
    endloop
  endfacet
  facet normal 0 1 0
    outer loop
      vertex 21.6373 -5.25 26.8808
      vertex 18.5 -5.25 25
      vertex 21.4503 -5.25 27.7536
    endloop
  endfacet
  facet normal 0 1 0
    outer loop
      vertex 23.9689 -5.25 16
      vertex 18.5 -5.25 25
      vertex 21.6373 -5.25 26.8808
    endloop
  endfacet
  facet normal 0 1 0
    outer loop
      vertex 18.5 -5.25 0
      vertex 23.9689 -5.25 16
      vertex 23.9689 -5.25 8
    endloop
  endfacet
  facet normal 0 1 0
    outer loop
      vertex 18.5 -5.25 0
      vertex 23.9689 -5.25 8
      vertex 21.6425 -5.25 1.7962
    endloop
  endfacet
  facet normal 0 1 0
    outer loop
      vertex 18.5 -5.25 0
      vertex 21.6425 -5.25 1.7962
      vertex 20.9689 -5.25 0
    endloop
  endfacet
  facet normal 0 1 0
    outer loop
      vertex 23.9689 -5.25 16
      vertex 18.5 -5.25 0
      vertex 18.5 -5.25 25
    endloop
  endfacet
  facet normal 1 -0 0
    outer loop
      vertex 18.5 -5.25 123.137
      vertex 18.5 5.25 81
      vertex 18.5 5.25 123.137
    endloop
  endfacet
  facet normal 1 0 0
    outer loop
      vertex 18.5 5.25 81
      vertex 18.5 -5.25 123.137
      vertex 18.5 -5.25 81
    endloop
  endfacet
  facet normal 0.157969 0 0.987444
    outer loop
      vertex 18.5 5.25 81
      vertex 21.0391 -5.25 80.5938
      vertex 21.0391 5.25 80.5938
    endloop
  endfacet
  facet normal 0.157969 0 0.987444
    outer loop
      vertex 21.0391 -5.25 80.5938
      vertex 18.5 5.25 81
      vertex 18.5 -5.25 81
    endloop
  endfacet
  facet normal 0.290627 4.7584e-05 0.956836
    outer loop
      vertex 21.0391 5.25 80.5938
      vertex 23.4062 1.70411 79.875
      vertex 21.4592 5.25 80.4662
    endloop
  endfacet
  facet normal 0.290562 0 0.956856
    outer loop
      vertex 23.4062 1.70411 79.875
      vertex 21.0391 5.25 80.5938
      vertex 23.4062 -1.70411 79.875
    endloop
  endfacet
  facet normal 0.290562 -0 0.956856
    outer loop
      vertex 21.0391 -5.25 80.5938
      vertex 23.4062 -1.70411 79.875
      vertex 21.0391 5.25 80.5938
    endloop
  endfacet
  facet normal 0.290627 -4.7584e-05 0.956836
    outer loop
      vertex 23.4062 -1.70411 79.875
      vertex 21.0391 -5.25 80.5938
      vertex 21.4592 -5.25 80.4662
    endloop
  endfacet
  facet normal 0.425151 0 0.905122
    outer loop
      vertex 23.4062 1.70411 79.875
      vertex 23.4062 -1.70411 79.875
      vertex 24.3176 0 79.4469
    endloop
  endfacet
  facet normal 0.752395 0 -0.658712
    outer loop
      vertex 23.9183 0 30.3811
      vertex 22.3672 -3.34425 28.6094
      vertex 22.3672 3.34425 28.6094
    endloop
  endfacet
  facet normal 0.682316 1.18191e-05 -0.731057
    outer loop
      vertex 18.5 -5.25 25
      vertex 22.3672 -3.34425 28.6094
      vertex 21.4503 -5.25 27.7536
    endloop
  endfacet
  facet normal 0.68232 0 -0.731054
    outer loop
      vertex 22.3672 -3.34425 28.6094
      vertex 18.5 -5.25 25
      vertex 22.3672 3.34425 28.6094
    endloop
  endfacet
  facet normal 0.68232 0 -0.731054
    outer loop
      vertex 18.5 5.25 25
      vertex 22.3672 3.34425 28.6094
      vertex 18.5 -5.25 25
    endloop
  endfacet
  facet normal 0.682316 -1.18191e-05 -0.731057
    outer loop
      vertex 22.3672 3.34425 28.6094
      vertex 18.5 5.25 25
      vertex 21.4503 5.25 27.7536
    endloop
  endfacet
  facet normal 1 -0 0
    outer loop
      vertex 18.5 -5.25 25
      vertex 18.5 5.25 0
      vertex 18.5 5.25 25
    endloop
  endfacet
  facet normal 1 0 0
    outer loop
      vertex 18.5 5.25 0
      vertex 18.5 -5.25 25
      vertex 18.5 -5.25 0
    endloop
  endfacet
  facet normal 0.866015 -0.500019 1.46427e-06
    outer loop
      vertex 4.70337 18.6465 81
      vertex 6.55097 21.8466 123.137
      vertex 6.19363 21.2277 123.137
    endloop
  endfacet
  facet normal 0.866026 -0.499998 -5.9625e-07
    outer loop
      vertex 6.55097 21.8466 123.137
      vertex 4.70337 18.6465 81
      vertex 5.9729 20.8454 80.5938
    endloop
  endfacet
  facet normal 0.866029 -0.499994 -5.38754e-07
    outer loop
      vertex 8.55932 25.3252 121.167
      vertex 8.45972 25.1527 107.354
      vertex 8.93782 25.9808 113
    endloop
  endfacet
  facet normal 0.866025 -0.500001 6.54905e-07
    outer loop
      vertex 6.87911 22.415 123.137
      vertex 7.59135 23.6486 97.0988
      vertex 8.24876 24.7873 123.137
    endloop
  endfacet
  facet normal 0.866025 -0.500001 6.45491e-07
    outer loop
      vertex 7.59135 23.6486 97.0988
      vertex 6.87911 22.415 123.137
      vertex 7.08444 22.7706 91.1125
    endloop
  endfacet
  facet normal 0.866042 -0.49997 1.09371e-06
    outer loop
      vertex 6.55097 21.8466 123.137
      vertex 7.08444 22.7706 91.1125
      vertex 6.87911 22.415 123.137
    endloop
  endfacet
  facet normal 0.866021 -0.500007 -3.21739e-07
    outer loop
      vertex 5.9729 20.8454 80.5938
      vertex 7.08444 22.7706 91.1125
      vertex 6.55097 21.8466 123.137
    endloop
  endfacet
  facet normal 0.866025 -0.5 -1.96582e-06
    outer loop
      vertex 7.08444 22.7706 91.1125
      vertex 5.9729 20.8454 80.5938
      vertex 6.18294 21.2092 80.4662
    endloop
  endfacet
  facet normal 0.866025 -0.500001 0
    outer loop
      vertex 4.70337 18.6465 123.137
      vertex 4.70337 18.6465 81
      vertex 6.19363 21.2277 123.137
    endloop
  endfacet
  facet normal 0.866035 -0.499983 7.61013e-06
    outer loop
      vertex 8.24876 24.7873 123.137
      vertex 8.55932 25.3252 121.167
      vertex 8.46797 25.167 123.137
    endloop
  endfacet
  facet normal 0.866023 -0.500005 -3.61129e-07
    outer loop
      vertex 8.55932 25.3252 121.167
      vertex 8.24876 24.7873 123.137
      vertex 8.45972 25.1527 107.354
    endloop
  endfacet
  facet normal 0.866031 -0.499991 7.99661e-08
    outer loop
      vertex 8.45972 25.1527 107.354
      vertex 8.24876 24.7873 123.137
      vertex 7.59135 23.6486 97.0988
    endloop
  endfacet
  facet normal 0.866024 -0.500002 -6.98325e-07
    outer loop
      vertex 6.17851 21.2015 27.7536
      vertex 4.70337 18.6465 25
      vertex 7.1764 22.9299 18.44
    endloop
  endfacet
  facet normal 0.866023 -0.500004 -2.49534e-06
    outer loop
      vertex 4.70337 18.6465 25
      vertex 7.43782 23.3827 16
      vertex 7.1764 22.9299 18.44
    endloop
  endfacet
  facet normal 0.866025 -0.500001 0
    outer loop
      vertex 7.43782 23.3827 16
      vertex 4.70337 18.6465 0
      vertex 7.43782 23.3827 8
    endloop
  endfacet
  facet normal 0.866025 -0.500001 0
    outer loop
      vertex 7.43782 23.3827 16
      vertex 4.70337 18.6465 25
      vertex 4.70337 18.6465 0
    endloop
  endfacet
  facet normal 0.866022 -0.500005 3.77424e-06
    outer loop
      vertex 7.43782 23.3827 8
      vertex 4.70337 18.6465 0
      vertex 5.93782 20.7846 0
    endloop
  endfacet
  facet normal -0.866015 0.500019 -1.46851e-06
    outer loop
      vertex 13.7966 13.3965 81
      vertex 15.6442 16.5966 123.137
      vertex 15.0662 15.5954 80.5938
    endloop
  endfacet
  facet normal -0.866039 0.499977 2.78655e-06
    outer loop
      vertex 15.6442 16.5966 123.137
      vertex 13.7966 13.3965 81
      vertex 15.2869 15.9777 123.137
    endloop
  endfacet
  facet normal -0.866029 0.499994 5.38754e-07
    outer loop
      vertex 18.0311 20.7308 113
      vertex 17.553 19.9027 107.354
      vertex 17.6526 20.0752 121.167
    endloop
  endfacet
  facet normal -0.866031 0.49999 6.87185e-09
    outer loop
      vertex 15.9724 17.165 123.137
      vertex 16.6846 18.3986 97.0988
      vertex 16.1777 17.5206 91.1125
    endloop
  endfacet
  facet normal -0.866033 0.499987 -1.89273e-07
    outer loop
      vertex 16.6846 18.3986 97.0988
      vertex 15.9724 17.165 123.137
      vertex 17.342 19.5373 123.137
    endloop
  endfacet
  facet normal -0.866003 0.500039 7.32662e-07
    outer loop
      vertex 16.1777 17.5206 91.1125
      vertex 15.6442 16.5966 123.137
      vertex 15.9724 17.165 123.137
    endloop
  endfacet
  facet normal -0.866064 0.499933 1.52484e-05
    outer loop
      vertex 15.0662 15.5954 80.5938
      vertex 16.1777 17.5206 91.1125
      vertex 15.2762 15.9592 80.4662
    endloop
  endfacet
  facet normal -0.866026 0.499998 -8.27528e-07
    outer loop
      vertex 16.1777 17.5206 91.1125
      vertex 15.0662 15.5954 80.5938
      vertex 15.6442 16.5966 123.137
    endloop
  endfacet
  facet normal -0.866019 0.500011 0
    outer loop
      vertex 15.2869 15.9777 123.137
      vertex 13.7966 13.3965 81
      vertex 13.7966 13.3965 123.137
    endloop
  endfacet
  facet normal -0.865996 0.500051 -4.07929e-07
    outer loop
      vertex 17.342 19.5373 123.137
      vertex 17.6526 20.0752 121.167
      vertex 17.553 19.9027 107.354
    endloop
  endfacet
  facet normal -0.866045 0.499966 -3.14227e-05
    outer loop
      vertex 17.6526 20.0752 121.167
      vertex 17.342 19.5373 123.137
      vertex 17.5612 19.917 123.137
    endloop
  endfacet
  facet normal -0.866019 0.500012 -1.63018e-06
    outer loop
      vertex 17.342 19.5373 123.137
      vertex 17.553 19.9027 107.354
      vertex 16.6846 18.3986 97.0988
    endloop
  endfacet
  facet normal -0.866029 0.499994 2.90932e-05
    outer loop
      vertex 15.3653 16.1135 26.8808
      vertex 13.7966 13.3965 25
      vertex 15.2718 15.9515 27.7536
    endloop
  endfacet
  facet normal -0.86602 0.50001 -1.44293e-06
    outer loop
      vertex 13.7966 13.3965 25
      vertex 15.3653 16.1135 26.8808
      vertex 16.2697 17.6799 18.44
    endloop
  endfacet
  facet normal -0.866021 0.500007 0
    outer loop
      vertex 13.7966 13.3965 0
      vertex 16.5311 18.1327 16
      vertex 16.5311 18.1327 8
    endloop
  endfacet
  facet normal -0.866006 0.500034 -2.10729e-05
    outer loop
      vertex 13.7966 13.3965 0
      vertex 16.5311 18.1327 8
      vertex 15.3679 16.1179 1.7962
    endloop
  endfacet
  facet normal -0.866014 0.50002 6.3658e-06
    outer loop
      vertex 13.7966 13.3965 0
      vertex 15.3679 16.1179 1.7962
      vertex 15.0311 15.5346 0
    endloop
  endfacet
  facet normal -0.866021 0.500007 0
    outer loop
      vertex 13.7966 13.3965 25
      vertex 16.5311 18.1327 16
      vertex 13.7966 13.3965 0
    endloop
  endfacet
  facet normal -0.866008 0.50003 1.60812e-05
    outer loop
      vertex 16.5311 18.1327 16
      vertex 13.7966 13.3965 25
      vertex 16.2697 17.6799 18.44
    endloop
  endfacet
  facet normal 0.500002 0.866025 -0
    outer loop
      vertex 13.7966 13.3965 81
      vertex 4.70337 18.6465 123.137
      vertex 13.7966 13.3965 123.137
    endloop
  endfacet
  facet normal 0.500002 0.866025 0
    outer loop
      vertex 4.70337 18.6465 123.137
      vertex 13.7966 13.3965 81
      vertex 4.70337 18.6465 81
    endloop
  endfacet
  facet normal 0.0789843 0.136805 0.987444
    outer loop
      vertex 5.9729 20.8454 80.5938
      vertex 13.7966 13.3965 81
      vertex 15.0662 15.5954 80.5938
    endloop
  endfacet
  facet normal 0.0789858 0.136807 0.987444
    outer loop
      vertex 13.7966 13.3965 81
      vertex 5.9729 20.8454 80.5938
      vertex 4.70337 18.6465 81
    endloop
  endfacet
  facet normal 0.145382 0.25168 0.956829
    outer loop
      vertex 13.1789 19.4183 79.875
      vertex 15.0662 15.5954 80.5938
      vertex 15.2762 15.9592 80.4662
    endloop
  endfacet
  facet normal 0.145293 0.251641 0.956853
    outer loop
      vertex 10.2273 21.1225 79.875
      vertex 15.0662 15.5954 80.5938
      vertex 13.1789 19.4183 79.875
    endloop
  endfacet
  facet normal 0.145265 0.251733 0.956833
    outer loop
      vertex 5.9729 20.8454 80.5938
      vertex 10.2273 21.1225 79.875
      vertex 6.18294 21.2092 80.4662
    endloop
  endfacet
  facet normal 0.145276 0.251627 0.956859
    outer loop
      vertex 10.2273 21.1225 79.875
      vertex 5.9729 20.8454 80.5938
      vertex 15.0662 15.5954 80.5938
    endloop
  endfacet
  facet normal 0.212584 0.368186 0.905123
    outer loop
      vertex 12.1588 21.0597 79.4469
      vertex 10.2273 21.1225 79.875
      vertex 13.1789 19.4183 79.875
    endloop
  endfacet
  facet normal 0.376194 0.651577 -0.658731
    outer loop
      vertex 14.0798 17.6984 28.6094
      vertex 8.28739 21.0427 28.6094
      vertex 11.9592 20.7139 30.3811
    endloop
  endfacet
  facet normal 0.341136 0.590917 -0.731056
    outer loop
      vertex 13.7966 13.3965 25
      vertex 14.0798 17.6984 28.6094
      vertex 15.2718 15.9515 27.7536
    endloop
  endfacet
  facet normal 0.341166 0.590909 -0.731049
    outer loop
      vertex 13.7966 13.3965 25
      vertex 8.28739 21.0427 28.6094
      vertex 14.0798 17.6984 28.6094
    endloop
  endfacet
  facet normal 0.341162 0.590907 -0.731053
    outer loop
      vertex 4.70337 18.6465 25
      vertex 8.28739 21.0427 28.6094
      vertex 13.7966 13.3965 25
    endloop
  endfacet
  facet normal 0.341163 0.590906 -0.731053
    outer loop
      vertex 8.28739 21.0427 28.6094
      vertex 4.70337 18.6465 25
      vertex 6.17851 21.2015 27.7536
    endloop
  endfacet
  facet normal 0.500002 0.866025 -0
    outer loop
      vertex 13.7966 13.3965 0
      vertex 4.70337 18.6465 25
      vertex 13.7966 13.3965 25
    endloop
  endfacet
  facet normal 0.500002 0.866025 0
    outer loop
      vertex 4.70337 18.6465 25
      vertex 13.7966 13.3965 0
      vertex 4.70337 18.6465 0
    endloop
  endfacet
  facet normal 0.866039 0.499977 2.78655e-06
    outer loop
      vertex -13.7966 13.3965 81
      vertex -15.6442 16.5966 123.137
      vertex -15.2869 15.9777 123.137
    endloop
  endfacet
  facet normal 0.866015 0.500019 -1.46851e-06
    outer loop
      vertex -15.6442 16.5966 123.137
      vertex -13.7966 13.3965 81
      vertex -15.0662 15.5954 80.5938
    endloop
  endfacet
  facet normal 0.866029 0.499994 5.38754e-07
    outer loop
      vertex -17.553 19.9027 107.354
      vertex -18.0311 20.7308 113
      vertex -17.6526 20.0752 121.167
    endloop
  endfacet
  facet normal 0.866033 0.499987 -1.89273e-07
    outer loop
      vertex -15.9724 17.165 123.137
      vertex -16.6846 18.3986 97.0988
      vertex -17.342 19.5373 123.137
    endloop
  endfacet
  facet normal 0.866069 0.499925 -4.08515e-06
    outer loop
      vertex -16.6846 18.3986 97.0988
      vertex -15.9724 17.165 123.137
      vertex -16.399 17.9038 93.7254
    endloop
  endfacet
  facet normal 0.865972 0.500093 1.52978e-06
    outer loop
      vertex -16.399 17.9038 93.7254
      vertex -15.9724 17.165 123.137
      vertex -16.1777 17.5206 91.1125
    endloop
  endfacet
  facet normal 0.866003 0.500039 7.32662e-07
    outer loop
      vertex -15.6442 16.5966 123.137
      vertex -16.1777 17.5206 91.1125
      vertex -15.9724 17.165 123.137
    endloop
  endfacet
  facet normal 0.866026 0.499998 -8.27528e-07
    outer loop
      vertex -15.0662 15.5954 80.5938
      vertex -16.1777 17.5206 91.1125
      vertex -15.6442 16.5966 123.137
    endloop
  endfacet
  facet normal 0.866064 0.499933 1.52484e-05
    outer loop
      vertex -16.1777 17.5206 91.1125
      vertex -15.0662 15.5954 80.5938
      vertex -15.2762 15.9592 80.4662
    endloop
  endfacet
  facet normal 0.866019 0.500011 -0
    outer loop
      vertex -13.7966 13.3965 81
      vertex -15.2869 15.9777 123.137
      vertex -13.7966 13.3965 123.137
    endloop
  endfacet
  facet normal 0.866045 0.499966 -3.14227e-05
    outer loop
      vertex -17.342 19.5373 123.137
      vertex -17.6526 20.0752 121.167
      vertex -17.5612 19.917 123.137
    endloop
  endfacet
  facet normal 0.865996 0.500051 -4.07929e-07
    outer loop
      vertex -17.6526 20.0752 121.167
      vertex -17.342 19.5373 123.137
      vertex -17.553 19.9027 107.354
    endloop
  endfacet
  facet normal 0.866019 0.500012 -1.63018e-06
    outer loop
      vertex -17.553 19.9027 107.354
      vertex -17.342 19.5373 123.137
      vertex -16.6846 18.3986 97.0988
    endloop
  endfacet
  facet normal 0.866017 0.500015 3.06853e-06
    outer loop
      vertex -13.7966 13.3965 25
      vertex -16.2697 17.6799 18.44
      vertex -15.2718 15.9515 27.7536
    endloop
  endfacet
  facet normal 0.866008 0.50003 1.60812e-05
    outer loop
      vertex -13.7966 13.3965 25
      vertex -16.5311 18.1327 16
      vertex -16.2697 17.6799 18.44
    endloop
  endfacet
  facet normal 0.866021 0.500007 0
    outer loop
      vertex -16.5311 18.1327 16
      vertex -13.7966 13.3965 0
      vertex -16.5311 18.1327 8
    endloop
  endfacet
  facet normal 0.866006 0.500034 -2.12824e-05
    outer loop
      vertex -16.5311 18.1327 8
      vertex -13.7966 13.3965 0
      vertex -16.1522 17.4764 5.97927
    endloop
  endfacet
  facet normal 0.866021 0.500007 0
    outer loop
      vertex -16.5311 18.1327 16
      vertex -13.7966 13.3965 25
      vertex -13.7966 13.3965 0
    endloop
  endfacet
  facet normal 0.866014 0.50002 -8.68366e-06
    outer loop
      vertex -16.1522 17.4764 5.97927
      vertex -13.7966 13.3965 0
      vertex -15.0311 15.5346 0
    endloop
  endfacet
  facet normal -0.866026 -0.499998 -5.9625e-07
    outer loop
      vertex -4.70337 18.6465 81
      vertex -6.55097 21.8466 123.137
      vertex -5.9729 20.8454 80.5938
    endloop
  endfacet
  facet normal -0.866015 -0.500019 1.46427e-06
    outer loop
      vertex -6.55097 21.8466 123.137
      vertex -4.70337 18.6465 81
      vertex -6.19363 21.2277 123.137
    endloop
  endfacet
  facet normal -0.866029 -0.499994 -5.38754e-07
    outer loop
      vertex -8.55932 25.3252 121.167
      vertex -8.93782 25.9808 113
      vertex -8.45972 25.1527 107.354
    endloop
  endfacet
  facet normal -0.866025 -0.500001 6.45491e-07
    outer loop
      vertex -6.87911 22.415 123.137
      vertex -7.59135 23.6486 97.0988
      vertex -7.08444 22.7706 91.1125
    endloop
  endfacet
  facet normal -0.866025 -0.500001 6.54905e-07
    outer loop
      vertex -7.59135 23.6486 97.0988
      vertex -6.87911 22.415 123.137
      vertex -8.24876 24.7873 123.137
    endloop
  endfacet
  facet normal -0.866042 -0.49997 1.09371e-06
    outer loop
      vertex -7.08444 22.7706 91.1125
      vertex -6.55097 21.8466 123.137
      vertex -6.87911 22.415 123.137
    endloop
  endfacet
  facet normal -0.866025 -0.5 -1.96582e-06
    outer loop
      vertex -5.9729 20.8454 80.5938
      vertex -7.08444 22.7706 91.1125
      vertex -6.18294 21.2092 80.4662
    endloop
  endfacet
  facet normal -0.866021 -0.500007 -3.21739e-07
    outer loop
      vertex -7.08444 22.7706 91.1125
      vertex -5.9729 20.8454 80.5938
      vertex -6.55097 21.8466 123.137
    endloop
  endfacet
  facet normal -0.866025 -0.500001 -0
    outer loop
      vertex -4.70337 18.6465 123.137
      vertex -6.19363 21.2277 123.137
      vertex -4.70337 18.6465 81
    endloop
  endfacet
  facet normal -0.866023 -0.500005 -3.61129e-07
    outer loop
      vertex -8.24876 24.7873 123.137
      vertex -8.55932 25.3252 121.167
      vertex -8.45972 25.1527 107.354
    endloop
  endfacet
  facet normal -0.866035 -0.499983 7.61013e-06
    outer loop
      vertex -8.55932 25.3252 121.167
      vertex -8.24876 24.7873 123.137
      vertex -8.46797 25.167 123.137
    endloop
  endfacet
  facet normal -0.866031 -0.499991 7.99661e-08
    outer loop
      vertex -8.24876 24.7873 123.137
      vertex -8.45972 25.1527 107.354
      vertex -7.59135 23.6486 97.0988
    endloop
  endfacet
  facet normal -0.866024 -0.500002 -6.98325e-07
    outer loop
      vertex -6.17851 21.2015 27.7536
      vertex -7.1764 22.9299 18.44
      vertex -4.70337 18.6465 25
    endloop
  endfacet
  facet normal -0.866025 -0.500001 0
    outer loop
      vertex -4.70337 18.6465 0
      vertex -7.43782 23.3827 16
      vertex -7.43782 23.3827 8
    endloop
  endfacet
  facet normal -0.866022 -0.500005 3.77424e-06
    outer loop
      vertex -4.70337 18.6465 0
      vertex -7.43782 23.3827 8
      vertex -5.93782 20.7846 0
    endloop
  endfacet
  facet normal -0.866025 -0.500001 -0
    outer loop
      vertex -4.70337 18.6465 25
      vertex -7.43782 23.3827 16
      vertex -4.70337 18.6465 0
    endloop
  endfacet
  facet normal -0.866023 -0.500004 -2.49534e-06
    outer loop
      vertex -7.43782 23.3827 16
      vertex -4.70337 18.6465 25
      vertex -7.1764 22.9299 18.44
    endloop
  endfacet
  facet normal -0.500002 0.866025 0
    outer loop
      vertex -4.70337 18.6465 81
      vertex -13.7966 13.3965 123.137
      vertex -4.70337 18.6465 123.137
    endloop
  endfacet
  facet normal -0.500002 0.866025 0
    outer loop
      vertex -13.7966 13.3965 123.137
      vertex -4.70337 18.6465 81
      vertex -13.7966 13.3965 81
    endloop
  endfacet
  facet normal -0.0789858 0.136807 0.987444
    outer loop
      vertex -5.9729 20.8454 80.5938
      vertex -13.7966 13.3965 81
      vertex -4.70337 18.6465 81
    endloop
  endfacet
  facet normal -0.0789843 0.136805 0.987444
    outer loop
      vertex -13.7966 13.3965 81
      vertex -5.9729 20.8454 80.5938
      vertex -15.0662 15.5954 80.5938
    endloop
  endfacet
  facet normal -0.145265 0.251733 0.956833
    outer loop
      vertex -10.2273 21.1225 79.875
      vertex -5.9729 20.8454 80.5938
      vertex -6.18294 21.2092 80.4662
    endloop
  endfacet
  facet normal -0.145278 0.251615 0.956862
    outer loop
      vertex -13.1789 19.4183 79.875
      vertex -5.9729 20.8454 80.5938
      vertex -10.2273 21.1225 79.875
    endloop
  endfacet
  facet normal -0.145281 0.251635 0.956856
    outer loop
      vertex -13.1789 19.4183 79.875
      vertex -15.0662 15.5954 80.5938
      vertex -5.9729 20.8454 80.5938
    endloop
  endfacet
  facet normal -0.145382 0.25168 0.956829
    outer loop
      vertex -15.0662 15.5954 80.5938
      vertex -13.1789 19.4183 79.875
      vertex -15.2762 15.9592 80.4662
    endloop
  endfacet
  facet normal -0.212584 0.368186 0.905123
    outer loop
      vertex -12.1588 21.0597 79.4469
      vertex -13.1789 19.4183 79.875
      vertex -10.2273 21.1225 79.875
    endloop
  endfacet
  facet normal -0.376194 0.651577 -0.658731
    outer loop
      vertex -8.28739 21.0427 28.6094
      vertex -14.0798 17.6984 28.6094
      vertex -11.9592 20.7139 30.3811
    endloop
  endfacet
  facet normal -0.341163 0.590906 -0.731053
    outer loop
      vertex -4.70337 18.6465 25
      vertex -8.28739 21.0427 28.6094
      vertex -6.17851 21.2015 27.7536
    endloop
  endfacet
  facet normal -0.341162 0.590907 -0.731053
    outer loop
      vertex -13.7966 13.3965 25
      vertex -8.28739 21.0427 28.6094
      vertex -4.70337 18.6465 25
    endloop
  endfacet
  facet normal -0.341166 0.590909 -0.731049
    outer loop
      vertex -13.7966 13.3965 25
      vertex -14.0798 17.6984 28.6094
      vertex -8.28739 21.0427 28.6094
    endloop
  endfacet
  facet normal -0.341136 0.590917 -0.731056
    outer loop
      vertex -14.0798 17.6984 28.6094
      vertex -13.7966 13.3965 25
      vertex -15.2718 15.9515 27.7536
    endloop
  endfacet
  facet normal -0.500002 0.866025 0
    outer loop
      vertex -4.70337 18.6465 0
      vertex -13.7966 13.3965 25
      vertex -4.70337 18.6465 25
    endloop
  endfacet
  facet normal -0.500002 0.866025 0
    outer loop
      vertex -13.7966 13.3965 25
      vertex -4.70337 18.6465 0
      vertex -13.7966 13.3965 0
    endloop
  endfacet
  facet normal 0 1 0
    outer loop
      vertex -18.5 -5.25 123.137
      vertex -26.9689 -5.25 113
      vertex -26.0292 -5.25 123.137
    endloop
  endfacet
  facet normal 0 1 0
    outer loop
      vertex -18.5 -5.25 123.137
      vertex -23.7047 -5.25 93.7254
      vertex -26.9689 -5.25 113
    endloop
  endfacet
  facet normal 0 1 -0
    outer loop
      vertex -18.5 -5.25 81
      vertex -23.7047 -5.25 93.7254
      vertex -18.5 -5.25 123.137
    endloop
  endfacet
  facet normal 0 1 -0
    outer loop
      vertex -21.0391 -5.25 80.5938
      vertex -23.7047 -5.25 93.7254
      vertex -18.5 -5.25 81
    endloop
  endfacet
  facet normal 0 1 0
    outer loop
      vertex -23.7047 -5.25 93.7254
      vertex -21.0391 -5.25 80.5938
      vertex -21.4592 -5.25 80.4662
    endloop
  endfacet
  facet normal 0 1 0
    outer loop
      vertex -18.5 -5.25 25
      vertex -23.9689 -5.25 16
      vertex -21.4503 -5.25 27.7536
    endloop
  endfacet
  facet normal 0 1 -0
    outer loop
      vertex -18.5 -5.25 0
      vertex -23.9689 -5.25 16
      vertex -18.5 -5.25 25
    endloop
  endfacet
  facet normal 0 1 0
    outer loop
      vertex -23.9689 -5.25 16
      vertex -23.2111 -5.25 5.97927
      vertex -23.9689 -5.25 8
    endloop
  endfacet
  facet normal 0 1 0
    outer loop
      vertex -23.9689 -5.25 16
      vertex -18.5 -5.25 0
      vertex -23.2111 -5.25 5.97927
    endloop
  endfacet
  facet normal 0 1 0
    outer loop
      vertex -23.2111 -5.25 5.97927
      vertex -18.5 -5.25 0
      vertex -20.9689 -5.25 0
    endloop
  endfacet
  facet normal 0 -1 0
    outer loop
      vertex -26.9689 5.25 113
      vertex -18.5 5.25 123.137
      vertex -26.0292 5.25 123.137
    endloop
  endfacet
  facet normal 0 -1 0
    outer loop
      vertex -26.9689 5.25 113
      vertex -18.5 5.25 81
      vertex -18.5 5.25 123.137
    endloop
  endfacet
  facet normal 0 -1 0
    outer loop
      vertex -26.9689 5.25 113
      vertex -21.0391 5.25 80.5938
      vertex -18.5 5.25 81
    endloop
  endfacet
  facet normal -0 -1 0
    outer loop
      vertex -21.0391 5.25 80.5938
      vertex -26.9689 5.25 113
      vertex -21.4592 5.25 80.4662
    endloop
  endfacet
  facet normal 0 -1 0
    outer loop
      vertex -21.6373 5.25 26.8808
      vertex -18.5 5.25 25
      vertex -21.4503 5.25 27.7536
    endloop
  endfacet
  facet normal 0 -1 0
    outer loop
      vertex -23.9689 5.25 16
      vertex -18.5 5.25 25
      vertex -21.6373 5.25 26.8808
    endloop
  endfacet
  facet normal 0 -1 0
    outer loop
      vertex -18.5 5.25 0
      vertex -23.9689 5.25 16
      vertex -23.9689 5.25 8
    endloop
  endfacet
  facet normal 0 -1 0
    outer loop
      vertex -18.5 5.25 0
      vertex -23.9689 5.25 8
      vertex -21.6425 5.25 1.7962
    endloop
  endfacet
  facet normal 0 -1 0
    outer loop
      vertex -18.5 5.25 0
      vertex -21.6425 5.25 1.7962
      vertex -20.9689 5.25 0
    endloop
  endfacet
  facet normal 0 -1 0
    outer loop
      vertex -23.9689 5.25 16
      vertex -18.5 5.25 0
      vertex -18.5 5.25 25
    endloop
  endfacet
  facet normal -1 0 0
    outer loop
      vertex -18.5 -5.25 81
      vertex -18.5 5.25 123.137
      vertex -18.5 5.25 81
    endloop
  endfacet
  facet normal -1 -0 0
    outer loop
      vertex -18.5 5.25 123.137
      vertex -18.5 -5.25 81
      vertex -18.5 -5.25 123.137
    endloop
  endfacet
  facet normal -0.157969 0 0.987444
    outer loop
      vertex -21.0391 5.25 80.5938
      vertex -18.5 -5.25 81
      vertex -18.5 5.25 81
    endloop
  endfacet
  facet normal -0.157969 0 0.987444
    outer loop
      vertex -18.5 -5.25 81
      vertex -21.0391 5.25 80.5938
      vertex -21.0391 -5.25 80.5938
    endloop
  endfacet
  facet normal -0.290627 4.7584e-05 0.956836
    outer loop
      vertex -23.4062 1.70411 79.875
      vertex -21.0391 5.25 80.5938
      vertex -21.4592 5.25 80.4662
    endloop
  endfacet
  facet normal -0.290562 0 0.956856
    outer loop
      vertex -21.0391 5.25 80.5938
      vertex -23.4062 1.70411 79.875
      vertex -21.0391 -5.25 80.5938
    endloop
  endfacet
  facet normal -0.290562 0 0.956856
    outer loop
      vertex -23.4062 -1.70411 79.875
      vertex -21.0391 -5.25 80.5938
      vertex -23.4062 1.70411 79.875
    endloop
  endfacet
  facet normal -0.290627 -4.7584e-05 0.956836
    outer loop
      vertex -21.0391 -5.25 80.5938
      vertex -23.4062 -1.70411 79.875
      vertex -21.4592 -5.25 80.4662
    endloop
  endfacet
  facet normal -0.425151 0 0.905122
    outer loop
      vertex -23.4062 1.70411 79.875
      vertex -24.3176 0 79.4469
      vertex -23.4062 -1.70411 79.875
    endloop
  endfacet
  facet normal -0.752395 0 -0.658712
    outer loop
      vertex -22.3672 -3.34425 28.6094
      vertex -23.9183 0 30.3811
      vertex -22.3672 3.34425 28.6094
    endloop
  endfacet
  facet normal -0.682316 1.18191e-05 -0.731057
    outer loop
      vertex -22.3672 -3.34425 28.6094
      vertex -18.5 -5.25 25
      vertex -21.4503 -5.25 27.7536
    endloop
  endfacet
  facet normal -0.68232 0 -0.731054
    outer loop
      vertex -18.5 -5.25 25
      vertex -22.3672 -3.34425 28.6094
      vertex -18.5 5.25 25
    endloop
  endfacet
  facet normal -0.68232 -0 -0.731054
    outer loop
      vertex -22.3672 3.34425 28.6094
      vertex -18.5 5.25 25
      vertex -22.3672 -3.34425 28.6094
    endloop
  endfacet
  facet normal -0.682316 -1.18191e-05 -0.731057
    outer loop
      vertex -18.5 5.25 25
      vertex -22.3672 3.34425 28.6094
      vertex -21.4503 5.25 27.7536
    endloop
  endfacet
  facet normal -1 0 0
    outer loop
      vertex -18.5 -5.25 0
      vertex -18.5 5.25 25
      vertex -18.5 5.25 0
    endloop
  endfacet
  facet normal -1 -0 0
    outer loop
      vertex -18.5 5.25 25
      vertex -18.5 -5.25 0
      vertex -18.5 -5.25 25
    endloop
  endfacet
  facet normal -0.866026 0.499998 -5.9625e-07
    outer loop
      vertex -6.55097 -21.8466 123.137
      vertex -4.70337 -18.6465 81
      vertex -5.9729 -20.8454 80.5938
    endloop
  endfacet
  facet normal -0.866015 0.500019 1.46427e-06
    outer loop
      vertex -4.70337 -18.6465 81
      vertex -6.55097 -21.8466 123.137
      vertex -6.19363 -21.2277 123.137
    endloop
  endfacet
  facet normal -0.866029 0.499994 -5.38754e-07
    outer loop
      vertex -8.45972 -25.1527 107.354
      vertex -8.93782 -25.9808 113
      vertex -8.55932 -25.3252 121.167
    endloop
  endfacet
  facet normal -0.866025 0.500001 6.45491e-07
    outer loop
      vertex -7.59135 -23.6486 97.0988
      vertex -6.87911 -22.415 123.137
      vertex -7.08444 -22.7706 91.1125
    endloop
  endfacet
  facet normal -0.866025 0.500001 6.54905e-07
    outer loop
      vertex -6.87911 -22.415 123.137
      vertex -7.59135 -23.6486 97.0988
      vertex -8.24876 -24.7873 123.137
    endloop
  endfacet
  facet normal -0.866025 0.5 -1.96582e-06
    outer loop
      vertex -7.08444 -22.7706 91.1125
      vertex -5.9729 -20.8454 80.5938
      vertex -6.18294 -21.2092 80.4662
    endloop
  endfacet
  facet normal -0.866021 0.500007 -3.21739e-07
    outer loop
      vertex -5.9729 -20.8454 80.5938
      vertex -7.08444 -22.7706 91.1125
      vertex -6.55097 -21.8466 123.137
    endloop
  endfacet
  facet normal -0.866042 0.49997 1.09371e-06
    outer loop
      vertex -6.55097 -21.8466 123.137
      vertex -7.08444 -22.7706 91.1125
      vertex -6.87911 -22.415 123.137
    endloop
  endfacet
  facet normal -0.866025 0.500001 0
    outer loop
      vertex -4.70337 -18.6465 81
      vertex -6.19363 -21.2277 123.137
      vertex -4.70337 -18.6465 123.137
    endloop
  endfacet
  facet normal -0.866031 0.499991 7.99661e-08
    outer loop
      vertex -8.45972 -25.1527 107.354
      vertex -8.24876 -24.7873 123.137
      vertex -7.59135 -23.6486 97.0988
    endloop
  endfacet
  facet normal -0.866023 0.500005 -3.61129e-07
    outer loop
      vertex -8.55932 -25.3252 121.167
      vertex -8.24876 -24.7873 123.137
      vertex -8.45972 -25.1527 107.354
    endloop
  endfacet
  facet normal -0.866035 0.499983 7.61013e-06
    outer loop
      vertex -8.24876 -24.7873 123.137
      vertex -8.55932 -25.3252 121.167
      vertex -8.46797 -25.167 123.137
    endloop
  endfacet
  facet normal -0.866024 0.500002 -6.98325e-07
    outer loop
      vertex -4.70337 -18.6465 25
      vertex -7.1764 -22.9299 18.44
      vertex -6.17851 -21.2015 27.7536
    endloop
  endfacet
  facet normal -0.866022 0.500005 3.77424e-06
    outer loop
      vertex -7.43782 -23.3827 8
      vertex -4.70337 -18.6465 0
      vertex -5.93782 -20.7846 0
    endloop
  endfacet
  facet normal -0.866025 0.500001 0
    outer loop
      vertex -7.43782 -23.3827 16
      vertex -4.70337 -18.6465 0
      vertex -7.43782 -23.3827 8
    endloop
  endfacet
  facet normal -0.866025 0.500001 0
    outer loop
      vertex -4.70337 -18.6465 0
      vertex -7.43782 -23.3827 16
      vertex -4.70337 -18.6465 25
    endloop
  endfacet
  facet normal -0.866023 0.500004 -2.49534e-06
    outer loop
      vertex -4.70337 -18.6465 25
      vertex -7.43782 -23.3827 16
      vertex -7.1764 -22.9299 18.44
    endloop
  endfacet
  facet normal 0.866039 -0.499977 2.78655e-06
    outer loop
      vertex -15.6442 -16.5966 123.137
      vertex -13.7966 -13.3965 81
      vertex -15.2869 -15.9777 123.137
    endloop
  endfacet
  facet normal 0.866015 -0.500019 -1.46851e-06
    outer loop
      vertex -13.7966 -13.3965 81
      vertex -15.6442 -16.5966 123.137
      vertex -15.0662 -15.5954 80.5938
    endloop
  endfacet
  facet normal 0.866029 -0.499994 5.38754e-07
    outer loop
      vertex -17.6526 -20.0752 121.167
      vertex -18.0311 -20.7308 113
      vertex -17.553 -19.9027 107.354
    endloop
  endfacet
  facet normal 0.866031 -0.49999 6.87185e-09
    outer loop
      vertex -15.9724 -17.165 123.137
      vertex -16.6846 -18.3986 97.0988
      vertex -16.1777 -17.5206 91.1125
    endloop
  endfacet
  facet normal 0.866033 -0.499987 -1.89273e-07
    outer loop
      vertex -16.6846 -18.3986 97.0988
      vertex -15.9724 -17.165 123.137
      vertex -17.342 -19.5373 123.137
    endloop
  endfacet
  facet normal 0.866026 -0.499998 -8.27528e-07
    outer loop
      vertex -16.1777 -17.5206 91.1125
      vertex -15.0662 -15.5954 80.5938
      vertex -15.6442 -16.5966 123.137
    endloop
  endfacet
  facet normal 0.866003 -0.500039 7.32662e-07
    outer loop
      vertex -16.1777 -17.5206 91.1125
      vertex -15.6442 -16.5966 123.137
      vertex -15.9724 -17.165 123.137
    endloop
  endfacet
  facet normal 0.866064 -0.499933 1.52484e-05
    outer loop
      vertex -15.0662 -15.5954 80.5938
      vertex -16.1777 -17.5206 91.1125
      vertex -15.2762 -15.9592 80.4662
    endloop
  endfacet
  facet normal 0.866019 -0.500011 0
    outer loop
      vertex -13.7966 -13.3965 123.137
      vertex -15.2869 -15.9777 123.137
      vertex -13.7966 -13.3965 81
    endloop
  endfacet
  facet normal 0.866019 -0.500012 -1.63018e-06
    outer loop
      vertex -17.342 -19.5373 123.137
      vertex -17.553 -19.9027 107.354
      vertex -16.6846 -18.3986 97.0988
    endloop
  endfacet
  facet normal 0.866045 -0.499966 -3.14227e-05
    outer loop
      vertex -17.6526 -20.0752 121.167
      vertex -17.342 -19.5373 123.137
      vertex -17.5612 -19.917 123.137
    endloop
  endfacet
  facet normal 0.865996 -0.500051 -4.07929e-07
    outer loop
      vertex -17.342 -19.5373 123.137
      vertex -17.6526 -20.0752 121.167
      vertex -17.553 -19.9027 107.354
    endloop
  endfacet
  facet normal 0.866029 -0.499994 2.90932e-05
    outer loop
      vertex -15.3653 -16.1135 26.8808
      vertex -13.7966 -13.3965 25
      vertex -15.2718 -15.9515 27.7536
    endloop
  endfacet
  facet normal 0.86602 -0.50001 -1.44293e-06
    outer loop
      vertex -13.7966 -13.3965 25
      vertex -15.3653 -16.1135 26.8808
      vertex -16.2697 -17.6799 18.44
    endloop
  endfacet
  facet normal 0.866021 -0.500007 0
    outer loop
      vertex -16.5311 -18.1327 16
      vertex -13.7966 -13.3965 0
      vertex -13.7966 -13.3965 25
    endloop
  endfacet
  facet normal 0.866014 -0.50002 6.3658e-06
    outer loop
      vertex -13.7966 -13.3965 0
      vertex -15.3679 -16.1179 1.7962
      vertex -15.0311 -15.5346 0
    endloop
  endfacet
  facet normal 0.866008 -0.50003 1.60812e-05
    outer loop
      vertex -16.5311 -18.1327 16
      vertex -13.7966 -13.3965 25
      vertex -16.2697 -17.6799 18.44
    endloop
  endfacet
  facet normal 0.866021 -0.500007 0
    outer loop
      vertex -13.7966 -13.3965 0
      vertex -16.5311 -18.1327 16
      vertex -16.5311 -18.1327 8
    endloop
  endfacet
  facet normal 0.866006 -0.500034 -2.10729e-05
    outer loop
      vertex -13.7966 -13.3965 0
      vertex -16.5311 -18.1327 8
      vertex -15.3679 -16.1179 1.7962
    endloop
  endfacet
  facet normal -0.500002 -0.866025 0
    outer loop
      vertex -13.7966 -13.3965 81
      vertex -4.70337 -18.6465 123.137
      vertex -13.7966 -13.3965 123.137
    endloop
  endfacet
  facet normal -0.500002 -0.866025 -0
    outer loop
      vertex -4.70337 -18.6465 123.137
      vertex -13.7966 -13.3965 81
      vertex -4.70337 -18.6465 81
    endloop
  endfacet
  facet normal -0.0789858 -0.136807 0.987444
    outer loop
      vertex -13.7966 -13.3965 81
      vertex -5.9729 -20.8454 80.5938
      vertex -4.70337 -18.6465 81
    endloop
  endfacet
  facet normal -0.0789843 -0.136805 0.987444
    outer loop
      vertex -5.9729 -20.8454 80.5938
      vertex -13.7966 -13.3965 81
      vertex -15.0662 -15.5954 80.5938
    endloop
  endfacet
  facet normal -0.145265 -0.251733 0.956833
    outer loop
      vertex -5.9729 -20.8454 80.5938
      vertex -10.2273 -21.1225 79.875
      vertex -6.18294 -21.2092 80.4662
    endloop
  endfacet
  facet normal -0.145278 -0.251615 0.956862
    outer loop
      vertex -5.9729 -20.8454 80.5938
      vertex -13.1789 -19.4183 79.875
      vertex -10.2273 -21.1225 79.875
    endloop
  endfacet
  facet normal -0.145281 -0.251635 0.956856
    outer loop
      vertex -15.0662 -15.5954 80.5938
      vertex -13.1789 -19.4183 79.875
      vertex -5.9729 -20.8454 80.5938
    endloop
  endfacet
  facet normal -0.145382 -0.25168 0.956829
    outer loop
      vertex -13.1789 -19.4183 79.875
      vertex -15.0662 -15.5954 80.5938
      vertex -15.2762 -15.9592 80.4662
    endloop
  endfacet
  facet normal -0.212584 -0.368186 0.905123
    outer loop
      vertex -10.2273 -21.1225 79.875
      vertex -13.1789 -19.4183 79.875
      vertex -12.1588 -21.0597 79.4469
    endloop
  endfacet
  facet normal -0.376194 -0.651577 -0.658731
    outer loop
      vertex -11.9592 -20.7139 30.3811
      vertex -14.0798 -17.6984 28.6094
      vertex -8.28739 -21.0427 28.6094
    endloop
  endfacet
  facet normal -0.341163 -0.590906 -0.731053
    outer loop
      vertex -8.28739 -21.0427 28.6094
      vertex -4.70337 -18.6465 25
      vertex -6.17851 -21.2015 27.7536
    endloop
  endfacet
  facet normal -0.341162 -0.590907 -0.731053
    outer loop
      vertex -8.28739 -21.0427 28.6094
      vertex -13.7966 -13.3965 25
      vertex -4.70337 -18.6465 25
    endloop
  endfacet
  facet normal -0.341166 -0.590909 -0.731049
    outer loop
      vertex -14.0798 -17.6984 28.6094
      vertex -13.7966 -13.3965 25
      vertex -8.28739 -21.0427 28.6094
    endloop
  endfacet
  facet normal -0.341136 -0.590917 -0.731056
    outer loop
      vertex -13.7966 -13.3965 25
      vertex -14.0798 -17.6984 28.6094
      vertex -15.2718 -15.9515 27.7536
    endloop
  endfacet
  facet normal -0.500002 -0.866025 0
    outer loop
      vertex -13.7966 -13.3965 0
      vertex -4.70337 -18.6465 25
      vertex -13.7966 -13.3965 25
    endloop
  endfacet
  facet normal -0.500002 -0.866025 -0
    outer loop
      vertex -4.70337 -18.6465 25
      vertex -13.7966 -13.3965 0
      vertex -4.70337 -18.6465 0
    endloop
  endfacet
  facet normal -0.866015 -0.500019 -1.46851e-06
    outer loop
      vertex 15.6442 -16.5966 123.137
      vertex 13.7966 -13.3965 81
      vertex 15.0662 -15.5954 80.5938
    endloop
  endfacet
  facet normal -0.866039 -0.499977 2.78655e-06
    outer loop
      vertex 13.7966 -13.3965 81
      vertex 15.6442 -16.5966 123.137
      vertex 15.2869 -15.9777 123.137
    endloop
  endfacet
  facet normal -0.866029 -0.499994 5.38754e-07
    outer loop
      vertex 17.6526 -20.0752 121.167
      vertex 17.553 -19.9027 107.354
      vertex 18.0311 -20.7308 113
    endloop
  endfacet
  facet normal -0.865972 -0.500093 1.52978e-06
    outer loop
      vertex 16.399 -17.9038 93.7254
      vertex 15.9724 -17.165 123.137
      vertex 16.1777 -17.5206 91.1125
    endloop
  endfacet
  facet normal -0.866069 -0.499925 -4.08515e-06
    outer loop
      vertex 16.6846 -18.3986 97.0988
      vertex 15.9724 -17.165 123.137
      vertex 16.399 -17.9038 93.7254
    endloop
  endfacet
  facet normal -0.866033 -0.499987 -1.89273e-07
    outer loop
      vertex 15.9724 -17.165 123.137
      vertex 16.6846 -18.3986 97.0988
      vertex 17.342 -19.5373 123.137
    endloop
  endfacet
  facet normal -0.866064 -0.499933 1.52484e-05
    outer loop
      vertex 16.1777 -17.5206 91.1125
      vertex 15.0662 -15.5954 80.5938
      vertex 15.2762 -15.9592 80.4662
    endloop
  endfacet
  facet normal -0.866026 -0.499998 -8.27528e-07
    outer loop
      vertex 15.0662 -15.5954 80.5938
      vertex 16.1777 -17.5206 91.1125
      vertex 15.6442 -16.5966 123.137
    endloop
  endfacet
  facet normal -0.866003 -0.500039 7.32662e-07
    outer loop
      vertex 15.6442 -16.5966 123.137
      vertex 16.1777 -17.5206 91.1125
      vertex 15.9724 -17.165 123.137
    endloop
  endfacet
  facet normal -0.866019 -0.500011 -0
    outer loop
      vertex 13.7966 -13.3965 123.137
      vertex 13.7966 -13.3965 81
      vertex 15.2869 -15.9777 123.137
    endloop
  endfacet
  facet normal -0.866019 -0.500012 -1.63018e-06
    outer loop
      vertex 17.553 -19.9027 107.354
      vertex 17.342 -19.5373 123.137
      vertex 16.6846 -18.3986 97.0988
    endloop
  endfacet
  facet normal -0.865996 -0.500051 -4.07929e-07
    outer loop
      vertex 17.6526 -20.0752 121.167
      vertex 17.342 -19.5373 123.137
      vertex 17.553 -19.9027 107.354
    endloop
  endfacet
  facet normal -0.866045 -0.499966 -3.14227e-05
    outer loop
      vertex 17.342 -19.5373 123.137
      vertex 17.6526 -20.0752 121.167
      vertex 17.5612 -19.917 123.137
    endloop
  endfacet
  facet normal -0.866017 -0.500015 3.06853e-06
    outer loop
      vertex 15.2718 -15.9515 27.7536
      vertex 13.7966 -13.3965 25
      vertex 16.2697 -17.6799 18.44
    endloop
  endfacet
  facet normal -0.866014 -0.50002 -8.68366e-06
    outer loop
      vertex 16.1522 -17.4764 5.97927
      vertex 13.7966 -13.3965 0
      vertex 15.0311 -15.5346 0
    endloop
  endfacet
  facet normal -0.866018 -0.500014 -2.48773e-06
    outer loop
      vertex 16.5311 -18.1327 16
      vertex 13.7966 -13.3965 0
      vertex 16.1522 -17.4764 5.97927
    endloop
  endfacet
  facet normal -0.866021 -0.500007 0
    outer loop
      vertex 13.7966 -13.3965 0
      vertex 16.5311 -18.1327 16
      vertex 13.7966 -13.3965 25
    endloop
  endfacet
  facet normal -0.866034 -0.499985 -0
    outer loop
      vertex 16.5311 -18.1327 16
      vertex 16.1522 -17.4764 5.97927
      vertex 16.5311 -18.1327 8
    endloop
  endfacet
  facet normal -0.866008 -0.50003 1.60812e-05
    outer loop
      vertex 13.7966 -13.3965 25
      vertex 16.5311 -18.1327 16
      vertex 16.2697 -17.6799 18.44
    endloop
  endfacet
  facet normal 0.866015 0.500019 1.46427e-06
    outer loop
      vertex 6.55097 -21.8466 123.137
      vertex 4.70337 -18.6465 81
      vertex 6.19363 -21.2277 123.137
    endloop
  endfacet
  facet normal 0.866026 0.499998 -5.9625e-07
    outer loop
      vertex 4.70337 -18.6465 81
      vertex 6.55097 -21.8466 123.137
      vertex 5.9729 -20.8454 80.5938
    endloop
  endfacet
  facet normal 0.866029 0.499994 -5.38754e-07
    outer loop
      vertex 8.93782 -25.9808 113
      vertex 8.45972 -25.1527 107.354
      vertex 8.55932 -25.3252 121.167
    endloop
  endfacet
  facet normal 0.866025 0.500001 6.45491e-07
    outer loop
      vertex 6.87911 -22.415 123.137
      vertex 7.59135 -23.6486 97.0988
      vertex 7.08444 -22.7706 91.1125
    endloop
  endfacet
  facet normal 0.866025 0.500001 6.54905e-07
    outer loop
      vertex 7.59135 -23.6486 97.0988
      vertex 6.87911 -22.415 123.137
      vertex 8.24876 -24.7873 123.137
    endloop
  endfacet
  facet normal 0.866021 0.500007 -3.21739e-07
    outer loop
      vertex 7.08444 -22.7706 91.1125
      vertex 5.9729 -20.8454 80.5938
      vertex 6.55097 -21.8466 123.137
    endloop
  endfacet
  facet normal 0.866042 0.49997 1.09371e-06
    outer loop
      vertex 7.08444 -22.7706 91.1125
      vertex 6.55097 -21.8466 123.137
      vertex 6.87911 -22.415 123.137
    endloop
  endfacet
  facet normal 0.866025 0.5 -1.96582e-06
    outer loop
      vertex 5.9729 -20.8454 80.5938
      vertex 7.08444 -22.7706 91.1125
      vertex 6.18294 -21.2092 80.4662
    endloop
  endfacet
  facet normal 0.866025 0.500001 0
    outer loop
      vertex 6.19363 -21.2277 123.137
      vertex 4.70337 -18.6465 81
      vertex 4.70337 -18.6465 123.137
    endloop
  endfacet
  facet normal 0.866031 0.499991 7.99661e-08
    outer loop
      vertex 8.24876 -24.7873 123.137
      vertex 8.45972 -25.1527 107.354
      vertex 7.59135 -23.6486 97.0988
    endloop
  endfacet
  facet normal 0.866035 0.499983 7.61013e-06
    outer loop
      vertex 8.55932 -25.3252 121.167
      vertex 8.24876 -24.7873 123.137
      vertex 8.46797 -25.167 123.137
    endloop
  endfacet
  facet normal 0.866023 0.500005 -3.61129e-07
    outer loop
      vertex 8.24876 -24.7873 123.137
      vertex 8.55932 -25.3252 121.167
      vertex 8.45972 -25.1527 107.354
    endloop
  endfacet
  facet normal 0.866024 0.500002 -6.98325e-07
    outer loop
      vertex 7.1764 -22.9299 18.44
      vertex 4.70337 -18.6465 25
      vertex 6.17851 -21.2015 27.7536
    endloop
  endfacet
  facet normal 0.866025 0.500001 0
    outer loop
      vertex 7.43782 -23.3827 16
      vertex 4.70337 -18.6465 0
      vertex 4.70337 -18.6465 25
    endloop
  endfacet
  facet normal 0.866023 0.500004 -2.49534e-06
    outer loop
      vertex 7.43782 -23.3827 16
      vertex 4.70337 -18.6465 25
      vertex 7.1764 -22.9299 18.44
    endloop
  endfacet
  facet normal 0.866025 0.500001 0
    outer loop
      vertex 4.70337 -18.6465 0
      vertex 7.43782 -23.3827 16
      vertex 7.43782 -23.3827 8
    endloop
  endfacet
  facet normal 0.866022 0.500005 3.77424e-06
    outer loop
      vertex 4.70337 -18.6465 0
      vertex 7.43782 -23.3827 8
      vertex 5.93782 -20.7846 0
    endloop
  endfacet
  facet normal 0.500002 -0.866025 0
    outer loop
      vertex 4.70337 -18.6465 81
      vertex 13.7966 -13.3965 123.137
      vertex 4.70337 -18.6465 123.137
    endloop
  endfacet
  facet normal 0.500002 -0.866025 0
    outer loop
      vertex 13.7966 -13.3965 123.137
      vertex 4.70337 -18.6465 81
      vertex 13.7966 -13.3965 81
    endloop
  endfacet
  facet normal 0.0789843 -0.136805 0.987444
    outer loop
      vertex 13.7966 -13.3965 81
      vertex 5.9729 -20.8454 80.5938
      vertex 15.0662 -15.5954 80.5938
    endloop
  endfacet
  facet normal 0.0789858 -0.136807 0.987444
    outer loop
      vertex 5.9729 -20.8454 80.5938
      vertex 13.7966 -13.3965 81
      vertex 4.70337 -18.6465 81
    endloop
  endfacet
  facet normal 0.145382 -0.25168 0.956829
    outer loop
      vertex 15.0662 -15.5954 80.5938
      vertex 13.1789 -19.4183 79.875
      vertex 15.2762 -15.9592 80.4662
    endloop
  endfacet
  facet normal 0.145293 -0.251641 0.956853
    outer loop
      vertex 15.0662 -15.5954 80.5938
      vertex 10.2273 -21.1225 79.875
      vertex 13.1789 -19.4183 79.875
    endloop
  endfacet
  facet normal 0.145276 -0.251627 0.956859
    outer loop
      vertex 5.9729 -20.8454 80.5938
      vertex 10.2273 -21.1225 79.875
      vertex 15.0662 -15.5954 80.5938
    endloop
  endfacet
  facet normal 0.145265 -0.251733 0.956833
    outer loop
      vertex 10.2273 -21.1225 79.875
      vertex 5.9729 -20.8454 80.5938
      vertex 6.18294 -21.2092 80.4662
    endloop
  endfacet
  facet normal 0.212584 -0.368186 0.905123
    outer loop
      vertex 13.1789 -19.4183 79.875
      vertex 10.2273 -21.1225 79.875
      vertex 12.1588 -21.0597 79.4469
    endloop
  endfacet
  facet normal 0.376194 -0.651577 -0.658731
    outer loop
      vertex 11.9592 -20.7139 30.3811
      vertex 8.28739 -21.0427 28.6094
      vertex 14.0798 -17.6984 28.6094
    endloop
  endfacet
  facet normal 0.341136 -0.590917 -0.731056
    outer loop
      vertex 14.0798 -17.6984 28.6094
      vertex 13.7966 -13.3965 25
      vertex 15.2718 -15.9515 27.7536
    endloop
  endfacet
  facet normal 0.341166 -0.590909 -0.731049
    outer loop
      vertex 8.28739 -21.0427 28.6094
      vertex 13.7966 -13.3965 25
      vertex 14.0798 -17.6984 28.6094
    endloop
  endfacet
  facet normal 0.341163 -0.590906 -0.731053
    outer loop
      vertex 4.70337 -18.6465 25
      vertex 8.28739 -21.0427 28.6094
      vertex 6.17851 -21.2015 27.7536
    endloop
  endfacet
  facet normal 0.341162 -0.590907 -0.731053
    outer loop
      vertex 8.28739 -21.0427 28.6094
      vertex 4.70337 -18.6465 25
      vertex 13.7966 -13.3965 25
    endloop
  endfacet
  facet normal 0.500002 -0.866025 0
    outer loop
      vertex 4.70337 -18.6465 0
      vertex 13.7966 -13.3965 25
      vertex 4.70337 -18.6465 25
    endloop
  endfacet
  facet normal 0.500002 -0.866025 0
    outer loop
      vertex 13.7966 -13.3965 25
      vertex 4.70337 -18.6465 0
      vertex 13.7966 -13.3965 0
    endloop
  endfacet
  facet normal -0.866026 0.499998 0
    outer loop
      vertex -23.9689 5.25 8
      vertex -16.5311 18.1327 16
      vertex -16.5311 18.1327 8
    endloop
  endfacet
  facet normal -0.866026 0.499998 0
    outer loop
      vertex -16.5311 18.1327 16
      vertex -23.9689 5.25 8
      vertex -23.9689 5.25 16
    endloop
  endfacet
  facet normal -0.851468 0.491652 0.18243
    outer loop
      vertex -21.4503 5.25 27.7536
      vertex -9.75 16.8875 51
      vertex -21.6373 5.25 26.8808
    endloop
  endfacet
  facet normal -0.851487 0.491607 0.182462
    outer loop
      vertex -22.3672 3.34425 28.6094
      vertex -9.75 16.8875 51
      vertex -21.4503 5.25 27.7536
    endloop
  endfacet
  facet normal -0.851494 0.491596 0.182461
    outer loop
      vertex -19.5 0 51
      vertex -22.3672 3.34425 28.6094
      vertex -23.9183 0 30.3811
    endloop
  endfacet
  facet normal -0.851487 0.491606 0.182462
    outer loop
      vertex -22.3672 3.34425 28.6094
      vertex -19.5 0 51
      vertex -9.75 16.8875 51
    endloop
  endfacet
  facet normal -0.851489 0.491603 0.182462
    outer loop
      vertex -21.6373 5.25 26.8808
      vertex -16.2697 17.6799 18.44
      vertex -23.9689 5.25 16
    endloop
  endfacet
  facet normal -0.85149 0.491606 0.18245
    outer loop
      vertex -23.9689 5.25 16
      vertex -16.2697 17.6799 18.44
      vertex -16.5311 18.1327 16
    endloop
  endfacet
  facet normal -0.851493 0.491596 0.182462
    outer loop
      vertex -14.0798 17.6984 28.6094
      vertex -9.75 16.8875 51
      vertex -11.9592 20.7139 30.3811
    endloop
  endfacet
  facet normal -0.851479 0.491622 0.18246
    outer loop
      vertex -15.2718 15.9515 27.7536
      vertex -9.75 16.8875 51
      vertex -14.0798 17.6984 28.6094
    endloop
  endfacet
  facet normal -0.851489 0.491604 0.182463
    outer loop
      vertex -16.2697 17.6799 18.44
      vertex -21.6373 5.25 26.8808
      vertex -15.2718 15.9515 27.7536
    endloop
  endfacet
  facet normal -0.851489 0.491604 0.182463
    outer loop
      vertex -15.2718 15.9515 27.7536
      vertex -21.6373 5.25 26.8808
      vertex -9.75 16.8875 51
    endloop
  endfacet
  facet normal -0.856856 0.494711 -0.145115
    outer loop
      vertex -19.5 0 51
      vertex -21.4592 5.25 80.4662
      vertex -16.399 17.9038 93.7254
    endloop
  endfacet
  facet normal -0.856869 0.494689 -0.145112
    outer loop
      vertex -19.5 0 51
      vertex -23.4062 1.70411 79.875
      vertex -21.4592 5.25 80.4662
    endloop
  endfacet
  facet normal -0.856852 0.49472 -0.145111
    outer loop
      vertex -23.4062 1.70411 79.875
      vertex -19.5 0 51
      vertex -24.3176 0 79.4469
    endloop
  endfacet
  facet normal -0.856859 0.494706 -0.145115
    outer loop
      vertex -26.9689 5.25 113
      vertex -17.553 19.9027 107.354
      vertex -16.6846 18.3986 97.0988
    endloop
  endfacet
  facet normal -0.856856 0.494714 -0.145107
    outer loop
      vertex -26.9689 5.25 113
      vertex -16.6846 18.3986 97.0988
      vertex -16.399 17.9038 93.7254
    endloop
  endfacet
  facet normal -0.856858 0.494708 -0.145112
    outer loop
      vertex -26.9689 5.25 113
      vertex -16.399 17.9038 93.7254
      vertex -21.4592 5.25 80.4662
    endloop
  endfacet
  facet normal -0.856859 0.494705 -0.145117
    outer loop
      vertex -17.553 19.9027 107.354
      vertex -26.9689 5.25 113
      vertex -18.0311 20.7308 113
    endloop
  endfacet
  facet normal -0.856873 0.494684 -0.145111
    outer loop
      vertex -9.75 16.8875 51
      vertex -13.1789 19.4183 79.875
      vertex -12.1588 21.0597 79.4469
    endloop
  endfacet
  facet normal -0.856852 0.49472 -0.145112
    outer loop
      vertex -9.75 16.8875 51
      vertex -15.2762 15.9592 80.4662
      vertex -13.1789 19.4183 79.875
    endloop
  endfacet
  facet normal -0.856859 0.494707 -0.145113
    outer loop
      vertex -15.2762 15.9592 80.4662
      vertex -9.75 16.8875 51
      vertex -19.5 0 51
    endloop
  endfacet
  facet normal -0.856862 0.494703 -0.145111
    outer loop
      vertex -19.5 0 51
      vertex -16.1777 17.5206 91.1125
      vertex -15.2762 15.9592 80.4662
    endloop
  endfacet
  facet normal -0.85684 0.494736 -0.145127
    outer loop
      vertex -16.1777 17.5206 91.1125
      vertex -19.5 0 51
      vertex -16.399 17.9038 93.7254
    endloop
  endfacet
  facet normal -0.86325 0.498395 0.0800156
    outer loop
      vertex -26.9689 5.25 113
      vertex -17.6526 20.0752 121.167
      vertex -18.0311 20.7308 113
    endloop
  endfacet
  facet normal -0.863251 0.498392 0.0800234
    outer loop
      vertex -26.0292 5.25 123.137
      vertex -17.6526 20.0752 121.167
      vertex -26.9689 5.25 113
    endloop
  endfacet
  facet normal -0.863244 0.498395 0.0800744
    outer loop
      vertex -17.6526 20.0752 121.167
      vertex -26.0292 5.25 123.137
      vertex -17.5612 19.917 123.137
    endloop
  endfacet
  facet normal 0 0 -1
    outer loop
      vertex 4.70337 -18.6465 0
      vertex 3.94352 -13 0
      vertex 4.57665 -12.7909 0
    endloop
  endfacet
  facet normal 0 0 -1
    outer loop
      vertex 4.70337 -18.6465 0
      vertex 3.30089 -13.1779 0
      vertex 3.94352 -13 0
    endloop
  endfacet
  facet normal 0 0 -1
    outer loop
      vertex 4.70337 -18.6465 0
      vertex 2.6503 -13.324 0
      vertex 3.30089 -13.1779 0
    endloop
  endfacet
  facet normal 0 0 -1
    outer loop
      vertex 4.70337 -18.6465 0
      vertex 1.99333 -13.438 0
      vertex 2.6503 -13.324 0
    endloop
  endfacet
  facet normal 0 0 -1
    outer loop
      vertex 4.70337 -18.6465 0
      vertex 1.33156 -13.5196 0
      vertex 1.99333 -13.438 0
    endloop
  endfacet
  facet normal 0 0 -1
    outer loop
      vertex -4.70337 -18.6465 0
      vertex 4.70337 -18.6465 0
      vertex 5.93782 -20.7846 0
    endloop
  endfacet
  facet normal 0 0 -1
    outer loop
      vertex 4.70337 -18.6465 0
      vertex 0.666584 -13.5686 0
      vertex 1.33156 -13.5196 0
    endloop
  endfacet
  facet normal 0 -0 -1
    outer loop
      vertex 0 -13.585 0
      vertex 4.70337 -18.6465 0
      vertex -4.70337 -18.6465 0
    endloop
  endfacet
  facet normal 0 0 -1
    outer loop
      vertex 4.70337 -18.6465 0
      vertex 0 -13.585 0
      vertex 0.666584 -13.5686 0
    endloop
  endfacet
  facet normal -0 0 -1
    outer loop
      vertex 0 -13.585 0
      vertex -4.70337 -18.6465 0
      vertex -0.666584 -13.5686 0
    endloop
  endfacet
  facet normal -0 0 -1
    outer loop
      vertex -0.666584 -13.5686 0
      vertex -4.70337 -18.6465 0
      vertex -1.33156 -13.5196 0
    endloop
  endfacet
  facet normal -0 0 -1
    outer loop
      vertex -1.33156 -13.5196 0
      vertex -4.70337 -18.6465 0
      vertex -1.99333 -13.438 0
    endloop
  endfacet
  facet normal -0 0 -1
    outer loop
      vertex -1.99333 -13.438 0
      vertex -4.70337 -18.6465 0
      vertex -2.6503 -13.324 0
    endloop
  endfacet
  facet normal -0 0 -1
    outer loop
      vertex -2.6503 -13.324 0
      vertex -4.70337 -18.6465 0
      vertex -3.30089 -13.1779 0
    endloop
  endfacet
  facet normal -0 0 -1
    outer loop
      vertex -3.30089 -13.1779 0
      vertex -4.70337 -18.6465 0
      vertex -3.94352 -13 0
    endloop
  endfacet
  facet normal -0 0 -1
    outer loop
      vertex -3.94352 -13 0
      vertex -4.70337 -18.6465 0
      vertex -4.57665 -12.7909 0
    endloop
  endfacet
  facet normal 0 -0 -1
    outer loop
      vertex -4.70337 -18.6465 0
      vertex 5.93782 -20.7846 0
      vertex -5.93782 -20.7846 0
    endloop
  endfacet
  facet normal 0 0 -1
    outer loop
      vertex 13.5196 1.33156 0
      vertex 18.5 5.25 0
      vertex 13.5686 0.666584 0
    endloop
  endfacet
  facet normal 0 0 -1
    outer loop
      vertex 13.438 1.99333 0
      vertex 18.5 5.25 0
      vertex 13.5196 1.33156 0
    endloop
  endfacet
  facet normal 0 0 -1
    outer loop
      vertex 13.324 2.6503 0
      vertex 18.5 5.25 0
      vertex 13.438 1.99333 0
    endloop
  endfacet
  facet normal 0 0 -1
    outer loop
      vertex 13.1779 3.30089 0
      vertex 18.5 5.25 0
      vertex 13.324 2.6503 0
    endloop
  endfacet
  facet normal 0 0 -1
    outer loop
      vertex 13 3.94352 0
      vertex 18.5 5.25 0
      vertex 13.1779 3.30089 0
    endloop
  endfacet
  facet normal 0 0 -1
    outer loop
      vertex 12.7909 4.57665 0
      vertex 18.5 5.25 0
      vertex 13 3.94352 0
    endloop
  endfacet
  facet normal 0 0 -1
    outer loop
      vertex 12.5509 5.19875 0
      vertex 18.5 5.25 0
      vertex 12.7909 4.57665 0
    endloop
  endfacet
  facet normal 0 0 -1
    outer loop
      vertex 12.2807 5.80834 0
      vertex 18.5 5.25 0
      vertex 12.5509 5.19875 0
    endloop
  endfacet
  facet normal 0 0 -1
    outer loop
      vertex 11.9809 6.40392 0
      vertex 18.5 5.25 0
      vertex 12.2807 5.80834 0
    endloop
  endfacet
  facet normal 0 0 -1
    outer loop
      vertex 11.6522 6.98409 0
      vertex 18.5 5.25 0
      vertex 11.9809 6.40392 0
    endloop
  endfacet
  facet normal 0 0 -1
    outer loop
      vertex 18.5 5.25 0
      vertex 11.6522 6.98409 0
      vertex 13.7966 13.3965 0
    endloop
  endfacet
  facet normal 0 0 -1
    outer loop
      vertex 11.2955 7.54742 0
      vertex 13.7966 13.3965 0
      vertex 11.6522 6.98409 0
    endloop
  endfacet
  facet normal 0 0 -1
    outer loop
      vertex 10.9116 8.09257 0
      vertex 13.7966 13.3965 0
      vertex 11.2955 7.54742 0
    endloop
  endfacet
  facet normal 0 0 -1
    outer loop
      vertex 10.5013 8.61823 0
      vertex 13.7966 13.3965 0
      vertex 10.9116 8.09257 0
    endloop
  endfacet
  facet normal 0 0 -1
    outer loop
      vertex 10.0658 9.12313 0
      vertex 13.7966 13.3965 0
      vertex 10.5013 8.61823 0
    endloop
  endfacet
  facet normal 0 0 -1
    outer loop
      vertex 9.60604 9.60604 0
      vertex 13.7966 13.3965 0
      vertex 10.0658 9.12313 0
    endloop
  endfacet
  facet normal 0 0 -1
    outer loop
      vertex 9.12313 10.0658 0
      vertex 13.7966 13.3965 0
      vertex 9.60604 9.60604 0
    endloop
  endfacet
  facet normal 0 0 -1
    outer loop
      vertex 8.61823 10.5013 0
      vertex 13.7966 13.3965 0
      vertex 9.12313 10.0658 0
    endloop
  endfacet
  facet normal 0 0 -1
    outer loop
      vertex 8.09257 10.9116 0
      vertex 13.7966 13.3965 0
      vertex 8.61823 10.5013 0
    endloop
  endfacet
  facet normal 0 0 -1
    outer loop
      vertex 7.54742 11.2955 0
      vertex 13.7966 13.3965 0
      vertex 8.09257 10.9116 0
    endloop
  endfacet
  facet normal 0 0 -1
    outer loop
      vertex 6.98409 11.6522 0
      vertex 13.7966 13.3965 0
      vertex 7.54742 11.2955 0
    endloop
  endfacet
  facet normal 0 0 -1
    outer loop
      vertex 4.70337 18.6465 0
      vertex 6.98409 11.6522 0
      vertex 6.40392 11.9809 0
    endloop
  endfacet
  facet normal 0 0 -1
    outer loop
      vertex 4.70337 18.6465 0
      vertex 6.40392 11.9809 0
      vertex 5.80834 12.2807 0
    endloop
  endfacet
  facet normal 0 0 -1
    outer loop
      vertex 4.70337 18.6465 0
      vertex 5.80834 12.2807 0
      vertex 5.19875 12.5509 0
    endloop
  endfacet
  facet normal 0 0 -1
    outer loop
      vertex 6.98409 11.6522 0
      vertex 4.70337 18.6465 0
      vertex 13.7966 13.3965 0
    endloop
  endfacet
  facet normal 0 -0 -1
    outer loop
      vertex 4.70337 18.6465 0
      vertex 5.19875 12.5509 0
      vertex 4.57665 12.7909 0
    endloop
  endfacet
  facet normal 0 0 -1
    outer loop
      vertex 13.7966 -13.3965 0
      vertex 18.5 -5.25 0
      vertex 15.0311 -15.5346 0
    endloop
  endfacet
  facet normal 0 0 -1
    outer loop
      vertex 15.0311 -15.5346 0
      vertex 18.5 -5.25 0
      vertex 20.9689 -5.25 0
    endloop
  endfacet
  facet normal 0 0 -1
    outer loop
      vertex 18.5 5.25 0
      vertex 15.0311 15.5346 0
      vertex 20.9689 5.25 0
    endloop
  endfacet
  facet normal 0 -0 -1
    outer loop
      vertex 13.324 -2.6503 0
      vertex 18.5 -5.25 0
      vertex 13.1779 -3.30089 0
    endloop
  endfacet
  facet normal 0 0 -1
    outer loop
      vertex 11.6522 -6.98409 0
      vertex 18.5 -5.25 0
      vertex 13.7966 -13.3965 0
    endloop
  endfacet
  facet normal 0 0 -1
    outer loop
      vertex 13.5686 0.666584 0
      vertex 18.5 5.25 0
      vertex 13.585 0 0
    endloop
  endfacet
  facet normal 0 0 -1
    outer loop
      vertex 18.5 5.25 0
      vertex 13.7966 13.3965 0
      vertex 15.0311 15.5346 0
    endloop
  endfacet
  facet normal 0 0 -1
    outer loop
      vertex 18.5 -5.25 0
      vertex 13.585 0 0
      vertex 18.5 5.25 0
    endloop
  endfacet
  facet normal 0 -0 -1
    outer loop
      vertex 13.585 0 0
      vertex 18.5 -5.25 0
      vertex 13.5686 -0.666584 0
    endloop
  endfacet
  facet normal 0 -0 -1
    outer loop
      vertex 13.5686 -0.666584 0
      vertex 18.5 -5.25 0
      vertex 13.5196 -1.33156 0
    endloop
  endfacet
  facet normal 0 -0 -1
    outer loop
      vertex 13.5196 -1.33156 0
      vertex 18.5 -5.25 0
      vertex 13.438 -1.99333 0
    endloop
  endfacet
  facet normal 0 -0 -1
    outer loop
      vertex 13.438 -1.99333 0
      vertex 18.5 -5.25 0
      vertex 13.324 -2.6503 0
    endloop
  endfacet
  facet normal 0 0 -1
    outer loop
      vertex 18.5 -5.25 0
      vertex 13 -3.94352 0
      vertex 13.1779 -3.30089 0
    endloop
  endfacet
  facet normal 0 0 -1
    outer loop
      vertex 18.5 -5.25 0
      vertex 12.7909 -4.57665 0
      vertex 13 -3.94352 0
    endloop
  endfacet
  facet normal 0 0 -1
    outer loop
      vertex 18.5 -5.25 0
      vertex 12.5509 -5.19875 0
      vertex 12.7909 -4.57665 0
    endloop
  endfacet
  facet normal -0 0 -1
    outer loop
      vertex 18.5 -5.25 0
      vertex 12.2807 -5.80834 0
      vertex 12.5509 -5.19875 0
    endloop
  endfacet
  facet normal 0 0 -1
    outer loop
      vertex 18.5 -5.25 0
      vertex 11.9809 -6.40392 0
      vertex 12.2807 -5.80834 0
    endloop
  endfacet
  facet normal 0 0 -1
    outer loop
      vertex 18.5 -5.25 0
      vertex 11.6522 -6.98409 0
      vertex 11.9809 -6.40392 0
    endloop
  endfacet
  facet normal 0 0 -1
    outer loop
      vertex 13.7966 -13.3965 0
      vertex 11.2955 -7.54742 0
      vertex 11.6522 -6.98409 0
    endloop
  endfacet
  facet normal 0 0 -1
    outer loop
      vertex 13.7966 -13.3965 0
      vertex 10.9116 -8.09257 0
      vertex 11.2955 -7.54742 0
    endloop
  endfacet
  facet normal 0 0 -1
    outer loop
      vertex 13.7966 -13.3965 0
      vertex 10.5013 -8.61823 0
      vertex 10.9116 -8.09257 0
    endloop
  endfacet
  facet normal 0 0 -1
    outer loop
      vertex 13.7966 -13.3965 0
      vertex 10.0658 -9.12313 0
      vertex 10.5013 -8.61823 0
    endloop
  endfacet
  facet normal 0 0 -1
    outer loop
      vertex 13.7966 -13.3965 0
      vertex 9.60604 -9.60604 0
      vertex 10.0658 -9.12313 0
    endloop
  endfacet
  facet normal 0 0 -1
    outer loop
      vertex 13.7966 -13.3965 0
      vertex 9.12313 -10.0658 0
      vertex 9.60604 -9.60604 0
    endloop
  endfacet
  facet normal 0 0 -1
    outer loop
      vertex 13.7966 -13.3965 0
      vertex 8.61823 -10.5013 0
      vertex 9.12313 -10.0658 0
    endloop
  endfacet
  facet normal 0 0 -1
    outer loop
      vertex 13.7966 -13.3965 0
      vertex 8.09257 -10.9116 0
      vertex 8.61823 -10.5013 0
    endloop
  endfacet
  facet normal 0 0 -1
    outer loop
      vertex 13.7966 -13.3965 0
      vertex 7.54742 -11.2955 0
      vertex 8.09257 -10.9116 0
    endloop
  endfacet
  facet normal 0 0 -1
    outer loop
      vertex 13.7966 -13.3965 0
      vertex 6.98409 -11.6522 0
      vertex 7.54742 -11.2955 0
    endloop
  endfacet
  facet normal 0 0 -1
    outer loop
      vertex 4.70337 -18.6465 0
      vertex 6.98409 -11.6522 0
      vertex 13.7966 -13.3965 0
    endloop
  endfacet
  facet normal 0 0 -1
    outer loop
      vertex 6.98409 -11.6522 0
      vertex 4.70337 -18.6465 0
      vertex 6.40392 -11.9809 0
    endloop
  endfacet
  facet normal 0 0 -1
    outer loop
      vertex 6.40392 -11.9809 0
      vertex 4.70337 -18.6465 0
      vertex 5.80834 -12.2807 0
    endloop
  endfacet
  facet normal 0 0 -1
    outer loop
      vertex 5.80834 -12.2807 0
      vertex 4.70337 -18.6465 0
      vertex 5.19875 -12.5509 0
    endloop
  endfacet
  facet normal 0 0 -1
    outer loop
      vertex 5.19875 -12.5509 0
      vertex 4.70337 -18.6465 0
      vertex 4.57665 -12.7909 0
    endloop
  endfacet
  facet normal 0 0 -1
    outer loop
      vertex 3.94352 13 0
      vertex 4.70337 18.6465 0
      vertex 4.57665 12.7909 0
    endloop
  endfacet
  facet normal 0 0 -1
    outer loop
      vertex 3.30089 13.1779 0
      vertex 4.70337 18.6465 0
      vertex 3.94352 13 0
    endloop
  endfacet
  facet normal 0 0 -1
    outer loop
      vertex 2.6503 13.324 0
      vertex 4.70337 18.6465 0
      vertex 3.30089 13.1779 0
    endloop
  endfacet
  facet normal 0 0 -1
    outer loop
      vertex 1.99333 13.438 0
      vertex 4.70337 18.6465 0
      vertex 2.6503 13.324 0
    endloop
  endfacet
  facet normal 0 0 -1
    outer loop
      vertex 1.33156 13.5196 0
      vertex 4.70337 18.6465 0
      vertex 1.99333 13.438 0
    endloop
  endfacet
  facet normal 0 0 -1
    outer loop
      vertex 0.666584 13.5686 0
      vertex 4.70337 18.6465 0
      vertex 1.33156 13.5196 0
    endloop
  endfacet
  facet normal 0 0 -1
    outer loop
      vertex 0 13.585 0
      vertex 4.70337 18.6465 0
      vertex 0.666584 13.5686 0
    endloop
  endfacet
  facet normal -0 0 -1
    outer loop
      vertex 4.70337 18.6465 0
      vertex 0 13.585 0
      vertex -4.70337 18.6465 0
    endloop
  endfacet
  facet normal 0 0 -1
    outer loop
      vertex -4.70337 18.6465 0
      vertex 0 13.585 0
      vertex -0.666584 13.5686 0
    endloop
  endfacet
  facet normal 0 0 -1
    outer loop
      vertex -4.70337 18.6465 0
      vertex -0.666584 13.5686 0
      vertex -1.33156 13.5196 0
    endloop
  endfacet
  facet normal 0 0 -1
    outer loop
      vertex -4.70337 18.6465 0
      vertex -1.33156 13.5196 0
      vertex -1.99333 13.438 0
    endloop
  endfacet
  facet normal 0 0 -1
    outer loop
      vertex -4.70337 18.6465 0
      vertex -1.99333 13.438 0
      vertex -2.6503 13.324 0
    endloop
  endfacet
  facet normal 0 0 -1
    outer loop
      vertex -4.70337 18.6465 0
      vertex -2.6503 13.324 0
      vertex -3.30089 13.1779 0
    endloop
  endfacet
  facet normal 0 0 -1
    outer loop
      vertex -4.70337 18.6465 0
      vertex -3.30089 13.1779 0
      vertex -3.94352 13 0
    endloop
  endfacet
  facet normal 0 0 -1
    outer loop
      vertex -4.70337 18.6465 0
      vertex -3.94352 13 0
      vertex -4.57665 12.7909 0
    endloop
  endfacet
  facet normal 0 0 -1
    outer loop
      vertex 4.70337 18.6465 0
      vertex -4.70337 18.6465 0
      vertex 5.93782 20.7846 0
    endloop
  endfacet
  facet normal -0 0 -1
    outer loop
      vertex 5.93782 20.7846 0
      vertex -4.70337 18.6465 0
      vertex -5.93782 20.7846 0
    endloop
  endfacet
  facet normal -0 0 -1
    outer loop
      vertex -13.7966 13.3965 0
      vertex -18.5 5.25 0
      vertex -15.0311 15.5346 0
    endloop
  endfacet
  facet normal 0 0 -1
    outer loop
      vertex -15.0311 15.5346 0
      vertex -18.5 5.25 0
      vertex -20.9689 5.25 0
    endloop
  endfacet
  facet normal 0 0 -1
    outer loop
      vertex -5.19875 12.5509 0
      vertex -4.70337 18.6465 0
      vertex -4.57665 12.7909 0
    endloop
  endfacet
  facet normal 0 0 -1
    outer loop
      vertex -5.80834 12.2807 0
      vertex -4.70337 18.6465 0
      vertex -5.19875 12.5509 0
    endloop
  endfacet
  facet normal 0 0 -1
    outer loop
      vertex -6.40392 11.9809 0
      vertex -4.70337 18.6465 0
      vertex -5.80834 12.2807 0
    endloop
  endfacet
  facet normal 0 0 -1
    outer loop
      vertex -6.98409 11.6522 0
      vertex -4.70337 18.6465 0
      vertex -6.40392 11.9809 0
    endloop
  endfacet
  facet normal 0 0 -1
    outer loop
      vertex -13.7966 13.3965 0
      vertex -6.98409 11.6522 0
      vertex -7.54742 11.2955 0
    endloop
  endfacet
  facet normal 0 0 -1
    outer loop
      vertex -13.7966 13.3965 0
      vertex -7.54742 11.2955 0
      vertex -8.09257 10.9116 0
    endloop
  endfacet
  facet normal 0 0 -1
    outer loop
      vertex -13.7966 13.3965 0
      vertex -8.09257 10.9116 0
      vertex -8.61823 10.5013 0
    endloop
  endfacet
  facet normal 0 0 -1
    outer loop
      vertex -13.7966 13.3965 0
      vertex -8.61823 10.5013 0
      vertex -9.12313 10.0658 0
    endloop
  endfacet
  facet normal 0 0 -1
    outer loop
      vertex -13.7966 13.3965 0
      vertex -9.12313 10.0658 0
      vertex -9.60604 9.60604 0
    endloop
  endfacet
  facet normal 0 0 -1
    outer loop
      vertex -13.7966 13.3965 0
      vertex -9.60604 9.60604 0
      vertex -10.0658 9.12313 0
    endloop
  endfacet
  facet normal 0 0 -1
    outer loop
      vertex -13.7966 13.3965 0
      vertex -10.0658 9.12313 0
      vertex -10.5013 8.61823 0
    endloop
  endfacet
  facet normal 0 0 -1
    outer loop
      vertex -13.7966 13.3965 0
      vertex -10.5013 8.61823 0
      vertex -10.9116 8.09257 0
    endloop
  endfacet
  facet normal 0 0 -1
    outer loop
      vertex -13.7966 13.3965 0
      vertex -10.9116 8.09257 0
      vertex -11.2955 7.54742 0
    endloop
  endfacet
  facet normal 0 0 -1
    outer loop
      vertex -13.7966 13.3965 0
      vertex -11.2955 7.54742 0
      vertex -11.6522 6.98409 0
    endloop
  endfacet
  facet normal 0 0 -1
    outer loop
      vertex -6.98409 11.6522 0
      vertex -13.7966 13.3965 0
      vertex -4.70337 18.6465 0
    endloop
  endfacet
  facet normal 0 0 -1
    outer loop
      vertex -18.5 5.25 0
      vertex -11.6522 6.98409 0
      vertex -11.9809 6.40392 0
    endloop
  endfacet
  facet normal 0 0 -1
    outer loop
      vertex -18.5 5.25 0
      vertex -11.9809 6.40392 0
      vertex -12.2807 5.80834 0
    endloop
  endfacet
  facet normal 0 0 -1
    outer loop
      vertex -18.5 5.25 0
      vertex -12.2807 5.80834 0
      vertex -12.5509 5.19875 0
    endloop
  endfacet
  facet normal 0 0 -1
    outer loop
      vertex -18.5 5.25 0
      vertex -12.5509 5.19875 0
      vertex -12.7909 4.57665 0
    endloop
  endfacet
  facet normal 0 0 -1
    outer loop
      vertex -18.5 5.25 0
      vertex -12.7909 4.57665 0
      vertex -13 3.94352 0
    endloop
  endfacet
  facet normal 0 0 -1
    outer loop
      vertex -18.5 5.25 0
      vertex -13 3.94352 0
      vertex -13.1779 3.30089 0
    endloop
  endfacet
  facet normal 0 0 -1
    outer loop
      vertex -13.438 1.99333 0
      vertex -18.5 5.25 0
      vertex -13.324 2.6503 0
    endloop
  endfacet
  facet normal 0 0 -1
    outer loop
      vertex -13.5196 1.33156 0
      vertex -18.5 5.25 0
      vertex -13.438 1.99333 0
    endloop
  endfacet
  facet normal 0 0 -1
    outer loop
      vertex -13.5686 0.666584 0
      vertex -18.5 5.25 0
      vertex -13.5196 1.33156 0
    endloop
  endfacet
  facet normal 0 0 -1
    outer loop
      vertex -13.585 0 0
      vertex -18.5 5.25 0
      vertex -13.5686 0.666584 0
    endloop
  endfacet
  facet normal 0 0 -1
    outer loop
      vertex -18.5 5.25 0
      vertex -13.585 0 0
      vertex -18.5 -5.25 0
    endloop
  endfacet
  facet normal -0 0 -1
    outer loop
      vertex -13.5686 -0.666584 0
      vertex -18.5 -5.25 0
      vertex -13.585 0 0
    endloop
  endfacet
  facet normal 0 0 -1
    outer loop
      vertex -18.5 -5.25 0
      vertex -13.7966 -13.3965 0
      vertex -15.0311 -15.5346 0
    endloop
  endfacet
  facet normal 0 0 -1
    outer loop
      vertex -13.324 2.6503 0
      vertex -18.5 5.25 0
      vertex -13.1779 3.30089 0
    endloop
  endfacet
  facet normal -0 0 -1
    outer loop
      vertex -11.6522 6.98409 0
      vertex -18.5 5.25 0
      vertex -13.7966 13.3965 0
    endloop
  endfacet
  facet normal -0 -0 -1
    outer loop
      vertex -18.5 -5.25 0
      vertex -15.0311 -15.5346 0
      vertex -20.9689 -5.25 0
    endloop
  endfacet
  facet normal 0 0 -1
    outer loop
      vertex -4.70337 -18.6465 0
      vertex -5.19875 -12.5509 0
      vertex -4.57665 -12.7909 0
    endloop
  endfacet
  facet normal 0 0 -1
    outer loop
      vertex -4.70337 -18.6465 0
      vertex -5.80834 -12.2807 0
      vertex -5.19875 -12.5509 0
    endloop
  endfacet
  facet normal 0 0 -1
    outer loop
      vertex -4.70337 -18.6465 0
      vertex -6.40392 -11.9809 0
      vertex -5.80834 -12.2807 0
    endloop
  endfacet
  facet normal 0 0 -1
    outer loop
      vertex -4.70337 -18.6465 0
      vertex -6.98409 -11.6522 0
      vertex -6.40392 -11.9809 0
    endloop
  endfacet
  facet normal 0 0 -1
    outer loop
      vertex -13.7966 -13.3965 0
      vertex -6.98409 -11.6522 0
      vertex -4.70337 -18.6465 0
    endloop
  endfacet
  facet normal -0 0 -1
    outer loop
      vertex -6.98409 -11.6522 0
      vertex -13.7966 -13.3965 0
      vertex -7.54742 -11.2955 0
    endloop
  endfacet
  facet normal -0 0 -1
    outer loop
      vertex -7.54742 -11.2955 0
      vertex -13.7966 -13.3965 0
      vertex -8.09257 -10.9116 0
    endloop
  endfacet
  facet normal -0 0 -1
    outer loop
      vertex -8.09257 -10.9116 0
      vertex -13.7966 -13.3965 0
      vertex -8.61823 -10.5013 0
    endloop
  endfacet
  facet normal -0 0 -1
    outer loop
      vertex -8.61823 -10.5013 0
      vertex -13.7966 -13.3965 0
      vertex -9.12313 -10.0658 0
    endloop
  endfacet
  facet normal -0 0 -1
    outer loop
      vertex -9.12313 -10.0658 0
      vertex -13.7966 -13.3965 0
      vertex -9.60604 -9.60604 0
    endloop
  endfacet
  facet normal -0 0 -1
    outer loop
      vertex -9.60604 -9.60604 0
      vertex -13.7966 -13.3965 0
      vertex -10.0658 -9.12313 0
    endloop
  endfacet
  facet normal -0 0 -1
    outer loop
      vertex -10.0658 -9.12313 0
      vertex -13.7966 -13.3965 0
      vertex -10.5013 -8.61823 0
    endloop
  endfacet
  facet normal -0 0 -1
    outer loop
      vertex -10.5013 -8.61823 0
      vertex -13.7966 -13.3965 0
      vertex -10.9116 -8.09257 0
    endloop
  endfacet
  facet normal -0 0 -1
    outer loop
      vertex -10.9116 -8.09257 0
      vertex -13.7966 -13.3965 0
      vertex -11.2955 -7.54742 0
    endloop
  endfacet
  facet normal -0 0 -1
    outer loop
      vertex -13.5196 -1.33156 0
      vertex -18.5 -5.25 0
      vertex -13.5686 -0.666584 0
    endloop
  endfacet
  facet normal -0 0 -1
    outer loop
      vertex -13.438 -1.99333 0
      vertex -18.5 -5.25 0
      vertex -13.5196 -1.33156 0
    endloop
  endfacet
  facet normal -0 0 -1
    outer loop
      vertex -13.324 -2.6503 0
      vertex -18.5 -5.25 0
      vertex -13.438 -1.99333 0
    endloop
  endfacet
  facet normal -0 0 -1
    outer loop
      vertex -13.1779 -3.30089 0
      vertex -18.5 -5.25 0
      vertex -13.324 -2.6503 0
    endloop
  endfacet
  facet normal -0 0 -1
    outer loop
      vertex -13 -3.94352 0
      vertex -18.5 -5.25 0
      vertex -13.1779 -3.30089 0
    endloop
  endfacet
  facet normal -0 0 -1
    outer loop
      vertex -12.7909 -4.57665 0
      vertex -18.5 -5.25 0
      vertex -13 -3.94352 0
    endloop
  endfacet
  facet normal -0 0 -1
    outer loop
      vertex -12.5509 -5.19875 0
      vertex -18.5 -5.25 0
      vertex -12.7909 -4.57665 0
    endloop
  endfacet
  facet normal 0 0 -1
    outer loop
      vertex -12.2807 -5.80834 0
      vertex -18.5 -5.25 0
      vertex -12.5509 -5.19875 0
    endloop
  endfacet
  facet normal 0 0 -1
    outer loop
      vertex -11.9809 -6.40392 0
      vertex -18.5 -5.25 0
      vertex -12.2807 -5.80834 0
    endloop
  endfacet
  facet normal 0 0 -1
    outer loop
      vertex -11.6522 -6.98409 0
      vertex -18.5 -5.25 0
      vertex -11.9809 -6.40392 0
    endloop
  endfacet
  facet normal 0 0 -1
    outer loop
      vertex -18.5 -5.25 0
      vertex -11.6522 -6.98409 0
      vertex -13.7966 -13.3965 0
    endloop
  endfacet
  facet normal -0 0 -1
    outer loop
      vertex -11.2955 -7.54742 0
      vertex -13.7966 -13.3965 0
      vertex -11.6522 -6.98409 0
    endloop
  endfacet
  facet normal -0.823678 0.475552 -0.308876
    outer loop
      vertex -23.9689 5.25 8
      vertex -16.1522 17.4764 5.97927
      vertex -21.6425 5.25 1.7962
    endloop
  endfacet
  facet normal -0.823675 0.475547 -0.308894
    outer loop
      vertex -16.1522 17.4764 5.97927
      vertex -23.9689 5.25 8
      vertex -16.5311 18.1327 8
    endloop
  endfacet
  facet normal -0.823675 0.475548 -0.30889
    outer loop
      vertex -21.6425 5.25 1.7962
      vertex -15.0311 15.5346 0
      vertex -20.9689 5.25 0
    endloop
  endfacet
  facet normal -0.823678 0.475552 -0.308876
    outer loop
      vertex -15.0311 15.5346 0
      vertex -21.6425 5.25 1.7962
      vertex -16.1522 17.4764 5.97927
    endloop
  endfacet
  facet normal 0 1 -0
    outer loop
      vertex 7.43782 23.3827 8
      vertex -7.43782 23.3827 16
      vertex 7.43782 23.3827 16
    endloop
  endfacet
  facet normal 0 1 0
    outer loop
      vertex -7.43782 23.3827 16
      vertex 7.43782 23.3827 8
      vertex -7.43782 23.3827 8
    endloop
  endfacet
  facet normal 3.22836e-06 0.983213 0.182462
    outer loop
      vertex 8.28739 21.0427 28.6094
      vertex 9.75 16.8875 51
      vertex 11.9592 20.7139 30.3811
    endloop
  endfacet
  facet normal -8.40345e-06 0.983213 0.182463
    outer loop
      vertex 6.17851 21.2015 27.7536
      vertex 9.75 16.8875 51
      vertex 8.28739 21.0427 28.6094
    endloop
  endfacet
  facet normal 0 0.983213 0.182462
    outer loop
      vertex 9.75 16.8875 51
      vertex 6.17851 21.2015 27.7536
      vertex -9.75 16.8875 51
    endloop
  endfacet
  facet normal -3.22836e-06 0.983213 0.182462
    outer loop
      vertex -9.75 16.8875 51
      vertex -8.28739 21.0427 28.6094
      vertex -11.9592 20.7139 30.3811
    endloop
  endfacet
  facet normal -0 0.983213 0.182462
    outer loop
      vertex -6.17851 21.2015 27.7536
      vertex -9.75 16.8875 51
      vertex 6.17851 21.2015 27.7536
    endloop
  endfacet
  facet normal 8.40345e-06 0.983213 0.182463
    outer loop
      vertex -9.75 16.8875 51
      vertex -6.17851 21.2015 27.7536
      vertex -8.28739 21.0427 28.6094
    endloop
  endfacet
  facet normal 0 0.983213 0.182463
    outer loop
      vertex 7.1764 22.9299 18.44
      vertex -6.17851 21.2015 27.7536
      vertex 6.17851 21.2015 27.7536
    endloop
  endfacet
  facet normal 0 0.983213 0.182463
    outer loop
      vertex 7.1764 22.9299 18.44
      vertex -7.1764 22.9299 18.44
      vertex -6.17851 21.2015 27.7536
    endloop
  endfacet
  facet normal 0 0.983214 0.182459
    outer loop
      vertex 7.43782 23.3827 16
      vertex -7.1764 22.9299 18.44
      vertex 7.1764 22.9299 18.44
    endloop
  endfacet
  facet normal 0 0.983214 0.182459
    outer loop
      vertex -7.1764 22.9299 18.44
      vertex 7.43782 23.3827 16
      vertex -7.43782 23.3827 16
    endloop
  endfacet
  facet normal 0 0.989414 -0.145118
    outer loop
      vertex 8.45972 25.1527 107.354
      vertex -8.93782 25.9808 113
      vertex 8.93782 25.9808 113
    endloop
  endfacet
  facet normal 0 0.989414 -0.145118
    outer loop
      vertex 8.45972 25.1527 107.354
      vertex -8.45972 25.1527 107.354
      vertex -8.93782 25.9808 113
    endloop
  endfacet
  facet normal 0 0.989415 -0.145115
    outer loop
      vertex 7.59135 23.6486 97.0988
      vertex -8.45972 25.1527 107.354
      vertex 8.45972 25.1527 107.354
    endloop
  endfacet
  facet normal 0 0.989415 -0.145115
    outer loop
      vertex 7.59135 23.6486 97.0988
      vertex -7.59135 23.6486 97.0988
      vertex -8.45972 25.1527 107.354
    endloop
  endfacet
  facet normal 0 0.989415 -0.145116
    outer loop
      vertex 7.08444 22.7706 91.1125
      vertex -7.59135 23.6486 97.0988
      vertex 7.59135 23.6486 97.0988
    endloop
  endfacet
  facet normal 0 0.989415 -0.145116
    outer loop
      vertex 7.08444 22.7706 91.1125
      vertex -7.08444 22.7706 91.1125
      vertex -7.59135 23.6486 97.0988
    endloop
  endfacet
  facet normal 0 0.989416 -0.145109
    outer loop
      vertex 6.18294 21.2092 80.4662
      vertex -7.08444 22.7706 91.1125
      vertex 7.08444 22.7706 91.1125
    endloop
  endfacet
  facet normal 0 0.989416 -0.145109
    outer loop
      vertex 6.18294 21.2092 80.4662
      vertex -6.18294 21.2092 80.4662
      vertex -7.08444 22.7706 91.1125
    endloop
  endfacet
  facet normal -2.27781e-06 0.989415 -0.145114
    outer loop
      vertex 9.75 16.8875 51
      vertex 6.18294 21.2092 80.4662
      vertex 10.2273 21.1225 79.875
    endloop
  endfacet
  facet normal 0 0.989415 -0.145114
    outer loop
      vertex 6.18294 21.2092 80.4662
      vertex 9.75 16.8875 51
      vertex -6.18294 21.2092 80.4662
    endloop
  endfacet
  facet normal 6.12459e-06 0.989415 -0.145114
    outer loop
      vertex 9.75 16.8875 51
      vertex 10.2273 21.1225 79.875
      vertex 12.1588 21.0597 79.4469
    endloop
  endfacet
  facet normal 0 0.989415 -0.145114
    outer loop
      vertex -9.75 16.8875 51
      vertex -6.18294 21.2092 80.4662
      vertex 9.75 16.8875 51
    endloop
  endfacet
  facet normal 2.27781e-06 0.989415 -0.145114
    outer loop
      vertex -6.18294 21.2092 80.4662
      vertex -9.75 16.8875 51
      vertex -10.2273 21.1225 79.875
    endloop
  endfacet
  facet normal -6.12459e-06 0.989415 -0.145114
    outer loop
      vertex -10.2273 21.1225 79.875
      vertex -9.75 16.8875 51
      vertex -12.1588 21.0597 79.4469
    endloop
  endfacet
  facet normal 0 0.996791 0.0800469
    outer loop
      vertex 8.55932 25.3252 121.167
      vertex -8.46797 25.167 123.137
      vertex 8.46797 25.167 123.137
    endloop
  endfacet
  facet normal 0 0.996791 0.0800469
    outer loop
      vertex 8.55932 25.3252 121.167
      vertex -8.55932 25.3252 121.167
      vertex -8.46797 25.167 123.137
    endloop
  endfacet
  facet normal 0 0.996794 0.0800169
    outer loop
      vertex 8.93782 25.9808 113
      vertex -8.55932 25.3252 121.167
      vertex 8.55932 25.3252 121.167
    endloop
  endfacet
  facet normal 0 0.996794 0.0800169
    outer loop
      vertex -8.55932 25.3252 121.167
      vertex 8.93782 25.9808 113
      vertex -8.93782 25.9808 113
    endloop
  endfacet
  facet normal 0 0.9511 -0.308882
    outer loop
      vertex 5.93782 20.7846 0
      vertex -7.43782 23.3827 8
      vertex 7.43782 23.3827 8
    endloop
  endfacet
  facet normal 0 0.9511 -0.308882
    outer loop
      vertex -7.43782 23.3827 8
      vertex 5.93782 20.7846 0
      vertex -5.93782 20.7846 0
    endloop
  endfacet
  facet normal 0.866026 0.499998 0
    outer loop
      vertex 23.9689 5.25 16
      vertex 16.5311 18.1327 8
      vertex 16.5311 18.1327 16
    endloop
  endfacet
  facet normal 0.866026 0.499998 0
    outer loop
      vertex 16.5311 18.1327 8
      vertex 23.9689 5.25 16
      vertex 23.9689 5.25 8
    endloop
  endfacet
  facet normal 0.851493 0.491596 0.182462
    outer loop
      vertex 9.75 16.8875 51
      vertex 14.0798 17.6984 28.6094
      vertex 11.9592 20.7139 30.3811
    endloop
  endfacet
  facet normal 0.851479 0.491622 0.18246
    outer loop
      vertex 9.75 16.8875 51
      vertex 15.2718 15.9515 27.7536
      vertex 14.0798 17.6984 28.6094
    endloop
  endfacet
  facet normal 0.851487 0.491606 0.182463
    outer loop
      vertex 15.2718 15.9515 27.7536
      vertex 9.75 16.8875 51
      vertex 19.5 0 51
    endloop
  endfacet
  facet normal 0.851486 0.491608 0.182464
    outer loop
      vertex 15.3653 16.1135 26.8808
      vertex 15.2718 15.9515 27.7536
      vertex 19.5 0 51
    endloop
  endfacet
  facet normal 0.851488 0.491606 0.182462
    outer loop
      vertex 19.5 0 51
      vertex 21.4503 5.25 27.7536
      vertex 15.3653 16.1135 26.8808
    endloop
  endfacet
  facet normal 0.851487 0.491607 0.182462
    outer loop
      vertex 21.4503 5.25 27.7536
      vertex 19.5 0 51
      vertex 22.3672 3.34425 28.6094
    endloop
  endfacet
  facet normal 0.851494 0.491596 0.182461
    outer loop
      vertex 22.3672 3.34425 28.6094
      vertex 19.5 0 51
      vertex 23.9183 0 30.3811
    endloop
  endfacet
  facet normal 0.851488 0.491606 0.18246
    outer loop
      vertex 23.9689 5.25 16
      vertex 15.3653 16.1135 26.8808
      vertex 21.4503 5.25 27.7536
    endloop
  endfacet
  facet normal 0.851489 0.491603 0.182463
    outer loop
      vertex 15.3653 16.1135 26.8808
      vertex 23.9689 5.25 16
      vertex 16.2697 17.6799 18.44
    endloop
  endfacet
  facet normal 0.85149 0.491606 0.18245
    outer loop
      vertex 16.2697 17.6799 18.44
      vertex 23.9689 5.25 16
      vertex 16.5311 18.1327 16
    endloop
  endfacet
  facet normal 0.856859 0.494705 -0.145117
    outer loop
      vertex 26.9689 5.25 113
      vertex 17.553 19.9027 107.354
      vertex 18.0311 20.7308 113
    endloop
  endfacet
  facet normal 0.856857 0.49471 -0.145114
    outer loop
      vertex 23.7047 5.25 93.7254
      vertex 16.1777 17.5206 91.1125
      vertex 16.6846 18.3986 97.0988
    endloop
  endfacet
  facet normal 0.856858 0.49471 -0.145111
    outer loop
      vertex 23.7047 5.25 93.7254
      vertex 16.6846 18.3986 97.0988
      vertex 26.9689 5.25 113
    endloop
  endfacet
  facet normal 0.856859 0.494706 -0.145115
    outer loop
      vertex 17.553 19.9027 107.354
      vertex 26.9689 5.25 113
      vertex 16.6846 18.3986 97.0988
    endloop
  endfacet
  facet normal 0.856873 0.494684 -0.145111
    outer loop
      vertex 13.1789 19.4183 79.875
      vertex 9.75 16.8875 51
      vertex 12.1588 21.0597 79.4469
    endloop
  endfacet
  facet normal 0.856852 0.49472 -0.145112
    outer loop
      vertex 15.2762 15.9592 80.4662
      vertex 9.75 16.8875 51
      vertex 13.1789 19.4183 79.875
    endloop
  endfacet
  facet normal 0.856857 0.494711 -0.145111
    outer loop
      vertex 16.1777 17.5206 91.1125
      vertex 23.7047 5.25 93.7254
      vertex 15.2762 15.9592 80.4662
    endloop
  endfacet
  facet normal 0.856858 0.494709 -0.145113
    outer loop
      vertex 15.2762 15.9592 80.4662
      vertex 23.7047 5.25 93.7254
      vertex 9.75 16.8875 51
    endloop
  endfacet
  facet normal 0.856857 0.494711 -0.145112
    outer loop
      vertex 21.4592 5.25 80.4662
      vertex 9.75 16.8875 51
      vertex 23.7047 5.25 93.7254
    endloop
  endfacet
  facet normal 0.856869 0.494689 -0.145112
    outer loop
      vertex 19.5 0 51
      vertex 21.4592 5.25 80.4662
      vertex 23.4062 1.70411 79.875
    endloop
  endfacet
  facet normal 0.856852 0.49472 -0.145111
    outer loop
      vertex 19.5 0 51
      vertex 23.4062 1.70411 79.875
      vertex 24.3176 0 79.4469
    endloop
  endfacet
  facet normal 0.856858 0.494707 -0.145114
    outer loop
      vertex 21.4592 5.25 80.4662
      vertex 19.5 0 51
      vertex 9.75 16.8875 51
    endloop
  endfacet
  facet normal 0.863244 0.498395 0.0800744
    outer loop
      vertex 26.0292 5.25 123.137
      vertex 17.6526 20.0752 121.167
      vertex 17.5612 19.917 123.137
    endloop
  endfacet
  facet normal 0.863251 0.498392 0.0800234
    outer loop
      vertex 17.6526 20.0752 121.167
      vertex 26.0292 5.25 123.137
      vertex 26.9689 5.25 113
    endloop
  endfacet
  facet normal 0.86325 0.498395 0.0800156
    outer loop
      vertex 17.6526 20.0752 121.167
      vertex 26.9689 5.25 113
      vertex 18.0311 20.7308 113
    endloop
  endfacet
  facet normal 0.823676 0.475548 -0.308889
    outer loop
      vertex 23.2111 5.25 5.97927
      vertex 16.5311 18.1327 8
      vertex 23.9689 5.25 8
    endloop
  endfacet
  facet normal 0.823679 0.475548 -0.308881
    outer loop
      vertex 16.5311 18.1327 8
      vertex 23.2111 5.25 5.97927
      vertex 15.3679 16.1179 1.7962
    endloop
  endfacet
  facet normal 0.823679 0.47555 -0.308876
    outer loop
      vertex 20.9689 5.25 0
      vertex 15.3679 16.1179 1.7962
      vertex 23.2111 5.25 5.97927
    endloop
  endfacet
  facet normal 0.823679 0.47555 -0.308876
    outer loop
      vertex 15.3679 16.1179 1.7962
      vertex 20.9689 5.25 0
      vertex 15.0311 15.5346 0
    endloop
  endfacet
  facet normal 0.866026 -0.499998 0
    outer loop
      vertex 16.5311 -18.1327 16
      vertex 23.9689 -5.25 8
      vertex 23.9689 -5.25 16
    endloop
  endfacet
  facet normal 0.866026 -0.499998 0
    outer loop
      vertex 23.9689 -5.25 8
      vertex 16.5311 -18.1327 16
      vertex 16.5311 -18.1327 8
    endloop
  endfacet
  facet normal 0.851494 -0.491596 0.182461
    outer loop
      vertex 19.5 0 51
      vertex 22.3672 -3.34425 28.6094
      vertex 23.9183 0 30.3811
    endloop
  endfacet
  facet normal 0.851487 -0.491606 0.182462
    outer loop
      vertex 9.75 -16.8875 51
      vertex 22.3672 -3.34425 28.6094
      vertex 19.5 0 51
    endloop
  endfacet
  facet normal 0.851468 -0.491652 0.18243
    outer loop
      vertex 21.4503 -5.25 27.7536
      vertex 9.75 -16.8875 51
      vertex 21.6373 -5.25 26.8808
    endloop
  endfacet
  facet normal 0.851487 -0.491607 0.182462
    outer loop
      vertex 22.3672 -3.34425 28.6094
      vertex 9.75 -16.8875 51
      vertex 21.4503 -5.25 27.7536
    endloop
  endfacet
  facet normal 0.851489 -0.491604 0.182463
    outer loop
      vertex 16.2697 -17.6799 18.44
      vertex 21.6373 -5.25 26.8808
      vertex 15.2718 -15.9515 27.7536
    endloop
  endfacet
  facet normal 0.851489 -0.491604 0.182463
    outer loop
      vertex 9.75 -16.8875 51
      vertex 15.2718 -15.9515 27.7536
      vertex 21.6373 -5.25 26.8808
    endloop
  endfacet
  facet normal 0.851479 -0.491622 0.18246
    outer loop
      vertex 9.75 -16.8875 51
      vertex 14.0798 -17.6984 28.6094
      vertex 15.2718 -15.9515 27.7536
    endloop
  endfacet
  facet normal 0.851493 -0.491596 0.182462
    outer loop
      vertex 14.0798 -17.6984 28.6094
      vertex 9.75 -16.8875 51
      vertex 11.9592 -20.7139 30.3811
    endloop
  endfacet
  facet normal 0.851489 -0.491603 0.182462
    outer loop
      vertex 21.6373 -5.25 26.8808
      vertex 16.2697 -17.6799 18.44
      vertex 23.9689 -5.25 16
    endloop
  endfacet
  facet normal 0.85149 -0.491606 0.18245
    outer loop
      vertex 23.9689 -5.25 16
      vertex 16.2697 -17.6799 18.44
      vertex 16.5311 -18.1327 16
    endloop
  endfacet
  facet normal 0.856858 -0.494708 -0.145112
    outer loop
      vertex 26.9689 -5.25 113
      vertex 16.399 -17.9038 93.7254
      vertex 21.4592 -5.25 80.4662
    endloop
  endfacet
  facet normal 0.856856 -0.494714 -0.145107
    outer loop
      vertex 26.9689 -5.25 113
      vertex 16.6846 -18.3986 97.0988
      vertex 16.399 -17.9038 93.7254
    endloop
  endfacet
  facet normal 0.856859 -0.494706 -0.145115
    outer loop
      vertex 26.9689 -5.25 113
      vertex 17.553 -19.9027 107.354
      vertex 16.6846 -18.3986 97.0988
    endloop
  endfacet
  facet normal 0.856859 -0.494705 -0.145117
    outer loop
      vertex 17.553 -19.9027 107.354
      vertex 26.9689 -5.25 113
      vertex 18.0311 -20.7308 113
    endloop
  endfacet
  facet normal 0.856852 -0.49472 -0.145111
    outer loop
      vertex 23.4062 -1.70411 79.875
      vertex 19.5 0 51
      vertex 24.3176 0 79.4469
    endloop
  endfacet
  facet normal 0.856869 -0.494689 -0.145112
    outer loop
      vertex 21.4592 -5.25 80.4662
      vertex 19.5 0 51
      vertex 23.4062 -1.70411 79.875
    endloop
  endfacet
  facet normal 0.856856 -0.494711 -0.145115
    outer loop
      vertex 19.5 0 51
      vertex 21.4592 -5.25 80.4662
      vertex 16.399 -17.9038 93.7254
    endloop
  endfacet
  facet normal 0.856862 -0.494703 -0.145111
    outer loop
      vertex 19.5 0 51
      vertex 16.1777 -17.5206 91.1125
      vertex 15.2762 -15.9592 80.4662
    endloop
  endfacet
  facet normal 0.85684 -0.494736 -0.145127
    outer loop
      vertex 16.1777 -17.5206 91.1125
      vertex 19.5 0 51
      vertex 16.399 -17.9038 93.7254
    endloop
  endfacet
  facet normal 0.856859 -0.494707 -0.145113
    outer loop
      vertex 15.2762 -15.9592 80.4662
      vertex 9.75 -16.8875 51
      vertex 19.5 0 51
    endloop
  endfacet
  facet normal 0.856852 -0.49472 -0.145112
    outer loop
      vertex 13.1789 -19.4183 79.875
      vertex 9.75 -16.8875 51
      vertex 15.2762 -15.9592 80.4662
    endloop
  endfacet
  facet normal 0.856873 -0.494684 -0.145111
    outer loop
      vertex 9.75 -16.8875 51
      vertex 13.1789 -19.4183 79.875
      vertex 12.1588 -21.0597 79.4469
    endloop
  endfacet
  facet normal 0.863244 -0.498395 0.0800744
    outer loop
      vertex 17.6526 -20.0752 121.167
      vertex 26.0292 -5.25 123.137
      vertex 17.5612 -19.917 123.137
    endloop
  endfacet
  facet normal 0.863251 -0.498392 0.0800234
    outer loop
      vertex 26.0292 -5.25 123.137
      vertex 17.6526 -20.0752 121.167
      vertex 26.9689 -5.25 113
    endloop
  endfacet
  facet normal 0.86325 -0.498395 0.0800156
    outer loop
      vertex 26.9689 -5.25 113
      vertex 17.6526 -20.0752 121.167
      vertex 18.0311 -20.7308 113
    endloop
  endfacet
  facet normal 0.823678 -0.475552 -0.308876
    outer loop
      vertex 23.9689 -5.25 8
      vertex 16.1522 -17.4764 5.97927
      vertex 21.6425 -5.25 1.7962
    endloop
  endfacet
  facet normal 0.823675 -0.475547 -0.308894
    outer loop
      vertex 16.1522 -17.4764 5.97927
      vertex 23.9689 -5.25 8
      vertex 16.5311 -18.1327 8
    endloop
  endfacet
  facet normal 0.823675 -0.475548 -0.30889
    outer loop
      vertex 21.6425 -5.25 1.7962
      vertex 15.0311 -15.5346 0
      vertex 20.9689 -5.25 0
    endloop
  endfacet
  facet normal 0.823678 -0.475552 -0.308876
    outer loop
      vertex 15.0311 -15.5346 0
      vertex 21.6425 -5.25 1.7962
      vertex 16.1522 -17.4764 5.97927
    endloop
  endfacet
  facet normal 0 -1 0
    outer loop
      vertex -7.43782 -23.3827 8
      vertex 7.43782 -23.3827 16
      vertex -7.43782 -23.3827 16
    endloop
  endfacet
  facet normal 0 -1 -0
    outer loop
      vertex 7.43782 -23.3827 16
      vertex -7.43782 -23.3827 8
      vertex 7.43782 -23.3827 8
    endloop
  endfacet
  facet normal -3.22836e-06 -0.983213 0.182462
    outer loop
      vertex -8.28739 -21.0427 28.6094
      vertex -9.75 -16.8875 51
      vertex -11.9592 -20.7139 30.3811
    endloop
  endfacet
  facet normal 8.40345e-06 -0.983213 0.182463
    outer loop
      vertex -6.17851 -21.2015 27.7536
      vertex -9.75 -16.8875 51
      vertex -8.28739 -21.0427 28.6094
    endloop
  endfacet
  facet normal 0 -0.983213 0.182462
    outer loop
      vertex -9.75 -16.8875 51
      vertex -6.17851 -21.2015 27.7536
      vertex 9.75 -16.8875 51
    endloop
  endfacet
  facet normal 3.22836e-06 -0.983213 0.182462
    outer loop
      vertex 9.75 -16.8875 51
      vertex 8.28739 -21.0427 28.6094
      vertex 11.9592 -20.7139 30.3811
    endloop
  endfacet
  facet normal 0 -0.983213 0.182462
    outer loop
      vertex 6.17851 -21.2015 27.7536
      vertex 9.75 -16.8875 51
      vertex -6.17851 -21.2015 27.7536
    endloop
  endfacet
  facet normal -8.40345e-06 -0.983213 0.182463
    outer loop
      vertex 9.75 -16.8875 51
      vertex 6.17851 -21.2015 27.7536
      vertex 8.28739 -21.0427 28.6094
    endloop
  endfacet
  facet normal 0 -0.983213 0.182463
    outer loop
      vertex -7.1764 -22.9299 18.44
      vertex 6.17851 -21.2015 27.7536
      vertex -6.17851 -21.2015 27.7536
    endloop
  endfacet
  facet normal 0 -0.983213 0.182463
    outer loop
      vertex -7.1764 -22.9299 18.44
      vertex 7.1764 -22.9299 18.44
      vertex 6.17851 -21.2015 27.7536
    endloop
  endfacet
  facet normal 0 -0.983214 0.182459
    outer loop
      vertex -7.43782 -23.3827 16
      vertex 7.1764 -22.9299 18.44
      vertex -7.1764 -22.9299 18.44
    endloop
  endfacet
  facet normal 0 -0.983214 0.182459
    outer loop
      vertex 7.1764 -22.9299 18.44
      vertex -7.43782 -23.3827 16
      vertex 7.43782 -23.3827 16
    endloop
  endfacet
  facet normal 0 -0.989414 -0.145118
    outer loop
      vertex -8.45972 -25.1527 107.354
      vertex 8.93782 -25.9808 113
      vertex -8.93782 -25.9808 113
    endloop
  endfacet
  facet normal 0 -0.989414 -0.145118
    outer loop
      vertex -8.45972 -25.1527 107.354
      vertex 8.45972 -25.1527 107.354
      vertex 8.93782 -25.9808 113
    endloop
  endfacet
  facet normal 0 -0.989415 -0.145115
    outer loop
      vertex -7.59135 -23.6486 97.0988
      vertex 8.45972 -25.1527 107.354
      vertex -8.45972 -25.1527 107.354
    endloop
  endfacet
  facet normal 0 -0.989415 -0.145115
    outer loop
      vertex -7.59135 -23.6486 97.0988
      vertex 7.59135 -23.6486 97.0988
      vertex 8.45972 -25.1527 107.354
    endloop
  endfacet
  facet normal 0 -0.989415 -0.145116
    outer loop
      vertex -7.08444 -22.7706 91.1125
      vertex 7.59135 -23.6486 97.0988
      vertex -7.59135 -23.6486 97.0988
    endloop
  endfacet
  facet normal 0 -0.989415 -0.145116
    outer loop
      vertex -7.08444 -22.7706 91.1125
      vertex 7.08444 -22.7706 91.1125
      vertex 7.59135 -23.6486 97.0988
    endloop
  endfacet
  facet normal 0 -0.989416 -0.145109
    outer loop
      vertex -6.18294 -21.2092 80.4662
      vertex 7.08444 -22.7706 91.1125
      vertex -7.08444 -22.7706 91.1125
    endloop
  endfacet
  facet normal 0 -0.989416 -0.145109
    outer loop
      vertex -6.18294 -21.2092 80.4662
      vertex 6.18294 -21.2092 80.4662
      vertex 7.08444 -22.7706 91.1125
    endloop
  endfacet
  facet normal 2.27781e-06 -0.989415 -0.145114
    outer loop
      vertex -9.75 -16.8875 51
      vertex -6.18294 -21.2092 80.4662
      vertex -10.2273 -21.1225 79.875
    endloop
  endfacet
  facet normal 0 -0.989415 -0.145114
    outer loop
      vertex -6.18294 -21.2092 80.4662
      vertex -9.75 -16.8875 51
      vertex 6.18294 -21.2092 80.4662
    endloop
  endfacet
  facet normal -6.12459e-06 -0.989415 -0.145114
    outer loop
      vertex -9.75 -16.8875 51
      vertex -10.2273 -21.1225 79.875
      vertex -12.1588 -21.0597 79.4469
    endloop
  endfacet
  facet normal -0 -0.989415 -0.145114
    outer loop
      vertex 9.75 -16.8875 51
      vertex 6.18294 -21.2092 80.4662
      vertex -9.75 -16.8875 51
    endloop
  endfacet
  facet normal -2.27781e-06 -0.989415 -0.145114
    outer loop
      vertex 6.18294 -21.2092 80.4662
      vertex 9.75 -16.8875 51
      vertex 10.2273 -21.1225 79.875
    endloop
  endfacet
  facet normal 6.12459e-06 -0.989415 -0.145114
    outer loop
      vertex 10.2273 -21.1225 79.875
      vertex 9.75 -16.8875 51
      vertex 12.1588 -21.0597 79.4469
    endloop
  endfacet
  facet normal 0 -0.996791 0.0800469
    outer loop
      vertex -8.55932 -25.3252 121.167
      vertex 8.46797 -25.167 123.137
      vertex -8.46797 -25.167 123.137
    endloop
  endfacet
  facet normal 0 -0.996791 0.0800469
    outer loop
      vertex -8.55932 -25.3252 121.167
      vertex 8.55932 -25.3252 121.167
      vertex 8.46797 -25.167 123.137
    endloop
  endfacet
  facet normal 0 -0.996794 0.0800169
    outer loop
      vertex -8.93782 -25.9808 113
      vertex 8.55932 -25.3252 121.167
      vertex -8.55932 -25.3252 121.167
    endloop
  endfacet
  facet normal 0 -0.996794 0.0800169
    outer loop
      vertex 8.55932 -25.3252 121.167
      vertex -8.93782 -25.9808 113
      vertex 8.93782 -25.9808 113
    endloop
  endfacet
  facet normal 0 -0.9511 -0.308882
    outer loop
      vertex -5.93782 -20.7846 0
      vertex 7.43782 -23.3827 8
      vertex -7.43782 -23.3827 8
    endloop
  endfacet
  facet normal 0 -0.9511 -0.308882
    outer loop
      vertex 7.43782 -23.3827 8
      vertex -5.93782 -20.7846 0
      vertex 5.93782 -20.7846 0
    endloop
  endfacet
  facet normal -0.866026 -0.499998 0
    outer loop
      vertex -16.5311 -18.1327 8
      vertex -23.9689 -5.25 16
      vertex -23.9689 -5.25 8
    endloop
  endfacet
  facet normal -0.866026 -0.499998 0
    outer loop
      vertex -23.9689 -5.25 16
      vertex -16.5311 -18.1327 8
      vertex -16.5311 -18.1327 16
    endloop
  endfacet
  facet normal -0.851486 -0.491608 0.182464
    outer loop
      vertex -19.5 0 51
      vertex -15.3653 -16.1135 26.8808
      vertex -15.2718 -15.9515 27.7536
    endloop
  endfacet
  facet normal -0.851487 -0.491606 0.182463
    outer loop
      vertex -15.2718 -15.9515 27.7536
      vertex -9.75 -16.8875 51
      vertex -19.5 0 51
    endloop
  endfacet
  facet normal -0.851479 -0.491622 0.18246
    outer loop
      vertex -14.0798 -17.6984 28.6094
      vertex -9.75 -16.8875 51
      vertex -15.2718 -15.9515 27.7536
    endloop
  endfacet
  facet normal -0.851493 -0.491596 0.182462
    outer loop
      vertex -9.75 -16.8875 51
      vertex -14.0798 -17.6984 28.6094
      vertex -11.9592 -20.7139 30.3811
    endloop
  endfacet
  facet normal -0.851488 -0.491606 0.18246
    outer loop
      vertex -23.9689 -5.25 16
      vertex -15.3653 -16.1135 26.8808
      vertex -21.4503 -5.25 27.7536
    endloop
  endfacet
  facet normal -0.851489 -0.491603 0.182463
    outer loop
      vertex -23.9689 -5.25 16
      vertex -16.2697 -17.6799 18.44
      vertex -15.3653 -16.1135 26.8808
    endloop
  endfacet
  facet normal -0.85149 -0.491606 0.18245
    outer loop
      vertex -16.2697 -17.6799 18.44
      vertex -23.9689 -5.25 16
      vertex -16.5311 -18.1327 16
    endloop
  endfacet
  facet normal -0.851494 -0.491596 0.182461
    outer loop
      vertex -22.3672 -3.34425 28.6094
      vertex -19.5 0 51
      vertex -23.9183 0 30.3811
    endloop
  endfacet
  facet normal -0.851487 -0.491607 0.182462
    outer loop
      vertex -21.4503 -5.25 27.7536
      vertex -19.5 0 51
      vertex -22.3672 -3.34425 28.6094
    endloop
  endfacet
  facet normal -0.851488 -0.491606 0.182462
    outer loop
      vertex -19.5 0 51
      vertex -21.4503 -5.25 27.7536
      vertex -15.3653 -16.1135 26.8808
    endloop
  endfacet
  facet normal -0.856857 -0.494711 -0.145111
    outer loop
      vertex -16.1777 -17.5206 91.1125
      vertex -23.7047 -5.25 93.7254
      vertex -15.2762 -15.9592 80.4662
    endloop
  endfacet
  facet normal -0.856858 -0.494709 -0.145113
    outer loop
      vertex -9.75 -16.8875 51
      vertex -15.2762 -15.9592 80.4662
      vertex -23.7047 -5.25 93.7254
    endloop
  endfacet
  facet normal -0.856852 -0.49472 -0.145112
    outer loop
      vertex -9.75 -16.8875 51
      vertex -13.1789 -19.4183 79.875
      vertex -15.2762 -15.9592 80.4662
    endloop
  endfacet
  facet normal -0.856873 -0.494684 -0.145111
    outer loop
      vertex -13.1789 -19.4183 79.875
      vertex -9.75 -16.8875 51
      vertex -12.1588 -21.0597 79.4469
    endloop
  endfacet
  facet normal -0.856857 -0.49471 -0.145114
    outer loop
      vertex -16.6846 -18.3986 97.0988
      vertex -23.7047 -5.25 93.7254
      vertex -16.1777 -17.5206 91.1125
    endloop
  endfacet
  facet normal -0.856858 -0.49471 -0.145111
    outer loop
      vertex -23.7047 -5.25 93.7254
      vertex -16.6846 -18.3986 97.0988
      vertex -26.9689 -5.25 113
    endloop
  endfacet
  facet normal -0.856859 -0.494706 -0.145115
    outer loop
      vertex -17.553 -19.9027 107.354
      vertex -26.9689 -5.25 113
      vertex -16.6846 -18.3986 97.0988
    endloop
  endfacet
  facet normal -0.856859 -0.494705 -0.145117
    outer loop
      vertex -26.9689 -5.25 113
      vertex -17.553 -19.9027 107.354
      vertex -18.0311 -20.7308 113
    endloop
  endfacet
  facet normal -0.856852 -0.49472 -0.145111
    outer loop
      vertex -19.5 0 51
      vertex -23.4062 -1.70411 79.875
      vertex -24.3176 0 79.4469
    endloop
  endfacet
  facet normal -0.856869 -0.494689 -0.145112
    outer loop
      vertex -19.5 0 51
      vertex -21.4592 -5.25 80.4662
      vertex -23.4062 -1.70411 79.875
    endloop
  endfacet
  facet normal -0.856857 -0.494711 -0.145112
    outer loop
      vertex -21.4592 -5.25 80.4662
      vertex -9.75 -16.8875 51
      vertex -23.7047 -5.25 93.7254
    endloop
  endfacet
  facet normal -0.856858 -0.494707 -0.145114
    outer loop
      vertex -9.75 -16.8875 51
      vertex -21.4592 -5.25 80.4662
      vertex -19.5 0 51
    endloop
  endfacet
  facet normal -0.863251 -0.498392 0.0800234
    outer loop
      vertex -17.6526 -20.0752 121.167
      vertex -26.0292 -5.25 123.137
      vertex -26.9689 -5.25 113
    endloop
  endfacet
  facet normal -0.863244 -0.498395 0.0800744
    outer loop
      vertex -26.0292 -5.25 123.137
      vertex -17.6526 -20.0752 121.167
      vertex -17.5612 -19.917 123.137
    endloop
  endfacet
  facet normal -0.86325 -0.498395 0.0800156
    outer loop
      vertex -17.6526 -20.0752 121.167
      vertex -26.9689 -5.25 113
      vertex -18.0311 -20.7308 113
    endloop
  endfacet
  facet normal -0.823679 -0.475548 -0.308881
    outer loop
      vertex -16.5311 -18.1327 8
      vertex -23.2111 -5.25 5.97927
      vertex -15.3679 -16.1179 1.7962
    endloop
  endfacet
  facet normal -0.823676 -0.475548 -0.308889
    outer loop
      vertex -23.2111 -5.25 5.97927
      vertex -16.5311 -18.1327 8
      vertex -23.9689 -5.25 8
    endloop
  endfacet
  facet normal -0.823679 -0.47555 -0.308876
    outer loop
      vertex -15.3679 -16.1179 1.7962
      vertex -20.9689 -5.25 0
      vertex -15.0311 -15.5346 0
    endloop
  endfacet
  facet normal -0.823679 -0.47555 -0.308876
    outer loop
      vertex -20.9689 -5.25 0
      vertex -15.3679 -16.1179 1.7962
      vertex -23.2111 -5.25 5.97927
    endloop
  endfacet
  facet normal -0.615298 0.788295 0
    outer loop
      vertex 8.61823 -10.5013 0
      vertex 8.09257 -10.9116 123.137
      vertex 8.61823 -10.5013 123.137
    endloop
  endfacet
  facet normal -0.615298 0.788295 0
    outer loop
      vertex 8.09257 -10.9116 123.137
      vertex 8.61823 -10.5013 0
      vertex 8.09257 -10.9116 0
    endloop
  endfacet
  facet normal -0.997296 -0.0734876 0
    outer loop
      vertex 13.5686 0.666584 0
      vertex 13.5196 1.33156 123.137
      vertex 13.5196 1.33156 0
    endloop
  endfacet
  facet normal -0.997296 -0.0734876 0
    outer loop
      vertex 13.5196 1.33156 123.137
      vertex 13.5686 0.666584 0
      vertex 13.5686 0.666584 123.137
    endloop
  endfacet
  facet normal -0.999697 -0.0245956 0
    outer loop
      vertex 13.585 0 0
      vertex 13.5686 0.666584 123.137
      vertex 13.5686 0.666584 0
    endloop
  endfacet
  facet normal -0.999697 -0.0245956 0
    outer loop
      vertex 13.5686 0.666584 123.137
      vertex 13.585 0 0
      vertex 13.585 0 123.137
    endloop
  endfacet
  facet normal -0.992483 -0.122379 0
    outer loop
      vertex 13.5196 1.33156 0
      vertex 13.438 1.99333 123.137
      vertex 13.438 1.99333 0
    endloop
  endfacet
  facet normal -0.992483 -0.122379 0
    outer loop
      vertex 13.438 1.99333 123.137
      vertex 13.5196 1.33156 0
      vertex 13.5196 1.33156 123.137
    endloop
  endfacet
  facet normal 0.492941 -0.870063 0
    outer loop
      vertex -6.98409 11.6522 0
      vertex -6.40392 11.9809 123.137
      vertex -6.98409 11.6522 123.137
    endloop
  endfacet
  facet normal 0.492941 -0.870063 0
    outer loop
      vertex -6.40392 11.9809 123.137
      vertex -6.98409 11.6522 0
      vertex -6.40392 11.9809 0
    endloop
  endfacet
  facet normal 0.963753 -0.266797 0
    outer loop
      vertex -13.1779 3.30089 123.137
      vertex -13 3.94352 0
      vertex -13 3.94352 123.137
    endloop
  endfacet
  facet normal 0.963753 -0.266797 0
    outer loop
      vertex -13 3.94352 0
      vertex -13.1779 3.30089 123.137
      vertex -13.1779 3.30089 0
    endloop
  endfacet
  facet normal 0.817612 -0.57577 0
    outer loop
      vertex -11.2955 7.54742 123.137
      vertex -10.9116 8.09257 0
      vertex -10.9116 8.09257 123.137
    endloop
  endfacet
  facet normal 0.817612 -0.57577 0
    outer loop
      vertex -10.9116 8.09257 0
      vertex -11.2955 7.54742 123.137
      vertex -11.2955 7.54742 0
    endloop
  endfacet
  facet normal -0.653147 -0.757231 0
    outer loop
      vertex 8.61823 10.5013 0
      vertex 9.12313 10.0658 123.137
      vertex 8.61823 10.5013 123.137
    endloop
  endfacet
  facet normal -0.653147 -0.757231 -0
    outer loop
      vertex 9.12313 10.0658 123.137
      vertex 8.61823 10.5013 0
      vertex 9.12313 10.0658 0
    endloop
  endfacet
  facet normal 0.914217 0.405225 0
    outer loop
      vertex -12.2807 -5.80834 123.137
      vertex -12.5509 -5.19875 0
      vertex -12.5509 -5.19875 123.137
    endloop
  endfacet
  facet normal 0.914217 0.405225 0
    outer loop
      vertex -12.5509 -5.19875 0
      vertex -12.2807 -5.80834 123.137
      vertex -12.2807 -5.80834 0
    endloop
  endfacet
  facet normal 0.219109 -0.9757 0
    outer loop
      vertex -3.30089 13.1779 0
      vertex -2.6503 13.324 123.137
      vertex -3.30089 13.1779 123.137
    endloop
  endfacet
  facet normal 0.219109 -0.9757 0
    outer loop
      vertex -2.6503 13.324 123.137
      vertex -3.30089 13.1779 0
      vertex -2.6503 13.324 0
    endloop
  endfacet
  facet normal 0.57577 -0.817612 0
    outer loop
      vertex -8.09257 10.9116 0
      vertex -7.54742 11.2955 123.137
      vertex -8.09257 10.9116 123.137
    endloop
  endfacet
  facet normal 0.57577 -0.817612 0
    outer loop
      vertex -7.54742 11.2955 123.137
      vertex -8.09257 10.9116 0
      vertex -7.54742 11.2955 0
    endloop
  endfacet
  facet normal -0.449624 -0.893218 0
    outer loop
      vertex 5.80834 12.2807 0
      vertex 6.40392 11.9809 123.137
      vertex 5.80834 12.2807 123.137
    endloop
  endfacet
  facet normal -0.449624 -0.893218 -0
    outer loop
      vertex 6.40392 11.9809 123.137
      vertex 5.80834 12.2807 0
      vertex 6.40392 11.9809 0
    endloop
  endfacet
  facet normal -0.9757 -0.219109 0
    outer loop
      vertex 13.324 2.6503 0
      vertex 13.1779 3.30089 123.137
      vertex 13.1779 3.30089 0
    endloop
  endfacet
  facet normal -0.9757 -0.219109 0
    outer loop
      vertex 13.1779 3.30089 123.137
      vertex 13.324 2.6503 0
      vertex 13.324 2.6503 123.137
    endloop
  endfacet
  facet normal -0.313603 0.949554 0
    outer loop
      vertex 4.57665 -12.7909 0
      vertex 3.94352 -13 123.137
      vertex 4.57665 -12.7909 123.137
    endloop
  endfacet
  facet normal -0.313603 0.949554 0
    outer loop
      vertex 3.94352 -13 123.137
      vertex 4.57665 -12.7909 0
      vertex 3.94352 -13 0
    endloop
  endfacet
  facet normal -0.757231 0.653147 0
    outer loop
      vertex 10.0658 -9.12313 0
      vertex 10.5013 -8.61823 123.137
      vertex 10.5013 -8.61823 0
    endloop
  endfacet
  facet normal -0.757231 0.653147 0
    outer loop
      vertex 10.5013 -8.61823 123.137
      vertex 10.0658 -9.12313 0
      vertex 10.0658 -9.12313 123.137
    endloop
  endfacet
  facet normal 0.757231 0.653147 0
    outer loop
      vertex -10.0658 -9.12313 123.137
      vertex -10.5013 -8.61823 0
      vertex -10.5013 -8.61823 123.137
    endloop
  endfacet
  facet normal 0.757231 0.653147 0
    outer loop
      vertex -10.5013 -8.61823 0
      vertex -10.0658 -9.12313 123.137
      vertex -10.0658 -9.12313 0
    endloop
  endfacet
  facet normal -0.914217 0.405225 0
    outer loop
      vertex 12.2807 -5.80834 0
      vertex 12.5509 -5.19875 123.137
      vertex 12.5509 -5.19875 0
    endloop
  endfacet
  facet normal -0.914217 0.405225 0
    outer loop
      vertex 12.5509 -5.19875 123.137
      vertex 12.2807 -5.80834 0
      vertex 12.2807 -5.80834 123.137
    endloop
  endfacet
  facet normal -0.788295 -0.615298 0
    outer loop
      vertex 10.9116 8.09257 0
      vertex 10.5013 8.61823 123.137
      vertex 10.5013 8.61823 0
    endloop
  endfacet
  facet normal -0.788295 -0.615298 0
    outer loop
      vertex 10.5013 8.61823 123.137
      vertex 10.9116 8.09257 0
      vertex 10.9116 8.09257 123.137
    endloop
  endfacet
  facet normal 0.170969 0.985276 -0
    outer loop
      vertex -1.99333 -13.438 0
      vertex -2.6503 -13.324 123.137
      vertex -1.99333 -13.438 123.137
    endloop
  endfacet
  facet normal 0.170969 0.985276 0
    outer loop
      vertex -2.6503 -13.324 123.137
      vertex -1.99333 -13.438 0
      vertex -2.6503 -13.324 0
    endloop
  endfacet
  facet normal 0.893218 -0.449624 0
    outer loop
      vertex -12.2807 5.80834 123.137
      vertex -11.9809 6.40392 0
      vertex -11.9809 6.40392 123.137
    endloop
  endfacet
  facet normal 0.893218 -0.449624 0
    outer loop
      vertex -11.9809 6.40392 0
      vertex -12.2807 5.80834 123.137
      vertex -12.2807 5.80834 0
    endloop
  endfacet
  facet normal -0.870063 0.492941 0
    outer loop
      vertex 11.6522 -6.98409 0
      vertex 11.9809 -6.40392 123.137
      vertex 11.9809 -6.40392 0
    endloop
  endfacet
  facet normal -0.870063 0.492941 0
    outer loop
      vertex 11.9809 -6.40392 123.137
      vertex 11.6522 -6.98409 0
      vertex 11.6522 -6.98409 123.137
    endloop
  endfacet
  facet normal 0.9757 -0.219109 0
    outer loop
      vertex -13.324 2.6503 123.137
      vertex -13.1779 3.30089 0
      vertex -13.1779 3.30089 123.137
    endloop
  endfacet
  facet normal 0.9757 -0.219109 0
    outer loop
      vertex -13.1779 3.30089 0
      vertex -13.324 2.6503 123.137
      vertex -13.324 2.6503 0
    endloop
  endfacet
  facet normal -0.914217 -0.405225 0
    outer loop
      vertex 12.5509 5.19875 0
      vertex 12.2807 5.80834 123.137
      vertex 12.2807 5.80834 0
    endloop
  endfacet
  facet normal -0.914217 -0.405225 0
    outer loop
      vertex 12.2807 5.80834 123.137
      vertex 12.5509 5.19875 0
      vertex 12.5509 5.19875 123.137
    endloop
  endfacet
  facet normal 0.999697 0.0245956 0
    outer loop
      vertex -13.5686 -0.666584 123.137
      vertex -13.585 0 0
      vertex -13.585 0 123.137
    endloop
  endfacet
  facet normal 0.999697 0.0245956 0
    outer loop
      vertex -13.585 0 0
      vertex -13.5686 -0.666584 123.137
      vertex -13.5686 -0.666584 0
    endloop
  endfacet
  facet normal -0.949554 0.313603 0
    outer loop
      vertex 12.7909 -4.57665 0
      vertex 13 -3.94352 123.137
      vertex 13 -3.94352 0
    endloop
  endfacet
  facet normal -0.949554 0.313603 0
    outer loop
      vertex 13 -3.94352 123.137
      vertex 12.7909 -4.57665 0
      vertex 12.7909 -4.57665 123.137
    endloop
  endfacet
  facet normal -0.870063 -0.492941 0
    outer loop
      vertex 11.9809 6.40392 0
      vertex 11.6522 6.98409 123.137
      vertex 11.6522 6.98409 0
    endloop
  endfacet
  facet normal -0.870063 -0.492941 0
    outer loop
      vertex 11.6522 6.98409 123.137
      vertex 11.9809 6.40392 0
      vertex 11.9809 6.40392 123.137
    endloop
  endfacet
  facet normal 0.689534 0.724253 -0
    outer loop
      vertex -9.12313 -10.0658 0
      vertex -9.60604 -9.60604 123.137
      vertex -9.12313 -10.0658 123.137
    endloop
  endfacet
  facet normal 0.689534 0.724253 0
    outer loop
      vertex -9.60604 -9.60604 123.137
      vertex -9.12313 -10.0658 0
      vertex -9.60604 -9.60604 0
    endloop
  endfacet
  facet normal 0.122379 0.992483 -0
    outer loop
      vertex -1.33156 -13.5196 0
      vertex -1.99333 -13.438 123.137
      vertex -1.33156 -13.5196 123.137
    endloop
  endfacet
  facet normal 0.122379 0.992483 0
    outer loop
      vertex -1.99333 -13.438 123.137
      vertex -1.33156 -13.5196 0
      vertex -1.99333 -13.438 0
    endloop
  endfacet
  facet normal 0.615298 -0.788295 0
    outer loop
      vertex -8.61823 10.5013 0
      vertex -8.09257 10.9116 123.137
      vertex -8.61823 10.5013 123.137
    endloop
  endfacet
  facet normal 0.615298 -0.788295 0
    outer loop
      vertex -8.09257 10.9116 123.137
      vertex -8.61823 10.5013 0
      vertex -8.09257 10.9116 0
    endloop
  endfacet
  facet normal 0.0245956 -0.999697 0
    outer loop
      vertex -0.666584 13.5686 0
      vertex 0 13.585 123.137
      vertex -0.666584 13.5686 123.137
    endloop
  endfacet
  facet normal 0.0245956 -0.999697 0
    outer loop
      vertex 0 13.585 123.137
      vertex -0.666584 13.5686 0
      vertex 0 13.585 0
    endloop
  endfacet
  facet normal -0.932978 -0.359934 0
    outer loop
      vertex 12.7909 4.57665 0
      vertex 12.5509 5.19875 123.137
      vertex 12.5509 5.19875 0
    endloop
  endfacet
  facet normal -0.932978 -0.359934 0
    outer loop
      vertex 12.5509 5.19875 123.137
      vertex 12.7909 4.57665 0
      vertex 12.7909 4.57665 123.137
    endloop
  endfacet
  facet normal -0.0734876 0.997296 0
    outer loop
      vertex 1.33156 -13.5196 0
      vertex 0.666584 -13.5686 123.137
      vertex 1.33156 -13.5196 123.137
    endloop
  endfacet
  facet normal -0.0734876 0.997296 0
    outer loop
      vertex 0.666584 -13.5686 123.137
      vertex 1.33156 -13.5196 0
      vertex 0.666584 -13.5686 0
    endloop
  endfacet
  facet normal -0.615298 -0.788295 0
    outer loop
      vertex 8.09257 10.9116 0
      vertex 8.61823 10.5013 123.137
      vertex 8.09257 10.9116 123.137
    endloop
  endfacet
  facet normal -0.615298 -0.788295 -0
    outer loop
      vertex 8.61823 10.5013 123.137
      vertex 8.09257 10.9116 0
      vertex 8.61823 10.5013 0
    endloop
  endfacet
  facet normal -0.122379 -0.992483 0
    outer loop
      vertex 1.33156 13.5196 0
      vertex 1.99333 13.438 123.137
      vertex 1.33156 13.5196 123.137
    endloop
  endfacet
  facet normal -0.122379 -0.992483 -0
    outer loop
      vertex 1.99333 13.438 123.137
      vertex 1.33156 13.5196 0
      vertex 1.99333 13.438 0
    endloop
  endfacet
  facet normal -0.405225 -0.914217 0
    outer loop
      vertex 5.19875 12.5509 0
      vertex 5.80834 12.2807 123.137
      vertex 5.19875 12.5509 123.137
    endloop
  endfacet
  facet normal -0.405225 -0.914217 -0
    outer loop
      vertex 5.80834 12.2807 123.137
      vertex 5.19875 12.5509 0
      vertex 5.80834 12.2807 0
    endloop
  endfacet
  facet normal -0.122379 0.992483 0
    outer loop
      vertex 1.99333 -13.438 0
      vertex 1.33156 -13.5196 123.137
      vertex 1.99333 -13.438 123.137
    endloop
  endfacet
  facet normal -0.122379 0.992483 0
    outer loop
      vertex 1.33156 -13.5196 123.137
      vertex 1.99333 -13.438 0
      vertex 1.33156 -13.5196 0
    endloop
  endfacet
  facet normal 0.57577 0.817612 -0
    outer loop
      vertex -7.54742 -11.2955 0
      vertex -8.09257 -10.9116 123.137
      vertex -7.54742 -11.2955 123.137
    endloop
  endfacet
  facet normal 0.57577 0.817612 0
    outer loop
      vertex -8.09257 -10.9116 123.137
      vertex -7.54742 -11.2955 0
      vertex -8.09257 -10.9116 0
    endloop
  endfacet
  facet normal -0.817612 0.57577 0
    outer loop
      vertex 10.9116 -8.09257 0
      vertex 11.2955 -7.54742 123.137
      vertex 11.2955 -7.54742 0
    endloop
  endfacet
  facet normal -0.817612 0.57577 0
    outer loop
      vertex 11.2955 -7.54742 123.137
      vertex 10.9116 -8.09257 0
      vertex 10.9116 -8.09257 123.137
    endloop
  endfacet
  facet normal -0.817612 -0.57577 0
    outer loop
      vertex 11.2955 7.54742 0
      vertex 10.9116 8.09257 123.137
      vertex 10.9116 8.09257 0
    endloop
  endfacet
  facet normal -0.817612 -0.57577 0
    outer loop
      vertex 10.9116 8.09257 123.137
      vertex 11.2955 7.54742 0
      vertex 11.2955 7.54742 123.137
    endloop
  endfacet
  facet normal -0.0734876 -0.997296 0
    outer loop
      vertex 0.666584 13.5686 0
      vertex 1.33156 13.5196 123.137
      vertex 0.666584 13.5686 123.137
    endloop
  endfacet
  facet normal -0.0734876 -0.997296 -0
    outer loop
      vertex 1.33156 13.5196 123.137
      vertex 0.666584 13.5686 0
      vertex 1.33156 13.5196 0
    endloop
  endfacet
  facet normal -0.689534 -0.724253 0
    outer loop
      vertex 9.12313 10.0658 0
      vertex 9.60604 9.60604 123.137
      vertex 9.12313 10.0658 123.137
    endloop
  endfacet
  facet normal -0.689534 -0.724253 -0
    outer loop
      vertex 9.60604 9.60604 123.137
      vertex 9.12313 10.0658 0
      vertex 9.60604 9.60604 0
    endloop
  endfacet
  facet normal 0.653147 0.757231 -0
    outer loop
      vertex -8.61823 -10.5013 0
      vertex -9.12313 -10.0658 123.137
      vertex -8.61823 -10.5013 123.137
    endloop
  endfacet
  facet normal 0.653147 0.757231 0
    outer loop
      vertex -9.12313 -10.0658 123.137
      vertex -8.61823 -10.5013 0
      vertex -9.12313 -10.0658 0
    endloop
  endfacet
  facet normal -0.999697 0.0245956 0
    outer loop
      vertex 13.5686 -0.666584 0
      vertex 13.585 0 123.137
      vertex 13.585 0 0
    endloop
  endfacet
  facet normal -0.999697 0.0245956 0
    outer loop
      vertex 13.585 0 123.137
      vertex 13.5686 -0.666584 0
      vertex 13.5686 -0.666584 123.137
    endloop
  endfacet
  facet normal 0.724253 -0.689534 0
    outer loop
      vertex -10.0658 9.12313 123.137
      vertex -9.60604 9.60604 0
      vertex -9.60604 9.60604 123.137
    endloop
  endfacet
  facet normal 0.724253 -0.689534 0
    outer loop
      vertex -9.60604 9.60604 0
      vertex -10.0658 9.12313 123.137
      vertex -10.0658 9.12313 0
    endloop
  endfacet
  facet normal -0.997296 0.0734876 0
    outer loop
      vertex 13.5196 -1.33156 0
      vertex 13.5686 -0.666584 123.137
      vertex 13.5686 -0.666584 0
    endloop
  endfacet
  facet normal -0.997296 0.0734876 0
    outer loop
      vertex 13.5686 -0.666584 123.137
      vertex 13.5196 -1.33156 0
      vertex 13.5196 -1.33156 123.137
    endloop
  endfacet
  facet normal -0.0245956 0.999697 0
    outer loop
      vertex 0.666584 -13.5686 0
      vertex 0 -13.585 123.137
      vertex 0.666584 -13.5686 123.137
    endloop
  endfacet
  facet normal -0.0245956 0.999697 0
    outer loop
      vertex 0 -13.585 123.137
      vertex 0.666584 -13.5686 0
      vertex 0 -13.585 0
    endloop
  endfacet
  facet normal 0.817612 0.57577 0
    outer loop
      vertex -10.9116 -8.09257 123.137
      vertex -11.2955 -7.54742 0
      vertex -11.2955 -7.54742 123.137
    endloop
  endfacet
  facet normal 0.817612 0.57577 0
    outer loop
      vertex -11.2955 -7.54742 0
      vertex -10.9116 -8.09257 123.137
      vertex -10.9116 -8.09257 0
    endloop
  endfacet
  facet normal -0.84487 -0.534971 0
    outer loop
      vertex 11.6522 6.98409 0
      vertex 11.2955 7.54742 123.137
      vertex 11.2955 7.54742 0
    endloop
  endfacet
  facet normal -0.84487 -0.534971 0
    outer loop
      vertex 11.2955 7.54742 123.137
      vertex 11.6522 6.98409 0
      vertex 11.6522 6.98409 123.137
    endloop
  endfacet
  facet normal 0.0245956 0.999697 -0
    outer loop
      vertex 0 -13.585 0
      vertex -0.666584 -13.5686 123.137
      vertex 0 -13.585 123.137
    endloop
  endfacet
  facet normal 0.0245956 0.999697 0
    outer loop
      vertex -0.666584 -13.5686 123.137
      vertex 0 -13.585 0
      vertex -0.666584 -13.5686 0
    endloop
  endfacet
  facet normal 0.405225 -0.914217 0
    outer loop
      vertex -5.80834 12.2807 0
      vertex -5.19875 12.5509 123.137
      vertex -5.80834 12.2807 123.137
    endloop
  endfacet
  facet normal 0.405225 -0.914217 0
    outer loop
      vertex -5.19875 12.5509 123.137
      vertex -5.80834 12.2807 0
      vertex -5.19875 12.5509 0
    endloop
  endfacet
  facet normal -0.405225 0.914217 0
    outer loop
      vertex 5.80834 -12.2807 0
      vertex 5.19875 -12.5509 123.137
      vertex 5.80834 -12.2807 123.137
    endloop
  endfacet
  facet normal -0.405225 0.914217 0
    outer loop
      vertex 5.19875 -12.5509 123.137
      vertex 5.80834 -12.2807 0
      vertex 5.19875 -12.5509 0
    endloop
  endfacet
  facet normal -0.57577 -0.817612 0
    outer loop
      vertex 7.54742 11.2955 0
      vertex 8.09257 10.9116 123.137
      vertex 7.54742 11.2955 123.137
    endloop
  endfacet
  facet normal -0.57577 -0.817612 -0
    outer loop
      vertex 8.09257 10.9116 123.137
      vertex 7.54742 11.2955 0
      vertex 8.09257 10.9116 0
    endloop
  endfacet
  facet normal -0.534971 0.84487 0
    outer loop
      vertex 7.54742 -11.2955 0
      vertex 6.98409 -11.6522 123.137
      vertex 7.54742 -11.2955 123.137
    endloop
  endfacet
  facet normal -0.534971 0.84487 0
    outer loop
      vertex 6.98409 -11.6522 123.137
      vertex 7.54742 -11.2955 0
      vertex 6.98409 -11.6522 0
    endloop
  endfacet
  facet normal -0.57577 0.817612 0
    outer loop
      vertex 8.09257 -10.9116 0
      vertex 7.54742 -11.2955 123.137
      vertex 8.09257 -10.9116 123.137
    endloop
  endfacet
  facet normal -0.57577 0.817612 0
    outer loop
      vertex 7.54742 -11.2955 123.137
      vertex 8.09257 -10.9116 0
      vertex 7.54742 -11.2955 0
    endloop
  endfacet
  facet normal -0.932978 0.359934 0
    outer loop
      vertex 12.5509 -5.19875 0
      vertex 12.7909 -4.57665 123.137
      vertex 12.7909 -4.57665 0
    endloop
  endfacet
  facet normal -0.932978 0.359934 0
    outer loop
      vertex 12.7909 -4.57665 123.137
      vertex 12.5509 -5.19875 0
      vertex 12.5509 -5.19875 123.137
    endloop
  endfacet
  facet normal -0.0245956 -0.999697 0
    outer loop
      vertex 0 13.585 0
      vertex 0.666584 13.5686 123.137
      vertex 0 13.585 123.137
    endloop
  endfacet
  facet normal -0.0245956 -0.999697 -0
    outer loop
      vertex 0.666584 13.5686 123.137
      vertex 0 13.585 0
      vertex 0.666584 13.5686 0
    endloop
  endfacet
  facet normal -0.9757 0.219109 0
    outer loop
      vertex 13.1779 -3.30089 0
      vertex 13.324 -2.6503 123.137
      vertex 13.324 -2.6503 0
    endloop
  endfacet
  facet normal -0.9757 0.219109 0
    outer loop
      vertex 13.324 -2.6503 123.137
      vertex 13.1779 -3.30089 0
      vertex 13.1779 -3.30089 123.137
    endloop
  endfacet
  facet normal -0.724253 -0.689534 0
    outer loop
      vertex 10.0658 9.12313 0
      vertex 9.60604 9.60604 123.137
      vertex 9.60604 9.60604 0
    endloop
  endfacet
  facet normal -0.724253 -0.689534 0
    outer loop
      vertex 9.60604 9.60604 123.137
      vertex 10.0658 9.12313 0
      vertex 10.0658 9.12313 123.137
    endloop
  endfacet
  facet normal -0.449624 0.893218 0
    outer loop
      vertex 6.40392 -11.9809 0
      vertex 5.80834 -12.2807 123.137
      vertex 6.40392 -11.9809 123.137
    endloop
  endfacet
  facet normal -0.449624 0.893218 0
    outer loop
      vertex 5.80834 -12.2807 123.137
      vertex 6.40392 -11.9809 0
      vertex 5.80834 -12.2807 0
    endloop
  endfacet
  facet normal -0.689534 0.724253 0
    outer loop
      vertex 9.60604 -9.60604 0
      vertex 9.12313 -10.0658 123.137
      vertex 9.60604 -9.60604 123.137
    endloop
  endfacet
  facet normal -0.689534 0.724253 0
    outer loop
      vertex 9.12313 -10.0658 123.137
      vertex 9.60604 -9.60604 0
      vertex 9.12313 -10.0658 0
    endloop
  endfacet
  facet normal 0.999697 -0.0245956 0
    outer loop
      vertex -13.585 0 123.137
      vertex -13.5686 0.666584 0
      vertex -13.5686 0.666584 123.137
    endloop
  endfacet
  facet normal 0.999697 -0.0245956 0
    outer loop
      vertex -13.5686 0.666584 0
      vertex -13.585 0 123.137
      vertex -13.585 0 0
    endloop
  endfacet
  facet normal -0.219109 0.9757 0
    outer loop
      vertex 3.30089 -13.1779 0
      vertex 2.6503 -13.324 123.137
      vertex 3.30089 -13.1779 123.137
    endloop
  endfacet
  facet normal -0.219109 0.9757 0
    outer loop
      vertex 2.6503 -13.324 123.137
      vertex 3.30089 -13.1779 0
      vertex 2.6503 -13.324 0
    endloop
  endfacet
  facet normal -0.949554 -0.313603 0
    outer loop
      vertex 13 3.94352 0
      vertex 12.7909 4.57665 123.137
      vertex 12.7909 4.57665 0
    endloop
  endfacet
  facet normal -0.949554 -0.313603 0
    outer loop
      vertex 12.7909 4.57665 123.137
      vertex 13 3.94352 0
      vertex 13 3.94352 123.137
    endloop
  endfacet
  facet normal 0.870063 0.492941 0
    outer loop
      vertex -11.6522 -6.98409 123.137
      vertex -11.9809 -6.40392 0
      vertex -11.9809 -6.40392 123.137
    endloop
  endfacet
  facet normal 0.870063 0.492941 0
    outer loop
      vertex -11.9809 -6.40392 0
      vertex -11.6522 -6.98409 123.137
      vertex -11.6522 -6.98409 0
    endloop
  endfacet
  facet normal -0.963753 0.266797 0
    outer loop
      vertex 13 -3.94352 0
      vertex 13.1779 -3.30089 123.137
      vertex 13.1779 -3.30089 0
    endloop
  endfacet
  facet normal -0.963753 0.266797 0
    outer loop
      vertex 13.1779 -3.30089 123.137
      vertex 13 -3.94352 0
      vertex 13 -3.94352 123.137
    endloop
  endfacet
  facet normal 0.757231 -0.653147 0
    outer loop
      vertex -10.5013 8.61823 123.137
      vertex -10.0658 9.12313 0
      vertex -10.0658 9.12313 123.137
    endloop
  endfacet
  facet normal 0.757231 -0.653147 0
    outer loop
      vertex -10.0658 9.12313 0
      vertex -10.5013 8.61823 123.137
      vertex -10.5013 8.61823 0
    endloop
  endfacet
  facet normal -0.492941 -0.870063 0
    outer loop
      vertex 6.40392 11.9809 0
      vertex 6.98409 11.6522 123.137
      vertex 6.40392 11.9809 123.137
    endloop
  endfacet
  facet normal -0.492941 -0.870063 -0
    outer loop
      vertex 6.98409 11.6522 123.137
      vertex 6.40392 11.9809 0
      vertex 6.98409 11.6522 0
    endloop
  endfacet
  facet normal -0.893218 0.449624 0
    outer loop
      vertex 11.9809 -6.40392 0
      vertex 12.2807 -5.80834 123.137
      vertex 12.2807 -5.80834 0
    endloop
  endfacet
  facet normal -0.893218 0.449624 0
    outer loop
      vertex 12.2807 -5.80834 123.137
      vertex 11.9809 -6.40392 0
      vertex 11.9809 -6.40392 123.137
    endloop
  endfacet
  facet normal 0.653147 -0.757231 0
    outer loop
      vertex -9.12313 10.0658 0
      vertex -8.61823 10.5013 123.137
      vertex -9.12313 10.0658 123.137
    endloop
  endfacet
  facet normal 0.653147 -0.757231 0
    outer loop
      vertex -8.61823 10.5013 123.137
      vertex -9.12313 10.0658 0
      vertex -8.61823 10.5013 0
    endloop
  endfacet
  facet normal -0.359934 -0.932978 0
    outer loop
      vertex 4.57665 12.7909 0
      vertex 5.19875 12.5509 123.137
      vertex 4.57665 12.7909 123.137
    endloop
  endfacet
  facet normal -0.359934 -0.932978 -0
    outer loop
      vertex 5.19875 12.5509 123.137
      vertex 4.57665 12.7909 0
      vertex 5.19875 12.5509 0
    endloop
  endfacet
  facet normal 0.985276 -0.170969 0
    outer loop
      vertex -13.438 1.99333 123.137
      vertex -13.324 2.6503 0
      vertex -13.324 2.6503 123.137
    endloop
  endfacet
  facet normal 0.985276 -0.170969 0
    outer loop
      vertex -13.324 2.6503 0
      vertex -13.438 1.99333 123.137
      vertex -13.438 1.99333 0
    endloop
  endfacet
  facet normal -0.893218 -0.449624 0
    outer loop
      vertex 12.2807 5.80834 0
      vertex 11.9809 6.40392 123.137
      vertex 11.9809 6.40392 0
    endloop
  endfacet
  facet normal -0.893218 -0.449624 0
    outer loop
      vertex 11.9809 6.40392 123.137
      vertex 12.2807 5.80834 0
      vertex 12.2807 5.80834 123.137
    endloop
  endfacet
  facet normal 0.359934 -0.932978 0
    outer loop
      vertex -5.19875 12.5509 0
      vertex -4.57665 12.7909 123.137
      vertex -5.19875 12.5509 123.137
    endloop
  endfacet
  facet normal 0.359934 -0.932978 0
    outer loop
      vertex -4.57665 12.7909 123.137
      vertex -5.19875 12.5509 0
      vertex -4.57665 12.7909 0
    endloop
  endfacet
  facet normal 0.985276 0.170969 0
    outer loop
      vertex -13.324 -2.6503 123.137
      vertex -13.438 -1.99333 0
      vertex -13.438 -1.99333 123.137
    endloop
  endfacet
  facet normal 0.985276 0.170969 0
    outer loop
      vertex -13.438 -1.99333 0
      vertex -13.324 -2.6503 123.137
      vertex -13.324 -2.6503 0
    endloop
  endfacet
  facet normal 0.949554 0.313603 0
    outer loop
      vertex -12.7909 -4.57665 123.137
      vertex -13 -3.94352 0
      vertex -13 -3.94352 123.137
    endloop
  endfacet
  facet normal 0.949554 0.313603 0
    outer loop
      vertex -13 -3.94352 0
      vertex -12.7909 -4.57665 123.137
      vertex -12.7909 -4.57665 0
    endloop
  endfacet
  facet normal 0.997296 -0.0734876 0
    outer loop
      vertex -13.5686 0.666584 123.137
      vertex -13.5196 1.33156 0
      vertex -13.5196 1.33156 123.137
    endloop
  endfacet
  facet normal 0.997296 -0.0734876 0
    outer loop
      vertex -13.5196 1.33156 0
      vertex -13.5686 0.666584 123.137
      vertex -13.5686 0.666584 0
    endloop
  endfacet
  facet normal -0.985276 0.170969 0
    outer loop
      vertex 13.324 -2.6503 0
      vertex 13.438 -1.99333 123.137
      vertex 13.438 -1.99333 0
    endloop
  endfacet
  facet normal -0.985276 0.170969 0
    outer loop
      vertex 13.438 -1.99333 123.137
      vertex 13.324 -2.6503 0
      vertex 13.324 -2.6503 123.137
    endloop
  endfacet
  facet normal 0.893218 0.449624 0
    outer loop
      vertex -11.9809 -6.40392 123.137
      vertex -12.2807 -5.80834 0
      vertex -12.2807 -5.80834 123.137
    endloop
  endfacet
  facet normal 0.893218 0.449624 0
    outer loop
      vertex -12.2807 -5.80834 0
      vertex -11.9809 -6.40392 123.137
      vertex -11.9809 -6.40392 0
    endloop
  endfacet
  facet normal -0.985276 -0.170969 0
    outer loop
      vertex 13.438 1.99333 0
      vertex 13.324 2.6503 123.137
      vertex 13.324 2.6503 0
    endloop
  endfacet
  facet normal -0.985276 -0.170969 0
    outer loop
      vertex 13.324 2.6503 123.137
      vertex 13.438 1.99333 0
      vertex 13.438 1.99333 123.137
    endloop
  endfacet
  facet normal -0.534971 -0.84487 0
    outer loop
      vertex 6.98409 11.6522 0
      vertex 7.54742 11.2955 123.137
      vertex 6.98409 11.6522 123.137
    endloop
  endfacet
  facet normal -0.534971 -0.84487 -0
    outer loop
      vertex 7.54742 11.2955 123.137
      vertex 6.98409 11.6522 0
      vertex 7.54742 11.2955 0
    endloop
  endfacet
  facet normal -0.963753 -0.266797 0
    outer loop
      vertex 13.1779 3.30089 0
      vertex 13 3.94352 123.137
      vertex 13 3.94352 0
    endloop
  endfacet
  facet normal -0.963753 -0.266797 0
    outer loop
      vertex 13 3.94352 123.137
      vertex 13.1779 3.30089 0
      vertex 13.1779 3.30089 123.137
    endloop
  endfacet
  facet normal 0.0734876 0.997296 -0
    outer loop
      vertex -0.666584 -13.5686 0
      vertex -1.33156 -13.5196 123.137
      vertex -0.666584 -13.5686 123.137
    endloop
  endfacet
  facet normal 0.0734876 0.997296 0
    outer loop
      vertex -1.33156 -13.5196 123.137
      vertex -0.666584 -13.5686 0
      vertex -1.33156 -13.5196 0
    endloop
  endfacet
  facet normal -0.992483 0.122379 0
    outer loop
      vertex 13.438 -1.99333 0
      vertex 13.5196 -1.33156 123.137
      vertex 13.5196 -1.33156 0
    endloop
  endfacet
  facet normal -0.992483 0.122379 0
    outer loop
      vertex 13.5196 -1.33156 123.137
      vertex 13.438 -1.99333 0
      vertex 13.438 -1.99333 123.137
    endloop
  endfacet
  facet normal -0.266797 -0.963753 0
    outer loop
      vertex 3.30089 13.1779 0
      vertex 3.94352 13 123.137
      vertex 3.30089 13.1779 123.137
    endloop
  endfacet
  facet normal -0.266797 -0.963753 -0
    outer loop
      vertex 3.94352 13 123.137
      vertex 3.30089 13.1779 0
      vertex 3.94352 13 0
    endloop
  endfacet
  facet normal 0.122379 -0.992483 0
    outer loop
      vertex -1.99333 13.438 0
      vertex -1.33156 13.5196 123.137
      vertex -1.99333 13.438 123.137
    endloop
  endfacet
  facet normal 0.122379 -0.992483 0
    outer loop
      vertex -1.33156 13.5196 123.137
      vertex -1.99333 13.438 0
      vertex -1.33156 13.5196 0
    endloop
  endfacet
  facet normal 0.84487 0.534971 0
    outer loop
      vertex -11.2955 -7.54742 123.137
      vertex -11.6522 -6.98409 0
      vertex -11.6522 -6.98409 123.137
    endloop
  endfacet
  facet normal 0.84487 0.534971 0
    outer loop
      vertex -11.6522 -6.98409 0
      vertex -11.2955 -7.54742 123.137
      vertex -11.2955 -7.54742 0
    endloop
  endfacet
  facet normal 0.170969 -0.985276 0
    outer loop
      vertex -2.6503 13.324 0
      vertex -1.99333 13.438 123.137
      vertex -2.6503 13.324 123.137
    endloop
  endfacet
  facet normal 0.170969 -0.985276 0
    outer loop
      vertex -1.99333 13.438 123.137
      vertex -2.6503 13.324 0
      vertex -1.99333 13.438 0
    endloop
  endfacet
  facet normal 0.405225 0.914217 -0
    outer loop
      vertex -5.19875 -12.5509 0
      vertex -5.80834 -12.2807 123.137
      vertex -5.19875 -12.5509 123.137
    endloop
  endfacet
  facet normal 0.405225 0.914217 0
    outer loop
      vertex -5.80834 -12.2807 123.137
      vertex -5.19875 -12.5509 0
      vertex -5.80834 -12.2807 0
    endloop
  endfacet
  facet normal 0.689534 -0.724253 0
    outer loop
      vertex -9.60604 9.60604 0
      vertex -9.12313 10.0658 123.137
      vertex -9.60604 9.60604 123.137
    endloop
  endfacet
  facet normal 0.689534 -0.724253 0
    outer loop
      vertex -9.12313 10.0658 123.137
      vertex -9.60604 9.60604 0
      vertex -9.12313 10.0658 0
    endloop
  endfacet
  facet normal 0.788295 0.615298 0
    outer loop
      vertex -10.5013 -8.61823 123.137
      vertex -10.9116 -8.09257 0
      vertex -10.9116 -8.09257 123.137
    endloop
  endfacet
  facet normal 0.788295 0.615298 0
    outer loop
      vertex -10.9116 -8.09257 0
      vertex -10.5013 -8.61823 123.137
      vertex -10.5013 -8.61823 0
    endloop
  endfacet
  facet normal 0.0734876 -0.997296 0
    outer loop
      vertex -1.33156 13.5196 0
      vertex -0.666584 13.5686 123.137
      vertex -1.33156 13.5196 123.137
    endloop
  endfacet
  facet normal 0.0734876 -0.997296 0
    outer loop
      vertex -0.666584 13.5686 123.137
      vertex -1.33156 13.5196 0
      vertex -0.666584 13.5686 0
    endloop
  endfacet
  facet normal 0.449624 0.893218 -0
    outer loop
      vertex -5.80834 -12.2807 0
      vertex -6.40392 -11.9809 123.137
      vertex -5.80834 -12.2807 123.137
    endloop
  endfacet
  facet normal 0.449624 0.893218 0
    outer loop
      vertex -6.40392 -11.9809 123.137
      vertex -5.80834 -12.2807 0
      vertex -6.40392 -11.9809 0
    endloop
  endfacet
  facet normal -0.724253 0.689534 0
    outer loop
      vertex 9.60604 -9.60604 0
      vertex 10.0658 -9.12313 123.137
      vertex 10.0658 -9.12313 0
    endloop
  endfacet
  facet normal -0.724253 0.689534 0
    outer loop
      vertex 10.0658 -9.12313 123.137
      vertex 9.60604 -9.60604 0
      vertex 9.60604 -9.60604 123.137
    endloop
  endfacet
  facet normal 0.992483 0.122379 0
    outer loop
      vertex -13.438 -1.99333 123.137
      vertex -13.5196 -1.33156 0
      vertex -13.5196 -1.33156 123.137
    endloop
  endfacet
  facet normal 0.992483 0.122379 0
    outer loop
      vertex -13.5196 -1.33156 0
      vertex -13.438 -1.99333 123.137
      vertex -13.438 -1.99333 0
    endloop
  endfacet
  facet normal 0.534971 -0.84487 0
    outer loop
      vertex -7.54742 11.2955 0
      vertex -6.98409 11.6522 123.137
      vertex -7.54742 11.2955 123.137
    endloop
  endfacet
  facet normal 0.534971 -0.84487 0
    outer loop
      vertex -6.98409 11.6522 123.137
      vertex -7.54742 11.2955 0
      vertex -6.98409 11.6522 0
    endloop
  endfacet
  facet normal -0.170969 0.985276 0
    outer loop
      vertex 2.6503 -13.324 0
      vertex 1.99333 -13.438 123.137
      vertex 2.6503 -13.324 123.137
    endloop
  endfacet
  facet normal -0.170969 0.985276 0
    outer loop
      vertex 1.99333 -13.438 123.137
      vertex 2.6503 -13.324 0
      vertex 1.99333 -13.438 0
    endloop
  endfacet
  facet normal 0.266797 0.963753 -0
    outer loop
      vertex -3.30089 -13.1779 0
      vertex -3.94352 -13 123.137
      vertex -3.30089 -13.1779 123.137
    endloop
  endfacet
  facet normal 0.266797 0.963753 0
    outer loop
      vertex -3.94352 -13 123.137
      vertex -3.30089 -13.1779 0
      vertex -3.94352 -13 0
    endloop
  endfacet
  facet normal 0.724253 0.689534 0
    outer loop
      vertex -9.60604 -9.60604 123.137
      vertex -10.0658 -9.12313 0
      vertex -10.0658 -9.12313 123.137
    endloop
  endfacet
  facet normal 0.724253 0.689534 0
    outer loop
      vertex -10.0658 -9.12313 0
      vertex -9.60604 -9.60604 123.137
      vertex -9.60604 -9.60604 0
    endloop
  endfacet
  facet normal 0.266797 -0.963753 0
    outer loop
      vertex -3.94352 13 0
      vertex -3.30089 13.1779 123.137
      vertex -3.94352 13 123.137
    endloop
  endfacet
  facet normal 0.266797 -0.963753 0
    outer loop
      vertex -3.30089 13.1779 123.137
      vertex -3.94352 13 0
      vertex -3.30089 13.1779 0
    endloop
  endfacet
  facet normal -0.359934 0.932978 0
    outer loop
      vertex 5.19875 -12.5509 0
      vertex 4.57665 -12.7909 123.137
      vertex 5.19875 -12.5509 123.137
    endloop
  endfacet
  facet normal -0.359934 0.932978 0
    outer loop
      vertex 4.57665 -12.7909 123.137
      vertex 5.19875 -12.5509 0
      vertex 4.57665 -12.7909 0
    endloop
  endfacet
  facet normal -0.492941 0.870063 0
    outer loop
      vertex 6.98409 -11.6522 0
      vertex 6.40392 -11.9809 123.137
      vertex 6.98409 -11.6522 123.137
    endloop
  endfacet
  facet normal -0.492941 0.870063 0
    outer loop
      vertex 6.40392 -11.9809 123.137
      vertex 6.98409 -11.6522 0
      vertex 6.40392 -11.9809 0
    endloop
  endfacet
  facet normal 0.788295 -0.615298 0
    outer loop
      vertex -10.9116 8.09257 123.137
      vertex -10.5013 8.61823 0
      vertex -10.5013 8.61823 123.137
    endloop
  endfacet
  facet normal 0.788295 -0.615298 0
    outer loop
      vertex -10.5013 8.61823 0
      vertex -10.9116 8.09257 123.137
      vertex -10.9116 8.09257 0
    endloop
  endfacet
  facet normal 0.9757 0.219109 0
    outer loop
      vertex -13.1779 -3.30089 123.137
      vertex -13.324 -2.6503 0
      vertex -13.324 -2.6503 123.137
    endloop
  endfacet
  facet normal 0.9757 0.219109 0
    outer loop
      vertex -13.324 -2.6503 0
      vertex -13.1779 -3.30089 123.137
      vertex -13.1779 -3.30089 0
    endloop
  endfacet
  facet normal 0.997296 0.0734876 0
    outer loop
      vertex -13.5196 -1.33156 123.137
      vertex -13.5686 -0.666584 0
      vertex -13.5686 -0.666584 123.137
    endloop
  endfacet
  facet normal 0.997296 0.0734876 0
    outer loop
      vertex -13.5686 -0.666584 0
      vertex -13.5196 -1.33156 123.137
      vertex -13.5196 -1.33156 0
    endloop
  endfacet
  facet normal -0.170969 -0.985276 0
    outer loop
      vertex 1.99333 13.438 0
      vertex 2.6503 13.324 123.137
      vertex 1.99333 13.438 123.137
    endloop
  endfacet
  facet normal -0.170969 -0.985276 -0
    outer loop
      vertex 2.6503 13.324 123.137
      vertex 1.99333 13.438 0
      vertex 2.6503 13.324 0
    endloop
  endfacet
  facet normal 0.949554 -0.313603 0
    outer loop
      vertex -13 3.94352 123.137
      vertex -12.7909 4.57665 0
      vertex -12.7909 4.57665 123.137
    endloop
  endfacet
  facet normal 0.949554 -0.313603 0
    outer loop
      vertex -12.7909 4.57665 0
      vertex -13 3.94352 123.137
      vertex -13 3.94352 0
    endloop
  endfacet
  facet normal 0.932978 -0.359934 0
    outer loop
      vertex -12.7909 4.57665 123.137
      vertex -12.5509 5.19875 0
      vertex -12.5509 5.19875 123.137
    endloop
  endfacet
  facet normal 0.932978 -0.359934 0
    outer loop
      vertex -12.5509 5.19875 0
      vertex -12.7909 4.57665 123.137
      vertex -12.7909 4.57665 0
    endloop
  endfacet
  facet normal -0.788295 0.615298 0
    outer loop
      vertex 10.5013 -8.61823 0
      vertex 10.9116 -8.09257 123.137
      vertex 10.9116 -8.09257 0
    endloop
  endfacet
  facet normal -0.788295 0.615298 0
    outer loop
      vertex 10.9116 -8.09257 123.137
      vertex 10.5013 -8.61823 0
      vertex 10.5013 -8.61823 123.137
    endloop
  endfacet
  facet normal 0.313603 0.949554 -0
    outer loop
      vertex -3.94352 -13 0
      vertex -4.57665 -12.7909 123.137
      vertex -3.94352 -13 123.137
    endloop
  endfacet
  facet normal 0.313603 0.949554 0
    outer loop
      vertex -4.57665 -12.7909 123.137
      vertex -3.94352 -13 0
      vertex -4.57665 -12.7909 0
    endloop
  endfacet
  facet normal 0.992483 -0.122379 0
    outer loop
      vertex -13.5196 1.33156 123.137
      vertex -13.438 1.99333 0
      vertex -13.438 1.99333 123.137
    endloop
  endfacet
  facet normal 0.992483 -0.122379 0
    outer loop
      vertex -13.438 1.99333 0
      vertex -13.5196 1.33156 123.137
      vertex -13.5196 1.33156 0
    endloop
  endfacet
  facet normal -0.653147 0.757231 0
    outer loop
      vertex 9.12313 -10.0658 0
      vertex 8.61823 -10.5013 123.137
      vertex 9.12313 -10.0658 123.137
    endloop
  endfacet
  facet normal -0.653147 0.757231 0
    outer loop
      vertex 8.61823 -10.5013 123.137
      vertex 9.12313 -10.0658 0
      vertex 8.61823 -10.5013 0
    endloop
  endfacet
  facet normal -0.84487 0.534971 0
    outer loop
      vertex 11.2955 -7.54742 0
      vertex 11.6522 -6.98409 123.137
      vertex 11.6522 -6.98409 0
    endloop
  endfacet
  facet normal -0.84487 0.534971 0
    outer loop
      vertex 11.6522 -6.98409 123.137
      vertex 11.2955 -7.54742 0
      vertex 11.2955 -7.54742 123.137
    endloop
  endfacet
  facet normal 0.313603 -0.949554 0
    outer loop
      vertex -4.57665 12.7909 0
      vertex -3.94352 13 123.137
      vertex -4.57665 12.7909 123.137
    endloop
  endfacet
  facet normal 0.313603 -0.949554 0
    outer loop
      vertex -3.94352 13 123.137
      vertex -4.57665 12.7909 0
      vertex -3.94352 13 0
    endloop
  endfacet
  facet normal 0.963753 0.266797 0
    outer loop
      vertex -13 -3.94352 123.137
      vertex -13.1779 -3.30089 0
      vertex -13.1779 -3.30089 123.137
    endloop
  endfacet
  facet normal 0.963753 0.266797 0
    outer loop
      vertex -13.1779 -3.30089 0
      vertex -13 -3.94352 123.137
      vertex -13 -3.94352 0
    endloop
  endfacet
  facet normal 0.932978 0.359934 0
    outer loop
      vertex -12.5509 -5.19875 123.137
      vertex -12.7909 -4.57665 0
      vertex -12.7909 -4.57665 123.137
    endloop
  endfacet
  facet normal 0.932978 0.359934 0
    outer loop
      vertex -12.7909 -4.57665 0
      vertex -12.5509 -5.19875 123.137
      vertex -12.5509 -5.19875 0
    endloop
  endfacet
  facet normal 0.449624 -0.893218 0
    outer loop
      vertex -6.40392 11.9809 0
      vertex -5.80834 12.2807 123.137
      vertex -6.40392 11.9809 123.137
    endloop
  endfacet
  facet normal 0.449624 -0.893218 0
    outer loop
      vertex -5.80834 12.2807 123.137
      vertex -6.40392 11.9809 0
      vertex -5.80834 12.2807 0
    endloop
  endfacet
  facet normal -0.313603 -0.949554 0
    outer loop
      vertex 3.94352 13 0
      vertex 4.57665 12.7909 123.137
      vertex 3.94352 13 123.137
    endloop
  endfacet
  facet normal -0.313603 -0.949554 -0
    outer loop
      vertex 4.57665 12.7909 123.137
      vertex 3.94352 13 0
      vertex 4.57665 12.7909 0
    endloop
  endfacet
  facet normal -0.757231 -0.653147 0
    outer loop
      vertex 10.5013 8.61823 0
      vertex 10.0658 9.12313 123.137
      vertex 10.0658 9.12313 0
    endloop
  endfacet
  facet normal -0.757231 -0.653147 0
    outer loop
      vertex 10.0658 9.12313 123.137
      vertex 10.5013 8.61823 0
      vertex 10.5013 8.61823 123.137
    endloop
  endfacet
  facet normal 0.219109 0.9757 -0
    outer loop
      vertex -2.6503 -13.324 0
      vertex -3.30089 -13.1779 123.137
      vertex -2.6503 -13.324 123.137
    endloop
  endfacet
  facet normal 0.219109 0.9757 0
    outer loop
      vertex -3.30089 -13.1779 123.137
      vertex -2.6503 -13.324 0
      vertex -3.30089 -13.1779 0
    endloop
  endfacet
  facet normal -0.266797 0.963753 0
    outer loop
      vertex 3.94352 -13 0
      vertex 3.30089 -13.1779 123.137
      vertex 3.94352 -13 123.137
    endloop
  endfacet
  facet normal -0.266797 0.963753 0
    outer loop
      vertex 3.30089 -13.1779 123.137
      vertex 3.94352 -13 0
      vertex 3.30089 -13.1779 0
    endloop
  endfacet
  facet normal 0.914217 -0.405225 0
    outer loop
      vertex -12.5509 5.19875 123.137
      vertex -12.2807 5.80834 0
      vertex -12.2807 5.80834 123.137
    endloop
  endfacet
  facet normal 0.914217 -0.405225 0
    outer loop
      vertex -12.2807 5.80834 0
      vertex -12.5509 5.19875 123.137
      vertex -12.5509 5.19875 0
    endloop
  endfacet
  facet normal 0.534971 0.84487 -0
    outer loop
      vertex -6.98409 -11.6522 0
      vertex -7.54742 -11.2955 123.137
      vertex -6.98409 -11.6522 123.137
    endloop
  endfacet
  facet normal 0.534971 0.84487 0
    outer loop
      vertex -7.54742 -11.2955 123.137
      vertex -6.98409 -11.6522 0
      vertex -7.54742 -11.2955 0
    endloop
  endfacet
  facet normal 0.615298 0.788295 -0
    outer loop
      vertex -8.09257 -10.9116 0
      vertex -8.61823 -10.5013 123.137
      vertex -8.09257 -10.9116 123.137
    endloop
  endfacet
  facet normal 0.615298 0.788295 0
    outer loop
      vertex -8.61823 -10.5013 123.137
      vertex -8.09257 -10.9116 0
      vertex -8.61823 -10.5013 0
    endloop
  endfacet
  facet normal 0.84487 -0.534971 0
    outer loop
      vertex -11.6522 6.98409 123.137
      vertex -11.2955 7.54742 0
      vertex -11.2955 7.54742 123.137
    endloop
  endfacet
  facet normal 0.84487 -0.534971 0
    outer loop
      vertex -11.2955 7.54742 0
      vertex -11.6522 6.98409 123.137
      vertex -11.6522 6.98409 0
    endloop
  endfacet
  facet normal 0.359934 0.932978 -0
    outer loop
      vertex -4.57665 -12.7909 0
      vertex -5.19875 -12.5509 123.137
      vertex -4.57665 -12.7909 123.137
    endloop
  endfacet
  facet normal 0.359934 0.932978 0
    outer loop
      vertex -5.19875 -12.5509 123.137
      vertex -4.57665 -12.7909 0
      vertex -5.19875 -12.5509 0
    endloop
  endfacet
  facet normal 0.492941 0.870063 -0
    outer loop
      vertex -6.40392 -11.9809 0
      vertex -6.98409 -11.6522 123.137
      vertex -6.40392 -11.9809 123.137
    endloop
  endfacet
  facet normal 0.492941 0.870063 0
    outer loop
      vertex -6.98409 -11.6522 123.137
      vertex -6.40392 -11.9809 0
      vertex -6.98409 -11.6522 0
    endloop
  endfacet
  facet normal -0.219109 -0.9757 0
    outer loop
      vertex 2.6503 13.324 0
      vertex 3.30089 13.1779 123.137
      vertex 2.6503 13.324 123.137
    endloop
  endfacet
  facet normal -0.219109 -0.9757 -0
    outer loop
      vertex 3.30089 13.1779 123.137
      vertex 2.6503 13.324 0
      vertex 3.30089 13.1779 0
    endloop
  endfacet
  facet normal 0.870063 -0.492941 0
    outer loop
      vertex -11.9809 6.40392 123.137
      vertex -11.6522 6.98409 0
      vertex -11.6522 6.98409 123.137
    endloop
  endfacet
  facet normal 0.870063 -0.492941 0
    outer loop
      vertex -11.6522 6.98409 0
      vertex -11.9809 6.40392 123.137
      vertex -11.9809 6.40392 0
    endloop
  endfacet
  facet normal 0 0 1
    outer loop
      vertex -8.24876 24.7873 123.137
      vertex 8.24876 24.7873 123.137
      vertex 8.46797 25.167 123.137
    endloop
  endfacet
  facet normal 0 0 1
    outer loop
      vertex -6.55097 21.8466 123.137
      vertex 6.55097 21.8466 123.137
      vertex 6.87911 22.415 123.137
    endloop
  endfacet
  facet normal 0 0 1
    outer loop
      vertex 6.55097 21.8466 123.137
      vertex -6.55097 21.8466 123.137
      vertex 6.19363 21.2277 123.137
    endloop
  endfacet
  facet normal 0 0 1
    outer loop
      vertex 4.70337 18.6465 123.137
      vertex 3.94352 13 123.137
      vertex 4.57665 12.7909 123.137
    endloop
  endfacet
  facet normal 0 0 1
    outer loop
      vertex 4.70337 18.6465 123.137
      vertex 3.30089 13.1779 123.137
      vertex 3.94352 13 123.137
    endloop
  endfacet
  facet normal 0 0 1
    outer loop
      vertex 4.70337 18.6465 123.137
      vertex 2.6503 13.324 123.137
      vertex 3.30089 13.1779 123.137
    endloop
  endfacet
  facet normal 0 0 1
    outer loop
      vertex 4.70337 18.6465 123.137
      vertex 1.99333 13.438 123.137
      vertex 2.6503 13.324 123.137
    endloop
  endfacet
  facet normal 0 0 1
    outer loop
      vertex 4.70337 18.6465 123.137
      vertex 1.33156 13.5196 123.137
      vertex 1.99333 13.438 123.137
    endloop
  endfacet
  facet normal 0 0 1
    outer loop
      vertex 6.19363 21.2277 123.137
      vertex -6.19363 21.2277 123.137
      vertex 4.70337 18.6465 123.137
    endloop
  endfacet
  facet normal 0 0 1
    outer loop
      vertex 8.24876 24.7873 123.137
      vertex -8.24876 24.7873 123.137
      vertex 6.87911 22.415 123.137
    endloop
  endfacet
  facet normal 0 -0 1
    outer loop
      vertex 0 13.585 123.137
      vertex 4.70337 18.6465 123.137
      vertex -4.70337 18.6465 123.137
    endloop
  endfacet
  facet normal 0 0 1
    outer loop
      vertex 4.70337 18.6465 123.137
      vertex 0.666584 13.5686 123.137
      vertex 1.33156 13.5196 123.137
    endloop
  endfacet
  facet normal 0 0 1
    outer loop
      vertex 4.70337 18.6465 123.137
      vertex 0 13.585 123.137
      vertex 0.666584 13.5686 123.137
    endloop
  endfacet
  facet normal 0 0 1
    outer loop
      vertex 0 13.585 123.137
      vertex -4.70337 18.6465 123.137
      vertex -0.666584 13.5686 123.137
    endloop
  endfacet
  facet normal 0 0 1
    outer loop
      vertex -0.666584 13.5686 123.137
      vertex -4.70337 18.6465 123.137
      vertex -1.33156 13.5196 123.137
    endloop
  endfacet
  facet normal 0 0 1
    outer loop
      vertex -1.33156 13.5196 123.137
      vertex -4.70337 18.6465 123.137
      vertex -1.99333 13.438 123.137
    endloop
  endfacet
  facet normal 0 0 1
    outer loop
      vertex -1.99333 13.438 123.137
      vertex -4.70337 18.6465 123.137
      vertex -2.6503 13.324 123.137
    endloop
  endfacet
  facet normal 0 0 1
    outer loop
      vertex -2.6503 13.324 123.137
      vertex -4.70337 18.6465 123.137
      vertex -3.30089 13.1779 123.137
    endloop
  endfacet
  facet normal 0 0 1
    outer loop
      vertex -3.30089 13.1779 123.137
      vertex -4.70337 18.6465 123.137
      vertex -3.94352 13 123.137
    endloop
  endfacet
  facet normal 0 0 1
    outer loop
      vertex -3.94352 13 123.137
      vertex -4.70337 18.6465 123.137
      vertex -4.57665 12.7909 123.137
    endloop
  endfacet
  facet normal 0 0 1
    outer loop
      vertex 4.70337 18.6465 123.137
      vertex -6.19363 21.2277 123.137
      vertex -4.70337 18.6465 123.137
    endloop
  endfacet
  facet normal 0 0 1
    outer loop
      vertex 6.19363 21.2277 123.137
      vertex -6.55097 21.8466 123.137
      vertex -6.19363 21.2277 123.137
    endloop
  endfacet
  facet normal 0 0 1
    outer loop
      vertex 6.87911 22.415 123.137
      vertex -6.87911 22.415 123.137
      vertex -6.55097 21.8466 123.137
    endloop
  endfacet
  facet normal 0 0 1
    outer loop
      vertex 6.87911 22.415 123.137
      vertex -8.24876 24.7873 123.137
      vertex -6.87911 22.415 123.137
    endloop
  endfacet
  facet normal 0 -0 1
    outer loop
      vertex -8.24876 24.7873 123.137
      vertex 8.46797 25.167 123.137
      vertex -8.46797 25.167 123.137
    endloop
  endfacet
  facet normal -0 0 1
    outer loop
      vertex 13.5196 -1.33156 123.137
      vertex 18.5 -5.25 123.137
      vertex 13.5686 -0.666584 123.137
    endloop
  endfacet
  facet normal -0 0 1
    outer loop
      vertex 13.438 -1.99333 123.137
      vertex 18.5 -5.25 123.137
      vertex 13.5196 -1.33156 123.137
    endloop
  endfacet
  facet normal -0 0 1
    outer loop
      vertex 13.324 -2.6503 123.137
      vertex 18.5 -5.25 123.137
      vertex 13.438 -1.99333 123.137
    endloop
  endfacet
  facet normal -0 0 1
    outer loop
      vertex 13.1779 -3.30089 123.137
      vertex 18.5 -5.25 123.137
      vertex 13.324 -2.6503 123.137
    endloop
  endfacet
  facet normal -0 0 1
    outer loop
      vertex 13 -3.94352 123.137
      vertex 18.5 -5.25 123.137
      vertex 13.1779 -3.30089 123.137
    endloop
  endfacet
  facet normal -0 0 1
    outer loop
      vertex 12.7909 -4.57665 123.137
      vertex 18.5 -5.25 123.137
      vertex 13 -3.94352 123.137
    endloop
  endfacet
  facet normal -0 0 1
    outer loop
      vertex 12.5509 -5.19875 123.137
      vertex 18.5 -5.25 123.137
      vertex 12.7909 -4.57665 123.137
    endloop
  endfacet
  facet normal 0 0 1
    outer loop
      vertex 12.2807 -5.80834 123.137
      vertex 18.5 -5.25 123.137
      vertex 12.5509 -5.19875 123.137
    endloop
  endfacet
  facet normal 0 0 1
    outer loop
      vertex 11.9809 -6.40392 123.137
      vertex 18.5 -5.25 123.137
      vertex 12.2807 -5.80834 123.137
    endloop
  endfacet
  facet normal 0 0 1
    outer loop
      vertex 11.6522 -6.98409 123.137
      vertex 18.5 -5.25 123.137
      vertex 11.9809 -6.40392 123.137
    endloop
  endfacet
  facet normal 0 0 1
    outer loop
      vertex 18.5 -5.25 123.137
      vertex 11.6522 -6.98409 123.137
      vertex 13.7966 -13.3965 123.137
    endloop
  endfacet
  facet normal -0 0 1
    outer loop
      vertex 11.2955 -7.54742 123.137
      vertex 13.7966 -13.3965 123.137
      vertex 11.6522 -6.98409 123.137
    endloop
  endfacet
  facet normal -0 0 1
    outer loop
      vertex 10.9116 -8.09257 123.137
      vertex 13.7966 -13.3965 123.137
      vertex 11.2955 -7.54742 123.137
    endloop
  endfacet
  facet normal -0 0 1
    outer loop
      vertex 10.5013 -8.61823 123.137
      vertex 13.7966 -13.3965 123.137
      vertex 10.9116 -8.09257 123.137
    endloop
  endfacet
  facet normal -0 0 1
    outer loop
      vertex 10.0658 -9.12313 123.137
      vertex 13.7966 -13.3965 123.137
      vertex 10.5013 -8.61823 123.137
    endloop
  endfacet
  facet normal -0 0 1
    outer loop
      vertex 9.60604 -9.60604 123.137
      vertex 13.7966 -13.3965 123.137
      vertex 10.0658 -9.12313 123.137
    endloop
  endfacet
  facet normal -0 0 1
    outer loop
      vertex 9.12313 -10.0658 123.137
      vertex 13.7966 -13.3965 123.137
      vertex 9.60604 -9.60604 123.137
    endloop
  endfacet
  facet normal -0 0 1
    outer loop
      vertex 8.61823 -10.5013 123.137
      vertex 13.7966 -13.3965 123.137
      vertex 9.12313 -10.0658 123.137
    endloop
  endfacet
  facet normal -0 0 1
    outer loop
      vertex 8.09257 -10.9116 123.137
      vertex 13.7966 -13.3965 123.137
      vertex 8.61823 -10.5013 123.137
    endloop
  endfacet
  facet normal -0 0 1
    outer loop
      vertex 7.54742 -11.2955 123.137
      vertex 13.7966 -13.3965 123.137
      vertex 8.09257 -10.9116 123.137
    endloop
  endfacet
  facet normal -0 0 1
    outer loop
      vertex 6.98409 -11.6522 123.137
      vertex 13.7966 -13.3965 123.137
      vertex 7.54742 -11.2955 123.137
    endloop
  endfacet
  facet normal 0 0 1
    outer loop
      vertex 4.70337 -18.6465 123.137
      vertex 6.98409 -11.6522 123.137
      vertex 6.40392 -11.9809 123.137
    endloop
  endfacet
  facet normal 0 0 1
    outer loop
      vertex 4.70337 -18.6465 123.137
      vertex 6.40392 -11.9809 123.137
      vertex 5.80834 -12.2807 123.137
    endloop
  endfacet
  facet normal 0 0 1
    outer loop
      vertex 4.70337 -18.6465 123.137
      vertex 5.80834 -12.2807 123.137
      vertex 5.19875 -12.5509 123.137
    endloop
  endfacet
  facet normal 0 0 1
    outer loop
      vertex 6.98409 -11.6522 123.137
      vertex 4.70337 -18.6465 123.137
      vertex 13.7966 -13.3965 123.137
    endloop
  endfacet
  facet normal 0 -0 1
    outer loop
      vertex 4.70337 -18.6465 123.137
      vertex 5.19875 -12.5509 123.137
      vertex 4.57665 -12.7909 123.137
    endloop
  endfacet
  facet normal 0 0 1
    outer loop
      vertex 26.0292 5.25 123.137
      vertex 18.763 9.94904 123.137
      vertex 18.7758 9.55719 123.137
    endloop
  endfacet
  facet normal 0 0 1
    outer loop
      vertex 26.0292 5.25 123.137
      vertex 18.674 10.3309 123.137
      vertex 18.763 9.94904 123.137
    endloop
  endfacet
  facet normal 0 0 1
    outer loop
      vertex 26.0292 5.25 123.137
      vertex 18.5121 10.688 123.137
      vertex 18.674 10.3309 123.137
    endloop
  endfacet
  facet normal 0 0 1
    outer loop
      vertex 17.5612 19.917 123.137
      vertex 18.5121 10.688 123.137
      vertex 26.0292 5.25 123.137
    endloop
  endfacet
  facet normal 0 0 1
    outer loop
      vertex 18.5121 10.688 123.137
      vertex 17.5612 19.917 123.137
      vertex 18.2838 11.0067 123.137
    endloop
  endfacet
  facet normal -0 0 1
    outer loop
      vertex 17.342 19.5373 123.137
      vertex 18.2838 11.0067 123.137
      vertex 17.5612 19.917 123.137
    endloop
  endfacet
  facet normal 0 0 1
    outer loop
      vertex 18.2838 11.0067 123.137
      vertex 17.342 19.5373 123.137
      vertex 17.9976 11.2747 123.137
    endloop
  endfacet
  facet normal -0 0 1
    outer loop
      vertex 15.9724 17.165 123.137
      vertex 17.9976 11.2747 123.137
      vertex 17.342 19.5373 123.137
    endloop
  endfacet
  facet normal 0 0 1
    outer loop
      vertex 17.9976 11.2747 123.137
      vertex 15.9724 17.165 123.137
      vertex 17.6647 11.4817 123.137
    endloop
  endfacet
  facet normal -0 0 1
    outer loop
      vertex 15.6442 16.5966 123.137
      vertex 17.6647 11.4817 123.137
      vertex 15.9724 17.165 123.137
    endloop
  endfacet
  facet normal 0 0 1
    outer loop
      vertex 17.6647 11.4817 123.137
      vertex 15.6442 16.5966 123.137
      vertex 17.2977 11.6198 123.137
    endloop
  endfacet
  facet normal -0 0 1
    outer loop
      vertex 15.2869 15.9777 123.137
      vertex 17.2977 11.6198 123.137
      vertex 15.6442 16.5966 123.137
    endloop
  endfacet
  facet normal 0 0 1
    outer loop
      vertex 17.2977 11.6198 123.137
      vertex 15.2869 15.9777 123.137
      vertex 16.9109 11.6837 123.137
    endloop
  endfacet
  facet normal 0 0 1
    outer loop
      vertex 16.9109 11.6837 123.137
      vertex 15.2869 15.9777 123.137
      vertex 16.519 11.6709 123.137
    endloop
  endfacet
  facet normal -0 0 1
    outer loop
      vertex 13.7966 13.3965 123.137
      vertex 16.519 11.6709 123.137
      vertex 15.2869 15.9777 123.137
    endloop
  endfacet
  facet normal 0 0 1
    outer loop
      vertex 16.519 11.6709 123.137
      vertex 13.7966 13.3965 123.137
      vertex 16.1372 11.5819 123.137
    endloop
  endfacet
  facet normal 0 0 1
    outer loop
      vertex 16.1372 11.5819 123.137
      vertex 13.7966 13.3965 123.137
      vertex 15.7801 11.42 123.137
    endloop
  endfacet
  facet normal 0 0 1
    outer loop
      vertex 15.7801 11.42 123.137
      vertex 13.7966 13.3965 123.137
      vertex 15.4614 11.1917 123.137
    endloop
  endfacet
  facet normal 0 0 1
    outer loop
      vertex 15.4614 11.1917 123.137
      vertex 13.7966 13.3965 123.137
      vertex 15.1934 10.9055 123.137
    endloop
  endfacet
  facet normal 0 0 1
    outer loop
      vertex 15.1934 10.9055 123.137
      vertex 13.7966 13.3965 123.137
      vertex 14.9863 10.5726 123.137
    endloop
  endfacet
  facet normal 0 0 1
    outer loop
      vertex 14.9863 10.5726 123.137
      vertex 13.7966 13.3965 123.137
      vertex 14.8482 10.2056 123.137
    endloop
  endfacet
  facet normal 0 0 1
    outer loop
      vertex 10.0658 9.12313 123.137
      vertex 14.8482 10.2056 123.137
      vertex 13.7966 13.3965 123.137
    endloop
  endfacet
  facet normal -0 0 1
    outer loop
      vertex 18.7119 9.17035 123.137
      vertex 26.0292 5.25 123.137
      vertex 18.7758 9.55719 123.137
    endloop
  endfacet
  facet normal -0 0 1
    outer loop
      vertex 18.5738 8.80341 123.137
      vertex 26.0292 5.25 123.137
      vertex 18.7119 9.17035 123.137
    endloop
  endfacet
  facet normal 0 0 1
    outer loop
      vertex 18.5738 8.80341 123.137
      vertex 18.5 5.25 123.137
      vertex 26.0292 5.25 123.137
    endloop
  endfacet
  facet normal -0 0 1
    outer loop
      vertex 18.0988 8.18431 123.137
      vertex 18.5 5.25 123.137
      vertex 18.3668 8.47047 123.137
    endloop
  endfacet
  facet normal -0 0 1
    outer loop
      vertex 18.3668 8.47047 123.137
      vertex 18.5 5.25 123.137
      vertex 18.5738 8.80341 123.137
    endloop
  endfacet
  facet normal -0 0 1
    outer loop
      vertex 17.7801 7.95594 123.137
      vertex 18.5 5.25 123.137
      vertex 18.0988 8.18431 123.137
    endloop
  endfacet
  facet normal -0 0 1
    outer loop
      vertex 17.423 7.79413 123.137
      vertex 18.5 5.25 123.137
      vertex 17.7801 7.95594 123.137
    endloop
  endfacet
  facet normal 0 0 1
    outer loop
      vertex 15.2869 -15.9777 123.137
      vertex 26.0292 -5.25 123.137
      vertex 18.5 -5.25 123.137
    endloop
  endfacet
  facet normal 0 -0 1
    outer loop
      vertex 13.585 0 123.137
      vertex 18.5 5.25 123.137
      vertex 13.5686 0.666584 123.137
    endloop
  endfacet
  facet normal -0 0 1
    outer loop
      vertex 17.0411 7.7051 123.137
      vertex 18.5 5.25 123.137
      vertex 17.423 7.79413 123.137
    endloop
  endfacet
  facet normal 0 0 1
    outer loop
      vertex 26.0292 -5.25 123.137
      vertex 17.342 -19.5373 123.137
      vertex 17.5612 -19.917 123.137
    endloop
  endfacet
  facet normal -0 0 1
    outer loop
      vertex 16.6493 7.69227 123.137
      vertex 18.5 5.25 123.137
      vertex 17.0411 7.7051 123.137
    endloop
  endfacet
  facet normal 0 0 1
    outer loop
      vertex 16.2625 7.75614 123.137
      vertex 18.5 5.25 123.137
      vertex 16.6493 7.69227 123.137
    endloop
  endfacet
  facet normal 0 0 1
    outer loop
      vertex 18.5 5.25 123.137
      vertex 16.2625 7.75614 123.137
      vertex 13 3.94352 123.137
    endloop
  endfacet
  facet normal -0 0 1
    outer loop
      vertex 13.5686 -0.666584 123.137
      vertex 18.5 -5.25 123.137
      vertex 13.585 0 123.137
    endloop
  endfacet
  facet normal 0 0 1
    outer loop
      vertex 12.7909 4.57665 123.137
      vertex 16.2625 7.75614 123.137
      vertex 15.8955 7.89425 123.137
    endloop
  endfacet
  facet normal 0 0 1
    outer loop
      vertex 26.0292 -5.25 123.137
      vertex 15.9724 -17.165 123.137
      vertex 17.342 -19.5373 123.137
    endloop
  endfacet
  facet normal 0 0 1
    outer loop
      vertex 12.5509 5.19875 123.137
      vertex 15.8955 7.89425 123.137
      vertex 15.5626 8.10128 123.137
    endloop
  endfacet
  facet normal 0 0 1
    outer loop
      vertex 26.0292 -5.25 123.137
      vertex 15.6442 -16.5966 123.137
      vertex 15.9724 -17.165 123.137
    endloop
  endfacet
  facet normal 0 0 1
    outer loop
      vertex 12.2807 5.80834 123.137
      vertex 15.5626 8.10128 123.137
      vertex 15.2764 8.3693 123.137
    endloop
  endfacet
  facet normal 0 0 1
    outer loop
      vertex 11.9809 6.40392 123.137
      vertex 15.2764 8.3693 123.137
      vertex 15.048 8.68799 123.137
    endloop
  endfacet
  facet normal 0 0 1
    outer loop
      vertex 11.6522 6.98409 123.137
      vertex 15.048 8.68799 123.137
      vertex 14.8862 9.04511 123.137
    endloop
  endfacet
  facet normal 0 0 1
    outer loop
      vertex 11.2955 7.54742 123.137
      vertex 14.8862 9.04511 123.137
      vertex 14.7972 9.42694 123.137
    endloop
  endfacet
  facet normal 0 0 1
    outer loop
      vertex 10.9116 8.09257 123.137
      vertex 14.7972 9.42694 123.137
      vertex 14.7844 9.8188 123.137
    endloop
  endfacet
  facet normal 0 -0 1
    outer loop
      vertex 10.5013 8.61823 123.137
      vertex 14.8482 10.2056 123.137
      vertex 10.0658 9.12313 123.137
    endloop
  endfacet
  facet normal 0 0 1
    outer loop
      vertex 18.5 5.25 123.137
      vertex 13.585 0 123.137
      vertex 18.5 -5.25 123.137
    endloop
  endfacet
  facet normal 0 0 1
    outer loop
      vertex 18.5 -5.25 123.137
      vertex 13.7966 -13.3965 123.137
      vertex 15.2869 -15.9777 123.137
    endloop
  endfacet
  facet normal 0 0 1
    outer loop
      vertex 26.0292 -5.25 123.137
      vertex 15.2869 -15.9777 123.137
      vertex 15.6442 -16.5966 123.137
    endloop
  endfacet
  facet normal 0 0 1
    outer loop
      vertex 18.5 5.25 123.137
      vertex 13.5196 1.33156 123.137
      vertex 13.5686 0.666584 123.137
    endloop
  endfacet
  facet normal 0 0 1
    outer loop
      vertex 18.5 5.25 123.137
      vertex 13.438 1.99333 123.137
      vertex 13.5196 1.33156 123.137
    endloop
  endfacet
  facet normal 0 0 1
    outer loop
      vertex 18.5 5.25 123.137
      vertex 13.324 2.6503 123.137
      vertex 13.438 1.99333 123.137
    endloop
  endfacet
  facet normal 0 0 1
    outer loop
      vertex 18.5 5.25 123.137
      vertex 13.1779 3.30089 123.137
      vertex 13.324 2.6503 123.137
    endloop
  endfacet
  facet normal 0 0 1
    outer loop
      vertex 18.5 5.25 123.137
      vertex 13 3.94352 123.137
      vertex 13.1779 3.30089 123.137
    endloop
  endfacet
  facet normal 0 0 1
    outer loop
      vertex 16.2625 7.75614 123.137
      vertex 12.7909 4.57665 123.137
      vertex 13 3.94352 123.137
    endloop
  endfacet
  facet normal 0 0 1
    outer loop
      vertex 15.8955 7.89425 123.137
      vertex 12.5509 5.19875 123.137
      vertex 12.7909 4.57665 123.137
    endloop
  endfacet
  facet normal 0 0 1
    outer loop
      vertex 15.5626 8.10128 123.137
      vertex 12.2807 5.80834 123.137
      vertex 12.5509 5.19875 123.137
    endloop
  endfacet
  facet normal 0 0 1
    outer loop
      vertex 15.2764 8.3693 123.137
      vertex 11.9809 6.40392 123.137
      vertex 12.2807 5.80834 123.137
    endloop
  endfacet
  facet normal 0 0 1
    outer loop
      vertex 15.048 8.68799 123.137
      vertex 11.6522 6.98409 123.137
      vertex 11.9809 6.40392 123.137
    endloop
  endfacet
  facet normal 0 0 1
    outer loop
      vertex 14.8862 9.04511 123.137
      vertex 11.2955 7.54742 123.137
      vertex 11.6522 6.98409 123.137
    endloop
  endfacet
  facet normal 0 0 1
    outer loop
      vertex 14.7972 9.42694 123.137
      vertex 10.9116 8.09257 123.137
      vertex 11.2955 7.54742 123.137
    endloop
  endfacet
  facet normal 0 0 1
    outer loop
      vertex 14.7844 9.8188 123.137
      vertex 10.5013 8.61823 123.137
      vertex 10.9116 8.09257 123.137
    endloop
  endfacet
  facet normal 0 0 1
    outer loop
      vertex 14.8482 10.2056 123.137
      vertex 10.5013 8.61823 123.137
      vertex 14.7844 9.8188 123.137
    endloop
  endfacet
  facet normal 0 0 1
    outer loop
      vertex 13.7966 13.3965 123.137
      vertex 9.60604 9.60604 123.137
      vertex 10.0658 9.12313 123.137
    endloop
  endfacet
  facet normal 0 0 1
    outer loop
      vertex 13.7966 13.3965 123.137
      vertex 9.12313 10.0658 123.137
      vertex 9.60604 9.60604 123.137
    endloop
  endfacet
  facet normal 0 0 1
    outer loop
      vertex 13.7966 13.3965 123.137
      vertex 8.61823 10.5013 123.137
      vertex 9.12313 10.0658 123.137
    endloop
  endfacet
  facet normal 0 0 1
    outer loop
      vertex 13.7966 13.3965 123.137
      vertex 8.09257 10.9116 123.137
      vertex 8.61823 10.5013 123.137
    endloop
  endfacet
  facet normal 0 0 1
    outer loop
      vertex 13.7966 13.3965 123.137
      vertex 7.54742 11.2955 123.137
      vertex 8.09257 10.9116 123.137
    endloop
  endfacet
  facet normal 0 0 1
    outer loop
      vertex 13.7966 13.3965 123.137
      vertex 6.98409 11.6522 123.137
      vertex 7.54742 11.2955 123.137
    endloop
  endfacet
  facet normal 0 0 1
    outer loop
      vertex 4.70337 18.6465 123.137
      vertex 6.98409 11.6522 123.137
      vertex 13.7966 13.3965 123.137
    endloop
  endfacet
  facet normal 0 0 1
    outer loop
      vertex 6.98409 11.6522 123.137
      vertex 4.70337 18.6465 123.137
      vertex 6.40392 11.9809 123.137
    endloop
  endfacet
  facet normal 0 0 1
    outer loop
      vertex 6.40392 11.9809 123.137
      vertex 4.70337 18.6465 123.137
      vertex 5.80834 12.2807 123.137
    endloop
  endfacet
  facet normal 0 0 1
    outer loop
      vertex 5.80834 12.2807 123.137
      vertex 4.70337 18.6465 123.137
      vertex 5.19875 12.5509 123.137
    endloop
  endfacet
  facet normal 0 0 1
    outer loop
      vertex 5.19875 12.5509 123.137
      vertex 4.70337 18.6465 123.137
      vertex 4.57665 12.7909 123.137
    endloop
  endfacet
  facet normal 0 0 1
    outer loop
      vertex 0.765367 -21.2237 123.137
      vertex 8.24876 -24.7873 123.137
      vertex 6.87911 -22.415 123.137
    endloop
  endfacet
  facet normal 0 0 1
    outer loop
      vertex 1.41421 -20.7902 123.137
      vertex 6.55097 -21.8466 123.137
      vertex 6.19363 -21.2277 123.137
    endloop
  endfacet
  facet normal -0 0 1
    outer loop
      vertex 1.84776 -20.1413 123.137
      vertex 6.19363 -21.2277 123.137
      vertex 4.70337 -18.6465 123.137
    endloop
  endfacet
  facet normal -0 0 1
    outer loop
      vertex 3.94352 -13 123.137
      vertex 4.70337 -18.6465 123.137
      vertex 4.57665 -12.7909 123.137
    endloop
  endfacet
  facet normal -0 0 1
    outer loop
      vertex 3.30089 -13.1779 123.137
      vertex 4.70337 -18.6465 123.137
      vertex 3.94352 -13 123.137
    endloop
  endfacet
  facet normal -0 0 1
    outer loop
      vertex 2.6503 -13.324 123.137
      vertex 4.70337 -18.6465 123.137
      vertex 3.30089 -13.1779 123.137
    endloop
  endfacet
  facet normal -0 0 1
    outer loop
      vertex 1.41421 -17.9618 123.137
      vertex 4.70337 -18.6465 123.137
      vertex 2.6503 -13.324 123.137
    endloop
  endfacet
  facet normal 0 0 1
    outer loop
      vertex 1.96157 -19.7662 123.137
      vertex 4.70337 -18.6465 123.137
      vertex 2 -19.376 123.137
    endloop
  endfacet
  facet normal 0 0 1
    outer loop
      vertex 1.84776 -20.1413 123.137
      vertex 4.70337 -18.6465 123.137
      vertex 1.96157 -19.7662 123.137
    endloop
  endfacet
  facet normal -0 0 1
    outer loop
      vertex 1.66294 -20.4871 123.137
      vertex 6.19363 -21.2277 123.137
      vertex 1.84776 -20.1413 123.137
    endloop
  endfacet
  facet normal -0 0 1
    outer loop
      vertex 1.41421 -20.7902 123.137
      vertex 6.19363 -21.2277 123.137
      vertex 1.66294 -20.4871 123.137
    endloop
  endfacet
  facet normal -0 0 1
    outer loop
      vertex 1.11114 -21.0389 123.137
      vertex 6.55097 -21.8466 123.137
      vertex 1.41421 -20.7902 123.137
    endloop
  endfacet
  facet normal 0 0 1
    outer loop
      vertex 6.55097 -21.8466 123.137
      vertex 1.11114 -21.0389 123.137
      vertex 6.87911 -22.415 123.137
    endloop
  endfacet
  facet normal -0 0 1
    outer loop
      vertex 0.765367 -21.2237 123.137
      vertex 6.87911 -22.415 123.137
      vertex 1.11114 -21.0389 123.137
    endloop
  endfacet
  facet normal -0 0 1
    outer loop
      vertex 0.390181 -21.3376 123.137
      vertex 8.24876 -24.7873 123.137
      vertex 0.765367 -21.2237 123.137
    endloop
  endfacet
  facet normal 0 0 1
    outer loop
      vertex 8.24876 -24.7873 123.137
      vertex 0.390181 -21.3376 123.137
      vertex 8.46797 -25.167 123.137
    endloop
  endfacet
  facet normal -0 0 1
    outer loop
      vertex 0 -21.376 123.137
      vertex 8.46797 -25.167 123.137
      vertex 0.390181 -21.3376 123.137
    endloop
  endfacet
  facet normal 0 0 1
    outer loop
      vertex -8.46797 -25.167 123.137
      vertex 0 -21.376 123.137
      vertex -0.390181 -21.3376 123.137
    endloop
  endfacet
  facet normal 0 0 1
    outer loop
      vertex -8.24876 -24.7873 123.137
      vertex -0.390181 -21.3376 123.137
      vertex -0.765367 -21.2237 123.137
    endloop
  endfacet
  facet normal 0 0 1
    outer loop
      vertex -1.96157 -18.9858 123.137
      vertex -4.70337 -18.6465 123.137
      vertex -2 -19.376 123.137
    endloop
  endfacet
  facet normal 0 0 1
    outer loop
      vertex -4.70337 -18.6465 123.137
      vertex -2.6503 -13.324 123.137
      vertex -3.30089 -13.1779 123.137
    endloop
  endfacet
  facet normal 0 0 1
    outer loop
      vertex -4.70337 -18.6465 123.137
      vertex -3.30089 -13.1779 123.137
      vertex -3.94352 -13 123.137
    endloop
  endfacet
  facet normal 0 0 1
    outer loop
      vertex -4.70337 -18.6465 123.137
      vertex -3.94352 -13 123.137
      vertex -4.57665 -12.7909 123.137
    endloop
  endfacet
  facet normal 0 0 1
    outer loop
      vertex -2 -19.376 123.137
      vertex -4.70337 -18.6465 123.137
      vertex -1.96157 -19.7662 123.137
    endloop
  endfacet
  facet normal 0 0 1
    outer loop
      vertex -1.96157 -19.7662 123.137
      vertex -4.70337 -18.6465 123.137
      vertex -1.84776 -20.1413 123.137
    endloop
  endfacet
  facet normal 0 0 1
    outer loop
      vertex -6.19363 -21.2277 123.137
      vertex -1.84776 -20.1413 123.137
      vertex -4.70337 -18.6465 123.137
    endloop
  endfacet
  facet normal 0 0 1
    outer loop
      vertex -1.84776 -20.1413 123.137
      vertex -6.19363 -21.2277 123.137
      vertex -1.66294 -20.4871 123.137
    endloop
  endfacet
  facet normal 0 0 1
    outer loop
      vertex -1.66294 -20.4871 123.137
      vertex -6.19363 -21.2277 123.137
      vertex -1.41421 -20.7902 123.137
    endloop
  endfacet
  facet normal 0 0 1
    outer loop
      vertex -6.55097 -21.8466 123.137
      vertex -1.41421 -20.7902 123.137
      vertex -6.19363 -21.2277 123.137
    endloop
  endfacet
  facet normal 0 0 1
    outer loop
      vertex -1.41421 -20.7902 123.137
      vertex -6.55097 -21.8466 123.137
      vertex -1.11114 -21.0389 123.137
    endloop
  endfacet
  facet normal 0 0 1
    outer loop
      vertex -6.87911 -22.415 123.137
      vertex -1.11114 -21.0389 123.137
      vertex -6.55097 -21.8466 123.137
    endloop
  endfacet
  facet normal 0 0 1
    outer loop
      vertex -1.11114 -21.0389 123.137
      vertex -6.87911 -22.415 123.137
      vertex -0.765367 -21.2237 123.137
    endloop
  endfacet
  facet normal 0 0 1
    outer loop
      vertex -8.24876 -24.7873 123.137
      vertex -0.765367 -21.2237 123.137
      vertex -6.87911 -22.415 123.137
    endloop
  endfacet
  facet normal 0 0 1
    outer loop
      vertex -0.390181 -21.3376 123.137
      vertex -8.24876 -24.7873 123.137
      vertex -8.46797 -25.167 123.137
    endloop
  endfacet
  facet normal 0 0 1
    outer loop
      vertex 0 -21.376 123.137
      vertex -8.46797 -25.167 123.137
      vertex 8.46797 -25.167 123.137
    endloop
  endfacet
  facet normal 0 0 1
    outer loop
      vertex -18.5738 8.80341 123.137
      vertex -18.5 5.25 123.137
      vertex -18.3668 8.47047 123.137
    endloop
  endfacet
  facet normal 0 0 1
    outer loop
      vertex -26.0292 5.25 123.137
      vertex -18.5738 8.80341 123.137
      vertex -18.7119 9.17035 123.137
    endloop
  endfacet
  facet normal 0 0 1
    outer loop
      vertex -26.0292 5.25 123.137
      vertex -18.7119 9.17035 123.137
      vertex -18.7758 9.55719 123.137
    endloop
  endfacet
  facet normal 0 0 1
    outer loop
      vertex -18.5738 8.80341 123.137
      vertex -26.0292 5.25 123.137
      vertex -18.5 5.25 123.137
    endloop
  endfacet
  facet normal 0 0 1
    outer loop
      vertex -13 3.94352 123.137
      vertex -18.5 5.25 123.137
      vertex -13.1779 3.30089 123.137
    endloop
  endfacet
  facet normal 0 0 1
    outer loop
      vertex -13.1779 3.30089 123.137
      vertex -18.5 5.25 123.137
      vertex -13.324 2.6503 123.137
    endloop
  endfacet
  facet normal 0 0 1
    outer loop
      vertex -13.324 2.6503 123.137
      vertex -18.5 5.25 123.137
      vertex -13.438 1.99333 123.137
    endloop
  endfacet
  facet normal 0 0 1
    outer loop
      vertex -13.438 1.99333 123.137
      vertex -18.5 5.25 123.137
      vertex -13.5196 1.33156 123.137
    endloop
  endfacet
  facet normal 0 0 1
    outer loop
      vertex -13.5686 -0.666584 123.137
      vertex -18.5 -5.25 123.137
      vertex -13.7966 -13.3965 123.137
    endloop
  endfacet
  facet normal 0 0 1
    outer loop
      vertex -13.5686 0.666584 123.137
      vertex -18.5 5.25 123.137
      vertex -13.585 0 123.137
    endloop
  endfacet
  facet normal 0 0 1
    outer loop
      vertex -13.7966 -13.3965 123.137
      vertex -18.5 -5.25 123.137
      vertex -15.2869 -15.9777 123.137
    endloop
  endfacet
  facet normal 0 0 1
    outer loop
      vertex -18.5 -5.25 123.137
      vertex -13.585 0 123.137
      vertex -18.5 5.25 123.137
    endloop
  endfacet
  facet normal -0 0 1
    outer loop
      vertex -26.0292 -5.25 123.137
      vertex -15.2869 -15.9777 123.137
      vertex -18.5 -5.25 123.137
    endloop
  endfacet
  facet normal 0 0 1
    outer loop
      vertex -13.5196 1.33156 123.137
      vertex -18.5 5.25 123.137
      vertex -13.5686 0.666584 123.137
    endloop
  endfacet
  facet normal 0 0 1
    outer loop
      vertex -18.5 5.25 123.137
      vertex -16.2625 7.75614 123.137
      vertex -16.6493 7.69227 123.137
    endloop
  endfacet
  facet normal 0 0 1
    outer loop
      vertex -18.5 5.25 123.137
      vertex -16.6493 7.69227 123.137
      vertex -17.0411 7.7051 123.137
    endloop
  endfacet
  facet normal 0 0 1
    outer loop
      vertex -15.2869 -15.9777 123.137
      vertex -26.0292 -5.25 123.137
      vertex -15.6442 -16.5966 123.137
    endloop
  endfacet
  facet normal 0 0 1
    outer loop
      vertex -18.5 5.25 123.137
      vertex -17.0411 7.7051 123.137
      vertex -17.423 7.79413 123.137
    endloop
  endfacet
  facet normal 0 0 1
    outer loop
      vertex -15.6442 -16.5966 123.137
      vertex -26.0292 -5.25 123.137
      vertex -15.9724 -17.165 123.137
    endloop
  endfacet
  facet normal 0 0 1
    outer loop
      vertex -18.5 5.25 123.137
      vertex -17.423 7.79413 123.137
      vertex -17.7801 7.95594 123.137
    endloop
  endfacet
  facet normal 0 0 1
    outer loop
      vertex -18.5 5.25 123.137
      vertex -17.7801 7.95594 123.137
      vertex -18.0988 8.18431 123.137
    endloop
  endfacet
  facet normal 0 0 1
    outer loop
      vertex -18.5 5.25 123.137
      vertex -18.0988 8.18431 123.137
      vertex -18.3668 8.47047 123.137
    endloop
  endfacet
  facet normal 0 0 1
    outer loop
      vertex -13.585 0 123.137
      vertex -18.5 -5.25 123.137
      vertex -13.5686 -0.666584 123.137
    endloop
  endfacet
  facet normal 0 0 1
    outer loop
      vertex -15.9724 -17.165 123.137
      vertex -26.0292 -5.25 123.137
      vertex -17.342 -19.5373 123.137
    endloop
  endfacet
  facet normal 0 0 1
    outer loop
      vertex -17.342 -19.5373 123.137
      vertex -26.0292 -5.25 123.137
      vertex -17.5612 -19.917 123.137
    endloop
  endfacet
  facet normal 0 0 1
    outer loop
      vertex -5.19875 -12.5509 123.137
      vertex -4.70337 -18.6465 123.137
      vertex -4.57665 -12.7909 123.137
    endloop
  endfacet
  facet normal 0 0 1
    outer loop
      vertex -5.80834 -12.2807 123.137
      vertex -4.70337 -18.6465 123.137
      vertex -5.19875 -12.5509 123.137
    endloop
  endfacet
  facet normal 0 0 1
    outer loop
      vertex -6.40392 -11.9809 123.137
      vertex -4.70337 -18.6465 123.137
      vertex -5.80834 -12.2807 123.137
    endloop
  endfacet
  facet normal 0 0 1
    outer loop
      vertex -6.98409 -11.6522 123.137
      vertex -4.70337 -18.6465 123.137
      vertex -6.40392 -11.9809 123.137
    endloop
  endfacet
  facet normal 0 0 1
    outer loop
      vertex -13.7966 -13.3965 123.137
      vertex -6.98409 -11.6522 123.137
      vertex -7.54742 -11.2955 123.137
    endloop
  endfacet
  facet normal 0 0 1
    outer loop
      vertex -13.7966 -13.3965 123.137
      vertex -7.54742 -11.2955 123.137
      vertex -8.09257 -10.9116 123.137
    endloop
  endfacet
  facet normal 0 0 1
    outer loop
      vertex -13.7966 -13.3965 123.137
      vertex -8.09257 -10.9116 123.137
      vertex -8.61823 -10.5013 123.137
    endloop
  endfacet
  facet normal 0 0 1
    outer loop
      vertex -13.7966 -13.3965 123.137
      vertex -8.61823 -10.5013 123.137
      vertex -9.12313 -10.0658 123.137
    endloop
  endfacet
  facet normal 0 0 1
    outer loop
      vertex -13.7966 -13.3965 123.137
      vertex -9.12313 -10.0658 123.137
      vertex -9.60604 -9.60604 123.137
    endloop
  endfacet
  facet normal 0 0 1
    outer loop
      vertex -13.7966 -13.3965 123.137
      vertex -9.60604 -9.60604 123.137
      vertex -10.0658 -9.12313 123.137
    endloop
  endfacet
  facet normal 0 0 1
    outer loop
      vertex -13.7966 -13.3965 123.137
      vertex -10.0658 -9.12313 123.137
      vertex -10.5013 -8.61823 123.137
    endloop
  endfacet
  facet normal 0 0 1
    outer loop
      vertex -13.7966 -13.3965 123.137
      vertex -10.5013 -8.61823 123.137
      vertex -10.9116 -8.09257 123.137
    endloop
  endfacet
  facet normal 0 0 1
    outer loop
      vertex -13.7966 -13.3965 123.137
      vertex -10.9116 -8.09257 123.137
      vertex -11.2955 -7.54742 123.137
    endloop
  endfacet
  facet normal 0 0 1
    outer loop
      vertex -13.7966 -13.3965 123.137
      vertex -11.2955 -7.54742 123.137
      vertex -11.6522 -6.98409 123.137
    endloop
  endfacet
  facet normal 0 0 1
    outer loop
      vertex -6.98409 -11.6522 123.137
      vertex -13.7966 -13.3965 123.137
      vertex -4.70337 -18.6465 123.137
    endloop
  endfacet
  facet normal 0 0 1
    outer loop
      vertex -11.9809 -6.40392 123.137
      vertex -13.7966 -13.3965 123.137
      vertex -11.6522 -6.98409 123.137
    endloop
  endfacet
  facet normal 0 0 1
    outer loop
      vertex -12.2807 -5.80834 123.137
      vertex -13.7966 -13.3965 123.137
      vertex -11.9809 -6.40392 123.137
    endloop
  endfacet
  facet normal 0 0 1
    outer loop
      vertex -12.5509 -5.19875 123.137
      vertex -13.7966 -13.3965 123.137
      vertex -12.2807 -5.80834 123.137
    endloop
  endfacet
  facet normal 0 0 1
    outer loop
      vertex -12.7909 -4.57665 123.137
      vertex -13.7966 -13.3965 123.137
      vertex -12.5509 -5.19875 123.137
    endloop
  endfacet
  facet normal 0 0 1
    outer loop
      vertex -13 -3.94352 123.137
      vertex -13.7966 -13.3965 123.137
      vertex -12.7909 -4.57665 123.137
    endloop
  endfacet
  facet normal 0 0 1
    outer loop
      vertex -13.1779 -3.30089 123.137
      vertex -13.7966 -13.3965 123.137
      vertex -13 -3.94352 123.137
    endloop
  endfacet
  facet normal 0 0 1
    outer loop
      vertex -13.324 -2.6503 123.137
      vertex -13.7966 -13.3965 123.137
      vertex -13.1779 -3.30089 123.137
    endloop
  endfacet
  facet normal 0 0 1
    outer loop
      vertex -13.438 -1.99333 123.137
      vertex -13.7966 -13.3965 123.137
      vertex -13.324 -2.6503 123.137
    endloop
  endfacet
  facet normal 0 0 1
    outer loop
      vertex -13.5196 -1.33156 123.137
      vertex -13.7966 -13.3965 123.137
      vertex -13.438 -1.99333 123.137
    endloop
  endfacet
  facet normal 0 0 1
    outer loop
      vertex -13.5686 -0.666584 123.137
      vertex -13.7966 -13.3965 123.137
      vertex -13.5196 -1.33156 123.137
    endloop
  endfacet
  facet normal 0 0 1
    outer loop
      vertex -12.7909 4.57665 123.137
      vertex -16.2625 7.75614 123.137
      vertex -13 3.94352 123.137
    endloop
  endfacet
  facet normal -0 0 1
    outer loop
      vertex -16.2625 7.75614 123.137
      vertex -12.7909 4.57665 123.137
      vertex -15.8955 7.89425 123.137
    endloop
  endfacet
  facet normal -0 0 1
    outer loop
      vertex -18.5 5.25 123.137
      vertex -13 3.94352 123.137
      vertex -16.2625 7.75614 123.137
    endloop
  endfacet
  facet normal 0 0 1
    outer loop
      vertex -13.7966 13.3965 123.137
      vertex -14.8482 10.2056 123.137
      vertex -14.7844 9.8188 123.137
    endloop
  endfacet
  facet normal 0 0 1
    outer loop
      vertex -13.7966 13.3965 123.137
      vertex -14.9863 10.5726 123.137
      vertex -14.8482 10.2056 123.137
    endloop
  endfacet
  facet normal 0 0 1
    outer loop
      vertex -13.7966 13.3965 123.137
      vertex -15.1934 10.9055 123.137
      vertex -14.9863 10.5726 123.137
    endloop
  endfacet
  facet normal 0 0 1
    outer loop
      vertex -16.519 11.6709 123.137
      vertex -13.7966 13.3965 123.137
      vertex -15.2869 15.9777 123.137
    endloop
  endfacet
  facet normal 0 0 1
    outer loop
      vertex -13.7966 13.3965 123.137
      vertex -15.4614 11.1917 123.137
      vertex -15.1934 10.9055 123.137
    endloop
  endfacet
  facet normal 0 0 1
    outer loop
      vertex -17.2977 11.6198 123.137
      vertex -15.2869 15.9777 123.137
      vertex -15.6442 16.5966 123.137
    endloop
  endfacet
  facet normal 0 0 1
    outer loop
      vertex -13.7966 13.3965 123.137
      vertex -15.7801 11.42 123.137
      vertex -15.4614 11.1917 123.137
    endloop
  endfacet
  facet normal 0 0 1
    outer loop
      vertex -17.6647 11.4817 123.137
      vertex -15.6442 16.5966 123.137
      vertex -15.9724 17.165 123.137
    endloop
  endfacet
  facet normal 0 0 1
    outer loop
      vertex -13.7966 13.3965 123.137
      vertex -16.1372 11.5819 123.137
      vertex -15.7801 11.42 123.137
    endloop
  endfacet
  facet normal 0 0 1
    outer loop
      vertex -13.7966 13.3965 123.137
      vertex -16.519 11.6709 123.137
      vertex -16.1372 11.5819 123.137
    endloop
  endfacet
  facet normal 0 0 1
    outer loop
      vertex -15.2869 15.9777 123.137
      vertex -16.9109 11.6837 123.137
      vertex -16.519 11.6709 123.137
    endloop
  endfacet
  facet normal 0 0 1
    outer loop
      vertex -15.2869 15.9777 123.137
      vertex -17.2977 11.6198 123.137
      vertex -16.9109 11.6837 123.137
    endloop
  endfacet
  facet normal 0 0 1
    outer loop
      vertex -17.9976 11.2747 123.137
      vertex -15.9724 17.165 123.137
      vertex -17.342 19.5373 123.137
    endloop
  endfacet
  facet normal 0 0 1
    outer loop
      vertex -18.2838 11.0067 123.137
      vertex -17.342 19.5373 123.137
      vertex -17.5612 19.917 123.137
    endloop
  endfacet
  facet normal 0 0 1
    outer loop
      vertex -15.6442 16.5966 123.137
      vertex -17.6647 11.4817 123.137
      vertex -17.2977 11.6198 123.137
    endloop
  endfacet
  facet normal 0 0 1
    outer loop
      vertex -15.9724 17.165 123.137
      vertex -17.9976 11.2747 123.137
      vertex -17.6647 11.4817 123.137
    endloop
  endfacet
  facet normal 0 0 1
    outer loop
      vertex -17.342 19.5373 123.137
      vertex -18.2838 11.0067 123.137
      vertex -17.9976 11.2747 123.137
    endloop
  endfacet
  facet normal 0 0 1
    outer loop
      vertex -17.5612 19.917 123.137
      vertex -18.5121 10.688 123.137
      vertex -18.2838 11.0067 123.137
    endloop
  endfacet
  facet normal 0 0 1
    outer loop
      vertex -26.0292 5.25 123.137
      vertex -18.5121 10.688 123.137
      vertex -17.5612 19.917 123.137
    endloop
  endfacet
  facet normal 0 0 1
    outer loop
      vertex -18.5121 10.688 123.137
      vertex -26.0292 5.25 123.137
      vertex -18.674 10.3309 123.137
    endloop
  endfacet
  facet normal 0 0 1
    outer loop
      vertex -18.763 9.94904 123.137
      vertex -26.0292 5.25 123.137
      vertex -18.7758 9.55719 123.137
    endloop
  endfacet
  facet normal 0 0 1
    outer loop
      vertex -18.674 10.3309 123.137
      vertex -26.0292 5.25 123.137
      vertex -18.763 9.94904 123.137
    endloop
  endfacet
  facet normal 0 0 1
    outer loop
      vertex -4.70337 18.6465 123.137
      vertex -5.19875 12.5509 123.137
      vertex -4.57665 12.7909 123.137
    endloop
  endfacet
  facet normal 0 0 1
    outer loop
      vertex -4.70337 18.6465 123.137
      vertex -5.80834 12.2807 123.137
      vertex -5.19875 12.5509 123.137
    endloop
  endfacet
  facet normal 0 0 1
    outer loop
      vertex -4.70337 18.6465 123.137
      vertex -6.40392 11.9809 123.137
      vertex -5.80834 12.2807 123.137
    endloop
  endfacet
  facet normal 0 0 1
    outer loop
      vertex -4.70337 18.6465 123.137
      vertex -6.98409 11.6522 123.137
      vertex -6.40392 11.9809 123.137
    endloop
  endfacet
  facet normal -0 0 1
    outer loop
      vertex -13.7966 13.3965 123.137
      vertex -6.98409 11.6522 123.137
      vertex -4.70337 18.6465 123.137
    endloop
  endfacet
  facet normal 0 0 1
    outer loop
      vertex -6.98409 11.6522 123.137
      vertex -13.7966 13.3965 123.137
      vertex -7.54742 11.2955 123.137
    endloop
  endfacet
  facet normal 0 0 1
    outer loop
      vertex -7.54742 11.2955 123.137
      vertex -13.7966 13.3965 123.137
      vertex -8.09257 10.9116 123.137
    endloop
  endfacet
  facet normal 0 0 1
    outer loop
      vertex -8.09257 10.9116 123.137
      vertex -13.7966 13.3965 123.137
      vertex -8.61823 10.5013 123.137
    endloop
  endfacet
  facet normal 0 0 1
    outer loop
      vertex -8.61823 10.5013 123.137
      vertex -13.7966 13.3965 123.137
      vertex -9.12313 10.0658 123.137
    endloop
  endfacet
  facet normal 0 0 1
    outer loop
      vertex -9.12313 10.0658 123.137
      vertex -13.7966 13.3965 123.137
      vertex -9.60604 9.60604 123.137
    endloop
  endfacet
  facet normal 0 0 1
    outer loop
      vertex -9.60604 9.60604 123.137
      vertex -13.7966 13.3965 123.137
      vertex -10.0658 9.12313 123.137
    endloop
  endfacet
  facet normal -0 0 1
    outer loop
      vertex -14.7844 9.8188 123.137
      vertex -10.0658 9.12313 123.137
      vertex -13.7966 13.3965 123.137
    endloop
  endfacet
  facet normal 0 0 1
    outer loop
      vertex -10.0658 9.12313 123.137
      vertex -14.7844 9.8188 123.137
      vertex -10.5013 8.61823 123.137
    endloop
  endfacet
  facet normal 0 0 1
    outer loop
      vertex -10.5013 8.61823 123.137
      vertex -14.7844 9.8188 123.137
      vertex -10.9116 8.09257 123.137
    endloop
  endfacet
  facet normal 0 0 1
    outer loop
      vertex -12.5509 5.19875 123.137
      vertex -15.8955 7.89425 123.137
      vertex -12.7909 4.57665 123.137
    endloop
  endfacet
  facet normal -0 0 1
    outer loop
      vertex -15.8955 7.89425 123.137
      vertex -12.5509 5.19875 123.137
      vertex -15.5626 8.10128 123.137
    endloop
  endfacet
  facet normal 0 0 1
    outer loop
      vertex -12.2807 5.80834 123.137
      vertex -15.5626 8.10128 123.137
      vertex -12.5509 5.19875 123.137
    endloop
  endfacet
  facet normal -0 0 1
    outer loop
      vertex -15.5626 8.10128 123.137
      vertex -12.2807 5.80834 123.137
      vertex -15.2764 8.3693 123.137
    endloop
  endfacet
  facet normal 0 0 1
    outer loop
      vertex -11.9809 6.40392 123.137
      vertex -15.2764 8.3693 123.137
      vertex -12.2807 5.80834 123.137
    endloop
  endfacet
  facet normal -0 0 1
    outer loop
      vertex -15.2764 8.3693 123.137
      vertex -11.9809 6.40392 123.137
      vertex -15.048 8.68799 123.137
    endloop
  endfacet
  facet normal 0 0 1
    outer loop
      vertex -11.6522 6.98409 123.137
      vertex -15.048 8.68799 123.137
      vertex -11.9809 6.40392 123.137
    endloop
  endfacet
  facet normal -0 0 1
    outer loop
      vertex -15.048 8.68799 123.137
      vertex -11.6522 6.98409 123.137
      vertex -14.8862 9.04511 123.137
    endloop
  endfacet
  facet normal 0 0 1
    outer loop
      vertex -11.2955 7.54742 123.137
      vertex -14.8862 9.04511 123.137
      vertex -11.6522 6.98409 123.137
    endloop
  endfacet
  facet normal -0 0 1
    outer loop
      vertex -14.8862 9.04511 123.137
      vertex -11.2955 7.54742 123.137
      vertex -14.7972 9.42694 123.137
    endloop
  endfacet
  facet normal 0 0 1
    outer loop
      vertex -10.9116 8.09257 123.137
      vertex -14.7972 9.42694 123.137
      vertex -11.2955 7.54742 123.137
    endloop
  endfacet
  facet normal -0 0 1
    outer loop
      vertex -14.7972 9.42694 123.137
      vertex -10.9116 8.09257 123.137
      vertex -14.7844 9.8188 123.137
    endloop
  endfacet
  facet normal 0 0 1
    outer loop
      vertex 1.11114 -17.713 123.137
      vertex 2.6503 -13.324 123.137
      vertex 1.99333 -13.438 123.137
    endloop
  endfacet
  facet normal 0 0 1
    outer loop
      vertex 4.70337 -18.6465 123.137
      vertex 1.96157 -18.9858 123.137
      vertex 2 -19.376 123.137
    endloop
  endfacet
  facet normal 0 0 1
    outer loop
      vertex 4.70337 -18.6465 123.137
      vertex 1.84776 -18.6106 123.137
      vertex 1.96157 -18.9858 123.137
    endloop
  endfacet
  facet normal 0 0 1
    outer loop
      vertex 4.70337 -18.6465 123.137
      vertex 1.66294 -18.2648 123.137
      vertex 1.84776 -18.6106 123.137
    endloop
  endfacet
  facet normal 0 0 1
    outer loop
      vertex 4.70337 -18.6465 123.137
      vertex 1.41421 -17.9618 123.137
      vertex 1.66294 -18.2648 123.137
    endloop
  endfacet
  facet normal 0 0 1
    outer loop
      vertex 0.765367 -17.5282 123.137
      vertex 1.99333 -13.438 123.137
      vertex 1.33156 -13.5196 123.137
    endloop
  endfacet
  facet normal 0 0 1
    outer loop
      vertex 2.6503 -13.324 123.137
      vertex 1.11114 -17.713 123.137
      vertex 1.41421 -17.9618 123.137
    endloop
  endfacet
  facet normal 0 0 1
    outer loop
      vertex 1.99333 -13.438 123.137
      vertex 0.765367 -17.5282 123.137
      vertex 1.11114 -17.713 123.137
    endloop
  endfacet
  facet normal -0 0 1
    outer loop
      vertex 0.666584 -13.5686 123.137
      vertex 0.765367 -17.5282 123.137
      vertex 1.33156 -13.5196 123.137
    endloop
  endfacet
  facet normal 0 0 1
    outer loop
      vertex 0.666584 -13.5686 123.137
      vertex 0.390181 -17.4144 123.137
      vertex 0.765367 -17.5282 123.137
    endloop
  endfacet
  facet normal -0 0 1
    outer loop
      vertex 0 -13.585 123.137
      vertex 0.390181 -17.4144 123.137
      vertex 0.666584 -13.5686 123.137
    endloop
  endfacet
  facet normal 0 0 1
    outer loop
      vertex 0 -13.585 123.137
      vertex 0 -17.376 123.137
      vertex 0.390181 -17.4144 123.137
    endloop
  endfacet
  facet normal 0 0 1
    outer loop
      vertex 0 -13.585 123.137
      vertex -0.390181 -17.4144 123.137
      vertex 0 -17.376 123.137
    endloop
  endfacet
  facet normal 0 0 1
    outer loop
      vertex -0.666584 -13.5686 123.137
      vertex -0.390181 -17.4144 123.137
      vertex 0 -13.585 123.137
    endloop
  endfacet
  facet normal 0 0 1
    outer loop
      vertex -0.666584 -13.5686 123.137
      vertex -0.765367 -17.5282 123.137
      vertex -0.390181 -17.4144 123.137
    endloop
  endfacet
  facet normal 0 0 1
    outer loop
      vertex -1.33156 -13.5196 123.137
      vertex -0.765367 -17.5282 123.137
      vertex -0.666584 -13.5686 123.137
    endloop
  endfacet
  facet normal 0 0 1
    outer loop
      vertex -1.99333 -13.438 123.137
      vertex -0.765367 -17.5282 123.137
      vertex -1.33156 -13.5196 123.137
    endloop
  endfacet
  facet normal 0 0 1
    outer loop
      vertex -0.765367 -17.5282 123.137
      vertex -1.99333 -13.438 123.137
      vertex -1.11114 -17.713 123.137
    endloop
  endfacet
  facet normal 0 0 1
    outer loop
      vertex -2.6503 -13.324 123.137
      vertex -1.11114 -17.713 123.137
      vertex -1.99333 -13.438 123.137
    endloop
  endfacet
  facet normal 0 0 1
    outer loop
      vertex -1.11114 -17.713 123.137
      vertex -2.6503 -13.324 123.137
      vertex -1.41421 -17.9618 123.137
    endloop
  endfacet
  facet normal 0 0 1
    outer loop
      vertex -4.70337 -18.6465 123.137
      vertex -1.41421 -17.9618 123.137
      vertex -2.6503 -13.324 123.137
    endloop
  endfacet
  facet normal 0 0 1
    outer loop
      vertex -1.41421 -17.9618 123.137
      vertex -4.70337 -18.6465 123.137
      vertex -1.66294 -18.2648 123.137
    endloop
  endfacet
  facet normal 0 0 1
    outer loop
      vertex -1.66294 -18.2648 123.137
      vertex -4.70337 -18.6465 123.137
      vertex -1.84776 -18.6106 123.137
    endloop
  endfacet
  facet normal 0 0 1
    outer loop
      vertex -1.84776 -18.6106 123.137
      vertex -4.70337 -18.6465 123.137
      vertex -1.96157 -18.9858 123.137
    endloop
  endfacet
  facet normal -0.8491 0.528232 0
    outer loop
      vertex 14.9863 10.5726 123.137
      vertex 15.1934 10.9055 128.538
      vertex 15.1934 10.9055 123.137
    endloop
  endfacet
  facet normal -0.8491 0.528232 0
    outer loop
      vertex 15.1934 10.9055 128.538
      vertex 14.9863 10.5726 123.137
      vertex 14.9863 10.5726 128.538
    endloop
  endfacet
  facet normal -0.032644 0.999467 0
    outer loop
      vertex 16.9109 11.6837 123.137
      vertex 16.519 11.6709 128.538
      vertex 16.9109 11.6837 128.538
    endloop
  endfacet
  facet normal -0.032644 0.999467 0
    outer loop
      vertex 16.519 11.6709 128.538
      vertex 16.9109 11.6837 123.137
      vertex 16.519 11.6709 123.137
    endloop
  endfacet
  facet normal 0.683517 0.729935 -0
    outer loop
      vertex 18.2838 11.0067 123.137
      vertex 17.9976 11.2747 128.538
      vertex 18.2838 11.0067 128.538
    endloop
  endfacet
  facet normal 0.683517 0.729935 0
    outer loop
      vertex 17.9976 11.2747 128.538
      vertex 18.2838 11.0067 123.137
      vertex 17.9976 11.2747 123.137
    endloop
  endfacet
  facet normal 0.81294 0.582348 0
    outer loop
      vertex 18.5121 10.688 128.538
      vertex 18.2838 11.0067 123.137
      vertex 18.2838 11.0067 128.538
    endloop
  endfacet
  facet normal 0.81294 0.582348 0
    outer loop
      vertex 18.2838 11.0067 123.137
      vertex 18.5121 10.688 128.538
      vertex 18.5121 10.688 123.137
    endloop
  endfacet
  facet normal 0.528048 0.849214 -0
    outer loop
      vertex 17.9976 11.2747 123.137
      vertex 17.6647 11.4817 128.538
      vertex 17.9976 11.2747 128.538
    endloop
  endfacet
  facet normal 0.528048 0.849214 0
    outer loop
      vertex 17.6647 11.4817 128.538
      vertex 17.9976 11.2747 123.137
      vertex 17.6647 11.4817 123.137
    endloop
  endfacet
  facet normal -0.412919 0.910768 0
    outer loop
      vertex 16.1372 11.5819 123.137
      vertex 15.7801 11.42 128.538
      vertex 16.1372 11.5819 128.538
    endloop
  endfacet
  facet normal -0.412919 0.910768 0
    outer loop
      vertex 15.7801 11.42 128.538
      vertex 16.1372 11.5819 123.137
      vertex 15.7801 11.42 123.137
    endloop
  endfacet
  facet normal 0.582466 -0.812855 0
    outer loop
      vertex 17.7801 7.95594 123.137
      vertex 18.0988 8.18431 128.538
      vertex 17.7801 7.95594 128.538
    endloop
  endfacet
  facet normal 0.582466 -0.812855 0
    outer loop
      vertex 18.0988 8.18431 128.538
      vertex 17.7801 7.95594 123.137
      vertex 18.0988 8.18431 123.137
    endloop
  endfacet
  facet normal -0.22702 0.97389 0
    outer loop
      vertex 16.519 11.6709 123.137
      vertex 16.1372 11.5819 128.538
      vertex 16.519 11.6709 128.538
    endloop
  endfacet
  facet normal -0.22702 0.97389 0
    outer loop
      vertex 16.1372 11.5819 128.538
      vertex 16.519 11.6709 123.137
      vertex 16.1372 11.5819 123.137
    endloop
  endfacet
  facet normal 0.162992 0.986627 -0
    outer loop
      vertex 17.2977 11.6198 123.137
      vertex 16.9109 11.6837 128.538
      vertex 17.2977 11.6198 128.538
    endloop
  endfacet
  facet normal 0.162992 0.986627 0
    outer loop
      vertex 16.9109 11.6837 128.538
      vertex 17.2977 11.6198 123.137
      vertex 16.9109 11.6837 123.137
    endloop
  endfacet
  facet normal 0.98663 -0.162976 0
    outer loop
      vertex 18.7119 9.17035 128.538
      vertex 18.7758 9.55719 123.137
      vertex 18.7758 9.55719 128.538
    endloop
  endfacet
  facet normal 0.98663 -0.162976 0
    outer loop
      vertex 18.7758 9.55719 123.137
      vertex 18.7119 9.17035 128.538
      vertex 18.7119 9.17035 123.137
    endloop
  endfacet
  facet normal -0.93593 0.352185 0
    outer loop
      vertex 14.8482 10.2056 123.137
      vertex 14.9863 10.5726 128.538
      vertex 14.9863 10.5726 123.137
    endloop
  endfacet
  facet normal -0.93593 0.352185 0
    outer loop
      vertex 14.9863 10.5726 128.538
      vertex 14.8482 10.2056 123.137
      vertex 14.8482 10.2056 128.538
    endloop
  endfacet
  facet normal 0.849243 -0.528003 0
    outer loop
      vertex 18.3668 8.47047 128.538
      vertex 18.5738 8.80341 123.137
      vertex 18.5738 8.80341 128.538
    endloop
  endfacet
  facet normal 0.849243 -0.528003 0
    outer loop
      vertex 18.5738 8.80341 123.137
      vertex 18.3668 8.47047 128.538
      vertex 18.3668 8.47047 123.137
    endloop
  endfacet
  facet normal -0.528104 -0.84918 0
    outer loop
      vertex 15.5626 8.10128 123.137
      vertex 15.8955 7.89425 128.538
      vertex 15.5626 8.10128 128.538
    endloop
  endfacet
  facet normal -0.528104 -0.84918 -0
    outer loop
      vertex 15.8955 7.89425 128.538
      vertex 15.5626 8.10128 123.137
      vertex 15.8955 7.89425 123.137
    endloop
  endfacet
  facet normal 0.910768 0.412919 0
    outer loop
      vertex 18.674 10.3309 128.538
      vertex 18.5121 10.688 123.137
      vertex 18.5121 10.688 128.538
    endloop
  endfacet
  facet normal 0.910768 0.412919 0
    outer loop
      vertex 18.5121 10.688 123.137
      vertex 18.674 10.3309 128.538
      vertex 18.674 10.3309 123.137
    endloop
  endfacet
  facet normal -0.729935 0.683517 0
    outer loop
      vertex 15.1934 10.9055 123.137
      vertex 15.4614 11.1917 128.538
      vertex 15.4614 11.1917 123.137
    endloop
  endfacet
  facet normal -0.729935 0.683517 0
    outer loop
      vertex 15.4614 11.1917 128.538
      vertex 15.1934 10.9055 123.137
      vertex 15.1934 10.9055 128.538
    endloop
  endfacet
  facet normal 0.412728 -0.910854 0
    outer loop
      vertex 17.423 7.79413 123.137
      vertex 17.7801 7.95594 128.538
      vertex 17.423 7.79413 128.538
    endloop
  endfacet
  facet normal 0.412728 -0.910854 0
    outer loop
      vertex 17.7801 7.95594 128.538
      vertex 17.423 7.79413 123.137
      vertex 17.7801 7.95594 123.137
    endloop
  endfacet
  facet normal -0.999467 -0.0326473 0
    outer loop
      vertex 14.7972 9.42694 123.137
      vertex 14.7844 9.8188 128.538
      vertex 14.7844 9.8188 123.137
    endloop
  endfacet
  facet normal -0.999467 -0.0326473 0
    outer loop
      vertex 14.7844 9.8188 128.538
      vertex 14.7972 9.42694 123.137
      vertex 14.7972 9.42694 128.538
    endloop
  endfacet
  facet normal 0.729887 -0.683568 0
    outer loop
      vertex 18.0988 8.18431 128.538
      vertex 18.3668 8.47047 123.137
      vertex 18.3668 8.47047 128.538
    endloop
  endfacet
  facet normal 0.729887 -0.683568 0
    outer loop
      vertex 18.3668 8.47047 123.137
      vertex 18.0988 8.18431 128.538
      vertex 18.0988 8.18431 123.137
    endloop
  endfacet
  facet normal 0.227036 -0.973886 0
    outer loop
      vertex 17.0411 7.7051 123.137
      vertex 17.423 7.79413 128.538
      vertex 17.0411 7.7051 128.538
    endloop
  endfacet
  facet normal 0.227036 -0.973886 0
    outer loop
      vertex 17.423 7.79413 128.538
      vertex 17.0411 7.7051 123.137
      vertex 17.423 7.79413 123.137
    endloop
  endfacet
  facet normal 0.973898 0.226986 0
    outer loop
      vertex 18.763 9.94904 128.538
      vertex 18.674 10.3309 123.137
      vertex 18.674 10.3309 128.538
    endloop
  endfacet
  facet normal 0.973898 0.226986 0
    outer loop
      vertex 18.674 10.3309 123.137
      vertex 18.763 9.94904 128.538
      vertex 18.763 9.94904 123.137
    endloop
  endfacet
  facet normal 0.352185 0.93593 -0
    outer loop
      vertex 17.6647 11.4817 123.137
      vertex 17.2977 11.6198 128.538
      vertex 17.6647 11.4817 128.538
    endloop
  endfacet
  facet normal 0.352185 0.93593 0
    outer loop
      vertex 17.2977 11.6198 128.538
      vertex 17.6647 11.4817 123.137
      vertex 17.2977 11.6198 123.137
    endloop
  endfacet
  facet normal -0.910872 -0.412688 0
    outer loop
      vertex 15.048 8.68799 123.137
      vertex 14.8862 9.04511 128.538
      vertex 14.8862 9.04511 123.137
    endloop
  endfacet
  facet normal -0.910872 -0.412688 0
    outer loop
      vertex 14.8862 9.04511 128.538
      vertex 15.048 8.68799 123.137
      vertex 15.048 8.68799 128.538
    endloop
  endfacet
  facet normal 0.935911 -0.352236 0
    outer loop
      vertex 18.5738 8.80341 128.538
      vertex 18.7119 9.17035 123.137
      vertex 18.7119 9.17035 128.538
    endloop
  endfacet
  facet normal 0.935911 -0.352236 0
    outer loop
      vertex 18.7119 9.17035 123.137
      vertex 18.5738 8.80341 128.538
      vertex 18.5738 8.80341 123.137
    endloop
  endfacet
  facet normal -0.162918 -0.98664 0
    outer loop
      vertex 16.2625 7.75614 123.137
      vertex 16.6493 7.69227 128.538
      vertex 16.2625 7.75614 128.538
    endloop
  endfacet
  facet normal -0.162918 -0.98664 -0
    outer loop
      vertex 16.6493 7.69227 128.538
      vertex 16.2625 7.75614 123.137
      vertex 16.6493 7.69227 123.137
    endloop
  endfacet
  facet normal -0.582348 0.81294 0
    outer loop
      vertex 15.7801 11.42 123.137
      vertex 15.4614 11.1917 128.538
      vertex 15.7801 11.42 128.538
    endloop
  endfacet
  facet normal -0.582348 0.81294 0
    outer loop
      vertex 15.4614 11.1917 128.538
      vertex 15.7801 11.42 123.137
      vertex 15.4614 11.1917 123.137
    endloop
  endfacet
  facet normal 0.999467 0.0326481 0
    outer loop
      vertex 18.7758 9.55719 128.538
      vertex 18.763 9.94904 123.137
      vertex 18.763 9.94904 128.538
    endloop
  endfacet
  facet normal 0.999467 0.0326481 0
    outer loop
      vertex 18.763 9.94904 123.137
      vertex 18.7758 9.55719 128.538
      vertex 18.7758 9.55719 123.137
    endloop
  endfacet
  facet normal -0.683544 -0.729909 0
    outer loop
      vertex 15.2764 8.3693 123.137
      vertex 15.5626 8.10128 128.538
      vertex 15.2764 8.3693 128.538
    endloop
  endfacet
  facet normal -0.683544 -0.729909 -0
    outer loop
      vertex 15.5626 8.10128 128.538
      vertex 15.2764 8.3693 123.137
      vertex 15.5626 8.10128 123.137
    endloop
  endfacet
  facet normal -0.81281 -0.582528 0
    outer loop
      vertex 15.2764 8.3693 123.137
      vertex 15.048 8.68799 128.538
      vertex 15.048 8.68799 123.137
    endloop
  endfacet
  facet normal -0.81281 -0.582528 0
    outer loop
      vertex 15.048 8.68799 128.538
      vertex 15.2764 8.3693 123.137
      vertex 15.2764 8.3693 128.538
    endloop
  endfacet
  facet normal -0.352208 -0.935922 0
    outer loop
      vertex 15.8955 7.89425 123.137
      vertex 16.2625 7.75614 128.538
      vertex 15.8955 7.89425 128.538
    endloop
  endfacet
  facet normal -0.352208 -0.935922 -0
    outer loop
      vertex 16.2625 7.75614 128.538
      vertex 15.8955 7.89425 123.137
      vertex 16.2625 7.75614 123.137
    endloop
  endfacet
  facet normal -0.986668 0.162744 0
    outer loop
      vertex 14.7844 9.8188 123.137
      vertex 14.8482 10.2056 128.538
      vertex 14.8482 10.2056 123.137
    endloop
  endfacet
  facet normal -0.986668 0.162744 0
    outer loop
      vertex 14.8482 10.2056 128.538
      vertex 14.7844 9.8188 123.137
      vertex 14.7844 9.8188 128.538
    endloop
  endfacet
  facet normal -0.973894 -0.227003 0
    outer loop
      vertex 14.8862 9.04511 123.137
      vertex 14.7972 9.42694 128.538
      vertex 14.7972 9.42694 123.137
    endloop
  endfacet
  facet normal -0.973894 -0.227003 0
    outer loop
      vertex 14.7972 9.42694 128.538
      vertex 14.8862 9.04511 123.137
      vertex 14.8862 9.04511 128.538
    endloop
  endfacet
  facet normal 0.0327288 -0.999464 0
    outer loop
      vertex 16.6493 7.69227 123.137
      vertex 17.0411 7.7051 128.538
      vertex 16.6493 7.69227 128.538
    endloop
  endfacet
  facet normal 0.0327288 -0.999464 0
    outer loop
      vertex 17.0411 7.7051 128.538
      vertex 16.6493 7.69227 123.137
      vertex 17.0411 7.7051 123.137
    endloop
  endfacet
  facet normal 0.29228 -0.645096 0.705991
    outer loop
      vertex 17.4801 8.47556 129.137
      vertex 17.2301 8.36229 129.137
      vertex 17.7801 7.95594 128.538
    endloop
  endfacet
  facet normal 0.575763 0.412403 0.705989
    outer loop
      vertex 18.5121 10.688 128.538
      vertex 17.8327 10.6111 129.137
      vertex 17.9925 10.388 129.137
    endloop
  endfacet
  facet normal 0.575751 0.412438 0.705979
    outer loop
      vertex 18.2838 11.0067 128.538
      vertex 17.8327 10.6111 129.137
      vertex 18.5121 10.688 128.538
    endloop
  endfacet
  facet normal 0.11544 0.69878 0.705961
    outer loop
      vertex 17.2977 11.6198 128.538
      vertex 16.9109 11.6837 128.538
      vertex 17.1424 11.0403 129.137
    endloop
  endfacet
  facet normal -0.689714 -0.160764 0.70601
    outer loop
      vertex 15.3921 9.50525 129.137
      vertex 14.7972 9.42694 128.538
      vertex 14.8862 9.04511 128.538
    endloop
  endfacet
  facet normal 0.115387 0.698774 0.705975
    outer loop
      vertex 16.9109 11.6837 128.538
      vertex 16.8717 11.085 129.137
      vertex 17.1424 11.0403 129.137
    endloop
  endfacet
  facet normal -0.57565 -0.412559 0.70599
    outer loop
      vertex 15.7275 8.76491 129.137
      vertex 15.048 8.68799 128.538
      vertex 15.2764 8.3693 128.538
    endloop
  endfacet
  facet normal -0.412438 0.575751 0.705979
    outer loop
      vertex 15.7801 11.42 128.538
      vertex 15.4614 11.1917 128.538
      vertex 15.857 10.7406 129.137
    endloop
  endfacet
  facet normal 0.601462 -0.373949 0.705978
    outer loop
      vertex 18.5738 8.80341 128.538
      vertex 17.8908 8.83572 129.137
      vertex 18.3668 8.47047 128.538
    endloop
  endfacet
  facet normal 0.373894 0.601481 0.705991
    outer loop
      vertex 17.6647 11.4817 128.538
      vertex 17.3993 10.9436 129.137
      vertex 17.6324 10.7987 129.137
    endloop
  endfacet
  facet normal 0.484099 0.516974 0.705964
    outer loop
      vertex 17.9976 11.2747 128.538
      vertex 17.6324 10.7987 129.137
      vertex 18.2838 11.0067 128.538
    endloop
  endfacet
  facet normal 0.160806 -0.68972 0.705994
    outer loop
      vertex 17.2301 8.36229 129.137
      vertex 16.9628 8.29997 129.137
      vertex 17.423 7.79413 128.538
    endloop
  endfacet
  facet normal -0.601366 0.374115 0.705972
    outer loop
      vertex 15.1934 10.9055 128.538
      vertex 14.9863 10.5726 128.538
      vertex 15.6694 10.5403 129.137
    endloop
  endfacet
  facet normal -0.373946 -0.601441 0.705998
    outer loop
      vertex 15.9278 8.5773 129.137
      vertex 15.8955 7.89425 128.538
      vertex 16.1609 8.43237 129.137
    endloop
  endfacet
  facet normal 0.373989 0.601454 0.705964
    outer loop
      vertex 17.6647 11.4817 128.538
      vertex 17.6324 10.7987 129.137
      vertex 17.9976 11.2747 128.538
    endloop
  endfacet
  facet normal -0.484113 -0.516951 0.705972
    outer loop
      vertex 15.9278 8.5773 129.137
      vertex 15.2764 8.3693 128.538
      vertex 15.5626 8.10128 128.538
    endloop
  endfacet
  facet normal -0.115383 -0.698766 0.705984
    outer loop
      vertex 16.4177 8.3357 129.137
      vertex 16.2625 7.75614 128.538
      vertex 16.6493 7.69227 128.538
    endloop
  endfacet
  facet normal -0.0232252 0.707853 0.705978
    outer loop
      vertex 16.9109 11.6837 128.538
      vertex 16.5974 11.076 129.137
      vertex 16.8717 11.085 129.137
    endloop
  endfacet
  facet normal 0.412503 -0.575687 0.705993
    outer loop
      vertex 17.7032 8.63542 129.137
      vertex 17.4801 8.47556 129.137
      vertex 17.7801 7.95594 128.538
    endloop
  endfacet
  facet normal -0.516912 0.484137 0.705984
    outer loop
      vertex 15.857 10.7406 129.137
      vertex 15.4614 11.1917 128.538
      vertex 15.6694 10.5403 129.137
    endloop
  endfacet
  facet normal -0.292429 0.645005 0.706012
    outer loop
      vertex 16.1372 11.5819 128.538
      vertex 15.7801 11.42 128.538
      vertex 16.3301 11.0137 129.137
    endloop
  endfacet
  facet normal -0.66282 0.249415 0.706018
    outer loop
      vertex 14.9863 10.5726 128.538
      vertex 14.8482 10.2056 128.538
      vertex 15.4278 10.0503 129.137
    endloop
  endfacet
  facet normal 0.516928 -0.484123 0.705982
    outer loop
      vertex 18.3668 8.47047 128.538
      vertex 17.8908 8.83572 129.137
      vertex 18.0988 8.18431 128.538
    endloop
  endfacet
  facet normal 0.0231732 -0.70784 0.705993
    outer loop
      vertex 16.6885 8.29099 129.137
      vertex 16.6493 7.69227 128.538
      vertex 16.9628 8.29997 129.137
    endloop
  endfacet
  facet normal 0.707853 0.0232252 0.705977
    outer loop
      vertex 18.7758 9.55719 128.538
      vertex 18.1681 9.87073 129.137
      vertex 18.1771 9.59643 129.137
    endloop
  endfacet
  facet normal 0.249435 0.662872 0.705962
    outer loop
      vertex 17.2977 11.6198 128.538
      vertex 17.1424 11.0403 129.137
      vertex 17.6647 11.4817 128.538
    endloop
  endfacet
  facet normal 0.0231792 -0.707841 0.705991
    outer loop
      vertex 16.9628 8.29997 129.137
      vertex 16.6493 7.69227 128.538
      vertex 17.0411 7.7051 128.538
    endloop
  endfacet
  facet normal 0.516909 -0.484134 0.705988
    outer loop
      vertex 17.8908 8.83572 129.137
      vertex 17.7032 8.63542 129.137
      vertex 18.0988 8.18431 128.538
    endloop
  endfacet
  facet normal -0.484147 -0.516895 0.705989
    outer loop
      vertex 15.7275 8.76491 129.137
      vertex 15.2764 8.3693 128.538
      vertex 15.9278 8.5773 129.137
    endloop
  endfacet
  facet normal -0.249509 -0.66281 0.705995
    outer loop
      vertex 16.1609 8.43237 129.137
      vertex 15.8955 7.89425 128.538
      vertex 16.4177 8.3357 129.137
    endloop
  endfacet
  facet normal -0.68971 -0.16077 0.706012
    outer loop
      vertex 15.3921 9.50525 129.137
      vertex 14.8862 9.04511 128.538
      vertex 15.4544 9.23798 129.137
    endloop
  endfacet
  facet normal -0.662776 0.249476 0.706038
    outer loop
      vertex 15.5245 10.3072 129.137
      vertex 14.9863 10.5726 128.538
      vertex 15.4278 10.0503 129.137
    endloop
  endfacet
  facet normal 0 0 1
    outer loop
      vertex 18.1681 9.87073 129.137
      vertex 18.1324 9.32564 129.137
      vertex 18.1771 9.59643 129.137
    endloop
  endfacet
  facet normal 0 0 1
    outer loop
      vertex 18.1058 10.138 129.137
      vertex 18.1324 9.32564 129.137
      vertex 18.1681 9.87073 129.137
    endloop
  endfacet
  facet normal 0 0 1
    outer loop
      vertex 18.1058 10.138 129.137
      vertex 18.0357 9.06879 129.137
      vertex 18.1324 9.32564 129.137
    endloop
  endfacet
  facet normal 0 0 1
    outer loop
      vertex 17.9925 10.388 129.137
      vertex 18.0357 9.06879 129.137
      vertex 18.1058 10.138 129.137
    endloop
  endfacet
  facet normal 0 0 1
    outer loop
      vertex 17.9925 10.388 129.137
      vertex 17.8908 8.83572 129.137
      vertex 18.0357 9.06879 129.137
    endloop
  endfacet
  facet normal 0 0 1
    outer loop
      vertex 17.8327 10.6111 129.137
      vertex 17.8908 8.83572 129.137
      vertex 17.9925 10.388 129.137
    endloop
  endfacet
  facet normal 0 0 1
    outer loop
      vertex 17.8327 10.6111 129.137
      vertex 17.7032 8.63542 129.137
      vertex 17.8908 8.83572 129.137
    endloop
  endfacet
  facet normal 0 0 1
    outer loop
      vertex 17.6324 10.7987 129.137
      vertex 17.7032 8.63542 129.137
      vertex 17.8327 10.6111 129.137
    endloop
  endfacet
  facet normal 0 0 1
    outer loop
      vertex 17.6324 10.7987 129.137
      vertex 17.4801 8.47556 129.137
      vertex 17.7032 8.63542 129.137
    endloop
  endfacet
  facet normal 0 0 1
    outer loop
      vertex 17.3993 10.9436 129.137
      vertex 17.4801 8.47556 129.137
      vertex 17.6324 10.7987 129.137
    endloop
  endfacet
  facet normal 0 0 1
    outer loop
      vertex 17.3993 10.9436 129.137
      vertex 17.2301 8.36229 129.137
      vertex 17.4801 8.47556 129.137
    endloop
  endfacet
  facet normal 0 0 1
    outer loop
      vertex 17.1424 11.0403 129.137
      vertex 17.2301 8.36229 129.137
      vertex 17.3993 10.9436 129.137
    endloop
  endfacet
  facet normal 0 0 1
    outer loop
      vertex 17.1424 11.0403 129.137
      vertex 16.9628 8.29997 129.137
      vertex 17.2301 8.36229 129.137
    endloop
  endfacet
  facet normal 0 0 1
    outer loop
      vertex 16.8717 11.085 129.137
      vertex 16.9628 8.29997 129.137
      vertex 17.1424 11.0403 129.137
    endloop
  endfacet
  facet normal 0 0 1
    outer loop
      vertex 16.8717 11.085 129.137
      vertex 16.6885 8.29099 129.137
      vertex 16.9628 8.29997 129.137
    endloop
  endfacet
  facet normal -0 0 1
    outer loop
      vertex 16.5974 11.076 129.137
      vertex 16.6885 8.29099 129.137
      vertex 16.8717 11.085 129.137
    endloop
  endfacet
  facet normal 0 0 1
    outer loop
      vertex 16.5974 11.076 129.137
      vertex 16.4177 8.3357 129.137
      vertex 16.6885 8.29099 129.137
    endloop
  endfacet
  facet normal -0 0 1
    outer loop
      vertex 16.3301 11.0137 129.137
      vertex 16.4177 8.3357 129.137
      vertex 16.5974 11.076 129.137
    endloop
  endfacet
  facet normal 0 0 1
    outer loop
      vertex 16.3301 11.0137 129.137
      vertex 16.1609 8.43237 129.137
      vertex 16.4177 8.3357 129.137
    endloop
  endfacet
  facet normal -0 0 1
    outer loop
      vertex 16.0801 10.9004 129.137
      vertex 16.1609 8.43237 129.137
      vertex 16.3301 11.0137 129.137
    endloop
  endfacet
  facet normal 0 0 1
    outer loop
      vertex 16.0801 10.9004 129.137
      vertex 15.9278 8.5773 129.137
      vertex 16.1609 8.43237 129.137
    endloop
  endfacet
  facet normal -0 0 1
    outer loop
      vertex 15.857 10.7406 129.137
      vertex 15.9278 8.5773 129.137
      vertex 16.0801 10.9004 129.137
    endloop
  endfacet
  facet normal 0 0 1
    outer loop
      vertex 15.857 10.7406 129.137
      vertex 15.7275 8.76491 129.137
      vertex 15.9278 8.5773 129.137
    endloop
  endfacet
  facet normal -0 0 1
    outer loop
      vertex 15.6694 10.5403 129.137
      vertex 15.7275 8.76491 129.137
      vertex 15.857 10.7406 129.137
    endloop
  endfacet
  facet normal 0 0 1
    outer loop
      vertex 15.6694 10.5403 129.137
      vertex 15.5677 8.98799 129.137
      vertex 15.7275 8.76491 129.137
    endloop
  endfacet
  facet normal -0 0 1
    outer loop
      vertex 15.5245 10.3072 129.137
      vertex 15.5677 8.98799 129.137
      vertex 15.6694 10.5403 129.137
    endloop
  endfacet
  facet normal 0 0 1
    outer loop
      vertex 15.5245 10.3072 129.137
      vertex 15.4544 9.23798 129.137
      vertex 15.5677 8.98799 129.137
    endloop
  endfacet
  facet normal -0 0 1
    outer loop
      vertex 15.4278 10.0503 129.137
      vertex 15.4544 9.23798 129.137
      vertex 15.5245 10.3072 129.137
    endloop
  endfacet
  facet normal 0 0 1
    outer loop
      vertex 15.4278 10.0503 129.137
      vertex 15.3921 9.50525 129.137
      vertex 15.4544 9.23798 129.137
    endloop
  endfacet
  facet normal 0 -0 1
    outer loop
      vertex 15.3921 9.50525 129.137
      vertex 15.4278 10.0503 129.137
      vertex 15.3831 9.77956 129.137
    endloop
  endfacet
  facet normal -0.115368 -0.698764 0.705988
    outer loop
      vertex 16.6885 8.29099 129.137
      vertex 16.4177 8.3357 129.137
      vertex 16.6493 7.69227 128.538
    endloop
  endfacet
  facet normal -0.575708 -0.4124 0.706036
    outer loop
      vertex 15.5677 8.98799 129.137
      vertex 15.048 8.68799 128.538
      vertex 15.7275 8.76491 129.137
    endloop
  endfacet
  facet normal 0.645005 0.292429 0.706012
    outer loop
      vertex 18.5121 10.688 128.538
      vertex 18.1058 10.138 129.137
      vertex 18.674 10.3309 128.538
    endloop
  endfacet
  facet normal 0.645073 0.292347 0.705984
    outer loop
      vertex 18.5121 10.688 128.538
      vertex 17.9925 10.388 129.137
      vertex 18.1058 10.138 129.137
    endloop
  endfacet
  facet normal -0.292347 0.645073 0.705984
    outer loop
      vertex 16.3301 11.0137 129.137
      vertex 15.7801 11.42 128.538
      vertex 16.0801 10.9004 129.137
    endloop
  endfacet
  facet normal 0.698774 -0.115348 0.705981
    outer loop
      vertex 18.1771 9.59643 129.137
      vertex 18.1324 9.32564 129.137
      vertex 18.7758 9.55719 128.538
    endloop
  endfacet
  facet normal 0.689716 0.160752 0.706011
    outer loop
      vertex 18.674 10.3309 128.538
      vertex 18.1681 9.87073 129.137
      vertex 18.763 9.94904 128.538
    endloop
  endfacet
  facet normal -0.64502 -0.292335 0.706038
    outer loop
      vertex 15.4544 9.23798 129.137
      vertex 15.048 8.68799 128.538
      vertex 15.5677 8.98799 129.137
    endloop
  endfacet
  facet normal 0.484137 0.516912 0.705984
    outer loop
      vertex 18.2838 11.0067 128.538
      vertex 17.6324 10.7987 129.137
      vertex 17.8327 10.6111 129.137
    endloop
  endfacet
  facet normal -0.249447 -0.662855 0.705974
    outer loop
      vertex 16.4177 8.3357 129.137
      vertex 15.8955 7.89425 128.538
      vertex 16.2625 7.75614 128.538
    endloop
  endfacet
  facet normal -0.374022 -0.601419 0.705977
    outer loop
      vertex 15.9278 8.5773 129.137
      vertex 15.5626 8.10128 128.538
      vertex 15.8955 7.89425 128.538
    endloop
  endfacet
  facet normal 0.707828 0.0231216 0.706006
    outer loop
      vertex 18.763 9.94904 128.538
      vertex 18.1681 9.87073 129.137
      vertex 18.7758 9.55719 128.538
    endloop
  endfacet
  facet normal -0.707853 -0.0232244 0.705977
    outer loop
      vertex 15.3831 9.77956 129.137
      vertex 14.7844 9.8188 128.538
      vertex 15.3921 9.50525 129.137
    endloop
  endfacet
  facet normal 0.249496 0.662828 0.705983
    outer loop
      vertex 17.6647 11.4817 128.538
      vertex 17.1424 11.0403 129.137
      vertex 17.3993 10.9436 129.137
    endloop
  endfacet
  facet normal 0.160792 -0.689727 0.70599
    outer loop
      vertex 17.423 7.79413 128.538
      vertex 16.9628 8.29997 129.137
      vertex 17.0411 7.7051 128.538
    endloop
  endfacet
  facet normal 0.412515 -0.575683 0.705989
    outer loop
      vertex 18.0988 8.18431 128.538
      vertex 17.7032 8.63542 129.137
      vertex 17.7801 7.95594 128.538
    endloop
  endfacet
  facet normal -0.516974 0.484099 0.705964
    outer loop
      vertex 15.4614 11.1917 128.538
      vertex 15.1934 10.9055 128.538
      vertex 15.6694 10.5403 129.137
    endloop
  endfacet
  facet normal 0.689706 0.160769 0.706016
    outer loop
      vertex 18.674 10.3309 128.538
      vertex 18.1058 10.138 129.137
      vertex 18.1681 9.87073 129.137
    endloop
  endfacet
  facet normal -0.412403 0.575763 0.705989
    outer loop
      vertex 16.0801 10.9004 129.137
      vertex 15.7801 11.42 128.538
      vertex 15.857 10.7406 129.137
    endloop
  endfacet
  facet normal -0.645078 -0.292265 0.706014
    outer loop
      vertex 15.4544 9.23798 129.137
      vertex 14.8862 9.04511 128.538
      vertex 15.048 8.68799 128.538
    endloop
  endfacet
  facet normal -0.69876 0.115256 0.706011
    outer loop
      vertex 14.8482 10.2056 128.538
      vertex 14.7844 9.8188 128.538
      vertex 15.4278 10.0503 129.137
    endloop
  endfacet
  facet normal -0.698772 0.115369 0.70598
    outer loop
      vertex 15.4278 10.0503 129.137
      vertex 14.7844 9.8188 128.538
      vertex 15.3831 9.77956 129.137
    endloop
  endfacet
  facet normal -0.707828 -0.023121 0.706006
    outer loop
      vertex 15.3921 9.50525 129.137
      vertex 14.7844 9.8188 128.538
      vertex 14.7972 9.42694 128.538
    endloop
  endfacet
  facet normal 0.662862 -0.249472 0.705959
    outer loop
      vertex 18.7119 9.17035 128.538
      vertex 18.1324 9.32564 129.137
      vertex 18.5738 8.80341 128.538
    endloop
  endfacet
  facet normal 0.698783 -0.115428 0.705959
    outer loop
      vertex 18.7758 9.55719 128.538
      vertex 18.1324 9.32564 129.137
      vertex 18.7119 9.17035 128.538
    endloop
  endfacet
  facet normal -0.160773 0.6897 0.706022
    outer loop
      vertex 16.519 11.6709 128.538
      vertex 16.1372 11.5819 128.538
      vertex 16.5974 11.076 129.137
    endloop
  endfacet
  facet normal -0.0231186 0.707827 0.706008
    outer loop
      vertex 16.9109 11.6837 128.538
      vertex 16.519 11.6709 128.538
      vertex 16.5974 11.076 129.137
    endloop
  endfacet
  facet normal 0.2923 -0.645079 0.705998
    outer loop
      vertex 17.7801 7.95594 128.538
      vertex 17.2301 8.36229 129.137
      vertex 17.423 7.79413 128.538
    endloop
  endfacet
  facet normal -0.601439 0.373867 0.706041
    outer loop
      vertex 15.6694 10.5403 129.137
      vertex 14.9863 10.5726 128.538
      vertex 15.5245 10.3072 129.137
    endloop
  endfacet
  facet normal -0.160752 0.689711 0.706015
    outer loop
      vertex 16.5974 11.076 129.137
      vertex 16.1372 11.5819 128.538
      vertex 16.3301 11.0137 129.137
    endloop
  endfacet
  facet normal 0.662813 -0.249539 0.705981
    outer loop
      vertex 18.1324 9.32564 129.137
      vertex 18.0357 9.06879 129.137
      vertex 18.5738 8.80341 128.538
    endloop
  endfacet
  facet normal 0.601467 -0.373933 0.705983
    outer loop
      vertex 18.0357 9.06879 129.137
      vertex 17.8908 8.83572 129.137
      vertex 18.5738 8.80341 128.538
    endloop
  endfacet
  facet normal -0.0327288 -0.999464 0
    outer loop
      vertex -17.0411 7.7051 123.137
      vertex -16.6493 7.69227 128.538
      vertex -17.0411 7.7051 128.538
    endloop
  endfacet
  facet normal -0.0327288 -0.999464 -0
    outer loop
      vertex -16.6493 7.69227 128.538
      vertex -17.0411 7.7051 123.137
      vertex -16.6493 7.69227 123.137
    endloop
  endfacet
  facet normal -0.849243 -0.528003 0
    outer loop
      vertex -18.3668 8.47047 123.137
      vertex -18.5738 8.80341 128.538
      vertex -18.5738 8.80341 123.137
    endloop
  endfacet
  facet normal -0.849243 -0.528003 0
    outer loop
      vertex -18.5738 8.80341 128.538
      vertex -18.3668 8.47047 123.137
      vertex -18.3668 8.47047 128.538
    endloop
  endfacet
  facet normal -0.973898 0.226986 0
    outer loop
      vertex -18.763 9.94904 123.137
      vertex -18.674 10.3309 128.538
      vertex -18.674 10.3309 123.137
    endloop
  endfacet
  facet normal -0.973898 0.226986 0
    outer loop
      vertex -18.674 10.3309 128.538
      vertex -18.763 9.94904 123.137
      vertex -18.763 9.94904 128.538
    endloop
  endfacet
  facet normal -0.910768 0.412919 0
    outer loop
      vertex -18.674 10.3309 123.137
      vertex -18.5121 10.688 128.538
      vertex -18.5121 10.688 123.137
    endloop
  endfacet
  facet normal -0.910768 0.412919 0
    outer loop
      vertex -18.5121 10.688 128.538
      vertex -18.674 10.3309 123.137
      vertex -18.674 10.3309 128.538
    endloop
  endfacet
  facet normal -0.999467 0.0326481 0
    outer loop
      vertex -18.7758 9.55719 123.137
      vertex -18.763 9.94904 128.538
      vertex -18.763 9.94904 123.137
    endloop
  endfacet
  facet normal -0.999467 0.0326481 0
    outer loop
      vertex -18.763 9.94904 128.538
      vertex -18.7758 9.55719 123.137
      vertex -18.7758 9.55719 128.538
    endloop
  endfacet
  facet normal -0.582466 -0.812855 0
    outer loop
      vertex -18.0988 8.18431 123.137
      vertex -17.7801 7.95594 128.538
      vertex -18.0988 8.18431 128.538
    endloop
  endfacet
  facet normal -0.582466 -0.812855 -0
    outer loop
      vertex -17.7801 7.95594 128.538
      vertex -18.0988 8.18431 123.137
      vertex -17.7801 7.95594 123.137
    endloop
  endfacet
  facet normal 0.412919 0.910768 -0
    outer loop
      vertex -15.7801 11.42 123.137
      vertex -16.1372 11.5819 128.538
      vertex -15.7801 11.42 128.538
    endloop
  endfacet
  facet normal 0.412919 0.910768 0
    outer loop
      vertex -16.1372 11.5819 128.538
      vertex -15.7801 11.42 123.137
      vertex -16.1372 11.5819 123.137
    endloop
  endfacet
  facet normal -0.729887 -0.683568 0
    outer loop
      vertex -18.0988 8.18431 123.137
      vertex -18.3668 8.47047 128.538
      vertex -18.3668 8.47047 123.137
    endloop
  endfacet
  facet normal -0.729887 -0.683568 0
    outer loop
      vertex -18.3668 8.47047 128.538
      vertex -18.0988 8.18431 123.137
      vertex -18.0988 8.18431 128.538
    endloop
  endfacet
  facet normal -0.935911 -0.352236 0
    outer loop
      vertex -18.5738 8.80341 123.137
      vertex -18.7119 9.17035 128.538
      vertex -18.7119 9.17035 123.137
    endloop
  endfacet
  facet normal -0.935911 -0.352236 0
    outer loop
      vertex -18.7119 9.17035 128.538
      vertex -18.5738 8.80341 123.137
      vertex -18.5738 8.80341 128.538
    endloop
  endfacet
  facet normal -0.352185 0.93593 0
    outer loop
      vertex -17.2977 11.6198 123.137
      vertex -17.6647 11.4817 128.538
      vertex -17.2977 11.6198 128.538
    endloop
  endfacet
  facet normal -0.352185 0.93593 0
    outer loop
      vertex -17.6647 11.4817 128.538
      vertex -17.2977 11.6198 123.137
      vertex -17.6647 11.4817 123.137
    endloop
  endfacet
  facet normal 0.162918 -0.98664 0
    outer loop
      vertex -16.6493 7.69227 123.137
      vertex -16.2625 7.75614 128.538
      vertex -16.6493 7.69227 128.538
    endloop
  endfacet
  facet normal 0.162918 -0.98664 0
    outer loop
      vertex -16.2625 7.75614 128.538
      vertex -16.6493 7.69227 123.137
      vertex -16.2625 7.75614 123.137
    endloop
  endfacet
  facet normal 0.032644 0.999467 -0
    outer loop
      vertex -16.519 11.6709 123.137
      vertex -16.9109 11.6837 128.538
      vertex -16.519 11.6709 128.538
    endloop
  endfacet
  facet normal 0.032644 0.999467 0
    outer loop
      vertex -16.9109 11.6837 128.538
      vertex -16.519 11.6709 123.137
      vertex -16.9109 11.6837 123.137
    endloop
  endfacet
  facet normal 0.999467 -0.0326473 0
    outer loop
      vertex -14.7972 9.42694 128.538
      vertex -14.7844 9.8188 123.137
      vertex -14.7844 9.8188 128.538
    endloop
  endfacet
  facet normal 0.999467 -0.0326473 0
    outer loop
      vertex -14.7844 9.8188 123.137
      vertex -14.7972 9.42694 128.538
      vertex -14.7972 9.42694 123.137
    endloop
  endfacet
  facet normal -0.81294 0.582348 0
    outer loop
      vertex -18.5121 10.688 123.137
      vertex -18.2838 11.0067 128.538
      vertex -18.2838 11.0067 123.137
    endloop
  endfacet
  facet normal -0.81294 0.582348 0
    outer loop
      vertex -18.2838 11.0067 128.538
      vertex -18.5121 10.688 123.137
      vertex -18.5121 10.688 128.538
    endloop
  endfacet
  facet normal -0.227036 -0.973886 0
    outer loop
      vertex -17.423 7.79413 123.137
      vertex -17.0411 7.7051 128.538
      vertex -17.423 7.79413 128.538
    endloop
  endfacet
  facet normal -0.227036 -0.973886 -0
    outer loop
      vertex -17.0411 7.7051 128.538
      vertex -17.423 7.79413 123.137
      vertex -17.0411 7.7051 123.137
    endloop
  endfacet
  facet normal 0.582348 0.81294 -0
    outer loop
      vertex -15.4614 11.1917 123.137
      vertex -15.7801 11.42 128.538
      vertex -15.4614 11.1917 128.538
    endloop
  endfacet
  facet normal 0.582348 0.81294 0
    outer loop
      vertex -15.7801 11.42 128.538
      vertex -15.4614 11.1917 123.137
      vertex -15.7801 11.42 123.137
    endloop
  endfacet
  facet normal 0.528104 -0.84918 0
    outer loop
      vertex -15.8955 7.89425 123.137
      vertex -15.5626 8.10128 128.538
      vertex -15.8955 7.89425 128.538
    endloop
  endfacet
  facet normal 0.528104 -0.84918 0
    outer loop
      vertex -15.5626 8.10128 128.538
      vertex -15.8955 7.89425 123.137
      vertex -15.5626 8.10128 123.137
    endloop
  endfacet
  facet normal 0.22702 0.97389 -0
    outer loop
      vertex -16.1372 11.5819 123.137
      vertex -16.519 11.6709 128.538
      vertex -16.1372 11.5819 128.538
    endloop
  endfacet
  facet normal 0.22702 0.97389 0
    outer loop
      vertex -16.519 11.6709 128.538
      vertex -16.1372 11.5819 123.137
      vertex -16.519 11.6709 123.137
    endloop
  endfacet
  facet normal 0.729935 0.683517 0
    outer loop
      vertex -15.1934 10.9055 128.538
      vertex -15.4614 11.1917 123.137
      vertex -15.4614 11.1917 128.538
    endloop
  endfacet
  facet normal 0.729935 0.683517 0
    outer loop
      vertex -15.4614 11.1917 123.137
      vertex -15.1934 10.9055 128.538
      vertex -15.1934 10.9055 123.137
    endloop
  endfacet
  facet normal -0.683517 0.729935 0
    outer loop
      vertex -17.9976 11.2747 123.137
      vertex -18.2838 11.0067 128.538
      vertex -17.9976 11.2747 128.538
    endloop
  endfacet
  facet normal -0.683517 0.729935 0
    outer loop
      vertex -18.2838 11.0067 128.538
      vertex -17.9976 11.2747 123.137
      vertex -18.2838 11.0067 123.137
    endloop
  endfacet
  facet normal -0.98663 -0.162976 0
    outer loop
      vertex -18.7119 9.17035 123.137
      vertex -18.7758 9.55719 128.538
      vertex -18.7758 9.55719 123.137
    endloop
  endfacet
  facet normal -0.98663 -0.162976 0
    outer loop
      vertex -18.7758 9.55719 128.538
      vertex -18.7119 9.17035 123.137
      vertex -18.7119 9.17035 128.538
    endloop
  endfacet
  facet normal 0.81281 -0.582528 0
    outer loop
      vertex -15.2764 8.3693 128.538
      vertex -15.048 8.68799 123.137
      vertex -15.048 8.68799 128.538
    endloop
  endfacet
  facet normal 0.81281 -0.582528 0
    outer loop
      vertex -15.048 8.68799 123.137
      vertex -15.2764 8.3693 128.538
      vertex -15.2764 8.3693 123.137
    endloop
  endfacet
  facet normal -0.162992 0.986627 0
    outer loop
      vertex -16.9109 11.6837 123.137
      vertex -17.2977 11.6198 128.538
      vertex -16.9109 11.6837 128.538
    endloop
  endfacet
  facet normal -0.162992 0.986627 0
    outer loop
      vertex -17.2977 11.6198 128.538
      vertex -16.9109 11.6837 123.137
      vertex -17.2977 11.6198 123.137
    endloop
  endfacet
  facet normal 0.93593 0.352185 0
    outer loop
      vertex -14.8482 10.2056 128.538
      vertex -14.9863 10.5726 123.137
      vertex -14.9863 10.5726 128.538
    endloop
  endfacet
  facet normal 0.93593 0.352185 0
    outer loop
      vertex -14.9863 10.5726 123.137
      vertex -14.8482 10.2056 128.538
      vertex -14.8482 10.2056 123.137
    endloop
  endfacet
  facet normal -0.412728 -0.910854 0
    outer loop
      vertex -17.7801 7.95594 123.137
      vertex -17.423 7.79413 128.538
      vertex -17.7801 7.95594 128.538
    endloop
  endfacet
  facet normal -0.412728 -0.910854 -0
    outer loop
      vertex -17.423 7.79413 128.538
      vertex -17.7801 7.95594 123.137
      vertex -17.423 7.79413 123.137
    endloop
  endfacet
  facet normal -0.528048 0.849214 0
    outer loop
      vertex -17.6647 11.4817 123.137
      vertex -17.9976 11.2747 128.538
      vertex -17.6647 11.4817 128.538
    endloop
  endfacet
  facet normal -0.528048 0.849214 0
    outer loop
      vertex -17.9976 11.2747 128.538
      vertex -17.6647 11.4817 123.137
      vertex -17.9976 11.2747 123.137
    endloop
  endfacet
  facet normal 0.973894 -0.227003 0
    outer loop
      vertex -14.8862 9.04511 128.538
      vertex -14.7972 9.42694 123.137
      vertex -14.7972 9.42694 128.538
    endloop
  endfacet
  facet normal 0.973894 -0.227003 0
    outer loop
      vertex -14.7972 9.42694 123.137
      vertex -14.8862 9.04511 128.538
      vertex -14.8862 9.04511 123.137
    endloop
  endfacet
  facet normal 0.910872 -0.412688 0
    outer loop
      vertex -15.048 8.68799 128.538
      vertex -14.8862 9.04511 123.137
      vertex -14.8862 9.04511 128.538
    endloop
  endfacet
  facet normal 0.910872 -0.412688 0
    outer loop
      vertex -14.8862 9.04511 123.137
      vertex -15.048 8.68799 128.538
      vertex -15.048 8.68799 123.137
    endloop
  endfacet
  facet normal 0.986668 0.162744 0
    outer loop
      vertex -14.7844 9.8188 128.538
      vertex -14.8482 10.2056 123.137
      vertex -14.8482 10.2056 128.538
    endloop
  endfacet
  facet normal 0.986668 0.162744 0
    outer loop
      vertex -14.8482 10.2056 123.137
      vertex -14.7844 9.8188 128.538
      vertex -14.7844 9.8188 123.137
    endloop
  endfacet
  facet normal 0.352208 -0.935922 0
    outer loop
      vertex -16.2625 7.75614 123.137
      vertex -15.8955 7.89425 128.538
      vertex -16.2625 7.75614 128.538
    endloop
  endfacet
  facet normal 0.352208 -0.935922 0
    outer loop
      vertex -15.8955 7.89425 128.538
      vertex -16.2625 7.75614 123.137
      vertex -15.8955 7.89425 123.137
    endloop
  endfacet
  facet normal 0.683544 -0.729909 0
    outer loop
      vertex -15.5626 8.10128 123.137
      vertex -15.2764 8.3693 128.538
      vertex -15.5626 8.10128 128.538
    endloop
  endfacet
  facet normal 0.683544 -0.729909 0
    outer loop
      vertex -15.2764 8.3693 128.538
      vertex -15.5626 8.10128 123.137
      vertex -15.2764 8.3693 123.137
    endloop
  endfacet
  facet normal 0.8491 0.528232 0
    outer loop
      vertex -14.9863 10.5726 128.538
      vertex -15.1934 10.9055 123.137
      vertex -15.1934 10.9055 128.538
    endloop
  endfacet
  facet normal 0.8491 0.528232 0
    outer loop
      vertex -15.1934 10.9055 123.137
      vertex -14.9863 10.5726 128.538
      vertex -14.9863 10.5726 123.137
    endloop
  endfacet
  facet normal 0.412403 0.575763 0.705989
    outer loop
      vertex -15.7801 11.42 128.538
      vertex -16.0801 10.9004 129.137
      vertex -15.857 10.7406 129.137
    endloop
  endfacet
  facet normal -0.645073 0.292347 0.705984
    outer loop
      vertex -17.9925 10.388 129.137
      vertex -18.5121 10.688 128.538
      vertex -18.1058 10.138 129.137
    endloop
  endfacet
  facet normal -0.645005 0.292429 0.706012
    outer loop
      vertex -18.5121 10.688 128.538
      vertex -18.674 10.3309 128.538
      vertex -18.1058 10.138 129.137
    endloop
  endfacet
  facet normal -0.662862 -0.249472 0.705959
    outer loop
      vertex -18.1324 9.32564 129.137
      vertex -18.7119 9.17035 128.538
      vertex -18.5738 8.80341 128.538
    endloop
  endfacet
  facet normal 0.484113 -0.516951 0.705972
    outer loop
      vertex -15.2764 8.3693 128.538
      vertex -15.9278 8.5773 129.137
      vertex -15.5626 8.10128 128.538
    endloop
  endfacet
  facet normal -0.662813 -0.249539 0.705981
    outer loop
      vertex -18.1324 9.32564 129.137
      vertex -18.5738 8.80341 128.538
      vertex -18.0357 9.06879 129.137
    endloop
  endfacet
  facet normal 0.645078 -0.292265 0.706014
    outer loop
      vertex -14.8862 9.04511 128.538
      vertex -15.4544 9.23798 129.137
      vertex -15.048 8.68799 128.538
    endloop
  endfacet
  facet normal -0.2923 -0.645079 0.705998
    outer loop
      vertex -17.2301 8.36229 129.137
      vertex -17.7801 7.95594 128.538
      vertex -17.423 7.79413 128.538
    endloop
  endfacet
  facet normal 0.0231186 0.707827 0.706008
    outer loop
      vertex -16.519 11.6709 128.538
      vertex -16.9109 11.6837 128.538
      vertex -16.5974 11.076 129.137
    endloop
  endfacet
  facet normal -0.707853 0.0232252 0.705977
    outer loop
      vertex -18.1681 9.87073 129.137
      vertex -18.7758 9.55719 128.538
      vertex -18.1771 9.59643 129.137
    endloop
  endfacet
  facet normal -0.689716 0.160752 0.706011
    outer loop
      vertex -18.674 10.3309 128.538
      vertex -18.763 9.94904 128.538
      vertex -18.1681 9.87073 129.137
    endloop
  endfacet
  facet normal 0.516912 0.484137 0.705984
    outer loop
      vertex -15.4614 11.1917 128.538
      vertex -15.857 10.7406 129.137
      vertex -15.6694 10.5403 129.137
    endloop
  endfacet
  facet normal -0.0231792 -0.707841 0.705991
    outer loop
      vertex -16.9628 8.29997 129.137
      vertex -17.0411 7.7051 128.538
      vertex -16.6493 7.69227 128.538
    endloop
  endfacet
  facet normal 0.707853 -0.0232244 0.705977
    outer loop
      vertex -15.3831 9.77956 129.137
      vertex -15.3921 9.50525 129.137
      vertex -14.7844 9.8188 128.538
    endloop
  endfacet
  facet normal -0.707828 0.0231216 0.706006
    outer loop
      vertex -18.763 9.94904 128.538
      vertex -18.7758 9.55719 128.538
      vertex -18.1681 9.87073 129.137
    endloop
  endfacet
  facet normal 0.689714 -0.160764 0.70601
    outer loop
      vertex -14.7972 9.42694 128.538
      vertex -15.3921 9.50525 129.137
      vertex -14.8862 9.04511 128.538
    endloop
  endfacet
  facet normal 0.66282 0.249415 0.706018
    outer loop
      vertex -14.9863 10.5726 128.538
      vertex -15.4278 10.0503 129.137
      vertex -14.8482 10.2056 128.538
    endloop
  endfacet
  facet normal -0.601467 -0.373933 0.705983
    outer loop
      vertex -18.0357 9.06879 129.137
      vertex -18.5738 8.80341 128.538
      vertex -17.8908 8.83572 129.137
    endloop
  endfacet
  facet normal 0.292347 0.645073 0.705984
    outer loop
      vertex -15.7801 11.42 128.538
      vertex -16.3301 11.0137 129.137
      vertex -16.0801 10.9004 129.137
    endloop
  endfacet
  facet normal -0.160806 -0.68972 0.705994
    outer loop
      vertex -17.2301 8.36229 129.137
      vertex -17.423 7.79413 128.538
      vertex -16.9628 8.29997 129.137
    endloop
  endfacet
  facet normal -0.412515 -0.575683 0.705989
    outer loop
      vertex -17.7032 8.63542 129.137
      vertex -18.0988 8.18431 128.538
      vertex -17.7801 7.95594 128.538
    endloop
  endfacet
  facet normal 0.115383 -0.698766 0.705984
    outer loop
      vertex -16.4177 8.3357 129.137
      vertex -16.6493 7.69227 128.538
      vertex -16.2625 7.75614 128.538
    endloop
  endfacet
  facet normal 0.160773 0.6897 0.706022
    outer loop
      vertex -16.519 11.6709 128.538
      vertex -16.5974 11.076 129.137
      vertex -16.1372 11.5819 128.538
    endloop
  endfacet
  facet normal 0.601439 0.373867 0.706041
    outer loop
      vertex -14.9863 10.5726 128.538
      vertex -15.6694 10.5403 129.137
      vertex -15.5245 10.3072 129.137
    endloop
  endfacet
  facet normal -0.373894 0.601481 0.705991
    outer loop
      vertex -17.3993 10.9436 129.137
      vertex -17.6647 11.4817 128.538
      vertex -17.6324 10.7987 129.137
    endloop
  endfacet
  facet normal -0.698783 -0.115428 0.705959
    outer loop
      vertex -18.1324 9.32564 129.137
      vertex -18.7758 9.55719 128.538
      vertex -18.7119 9.17035 128.538
    endloop
  endfacet
  facet normal 0.601366 0.374115 0.705972
    outer loop
      vertex -15.1934 10.9055 128.538
      vertex -15.6694 10.5403 129.137
      vertex -14.9863 10.5726 128.538
    endloop
  endfacet
  facet normal 0.160752 0.689711 0.706015
    outer loop
      vertex -16.1372 11.5819 128.538
      vertex -16.5974 11.076 129.137
      vertex -16.3301 11.0137 129.137
    endloop
  endfacet
  facet normal 0.68971 -0.16077 0.706012
    outer loop
      vertex -15.3921 9.50525 129.137
      vertex -15.4544 9.23798 129.137
      vertex -14.8862 9.04511 128.538
    endloop
  endfacet
  facet normal 0.698772 0.115369 0.70598
    outer loop
      vertex -14.7844 9.8188 128.538
      vertex -15.4278 10.0503 129.137
      vertex -15.3831 9.77956 129.137
    endloop
  endfacet
  facet normal 0.484147 -0.516895 0.705989
    outer loop
      vertex -15.7275 8.76491 129.137
      vertex -15.9278 8.5773 129.137
      vertex -15.2764 8.3693 128.538
    endloop
  endfacet
  facet normal 0.115368 -0.698764 0.705988
    outer loop
      vertex -16.4177 8.3357 129.137
      vertex -16.6885 8.29099 129.137
      vertex -16.6493 7.69227 128.538
    endloop
  endfacet
  facet normal 0 0 1
    outer loop
      vertex -15.4278 10.0503 129.137
      vertex -15.3921 9.50525 129.137
      vertex -15.3831 9.77956 129.137
    endloop
  endfacet
  facet normal 0 0 1
    outer loop
      vertex -15.4278 10.0503 129.137
      vertex -15.4544 9.23798 129.137
      vertex -15.3921 9.50525 129.137
    endloop
  endfacet
  facet normal 0 0 1
    outer loop
      vertex -15.5245 10.3072 129.137
      vertex -15.4544 9.23798 129.137
      vertex -15.4278 10.0503 129.137
    endloop
  endfacet
  facet normal 0 0 1
    outer loop
      vertex -15.5245 10.3072 129.137
      vertex -15.5677 8.98799 129.137
      vertex -15.4544 9.23798 129.137
    endloop
  endfacet
  facet normal 0 0 1
    outer loop
      vertex -15.6694 10.5403 129.137
      vertex -15.5677 8.98799 129.137
      vertex -15.5245 10.3072 129.137
    endloop
  endfacet
  facet normal 0 0 1
    outer loop
      vertex -15.6694 10.5403 129.137
      vertex -15.7275 8.76491 129.137
      vertex -15.5677 8.98799 129.137
    endloop
  endfacet
  facet normal 0 0 1
    outer loop
      vertex -15.857 10.7406 129.137
      vertex -15.7275 8.76491 129.137
      vertex -15.6694 10.5403 129.137
    endloop
  endfacet
  facet normal 0 0 1
    outer loop
      vertex -15.857 10.7406 129.137
      vertex -15.9278 8.5773 129.137
      vertex -15.7275 8.76491 129.137
    endloop
  endfacet
  facet normal 0 0 1
    outer loop
      vertex -16.0801 10.9004 129.137
      vertex -15.9278 8.5773 129.137
      vertex -15.857 10.7406 129.137
    endloop
  endfacet
  facet normal 0 0 1
    outer loop
      vertex -16.0801 10.9004 129.137
      vertex -16.1609 8.43237 129.137
      vertex -15.9278 8.5773 129.137
    endloop
  endfacet
  facet normal 0 0 1
    outer loop
      vertex -16.3301 11.0137 129.137
      vertex -16.1609 8.43237 129.137
      vertex -16.0801 10.9004 129.137
    endloop
  endfacet
  facet normal 0 0 1
    outer loop
      vertex -16.3301 11.0137 129.137
      vertex -16.4177 8.3357 129.137
      vertex -16.1609 8.43237 129.137
    endloop
  endfacet
  facet normal 0 0 1
    outer loop
      vertex -16.5974 11.076 129.137
      vertex -16.4177 8.3357 129.137
      vertex -16.3301 11.0137 129.137
    endloop
  endfacet
  facet normal 0 0 1
    outer loop
      vertex -16.5974 11.076 129.137
      vertex -16.6885 8.29099 129.137
      vertex -16.4177 8.3357 129.137
    endloop
  endfacet
  facet normal 0 0 1
    outer loop
      vertex -16.8717 11.085 129.137
      vertex -16.6885 8.29099 129.137
      vertex -16.5974 11.076 129.137
    endloop
  endfacet
  facet normal 0 0 1
    outer loop
      vertex -16.8717 11.085 129.137
      vertex -16.9628 8.29997 129.137
      vertex -16.6885 8.29099 129.137
    endloop
  endfacet
  facet normal -0 0 1
    outer loop
      vertex -17.1424 11.0403 129.137
      vertex -16.9628 8.29997 129.137
      vertex -16.8717 11.085 129.137
    endloop
  endfacet
  facet normal 0 0 1
    outer loop
      vertex -17.1424 11.0403 129.137
      vertex -17.2301 8.36229 129.137
      vertex -16.9628 8.29997 129.137
    endloop
  endfacet
  facet normal -0 0 1
    outer loop
      vertex -17.3993 10.9436 129.137
      vertex -17.2301 8.36229 129.137
      vertex -17.1424 11.0403 129.137
    endloop
  endfacet
  facet normal 0 0 1
    outer loop
      vertex -17.3993 10.9436 129.137
      vertex -17.4801 8.47556 129.137
      vertex -17.2301 8.36229 129.137
    endloop
  endfacet
  facet normal -0 0 1
    outer loop
      vertex -17.6324 10.7987 129.137
      vertex -17.4801 8.47556 129.137
      vertex -17.3993 10.9436 129.137
    endloop
  endfacet
  facet normal 0 0 1
    outer loop
      vertex -17.6324 10.7987 129.137
      vertex -17.7032 8.63542 129.137
      vertex -17.4801 8.47556 129.137
    endloop
  endfacet
  facet normal -0 0 1
    outer loop
      vertex -17.8327 10.6111 129.137
      vertex -17.7032 8.63542 129.137
      vertex -17.6324 10.7987 129.137
    endloop
  endfacet
  facet normal 0 0 1
    outer loop
      vertex -17.8327 10.6111 129.137
      vertex -17.8908 8.83572 129.137
      vertex -17.7032 8.63542 129.137
    endloop
  endfacet
  facet normal -0 0 1
    outer loop
      vertex -17.9925 10.388 129.137
      vertex -17.8908 8.83572 129.137
      vertex -17.8327 10.6111 129.137
    endloop
  endfacet
  facet normal 0 0 1
    outer loop
      vertex -17.9925 10.388 129.137
      vertex -18.0357 9.06879 129.137
      vertex -17.8908 8.83572 129.137
    endloop
  endfacet
  facet normal -0 0 1
    outer loop
      vertex -18.1058 10.138 129.137
      vertex -18.0357 9.06879 129.137
      vertex -17.9925 10.388 129.137
    endloop
  endfacet
  facet normal 0 0 1
    outer loop
      vertex -18.1058 10.138 129.137
      vertex -18.1324 9.32564 129.137
      vertex -18.0357 9.06879 129.137
    endloop
  endfacet
  facet normal -0 0 1
    outer loop
      vertex -18.1681 9.87073 129.137
      vertex -18.1324 9.32564 129.137
      vertex -18.1058 10.138 129.137
    endloop
  endfacet
  facet normal 0 0 1
    outer loop
      vertex -18.1324 9.32564 129.137
      vertex -18.1681 9.87073 129.137
      vertex -18.1771 9.59643 129.137
    endloop
  endfacet
  facet normal 0.662776 0.249476 0.706038
    outer loop
      vertex -14.9863 10.5726 128.538
      vertex -15.5245 10.3072 129.137
      vertex -15.4278 10.0503 129.137
    endloop
  endfacet
  facet normal 0.64502 -0.292335 0.706038
    outer loop
      vertex -15.4544 9.23798 129.137
      vertex -15.5677 8.98799 129.137
      vertex -15.048 8.68799 128.538
    endloop
  endfacet
  facet normal -0.575751 0.412438 0.705979
    outer loop
      vertex -18.2838 11.0067 128.538
      vertex -18.5121 10.688 128.538
      vertex -17.8327 10.6111 129.137
    endloop
  endfacet
  facet normal -0.575763 0.412403 0.705989
    outer loop
      vertex -17.8327 10.6111 129.137
      vertex -18.5121 10.688 128.538
      vertex -17.9925 10.388 129.137
    endloop
  endfacet
  facet normal -0.412503 -0.575687 0.705993
    outer loop
      vertex -17.7032 8.63542 129.137
      vertex -17.7801 7.95594 128.538
      vertex -17.4801 8.47556 129.137
    endloop
  endfacet
  facet normal -0.249496 0.662828 0.705983
    outer loop
      vertex -17.1424 11.0403 129.137
      vertex -17.6647 11.4817 128.538
      vertex -17.3993 10.9436 129.137
    endloop
  endfacet
  facet normal -0.484099 0.516974 0.705964
    outer loop
      vertex -17.9976 11.2747 128.538
      vertex -18.2838 11.0067 128.538
      vertex -17.6324 10.7987 129.137
    endloop
  endfacet
  facet normal 0.575708 -0.4124 0.706036
    outer loop
      vertex -15.5677 8.98799 129.137
      vertex -15.7275 8.76491 129.137
      vertex -15.048 8.68799 128.538
    endloop
  endfacet
  facet normal -0.689706 0.160769 0.706016
    outer loop
      vertex -18.1058 10.138 129.137
      vertex -18.674 10.3309 128.538
      vertex -18.1681 9.87073 129.137
    endloop
  endfacet
  facet normal 0.69876 0.115256 0.706011
    outer loop
      vertex -14.8482 10.2056 128.538
      vertex -15.4278 10.0503 129.137
      vertex -14.7844 9.8188 128.538
    endloop
  endfacet
  facet normal 0.707828 -0.023121 0.706006
    outer loop
      vertex -14.7844 9.8188 128.538
      vertex -15.3921 9.50525 129.137
      vertex -14.7972 9.42694 128.538
    endloop
  endfacet
  facet normal -0.373989 0.601454 0.705964
    outer loop
      vertex -17.6647 11.4817 128.538
      vertex -17.9976 11.2747 128.538
      vertex -17.6324 10.7987 129.137
    endloop
  endfacet
  facet normal 0.373946 -0.601441 0.705998
    outer loop
      vertex -15.9278 8.5773 129.137
      vertex -16.1609 8.43237 129.137
      vertex -15.8955 7.89425 128.538
    endloop
  endfacet
  facet normal -0.698774 -0.115348 0.705981
    outer loop
      vertex -18.1771 9.59643 129.137
      vertex -18.7758 9.55719 128.538
      vertex -18.1324 9.32564 129.137
    endloop
  endfacet
  facet normal 0.516974 0.484099 0.705964
    outer loop
      vertex -15.4614 11.1917 128.538
      vertex -15.6694 10.5403 129.137
      vertex -15.1934 10.9055 128.538
    endloop
  endfacet
  facet normal 0.292429 0.645005 0.706012
    outer loop
      vertex -16.1372 11.5819 128.538
      vertex -16.3301 11.0137 129.137
      vertex -15.7801 11.42 128.538
    endloop
  endfacet
  facet normal -0.160792 -0.689727 0.70599
    outer loop
      vertex -16.9628 8.29997 129.137
      vertex -17.423 7.79413 128.538
      vertex -17.0411 7.7051 128.538
    endloop
  endfacet
  facet normal -0.484137 0.516912 0.705984
    outer loop
      vertex -17.6324 10.7987 129.137
      vertex -18.2838 11.0067 128.538
      vertex -17.8327 10.6111 129.137
    endloop
  endfacet
  facet normal -0.29228 -0.645096 0.705991
    outer loop
      vertex -17.4801 8.47556 129.137
      vertex -17.7801 7.95594 128.538
      vertex -17.2301 8.36229 129.137
    endloop
  endfacet
  facet normal 0.57565 -0.412559 0.70599
    outer loop
      vertex -15.048 8.68799 128.538
      vertex -15.7275 8.76491 129.137
      vertex -15.2764 8.3693 128.538
    endloop
  endfacet
  facet normal 0.249447 -0.662855 0.705974
    outer loop
      vertex -15.8955 7.89425 128.538
      vertex -16.4177 8.3357 129.137
      vertex -16.2625 7.75614 128.538
    endloop
  endfacet
  facet normal 0.249509 -0.66281 0.705995
    outer loop
      vertex -16.1609 8.43237 129.137
      vertex -16.4177 8.3357 129.137
      vertex -15.8955 7.89425 128.538
    endloop
  endfacet
  facet normal 0.374022 -0.601419 0.705977
    outer loop
      vertex -15.5626 8.10128 128.538
      vertex -15.9278 8.5773 129.137
      vertex -15.8955 7.89425 128.538
    endloop
  endfacet
  facet normal -0.11544 0.69878 0.705961
    outer loop
      vertex -16.9109 11.6837 128.538
      vertex -17.2977 11.6198 128.538
      vertex -17.1424 11.0403 129.137
    endloop
  endfacet
  facet normal -0.249435 0.662872 0.705962
    outer loop
      vertex -17.2977 11.6198 128.538
      vertex -17.6647 11.4817 128.538
      vertex -17.1424 11.0403 129.137
    endloop
  endfacet
  facet normal -0.516928 -0.484123 0.705982
    outer loop
      vertex -17.8908 8.83572 129.137
      vertex -18.3668 8.47047 128.538
      vertex -18.0988 8.18431 128.538
    endloop
  endfacet
  facet normal -0.601462 -0.373949 0.705978
    outer loop
      vertex -17.8908 8.83572 129.137
      vertex -18.5738 8.80341 128.538
      vertex -18.3668 8.47047 128.538
    endloop
  endfacet
  facet normal 0.412438 0.575751 0.705979
    outer loop
      vertex -15.7801 11.42 128.538
      vertex -15.857 10.7406 129.137
      vertex -15.4614 11.1917 128.538
    endloop
  endfacet
  facet normal -0.0231732 -0.70784 0.705993
    outer loop
      vertex -16.6885 8.29099 129.137
      vertex -16.9628 8.29997 129.137
      vertex -16.6493 7.69227 128.538
    endloop
  endfacet
  facet normal -0.516909 -0.484134 0.705988
    outer loop
      vertex -17.8908 8.83572 129.137
      vertex -18.0988 8.18431 128.538
      vertex -17.7032 8.63542 129.137
    endloop
  endfacet
  facet normal -0.115387 0.698774 0.705975
    outer loop
      vertex -16.9109 11.6837 128.538
      vertex -17.1424 11.0403 129.137
      vertex -16.8717 11.085 129.137
    endloop
  endfacet
  facet normal 0.0232252 0.707853 0.705978
    outer loop
      vertex -16.5974 11.076 129.137
      vertex -16.9109 11.6837 128.538
      vertex -16.8717 11.085 129.137
    endloop
  endfacet
  facet normal 0.881936 0.471369 0
    outer loop
      vertex 1.84776 -18.6106 128.538
      vertex 1.66294 -18.2648 123.137
      vertex 1.66294 -18.2648 128.538
    endloop
  endfacet
  facet normal 0.881936 0.471369 0
    outer loop
      vertex 1.66294 -18.2648 123.137
      vertex 1.84776 -18.6106 128.538
      vertex 1.84776 -18.6106 123.137
    endloop
  endfacet
  facet normal 0.881936 -0.471369 0
    outer loop
      vertex 1.66294 -20.4871 128.538
      vertex 1.84776 -20.1413 123.137
      vertex 1.84776 -20.1413 128.538
    endloop
  endfacet
  facet normal 0.881936 -0.471369 0
    outer loop
      vertex 1.84776 -20.1413 123.137
      vertex 1.66294 -20.4871 128.538
      vertex 1.66294 -20.4871 123.137
    endloop
  endfacet
  facet normal 0.290492 -0.956878 0
    outer loop
      vertex 0.390181 -21.3376 123.137
      vertex 0.765367 -21.2237 128.538
      vertex 0.390181 -21.3376 128.538
    endloop
  endfacet
  facet normal 0.290492 -0.956878 0
    outer loop
      vertex 0.765367 -21.2237 128.538
      vertex 0.390181 -21.3376 123.137
      vertex 0.765367 -21.2237 123.137
    endloop
  endfacet
  facet normal 0.0979427 -0.995192 0
    outer loop
      vertex 0 -21.376 123.137
      vertex 0.390181 -21.3376 128.538
      vertex 0 -21.376 128.538
    endloop
  endfacet
  facet normal 0.0979427 -0.995192 0
    outer loop
      vertex 0.390181 -21.3376 128.538
      vertex 0 -21.376 123.137
      vertex 0.390181 -21.3376 123.137
    endloop
  endfacet
  facet normal 0.471358 -0.881942 0
    outer loop
      vertex 0.765367 -21.2237 123.137
      vertex 1.11114 -21.0389 128.538
      vertex 0.765367 -21.2237 128.538
    endloop
  endfacet
  facet normal 0.471358 -0.881942 0
    outer loop
      vertex 1.11114 -21.0389 128.538
      vertex 0.765367 -21.2237 123.137
      vertex 1.11114 -21.0389 123.137
    endloop
  endfacet
  facet normal 0.995185 -0.0980137 0
    outer loop
      vertex 1.96157 -19.7662 128.538
      vertex 2 -19.376 123.137
      vertex 2 -19.376 128.538
    endloop
  endfacet
  facet normal 0.995185 -0.0980137 0
    outer loop
      vertex 2 -19.376 123.137
      vertex 1.96157 -19.7662 128.538
      vertex 1.96157 -19.7662 123.137
    endloop
  endfacet
  facet normal -0.995185 -0.0980137 0
    outer loop
      vertex -1.96157 -19.7662 123.137
      vertex -2 -19.376 128.538
      vertex -2 -19.376 123.137
    endloop
  endfacet
  facet normal -0.995185 -0.0980137 0
    outer loop
      vertex -2 -19.376 128.538
      vertex -1.96157 -19.7662 123.137
      vertex -1.96157 -19.7662 128.538
    endloop
  endfacet
  facet normal 0.956923 -0.290342 0
    outer loop
      vertex 1.84776 -20.1413 128.538
      vertex 1.96157 -19.7662 123.137
      vertex 1.96157 -19.7662 128.538
    endloop
  endfacet
  facet normal 0.956923 -0.290342 0
    outer loop
      vertex 1.96157 -19.7662 123.137
      vertex 1.84776 -20.1413 128.538
      vertex 1.84776 -20.1413 123.137
    endloop
  endfacet
  facet normal 0.773033 -0.634366 0
    outer loop
      vertex 1.41421 -20.7902 128.538
      vertex 1.66294 -20.4871 123.137
      vertex 1.66294 -20.4871 128.538
    endloop
  endfacet
  facet normal 0.773033 -0.634366 0
    outer loop
      vertex 1.66294 -20.4871 123.137
      vertex 1.41421 -20.7902 128.538
      vertex 1.41421 -20.7902 123.137
    endloop
  endfacet
  facet normal -0.634358 -0.773039 0
    outer loop
      vertex -1.41421 -20.7902 123.137
      vertex -1.11114 -21.0389 128.538
      vertex -1.41421 -20.7902 128.538
    endloop
  endfacet
  facet normal -0.634358 -0.773039 -0
    outer loop
      vertex -1.11114 -21.0389 128.538
      vertex -1.41421 -20.7902 123.137
      vertex -1.11114 -21.0389 123.137
    endloop
  endfacet
  facet normal 0.77293 0.634491 0
    outer loop
      vertex 1.66294 -18.2648 128.538
      vertex 1.41421 -17.9618 123.137
      vertex 1.41421 -17.9618 128.538
    endloop
  endfacet
  facet normal 0.77293 0.634491 0
    outer loop
      vertex 1.41421 -17.9618 123.137
      vertex 1.66294 -18.2648 128.538
      vertex 1.66294 -18.2648 123.137
    endloop
  endfacet
  facet normal -0.881936 -0.471369 0
    outer loop
      vertex -1.66294 -20.4871 123.137
      vertex -1.84776 -20.1413 128.538
      vertex -1.84776 -20.1413 123.137
    endloop
  endfacet
  facet normal -0.881936 -0.471369 0
    outer loop
      vertex -1.84776 -20.1413 128.538
      vertex -1.66294 -20.4871 123.137
      vertex -1.66294 -20.4871 128.538
    endloop
  endfacet
  facet normal -0.471358 0.881942 0
    outer loop
      vertex -0.765367 -17.5282 123.137
      vertex -1.11114 -17.713 128.538
      vertex -0.765367 -17.5282 128.538
    endloop
  endfacet
  facet normal -0.471358 0.881942 0
    outer loop
      vertex -1.11114 -17.713 128.538
      vertex -0.765367 -17.5282 123.137
      vertex -1.11114 -17.713 123.137
    endloop
  endfacet
  facet normal -0.0979427 -0.995192 0
    outer loop
      vertex -0.390181 -21.3376 123.137
      vertex 0 -21.376 128.538
      vertex -0.390181 -21.3376 128.538
    endloop
  endfacet
  facet normal -0.0979427 -0.995192 -0
    outer loop
      vertex 0 -21.376 128.538
      vertex -0.390181 -21.3376 123.137
      vertex 0 -21.376 123.137
    endloop
  endfacet
  facet normal 0.956944 0.290271 0
    outer loop
      vertex 1.96157 -18.9858 128.538
      vertex 1.84776 -18.6106 123.137
      vertex 1.84776 -18.6106 128.538
    endloop
  endfacet
  facet normal 0.956944 0.290271 0
    outer loop
      vertex 1.84776 -18.6106 123.137
      vertex 1.96157 -18.9858 128.538
      vertex 1.96157 -18.9858 123.137
    endloop
  endfacet
  facet normal -0.995185 0.0980137 0
    outer loop
      vertex -2 -19.376 123.137
      vertex -1.96157 -18.9858 128.538
      vertex -1.96157 -18.9858 123.137
    endloop
  endfacet
  facet normal -0.995185 0.0980137 0
    outer loop
      vertex -1.96157 -18.9858 128.538
      vertex -2 -19.376 123.137
      vertex -2 -19.376 128.538
    endloop
  endfacet
  facet normal 0.471358 0.881942 -0
    outer loop
      vertex 1.11114 -17.713 123.137
      vertex 0.765367 -17.5282 128.538
      vertex 1.11114 -17.713 128.538
    endloop
  endfacet
  facet normal 0.471358 0.881942 0
    outer loop
      vertex 0.765367 -17.5282 128.538
      vertex 1.11114 -17.713 123.137
      vertex 0.765367 -17.5282 123.137
    endloop
  endfacet
  facet normal -0.956923 -0.290342 0
    outer loop
      vertex -1.84776 -20.1413 123.137
      vertex -1.96157 -19.7662 128.538
      vertex -1.96157 -19.7662 123.137
    endloop
  endfacet
  facet normal -0.956923 -0.290342 0
    outer loop
      vertex -1.96157 -19.7662 128.538
      vertex -1.84776 -20.1413 123.137
      vertex -1.84776 -20.1413 128.538
    endloop
  endfacet
  facet normal -0.956944 0.290271 0
    outer loop
      vertex -1.96157 -18.9858 123.137
      vertex -1.84776 -18.6106 128.538
      vertex -1.84776 -18.6106 123.137
    endloop
  endfacet
  facet normal -0.956944 0.290271 0
    outer loop
      vertex -1.84776 -18.6106 128.538
      vertex -1.96157 -18.9858 123.137
      vertex -1.96157 -18.9858 128.538
    endloop
  endfacet
  facet normal -0.290492 -0.956878 0
    outer loop
      vertex -0.765367 -21.2237 123.137
      vertex -0.390181 -21.3376 128.538
      vertex -0.765367 -21.2237 128.538
    endloop
  endfacet
  facet normal -0.290492 -0.956878 -0
    outer loop
      vertex -0.390181 -21.3376 128.538
      vertex -0.765367 -21.2237 123.137
      vertex -0.390181 -21.3376 123.137
    endloop
  endfacet
  facet normal 0.634358 -0.773039 0
    outer loop
      vertex 1.11114 -21.0389 123.137
      vertex 1.41421 -20.7902 128.538
      vertex 1.11114 -21.0389 128.538
    endloop
  endfacet
  facet normal 0.634358 -0.773039 0
    outer loop
      vertex 1.41421 -20.7902 128.538
      vertex 1.11114 -21.0389 123.137
      vertex 1.41421 -20.7902 123.137
    endloop
  endfacet
  facet normal 0.0979427 0.995192 -0
    outer loop
      vertex 0.390181 -17.4144 123.137
      vertex 0 -17.376 128.538
      vertex 0.390181 -17.4144 128.538
    endloop
  endfacet
  facet normal 0.0979427 0.995192 0
    outer loop
      vertex 0 -17.376 128.538
      vertex 0.390181 -17.4144 123.137
      vertex 0 -17.376 123.137
    endloop
  endfacet
  facet normal -0.773033 -0.634366 0
    outer loop
      vertex -1.41421 -20.7902 123.137
      vertex -1.66294 -20.4871 128.538
      vertex -1.66294 -20.4871 123.137
    endloop
  endfacet
  facet normal -0.773033 -0.634366 0
    outer loop
      vertex -1.66294 -20.4871 128.538
      vertex -1.41421 -20.7902 123.137
      vertex -1.41421 -20.7902 128.538
    endloop
  endfacet
  facet normal -0.77293 0.634491 0
    outer loop
      vertex -1.66294 -18.2648 123.137
      vertex -1.41421 -17.9618 128.538
      vertex -1.41421 -17.9618 123.137
    endloop
  endfacet
  facet normal -0.77293 0.634491 0
    outer loop
      vertex -1.41421 -17.9618 128.538
      vertex -1.66294 -18.2648 123.137
      vertex -1.66294 -18.2648 128.538
    endloop
  endfacet
  facet normal 0.995185 0.0980137 0
    outer loop
      vertex 2 -19.376 128.538
      vertex 1.96157 -18.9858 123.137
      vertex 1.96157 -18.9858 128.538
    endloop
  endfacet
  facet normal 0.995185 0.0980137 0
    outer loop
      vertex 1.96157 -18.9858 123.137
      vertex 2 -19.376 128.538
      vertex 2 -19.376 123.137
    endloop
  endfacet
  facet normal -0.471358 -0.881942 0
    outer loop
      vertex -1.11114 -21.0389 123.137
      vertex -0.765367 -21.2237 128.538
      vertex -1.11114 -21.0389 128.538
    endloop
  endfacet
  facet normal -0.471358 -0.881942 -0
    outer loop
      vertex -0.765367 -21.2237 128.538
      vertex -1.11114 -21.0389 123.137
      vertex -0.765367 -21.2237 123.137
    endloop
  endfacet
  facet normal -0.290258 0.956948 0
    outer loop
      vertex -0.390181 -17.4144 123.137
      vertex -0.765367 -17.5282 128.538
      vertex -0.390181 -17.4144 128.538
    endloop
  endfacet
  facet normal -0.290258 0.956948 0
    outer loop
      vertex -0.765367 -17.5282 128.538
      vertex -0.390181 -17.4144 123.137
      vertex -0.765367 -17.5282 123.137
    endloop
  endfacet
  facet normal -0.0979427 0.995192 0
    outer loop
      vertex 0 -17.376 123.137
      vertex -0.390181 -17.4144 128.538
      vertex 0 -17.376 128.538
    endloop
  endfacet
  facet normal -0.0979427 0.995192 0
    outer loop
      vertex -0.390181 -17.4144 128.538
      vertex 0 -17.376 123.137
      vertex -0.390181 -17.4144 123.137
    endloop
  endfacet
  facet normal -0.63451 0.772914 0
    outer loop
      vertex -1.11114 -17.713 123.137
      vertex -1.41421 -17.9618 128.538
      vertex -1.11114 -17.713 128.538
    endloop
  endfacet
  facet normal -0.63451 0.772914 0
    outer loop
      vertex -1.41421 -17.9618 128.538
      vertex -1.11114 -17.713 123.137
      vertex -1.41421 -17.9618 123.137
    endloop
  endfacet
  facet normal 0.63451 0.772914 -0
    outer loop
      vertex 1.41421 -17.9618 123.137
      vertex 1.11114 -17.713 128.538
      vertex 1.41421 -17.9618 128.538
    endloop
  endfacet
  facet normal 0.63451 0.772914 0
    outer loop
      vertex 1.11114 -17.713 128.538
      vertex 1.41421 -17.9618 123.137
      vertex 1.11114 -17.713 123.137
    endloop
  endfacet
  facet normal 0.290258 0.956948 -0
    outer loop
      vertex 0.765367 -17.5282 123.137
      vertex 0.390181 -17.4144 128.538
      vertex 0.765367 -17.5282 128.538
    endloop
  endfacet
  facet normal 0.290258 0.956948 0
    outer loop
      vertex 0.390181 -17.4144 128.538
      vertex 0.765367 -17.5282 123.137
      vertex 0.390181 -17.4144 123.137
    endloop
  endfacet
  facet normal -0.881936 0.471369 0
    outer loop
      vertex -1.84776 -18.6106 123.137
      vertex -1.66294 -18.2648 128.538
      vertex -1.66294 -18.2648 123.137
    endloop
  endfacet
  facet normal -0.881936 0.471369 0
    outer loop
      vertex -1.66294 -18.2648 128.538
      vertex -1.84776 -18.6106 123.137
      vertex -1.84776 -18.6106 128.538
    endloop
  endfacet
  facet normal -0.704812 0.0694231 0.705989
    outer loop
      vertex -1.3731 -19.1029 129.137
      vertex -2 -19.376 128.538
      vertex -1.4 -19.376 129.137
    endloop
  endfacet
  facet normal 0.0694165 -0.704813 0.705989
    outer loop
      vertex 0 -20.776 129.137
      vertex 0 -21.376 128.538
      vertex 0.273126 -20.7491 129.137
    endloop
  endfacet
  facet normal 0.0693638 -0.704803 0.706004
    outer loop
      vertex 0.273126 -20.7491 129.137
      vertex 0 -21.376 128.538
      vertex 0.390181 -21.3376 128.538
    endloop
  endfacet
  facet normal 0.547471 -0.449266 0.706
    outer loop
      vertex 1.66294 -20.4871 128.538
      vertex 0.989949 -20.3659 129.137
      vertex 1.41421 -20.7902 128.538
    endloop
  endfacet
  facet normal 0.205556 0.677694 0.706029
    outer loop
      vertex 0.765367 -17.5282 128.538
      vertex 0.390181 -17.4144 128.538
      vertex 0.535756 -18.0826 129.137
    endloop
  endfacet
  facet normal 0.547423 -0.449375 0.705968
    outer loop
      vertex 1.16406 -20.1538 129.137
      vertex 0.989949 -20.3659 129.137
      vertex 1.66294 -20.4871 128.538
    endloop
  endfacet
  facet normal -0.0693638 0.704803 0.706004
    outer loop
      vertex 0 -17.376 128.538
      vertex -0.390181 -17.4144 128.538
      vertex -0.273126 -18.0029 129.137
    endloop
  endfacet
  facet normal 0.704811 0.0694154 0.705991
    outer loop
      vertex 1.96157 -18.9858 128.538
      vertex 1.3731 -19.1029 129.137
      vertex 2 -19.376 128.538
    endloop
  endfacet
  facet normal -0.624608 -0.333835 0.705989
    outer loop
      vertex -1.29343 -19.9117 129.137
      vertex -1.84776 -20.1413 128.538
      vertex -1.66294 -20.4871 128.538
    endloop
  endfacet
  facet normal 0.3339 -0.624558 0.706001
    outer loop
      vertex 0.777798 -20.54 129.137
      vertex 0.535756 -20.6694 129.137
      vertex 1.11114 -21.0389 128.538
    endloop
  endfacet
  facet normal 0.205735 -0.67769 0.705981
    outer loop
      vertex 0.535756 -20.6694 129.137
      vertex 0.390181 -21.3376 128.538
      vertex 0.765367 -21.2237 128.538
    endloop
  endfacet
  facet normal -0.677732 0.205538 0.705999
    outer loop
      vertex -1.29343 -18.8402 129.137
      vertex -1.96157 -18.9858 128.538
      vertex -1.3731 -19.1029 129.137
    endloop
  endfacet
  facet normal 0.624608 0.333835 0.705989
    outer loop
      vertex 1.66294 -18.2648 128.538
      vertex 1.29343 -18.8402 129.137
      vertex 1.84776 -18.6106 128.538
    endloop
  endfacet
  facet normal -0.333704 0.624675 0.70599
    outer loop
      vertex -0.535756 -18.0826 129.137
      vertex -1.11114 -17.713 128.538
      vertex -0.777798 -18.2119 129.137
    endloop
  endfacet
  facet normal 0.333832 -0.624623 0.705976
    outer loop
      vertex 1.11114 -21.0389 128.538
      vertex 0.535756 -20.6694 129.137
      vertex 0.765367 -21.2237 128.538
    endloop
  endfacet
  facet normal -0.205556 0.677694 0.706029
    outer loop
      vertex -0.390181 -17.4144 128.538
      vertex -0.765367 -17.5282 128.538
      vertex -0.535756 -18.0826 129.137
    endloop
  endfacet
  facet normal -0.547423 0.449375 0.705968
    outer loop
      vertex -1.41421 -17.9618 128.538
      vertex -1.66294 -18.2648 128.538
      vertex -0.989949 -18.386 129.137
    endloop
  endfacet
  facet normal 0.624649 -0.333791 0.705972
    outer loop
      vertex 1.29343 -19.9117 129.137
      vertex 1.16406 -20.1538 129.137
      vertex 1.66294 -20.4871 128.538
    endloop
  endfacet
  facet normal -0.704812 -0.0694231 0.705989
    outer loop
      vertex -1.4 -19.376 129.137
      vertex -2 -19.376 128.538
      vertex -1.3731 -19.6491 129.137
    endloop
  endfacet
  facet normal 0.677732 0.205538 0.705999
    outer loop
      vertex 1.96157 -18.9858 128.538
      vertex 1.29343 -18.8402 129.137
      vertex 1.3731 -19.1029 129.137
    endloop
  endfacet
  facet normal 0.704811 -0.0694154 0.705991
    outer loop
      vertex 2 -19.376 128.538
      vertex 1.3731 -19.6491 129.137
      vertex 1.96157 -19.7662 128.538
    endloop
  endfacet
  facet normal 0.547423 0.449375 0.705968
    outer loop
      vertex 1.41421 -17.9618 128.538
      vertex 0.989949 -18.386 129.137
      vertex 1.66294 -18.2648 128.538
    endloop
  endfacet
  facet normal -0.677713 -0.205627 0.705991
    outer loop
      vertex -1.29343 -19.9117 129.137
      vertex -1.96157 -19.7662 128.538
      vertex -1.84776 -20.1413 128.538
    endloop
  endfacet
  facet normal -0.624562 0.333882 0.706006
    outer loop
      vertex -1.16406 -18.5982 129.137
      vertex -1.66294 -18.2648 128.538
      vertex -1.29343 -18.8402 129.137
    endloop
  endfacet
  facet normal -0.3339 -0.624558 0.706001
    outer loop
      vertex -0.777798 -20.54 129.137
      vertex -1.11114 -21.0389 128.538
      vertex -0.535756 -20.6694 129.137
    endloop
  endfacet
  facet normal 0.449258 -0.547473 0.706003
    outer loop
      vertex 1.41421 -20.7902 128.538
      vertex 0.989949 -20.3659 129.137
      vertex 1.11114 -21.0389 128.538
    endloop
  endfacet
  facet normal -0.624608 0.333835 0.705989
    outer loop
      vertex -1.66294 -18.2648 128.538
      vertex -1.84776 -18.6106 128.538
      vertex -1.29343 -18.8402 129.137
    endloop
  endfacet
  facet normal -0.677713 -0.205611 0.705995
    outer loop
      vertex -1.3731 -19.6491 129.137
      vertex -1.96157 -19.7662 128.538
      vertex -1.29343 -19.9117 129.137
    endloop
  endfacet
  facet normal -0.205658 0.677692 0.706002
    outer loop
      vertex -0.390181 -17.4144 128.538
      vertex -0.535756 -18.0826 129.137
      vertex -0.273126 -18.0029 129.137
    endloop
  endfacet
  facet normal -0.449274 0.547466 0.705998
    outer loop
      vertex -0.777798 -18.2119 129.137
      vertex -1.11114 -17.713 128.538
      vertex -0.989949 -18.386 129.137
    endloop
  endfacet
  facet normal 0.205658 0.677692 0.706002
    outer loop
      vertex 0.390181 -17.4144 128.538
      vertex 0.273126 -18.0029 129.137
      vertex 0.535756 -18.0826 129.137
    endloop
  endfacet
  facet normal 0.547491 0.449219 0.706014
    outer loop
      vertex 1.66294 -18.2648 128.538
      vertex 0.989949 -18.386 129.137
      vertex 1.16406 -18.5982 129.137
    endloop
  endfacet
  facet normal 0 0 1
    outer loop
      vertex 1.3731 -19.1029 129.137
      vertex 1.3731 -19.6491 129.137
      vertex 1.4 -19.376 129.137
    endloop
  endfacet
  facet normal 0 0 1
    outer loop
      vertex 1.29343 -18.8402 129.137
      vertex 1.3731 -19.6491 129.137
      vertex 1.3731 -19.1029 129.137
    endloop
  endfacet
  facet normal 0 0 1
    outer loop
      vertex 1.29343 -18.8402 129.137
      vertex 1.29343 -19.9117 129.137
      vertex 1.3731 -19.6491 129.137
    endloop
  endfacet
  facet normal 0 0 1
    outer loop
      vertex 1.16406 -18.5982 129.137
      vertex 1.29343 -19.9117 129.137
      vertex 1.29343 -18.8402 129.137
    endloop
  endfacet
  facet normal 0 0 1
    outer loop
      vertex 1.16406 -18.5982 129.137
      vertex 1.16406 -20.1538 129.137
      vertex 1.29343 -19.9117 129.137
    endloop
  endfacet
  facet normal 0 0 1
    outer loop
      vertex 0.989949 -18.386 129.137
      vertex 1.16406 -20.1538 129.137
      vertex 1.16406 -18.5982 129.137
    endloop
  endfacet
  facet normal 0 0 1
    outer loop
      vertex 0.989949 -18.386 129.137
      vertex 0.989949 -20.3659 129.137
      vertex 1.16406 -20.1538 129.137
    endloop
  endfacet
  facet normal 0 0 1
    outer loop
      vertex 0.777798 -18.2119 129.137
      vertex 0.989949 -20.3659 129.137
      vertex 0.989949 -18.386 129.137
    endloop
  endfacet
  facet normal 0 0 1
    outer loop
      vertex 0.777798 -18.2119 129.137
      vertex 0.777798 -20.54 129.137
      vertex 0.989949 -20.3659 129.137
    endloop
  endfacet
  facet normal 0 0 1
    outer loop
      vertex 0.535756 -18.0826 129.137
      vertex 0.777798 -20.54 129.137
      vertex 0.777798 -18.2119 129.137
    endloop
  endfacet
  facet normal 0 0 1
    outer loop
      vertex 0.535756 -18.0826 129.137
      vertex 0.535756 -20.6694 129.137
      vertex 0.777798 -20.54 129.137
    endloop
  endfacet
  facet normal 0 0 1
    outer loop
      vertex 0.273126 -18.0029 129.137
      vertex 0.535756 -20.6694 129.137
      vertex 0.535756 -18.0826 129.137
    endloop
  endfacet
  facet normal 0 0 1
    outer loop
      vertex 0.273126 -18.0029 129.137
      vertex 0.273126 -20.7491 129.137
      vertex 0.535756 -20.6694 129.137
    endloop
  endfacet
  facet normal 0 0 1
    outer loop
      vertex 0 -17.976 129.137
      vertex 0.273126 -20.7491 129.137
      vertex 0.273126 -18.0029 129.137
    endloop
  endfacet
  facet normal 0 0 1
    outer loop
      vertex 0 -17.976 129.137
      vertex 0 -20.776 129.137
      vertex 0.273126 -20.7491 129.137
    endloop
  endfacet
  facet normal -0 0 1
    outer loop
      vertex -0.273126 -18.0029 129.137
      vertex 0 -20.776 129.137
      vertex 0 -17.976 129.137
    endloop
  endfacet
  facet normal 0 0 1
    outer loop
      vertex -0.273126 -18.0029 129.137
      vertex -0.273126 -20.7491 129.137
      vertex 0 -20.776 129.137
    endloop
  endfacet
  facet normal -0 0 1
    outer loop
      vertex -0.535756 -18.0826 129.137
      vertex -0.273126 -20.7491 129.137
      vertex -0.273126 -18.0029 129.137
    endloop
  endfacet
  facet normal 0 0 1
    outer loop
      vertex -0.535756 -18.0826 129.137
      vertex -0.535756 -20.6694 129.137
      vertex -0.273126 -20.7491 129.137
    endloop
  endfacet
  facet normal -0 0 1
    outer loop
      vertex -0.777798 -18.2119 129.137
      vertex -0.535756 -20.6694 129.137
      vertex -0.535756 -18.0826 129.137
    endloop
  endfacet
  facet normal 0 0 1
    outer loop
      vertex -0.777798 -18.2119 129.137
      vertex -0.777798 -20.54 129.137
      vertex -0.535756 -20.6694 129.137
    endloop
  endfacet
  facet normal -0 0 1
    outer loop
      vertex -0.989949 -18.386 129.137
      vertex -0.777798 -20.54 129.137
      vertex -0.777798 -18.2119 129.137
    endloop
  endfacet
  facet normal 0 0 1
    outer loop
      vertex -0.989949 -18.386 129.137
      vertex -0.989949 -20.3659 129.137
      vertex -0.777798 -20.54 129.137
    endloop
  endfacet
  facet normal -0 0 1
    outer loop
      vertex -1.16406 -18.5982 129.137
      vertex -0.989949 -20.3659 129.137
      vertex -0.989949 -18.386 129.137
    endloop
  endfacet
  facet normal 0 0 1
    outer loop
      vertex -1.16406 -18.5982 129.137
      vertex -1.16406 -20.1538 129.137
      vertex -0.989949 -20.3659 129.137
    endloop
  endfacet
  facet normal -0 0 1
    outer loop
      vertex -1.29343 -18.8402 129.137
      vertex -1.16406 -20.1538 129.137
      vertex -1.16406 -18.5982 129.137
    endloop
  endfacet
  facet normal 0 0 1
    outer loop
      vertex -1.29343 -18.8402 129.137
      vertex -1.29343 -19.9117 129.137
      vertex -1.16406 -20.1538 129.137
    endloop
  endfacet
  facet normal -0 0 1
    outer loop
      vertex -1.3731 -19.1029 129.137
      vertex -1.29343 -19.9117 129.137
      vertex -1.29343 -18.8402 129.137
    endloop
  endfacet
  facet normal 0 0 1
    outer loop
      vertex -1.3731 -19.1029 129.137
      vertex -1.3731 -19.6491 129.137
      vertex -1.29343 -19.9117 129.137
    endloop
  endfacet
  facet normal 0 -0 1
    outer loop
      vertex -1.3731 -19.6491 129.137
      vertex -1.3731 -19.1029 129.137
      vertex -1.4 -19.376 129.137
    endloop
  endfacet
  facet normal -0.547491 0.449219 0.706014
    outer loop
      vertex -0.989949 -18.386 129.137
      vertex -1.66294 -18.2648 128.538
      vertex -1.16406 -18.5982 129.137
    endloop
  endfacet
  facet normal -0.0694165 0.704813 0.705989
    outer loop
      vertex 0 -17.376 128.538
      vertex -0.273126 -18.0029 129.137
      vertex 0 -17.976 129.137
    endloop
  endfacet
  facet normal -0.0693638 -0.704803 0.706004
    outer loop
      vertex -0.273126 -20.7491 129.137
      vertex -0.390181 -21.3376 128.538
      vertex 0 -21.376 128.538
    endloop
  endfacet
  facet normal -0.0694165 -0.704813 0.705989
    outer loop
      vertex 0 -20.776 129.137
      vertex -0.273126 -20.7491 129.137
      vertex 0 -21.376 128.538
    endloop
  endfacet
  facet normal 0.704812 -0.0694231 0.705989
    outer loop
      vertex 1.4 -19.376 129.137
      vertex 1.3731 -19.6491 129.137
      vertex 2 -19.376 128.538
    endloop
  endfacet
  facet normal -0.449274 -0.547466 0.705998
    outer loop
      vertex -0.989949 -20.3659 129.137
      vertex -1.11114 -21.0389 128.538
      vertex -0.777798 -20.54 129.137
    endloop
  endfacet
  facet normal -0.205735 -0.67769 0.705981
    outer loop
      vertex -0.535756 -20.6694 129.137
      vertex -0.765367 -21.2237 128.538
      vertex -0.390181 -21.3376 128.538
    endloop
  endfacet
  facet normal 0.0694165 0.704813 0.705989
    outer loop
      vertex 0 -17.376 128.538
      vertex 0 -17.976 129.137
      vertex 0.273126 -18.0029 129.137
    endloop
  endfacet
  facet normal 0.205658 -0.677692 0.706002
    outer loop
      vertex 0.535756 -20.6694 129.137
      vertex 0.273126 -20.7491 129.137
      vertex 0.390181 -21.3376 128.538
    endloop
  endfacet
  facet normal -0.449391 0.547415 0.705964
    outer loop
      vertex -1.11114 -17.713 128.538
      vertex -1.41421 -17.9618 128.538
      vertex -0.989949 -18.386 129.137
    endloop
  endfacet
  facet normal -0.333808 0.624577 0.706029
    outer loop
      vertex -0.765367 -17.5282 128.538
      vertex -1.11114 -17.713 128.538
      vertex -0.535756 -18.0826 129.137
    endloop
  endfacet
  facet normal -0.333832 -0.624623 0.705976
    outer loop
      vertex -0.535756 -20.6694 129.137
      vertex -1.11114 -21.0389 128.538
      vertex -0.765367 -21.2237 128.538
    endloop
  endfacet
  facet normal 0.333704 0.624675 0.70599
    outer loop
      vertex 1.11114 -17.713 128.538
      vertex 0.535756 -18.0826 129.137
      vertex 0.777798 -18.2119 129.137
    endloop
  endfacet
  facet normal 0.449274 -0.547466 0.705998
    outer loop
      vertex 0.989949 -20.3659 129.137
      vertex 0.777798 -20.54 129.137
      vertex 1.11114 -21.0389 128.538
    endloop
  endfacet
  facet normal -0.677731 0.205577 0.705988
    outer loop
      vertex -1.84776 -18.6106 128.538
      vertex -1.96157 -18.9858 128.538
      vertex -1.29343 -18.8402 129.137
    endloop
  endfacet
  facet normal -0.704811 -0.0694154 0.705991
    outer loop
      vertex -1.3731 -19.6491 129.137
      vertex -2 -19.376 128.538
      vertex -1.96157 -19.7662 128.538
    endloop
  endfacet
  facet normal 0.677731 0.205577 0.705988
    outer loop
      vertex 1.84776 -18.6106 128.538
      vertex 1.29343 -18.8402 129.137
      vertex 1.96157 -18.9858 128.538
    endloop
  endfacet
  facet normal -0.205658 -0.677692 0.706002
    outer loop
      vertex -0.273126 -20.7491 129.137
      vertex -0.535756 -20.6694 129.137
      vertex -0.390181 -21.3376 128.538
    endloop
  endfacet
  facet normal 0.704812 0.0694231 0.705989
    outer loop
      vertex 2 -19.376 128.538
      vertex 1.3731 -19.1029 129.137
      vertex 1.4 -19.376 129.137
    endloop
  endfacet
  facet normal 0.0693638 0.704803 0.706004
    outer loop
      vertex 0.390181 -17.4144 128.538
      vertex 0 -17.376 128.538
      vertex 0.273126 -18.0029 129.137
    endloop
  endfacet
  facet normal 0.449391 0.547415 0.705964
    outer loop
      vertex 1.11114 -17.713 128.538
      vertex 0.989949 -18.386 129.137
      vertex 1.41421 -17.9618 128.538
    endloop
  endfacet
  facet normal 0.449274 0.547466 0.705998
    outer loop
      vertex 1.11114 -17.713 128.538
      vertex 0.777798 -18.2119 129.137
      vertex 0.989949 -18.386 129.137
    endloop
  endfacet
  facet normal 0.333808 0.624577 0.706029
    outer loop
      vertex 0.765367 -17.5282 128.538
      vertex 0.535756 -18.0826 129.137
      vertex 1.11114 -17.713 128.538
    endloop
  endfacet
  facet normal -0.547471 -0.449266 0.706
    outer loop
      vertex -0.989949 -20.3659 129.137
      vertex -1.66294 -20.4871 128.538
      vertex -1.41421 -20.7902 128.538
    endloop
  endfacet
  facet normal -0.449258 -0.547473 0.706003
    outer loop
      vertex -0.989949 -20.3659 129.137
      vertex -1.41421 -20.7902 128.538
      vertex -1.11114 -21.0389 128.538
    endloop
  endfacet
  facet normal 0.677713 -0.205627 0.705991
    outer loop
      vertex 1.96157 -19.7662 128.538
      vertex 1.29343 -19.9117 129.137
      vertex 1.84776 -20.1413 128.538
    endloop
  endfacet
  facet normal 0.624608 -0.333835 0.705989
    outer loop
      vertex 1.84776 -20.1413 128.538
      vertex 1.29343 -19.9117 129.137
      vertex 1.66294 -20.4871 128.538
    endloop
  endfacet
  facet normal -0.704811 0.0694154 0.705991
    outer loop
      vertex -1.96157 -18.9858 128.538
      vertex -2 -19.376 128.538
      vertex -1.3731 -19.1029 129.137
    endloop
  endfacet
  facet normal 0.624562 0.333882 0.706006
    outer loop
      vertex 1.66294 -18.2648 128.538
      vertex 1.16406 -18.5982 129.137
      vertex 1.29343 -18.8402 129.137
    endloop
  endfacet
  facet normal 0.677713 -0.205611 0.705995
    outer loop
      vertex 1.3731 -19.6491 129.137
      vertex 1.29343 -19.9117 129.137
      vertex 1.96157 -19.7662 128.538
    endloop
  endfacet
  facet normal -0.547423 -0.449375 0.705968
    outer loop
      vertex -1.16406 -20.1538 129.137
      vertex -1.66294 -20.4871 128.538
      vertex -0.989949 -20.3659 129.137
    endloop
  endfacet
  facet normal -0.624649 -0.333791 0.705972
    outer loop
      vertex -1.29343 -19.9117 129.137
      vertex -1.66294 -20.4871 128.538
      vertex -1.16406 -20.1538 129.137
    endloop
  endfacet
endsolid OpenSCAD_Model
