solid OpenSCAD_Model
  facet normal 0 -1 0
    outer loop
      vertex 21.6308 5.25 47.4503
      vertex 18.5 5.25 79.8625
      vertex 18.5 5.25 47.8625
    endloop
  endfacet
  facet normal 0 -1 0
    outer loop
      vertex 18.5 5.25 79.8625
      vertex 21.6308 5.25 47.4503
      vertex 18.6141 5.25 79.9949
    endloop
  endfacet
  facet normal 0 -1 0
    outer loop
      vertex 18.5 5.25 -1.90735e-07
      vertex 22.6411 5.25 16.4077
      vertex 18.5 5.25 15.8625
    endloop
  endfacet
  facet normal 0 -1 0
    outer loop
      vertex 26.0292 5.25 -1.90735e-07
      vertex 22.6411 5.25 16.4077
      vertex 18.5 5.25 -1.90735e-07
    endloop
  endfacet
  facet normal 0 -1 0
    outer loop
      vertex 22.6411 5.25 16.4077
      vertex 26.0292 5.25 -1.90735e-07
      vertex 24.4393 5.25 17.1525
    endloop
  endfacet
  facet normal 0 1 0
    outer loop
      vertex 21.6308 -5.25 47.4503
      vertex 18.5 -5.25 79.8625
      vertex 18.6141 -5.25 79.9949
    endloop
  endfacet
  facet normal 0 1 0
    outer loop
      vertex 18.5 -5.25 79.8625
      vertex 21.6308 -5.25 47.4503
      vertex 18.5 -5.25 47.8625
    endloop
  endfacet
  facet normal 0 1 0
    outer loop
      vertex 26.0292 -5.25 -1.90735e-07
      vertex 22.6411 -5.25 16.4077
      vertex 24.4393 -5.25 17.1525
    endloop
  endfacet
  facet normal 0 1 0
    outer loop
      vertex 18.5 -5.25 -1.90735e-07
      vertex 22.6411 -5.25 16.4077
      vertex 26.0292 -5.25 -1.90735e-07
    endloop
  endfacet
  facet normal 0 1 0
    outer loop
      vertex 22.6411 -5.25 16.4077
      vertex 18.5 -5.25 -1.90735e-07
      vertex 18.5 -5.25 15.8625
    endloop
  endfacet
  facet normal 0.757517 0.000193907 -0.652815
    outer loop
      vertex 21.351 0 83.1692
      vertex 18.5 5.25 79.8625
      vertex 18.6141 5.25 79.9949
    endloop
  endfacet
  facet normal 0.757517 -0.000193907 -0.652815
    outer loop
      vertex 18.5 -5.25 79.8625
      vertex 21.351 0 83.1692
      vertex 18.6141 -5.25 79.9949
    endloop
  endfacet
  facet normal 0.757365 0 -0.652992
    outer loop
      vertex 21.351 0 83.1692
      vertex 18.5 -5.25 79.8625
      vertex 18.5 5.25 79.8625
    endloop
  endfacet
  facet normal 1 -0 0
    outer loop
      vertex 18.5 -5.25 79.8625
      vertex 18.5 5.25 47.8625
      vertex 18.5 5.25 79.8625
    endloop
  endfacet
  facet normal 1 0 0
    outer loop
      vertex 18.5 5.25 47.8625
      vertex 18.5 -5.25 79.8625
      vertex 18.5 -5.25 47.8625
    endloop
  endfacet
  facet normal 0.130533 9.02486e-06 0.991444
    outer loop
      vertex 18.5 5.25 47.8625
      vertex 22.6411 3.52151 47.3173
      vertex 21.6308 5.25 47.4503
    endloop
  endfacet
  facet normal 0.130529 0 0.991444
    outer loop
      vertex 22.6411 3.52151 47.3173
      vertex 18.5 5.25 47.8625
      vertex 22.6411 -3.52151 47.3173
    endloop
  endfacet
  facet normal 0.130529 -0 0.991444
    outer loop
      vertex 18.5 -5.25 47.8625
      vertex 22.6411 -3.52151 47.3173
      vertex 18.5 5.25 47.8625
    endloop
  endfacet
  facet normal 0.130533 -9.02486e-06 0.991444
    outer loop
      vertex 22.6411 -3.52151 47.3173
      vertex 18.5 -5.25 47.8625
      vertex 21.6308 -5.25 47.4503
    endloop
  endfacet
  facet normal 0.382694 0 0.923875
    outer loop
      vertex 22.6411 3.52151 47.3173
      vertex 22.6411 -3.52151 47.3173
      vertex 24.7554 0 46.4415
    endloop
  endfacet
  facet normal 0.608706 0 -0.793396
    outer loop
      vertex 27.3321 0 18.6445
      vertex 26.5 -1.54367 18.0061
      vertex 26.5 1.54367 18.0061
    endloop
  endfacet
  facet normal 0.382681 2.82534e-07 -0.92388
    outer loop
      vertex 22.6411 -5.25 16.4077
      vertex 26.5 -1.54367 18.0061
      vertex 25.0744 -4.10772 17.4156
    endloop
  endfacet
  facet normal 0.382666 3.77552e-05 -0.923887
    outer loop
      vertex 22.6411 -5.25 16.4077
      vertex 25.0744 -4.10772 17.4156
      vertex 24.4393 -5.25 17.1525
    endloop
  endfacet
  facet normal 0.382682 0 -0.92388
    outer loop
      vertex 26.5 -1.54367 18.0061
      vertex 22.6411 -5.25 16.4077
      vertex 26.5 1.54367 18.0061
    endloop
  endfacet
  facet normal 0.382682 0 -0.92388
    outer loop
      vertex 22.6411 5.25 16.4077
      vertex 26.5 1.54367 18.0061
      vertex 22.6411 -5.25 16.4077
    endloop
  endfacet
  facet normal 0.382666 -1.85977e-05 -0.923887
    outer loop
      vertex 26.5 1.54367 18.0061
      vertex 22.6411 5.25 16.4077
      vertex 24.4393 5.25 17.1525
    endloop
  endfacet
  facet normal 0.130529 0 -0.991444
    outer loop
      vertex 18.5 -5.25 15.8625
      vertex 22.6411 5.25 16.4077
      vertex 22.6411 -5.25 16.4077
    endloop
  endfacet
  facet normal 0.130529 0 -0.991444
    outer loop
      vertex 22.6411 5.25 16.4077
      vertex 18.5 -5.25 15.8625
      vertex 18.5 5.25 15.8625
    endloop
  endfacet
  facet normal 1 -0 0
    outer loop
      vertex 18.5 -5.25 15.8625
      vertex 18.5 5.25 -1.90735e-07
      vertex 18.5 5.25 15.8625
    endloop
  endfacet
  facet normal 1 0 0
    outer loop
      vertex 18.5 5.25 -1.90735e-07
      vertex 18.5 -5.25 15.8625
      vertex 18.5 -5.25 -1.90735e-07
    endloop
  endfacet
  facet normal 0.866006 -0.500034 -1.71029e-05
    outer loop
      vertex 4.76042 18.7453 79.9949
      vertex 4.70337 18.6465 79.8625
      vertex 4.80792 18.8276 78.97
    endloop
  endfacet
  facet normal 0.866073 -0.499917 1.46152e-05
    outer loop
      vertex 4.80792 18.8276 78.97
      vertex 4.70337 18.6465 79.8625
      vertex 4.93611 19.0496 76.2042
    endloop
  endfacet
  facet normal 0.866016 -0.500016 0
    outer loop
      vertex 4.70337 18.6465 47.8625
      vertex 4.93611 19.0496 76.2042
      vertex 4.70337 18.6465 79.8625
    endloop
  endfacet
  facet normal 0.86602 -0.50001 -1.25851e-07
    outer loop
      vertex 4.93611 19.0496 76.2042
      vertex 4.70337 18.6465 47.8625
      vertex 6.26878 21.3578 47.4503
    endloop
  endfacet
  facet normal 0.866015 -0.500019 1.78691e-06
    outer loop
      vertex 6.77392 22.2328 16.4077
      vertex 6.19363 21.2277 -1.90735e-07
      vertex 6.55097 21.8466 -1.90735e-07
    endloop
  endfacet
  facet normal 0.866019 -0.500011 -3.58291e-06
    outer loop
      vertex 6.77392 22.2328 16.4077
      vertex 8.32606 24.9212 3.0619
      vertex 7.673 23.79 17.1525
    endloop
  endfacet
  facet normal 0.866026 -0.499999 -1.47777e-07
    outer loop
      vertex 6.87911 22.415 -1.90735e-07
      vertex 8.32606 24.9212 3.0619
      vertex 6.77392 22.2328 16.4077
    endloop
  endfacet
  facet normal 0.866025 -0.500001 2.06797e-06
    outer loop
      vertex 8.32606 24.9212 3.0619
      vertex 6.87911 22.415 -1.90735e-07
      vertex 8.24876 24.7873 -1.90735e-07
    endloop
  endfacet
  facet normal 0.866042 -0.49997 2.68185e-07
    outer loop
      vertex 6.77392 22.2328 16.4077
      vertex 6.55097 21.8466 -1.90735e-07
      vertex 6.87911 22.415 -1.90735e-07
    endloop
  endfacet
  facet normal 0.866026 -0.5 2.34397e-07
    outer loop
      vertex 4.70337 18.6465 15.8625
      vertex 6.19363 21.2277 -1.90735e-07
      vertex 6.77392 22.2328 16.4077
    endloop
  endfacet
  facet normal 0.866025 -0.500001 0
    outer loop
      vertex 6.19363 21.2277 -1.90735e-07
      vertex 4.70337 18.6465 15.8625
      vertex 4.70337 18.6465 -1.90735e-07
    endloop
  endfacet
  facet normal 0.866035 -0.499983 1.04958e-06
    outer loop
      vertex 8.32606 24.9212 3.0619
      vertex 8.24876 24.7873 -1.90735e-07
      vertex 8.46797 25.167 -1.90735e-07
    endloop
  endfacet
  facet normal -0.865834 0.500331 4.88668e-05
    outer loop
      vertex 13.9012 13.5776 78.97
      vertex 13.7966 13.3965 79.8625
      vertex 13.8537 13.4953 79.9949
    endloop
  endfacet
  facet normal -0.865913 0.500194 1.19554e-05
    outer loop
      vertex 14.0294 13.7996 76.2042
      vertex 13.7966 13.3965 79.8625
      vertex 13.9012 13.5776 78.97
    endloop
  endfacet
  facet normal -0.866021 0.500007 2.00061e-06
    outer loop
      vertex 13.7966 13.3965 47.8625
      vertex 14.0294 13.7996 76.2042
      vertex 15.362 16.1078 47.4503
    endloop
  endfacet
  facet normal -0.86596 0.500113 0
    outer loop
      vertex 14.0294 13.7996 76.2042
      vertex 13.7966 13.3965 47.8625
      vertex 13.7966 13.3965 79.8625
    endloop
  endfacet
  facet normal -0.866039 0.499977 2.16963e-06
    outer loop
      vertex 15.6442 16.5966 -1.90735e-07
      vertex 15.2869 15.9777 -1.90735e-07
      vertex 15.8672 16.9828 16.4077
    endloop
  endfacet
  facet normal -0.866033 0.499987 -1.26976e-06
    outer loop
      vertex 15.9724 17.165 -1.90735e-07
      vertex 17.4193 19.6712 3.06191
      vertex 17.342 19.5373 -1.90735e-07
    endloop
  endfacet
  facet normal -0.866033 0.499986 -5.62272e-07
    outer loop
      vertex 17.4193 19.6712 3.06191
      vertex 15.9724 17.165 -1.90735e-07
      vertex 15.8672 16.9828 16.4077
    endloop
  endfacet
  facet normal -0.866015 0.500018 7.99408e-06
    outer loop
      vertex 17.4193 19.6712 3.06191
      vertex 15.8672 16.9828 16.4077
      vertex 16.7663 18.54 17.1525
    endloop
  endfacet
  facet normal -0.866003 0.500039 2.19144e-07
    outer loop
      vertex 15.9724 17.165 -1.90735e-07
      vertex 15.6442 16.5966 -1.90735e-07
      vertex 15.8672 16.9828 16.4077
    endloop
  endfacet
  facet normal -0.866019 0.500011 0
    outer loop
      vertex 13.7966 13.3965 15.8625
      vertex 15.2869 15.9777 -1.90735e-07
      vertex 13.7966 13.3965 -1.90735e-07
    endloop
  endfacet
  facet normal -0.86602 0.500009 -4.48201e-07
    outer loop
      vertex 15.2869 15.9777 -1.90735e-07
      vertex 13.7966 13.3965 15.8625
      vertex 15.8672 16.9828 16.4077
    endloop
  endfacet
  facet normal -0.866045 0.499966 -5.21441e-08
    outer loop
      vertex 17.5612 19.917 -1.90735e-07
      vertex 17.342 19.5373 -1.90735e-07
      vertex 17.4193 19.6712 3.06191
    endloop
  endfacet
  facet normal 0.378864 0.655925 -0.652859
    outer loop
      vertex 13.7966 13.3965 79.8625
      vertex 10.6755 18.4905 83.1692
      vertex 13.8537 13.4953 79.9949
    endloop
  endfacet
  facet normal 0.378679 0.655898 -0.652993
    outer loop
      vertex 10.6755 18.4905 83.1692
      vertex 13.7966 13.3965 79.8625
      vertex 4.76042 18.7453 79.9949
    endloop
  endfacet
  facet normal 0.378776 0.656057 -0.652777
    outer loop
      vertex 4.76042 18.7453 79.9949
      vertex 13.7966 13.3965 79.8625
      vertex 4.70337 18.6465 79.8625
    endloop
  endfacet
  facet normal 0.500002 0.866025 -0
    outer loop
      vertex 13.7966 13.3965 47.8625
      vertex 4.70337 18.6465 79.8625
      vertex 13.7966 13.3965 79.8625
    endloop
  endfacet
  facet normal 0.500002 0.866025 0
    outer loop
      vertex 4.70337 18.6465 79.8625
      vertex 13.7966 13.3965 47.8625
      vertex 4.70337 18.6465 47.8625
    endloop
  endfacet
  facet normal 0.065279 0.11304 0.991444
    outer loop
      vertex 14.3703 17.847 47.3173
      vertex 13.7966 13.3965 47.8625
      vertex 15.362 16.1078 47.4503
    endloop
  endfacet
  facet normal 0.0652643 0.113042 0.991444
    outer loop
      vertex 8.27083 21.3685 47.3173
      vertex 13.7966 13.3965 47.8625
      vertex 14.3703 17.847 47.3173
    endloop
  endfacet
  facet normal 0.0652593 0.113051 0.991444
    outer loop
      vertex 4.70337 18.6465 47.8625
      vertex 8.27083 21.3685 47.3173
      vertex 6.26878 21.3578 47.4503
    endloop
  endfacet
  facet normal 0.0652656 0.113043 0.991444
    outer loop
      vertex 8.27083 21.3685 47.3173
      vertex 4.70337 18.6465 47.8625
      vertex 13.7966 13.3965 47.8625
    endloop
  endfacet
  facet normal 0.191345 0.331423 0.923875
    outer loop
      vertex 12.3777 21.4388 46.4415
      vertex 8.27083 21.3685 47.3173
      vertex 14.3703 17.847 47.3173
    endloop
  endfacet
  facet normal 0.30435 0.527156 -0.793396
    outer loop
      vertex 14.5869 22.1778 18.0061
      vertex 11.9131 23.7215 18.0061
      vertex 13.666 23.6703 18.6445
    endloop
  endfacet
  facet normal 0.191326 0.331419 -0.923881
    outer loop
      vertex 15.8672 16.9828 16.4077
      vertex 16.0946 19.6612 17.4156
      vertex 16.7663 18.54 17.1525
    endloop
  endfacet
  facet normal 0.191345 0.331416 -0.923878
    outer loop
      vertex 15.8672 16.9828 16.4077
      vertex 14.5869 22.1778 18.0061
      vertex 16.0946 19.6612 17.4156
    endloop
  endfacet
  facet normal 0.19134 0.331415 -0.923879
    outer loop
      vertex 15.8672 16.9828 16.4077
      vertex 11.9131 23.7215 18.0061
      vertex 14.5869 22.1778 18.0061
    endloop
  endfacet
  facet normal 0.191343 0.331417 -0.923878
    outer loop
      vertex 6.77392 22.2328 16.4077
      vertex 11.9131 23.7215 18.0061
      vertex 15.8672 16.9828 16.4077
    endloop
  endfacet
  facet normal 0.191346 0.331409 -0.92388
    outer loop
      vertex 11.9131 23.7215 18.0061
      vertex 6.77392 22.2328 16.4077
      vertex 7.673 23.79 17.1525
    endloop
  endfacet
  facet normal 0.0652642 0.113041 -0.991445
    outer loop
      vertex 13.7966 13.3965 15.8625
      vertex 6.77392 22.2328 16.4077
      vertex 15.8672 16.9828 16.4077
    endloop
  endfacet
  facet normal 0.0652649 0.113042 -0.991444
    outer loop
      vertex 6.77392 22.2328 16.4077
      vertex 13.7966 13.3965 15.8625
      vertex 4.70337 18.6465 15.8625
    endloop
  endfacet
  facet normal 0.500002 0.866025 -0
    outer loop
      vertex 13.7966 13.3965 -1.90735e-07
      vertex 4.70337 18.6465 15.8625
      vertex 13.7966 13.3965 15.8625
    endloop
  endfacet
  facet normal 0.500002 0.866025 0
    outer loop
      vertex 4.70337 18.6465 15.8625
      vertex 13.7966 13.3965 -1.90735e-07
      vertex 4.70337 18.6465 -1.90735e-07
    endloop
  endfacet
  facet normal 0.865834 0.500331 4.88668e-05
    outer loop
      vertex -13.7966 13.3965 79.8625
      vertex -13.9012 13.5776 78.97
      vertex -13.8537 13.4953 79.9949
    endloop
  endfacet
  facet normal 0.865913 0.500194 1.19554e-05
    outer loop
      vertex -13.7966 13.3965 79.8625
      vertex -14.0294 13.7996 76.2042
      vertex -13.9012 13.5776 78.97
    endloop
  endfacet
  facet normal 0.86596 0.500113 -0
    outer loop
      vertex -13.7966 13.3965 47.8625
      vertex -14.0294 13.7996 76.2042
      vertex -13.7966 13.3965 79.8625
    endloop
  endfacet
  facet normal 0.866021 0.500007 2.00061e-06
    outer loop
      vertex -14.0294 13.7996 76.2042
      vertex -13.7966 13.3965 47.8625
      vertex -15.362 16.1078 47.4503
    endloop
  endfacet
  facet normal 0.866039 0.499977 2.16963e-06
    outer loop
      vertex -15.6442 16.5966 -1.90735e-07
      vertex -15.8672 16.9828 16.4077
      vertex -15.2869 15.9777 -1.90735e-07
    endloop
  endfacet
  facet normal 0.866015 0.500018 7.99408e-06
    outer loop
      vertex -15.8672 16.9828 16.4077
      vertex -17.4193 19.6712 3.06191
      vertex -16.7663 18.54 17.1525
    endloop
  endfacet
  facet normal 0.866033 0.499986 -5.62272e-07
    outer loop
      vertex -15.9724 17.165 -1.90735e-07
      vertex -17.4193 19.6712 3.06191
      vertex -15.8672 16.9828 16.4077
    endloop
  endfacet
  facet normal 0.866033 0.499987 -1.26976e-06
    outer loop
      vertex -17.4193 19.6712 3.06191
      vertex -15.9724 17.165 -1.90735e-07
      vertex -17.342 19.5373 -1.90735e-07
    endloop
  endfacet
  facet normal 0.866003 0.500039 2.19144e-07
    outer loop
      vertex -15.6442 16.5966 -1.90735e-07
      vertex -15.9724 17.165 -1.90735e-07
      vertex -15.8672 16.9828 16.4077
    endloop
  endfacet
  facet normal 0.86602 0.500009 -4.48201e-07
    outer loop
      vertex -13.7966 13.3965 15.8625
      vertex -15.2869 15.9777 -1.90735e-07
      vertex -15.8672 16.9828 16.4077
    endloop
  endfacet
  facet normal 0.866019 0.500011 0
    outer loop
      vertex -15.2869 15.9777 -1.90735e-07
      vertex -13.7966 13.3965 15.8625
      vertex -13.7966 13.3965 -1.90735e-07
    endloop
  endfacet
  facet normal 0.866045 0.499966 -5.21441e-08
    outer loop
      vertex -17.342 19.5373 -1.90735e-07
      vertex -17.5612 19.917 -1.90735e-07
      vertex -17.4193 19.6712 3.06191
    endloop
  endfacet
  facet normal -0.866006 -0.500034 -1.71029e-05
    outer loop
      vertex -4.76042 18.7453 79.9949
      vertex -4.80792 18.8276 78.97
      vertex -4.70337 18.6465 79.8625
    endloop
  endfacet
  facet normal -0.866073 -0.499917 1.46152e-05
    outer loop
      vertex -4.80792 18.8276 78.97
      vertex -4.93611 19.0496 76.2042
      vertex -4.70337 18.6465 79.8625
    endloop
  endfacet
  facet normal -0.86602 -0.50001 -1.25851e-07
    outer loop
      vertex -4.70337 18.6465 47.8625
      vertex -4.93611 19.0496 76.2042
      vertex -6.26878 21.3578 47.4503
    endloop
  endfacet
  facet normal -0.866016 -0.500016 0
    outer loop
      vertex -4.93611 19.0496 76.2042
      vertex -4.70337 18.6465 47.8625
      vertex -4.70337 18.6465 79.8625
    endloop
  endfacet
  facet normal -0.866015 -0.500019 1.78691e-06
    outer loop
      vertex -6.19363 21.2277 -1.90735e-07
      vertex -6.77392 22.2328 16.4077
      vertex -6.55097 21.8466 -1.90735e-07
    endloop
  endfacet
  facet normal -0.866025 -0.500001 2.06797e-06
    outer loop
      vertex -6.87911 22.415 -1.90735e-07
      vertex -8.32606 24.9212 3.0619
      vertex -8.24876 24.7873 -1.90735e-07
    endloop
  endfacet
  facet normal -0.866026 -0.499999 -1.47777e-07
    outer loop
      vertex -8.32606 24.9212 3.0619
      vertex -6.87911 22.415 -1.90735e-07
      vertex -6.77392 22.2328 16.4077
    endloop
  endfacet
  facet normal -0.866019 -0.500011 -3.58291e-06
    outer loop
      vertex -8.32606 24.9212 3.0619
      vertex -6.77392 22.2328 16.4077
      vertex -7.673 23.79 17.1525
    endloop
  endfacet
  facet normal -0.866042 -0.49997 2.68185e-07
    outer loop
      vertex -6.77392 22.2328 16.4077
      vertex -6.87911 22.415 -1.90735e-07
      vertex -6.55097 21.8466 -1.90735e-07
    endloop
  endfacet
  facet normal -0.866025 -0.500001 -0
    outer loop
      vertex -4.70337 18.6465 15.8625
      vertex -6.19363 21.2277 -1.90735e-07
      vertex -4.70337 18.6465 -1.90735e-07
    endloop
  endfacet
  facet normal -0.866026 -0.5 2.34397e-07
    outer loop
      vertex -6.19363 21.2277 -1.90735e-07
      vertex -4.70337 18.6465 15.8625
      vertex -6.77392 22.2328 16.4077
    endloop
  endfacet
  facet normal -0.866035 -0.499983 1.04958e-06
    outer loop
      vertex -8.32606 24.9212 3.0619
      vertex -8.46797 25.167 -1.90735e-07
      vertex -8.24876 24.7873 -1.90735e-07
    endloop
  endfacet
  facet normal -0.378679 0.655898 -0.652993
    outer loop
      vertex -13.7966 13.3965 79.8625
      vertex -10.6755 18.4905 83.1692
      vertex -4.76042 18.7453 79.9949
    endloop
  endfacet
  facet normal -0.378776 0.656057 -0.652777
    outer loop
      vertex -13.7966 13.3965 79.8625
      vertex -4.76042 18.7453 79.9949
      vertex -4.70337 18.6465 79.8625
    endloop
  endfacet
  facet normal -0.378864 0.655925 -0.652859
    outer loop
      vertex -10.6755 18.4905 83.1692
      vertex -13.7966 13.3965 79.8625
      vertex -13.8537 13.4953 79.9949
    endloop
  endfacet
  facet normal -0.500002 0.866025 0
    outer loop
      vertex -4.70337 18.6465 47.8625
      vertex -13.7966 13.3965 79.8625
      vertex -4.70337 18.6465 79.8625
    endloop
  endfacet
  facet normal -0.500002 0.866025 0
    outer loop
      vertex -13.7966 13.3965 79.8625
      vertex -4.70337 18.6465 47.8625
      vertex -13.7966 13.3965 47.8625
    endloop
  endfacet
  facet normal -0.0652593 0.113051 0.991444
    outer loop
      vertex -8.27083 21.3685 47.3173
      vertex -4.70337 18.6465 47.8625
      vertex -6.26878 21.3578 47.4503
    endloop
  endfacet
  facet normal -0.0652656 0.113043 0.991444
    outer loop
      vertex -8.27083 21.3685 47.3173
      vertex -13.7966 13.3965 47.8625
      vertex -4.70337 18.6465 47.8625
    endloop
  endfacet
  facet normal -0.0652643 0.113042 0.991444
    outer loop
      vertex -14.3703 17.847 47.3173
      vertex -13.7966 13.3965 47.8625
      vertex -8.27083 21.3685 47.3173
    endloop
  endfacet
  facet normal -0.065279 0.11304 0.991444
    outer loop
      vertex -13.7966 13.3965 47.8625
      vertex -14.3703 17.847 47.3173
      vertex -15.362 16.1078 47.4503
    endloop
  endfacet
  facet normal -0.191345 0.331423 0.923875
    outer loop
      vertex -12.3777 21.4388 46.4415
      vertex -14.3703 17.847 47.3173
      vertex -8.27083 21.3685 47.3173
    endloop
  endfacet
  facet normal -0.30435 0.527156 -0.793396
    outer loop
      vertex -11.9131 23.7215 18.0061
      vertex -14.5869 22.1778 18.0061
      vertex -13.666 23.6703 18.6445
    endloop
  endfacet
  facet normal -0.191346 0.331409 -0.92388
    outer loop
      vertex -6.77392 22.2328 16.4077
      vertex -11.9131 23.7215 18.0061
      vertex -7.673 23.79 17.1525
    endloop
  endfacet
  facet normal -0.191342 0.331419 -0.923878
    outer loop
      vertex -6.77392 22.2328 16.4077
      vertex -14.5869 22.1778 18.0061
      vertex -11.9131 23.7215 18.0061
    endloop
  endfacet
  facet normal -0.191343 0.331416 -0.923879
    outer loop
      vertex -15.8672 16.9828 16.4077
      vertex -14.5869 22.1778 18.0061
      vertex -6.77392 22.2328 16.4077
    endloop
  endfacet
  facet normal -0.191334 0.331414 -0.923881
    outer loop
      vertex -14.5869 22.1778 18.0061
      vertex -15.8672 16.9828 16.4077
      vertex -16.7663 18.54 17.1525
    endloop
  endfacet
  facet normal -0.0652649 0.113042 -0.991444
    outer loop
      vertex -13.7966 13.3965 15.8625
      vertex -6.77392 22.2328 16.4077
      vertex -4.70337 18.6465 15.8625
    endloop
  endfacet
  facet normal -0.0652642 0.113041 -0.991445
    outer loop
      vertex -6.77392 22.2328 16.4077
      vertex -13.7966 13.3965 15.8625
      vertex -15.8672 16.9828 16.4077
    endloop
  endfacet
  facet normal -0.500002 0.866025 0
    outer loop
      vertex -4.70337 18.6465 -1.90735e-07
      vertex -13.7966 13.3965 15.8625
      vertex -4.70337 18.6465 15.8625
    endloop
  endfacet
  facet normal -0.500002 0.866025 0
    outer loop
      vertex -13.7966 13.3965 15.8625
      vertex -4.70337 18.6465 -1.90735e-07
      vertex -13.7966 13.3965 -1.90735e-07
    endloop
  endfacet
  facet normal 0 1 0
    outer loop
      vertex -21.6308 -5.25 47.4503
      vertex -18.5 -5.25 79.8625
      vertex -18.5 -5.25 47.8625
    endloop
  endfacet
  facet normal 0 1 0
    outer loop
      vertex -18.5 -5.25 79.8625
      vertex -21.6308 -5.25 47.4503
      vertex -18.6141 -5.25 79.9949
    endloop
  endfacet
  facet normal 0 1 -0
    outer loop
      vertex -18.5 -5.25 -1.90735e-07
      vertex -22.6411 -5.25 16.4077
      vertex -18.5 -5.25 15.8625
    endloop
  endfacet
  facet normal 0 1 0
    outer loop
      vertex -26.0292 -5.25 -1.90735e-07
      vertex -22.6411 -5.25 16.4077
      vertex -18.5 -5.25 -1.90735e-07
    endloop
  endfacet
  facet normal 0 1 0
    outer loop
      vertex -22.6411 -5.25 16.4077
      vertex -26.0292 -5.25 -1.90735e-07
      vertex -24.4393 -5.25 17.1525
    endloop
  endfacet
  facet normal 0 -1 0
    outer loop
      vertex -21.6308 5.25 47.4503
      vertex -18.5 5.25 79.8625
      vertex -18.6141 5.25 79.9949
    endloop
  endfacet
  facet normal 0 -1 -0
    outer loop
      vertex -18.5 5.25 79.8625
      vertex -21.6308 5.25 47.4503
      vertex -18.5 5.25 47.8625
    endloop
  endfacet
  facet normal 0 -1 0
    outer loop
      vertex -26.0292 5.25 -1.90735e-07
      vertex -22.6411 5.25 16.4077
      vertex -24.4393 5.25 17.1525
    endloop
  endfacet
  facet normal 0 -1 0
    outer loop
      vertex -18.5 5.25 -1.90735e-07
      vertex -22.6411 5.25 16.4077
      vertex -26.0292 5.25 -1.90735e-07
    endloop
  endfacet
  facet normal 0 -1 0
    outer loop
      vertex -22.6411 5.25 16.4077
      vertex -18.5 5.25 -1.90735e-07
      vertex -18.5 5.25 15.8625
    endloop
  endfacet
  facet normal -0.757517 0.000193907 -0.652815
    outer loop
      vertex -18.5 5.25 79.8625
      vertex -21.351 0 83.1692
      vertex -18.6141 5.25 79.9949
    endloop
  endfacet
  facet normal -0.757365 0 -0.652992
    outer loop
      vertex -18.5 -5.25 79.8625
      vertex -21.351 0 83.1692
      vertex -18.5 5.25 79.8625
    endloop
  endfacet
  facet normal -0.757517 -0.000193907 -0.652815
    outer loop
      vertex -21.351 0 83.1692
      vertex -18.5 -5.25 79.8625
      vertex -18.6141 -5.25 79.9949
    endloop
  endfacet
  facet normal -1 0 0
    outer loop
      vertex -18.5 -5.25 47.8625
      vertex -18.5 5.25 79.8625
      vertex -18.5 5.25 47.8625
    endloop
  endfacet
  facet normal -1 -0 0
    outer loop
      vertex -18.5 5.25 79.8625
      vertex -18.5 -5.25 47.8625
      vertex -18.5 -5.25 79.8625
    endloop
  endfacet
  facet normal -0.130533 9.02486e-06 0.991444
    outer loop
      vertex -22.6411 3.52151 47.3173
      vertex -18.5 5.25 47.8625
      vertex -21.6308 5.25 47.4503
    endloop
  endfacet
  facet normal -0.130529 0 0.991444
    outer loop
      vertex -18.5 5.25 47.8625
      vertex -22.6411 3.52151 47.3173
      vertex -18.5 -5.25 47.8625
    endloop
  endfacet
  facet normal -0.130529 0 0.991444
    outer loop
      vertex -22.6411 -3.52151 47.3173
      vertex -18.5 -5.25 47.8625
      vertex -22.6411 3.52151 47.3173
    endloop
  endfacet
  facet normal -0.130533 -9.02486e-06 0.991444
    outer loop
      vertex -18.5 -5.25 47.8625
      vertex -22.6411 -3.52151 47.3173
      vertex -21.6308 -5.25 47.4503
    endloop
  endfacet
  facet normal -0.382694 0 0.923875
    outer loop
      vertex -22.6411 3.52151 47.3173
      vertex -24.7554 0 46.4415
      vertex -22.6411 -3.52151 47.3173
    endloop
  endfacet
  facet normal -0.608706 0 -0.793396
    outer loop
      vertex -26.5 -1.54367 18.0061
      vertex -27.3321 0 18.6445
      vertex -26.5 1.54367 18.0061
    endloop
  endfacet
  facet normal -0.382666 1.85977e-05 -0.923887
    outer loop
      vertex -26.5 -1.54367 18.0061
      vertex -22.6411 -5.25 16.4077
      vertex -24.4393 -5.25 17.1525
    endloop
  endfacet
  facet normal -0.382682 0 -0.92388
    outer loop
      vertex -22.6411 -5.25 16.4077
      vertex -26.5 -1.54367 18.0061
      vertex -22.6411 5.25 16.4077
    endloop
  endfacet
  facet normal -0.382666 -3.77552e-05 -0.923887
    outer loop
      vertex -22.6411 5.25 16.4077
      vertex -25.0744 4.10772 17.4156
      vertex -24.4393 5.25 17.1525
    endloop
  endfacet
  facet normal -0.382682 -0 -0.92388
    outer loop
      vertex -26.5 1.54367 18.0061
      vertex -22.6411 5.25 16.4077
      vertex -26.5 -1.54367 18.0061
    endloop
  endfacet
  facet normal -0.382681 -2.82534e-07 -0.92388
    outer loop
      vertex -22.6411 5.25 16.4077
      vertex -26.5 1.54367 18.0061
      vertex -25.0744 4.10772 17.4156
    endloop
  endfacet
  facet normal -0.130529 0 -0.991444
    outer loop
      vertex -22.6411 -5.25 16.4077
      vertex -18.5 5.25 15.8625
      vertex -18.5 -5.25 15.8625
    endloop
  endfacet
  facet normal -0.130529 0 -0.991444
    outer loop
      vertex -18.5 5.25 15.8625
      vertex -22.6411 -5.25 16.4077
      vertex -22.6411 5.25 16.4077
    endloop
  endfacet
  facet normal -1 0 0
    outer loop
      vertex -18.5 -5.25 -1.90735e-07
      vertex -18.5 5.25 15.8625
      vertex -18.5 5.25 -1.90735e-07
    endloop
  endfacet
  facet normal -1 -0 0
    outer loop
      vertex -18.5 5.25 15.8625
      vertex -18.5 -5.25 -1.90735e-07
      vertex -18.5 -5.25 15.8625
    endloop
  endfacet
  facet normal -0.866006 0.500034 -1.71029e-05
    outer loop
      vertex -4.70337 -18.6465 79.8625
      vertex -4.80792 -18.8276 78.97
      vertex -4.76042 -18.7453 79.9949
    endloop
  endfacet
  facet normal -0.866073 0.499917 1.46152e-05
    outer loop
      vertex -4.70337 -18.6465 79.8625
      vertex -4.93611 -19.0496 76.2042
      vertex -4.80792 -18.8276 78.97
    endloop
  endfacet
  facet normal -0.866016 0.500016 0
    outer loop
      vertex -4.70337 -18.6465 47.8625
      vertex -4.93611 -19.0496 76.2042
      vertex -4.70337 -18.6465 79.8625
    endloop
  endfacet
  facet normal -0.86602 0.50001 -1.25851e-07
    outer loop
      vertex -4.93611 -19.0496 76.2042
      vertex -4.70337 -18.6465 47.8625
      vertex -6.26878 -21.3578 47.4503
    endloop
  endfacet
  facet normal -0.866015 0.500019 1.78691e-06
    outer loop
      vertex -6.55097 -21.8466 -1.90735e-07
      vertex -6.77392 -22.2328 16.4077
      vertex -6.19363 -21.2277 -1.90735e-07
    endloop
  endfacet
  facet normal -0.866026 0.499999 -1.47777e-07
    outer loop
      vertex -8.32606 -24.9212 3.0619
      vertex -6.77392 -22.2328 16.4077
      vertex -6.87911 -22.415 -1.90735e-07
    endloop
  endfacet
  facet normal -0.866025 0.500001 2.06797e-06
    outer loop
      vertex -8.32606 -24.9212 3.0619
      vertex -6.87911 -22.415 -1.90735e-07
      vertex -8.24876 -24.7873 -1.90735e-07
    endloop
  endfacet
  facet normal -0.866019 0.500011 -3.58291e-06
    outer loop
      vertex -6.77392 -22.2328 16.4077
      vertex -8.32606 -24.9212 3.0619
      vertex -7.673 -23.79 17.1525
    endloop
  endfacet
  facet normal -0.866042 0.49997 2.68185e-07
    outer loop
      vertex -6.55097 -21.8466 -1.90735e-07
      vertex -6.87911 -22.415 -1.90735e-07
      vertex -6.77392 -22.2328 16.4077
    endloop
  endfacet
  facet normal -0.866025 0.500001 0
    outer loop
      vertex -6.19363 -21.2277 -1.90735e-07
      vertex -4.70337 -18.6465 15.8625
      vertex -4.70337 -18.6465 -1.90735e-07
    endloop
  endfacet
  facet normal -0.866026 0.5 2.34397e-07
    outer loop
      vertex -4.70337 -18.6465 15.8625
      vertex -6.19363 -21.2277 -1.90735e-07
      vertex -6.77392 -22.2328 16.4077
    endloop
  endfacet
  facet normal -0.866035 0.499983 1.04958e-06
    outer loop
      vertex -8.24876 -24.7873 -1.90735e-07
      vertex -8.46797 -25.167 -1.90735e-07
      vertex -8.32606 -24.9212 3.0619
    endloop
  endfacet
  facet normal 0.865834 -0.500331 4.88668e-05
    outer loop
      vertex -13.8537 -13.4953 79.9949
      vertex -13.9012 -13.5776 78.97
      vertex -13.7966 -13.3965 79.8625
    endloop
  endfacet
  facet normal 0.865913 -0.500194 1.19554e-05
    outer loop
      vertex -13.9012 -13.5776 78.97
      vertex -14.0294 -13.7996 76.2042
      vertex -13.7966 -13.3965 79.8625
    endloop
  endfacet
  facet normal 0.86596 -0.500113 0
    outer loop
      vertex -14.0294 -13.7996 76.2042
      vertex -13.7966 -13.3965 47.8625
      vertex -13.7966 -13.3965 79.8625
    endloop
  endfacet
  facet normal 0.866021 -0.500007 2.00061e-06
    outer loop
      vertex -13.7966 -13.3965 47.8625
      vertex -14.0294 -13.7996 76.2042
      vertex -15.362 -16.1078 47.4503
    endloop
  endfacet
  facet normal 0.866039 -0.499977 2.16963e-06
    outer loop
      vertex -15.2869 -15.9777 -1.90735e-07
      vertex -15.8672 -16.9828 16.4077
      vertex -15.6442 -16.5966 -1.90735e-07
    endloop
  endfacet
  facet normal 0.866015 -0.500018 7.99408e-06
    outer loop
      vertex -17.4193 -19.6712 3.06191
      vertex -15.8672 -16.9828 16.4077
      vertex -16.7663 -18.54 17.1525
    endloop
  endfacet
  facet normal 0.866033 -0.499986 -5.62272e-07
    outer loop
      vertex -15.8672 -16.9828 16.4077
      vertex -17.4193 -19.6712 3.06191
      vertex -15.9724 -17.165 -1.90735e-07
    endloop
  endfacet
  facet normal 0.866033 -0.499987 -1.26976e-06
    outer loop
      vertex -15.9724 -17.165 -1.90735e-07
      vertex -17.4193 -19.6712 3.06191
      vertex -17.342 -19.5373 -1.90735e-07
    endloop
  endfacet
  facet normal 0.866003 -0.500039 2.19144e-07
    outer loop
      vertex -15.8672 -16.9828 16.4077
      vertex -15.9724 -17.165 -1.90735e-07
      vertex -15.6442 -16.5966 -1.90735e-07
    endloop
  endfacet
  facet normal 0.866019 -0.500011 0
    outer loop
      vertex -13.7966 -13.3965 15.8625
      vertex -15.2869 -15.9777 -1.90735e-07
      vertex -13.7966 -13.3965 -1.90735e-07
    endloop
  endfacet
  facet normal 0.86602 -0.500009 -4.48201e-07
    outer loop
      vertex -15.2869 -15.9777 -1.90735e-07
      vertex -13.7966 -13.3965 15.8625
      vertex -15.8672 -16.9828 16.4077
    endloop
  endfacet
  facet normal 0.866045 -0.499966 -5.21441e-08
    outer loop
      vertex -17.4193 -19.6712 3.06191
      vertex -17.5612 -19.917 -1.90735e-07
      vertex -17.342 -19.5373 -1.90735e-07
    endloop
  endfacet
  facet normal -0.378864 -0.655925 -0.652859
    outer loop
      vertex -13.7966 -13.3965 79.8625
      vertex -10.6755 -18.4905 83.1692
      vertex -13.8537 -13.4953 79.9949
    endloop
  endfacet
  facet normal -0.378679 -0.655898 -0.652993
    outer loop
      vertex -10.6755 -18.4905 83.1692
      vertex -13.7966 -13.3965 79.8625
      vertex -4.76042 -18.7453 79.9949
    endloop
  endfacet
  facet normal -0.378776 -0.656057 -0.652777
    outer loop
      vertex -4.76042 -18.7453 79.9949
      vertex -13.7966 -13.3965 79.8625
      vertex -4.70337 -18.6465 79.8625
    endloop
  endfacet
  facet normal -0.500002 -0.866025 0
    outer loop
      vertex -13.7966 -13.3965 47.8625
      vertex -4.70337 -18.6465 79.8625
      vertex -13.7966 -13.3965 79.8625
    endloop
  endfacet
  facet normal -0.500002 -0.866025 -0
    outer loop
      vertex -4.70337 -18.6465 79.8625
      vertex -13.7966 -13.3965 47.8625
      vertex -4.70337 -18.6465 47.8625
    endloop
  endfacet
  facet normal -0.0652593 -0.113051 0.991444
    outer loop
      vertex -4.70337 -18.6465 47.8625
      vertex -8.27083 -21.3685 47.3173
      vertex -6.26878 -21.3578 47.4503
    endloop
  endfacet
  facet normal -0.0652656 -0.113043 0.991444
    outer loop
      vertex -13.7966 -13.3965 47.8625
      vertex -8.27083 -21.3685 47.3173
      vertex -4.70337 -18.6465 47.8625
    endloop
  endfacet
  facet normal -0.0652643 -0.113042 0.991444
    outer loop
      vertex -13.7966 -13.3965 47.8625
      vertex -14.3703 -17.847 47.3173
      vertex -8.27083 -21.3685 47.3173
    endloop
  endfacet
  facet normal -0.065279 -0.11304 0.991444
    outer loop
      vertex -14.3703 -17.847 47.3173
      vertex -13.7966 -13.3965 47.8625
      vertex -15.362 -16.1078 47.4503
    endloop
  endfacet
  facet normal -0.191345 -0.331423 0.923875
    outer loop
      vertex -8.27083 -21.3685 47.3173
      vertex -14.3703 -17.847 47.3173
      vertex -12.3777 -21.4388 46.4415
    endloop
  endfacet
  facet normal -0.30435 -0.527156 -0.793396
    outer loop
      vertex -13.666 -23.6703 18.6445
      vertex -14.5869 -22.1778 18.0061
      vertex -11.9131 -23.7215 18.0061
    endloop
  endfacet
  facet normal -0.191346 -0.331409 -0.92388
    outer loop
      vertex -11.9131 -23.7215 18.0061
      vertex -6.77392 -22.2328 16.4077
      vertex -7.673 -23.79 17.1525
    endloop
  endfacet
  facet normal -0.191342 -0.331419 -0.923878
    outer loop
      vertex -14.5869 -22.1778 18.0061
      vertex -6.77392 -22.2328 16.4077
      vertex -11.9131 -23.7215 18.0061
    endloop
  endfacet
  facet normal -0.191343 -0.331416 -0.923879
    outer loop
      vertex -14.5869 -22.1778 18.0061
      vertex -15.8672 -16.9828 16.4077
      vertex -6.77392 -22.2328 16.4077
    endloop
  endfacet
  facet normal -0.191345 -0.331416 -0.923878
    outer loop
      vertex -16.0946 -19.6612 17.4156
      vertex -15.8672 -16.9828 16.4077
      vertex -14.5869 -22.1778 18.0061
    endloop
  endfacet
  facet normal -0.191326 -0.331419 -0.923881
    outer loop
      vertex -15.8672 -16.9828 16.4077
      vertex -16.0946 -19.6612 17.4156
      vertex -16.7663 -18.54 17.1525
    endloop
  endfacet
  facet normal -0.0652649 -0.113042 -0.991444
    outer loop
      vertex -6.77392 -22.2328 16.4077
      vertex -13.7966 -13.3965 15.8625
      vertex -4.70337 -18.6465 15.8625
    endloop
  endfacet
  facet normal -0.0652642 -0.113041 -0.991445
    outer loop
      vertex -13.7966 -13.3965 15.8625
      vertex -6.77392 -22.2328 16.4077
      vertex -15.8672 -16.9828 16.4077
    endloop
  endfacet
  facet normal -0.500002 -0.866025 0
    outer loop
      vertex -13.7966 -13.3965 -1.90735e-07
      vertex -4.70337 -18.6465 15.8625
      vertex -13.7966 -13.3965 15.8625
    endloop
  endfacet
  facet normal -0.500002 -0.866025 -0
    outer loop
      vertex -4.70337 -18.6465 15.8625
      vertex -13.7966 -13.3965 -1.90735e-07
      vertex -4.70337 -18.6465 -1.90735e-07
    endloop
  endfacet
  facet normal -0.865834 -0.500331 4.88668e-05
    outer loop
      vertex 13.8537 -13.4953 79.9949
      vertex 13.7966 -13.3965 79.8625
      vertex 13.9012 -13.5776 78.97
    endloop
  endfacet
  facet normal -0.865913 -0.500194 1.19554e-05
    outer loop
      vertex 13.9012 -13.5776 78.97
      vertex 13.7966 -13.3965 79.8625
      vertex 14.0294 -13.7996 76.2042
    endloop
  endfacet
  facet normal -0.86596 -0.500113 0
    outer loop
      vertex 13.7966 -13.3965 47.8625
      vertex 14.0294 -13.7996 76.2042
      vertex 13.7966 -13.3965 79.8625
    endloop
  endfacet
  facet normal -0.866021 -0.500007 2.00061e-06
    outer loop
      vertex 14.0294 -13.7996 76.2042
      vertex 13.7966 -13.3965 47.8625
      vertex 15.362 -16.1078 47.4503
    endloop
  endfacet
  facet normal -0.866039 -0.499977 2.16963e-06
    outer loop
      vertex 15.8672 -16.9828 16.4077
      vertex 15.2869 -15.9777 -1.90735e-07
      vertex 15.6442 -16.5966 -1.90735e-07
    endloop
  endfacet
  facet normal -0.866033 -0.499986 -5.62272e-07
    outer loop
      vertex 17.4193 -19.6712 3.06191
      vertex 15.8672 -16.9828 16.4077
      vertex 15.9724 -17.165 -1.90735e-07
    endloop
  endfacet
  facet normal -0.866033 -0.499987 -1.26976e-06
    outer loop
      vertex 17.4193 -19.6712 3.06191
      vertex 15.9724 -17.165 -1.90735e-07
      vertex 17.342 -19.5373 -1.90735e-07
    endloop
  endfacet
  facet normal -0.866015 -0.500018 7.99408e-06
    outer loop
      vertex 15.8672 -16.9828 16.4077
      vertex 17.4193 -19.6712 3.06191
      vertex 16.7663 -18.54 17.1525
    endloop
  endfacet
  facet normal -0.866003 -0.500039 2.19144e-07
    outer loop
      vertex 15.8672 -16.9828 16.4077
      vertex 15.6442 -16.5966 -1.90735e-07
      vertex 15.9724 -17.165 -1.90735e-07
    endloop
  endfacet
  facet normal -0.866019 -0.500011 0
    outer loop
      vertex 15.2869 -15.9777 -1.90735e-07
      vertex 13.7966 -13.3965 15.8625
      vertex 13.7966 -13.3965 -1.90735e-07
    endloop
  endfacet
  facet normal -0.86602 -0.500009 -4.48201e-07
    outer loop
      vertex 13.7966 -13.3965 15.8625
      vertex 15.2869 -15.9777 -1.90735e-07
      vertex 15.8672 -16.9828 16.4077
    endloop
  endfacet
  facet normal -0.866045 -0.499966 -5.21441e-08
    outer loop
      vertex 17.4193 -19.6712 3.06191
      vertex 17.342 -19.5373 -1.90735e-07
      vertex 17.5612 -19.917 -1.90735e-07
    endloop
  endfacet
  facet normal 0.866006 0.500034 -1.71029e-05
    outer loop
      vertex 4.80792 -18.8276 78.97
      vertex 4.70337 -18.6465 79.8625
      vertex 4.76042 -18.7453 79.9949
    endloop
  endfacet
  facet normal 0.866073 0.499917 1.46152e-05
    outer loop
      vertex 4.93611 -19.0496 76.2042
      vertex 4.70337 -18.6465 79.8625
      vertex 4.80792 -18.8276 78.97
    endloop
  endfacet
  facet normal 0.866016 0.500016 0
    outer loop
      vertex 4.93611 -19.0496 76.2042
      vertex 4.70337 -18.6465 47.8625
      vertex 4.70337 -18.6465 79.8625
    endloop
  endfacet
  facet normal 0.86602 0.50001 -1.25851e-07
    outer loop
      vertex 4.70337 -18.6465 47.8625
      vertex 4.93611 -19.0496 76.2042
      vertex 6.26878 -21.3578 47.4503
    endloop
  endfacet
  facet normal 0.866015 0.500019 1.78691e-06
    outer loop
      vertex 6.55097 -21.8466 -1.90735e-07
      vertex 6.19363 -21.2277 -1.90735e-07
      vertex 6.77392 -22.2328 16.4077
    endloop
  endfacet
  facet normal 0.866019 0.500011 -3.58291e-06
    outer loop
      vertex 8.32606 -24.9212 3.0619
      vertex 6.77392 -22.2328 16.4077
      vertex 7.673 -23.79 17.1525
    endloop
  endfacet
  facet normal 0.866026 0.499999 -1.47777e-07
    outer loop
      vertex 6.77392 -22.2328 16.4077
      vertex 8.32606 -24.9212 3.0619
      vertex 6.87911 -22.415 -1.90735e-07
    endloop
  endfacet
  facet normal 0.866025 0.500001 2.06797e-06
    outer loop
      vertex 6.87911 -22.415 -1.90735e-07
      vertex 8.32606 -24.9212 3.0619
      vertex 8.24876 -24.7873 -1.90735e-07
    endloop
  endfacet
  facet normal 0.866042 0.49997 2.68185e-07
    outer loop
      vertex 6.87911 -22.415 -1.90735e-07
      vertex 6.55097 -21.8466 -1.90735e-07
      vertex 6.77392 -22.2328 16.4077
    endloop
  endfacet
  facet normal 0.866025 0.500001 0
    outer loop
      vertex 4.70337 -18.6465 15.8625
      vertex 6.19363 -21.2277 -1.90735e-07
      vertex 4.70337 -18.6465 -1.90735e-07
    endloop
  endfacet
  facet normal 0.866026 0.5 2.34397e-07
    outer loop
      vertex 6.19363 -21.2277 -1.90735e-07
      vertex 4.70337 -18.6465 15.8625
      vertex 6.77392 -22.2328 16.4077
    endloop
  endfacet
  facet normal 0.866035 0.499983 1.04958e-06
    outer loop
      vertex 8.46797 -25.167 -1.90735e-07
      vertex 8.24876 -24.7873 -1.90735e-07
      vertex 8.32606 -24.9212 3.0619
    endloop
  endfacet
  facet normal 0.378679 -0.655898 -0.652993
    outer loop
      vertex 13.7966 -13.3965 79.8625
      vertex 10.6755 -18.4905 83.1692
      vertex 4.76042 -18.7453 79.9949
    endloop
  endfacet
  facet normal 0.378776 -0.656057 -0.652777
    outer loop
      vertex 13.7966 -13.3965 79.8625
      vertex 4.76042 -18.7453 79.9949
      vertex 4.70337 -18.6465 79.8625
    endloop
  endfacet
  facet normal 0.378864 -0.655925 -0.652859
    outer loop
      vertex 10.6755 -18.4905 83.1692
      vertex 13.7966 -13.3965 79.8625
      vertex 13.8537 -13.4953 79.9949
    endloop
  endfacet
  facet normal 0.500002 -0.866025 0
    outer loop
      vertex 4.70337 -18.6465 47.8625
      vertex 13.7966 -13.3965 79.8625
      vertex 4.70337 -18.6465 79.8625
    endloop
  endfacet
  facet normal 0.500002 -0.866025 0
    outer loop
      vertex 13.7966 -13.3965 79.8625
      vertex 4.70337 -18.6465 47.8625
      vertex 13.7966 -13.3965 47.8625
    endloop
  endfacet
  facet normal 0.065279 -0.11304 0.991444
    outer loop
      vertex 13.7966 -13.3965 47.8625
      vertex 14.3703 -17.847 47.3173
      vertex 15.362 -16.1078 47.4503
    endloop
  endfacet
  facet normal 0.0652643 -0.113042 0.991444
    outer loop
      vertex 13.7966 -13.3965 47.8625
      vertex 8.27083 -21.3685 47.3173
      vertex 14.3703 -17.847 47.3173
    endloop
  endfacet
  facet normal 0.0652656 -0.113043 0.991444
    outer loop
      vertex 4.70337 -18.6465 47.8625
      vertex 8.27083 -21.3685 47.3173
      vertex 13.7966 -13.3965 47.8625
    endloop
  endfacet
  facet normal 0.0652593 -0.113051 0.991444
    outer loop
      vertex 8.27083 -21.3685 47.3173
      vertex 4.70337 -18.6465 47.8625
      vertex 6.26878 -21.3578 47.4503
    endloop
  endfacet
  facet normal 0.191345 -0.331423 0.923875
    outer loop
      vertex 14.3703 -17.847 47.3173
      vertex 8.27083 -21.3685 47.3173
      vertex 12.3777 -21.4388 46.4415
    endloop
  endfacet
  facet normal 0.30435 -0.527156 -0.793396
    outer loop
      vertex 13.666 -23.6703 18.6445
      vertex 11.9131 -23.7215 18.0061
      vertex 14.5869 -22.1778 18.0061
    endloop
  endfacet
  facet normal 0.191334 -0.331414 -0.923881
    outer loop
      vertex 14.5869 -22.1778 18.0061
      vertex 15.8672 -16.9828 16.4077
      vertex 16.7663 -18.54 17.1525
    endloop
  endfacet
  facet normal 0.19134 -0.331415 -0.923879
    outer loop
      vertex 11.9131 -23.7215 18.0061
      vertex 15.8672 -16.9828 16.4077
      vertex 14.5869 -22.1778 18.0061
    endloop
  endfacet
  facet normal 0.191346 -0.331409 -0.92388
    outer loop
      vertex 6.77392 -22.2328 16.4077
      vertex 11.9131 -23.7215 18.0061
      vertex 7.673 -23.79 17.1525
    endloop
  endfacet
  facet normal 0.191343 -0.331417 -0.923878
    outer loop
      vertex 11.9131 -23.7215 18.0061
      vertex 6.77392 -22.2328 16.4077
      vertex 15.8672 -16.9828 16.4077
    endloop
  endfacet
  facet normal 0.0652642 -0.113041 -0.991445
    outer loop
      vertex 6.77392 -22.2328 16.4077
      vertex 13.7966 -13.3965 15.8625
      vertex 15.8672 -16.9828 16.4077
    endloop
  endfacet
  facet normal 0.0652649 -0.113042 -0.991444
    outer loop
      vertex 13.7966 -13.3965 15.8625
      vertex 6.77392 -22.2328 16.4077
      vertex 4.70337 -18.6465 15.8625
    endloop
  endfacet
  facet normal 0.500002 -0.866025 0
    outer loop
      vertex 4.70337 -18.6465 -1.90735e-07
      vertex 13.7966 -13.3965 15.8625
      vertex 4.70337 -18.6465 15.8625
    endloop
  endfacet
  facet normal 0.500002 -0.866025 0
    outer loop
      vertex 13.7966 -13.3965 15.8625
      vertex 4.70337 -18.6465 -1.90735e-07
      vertex 13.7966 -13.3965 -1.90735e-07
    endloop
  endfacet
  facet normal -0.863251 0.498392 0.0800203
    outer loop
      vertex -25.0744 4.10772 17.4156
      vertex -21.6308 5.25 47.4503
      vertex -9.75 16.8875 103.137
    endloop
  endfacet
  facet normal -0.863246 0.4984 0.0800195
    outer loop
      vertex -27.3321 0 18.6445
      vertex -21.6308 5.25 47.4503
      vertex -25.0744 4.10772 17.4156
    endloop
  endfacet
  facet normal -0.863276 0.498372 0.0798707
    outer loop
      vertex -27.3321 0 18.6445
      vertex -25.0744 4.10772 17.4156
      vertex -26.5 1.54367 18.0061
    endloop
  endfacet
  facet normal -0.863243 0.498407 0.0800175
    outer loop
      vertex -21.6308 5.25 47.4503
      vertex -27.3321 0 18.6445
      vertex -22.6411 3.52151 47.3173
    endloop
  endfacet
  facet normal -0.863251 0.498391 0.0800209
    outer loop
      vertex -22.6411 3.52151 47.3173
      vertex -27.3321 0 18.6445
      vertex -24.7554 0 46.4415
    endloop
  endfacet
  facet normal -0.863247 0.498399 0.0800181
    outer loop
      vertex -18.6141 5.25 79.9949
      vertex -9.75 16.8875 103.137
      vertex -21.6308 5.25 47.4503
    endloop
  endfacet
  facet normal -0.863245 0.498402 0.080016
    outer loop
      vertex -21.351 0 83.1692
      vertex -9.75 16.8875 103.137
      vertex -18.6141 5.25 79.9949
    endloop
  endfacet
  facet normal -0.863248 0.498396 0.0800225
    outer loop
      vertex -9.75 16.8875 103.137
      vertex -21.351 0 83.1692
      vertex -19.5 0 103.137
    endloop
  endfacet
  facet normal -0.86327 0.49836 0.080019
    outer loop
      vertex -16.7663 18.54 17.1525
      vertex -15.362 16.1078 47.4503
      vertex -14.3703 17.847 47.3173
    endloop
  endfacet
  facet normal -0.863248 0.498397 0.0800171
    outer loop
      vertex -24.4393 5.25 17.1525
      vertex -16.7663 18.54 17.1525
      vertex -17.4193 19.6712 3.06191
    endloop
  endfacet
  facet normal -0.863248 0.498397 0.080021
    outer loop
      vertex -16.7663 18.54 17.1525
      vertex -24.4393 5.25 17.1525
      vertex -15.362 16.1078 47.4503
    endloop
  endfacet
  facet normal -0.86325 0.498393 0.0800233
    outer loop
      vertex -25.0744 4.10772 17.4156
      vertex -15.362 16.1078 47.4503
      vertex -24.4393 5.25 17.1525
    endloop
  endfacet
  facet normal -0.863244 0.498405 0.0800162
    outer loop
      vertex -15.362 16.1078 47.4503
      vertex -25.0744 4.10772 17.4156
      vertex -14.0294 13.7996 76.2042
    endloop
  endfacet
  facet normal -0.863249 0.498397 0.0800163
    outer loop
      vertex -24.4393 5.25 17.1525
      vertex -17.4193 19.6712 3.06191
      vertex -26.0292 5.25 -1.90735e-07
    endloop
  endfacet
  facet normal -0.863248 0.498397 0.0800157
    outer loop
      vertex -26.0292 5.25 -1.90735e-07
      vertex -17.4193 19.6712 3.06191
      vertex -17.5612 19.917 -1.90735e-07
    endloop
  endfacet
  facet normal -0.863242 0.498408 0.0800199
    outer loop
      vertex -14.5869 22.1778 18.0061
      vertex -12.3777 21.4388 46.4415
      vertex -13.666 23.6703 18.6445
    endloop
  endfacet
  facet normal -0.863249 0.498395 0.0800201
    outer loop
      vertex -16.7663 18.54 17.1525
      vertex -12.3777 21.4388 46.4415
      vertex -14.5869 22.1778 18.0061
    endloop
  endfacet
  facet normal -0.863243 0.498407 0.0800179
    outer loop
      vertex -12.3777 21.4388 46.4415
      vertex -16.7663 18.54 17.1525
      vertex -14.3703 17.847 47.3173
    endloop
  endfacet
  facet normal -0.863251 0.498392 0.0800219
    outer loop
      vertex -13.8537 13.4953 79.9949
      vertex -9.75 16.8875 103.137
      vertex -10.6755 18.4905 83.1692
    endloop
  endfacet
  facet normal -0.863247 0.4984 0.0800177
    outer loop
      vertex -14.0294 13.7996 76.2042
      vertex -25.0744 4.10772 17.4156
      vertex -13.9012 13.5776 78.97
    endloop
  endfacet
  facet normal -0.863519 0.497909 0.0801403
    outer loop
      vertex -13.8537 13.4953 79.9949
      vertex -25.0744 4.10772 17.4156
      vertex -9.75 16.8875 103.137
    endloop
  endfacet
  facet normal -0.863268 0.498361 0.0800276
    outer loop
      vertex -13.9012 13.5776 78.97
      vertex -25.0744 4.10772 17.4156
      vertex -13.8537 13.4953 79.9949
    endloop
  endfacet
  facet normal -0.661692 0.382028 0.64515
    outer loop
      vertex 0 0 123.137
      vertex -9.75 16.8875 103.137
      vertex -19.5 0 103.137
    endloop
  endfacet
  facet normal -5.00221e-06 0.996793 0.0800216
    outer loop
      vertex 4.76042 18.7453 79.9949
      vertex 9.75 16.8875 103.137
      vertex 10.6755 18.4905 83.1692
    endloop
  endfacet
  facet normal 0 0.996793 0.0800205
    outer loop
      vertex 9.75 16.8875 103.137
      vertex 4.76042 18.7453 79.9949
      vertex -9.75 16.8875 103.137
    endloop
  endfacet
  facet normal -0 0.996793 0.0800205
    outer loop
      vertex -4.76042 18.7453 79.9949
      vertex -9.75 16.8875 103.137
      vertex 4.76042 18.7453 79.9949
    endloop
  endfacet
  facet normal 5.00221e-06 0.996793 0.0800216
    outer loop
      vertex -9.75 16.8875 103.137
      vertex -4.76042 18.7453 79.9949
      vertex -10.6755 18.4905 83.1692
    endloop
  endfacet
  facet normal 0 0.996791 0.0800429
    outer loop
      vertex 4.80792 18.8276 78.97
      vertex -4.76042 18.7453 79.9949
      vertex 4.76042 18.7453 79.9949
    endloop
  endfacet
  facet normal 0 0.996791 0.0800429
    outer loop
      vertex 4.80792 18.8276 78.97
      vertex -4.80792 18.8276 78.97
      vertex -4.76042 18.7453 79.9949
    endloop
  endfacet
  facet normal 0 0.996794 0.0800088
    outer loop
      vertex 4.93611 19.0496 76.2042
      vertex -4.80792 18.8276 78.97
      vertex 4.80792 18.8276 78.97
    endloop
  endfacet
  facet normal 0 0.996794 0.0800088
    outer loop
      vertex 4.93611 19.0496 76.2042
      vertex -4.93611 19.0496 76.2042
      vertex -4.80792 18.8276 78.97
    endloop
  endfacet
  facet normal 0 0.996794 0.0800169
    outer loop
      vertex 6.26878 21.3578 47.4503
      vertex -4.93611 19.0496 76.2042
      vertex 4.93611 19.0496 76.2042
    endloop
  endfacet
  facet normal 0 0.996794 0.0800169
    outer loop
      vertex 6.26878 21.3578 47.4503
      vertex -6.26878 21.3578 47.4503
      vertex -4.93611 19.0496 76.2042
    endloop
  endfacet
  facet normal -1.16023e-05 0.996793 0.0800185
    outer loop
      vertex 7.673 23.79 17.1525
      vertex 6.26878 21.3578 47.4503
      vertex 8.27083 21.3685 47.3173
    endloop
  endfacet
  facet normal 0 0.996793 0.080019
    outer loop
      vertex 6.26878 21.3578 47.4503
      vertex 7.673 23.79 17.1525
      vertex -6.26878 21.3578 47.4503
    endloop
  endfacet
  facet normal 1.53142e-06 0.996793 0.0800193
    outer loop
      vertex 11.9131 23.7215 18.0061
      vertex 8.27083 21.3685 47.3173
      vertex 12.3777 21.4388 46.4415
    endloop
  endfacet
  facet normal -0 0.996793 0.080019
    outer loop
      vertex -7.673 23.79 17.1525
      vertex -6.26878 21.3578 47.4503
      vertex 7.673 23.79 17.1525
    endloop
  endfacet
  facet normal -2.78269e-05 0.996793 0.0800197
    outer loop
      vertex 11.9131 23.7215 18.0061
      vertex 12.3777 21.4388 46.4415
      vertex 13.666 23.6703 18.6445
    endloop
  endfacet
  facet normal 1.16023e-05 0.996793 0.0800185
    outer loop
      vertex -6.26878 21.3578 47.4503
      vertex -7.673 23.79 17.1525
      vertex -8.27083 21.3685 47.3173
    endloop
  endfacet
  facet normal -5.50542e-06 0.996793 0.0800184
    outer loop
      vertex 8.27083 21.3685 47.3173
      vertex 11.9131 23.7215 18.0061
      vertex 7.673 23.79 17.1525
    endloop
  endfacet
  facet normal 5.50542e-06 0.996793 0.0800184
    outer loop
      vertex -11.9131 23.7215 18.0061
      vertex -8.27083 21.3685 47.3173
      vertex -7.673 23.79 17.1525
    endloop
  endfacet
  facet normal -1.53142e-06 0.996793 0.0800193
    outer loop
      vertex -8.27083 21.3685 47.3173
      vertex -11.9131 23.7215 18.0061
      vertex -12.3777 21.4388 46.4415
    endloop
  endfacet
  facet normal 2.78269e-05 0.996793 0.0800197
    outer loop
      vertex -12.3777 21.4388 46.4415
      vertex -11.9131 23.7215 18.0061
      vertex -13.666 23.6703 18.6445
    endloop
  endfacet
  facet normal 0 0.996793 0.080023
    outer loop
      vertex 8.32606 24.9212 3.0619
      vertex -7.673 23.79 17.1525
      vertex 7.673 23.79 17.1525
    endloop
  endfacet
  facet normal 0 0.996793 0.080023
    outer loop
      vertex 8.32606 24.9212 3.0619
      vertex -8.32606 24.9212 3.0619
      vertex -7.673 23.79 17.1525
    endloop
  endfacet
  facet normal 0 0.996793 0.0800195
    outer loop
      vertex 8.46797 25.167 -1.90735e-07
      vertex -8.32606 24.9212 3.0619
      vertex 8.32606 24.9212 3.0619
    endloop
  endfacet
  facet normal 0 0.996793 0.0800195
    outer loop
      vertex -8.32606 24.9212 3.0619
      vertex 8.46797 25.167 -1.90735e-07
      vertex -8.46797 25.167 -1.90735e-07
    endloop
  endfacet
  facet normal 0 0.764056 0.64515
    outer loop
      vertex 0 0 123.137
      vertex 9.75 16.8875 103.137
      vertex -9.75 16.8875 103.137
    endloop
  endfacet
  facet normal 0.863251 0.498392 0.0800219
    outer loop
      vertex 9.75 16.8875 103.137
      vertex 13.8537 13.4953 79.9949
      vertex 10.6755 18.4905 83.1692
    endloop
  endfacet
  facet normal 0.863248 0.498396 0.0800209
    outer loop
      vertex 13.8537 13.4953 79.9949
      vertex 9.75 16.8875 103.137
      vertex 19.5 0 103.137
    endloop
  endfacet
  facet normal 0.863245 0.498402 0.0800195
    outer loop
      vertex 16.0946 19.6612 17.4156
      vertex 13.666 23.6703 18.6445
      vertex 12.3777 21.4388 46.4415
    endloop
  endfacet
  facet normal 0.86325 0.498381 0.0800966
    outer loop
      vertex 13.666 23.6703 18.6445
      vertex 16.0946 19.6612 17.4156
      vertex 14.5869 22.1778 18.0061
    endloop
  endfacet
  facet normal 0.863243 0.498407 0.0800188
    outer loop
      vertex 14.3703 17.847 47.3173
      vertex 16.0946 19.6612 17.4156
      vertex 12.3777 21.4388 46.4415
    endloop
  endfacet
  facet normal 0.86327 0.49836 0.0800175
    outer loop
      vertex 15.362 16.1078 47.4503
      vertex 16.0946 19.6612 17.4156
      vertex 14.3703 17.847 47.3173
    endloop
  endfacet
  facet normal 0.863252 0.498391 0.0800172
    outer loop
      vertex 19.5 0 103.137
      vertex 14.0294 13.7996 76.2042
      vertex 13.9012 13.5776 78.97
    endloop
  endfacet
  facet normal 0.86324 0.49841 0.0800228
    outer loop
      vertex 15.362 16.1078 47.4503
      vertex 19.5 0 103.137
      vertex 16.0946 19.6612 17.4156
    endloop
  endfacet
  facet normal 0.863254 0.498388 0.0800153
    outer loop
      vertex 14.0294 13.7996 76.2042
      vertex 19.5 0 103.137
      vertex 15.362 16.1078 47.4503
    endloop
  endfacet
  facet normal 0.86324 0.498409 0.0800302
    outer loop
      vertex 19.5 0 103.137
      vertex 13.9012 13.5776 78.97
      vertex 13.8537 13.4953 79.9949
    endloop
  endfacet
  facet normal 0.863243 0.498407 0.0800175
    outer loop
      vertex 27.3321 0 18.6445
      vertex 21.6308 5.25 47.4503
      vertex 22.6411 3.52151 47.3173
    endloop
  endfacet
  facet normal 0.863251 0.498392 0.0800203
    outer loop
      vertex 21.6308 5.25 47.4503
      vertex 26.5 1.54367 18.0061
      vertex 24.4393 5.25 17.1525
    endloop
  endfacet
  facet normal 0.863251 0.498391 0.0800209
    outer loop
      vertex 27.3321 0 18.6445
      vertex 22.6411 3.52151 47.3173
      vertex 24.7554 0 46.4415
    endloop
  endfacet
  facet normal 0.86324 0.498412 0.080016
    outer loop
      vertex 21.6308 5.25 47.4503
      vertex 27.3321 0 18.6445
      vertex 26.5 1.54367 18.0061
    endloop
  endfacet
  facet normal 0.86325 0.498394 0.0800184
    outer loop
      vertex 21.6308 5.25 47.4503
      vertex 16.0946 19.6612 17.4156
      vertex 18.6141 5.25 79.9949
    endloop
  endfacet
  facet normal 0.863133 0.498589 0.0800681
    outer loop
      vertex 19.5 0 103.137
      vertex 18.6141 5.25 79.9949
      vertex 16.0946 19.6612 17.4156
    endloop
  endfacet
  facet normal 0.863243 0.498405 0.080022
    outer loop
      vertex 18.6141 5.25 79.9949
      vertex 19.5 0 103.137
      vertex 21.351 0 83.1692
    endloop
  endfacet
  facet normal 0.863253 0.49839 0.080016
    outer loop
      vertex 16.0946 19.6612 17.4156
      vertex 21.6308 5.25 47.4503
      vertex 16.7663 18.54 17.1525
    endloop
  endfacet
  facet normal 0.863248 0.498397 0.0800201
    outer loop
      vertex 24.4393 5.25 17.1525
      vertex 16.7663 18.54 17.1525
      vertex 21.6308 5.25 47.4503
    endloop
  endfacet
  facet normal 0.863248 0.498397 0.0800171
    outer loop
      vertex 16.7663 18.54 17.1525
      vertex 24.4393 5.25 17.1525
      vertex 17.4193 19.6712 3.06191
    endloop
  endfacet
  facet normal 0.863249 0.498397 0.0800163
    outer loop
      vertex 26.0292 5.25 -1.90735e-07
      vertex 17.4193 19.6712 3.06191
      vertex 24.4393 5.25 17.1525
    endloop
  endfacet
  facet normal 0.863248 0.498397 0.0800157
    outer loop
      vertex 17.4193 19.6712 3.06191
      vertex 26.0292 5.25 -1.90735e-07
      vertex 17.5612 19.917 -1.90735e-07
    endloop
  endfacet
  facet normal 0.661692 0.382028 0.64515
    outer loop
      vertex 19.5 0 103.137
      vertex 9.75 16.8875 103.137
      vertex 0 0 123.137
    endloop
  endfacet
  facet normal 0.863248 -0.498396 0.0800225
    outer loop
      vertex 9.75 -16.8875 103.137
      vertex 21.351 0 83.1692
      vertex 19.5 0 103.137
    endloop
  endfacet
  facet normal 0.863247 -0.498399 0.0800181
    outer loop
      vertex 18.6141 -5.25 79.9949
      vertex 9.75 -16.8875 103.137
      vertex 21.6308 -5.25 47.4503
    endloop
  endfacet
  facet normal 0.863245 -0.498402 0.080016
    outer loop
      vertex 21.351 0 83.1692
      vertex 9.75 -16.8875 103.137
      vertex 18.6141 -5.25 79.9949
    endloop
  endfacet
  facet normal 0.863251 -0.498391 0.0800209
    outer loop
      vertex 22.6411 -3.52151 47.3173
      vertex 27.3321 0 18.6445
      vertex 24.7554 0 46.4415
    endloop
  endfacet
  facet normal 0.863243 -0.498407 0.0800175
    outer loop
      vertex 21.6308 -5.25 47.4503
      vertex 27.3321 0 18.6445
      vertex 22.6411 -3.52151 47.3173
    endloop
  endfacet
  facet normal 0.863246 -0.4984 0.0800195
    outer loop
      vertex 25.0744 -4.10772 17.4156
      vertex 27.3321 0 18.6445
      vertex 21.6308 -5.25 47.4503
    endloop
  endfacet
  facet normal 0.863276 -0.498372 0.0798707
    outer loop
      vertex 27.3321 0 18.6445
      vertex 25.0744 -4.10772 17.4156
      vertex 26.5 -1.54367 18.0061
    endloop
  endfacet
  facet normal 0.863251 -0.498392 0.0800203
    outer loop
      vertex 25.0744 -4.10772 17.4156
      vertex 21.6308 -5.25 47.4503
      vertex 9.75 -16.8875 103.137
    endloop
  endfacet
  facet normal 0.863243 -0.498407 0.0800179
    outer loop
      vertex 12.3777 -21.4388 46.4415
      vertex 16.7663 -18.54 17.1525
      vertex 14.3703 -17.847 47.3173
    endloop
  endfacet
  facet normal 0.863249 -0.498395 0.0800201
    outer loop
      vertex 12.3777 -21.4388 46.4415
      vertex 14.5869 -22.1778 18.0061
      vertex 16.7663 -18.54 17.1525
    endloop
  endfacet
  facet normal 0.863242 -0.498408 0.0800199
    outer loop
      vertex 14.5869 -22.1778 18.0061
      vertex 12.3777 -21.4388 46.4415
      vertex 13.666 -23.6703 18.6445
    endloop
  endfacet
  facet normal 0.863247 -0.4984 0.0800177
    outer loop
      vertex 14.0294 -13.7996 76.2042
      vertex 25.0744 -4.10772 17.4156
      vertex 13.9012 -13.5776 78.97
    endloop
  endfacet
  facet normal 0.863268 -0.498361 0.0800276
    outer loop
      vertex 13.9012 -13.5776 78.97
      vertex 25.0744 -4.10772 17.4156
      vertex 13.8537 -13.4953 79.9949
    endloop
  endfacet
  facet normal 0.863519 -0.497909 0.0801403
    outer loop
      vertex 9.75 -16.8875 103.137
      vertex 13.8537 -13.4953 79.9949
      vertex 25.0744 -4.10772 17.4156
    endloop
  endfacet
  facet normal 0.863251 -0.498392 0.0800219
    outer loop
      vertex 13.8537 -13.4953 79.9949
      vertex 9.75 -16.8875 103.137
      vertex 10.6755 -18.4905 83.1692
    endloop
  endfacet
  facet normal 0.863244 -0.498405 0.0800162
    outer loop
      vertex 15.362 -16.1078 47.4503
      vertex 25.0744 -4.10772 17.4156
      vertex 14.0294 -13.7996 76.2042
    endloop
  endfacet
  facet normal 0.86325 -0.498393 0.0800233
    outer loop
      vertex 25.0744 -4.10772 17.4156
      vertex 15.362 -16.1078 47.4503
      vertex 24.4393 -5.25 17.1525
    endloop
  endfacet
  facet normal 0.863248 -0.498397 0.080021
    outer loop
      vertex 16.7663 -18.54 17.1525
      vertex 24.4393 -5.25 17.1525
      vertex 15.362 -16.1078 47.4503
    endloop
  endfacet
  facet normal 0.86327 -0.49836 0.080019
    outer loop
      vertex 16.7663 -18.54 17.1525
      vertex 15.362 -16.1078 47.4503
      vertex 14.3703 -17.847 47.3173
    endloop
  endfacet
  facet normal 0.863248 -0.498397 0.0800171
    outer loop
      vertex 17.4193 -19.6712 3.06191
      vertex 24.4393 -5.25 17.1525
      vertex 16.7663 -18.54 17.1525
    endloop
  endfacet
  facet normal 0.863249 -0.498397 0.0800163
    outer loop
      vertex 24.4393 -5.25 17.1525
      vertex 17.4193 -19.6712 3.06191
      vertex 26.0292 -5.25 -1.90735e-07
    endloop
  endfacet
  facet normal 0.863248 -0.498397 0.0800157
    outer loop
      vertex 26.0292 -5.25 -1.90735e-07
      vertex 17.4193 -19.6712 3.06191
      vertex 17.5612 -19.917 -1.90735e-07
    endloop
  endfacet
  facet normal 0.661692 -0.382028 0.64515
    outer loop
      vertex 9.75 -16.8875 103.137
      vertex 19.5 0 103.137
      vertex 0 0 123.137
    endloop
  endfacet
  facet normal 5.00221e-06 -0.996793 0.0800216
    outer loop
      vertex -4.76042 -18.7453 79.9949
      vertex -9.75 -16.8875 103.137
      vertex -10.6755 -18.4905 83.1692
    endloop
  endfacet
  facet normal 0 -0.996793 0.0800205
    outer loop
      vertex -9.75 -16.8875 103.137
      vertex -4.76042 -18.7453 79.9949
      vertex 9.75 -16.8875 103.137
    endloop
  endfacet
  facet normal 0 -0.996793 0.0800205
    outer loop
      vertex 4.76042 -18.7453 79.9949
      vertex 9.75 -16.8875 103.137
      vertex -4.76042 -18.7453 79.9949
    endloop
  endfacet
  facet normal -5.00221e-06 -0.996793 0.0800216
    outer loop
      vertex 9.75 -16.8875 103.137
      vertex 4.76042 -18.7453 79.9949
      vertex 10.6755 -18.4905 83.1692
    endloop
  endfacet
  facet normal 0 -0.996791 0.0800429
    outer loop
      vertex -4.80792 -18.8276 78.97
      vertex 4.76042 -18.7453 79.9949
      vertex -4.76042 -18.7453 79.9949
    endloop
  endfacet
  facet normal 0 -0.996791 0.0800429
    outer loop
      vertex -4.80792 -18.8276 78.97
      vertex 4.80792 -18.8276 78.97
      vertex 4.76042 -18.7453 79.9949
    endloop
  endfacet
  facet normal 0 -0.996794 0.0800088
    outer loop
      vertex -4.93611 -19.0496 76.2042
      vertex 4.80792 -18.8276 78.97
      vertex -4.80792 -18.8276 78.97
    endloop
  endfacet
  facet normal 0 -0.996794 0.0800088
    outer loop
      vertex -4.93611 -19.0496 76.2042
      vertex 4.93611 -19.0496 76.2042
      vertex 4.80792 -18.8276 78.97
    endloop
  endfacet
  facet normal 0 -0.996794 0.0800169
    outer loop
      vertex -6.26878 -21.3578 47.4503
      vertex 4.93611 -19.0496 76.2042
      vertex -4.93611 -19.0496 76.2042
    endloop
  endfacet
  facet normal 0 -0.996794 0.0800169
    outer loop
      vertex -6.26878 -21.3578 47.4503
      vertex 6.26878 -21.3578 47.4503
      vertex 4.93611 -19.0496 76.2042
    endloop
  endfacet
  facet normal 1.16023e-05 -0.996793 0.0800185
    outer loop
      vertex -7.673 -23.79 17.1525
      vertex -6.26878 -21.3578 47.4503
      vertex -8.27083 -21.3685 47.3173
    endloop
  endfacet
  facet normal 0 -0.996793 0.080019
    outer loop
      vertex -6.26878 -21.3578 47.4503
      vertex -7.673 -23.79 17.1525
      vertex 6.26878 -21.3578 47.4503
    endloop
  endfacet
  facet normal -1.53142e-06 -0.996793 0.0800193
    outer loop
      vertex -11.9131 -23.7215 18.0061
      vertex -8.27083 -21.3685 47.3173
      vertex -12.3777 -21.4388 46.4415
    endloop
  endfacet
  facet normal 0 -0.996793 0.080019
    outer loop
      vertex 7.673 -23.79 17.1525
      vertex 6.26878 -21.3578 47.4503
      vertex -7.673 -23.79 17.1525
    endloop
  endfacet
  facet normal 2.78269e-05 -0.996793 0.0800197
    outer loop
      vertex -11.9131 -23.7215 18.0061
      vertex -12.3777 -21.4388 46.4415
      vertex -13.666 -23.6703 18.6445
    endloop
  endfacet
  facet normal -1.16023e-05 -0.996793 0.0800185
    outer loop
      vertex 6.26878 -21.3578 47.4503
      vertex 7.673 -23.79 17.1525
      vertex 8.27083 -21.3685 47.3173
    endloop
  endfacet
  facet normal 5.50542e-06 -0.996793 0.0800184
    outer loop
      vertex -8.27083 -21.3685 47.3173
      vertex -11.9131 -23.7215 18.0061
      vertex -7.673 -23.79 17.1525
    endloop
  endfacet
  facet normal -5.50542e-06 -0.996793 0.0800184
    outer loop
      vertex 11.9131 -23.7215 18.0061
      vertex 8.27083 -21.3685 47.3173
      vertex 7.673 -23.79 17.1525
    endloop
  endfacet
  facet normal 1.53142e-06 -0.996793 0.0800193
    outer loop
      vertex 8.27083 -21.3685 47.3173
      vertex 11.9131 -23.7215 18.0061
      vertex 12.3777 -21.4388 46.4415
    endloop
  endfacet
  facet normal -2.78269e-05 -0.996793 0.0800197
    outer loop
      vertex 12.3777 -21.4388 46.4415
      vertex 11.9131 -23.7215 18.0061
      vertex 13.666 -23.6703 18.6445
    endloop
  endfacet
  facet normal 0 -0.996793 0.080023
    outer loop
      vertex -8.32606 -24.9212 3.0619
      vertex 7.673 -23.79 17.1525
      vertex -7.673 -23.79 17.1525
    endloop
  endfacet
  facet normal 0 -0.996793 0.080023
    outer loop
      vertex -8.32606 -24.9212 3.0619
      vertex 8.32606 -24.9212 3.0619
      vertex 7.673 -23.79 17.1525
    endloop
  endfacet
  facet normal 0 -0.996793 0.0800195
    outer loop
      vertex -8.46797 -25.167 -1.90735e-07
      vertex 8.32606 -24.9212 3.0619
      vertex -8.32606 -24.9212 3.0619
    endloop
  endfacet
  facet normal 0 -0.996793 0.0800195
    outer loop
      vertex 8.32606 -24.9212 3.0619
      vertex -8.46797 -25.167 -1.90735e-07
      vertex 8.46797 -25.167 -1.90735e-07
    endloop
  endfacet
  facet normal 0 -0.764056 0.64515
    outer loop
      vertex 9.75 -16.8875 103.137
      vertex 0 0 123.137
      vertex -9.75 -16.8875 103.137
    endloop
  endfacet
  facet normal -0.86324 -0.498409 0.0800302
    outer loop
      vertex -19.5 0 103.137
      vertex -13.9012 -13.5776 78.97
      vertex -13.8537 -13.4953 79.9949
    endloop
  endfacet
  facet normal -0.863252 -0.498391 0.0800172
    outer loop
      vertex -19.5 0 103.137
      vertex -14.0294 -13.7996 76.2042
      vertex -13.9012 -13.5776 78.97
    endloop
  endfacet
  facet normal -0.863254 -0.498388 0.0800153
    outer loop
      vertex -19.5 0 103.137
      vertex -15.362 -16.1078 47.4503
      vertex -14.0294 -13.7996 76.2042
    endloop
  endfacet
  facet normal -0.86324 -0.49841 0.0800228
    outer loop
      vertex -16.0946 -19.6612 17.4156
      vertex -15.362 -16.1078 47.4503
      vertex -19.5 0 103.137
    endloop
  endfacet
  facet normal -0.86327 -0.49836 0.0800175
    outer loop
      vertex -16.0946 -19.6612 17.4156
      vertex -14.3703 -17.847 47.3173
      vertex -15.362 -16.1078 47.4503
    endloop
  endfacet
  facet normal -0.863243 -0.498407 0.0800188
    outer loop
      vertex -16.0946 -19.6612 17.4156
      vertex -12.3777 -21.4388 46.4415
      vertex -14.3703 -17.847 47.3173
    endloop
  endfacet
  facet normal -0.86325 -0.498381 0.0800966
    outer loop
      vertex -13.666 -23.6703 18.6445
      vertex -16.0946 -19.6612 17.4156
      vertex -14.5869 -22.1778 18.0061
    endloop
  endfacet
  facet normal -0.863245 -0.498402 0.0800195
    outer loop
      vertex -16.0946 -19.6612 17.4156
      vertex -13.666 -23.6703 18.6445
      vertex -12.3777 -21.4388 46.4415
    endloop
  endfacet
  facet normal -0.863248 -0.498396 0.0800209
    outer loop
      vertex -13.8537 -13.4953 79.9949
      vertex -9.75 -16.8875 103.137
      vertex -19.5 0 103.137
    endloop
  endfacet
  facet normal -0.863251 -0.498392 0.0800219
    outer loop
      vertex -9.75 -16.8875 103.137
      vertex -13.8537 -13.4953 79.9949
      vertex -10.6755 -18.4905 83.1692
    endloop
  endfacet
  facet normal -0.863249 -0.498397 0.0800163
    outer loop
      vertex -17.4193 -19.6712 3.06191
      vertex -24.4393 -5.25 17.1525
      vertex -26.0292 -5.25 -1.90735e-07
    endloop
  endfacet
  facet normal -0.863248 -0.498397 0.0800201
    outer loop
      vertex -24.4393 -5.25 17.1525
      vertex -16.7663 -18.54 17.1525
      vertex -21.6308 -5.25 47.4503
    endloop
  endfacet
  facet normal -0.863253 -0.49839 0.080016
    outer loop
      vertex -16.0946 -19.6612 17.4156
      vertex -21.6308 -5.25 47.4503
      vertex -16.7663 -18.54 17.1525
    endloop
  endfacet
  facet normal -0.863248 -0.498397 0.0800171
    outer loop
      vertex -24.4393 -5.25 17.1525
      vertex -17.4193 -19.6712 3.06191
      vertex -16.7663 -18.54 17.1525
    endloop
  endfacet
  facet normal -0.863248 -0.498397 0.0800157
    outer loop
      vertex -17.4193 -19.6712 3.06191
      vertex -26.0292 -5.25 -1.90735e-07
      vertex -17.5612 -19.917 -1.90735e-07
    endloop
  endfacet
  facet normal -0.86324 -0.498412 0.080016
    outer loop
      vertex -21.6308 -5.25 47.4503
      vertex -27.3321 0 18.6445
      vertex -26.5 -1.54367 18.0061
    endloop
  endfacet
  facet normal -0.863251 -0.498391 0.0800209
    outer loop
      vertex -27.3321 0 18.6445
      vertex -22.6411 -3.52151 47.3173
      vertex -24.7554 0 46.4415
    endloop
  endfacet
  facet normal -0.863251 -0.498392 0.0800203
    outer loop
      vertex -21.6308 -5.25 47.4503
      vertex -26.5 -1.54367 18.0061
      vertex -24.4393 -5.25 17.1525
    endloop
  endfacet
  facet normal -0.863243 -0.498407 0.0800175
    outer loop
      vertex -27.3321 0 18.6445
      vertex -21.6308 -5.25 47.4503
      vertex -22.6411 -3.52151 47.3173
    endloop
  endfacet
  facet normal -0.863243 -0.498405 0.080022
    outer loop
      vertex -18.6141 -5.25 79.9949
      vertex -19.5 0 103.137
      vertex -21.351 0 83.1692
    endloop
  endfacet
  facet normal -0.863133 -0.498589 0.0800681
    outer loop
      vertex -18.6141 -5.25 79.9949
      vertex -16.0946 -19.6612 17.4156
      vertex -19.5 0 103.137
    endloop
  endfacet
  facet normal -0.86325 -0.498394 0.0800184
    outer loop
      vertex -21.6308 -5.25 47.4503
      vertex -16.0946 -19.6612 17.4156
      vertex -18.6141 -5.25 79.9949
    endloop
  endfacet
  facet normal -0.661692 -0.382028 0.64515
    outer loop
      vertex -9.75 -16.8875 103.137
      vertex 0 0 123.137
      vertex -19.5 0 103.137
    endloop
  endfacet
  facet normal -0.615298 0.788295 0
    outer loop
      vertex 8.61823 -10.5013 -1.90735e-07
      vertex 8.09257 -10.9116 101.137
      vertex 8.61823 -10.5013 101.137
    endloop
  endfacet
  facet normal -0.615298 0.788295 0
    outer loop
      vertex 8.09257 -10.9116 101.137
      vertex 8.61823 -10.5013 -1.90735e-07
      vertex 8.09257 -10.9116 -1.90735e-07
    endloop
  endfacet
  facet normal -0.997296 -0.0734876 0
    outer loop
      vertex 13.5686 0.666584 -1.90735e-07
      vertex 13.5196 1.33156 101.137
      vertex 13.5196 1.33156 -1.90735e-07
    endloop
  endfacet
  facet normal -0.997296 -0.0734876 0
    outer loop
      vertex 13.5196 1.33156 101.137
      vertex 13.5686 0.666584 -1.90735e-07
      vertex 13.5686 0.666584 101.137
    endloop
  endfacet
  facet normal -0.999697 -0.0245956 0
    outer loop
      vertex 13.585 0 -1.90735e-07
      vertex 13.5686 0.666584 101.137
      vertex 13.5686 0.666584 -1.90735e-07
    endloop
  endfacet
  facet normal -0.999697 -0.0245956 0
    outer loop
      vertex 13.5686 0.666584 101.137
      vertex 13.585 0 -1.90735e-07
      vertex 13.585 0 101.137
    endloop
  endfacet
  facet normal -0.992483 -0.122379 0
    outer loop
      vertex 13.5196 1.33156 -1.90735e-07
      vertex 13.438 1.99333 101.137
      vertex 13.438 1.99333 -1.90735e-07
    endloop
  endfacet
  facet normal -0.992483 -0.122379 0
    outer loop
      vertex 13.438 1.99333 101.137
      vertex 13.5196 1.33156 -1.90735e-07
      vertex 13.5196 1.33156 101.137
    endloop
  endfacet
  facet normal 0.492941 -0.870063 0
    outer loop
      vertex -6.98409 11.6522 -1.90735e-07
      vertex -6.40392 11.9809 101.137
      vertex -6.98409 11.6522 101.137
    endloop
  endfacet
  facet normal 0.492941 -0.870063 0
    outer loop
      vertex -6.40392 11.9809 101.137
      vertex -6.98409 11.6522 -1.90735e-07
      vertex -6.40392 11.9809 -1.90735e-07
    endloop
  endfacet
  facet normal 0.963753 -0.266797 0
    outer loop
      vertex -13.1779 3.30089 101.137
      vertex -13 3.94352 -1.90735e-07
      vertex -13 3.94352 101.137
    endloop
  endfacet
  facet normal 0.963753 -0.266797 0
    outer loop
      vertex -13 3.94352 -1.90735e-07
      vertex -13.1779 3.30089 101.137
      vertex -13.1779 3.30089 -1.90735e-07
    endloop
  endfacet
  facet normal 0.817612 -0.57577 0
    outer loop
      vertex -11.2955 7.54742 101.137
      vertex -10.9116 8.09257 -1.90735e-07
      vertex -10.9116 8.09257 101.137
    endloop
  endfacet
  facet normal 0.817612 -0.57577 0
    outer loop
      vertex -10.9116 8.09257 -1.90735e-07
      vertex -11.2955 7.54742 101.137
      vertex -11.2955 7.54742 -1.90735e-07
    endloop
  endfacet
  facet normal -0.963753 -0.266797 0
    outer loop
      vertex 13.1779 3.30089 -1.90735e-07
      vertex 13 3.94352 101.137
      vertex 13 3.94352 -1.90735e-07
    endloop
  endfacet
  facet normal -0.963753 -0.266797 0
    outer loop
      vertex 13 3.94352 101.137
      vertex 13.1779 3.30089 -1.90735e-07
      vertex 13.1779 3.30089 101.137
    endloop
  endfacet
  facet normal -0.653147 -0.757231 0
    outer loop
      vertex 8.61823 10.5013 -1.90735e-07
      vertex 9.12313 10.0658 101.137
      vertex 8.61823 10.5013 101.137
    endloop
  endfacet
  facet normal -0.653147 -0.757231 -0
    outer loop
      vertex 9.12313 10.0658 101.137
      vertex 8.61823 10.5013 -1.90735e-07
      vertex 9.12313 10.0658 -1.90735e-07
    endloop
  endfacet
  facet normal 0.914217 0.405225 0
    outer loop
      vertex -12.2807 -5.80834 101.137
      vertex -12.5509 -5.19875 -1.90735e-07
      vertex -12.5509 -5.19875 101.137
    endloop
  endfacet
  facet normal 0.914217 0.405225 0
    outer loop
      vertex -12.5509 -5.19875 -1.90735e-07
      vertex -12.2807 -5.80834 101.137
      vertex -12.2807 -5.80834 -1.90735e-07
    endloop
  endfacet
  facet normal 0.219109 -0.9757 0
    outer loop
      vertex -3.30089 13.1779 -1.90735e-07
      vertex -2.6503 13.324 101.137
      vertex -3.30089 13.1779 101.137
    endloop
  endfacet
  facet normal 0.219109 -0.9757 0
    outer loop
      vertex -2.6503 13.324 101.137
      vertex -3.30089 13.1779 -1.90735e-07
      vertex -2.6503 13.324 -1.90735e-07
    endloop
  endfacet
  facet normal 0.57577 -0.817612 0
    outer loop
      vertex -8.09257 10.9116 -1.90735e-07
      vertex -7.54742 11.2955 101.137
      vertex -8.09257 10.9116 101.137
    endloop
  endfacet
  facet normal 0.57577 -0.817612 0
    outer loop
      vertex -7.54742 11.2955 101.137
      vertex -8.09257 10.9116 -1.90735e-07
      vertex -7.54742 11.2955 -1.90735e-07
    endloop
  endfacet
  facet normal -0.449624 -0.893218 0
    outer loop
      vertex 5.80834 12.2807 -1.90735e-07
      vertex 6.40392 11.9809 101.137
      vertex 5.80834 12.2807 101.137
    endloop
  endfacet
  facet normal -0.449624 -0.893218 -0
    outer loop
      vertex 6.40392 11.9809 101.137
      vertex 5.80834 12.2807 -1.90735e-07
      vertex 6.40392 11.9809 -1.90735e-07
    endloop
  endfacet
  facet normal -0.9757 -0.219109 0
    outer loop
      vertex 13.324 2.6503 -1.90735e-07
      vertex 13.1779 3.30089 101.137
      vertex 13.1779 3.30089 -1.90735e-07
    endloop
  endfacet
  facet normal -0.9757 -0.219109 0
    outer loop
      vertex 13.1779 3.30089 101.137
      vertex 13.324 2.6503 -1.90735e-07
      vertex 13.324 2.6503 101.137
    endloop
  endfacet
  facet normal -0.313603 0.949554 0
    outer loop
      vertex 4.57665 -12.7909 -1.90735e-07
      vertex 3.94352 -13 101.137
      vertex 4.57665 -12.7909 101.137
    endloop
  endfacet
  facet normal -0.313603 0.949554 0
    outer loop
      vertex 3.94352 -13 101.137
      vertex 4.57665 -12.7909 -1.90735e-07
      vertex 3.94352 -13 -1.90735e-07
    endloop
  endfacet
  facet normal -0.757231 0.653147 0
    outer loop
      vertex 10.0658 -9.12313 -1.90735e-07
      vertex 10.5013 -8.61823 101.137
      vertex 10.5013 -8.61823 -1.90735e-07
    endloop
  endfacet
  facet normal -0.757231 0.653147 0
    outer loop
      vertex 10.5013 -8.61823 101.137
      vertex 10.0658 -9.12313 -1.90735e-07
      vertex 10.0658 -9.12313 101.137
    endloop
  endfacet
  facet normal 0.757231 0.653147 0
    outer loop
      vertex -10.0658 -9.12313 101.137
      vertex -10.5013 -8.61823 -1.90735e-07
      vertex -10.5013 -8.61823 101.137
    endloop
  endfacet
  facet normal 0.757231 0.653147 0
    outer loop
      vertex -10.5013 -8.61823 -1.90735e-07
      vertex -10.0658 -9.12313 101.137
      vertex -10.0658 -9.12313 -1.90735e-07
    endloop
  endfacet
  facet normal -0.914217 0.405225 0
    outer loop
      vertex 12.2807 -5.80834 -1.90735e-07
      vertex 12.5509 -5.19875 101.137
      vertex 12.5509 -5.19875 -1.90735e-07
    endloop
  endfacet
  facet normal -0.914217 0.405225 0
    outer loop
      vertex 12.5509 -5.19875 101.137
      vertex 12.2807 -5.80834 -1.90735e-07
      vertex 12.2807 -5.80834 101.137
    endloop
  endfacet
  facet normal -0.788295 -0.615298 0
    outer loop
      vertex 10.9116 8.09257 -1.90735e-07
      vertex 10.5013 8.61823 101.137
      vertex 10.5013 8.61823 -1.90735e-07
    endloop
  endfacet
  facet normal -0.788295 -0.615298 0
    outer loop
      vertex 10.5013 8.61823 101.137
      vertex 10.9116 8.09257 -1.90735e-07
      vertex 10.9116 8.09257 101.137
    endloop
  endfacet
  facet normal 0.170969 0.985276 -0
    outer loop
      vertex -1.99333 -13.438 -1.90735e-07
      vertex -2.6503 -13.324 101.137
      vertex -1.99333 -13.438 101.137
    endloop
  endfacet
  facet normal 0.170969 0.985276 0
    outer loop
      vertex -2.6503 -13.324 101.137
      vertex -1.99333 -13.438 -1.90735e-07
      vertex -2.6503 -13.324 -1.90735e-07
    endloop
  endfacet
  facet normal -0.788295 0.615298 0
    outer loop
      vertex 10.5013 -8.61823 -1.90735e-07
      vertex 10.9116 -8.09257 101.137
      vertex 10.9116 -8.09257 -1.90735e-07
    endloop
  endfacet
  facet normal -0.788295 0.615298 0
    outer loop
      vertex 10.9116 -8.09257 101.137
      vertex 10.5013 -8.61823 -1.90735e-07
      vertex 10.5013 -8.61823 101.137
    endloop
  endfacet
  facet normal 0.893218 -0.449624 0
    outer loop
      vertex -12.2807 5.80834 101.137
      vertex -11.9809 6.40392 -1.90735e-07
      vertex -11.9809 6.40392 101.137
    endloop
  endfacet
  facet normal 0.893218 -0.449624 0
    outer loop
      vertex -11.9809 6.40392 -1.90735e-07
      vertex -12.2807 5.80834 101.137
      vertex -12.2807 5.80834 -1.90735e-07
    endloop
  endfacet
  facet normal -0.870063 0.492941 0
    outer loop
      vertex 11.6522 -6.98409 -1.90735e-07
      vertex 11.9809 -6.40392 101.137
      vertex 11.9809 -6.40392 -1.90735e-07
    endloop
  endfacet
  facet normal -0.870063 0.492941 0
    outer loop
      vertex 11.9809 -6.40392 101.137
      vertex 11.6522 -6.98409 -1.90735e-07
      vertex 11.6522 -6.98409 101.137
    endloop
  endfacet
  facet normal 0.9757 -0.219109 0
    outer loop
      vertex -13.324 2.6503 101.137
      vertex -13.1779 3.30089 -1.90735e-07
      vertex -13.1779 3.30089 101.137
    endloop
  endfacet
  facet normal 0.9757 -0.219109 0
    outer loop
      vertex -13.1779 3.30089 -1.90735e-07
      vertex -13.324 2.6503 101.137
      vertex -13.324 2.6503 -1.90735e-07
    endloop
  endfacet
  facet normal -0.914217 -0.405225 0
    outer loop
      vertex 12.5509 5.19875 -1.90735e-07
      vertex 12.2807 5.80834 101.137
      vertex 12.2807 5.80834 -1.90735e-07
    endloop
  endfacet
  facet normal -0.914217 -0.405225 0
    outer loop
      vertex 12.2807 5.80834 101.137
      vertex 12.5509 5.19875 -1.90735e-07
      vertex 12.5509 5.19875 101.137
    endloop
  endfacet
  facet normal 0.999697 0.0245956 0
    outer loop
      vertex -13.5686 -0.666584 101.137
      vertex -13.585 0 -1.90735e-07
      vertex -13.585 0 101.137
    endloop
  endfacet
  facet normal 0.999697 0.0245956 0
    outer loop
      vertex -13.585 0 -1.90735e-07
      vertex -13.5686 -0.666584 101.137
      vertex -13.5686 -0.666584 -1.90735e-07
    endloop
  endfacet
  facet normal -0.949554 0.313603 0
    outer loop
      vertex 12.7909 -4.57665 -1.90735e-07
      vertex 13 -3.94352 101.137
      vertex 13 -3.94352 -1.90735e-07
    endloop
  endfacet
  facet normal -0.949554 0.313603 0
    outer loop
      vertex 13 -3.94352 101.137
      vertex 12.7909 -4.57665 -1.90735e-07
      vertex 12.7909 -4.57665 101.137
    endloop
  endfacet
  facet normal -0.870063 -0.492941 0
    outer loop
      vertex 11.9809 6.40392 -1.90735e-07
      vertex 11.6522 6.98409 101.137
      vertex 11.6522 6.98409 -1.90735e-07
    endloop
  endfacet
  facet normal -0.870063 -0.492941 0
    outer loop
      vertex 11.6522 6.98409 101.137
      vertex 11.9809 6.40392 -1.90735e-07
      vertex 11.9809 6.40392 101.137
    endloop
  endfacet
  facet normal 0.689534 0.724253 -0
    outer loop
      vertex -9.12313 -10.0658 -1.90735e-07
      vertex -9.60604 -9.60604 101.137
      vertex -9.12313 -10.0658 101.137
    endloop
  endfacet
  facet normal 0.689534 0.724253 0
    outer loop
      vertex -9.60604 -9.60604 101.137
      vertex -9.12313 -10.0658 -1.90735e-07
      vertex -9.60604 -9.60604 -1.90735e-07
    endloop
  endfacet
  facet normal 0.122379 0.992483 -0
    outer loop
      vertex -1.33156 -13.5196 -1.90735e-07
      vertex -1.99333 -13.438 101.137
      vertex -1.33156 -13.5196 101.137
    endloop
  endfacet
  facet normal 0.122379 0.992483 0
    outer loop
      vertex -1.99333 -13.438 101.137
      vertex -1.33156 -13.5196 -1.90735e-07
      vertex -1.99333 -13.438 -1.90735e-07
    endloop
  endfacet
  facet normal 0.615298 -0.788295 0
    outer loop
      vertex -8.61823 10.5013 -1.90735e-07
      vertex -8.09257 10.9116 101.137
      vertex -8.61823 10.5013 101.137
    endloop
  endfacet
  facet normal 0.615298 -0.788295 0
    outer loop
      vertex -8.09257 10.9116 101.137
      vertex -8.61823 10.5013 -1.90735e-07
      vertex -8.09257 10.9116 -1.90735e-07
    endloop
  endfacet
  facet normal 0.0245956 -0.999697 0
    outer loop
      vertex -0.666584 13.5686 -1.90735e-07
      vertex 0 13.585 101.137
      vertex -0.666584 13.5686 101.137
    endloop
  endfacet
  facet normal 0.0245956 -0.999697 0
    outer loop
      vertex 0 13.585 101.137
      vertex -0.666584 13.5686 -1.90735e-07
      vertex 0 13.585 -1.90735e-07
    endloop
  endfacet
  facet normal -0.932978 -0.359934 0
    outer loop
      vertex 12.7909 4.57665 -1.90735e-07
      vertex 12.5509 5.19875 101.137
      vertex 12.5509 5.19875 -1.90735e-07
    endloop
  endfacet
  facet normal -0.932978 -0.359934 0
    outer loop
      vertex 12.5509 5.19875 101.137
      vertex 12.7909 4.57665 -1.90735e-07
      vertex 12.7909 4.57665 101.137
    endloop
  endfacet
  facet normal -0.0734876 0.997296 0
    outer loop
      vertex 1.33156 -13.5196 -1.90735e-07
      vertex 0.666584 -13.5686 101.137
      vertex 1.33156 -13.5196 101.137
    endloop
  endfacet
  facet normal -0.0734876 0.997296 0
    outer loop
      vertex 0.666584 -13.5686 101.137
      vertex 1.33156 -13.5196 -1.90735e-07
      vertex 0.666584 -13.5686 -1.90735e-07
    endloop
  endfacet
  facet normal -0.615298 -0.788295 0
    outer loop
      vertex 8.09257 10.9116 -1.90735e-07
      vertex 8.61823 10.5013 101.137
      vertex 8.09257 10.9116 101.137
    endloop
  endfacet
  facet normal -0.615298 -0.788295 -0
    outer loop
      vertex 8.61823 10.5013 101.137
      vertex 8.09257 10.9116 -1.90735e-07
      vertex 8.61823 10.5013 -1.90735e-07
    endloop
  endfacet
  facet normal -0.122379 -0.992483 0
    outer loop
      vertex 1.33156 13.5196 -1.90735e-07
      vertex 1.99333 13.438 101.137
      vertex 1.33156 13.5196 101.137
    endloop
  endfacet
  facet normal -0.122379 -0.992483 -0
    outer loop
      vertex 1.99333 13.438 101.137
      vertex 1.33156 13.5196 -1.90735e-07
      vertex 1.99333 13.438 -1.90735e-07
    endloop
  endfacet
  facet normal -0.405225 -0.914217 0
    outer loop
      vertex 5.19875 12.5509 -1.90735e-07
      vertex 5.80834 12.2807 101.137
      vertex 5.19875 12.5509 101.137
    endloop
  endfacet
  facet normal -0.405225 -0.914217 -0
    outer loop
      vertex 5.80834 12.2807 101.137
      vertex 5.19875 12.5509 -1.90735e-07
      vertex 5.80834 12.2807 -1.90735e-07
    endloop
  endfacet
  facet normal -0.122379 0.992483 0
    outer loop
      vertex 1.99333 -13.438 -1.90735e-07
      vertex 1.33156 -13.5196 101.137
      vertex 1.99333 -13.438 101.137
    endloop
  endfacet
  facet normal -0.122379 0.992483 0
    outer loop
      vertex 1.33156 -13.5196 101.137
      vertex 1.99333 -13.438 -1.90735e-07
      vertex 1.33156 -13.5196 -1.90735e-07
    endloop
  endfacet
  facet normal 0.57577 0.817612 -0
    outer loop
      vertex -7.54742 -11.2955 -1.90735e-07
      vertex -8.09257 -10.9116 101.137
      vertex -7.54742 -11.2955 101.137
    endloop
  endfacet
  facet normal 0.57577 0.817612 0
    outer loop
      vertex -8.09257 -10.9116 101.137
      vertex -7.54742 -11.2955 -1.90735e-07
      vertex -8.09257 -10.9116 -1.90735e-07
    endloop
  endfacet
  facet normal -0.817612 0.57577 0
    outer loop
      vertex 10.9116 -8.09257 -1.90735e-07
      vertex 11.2955 -7.54742 101.137
      vertex 11.2955 -7.54742 -1.90735e-07
    endloop
  endfacet
  facet normal -0.817612 0.57577 0
    outer loop
      vertex 11.2955 -7.54742 101.137
      vertex 10.9116 -8.09257 -1.90735e-07
      vertex 10.9116 -8.09257 101.137
    endloop
  endfacet
  facet normal -0.817612 -0.57577 0
    outer loop
      vertex 11.2955 7.54742 -1.90735e-07
      vertex 10.9116 8.09257 101.137
      vertex 10.9116 8.09257 -1.90735e-07
    endloop
  endfacet
  facet normal -0.817612 -0.57577 0
    outer loop
      vertex 10.9116 8.09257 101.137
      vertex 11.2955 7.54742 -1.90735e-07
      vertex 11.2955 7.54742 101.137
    endloop
  endfacet
  facet normal -0.0734876 -0.997296 0
    outer loop
      vertex 0.666584 13.5686 -1.90735e-07
      vertex 1.33156 13.5196 101.137
      vertex 0.666584 13.5686 101.137
    endloop
  endfacet
  facet normal -0.0734876 -0.997296 -0
    outer loop
      vertex 1.33156 13.5196 101.137
      vertex 0.666584 13.5686 -1.90735e-07
      vertex 1.33156 13.5196 -1.90735e-07
    endloop
  endfacet
  facet normal 0.653147 0.757231 -0
    outer loop
      vertex -8.61823 -10.5013 -1.90735e-07
      vertex -9.12313 -10.0658 101.137
      vertex -8.61823 -10.5013 101.137
    endloop
  endfacet
  facet normal 0.653147 0.757231 0
    outer loop
      vertex -9.12313 -10.0658 101.137
      vertex -8.61823 -10.5013 -1.90735e-07
      vertex -9.12313 -10.0658 -1.90735e-07
    endloop
  endfacet
  facet normal -0.999697 0.0245956 0
    outer loop
      vertex 13.5686 -0.666584 -1.90735e-07
      vertex 13.585 0 101.137
      vertex 13.585 0 -1.90735e-07
    endloop
  endfacet
  facet normal -0.999697 0.0245956 0
    outer loop
      vertex 13.585 0 101.137
      vertex 13.5686 -0.666584 -1.90735e-07
      vertex 13.5686 -0.666584 101.137
    endloop
  endfacet
  facet normal 0.724253 -0.689534 0
    outer loop
      vertex -10.0658 9.12313 101.137
      vertex -9.60604 9.60604 -1.90735e-07
      vertex -9.60604 9.60604 101.137
    endloop
  endfacet
  facet normal 0.724253 -0.689534 0
    outer loop
      vertex -9.60604 9.60604 -1.90735e-07
      vertex -10.0658 9.12313 101.137
      vertex -10.0658 9.12313 -1.90735e-07
    endloop
  endfacet
  facet normal -0.997296 0.0734876 0
    outer loop
      vertex 13.5196 -1.33156 -1.90735e-07
      vertex 13.5686 -0.666584 101.137
      vertex 13.5686 -0.666584 -1.90735e-07
    endloop
  endfacet
  facet normal -0.997296 0.0734876 0
    outer loop
      vertex 13.5686 -0.666584 101.137
      vertex 13.5196 -1.33156 -1.90735e-07
      vertex 13.5196 -1.33156 101.137
    endloop
  endfacet
  facet normal 0.817612 0.57577 0
    outer loop
      vertex -10.9116 -8.09257 101.137
      vertex -11.2955 -7.54742 -1.90735e-07
      vertex -11.2955 -7.54742 101.137
    endloop
  endfacet
  facet normal 0.817612 0.57577 0
    outer loop
      vertex -11.2955 -7.54742 -1.90735e-07
      vertex -10.9116 -8.09257 101.137
      vertex -10.9116 -8.09257 -1.90735e-07
    endloop
  endfacet
  facet normal -0.84487 -0.534971 0
    outer loop
      vertex 11.6522 6.98409 -1.90735e-07
      vertex 11.2955 7.54742 101.137
      vertex 11.2955 7.54742 -1.90735e-07
    endloop
  endfacet
  facet normal -0.84487 -0.534971 0
    outer loop
      vertex 11.2955 7.54742 101.137
      vertex 11.6522 6.98409 -1.90735e-07
      vertex 11.6522 6.98409 101.137
    endloop
  endfacet
  facet normal 0.0245956 0.999697 -0
    outer loop
      vertex 0 -13.585 -1.90735e-07
      vertex -0.666584 -13.5686 101.137
      vertex 0 -13.585 101.137
    endloop
  endfacet
  facet normal 0.0245956 0.999697 0
    outer loop
      vertex -0.666584 -13.5686 101.137
      vertex 0 -13.585 -1.90735e-07
      vertex -0.666584 -13.5686 -1.90735e-07
    endloop
  endfacet
  facet normal 0.405225 -0.914217 0
    outer loop
      vertex -5.80834 12.2807 -1.90735e-07
      vertex -5.19875 12.5509 101.137
      vertex -5.80834 12.2807 101.137
    endloop
  endfacet
  facet normal 0.405225 -0.914217 0
    outer loop
      vertex -5.19875 12.5509 101.137
      vertex -5.80834 12.2807 -1.90735e-07
      vertex -5.19875 12.5509 -1.90735e-07
    endloop
  endfacet
  facet normal -0.405225 0.914217 0
    outer loop
      vertex 5.80834 -12.2807 -1.90735e-07
      vertex 5.19875 -12.5509 101.137
      vertex 5.80834 -12.2807 101.137
    endloop
  endfacet
  facet normal -0.405225 0.914217 0
    outer loop
      vertex 5.19875 -12.5509 101.137
      vertex 5.80834 -12.2807 -1.90735e-07
      vertex 5.19875 -12.5509 -1.90735e-07
    endloop
  endfacet
  facet normal -0.57577 -0.817612 0
    outer loop
      vertex 7.54742 11.2955 -1.90735e-07
      vertex 8.09257 10.9116 101.137
      vertex 7.54742 11.2955 101.137
    endloop
  endfacet
  facet normal -0.57577 -0.817612 -0
    outer loop
      vertex 8.09257 10.9116 101.137
      vertex 7.54742 11.2955 -1.90735e-07
      vertex 8.09257 10.9116 -1.90735e-07
    endloop
  endfacet
  facet normal -0.534971 0.84487 0
    outer loop
      vertex 7.54742 -11.2955 -1.90735e-07
      vertex 6.98409 -11.6522 101.137
      vertex 7.54742 -11.2955 101.137
    endloop
  endfacet
  facet normal -0.534971 0.84487 0
    outer loop
      vertex 6.98409 -11.6522 101.137
      vertex 7.54742 -11.2955 -1.90735e-07
      vertex 6.98409 -11.6522 -1.90735e-07
    endloop
  endfacet
  facet normal -0.57577 0.817612 0
    outer loop
      vertex 8.09257 -10.9116 -1.90735e-07
      vertex 7.54742 -11.2955 101.137
      vertex 8.09257 -10.9116 101.137
    endloop
  endfacet
  facet normal -0.57577 0.817612 0
    outer loop
      vertex 7.54742 -11.2955 101.137
      vertex 8.09257 -10.9116 -1.90735e-07
      vertex 7.54742 -11.2955 -1.90735e-07
    endloop
  endfacet
  facet normal -0.932978 0.359934 0
    outer loop
      vertex 12.5509 -5.19875 -1.90735e-07
      vertex 12.7909 -4.57665 101.137
      vertex 12.7909 -4.57665 -1.90735e-07
    endloop
  endfacet
  facet normal -0.932978 0.359934 0
    outer loop
      vertex 12.7909 -4.57665 101.137
      vertex 12.5509 -5.19875 -1.90735e-07
      vertex 12.5509 -5.19875 101.137
    endloop
  endfacet
  facet normal -0.0245956 -0.999697 0
    outer loop
      vertex 0 13.585 -1.90735e-07
      vertex 0.666584 13.5686 101.137
      vertex 0 13.585 101.137
    endloop
  endfacet
  facet normal -0.0245956 -0.999697 -0
    outer loop
      vertex 0.666584 13.5686 101.137
      vertex 0 13.585 -1.90735e-07
      vertex 0.666584 13.5686 -1.90735e-07
    endloop
  endfacet
  facet normal -0.9757 0.219109 0
    outer loop
      vertex 13.1779 -3.30089 -1.90735e-07
      vertex 13.324 -2.6503 101.137
      vertex 13.324 -2.6503 -1.90735e-07
    endloop
  endfacet
  facet normal -0.9757 0.219109 0
    outer loop
      vertex 13.324 -2.6503 101.137
      vertex 13.1779 -3.30089 -1.90735e-07
      vertex 13.1779 -3.30089 101.137
    endloop
  endfacet
  facet normal -0.724253 -0.689534 0
    outer loop
      vertex 10.0658 9.12313 -1.90735e-07
      vertex 9.60604 9.60604 101.137
      vertex 9.60604 9.60604 -1.90735e-07
    endloop
  endfacet
  facet normal -0.724253 -0.689534 0
    outer loop
      vertex 9.60604 9.60604 101.137
      vertex 10.0658 9.12313 -1.90735e-07
      vertex 10.0658 9.12313 101.137
    endloop
  endfacet
  facet normal -0.449624 0.893218 0
    outer loop
      vertex 6.40392 -11.9809 -1.90735e-07
      vertex 5.80834 -12.2807 101.137
      vertex 6.40392 -11.9809 101.137
    endloop
  endfacet
  facet normal -0.449624 0.893218 0
    outer loop
      vertex 5.80834 -12.2807 101.137
      vertex 6.40392 -11.9809 -1.90735e-07
      vertex 5.80834 -12.2807 -1.90735e-07
    endloop
  endfacet
  facet normal -0.689534 0.724253 0
    outer loop
      vertex 9.60604 -9.60604 -1.90735e-07
      vertex 9.12313 -10.0658 101.137
      vertex 9.60604 -9.60604 101.137
    endloop
  endfacet
  facet normal -0.689534 0.724253 0
    outer loop
      vertex 9.12313 -10.0658 101.137
      vertex 9.60604 -9.60604 -1.90735e-07
      vertex 9.12313 -10.0658 -1.90735e-07
    endloop
  endfacet
  facet normal 0.999697 -0.0245956 0
    outer loop
      vertex -13.585 0 101.137
      vertex -13.5686 0.666584 -1.90735e-07
      vertex -13.5686 0.666584 101.137
    endloop
  endfacet
  facet normal 0.999697 -0.0245956 0
    outer loop
      vertex -13.5686 0.666584 -1.90735e-07
      vertex -13.585 0 101.137
      vertex -13.585 0 -1.90735e-07
    endloop
  endfacet
  facet normal -0.219109 0.9757 0
    outer loop
      vertex 3.30089 -13.1779 -1.90735e-07
      vertex 2.6503 -13.324 101.137
      vertex 3.30089 -13.1779 101.137
    endloop
  endfacet
  facet normal -0.219109 0.9757 0
    outer loop
      vertex 2.6503 -13.324 101.137
      vertex 3.30089 -13.1779 -1.90735e-07
      vertex 2.6503 -13.324 -1.90735e-07
    endloop
  endfacet
  facet normal -0.949554 -0.313603 0
    outer loop
      vertex 13 3.94352 -1.90735e-07
      vertex 12.7909 4.57665 101.137
      vertex 12.7909 4.57665 -1.90735e-07
    endloop
  endfacet
  facet normal -0.949554 -0.313603 0
    outer loop
      vertex 12.7909 4.57665 101.137
      vertex 13 3.94352 -1.90735e-07
      vertex 13 3.94352 101.137
    endloop
  endfacet
  facet normal 0.870063 0.492941 0
    outer loop
      vertex -11.6522 -6.98409 101.137
      vertex -11.9809 -6.40392 -1.90735e-07
      vertex -11.9809 -6.40392 101.137
    endloop
  endfacet
  facet normal 0.870063 0.492941 0
    outer loop
      vertex -11.9809 -6.40392 -1.90735e-07
      vertex -11.6522 -6.98409 101.137
      vertex -11.6522 -6.98409 -1.90735e-07
    endloop
  endfacet
  facet normal -0.963753 0.266797 0
    outer loop
      vertex 13 -3.94352 -1.90735e-07
      vertex 13.1779 -3.30089 101.137
      vertex 13.1779 -3.30089 -1.90735e-07
    endloop
  endfacet
  facet normal -0.963753 0.266797 0
    outer loop
      vertex 13.1779 -3.30089 101.137
      vertex 13 -3.94352 -1.90735e-07
      vertex 13 -3.94352 101.137
    endloop
  endfacet
  facet normal 0.757231 -0.653147 0
    outer loop
      vertex -10.5013 8.61823 101.137
      vertex -10.0658 9.12313 -1.90735e-07
      vertex -10.0658 9.12313 101.137
    endloop
  endfacet
  facet normal 0.757231 -0.653147 0
    outer loop
      vertex -10.0658 9.12313 -1.90735e-07
      vertex -10.5013 8.61823 101.137
      vertex -10.5013 8.61823 -1.90735e-07
    endloop
  endfacet
  facet normal -0.492941 -0.870063 0
    outer loop
      vertex 6.40392 11.9809 -1.90735e-07
      vertex 6.98409 11.6522 101.137
      vertex 6.40392 11.9809 101.137
    endloop
  endfacet
  facet normal -0.492941 -0.870063 -0
    outer loop
      vertex 6.98409 11.6522 101.137
      vertex 6.40392 11.9809 -1.90735e-07
      vertex 6.98409 11.6522 -1.90735e-07
    endloop
  endfacet
  facet normal -0.893218 0.449624 0
    outer loop
      vertex 11.9809 -6.40392 -1.90735e-07
      vertex 12.2807 -5.80834 101.137
      vertex 12.2807 -5.80834 -1.90735e-07
    endloop
  endfacet
  facet normal -0.893218 0.449624 0
    outer loop
      vertex 12.2807 -5.80834 101.137
      vertex 11.9809 -6.40392 -1.90735e-07
      vertex 11.9809 -6.40392 101.137
    endloop
  endfacet
  facet normal 0.653147 -0.757231 0
    outer loop
      vertex -9.12313 10.0658 -1.90735e-07
      vertex -8.61823 10.5013 101.137
      vertex -9.12313 10.0658 101.137
    endloop
  endfacet
  facet normal 0.653147 -0.757231 0
    outer loop
      vertex -8.61823 10.5013 101.137
      vertex -9.12313 10.0658 -1.90735e-07
      vertex -8.61823 10.5013 -1.90735e-07
    endloop
  endfacet
  facet normal -0.359934 -0.932978 0
    outer loop
      vertex 4.57665 12.7909 -1.90735e-07
      vertex 5.19875 12.5509 101.137
      vertex 4.57665 12.7909 101.137
    endloop
  endfacet
  facet normal -0.359934 -0.932978 -0
    outer loop
      vertex 5.19875 12.5509 101.137
      vertex 4.57665 12.7909 -1.90735e-07
      vertex 5.19875 12.5509 -1.90735e-07
    endloop
  endfacet
  facet normal 0.985276 -0.170969 0
    outer loop
      vertex -13.438 1.99333 101.137
      vertex -13.324 2.6503 -1.90735e-07
      vertex -13.324 2.6503 101.137
    endloop
  endfacet
  facet normal 0.985276 -0.170969 0
    outer loop
      vertex -13.324 2.6503 -1.90735e-07
      vertex -13.438 1.99333 101.137
      vertex -13.438 1.99333 -1.90735e-07
    endloop
  endfacet
  facet normal -0.893218 -0.449624 0
    outer loop
      vertex 12.2807 5.80834 -1.90735e-07
      vertex 11.9809 6.40392 101.137
      vertex 11.9809 6.40392 -1.90735e-07
    endloop
  endfacet
  facet normal -0.893218 -0.449624 0
    outer loop
      vertex 11.9809 6.40392 101.137
      vertex 12.2807 5.80834 -1.90735e-07
      vertex 12.2807 5.80834 101.137
    endloop
  endfacet
  facet normal 0.359934 -0.932978 0
    outer loop
      vertex -5.19875 12.5509 -1.90735e-07
      vertex -4.57665 12.7909 101.137
      vertex -5.19875 12.5509 101.137
    endloop
  endfacet
  facet normal 0.359934 -0.932978 0
    outer loop
      vertex -4.57665 12.7909 101.137
      vertex -5.19875 12.5509 -1.90735e-07
      vertex -4.57665 12.7909 -1.90735e-07
    endloop
  endfacet
  facet normal 0.170969 -0.985276 0
    outer loop
      vertex -2.6503 13.324 -1.90735e-07
      vertex -1.99333 13.438 101.137
      vertex -2.6503 13.324 101.137
    endloop
  endfacet
  facet normal 0.170969 -0.985276 0
    outer loop
      vertex -1.99333 13.438 101.137
      vertex -2.6503 13.324 -1.90735e-07
      vertex -1.99333 13.438 -1.90735e-07
    endloop
  endfacet
  facet normal 0.985276 0.170969 0
    outer loop
      vertex -13.324 -2.6503 101.137
      vertex -13.438 -1.99333 -1.90735e-07
      vertex -13.438 -1.99333 101.137
    endloop
  endfacet
  facet normal 0.985276 0.170969 0
    outer loop
      vertex -13.438 -1.99333 -1.90735e-07
      vertex -13.324 -2.6503 101.137
      vertex -13.324 -2.6503 -1.90735e-07
    endloop
  endfacet
  facet normal 0.949554 0.313603 0
    outer loop
      vertex -12.7909 -4.57665 101.137
      vertex -13 -3.94352 -1.90735e-07
      vertex -13 -3.94352 101.137
    endloop
  endfacet
  facet normal 0.949554 0.313603 0
    outer loop
      vertex -13 -3.94352 -1.90735e-07
      vertex -12.7909 -4.57665 101.137
      vertex -12.7909 -4.57665 -1.90735e-07
    endloop
  endfacet
  facet normal 0.997296 -0.0734876 0
    outer loop
      vertex -13.5686 0.666584 101.137
      vertex -13.5196 1.33156 -1.90735e-07
      vertex -13.5196 1.33156 101.137
    endloop
  endfacet
  facet normal 0.997296 -0.0734876 0
    outer loop
      vertex -13.5196 1.33156 -1.90735e-07
      vertex -13.5686 0.666584 101.137
      vertex -13.5686 0.666584 -1.90735e-07
    endloop
  endfacet
  facet normal -0.985276 0.170969 0
    outer loop
      vertex 13.324 -2.6503 -1.90735e-07
      vertex 13.438 -1.99333 101.137
      vertex 13.438 -1.99333 -1.90735e-07
    endloop
  endfacet
  facet normal -0.985276 0.170969 0
    outer loop
      vertex 13.438 -1.99333 101.137
      vertex 13.324 -2.6503 -1.90735e-07
      vertex 13.324 -2.6503 101.137
    endloop
  endfacet
  facet normal 0.893218 0.449624 0
    outer loop
      vertex -11.9809 -6.40392 101.137
      vertex -12.2807 -5.80834 -1.90735e-07
      vertex -12.2807 -5.80834 101.137
    endloop
  endfacet
  facet normal 0.893218 0.449624 0
    outer loop
      vertex -12.2807 -5.80834 -1.90735e-07
      vertex -11.9809 -6.40392 101.137
      vertex -11.9809 -6.40392 -1.90735e-07
    endloop
  endfacet
  facet normal -0.985276 -0.170969 0
    outer loop
      vertex 13.438 1.99333 -1.90735e-07
      vertex 13.324 2.6503 101.137
      vertex 13.324 2.6503 -1.90735e-07
    endloop
  endfacet
  facet normal -0.985276 -0.170969 0
    outer loop
      vertex 13.324 2.6503 101.137
      vertex 13.438 1.99333 -1.90735e-07
      vertex 13.438 1.99333 101.137
    endloop
  endfacet
  facet normal -0.534971 -0.84487 0
    outer loop
      vertex 6.98409 11.6522 -1.90735e-07
      vertex 7.54742 11.2955 101.137
      vertex 6.98409 11.6522 101.137
    endloop
  endfacet
  facet normal -0.534971 -0.84487 -0
    outer loop
      vertex 7.54742 11.2955 101.137
      vertex 6.98409 11.6522 -1.90735e-07
      vertex 7.54742 11.2955 -1.90735e-07
    endloop
  endfacet
  facet normal 0.0734876 0.997296 -0
    outer loop
      vertex -0.666584 -13.5686 -1.90735e-07
      vertex -1.33156 -13.5196 101.137
      vertex -0.666584 -13.5686 101.137
    endloop
  endfacet
  facet normal 0.0734876 0.997296 0
    outer loop
      vertex -1.33156 -13.5196 101.137
      vertex -0.666584 -13.5686 -1.90735e-07
      vertex -1.33156 -13.5196 -1.90735e-07
    endloop
  endfacet
  facet normal -0.992483 0.122379 0
    outer loop
      vertex 13.438 -1.99333 -1.90735e-07
      vertex 13.5196 -1.33156 101.137
      vertex 13.5196 -1.33156 -1.90735e-07
    endloop
  endfacet
  facet normal -0.992483 0.122379 0
    outer loop
      vertex 13.5196 -1.33156 101.137
      vertex 13.438 -1.99333 -1.90735e-07
      vertex 13.438 -1.99333 101.137
    endloop
  endfacet
  facet normal -0.313603 -0.949554 0
    outer loop
      vertex 3.94352 13 -1.90735e-07
      vertex 4.57665 12.7909 101.137
      vertex 3.94352 13 101.137
    endloop
  endfacet
  facet normal -0.313603 -0.949554 -0
    outer loop
      vertex 4.57665 12.7909 101.137
      vertex 3.94352 13 -1.90735e-07
      vertex 4.57665 12.7909 -1.90735e-07
    endloop
  endfacet
  facet normal -0.266797 -0.963753 0
    outer loop
      vertex 3.30089 13.1779 -1.90735e-07
      vertex 3.94352 13 101.137
      vertex 3.30089 13.1779 101.137
    endloop
  endfacet
  facet normal -0.266797 -0.963753 -0
    outer loop
      vertex 3.94352 13 101.137
      vertex 3.30089 13.1779 -1.90735e-07
      vertex 3.94352 13 -1.90735e-07
    endloop
  endfacet
  facet normal 0.122379 -0.992483 0
    outer loop
      vertex -1.99333 13.438 -1.90735e-07
      vertex -1.33156 13.5196 101.137
      vertex -1.99333 13.438 101.137
    endloop
  endfacet
  facet normal 0.122379 -0.992483 0
    outer loop
      vertex -1.33156 13.5196 101.137
      vertex -1.99333 13.438 -1.90735e-07
      vertex -1.33156 13.5196 -1.90735e-07
    endloop
  endfacet
  facet normal 0.84487 0.534971 0
    outer loop
      vertex -11.2955 -7.54742 101.137
      vertex -11.6522 -6.98409 -1.90735e-07
      vertex -11.6522 -6.98409 101.137
    endloop
  endfacet
  facet normal 0.84487 0.534971 0
    outer loop
      vertex -11.6522 -6.98409 -1.90735e-07
      vertex -11.2955 -7.54742 101.137
      vertex -11.2955 -7.54742 -1.90735e-07
    endloop
  endfacet
  facet normal -0.0245956 0.999697 0
    outer loop
      vertex 0.666584 -13.5686 -1.90735e-07
      vertex 0 -13.585 101.137
      vertex 0.666584 -13.5686 101.137
    endloop
  endfacet
  facet normal -0.0245956 0.999697 0
    outer loop
      vertex 0 -13.585 101.137
      vertex 0.666584 -13.5686 -1.90735e-07
      vertex 0 -13.585 -1.90735e-07
    endloop
  endfacet
  facet normal 0.405225 0.914217 -0
    outer loop
      vertex -5.19875 -12.5509 -1.90735e-07
      vertex -5.80834 -12.2807 101.137
      vertex -5.19875 -12.5509 101.137
    endloop
  endfacet
  facet normal 0.405225 0.914217 0
    outer loop
      vertex -5.80834 -12.2807 101.137
      vertex -5.19875 -12.5509 -1.90735e-07
      vertex -5.80834 -12.2807 -1.90735e-07
    endloop
  endfacet
  facet normal 0.689534 -0.724253 0
    outer loop
      vertex -9.60604 9.60604 -1.90735e-07
      vertex -9.12313 10.0658 101.137
      vertex -9.60604 9.60604 101.137
    endloop
  endfacet
  facet normal 0.689534 -0.724253 0
    outer loop
      vertex -9.12313 10.0658 101.137
      vertex -9.60604 9.60604 -1.90735e-07
      vertex -9.12313 10.0658 -1.90735e-07
    endloop
  endfacet
  facet normal 0.788295 0.615298 0
    outer loop
      vertex -10.5013 -8.61823 101.137
      vertex -10.9116 -8.09257 -1.90735e-07
      vertex -10.9116 -8.09257 101.137
    endloop
  endfacet
  facet normal 0.788295 0.615298 0
    outer loop
      vertex -10.9116 -8.09257 -1.90735e-07
      vertex -10.5013 -8.61823 101.137
      vertex -10.5013 -8.61823 -1.90735e-07
    endloop
  endfacet
  facet normal 0.0734876 -0.997296 0
    outer loop
      vertex -1.33156 13.5196 -1.90735e-07
      vertex -0.666584 13.5686 101.137
      vertex -1.33156 13.5196 101.137
    endloop
  endfacet
  facet normal 0.0734876 -0.997296 0
    outer loop
      vertex -0.666584 13.5686 101.137
      vertex -1.33156 13.5196 -1.90735e-07
      vertex -0.666584 13.5686 -1.90735e-07
    endloop
  endfacet
  facet normal 0.449624 0.893218 -0
    outer loop
      vertex -5.80834 -12.2807 -1.90735e-07
      vertex -6.40392 -11.9809 101.137
      vertex -5.80834 -12.2807 101.137
    endloop
  endfacet
  facet normal 0.449624 0.893218 0
    outer loop
      vertex -6.40392 -11.9809 101.137
      vertex -5.80834 -12.2807 -1.90735e-07
      vertex -6.40392 -11.9809 -1.90735e-07
    endloop
  endfacet
  facet normal -0.724253 0.689534 0
    outer loop
      vertex 9.60604 -9.60604 -1.90735e-07
      vertex 10.0658 -9.12313 101.137
      vertex 10.0658 -9.12313 -1.90735e-07
    endloop
  endfacet
  facet normal -0.724253 0.689534 0
    outer loop
      vertex 10.0658 -9.12313 101.137
      vertex 9.60604 -9.60604 -1.90735e-07
      vertex 9.60604 -9.60604 101.137
    endloop
  endfacet
  facet normal 0.992483 0.122379 0
    outer loop
      vertex -13.438 -1.99333 101.137
      vertex -13.5196 -1.33156 -1.90735e-07
      vertex -13.5196 -1.33156 101.137
    endloop
  endfacet
  facet normal 0.992483 0.122379 0
    outer loop
      vertex -13.5196 -1.33156 -1.90735e-07
      vertex -13.438 -1.99333 101.137
      vertex -13.438 -1.99333 -1.90735e-07
    endloop
  endfacet
  facet normal -0.492941 0.870063 0
    outer loop
      vertex 6.98409 -11.6522 -1.90735e-07
      vertex 6.40392 -11.9809 101.137
      vertex 6.98409 -11.6522 101.137
    endloop
  endfacet
  facet normal -0.492941 0.870063 0
    outer loop
      vertex 6.40392 -11.9809 101.137
      vertex 6.98409 -11.6522 -1.90735e-07
      vertex 6.40392 -11.9809 -1.90735e-07
    endloop
  endfacet
  facet normal 0.534971 -0.84487 0
    outer loop
      vertex -7.54742 11.2955 -1.90735e-07
      vertex -6.98409 11.6522 101.137
      vertex -7.54742 11.2955 101.137
    endloop
  endfacet
  facet normal 0.534971 -0.84487 0
    outer loop
      vertex -6.98409 11.6522 101.137
      vertex -7.54742 11.2955 -1.90735e-07
      vertex -6.98409 11.6522 -1.90735e-07
    endloop
  endfacet
  facet normal -0.170969 0.985276 0
    outer loop
      vertex 2.6503 -13.324 -1.90735e-07
      vertex 1.99333 -13.438 101.137
      vertex 2.6503 -13.324 101.137
    endloop
  endfacet
  facet normal -0.170969 0.985276 0
    outer loop
      vertex 1.99333 -13.438 101.137
      vertex 2.6503 -13.324 -1.90735e-07
      vertex 1.99333 -13.438 -1.90735e-07
    endloop
  endfacet
  facet normal 0.266797 0.963753 -0
    outer loop
      vertex -3.30089 -13.1779 -1.90735e-07
      vertex -3.94352 -13 101.137
      vertex -3.30089 -13.1779 101.137
    endloop
  endfacet
  facet normal 0.266797 0.963753 0
    outer loop
      vertex -3.94352 -13 101.137
      vertex -3.30089 -13.1779 -1.90735e-07
      vertex -3.94352 -13 -1.90735e-07
    endloop
  endfacet
  facet normal 0.724253 0.689534 0
    outer loop
      vertex -9.60604 -9.60604 101.137
      vertex -10.0658 -9.12313 -1.90735e-07
      vertex -10.0658 -9.12313 101.137
    endloop
  endfacet
  facet normal 0.724253 0.689534 0
    outer loop
      vertex -10.0658 -9.12313 -1.90735e-07
      vertex -9.60604 -9.60604 101.137
      vertex -9.60604 -9.60604 -1.90735e-07
    endloop
  endfacet
  facet normal 0.266797 -0.963753 0
    outer loop
      vertex -3.94352 13 -1.90735e-07
      vertex -3.30089 13.1779 101.137
      vertex -3.94352 13 101.137
    endloop
  endfacet
  facet normal 0.266797 -0.963753 0
    outer loop
      vertex -3.30089 13.1779 101.137
      vertex -3.94352 13 -1.90735e-07
      vertex -3.30089 13.1779 -1.90735e-07
    endloop
  endfacet
  facet normal -0.359934 0.932978 0
    outer loop
      vertex 5.19875 -12.5509 -1.90735e-07
      vertex 4.57665 -12.7909 101.137
      vertex 5.19875 -12.5509 101.137
    endloop
  endfacet
  facet normal -0.359934 0.932978 0
    outer loop
      vertex 4.57665 -12.7909 101.137
      vertex 5.19875 -12.5509 -1.90735e-07
      vertex 4.57665 -12.7909 -1.90735e-07
    endloop
  endfacet
  facet normal -0.689534 -0.724253 0
    outer loop
      vertex 9.12313 10.0658 -1.90735e-07
      vertex 9.60604 9.60604 101.137
      vertex 9.12313 10.0658 101.137
    endloop
  endfacet
  facet normal -0.689534 -0.724253 -0
    outer loop
      vertex 9.60604 9.60604 101.137
      vertex 9.12313 10.0658 -1.90735e-07
      vertex 9.60604 9.60604 -1.90735e-07
    endloop
  endfacet
  facet normal 0.788295 -0.615298 0
    outer loop
      vertex -10.9116 8.09257 101.137
      vertex -10.5013 8.61823 -1.90735e-07
      vertex -10.5013 8.61823 101.137
    endloop
  endfacet
  facet normal 0.788295 -0.615298 0
    outer loop
      vertex -10.5013 8.61823 -1.90735e-07
      vertex -10.9116 8.09257 101.137
      vertex -10.9116 8.09257 -1.90735e-07
    endloop
  endfacet
  facet normal 0.9757 0.219109 0
    outer loop
      vertex -13.1779 -3.30089 101.137
      vertex -13.324 -2.6503 -1.90735e-07
      vertex -13.324 -2.6503 101.137
    endloop
  endfacet
  facet normal 0.9757 0.219109 0
    outer loop
      vertex -13.324 -2.6503 -1.90735e-07
      vertex -13.1779 -3.30089 101.137
      vertex -13.1779 -3.30089 -1.90735e-07
    endloop
  endfacet
  facet normal 0.84487 -0.534971 0
    outer loop
      vertex -11.6522 6.98409 101.137
      vertex -11.2955 7.54742 -1.90735e-07
      vertex -11.2955 7.54742 101.137
    endloop
  endfacet
  facet normal 0.84487 -0.534971 0
    outer loop
      vertex -11.2955 7.54742 -1.90735e-07
      vertex -11.6522 6.98409 101.137
      vertex -11.6522 6.98409 -1.90735e-07
    endloop
  endfacet
  facet normal 0.997296 0.0734876 0
    outer loop
      vertex -13.5196 -1.33156 101.137
      vertex -13.5686 -0.666584 -1.90735e-07
      vertex -13.5686 -0.666584 101.137
    endloop
  endfacet
  facet normal 0.997296 0.0734876 0
    outer loop
      vertex -13.5686 -0.666584 -1.90735e-07
      vertex -13.5196 -1.33156 101.137
      vertex -13.5196 -1.33156 -1.90735e-07
    endloop
  endfacet
  facet normal -0.170969 -0.985276 0
    outer loop
      vertex 1.99333 13.438 -1.90735e-07
      vertex 2.6503 13.324 101.137
      vertex 1.99333 13.438 101.137
    endloop
  endfacet
  facet normal -0.170969 -0.985276 -0
    outer loop
      vertex 2.6503 13.324 101.137
      vertex 1.99333 13.438 -1.90735e-07
      vertex 2.6503 13.324 -1.90735e-07
    endloop
  endfacet
  facet normal 0.949554 -0.313603 0
    outer loop
      vertex -13 3.94352 101.137
      vertex -12.7909 4.57665 -1.90735e-07
      vertex -12.7909 4.57665 101.137
    endloop
  endfacet
  facet normal 0.949554 -0.313603 0
    outer loop
      vertex -12.7909 4.57665 -1.90735e-07
      vertex -13 3.94352 101.137
      vertex -13 3.94352 -1.90735e-07
    endloop
  endfacet
  facet normal 0.932978 -0.359934 0
    outer loop
      vertex -12.7909 4.57665 101.137
      vertex -12.5509 5.19875 -1.90735e-07
      vertex -12.5509 5.19875 101.137
    endloop
  endfacet
  facet normal 0.932978 -0.359934 0
    outer loop
      vertex -12.5509 5.19875 -1.90735e-07
      vertex -12.7909 4.57665 101.137
      vertex -12.7909 4.57665 -1.90735e-07
    endloop
  endfacet
  facet normal 0.313603 0.949554 -0
    outer loop
      vertex -3.94352 -13 -1.90735e-07
      vertex -4.57665 -12.7909 101.137
      vertex -3.94352 -13 101.137
    endloop
  endfacet
  facet normal 0.313603 0.949554 0
    outer loop
      vertex -4.57665 -12.7909 101.137
      vertex -3.94352 -13 -1.90735e-07
      vertex -4.57665 -12.7909 -1.90735e-07
    endloop
  endfacet
  facet normal 0.992483 -0.122379 0
    outer loop
      vertex -13.5196 1.33156 101.137
      vertex -13.438 1.99333 -1.90735e-07
      vertex -13.438 1.99333 101.137
    endloop
  endfacet
  facet normal 0.992483 -0.122379 0
    outer loop
      vertex -13.438 1.99333 -1.90735e-07
      vertex -13.5196 1.33156 101.137
      vertex -13.5196 1.33156 -1.90735e-07
    endloop
  endfacet
  facet normal -0.653147 0.757231 0
    outer loop
      vertex 9.12313 -10.0658 -1.90735e-07
      vertex 8.61823 -10.5013 101.137
      vertex 9.12313 -10.0658 101.137
    endloop
  endfacet
  facet normal -0.653147 0.757231 0
    outer loop
      vertex 8.61823 -10.5013 101.137
      vertex 9.12313 -10.0658 -1.90735e-07
      vertex 8.61823 -10.5013 -1.90735e-07
    endloop
  endfacet
  facet normal -0.84487 0.534971 0
    outer loop
      vertex 11.2955 -7.54742 -1.90735e-07
      vertex 11.6522 -6.98409 101.137
      vertex 11.6522 -6.98409 -1.90735e-07
    endloop
  endfacet
  facet normal -0.84487 0.534971 0
    outer loop
      vertex 11.6522 -6.98409 101.137
      vertex 11.2955 -7.54742 -1.90735e-07
      vertex 11.2955 -7.54742 101.137
    endloop
  endfacet
  facet normal 0.313603 -0.949554 0
    outer loop
      vertex -4.57665 12.7909 -1.90735e-07
      vertex -3.94352 13 101.137
      vertex -4.57665 12.7909 101.137
    endloop
  endfacet
  facet normal 0.313603 -0.949554 0
    outer loop
      vertex -3.94352 13 101.137
      vertex -4.57665 12.7909 -1.90735e-07
      vertex -3.94352 13 -1.90735e-07
    endloop
  endfacet
  facet normal 0.963753 0.266797 0
    outer loop
      vertex -13 -3.94352 101.137
      vertex -13.1779 -3.30089 -1.90735e-07
      vertex -13.1779 -3.30089 101.137
    endloop
  endfacet
  facet normal 0.963753 0.266797 0
    outer loop
      vertex -13.1779 -3.30089 -1.90735e-07
      vertex -13 -3.94352 101.137
      vertex -13 -3.94352 -1.90735e-07
    endloop
  endfacet
  facet normal 0.932978 0.359934 0
    outer loop
      vertex -12.5509 -5.19875 101.137
      vertex -12.7909 -4.57665 -1.90735e-07
      vertex -12.7909 -4.57665 101.137
    endloop
  endfacet
  facet normal 0.932978 0.359934 0
    outer loop
      vertex -12.7909 -4.57665 -1.90735e-07
      vertex -12.5509 -5.19875 101.137
      vertex -12.5509 -5.19875 -1.90735e-07
    endloop
  endfacet
  facet normal 0.449624 -0.893218 0
    outer loop
      vertex -6.40392 11.9809 -1.90735e-07
      vertex -5.80834 12.2807 101.137
      vertex -6.40392 11.9809 101.137
    endloop
  endfacet
  facet normal 0.449624 -0.893218 0
    outer loop
      vertex -5.80834 12.2807 101.137
      vertex -6.40392 11.9809 -1.90735e-07
      vertex -5.80834 12.2807 -1.90735e-07
    endloop
  endfacet
  facet normal -0.757231 -0.653147 0
    outer loop
      vertex 10.5013 8.61823 -1.90735e-07
      vertex 10.0658 9.12313 101.137
      vertex 10.0658 9.12313 -1.90735e-07
    endloop
  endfacet
  facet normal -0.757231 -0.653147 0
    outer loop
      vertex 10.0658 9.12313 101.137
      vertex 10.5013 8.61823 -1.90735e-07
      vertex 10.5013 8.61823 101.137
    endloop
  endfacet
  facet normal 0.219109 0.9757 -0
    outer loop
      vertex -2.6503 -13.324 -1.90735e-07
      vertex -3.30089 -13.1779 101.137
      vertex -2.6503 -13.324 101.137
    endloop
  endfacet
  facet normal 0.219109 0.9757 0
    outer loop
      vertex -3.30089 -13.1779 101.137
      vertex -2.6503 -13.324 -1.90735e-07
      vertex -3.30089 -13.1779 -1.90735e-07
    endloop
  endfacet
  facet normal -0.266797 0.963753 0
    outer loop
      vertex 3.94352 -13 -1.90735e-07
      vertex 3.30089 -13.1779 101.137
      vertex 3.94352 -13 101.137
    endloop
  endfacet
  facet normal -0.266797 0.963753 0
    outer loop
      vertex 3.30089 -13.1779 101.137
      vertex 3.94352 -13 -1.90735e-07
      vertex 3.30089 -13.1779 -1.90735e-07
    endloop
  endfacet
  facet normal 0.914217 -0.405225 0
    outer loop
      vertex -12.5509 5.19875 101.137
      vertex -12.2807 5.80834 -1.90735e-07
      vertex -12.2807 5.80834 101.137
    endloop
  endfacet
  facet normal 0.914217 -0.405225 0
    outer loop
      vertex -12.2807 5.80834 -1.90735e-07
      vertex -12.5509 5.19875 101.137
      vertex -12.5509 5.19875 -1.90735e-07
    endloop
  endfacet
  facet normal 0.615298 0.788295 -0
    outer loop
      vertex -8.09257 -10.9116 -1.90735e-07
      vertex -8.61823 -10.5013 101.137
      vertex -8.09257 -10.9116 101.137
    endloop
  endfacet
  facet normal 0.615298 0.788295 0
    outer loop
      vertex -8.61823 -10.5013 101.137
      vertex -8.09257 -10.9116 -1.90735e-07
      vertex -8.61823 -10.5013 -1.90735e-07
    endloop
  endfacet
  facet normal 0.534971 0.84487 -0
    outer loop
      vertex -6.98409 -11.6522 -1.90735e-07
      vertex -7.54742 -11.2955 101.137
      vertex -6.98409 -11.6522 101.137
    endloop
  endfacet
  facet normal 0.534971 0.84487 0
    outer loop
      vertex -7.54742 -11.2955 101.137
      vertex -6.98409 -11.6522 -1.90735e-07
      vertex -7.54742 -11.2955 -1.90735e-07
    endloop
  endfacet
  facet normal 0.359934 0.932978 -0
    outer loop
      vertex -4.57665 -12.7909 -1.90735e-07
      vertex -5.19875 -12.5509 101.137
      vertex -4.57665 -12.7909 101.137
    endloop
  endfacet
  facet normal 0.359934 0.932978 0
    outer loop
      vertex -5.19875 -12.5509 101.137
      vertex -4.57665 -12.7909 -1.90735e-07
      vertex -5.19875 -12.5509 -1.90735e-07
    endloop
  endfacet
  facet normal 0.492941 0.870063 -0
    outer loop
      vertex -6.40392 -11.9809 -1.90735e-07
      vertex -6.98409 -11.6522 101.137
      vertex -6.40392 -11.9809 101.137
    endloop
  endfacet
  facet normal 0.492941 0.870063 0
    outer loop
      vertex -6.98409 -11.6522 101.137
      vertex -6.40392 -11.9809 -1.90735e-07
      vertex -6.98409 -11.6522 -1.90735e-07
    endloop
  endfacet
  facet normal -0.219109 -0.9757 0
    outer loop
      vertex 2.6503 13.324 -1.90735e-07
      vertex 3.30089 13.1779 101.137
      vertex 2.6503 13.324 101.137
    endloop
  endfacet
  facet normal -0.219109 -0.9757 -0
    outer loop
      vertex 3.30089 13.1779 101.137
      vertex 2.6503 13.324 -1.90735e-07
      vertex 3.30089 13.1779 -1.90735e-07
    endloop
  endfacet
  facet normal 0.870063 -0.492941 0
    outer loop
      vertex -11.9809 6.40392 101.137
      vertex -11.6522 6.98409 -1.90735e-07
      vertex -11.6522 6.98409 101.137
    endloop
  endfacet
  facet normal 0.870063 -0.492941 0
    outer loop
      vertex -11.6522 6.98409 -1.90735e-07
      vertex -11.9809 6.40392 101.137
      vertex -11.9809 6.40392 -1.90735e-07
    endloop
  endfacet
  facet normal -0.707 -0.0173944 -0.707
    outer loop
      vertex 13.5686 0.666584 101.137
      vertex 13.585 0 101.137
      vertex 0 0 114.722
    endloop
  endfacet
  facet normal 0.631696 -0.31798 -0.707
    outer loop
      vertex -11.9809 6.40392 101.137
      vertex 0 0 114.722
      vertex -12.2807 5.80834 101.137
    endloop
  endfacet
  facet normal 0.461915 -0.535524 -0.707
    outer loop
      vertex -8.61823 10.5013 101.137
      vertex 0 0 114.722
      vertex -9.12313 10.0658 101.137
    endloop
  endfacet
  facet normal -0.348615 0.61532 -0.707
    outer loop
      vertex 6.98409 -11.6522 101.137
      vertex 6.40392 -11.9809 101.137
      vertex 0 0 114.722
    endloop
  endfacet
  facet normal 0.646546 -0.286581 -0.707
    outer loop
      vertex -12.2807 5.80834 101.137
      vertex 0 0 114.722
      vertex -12.5509 5.19875 101.137
    endloop
  endfacet
  facet normal -0.557493 -0.435147 -0.707
    outer loop
      vertex 10.5013 8.61823 101.137
      vertex 10.9116 8.09257 101.137
      vertex 0 0 114.722
    endloop
  endfacet
  facet normal 0.31798 -0.631696 -0.707
    outer loop
      vertex -5.80834 12.2807 101.137
      vertex 0 0 114.722
      vertex -6.40392 11.9809 101.137
    endloop
  endfacet
  facet normal 0.25455 -0.659814 -0.707001
    outer loop
      vertex -4.57665 12.7909 101.137
      vertex 0 0 114.722
      vertex -5.19875 12.5509 101.137
    endloop
  endfacet
  facet normal -0.597504 0.378339 -0.707
    outer loop
      vertex 11.6522 -6.98409 101.137
      vertex 11.2955 -7.54742 101.137
      vertex 0 0 114.722
    endloop
  endfacet
  facet normal -0.378339 -0.597504 -0.707
    outer loop
      vertex 6.98409 11.6522 101.137
      vertex 7.54742 11.2955 101.137
      vertex 0 0 114.722
    endloop
  endfacet
  facet normal -0.0865479 -0.701897 -0.707001
    outer loop
      vertex 1.33156 13.5196 101.137
      vertex 1.99333 13.438 101.137
      vertex 0 0 114.722
    endloop
  endfacet
  facet normal -0.407192 -0.578226 -0.707
    outer loop
      vertex 7.54742 11.2955 101.137
      vertex 8.09257 10.9116 101.137
      vertex 0 0 114.722
    endloop
  endfacet
  facet normal -0.578226 -0.407192 -0.707
    outer loop
      vertex 10.9116 8.09257 101.137
      vertex 11.2955 7.54742 101.137
      vertex 0 0 114.722
    endloop
  endfacet
  facet normal 0.31798 0.631696 -0.707
    outer loop
      vertex 0 0 114.722
      vertex -5.80834 -12.2807 101.137
      vertex -6.40392 -11.9809 101.137
    endloop
  endfacet
  facet normal -0.512202 0.487648 -0.707
    outer loop
      vertex 10.0658 -9.12313 101.137
      vertex 9.60604 -9.60604 101.137
      vertex 0 0 114.722
    endloop
  endfacet
  facet normal -0.0865479 0.701897 -0.707001
    outer loop
      vertex 1.99333 -13.438 101.137
      vertex 1.33156 -13.5196 101.137
      vertex 0 0 114.722
    endloop
  endfacet
  facet normal 0.659814 -0.25455 -0.707001
    outer loop
      vertex -12.5509 5.19875 101.137
      vertex 0 0 114.722
      vertex -12.7909 4.57665 101.137
    endloop
  endfacet
  facet normal 0.0519714 -0.705301 -0.707
    outer loop
      vertex -0.666584 13.5686 101.137
      vertex 0 0 114.722
      vertex -1.33156 13.5196 101.137
    endloop
  endfacet
  facet normal 0.705301 -0.0519714 -0.707
    outer loop
      vertex -13.5196 1.33156 101.137
      vertex 0 0 114.722
      vertex -13.5686 0.666584 101.137
    endloop
  endfacet
  facet normal 0.512202 -0.487648 -0.707
    outer loop
      vertex -9.60604 9.60604 101.137
      vertex 0 0 114.722
      vertex -10.0658 9.12313 101.137
    endloop
  endfacet
  facet normal 0.6968 -0.120911 -0.707001
    outer loop
      vertex -13.324 2.6503 101.137
      vertex 0 0 114.722
      vertex -13.438 1.99333 101.137
    endloop
  endfacet
  facet normal 0.0173944 -0.707 -0.707
    outer loop
      vertex 0 13.585 101.137
      vertex 0 0 114.722
      vertex -0.666584 13.5686 101.137
    endloop
  endfacet
  facet normal 0.681579 -0.188682 -0.707
    outer loop
      vertex -13 3.94352 101.137
      vertex 0 0 114.722
      vertex -13.1779 3.30089 101.137
    endloop
  endfacet
  facet normal 0.701897 -0.0865479 -0.707001
    outer loop
      vertex -13.438 1.99333 101.137
      vertex 0 0 114.722
      vertex -13.5196 1.33156 101.137
    endloop
  endfacet
  facet normal 0.407192 -0.578226 -0.707
    outer loop
      vertex -7.54742 11.2955 101.137
      vertex 0 0 114.722
      vertex -8.09257 10.9116 101.137
    endloop
  endfacet
  facet normal -0.348615 -0.61532 -0.707
    outer loop
      vertex 6.40392 11.9809 101.137
      vertex 6.98409 11.6522 101.137
      vertex 0 0 114.722
    endloop
  endfacet
  facet normal 0.154956 -0.690028 -0.707001
    outer loop
      vertex -2.6503 13.324 101.137
      vertex 0 0 114.722
      vertex -3.30089 13.1779 101.137
    endloop
  endfacet
  facet normal 0.646546 0.286581 -0.707
    outer loop
      vertex 0 0 114.722
      vertex -12.2807 -5.80834 101.137
      vertex -12.5509 -5.19875 101.137
    endloop
  endfacet
  facet normal -0.435147 0.557493 -0.707
    outer loop
      vertex 8.61823 -10.5013 101.137
      vertex 8.09257 -10.9116 101.137
      vertex 0 0 114.722
    endloop
  endfacet
  facet normal 0.61532 -0.348615 -0.707
    outer loop
      vertex -11.6522 6.98409 101.137
      vertex 0 0 114.722
      vertex -11.9809 6.40392 101.137
    endloop
  endfacet
  facet normal 0.535524 -0.461915 -0.707
    outer loop
      vertex -10.0658 9.12313 101.137
      vertex 0 0 114.722
      vertex -10.5013 8.61823 101.137
    endloop
  endfacet
  facet normal 0.6968 0.120911 -0.707001
    outer loop
      vertex 0 0 114.722
      vertex -13.324 -2.6503 101.137
      vertex -13.438 -1.99333 101.137
    endloop
  endfacet
  facet normal -0.671537 -0.221785 -0.707
    outer loop
      vertex 12.7909 4.57665 101.137
      vertex 13 3.94352 101.137
      vertex 0 0 114.722
    endloop
  endfacet
  facet normal -0.61532 0.348615 -0.707
    outer loop
      vertex 11.9809 -6.40392 101.137
      vertex 11.6522 -6.98409 101.137
      vertex 0 0 114.722
    endloop
  endfacet
  facet normal 0.597504 0.378339 -0.707
    outer loop
      vertex 0 0 114.722
      vertex -11.2955 -7.54742 101.137
      vertex -11.6522 -6.98409 101.137
    endloop
  endfacet
  facet normal 0.0519714 0.705301 -0.707
    outer loop
      vertex 0 0 114.722
      vertex -0.666584 -13.5686 101.137
      vertex -1.33156 -13.5196 101.137
    endloop
  endfacet
  facet normal -0.535524 0.461915 -0.707
    outer loop
      vertex 10.5013 -8.61823 101.137
      vertex 10.0658 -9.12313 101.137
      vertex 0 0 114.722
    endloop
  endfacet
  facet normal 0.707 -0.0173944 -0.707
    outer loop
      vertex -13.5686 0.666584 101.137
      vertex 0 0 114.722
      vertex -13.585 0 101.137
    endloop
  endfacet
  facet normal 0.435147 0.557493 -0.707
    outer loop
      vertex 0 0 114.722
      vertex -8.09257 -10.9116 101.137
      vertex -8.61823 -10.5013 101.137
    endloop
  endfacet
  facet normal 0.578226 -0.407192 -0.707
    outer loop
      vertex -10.9116 8.09257 101.137
      vertex 0 0 114.722
      vertex -11.2955 7.54742 101.137
    endloop
  endfacet
  facet normal 0.557493 -0.435147 -0.707
    outer loop
      vertex -10.5013 8.61823 101.137
      vertex 0 0 114.722
      vertex -10.9116 8.09257 101.137
    endloop
  endfacet
  facet normal 0.286581 -0.646546 -0.707
    outer loop
      vertex -5.19875 12.5509 101.137
      vertex 0 0 114.722
      vertex -5.80834 12.2807 101.137
    endloop
  endfacet
  facet normal -0.0519714 0.705301 -0.707
    outer loop
      vertex 1.33156 -13.5196 101.137
      vertex 0.666584 -13.5686 101.137
      vertex 0 0 114.722
    endloop
  endfacet
  facet normal -0.512202 -0.487648 -0.707
    outer loop
      vertex 9.60604 9.60604 101.137
      vertex 10.0658 9.12313 101.137
      vertex 0 0 114.722
    endloop
  endfacet
  facet normal 0.690028 0.154956 -0.707001
    outer loop
      vertex 0 0 114.722
      vertex -13.1779 -3.30089 101.137
      vertex -13.324 -2.6503 101.137
    endloop
  endfacet
  facet normal 0.535524 0.461915 -0.707
    outer loop
      vertex 0 0 114.722
      vertex -10.0658 -9.12313 101.137
      vertex -10.5013 -8.61823 101.137
    endloop
  endfacet
  facet normal 0.487648 -0.512202 -0.707
    outer loop
      vertex -9.12313 10.0658 101.137
      vertex 0 0 114.722
      vertex -9.60604 9.60604 101.137
    endloop
  endfacet
  facet normal 0.597504 -0.378339 -0.707
    outer loop
      vertex -11.2955 7.54742 101.137
      vertex 0 0 114.722
      vertex -11.6522 6.98409 101.137
    endloop
  endfacet
  facet normal -0.578226 0.407192 -0.707
    outer loop
      vertex 11.2955 -7.54742 101.137
      vertex 10.9116 -8.09257 101.137
      vertex 0 0 114.722
    endloop
  endfacet
  facet normal 0.378339 -0.597504 -0.707
    outer loop
      vertex -6.98409 11.6522 101.137
      vertex 0 0 114.722
      vertex -7.54742 11.2955 101.137
    endloop
  endfacet
  facet normal 0.671537 -0.221785 -0.707
    outer loop
      vertex -12.7909 4.57665 101.137
      vertex 0 0 114.722
      vertex -13 3.94352 101.137
    endloop
  endfacet
  facet normal 0.25455 0.659814 -0.707001
    outer loop
      vertex 0 0 114.722
      vertex -4.57665 -12.7909 101.137
      vertex -5.19875 -12.5509 101.137
    endloop
  endfacet
  facet normal -0.435147 -0.557493 -0.707
    outer loop
      vertex 8.09257 10.9116 101.137
      vertex 8.61823 10.5013 101.137
      vertex 0 0 114.722
    endloop
  endfacet
  facet normal -0.461915 -0.535524 -0.707
    outer loop
      vertex 8.61823 10.5013 101.137
      vertex 9.12313 10.0658 101.137
      vertex 0 0 114.722
    endloop
  endfacet
  facet normal -0.61532 -0.348615 -0.707
    outer loop
      vertex 11.6522 6.98409 101.137
      vertex 11.9809 6.40392 101.137
      vertex 0 0 114.722
    endloop
  endfacet
  facet normal 0.690028 -0.154956 -0.707001
    outer loop
      vertex -13.1779 3.30089 101.137
      vertex 0 0 114.722
      vertex -13.324 2.6503 101.137
    endloop
  endfacet
  facet normal -0.6968 0.120911 -0.707001
    outer loop
      vertex 13.438 -1.99333 101.137
      vertex 13.324 -2.6503 101.137
      vertex 0 0 114.722
    endloop
  endfacet
  facet normal -0.705301 0.0519714 -0.707
    outer loop
      vertex 13.5686 -0.666584 101.137
      vertex 13.5196 -1.33156 101.137
      vertex 0 0 114.722
    endloop
  endfacet
  facet normal 0.61532 0.348615 -0.707
    outer loop
      vertex 0 0 114.722
      vertex -11.6522 -6.98409 101.137
      vertex -11.9809 -6.40392 101.137
    endloop
  endfacet
  facet normal -0.188682 -0.681579 -0.707
    outer loop
      vertex 3.30089 13.1779 101.137
      vertex 3.94352 13 101.137
      vertex 0 0 114.722
    endloop
  endfacet
  facet normal -0.221785 -0.671537 -0.707
    outer loop
      vertex 3.94352 13 101.137
      vertex 4.57665 12.7909 101.137
      vertex 0 0 114.722
    endloop
  endfacet
  facet normal 0.221785 -0.671537 -0.707
    outer loop
      vertex -3.94352 13 101.137
      vertex 0 0 114.722
      vertex -4.57665 12.7909 101.137
    endloop
  endfacet
  facet normal -0.681579 -0.188682 -0.707
    outer loop
      vertex 13 3.94352 101.137
      vertex 13.1779 3.30089 101.137
      vertex 0 0 114.722
    endloop
  endfacet
  facet normal 0.348615 -0.61532 -0.707
    outer loop
      vertex -6.40392 11.9809 101.137
      vertex 0 0 114.722
      vertex -6.98409 11.6522 101.137
    endloop
  endfacet
  facet normal 0.659814 0.25455 -0.707001
    outer loop
      vertex 0 0 114.722
      vertex -12.5509 -5.19875 101.137
      vertex -12.7909 -4.57665 101.137
    endloop
  endfacet
  facet normal -0.535524 -0.461915 -0.707
    outer loop
      vertex 10.0658 9.12313 101.137
      vertex 10.5013 8.61823 101.137
      vertex 0 0 114.722
    endloop
  endfacet
  facet normal 0.0865479 0.701897 -0.707001
    outer loop
      vertex 0 0 114.722
      vertex -1.33156 -13.5196 101.137
      vertex -1.99333 -13.438 101.137
    endloop
  endfacet
  facet normal 0.120911 0.6968 -0.707001
    outer loop
      vertex 0 0 114.722
      vertex -1.99333 -13.438 101.137
      vertex -2.6503 -13.324 101.137
    endloop
  endfacet
  facet normal -0.0173944 0.707 -0.707
    outer loop
      vertex 0 0 114.722
      vertex 0.666584 -13.5686 101.137
      vertex 0 -13.585 101.137
    endloop
  endfacet
  facet normal -0.646546 -0.286581 -0.707
    outer loop
      vertex 12.2807 5.80834 101.137
      vertex 12.5509 5.19875 101.137
      vertex 0 0 114.722
    endloop
  endfacet
  facet normal -0.659814 -0.25455 -0.707001
    outer loop
      vertex 12.5509 5.19875 101.137
      vertex 12.7909 4.57665 101.137
      vertex 0 0 114.722
    endloop
  endfacet
  facet normal 0.435147 -0.557493 -0.707
    outer loop
      vertex -8.09257 10.9116 101.137
      vertex 0 0 114.722
      vertex -8.61823 10.5013 101.137
    endloop
  endfacet
  facet normal 0.0865479 -0.701897 -0.707001
    outer loop
      vertex -1.33156 13.5196 101.137
      vertex 0 0 114.722
      vertex -1.99333 13.438 101.137
    endloop
  endfacet
  facet normal -0.690028 -0.154956 -0.707001
    outer loop
      vertex 13.1779 3.30089 101.137
      vertex 13.324 2.6503 101.137
      vertex 0 0 114.722
    endloop
  endfacet
  facet normal -0.31798 0.631696 -0.707
    outer loop
      vertex 6.40392 -11.9809 101.137
      vertex 5.80834 -12.2807 101.137
      vertex 0 0 114.722
    endloop
  endfacet
  facet normal -0.31798 -0.631696 -0.707
    outer loop
      vertex 5.80834 12.2807 101.137
      vertex 6.40392 11.9809 101.137
      vertex 0 0 114.722
    endloop
  endfacet
  facet normal -0.631696 -0.31798 -0.707
    outer loop
      vertex 11.9809 6.40392 101.137
      vertex 12.2807 5.80834 101.137
      vertex 0 0 114.722
    endloop
  endfacet
  facet normal -0.0519714 -0.705301 -0.707
    outer loop
      vertex 0.666584 13.5686 101.137
      vertex 1.33156 13.5196 101.137
      vertex 0 0 114.722
    endloop
  endfacet
  facet normal 0.120911 -0.6968 -0.707001
    outer loop
      vertex -1.99333 13.438 101.137
      vertex 0 0 114.722
      vertex -2.6503 13.324 101.137
    endloop
  endfacet
  facet normal -0.0173944 -0.707 -0.707
    outer loop
      vertex 0 13.585 101.137
      vertex 0.666584 13.5686 101.137
      vertex 0 0 114.722
    endloop
  endfacet
  facet normal 0.188682 -0.681579 -0.707
    outer loop
      vertex -3.30089 13.1779 101.137
      vertex 0 0 114.722
      vertex -3.94352 13 101.137
    endloop
  endfacet
  facet normal -0.557493 0.435147 -0.707
    outer loop
      vertex 10.9116 -8.09257 101.137
      vertex 10.5013 -8.61823 101.137
      vertex 0 0 114.722
    endloop
  endfacet
  facet normal -0.487648 -0.512202 -0.707
    outer loop
      vertex 9.12313 10.0658 101.137
      vertex 9.60604 9.60604 101.137
      vertex 0 0 114.722
    endloop
  endfacet
  facet normal -0.120911 -0.6968 -0.707001
    outer loop
      vertex 1.99333 13.438 101.137
      vertex 2.6503 13.324 101.137
      vertex 0 0 114.722
    endloop
  endfacet
  facet normal -0.154956 -0.690028 -0.707001
    outer loop
      vertex 2.6503 13.324 101.137
      vertex 3.30089 13.1779 101.137
      vertex 0 0 114.722
    endloop
  endfacet
  facet normal 0.348615 0.61532 -0.707
    outer loop
      vertex 0 0 114.722
      vertex -6.40392 -11.9809 101.137
      vertex -6.98409 -11.6522 101.137
    endloop
  endfacet
  facet normal -0.25455 -0.659814 -0.707001
    outer loop
      vertex 4.57665 12.7909 101.137
      vertex 5.19875 12.5509 101.137
      vertex 0 0 114.722
    endloop
  endfacet
  facet normal -0.597504 -0.378339 -0.707
    outer loop
      vertex 11.2955 7.54742 101.137
      vertex 11.6522 6.98409 101.137
      vertex 0 0 114.722
    endloop
  endfacet
  facet normal 0.512202 0.487648 -0.707
    outer loop
      vertex 0 0 114.722
      vertex -9.60604 -9.60604 101.137
      vertex -10.0658 -9.12313 101.137
    endloop
  endfacet
  facet normal -0.286581 -0.646546 -0.707
    outer loop
      vertex 5.19875 12.5509 101.137
      vertex 5.80834 12.2807 101.137
      vertex 0 0 114.722
    endloop
  endfacet
  facet normal -0.646546 0.286581 -0.707
    outer loop
      vertex 12.5509 -5.19875 101.137
      vertex 12.2807 -5.80834 101.137
      vertex 0 0 114.722
    endloop
  endfacet
  facet normal -0.631696 0.31798 -0.707
    outer loop
      vertex 12.2807 -5.80834 101.137
      vertex 11.9809 -6.40392 101.137
      vertex 0 0 114.722
    endloop
  endfacet
  facet normal -0.690028 0.154956 -0.707001
    outer loop
      vertex 13.324 -2.6503 101.137
      vertex 13.1779 -3.30089 101.137
      vertex 0 0 114.722
    endloop
  endfacet
  facet normal -0.681579 0.188682 -0.707
    outer loop
      vertex 13.1779 -3.30089 101.137
      vertex 13 -3.94352 101.137
      vertex 0 0 114.722
    endloop
  endfacet
  facet normal -0.487648 0.512202 -0.707
    outer loop
      vertex 9.60604 -9.60604 101.137
      vertex 9.12313 -10.0658 101.137
      vertex 0 0 114.722
    endloop
  endfacet
  facet normal -0.461915 0.535524 -0.707
    outer loop
      vertex 9.12313 -10.0658 101.137
      vertex 8.61823 -10.5013 101.137
      vertex 0 0 114.722
    endloop
  endfacet
  facet normal -0.25455 0.659814 -0.707001
    outer loop
      vertex 5.19875 -12.5509 101.137
      vertex 4.57665 -12.7909 101.137
      vertex 0 0 114.722
    endloop
  endfacet
  facet normal -0.221785 0.671537 -0.707
    outer loop
      vertex 4.57665 -12.7909 101.137
      vertex 3.94352 -13 101.137
      vertex 0 0 114.722
    endloop
  endfacet
  facet normal 0.378339 0.597504 -0.707
    outer loop
      vertex 0 0 114.722
      vertex -6.98409 -11.6522 101.137
      vertex -7.54742 -11.2955 101.137
    endloop
  endfacet
  facet normal 0.671537 0.221785 -0.707
    outer loop
      vertex 0 0 114.722
      vertex -12.7909 -4.57665 101.137
      vertex -13 -3.94352 101.137
    endloop
  endfacet
  facet normal -0.286581 0.646546 -0.707
    outer loop
      vertex 5.80834 -12.2807 101.137
      vertex 5.19875 -12.5509 101.137
      vertex 0 0 114.722
    endloop
  endfacet
  facet normal 0.461915 0.535524 -0.707
    outer loop
      vertex 0 0 114.722
      vertex -8.61823 -10.5013 101.137
      vertex -9.12313 -10.0658 101.137
    endloop
  endfacet
  facet normal 0.487648 0.512202 -0.707
    outer loop
      vertex 0 0 114.722
      vertex -9.12313 -10.0658 101.137
      vertex -9.60604 -9.60604 101.137
    endloop
  endfacet
  facet normal 0.286581 0.646546 -0.707
    outer loop
      vertex 0 0 114.722
      vertex -5.19875 -12.5509 101.137
      vertex -5.80834 -12.2807 101.137
    endloop
  endfacet
  facet normal -0.671537 0.221785 -0.707
    outer loop
      vertex 13 -3.94352 101.137
      vertex 12.7909 -4.57665 101.137
      vertex 0 0 114.722
    endloop
  endfacet
  facet normal -0.659814 0.25455 -0.707001
    outer loop
      vertex 12.7909 -4.57665 101.137
      vertex 12.5509 -5.19875 101.137
      vertex 0 0 114.722
    endloop
  endfacet
  facet normal 0.681579 0.188682 -0.707
    outer loop
      vertex 0 0 114.722
      vertex -13 -3.94352 101.137
      vertex -13.1779 -3.30089 101.137
    endloop
  endfacet
  facet normal -0.701897 0.0865479 -0.707001
    outer loop
      vertex 13.5196 -1.33156 101.137
      vertex 13.438 -1.99333 101.137
      vertex 0 0 114.722
    endloop
  endfacet
  facet normal -0.6968 -0.120911 -0.707001
    outer loop
      vertex 13.324 2.6503 101.137
      vertex 13.438 1.99333 101.137
      vertex 0 0 114.722
    endloop
  endfacet
  facet normal -0.707 0.0173944 -0.707
    outer loop
      vertex 13.585 0 101.137
      vertex 13.5686 -0.666584 101.137
      vertex 0 0 114.722
    endloop
  endfacet
  facet normal -0.701897 -0.0865479 -0.707001
    outer loop
      vertex 13.438 1.99333 101.137
      vertex 13.5196 1.33156 101.137
      vertex 0 0 114.722
    endloop
  endfacet
  facet normal -0.705301 -0.0519714 -0.707
    outer loop
      vertex 13.5196 1.33156 101.137
      vertex 13.5686 0.666584 101.137
      vertex 0 0 114.722
    endloop
  endfacet
  facet normal -0.188682 0.681579 -0.707
    outer loop
      vertex 3.94352 -13 101.137
      vertex 3.30089 -13.1779 101.137
      vertex 0 0 114.722
    endloop
  endfacet
  facet normal -0.154956 0.690028 -0.707001
    outer loop
      vertex 3.30089 -13.1779 101.137
      vertex 2.6503 -13.324 101.137
      vertex 0 0 114.722
    endloop
  endfacet
  facet normal -0.407192 0.578226 -0.707
    outer loop
      vertex 8.09257 -10.9116 101.137
      vertex 7.54742 -11.2955 101.137
      vertex 0 0 114.722
    endloop
  endfacet
  facet normal 0.631696 0.31798 -0.707
    outer loop
      vertex 0 0 114.722
      vertex -11.9809 -6.40392 101.137
      vertex -12.2807 -5.80834 101.137
    endloop
  endfacet
  facet normal 0.557493 0.435147 -0.707
    outer loop
      vertex 0 0 114.722
      vertex -10.5013 -8.61823 101.137
      vertex -10.9116 -8.09257 101.137
    endloop
  endfacet
  facet normal -0.378339 0.597504 -0.707
    outer loop
      vertex 7.54742 -11.2955 101.137
      vertex 6.98409 -11.6522 101.137
      vertex 0 0 114.722
    endloop
  endfacet
  facet normal 0.154956 0.690028 -0.707001
    outer loop
      vertex 0 0 114.722
      vertex -2.6503 -13.324 101.137
      vertex -3.30089 -13.1779 101.137
    endloop
  endfacet
  facet normal 0.188682 0.681579 -0.707
    outer loop
      vertex 0 0 114.722
      vertex -3.30089 -13.1779 101.137
      vertex -3.94352 -13 101.137
    endloop
  endfacet
  facet normal 0.0173944 0.707 -0.707
    outer loop
      vertex 0 0 114.722
      vertex 0 -13.585 101.137
      vertex -0.666584 -13.5686 101.137
    endloop
  endfacet
  facet normal 0.578226 0.407192 -0.707
    outer loop
      vertex 0 0 114.722
      vertex -10.9116 -8.09257 101.137
      vertex -11.2955 -7.54742 101.137
    endloop
  endfacet
  facet normal -0.120911 0.6968 -0.707001
    outer loop
      vertex 2.6503 -13.324 101.137
      vertex 1.99333 -13.438 101.137
      vertex 0 0 114.722
    endloop
  endfacet
  facet normal 0.407192 0.578226 -0.707
    outer loop
      vertex 0 0 114.722
      vertex -7.54742 -11.2955 101.137
      vertex -8.09257 -10.9116 101.137
    endloop
  endfacet
  facet normal 0.221785 0.671537 -0.707
    outer loop
      vertex 0 0 114.722
      vertex -3.94352 -13 101.137
      vertex -4.57665 -12.7909 101.137
    endloop
  endfacet
  facet normal 0.701897 0.0865479 -0.707001
    outer loop
      vertex 0 0 114.722
      vertex -13.438 -1.99333 101.137
      vertex -13.5196 -1.33156 101.137
    endloop
  endfacet
  facet normal 0.705301 0.0519714 -0.707
    outer loop
      vertex 0 0 114.722
      vertex -13.5196 -1.33156 101.137
      vertex -13.5686 -0.666584 101.137
    endloop
  endfacet
  facet normal 0.707 0.0173944 -0.707
    outer loop
      vertex 0 0 114.722
      vertex -13.5686 -0.666584 101.137
      vertex -13.585 0 101.137
    endloop
  endfacet
  facet normal 0 0 -1
    outer loop
      vertex 0.429198 -21.5337 -1.90735e-07
      vertex 8.24876 -24.7873 -1.90735e-07
      vertex 8.46797 -25.167 -1.90735e-07
    endloop
  endfacet
  facet normal 0 0 -1
    outer loop
      vertex 1.22225 -21.2052 -1.90735e-07
      vertex 6.55097 -21.8466 -1.90735e-07
      vertex 6.87911 -22.415 -1.90735e-07
    endloop
  endfacet
  facet normal 0 0 -1
    outer loop
      vertex 6.55097 -21.8466 -1.90735e-07
      vertex 1.55563 -20.9316 -1.90735e-07
      vertex 6.19363 -21.2277 -1.90735e-07
    endloop
  endfacet
  facet normal 0 0 -1
    outer loop
      vertex 4.70337 -18.6465 -1.90735e-07
      vertex 3.94352 -13 -1.90735e-07
      vertex 4.57665 -12.7909 -1.90735e-07
    endloop
  endfacet
  facet normal 0 0 -1
    outer loop
      vertex 4.70337 -18.6465 -1.90735e-07
      vertex 3.30089 -13.1779 -1.90735e-07
      vertex 3.94352 -13 -1.90735e-07
    endloop
  endfacet
  facet normal 0 0 -1
    outer loop
      vertex 1.55563 -17.8203 -1.90735e-07
      vertex 3.30089 -13.1779 -1.90735e-07
      vertex 4.70337 -18.6465 -1.90735e-07
    endloop
  endfacet
  facet normal 0 0 -1
    outer loop
      vertex 2.15773 -18.9468 -1.90735e-07
      vertex 4.70337 -18.6465 -1.90735e-07
      vertex 2.2 -19.376 -1.90735e-07
    endloop
  endfacet
  facet normal 0 0 -1
    outer loop
      vertex 6.19363 -21.2277 -1.90735e-07
      vertex 2.03253 -20.2179 -1.90735e-07
      vertex 4.70337 -18.6465 -1.90735e-07
    endloop
  endfacet
  facet normal 0 0 -1
    outer loop
      vertex 8.24876 -24.7873 -1.90735e-07
      vertex 0.841903 -21.4085 -1.90735e-07
      vertex 6.87911 -22.415 -1.90735e-07
    endloop
  endfacet
  facet normal 0 0 -1
    outer loop
      vertex 4.70337 -18.6465 -1.90735e-07
      vertex 2.15773 -19.8052 -1.90735e-07
      vertex 2.2 -19.376 -1.90735e-07
    endloop
  endfacet
  facet normal 0 0 -1
    outer loop
      vertex 4.70337 -18.6465 -1.90735e-07
      vertex 2.03253 -20.2179 -1.90735e-07
      vertex 2.15773 -19.8052 -1.90735e-07
    endloop
  endfacet
  facet normal 0 0 -1
    outer loop
      vertex 6.19363 -21.2277 -1.90735e-07
      vertex 1.82923 -20.5982 -1.90735e-07
      vertex 2.03253 -20.2179 -1.90735e-07
    endloop
  endfacet
  facet normal 0 0 -1
    outer loop
      vertex 6.19363 -21.2277 -1.90735e-07
      vertex 1.55563 -20.9316 -1.90735e-07
      vertex 1.82923 -20.5982 -1.90735e-07
    endloop
  endfacet
  facet normal 0 0 -1
    outer loop
      vertex 6.55097 -21.8466 -1.90735e-07
      vertex 1.22225 -21.2052 -1.90735e-07
      vertex 1.55563 -20.9316 -1.90735e-07
    endloop
  endfacet
  facet normal 0 0 -1
    outer loop
      vertex 6.87911 -22.415 -1.90735e-07
      vertex 0.841903 -21.4085 -1.90735e-07
      vertex 1.22225 -21.2052 -1.90735e-07
    endloop
  endfacet
  facet normal 0 0 -1
    outer loop
      vertex 8.24876 -24.7873 -1.90735e-07
      vertex 0.429198 -21.5337 -1.90735e-07
      vertex 0.841903 -21.4085 -1.90735e-07
    endloop
  endfacet
  facet normal 0 0 -1
    outer loop
      vertex 8.46797 -25.167 -1.90735e-07
      vertex 0 -21.576 -1.90735e-07
      vertex 0.429198 -21.5337 -1.90735e-07
    endloop
  endfacet
  facet normal 0 0 -1
    outer loop
      vertex -8.46797 -25.167 -1.90735e-07
      vertex 0 -21.576 -1.90735e-07
      vertex 8.46797 -25.167 -1.90735e-07
    endloop
  endfacet
  facet normal -0 0 -1
    outer loop
      vertex 0 -21.576 -1.90735e-07
      vertex -8.46797 -25.167 -1.90735e-07
      vertex -0.429198 -21.5337 -1.90735e-07
    endloop
  endfacet
  facet normal 0 0 -1
    outer loop
      vertex -1.55563 -17.8203 -1.90735e-07
      vertex -3.30089 -13.1779 -1.90735e-07
      vertex -2.6503 -13.324 -1.90735e-07
    endloop
  endfacet
  facet normal 0 0 -1
    outer loop
      vertex -4.70337 -18.6465 -1.90735e-07
      vertex -2.2 -19.376 -1.90735e-07
      vertex -2.15773 -19.8052 -1.90735e-07
    endloop
  endfacet
  facet normal 0 0 -1
    outer loop
      vertex -2.15773 -18.9468 -1.90735e-07
      vertex -4.70337 -18.6465 -1.90735e-07
      vertex -3.30089 -13.1779 -1.90735e-07
    endloop
  endfacet
  facet normal -0 0 -1
    outer loop
      vertex -3.30089 -13.1779 -1.90735e-07
      vertex -4.70337 -18.6465 -1.90735e-07
      vertex -3.94352 -13 -1.90735e-07
    endloop
  endfacet
  facet normal 0 0 -1
    outer loop
      vertex -4.70337 -18.6465 -1.90735e-07
      vertex -2.15773 -19.8052 -1.90735e-07
      vertex -2.03253 -20.2179 -1.90735e-07
    endloop
  endfacet
  facet normal -0 0 -1
    outer loop
      vertex -3.94352 -13 -1.90735e-07
      vertex -4.70337 -18.6465 -1.90735e-07
      vertex -4.57665 -12.7909 -1.90735e-07
    endloop
  endfacet
  facet normal 0 0 -1
    outer loop
      vertex -6.19363 -21.2277 -1.90735e-07
      vertex -2.03253 -20.2179 -1.90735e-07
      vertex -1.82923 -20.5982 -1.90735e-07
    endloop
  endfacet
  facet normal 0 0 -1
    outer loop
      vertex -6.19363 -21.2277 -1.90735e-07
      vertex -1.82923 -20.5982 -1.90735e-07
      vertex -1.55563 -20.9316 -1.90735e-07
    endloop
  endfacet
  facet normal 0 0 -1
    outer loop
      vertex -6.55097 -21.8466 -1.90735e-07
      vertex -1.55563 -20.9316 -1.90735e-07
      vertex -1.22225 -21.2052 -1.90735e-07
    endloop
  endfacet
  facet normal -0 0 -1
    outer loop
      vertex -2.03253 -20.2179 -1.90735e-07
      vertex -6.19363 -21.2277 -1.90735e-07
      vertex -4.70337 -18.6465 -1.90735e-07
    endloop
  endfacet
  facet normal 0 0 -1
    outer loop
      vertex -6.87911 -22.415 -1.90735e-07
      vertex -1.22225 -21.2052 -1.90735e-07
      vertex -0.841903 -21.4085 -1.90735e-07
    endloop
  endfacet
  facet normal 0 -0 -1
    outer loop
      vertex -8.24876 -24.7873 -1.90735e-07
      vertex -0.429198 -21.5337 -1.90735e-07
      vertex -8.46797 -25.167 -1.90735e-07
    endloop
  endfacet
  facet normal 0 0 -1
    outer loop
      vertex -1.55563 -20.9316 -1.90735e-07
      vertex -6.55097 -21.8466 -1.90735e-07
      vertex -6.19363 -21.2277 -1.90735e-07
    endloop
  endfacet
  facet normal 0 0 -1
    outer loop
      vertex -1.22225 -21.2052 -1.90735e-07
      vertex -6.87911 -22.415 -1.90735e-07
      vertex -6.55097 -21.8466 -1.90735e-07
    endloop
  endfacet
  facet normal 0 0 -1
    outer loop
      vertex -0.841903 -21.4085 -1.90735e-07
      vertex -8.24876 -24.7873 -1.90735e-07
      vertex -6.87911 -22.415 -1.90735e-07
    endloop
  endfacet
  facet normal -0 0 -1
    outer loop
      vertex -0.429198 -21.5337 -1.90735e-07
      vertex -8.24876 -24.7873 -1.90735e-07
      vertex -0.841903 -21.4085 -1.90735e-07
    endloop
  endfacet
  facet normal -0 0 -1
    outer loop
      vertex 16.2107 7.56295 -1.90735e-07
      vertex 12.7909 4.57665 -1.90735e-07
      vertex 15.8071 7.71487 -1.90735e-07
    endloop
  endfacet
  facet normal 0 0 -1
    outer loop
      vertex 12.5509 5.19875 -1.90735e-07
      vertex 15.8071 7.71487 -1.90735e-07
      vertex 12.7909 4.57665 -1.90735e-07
    endloop
  endfacet
  facet normal -0 0 -1
    outer loop
      vertex 15.8071 7.71487 -1.90735e-07
      vertex 12.5509 5.19875 -1.90735e-07
      vertex 15.4408 7.94261 -1.90735e-07
    endloop
  endfacet
  facet normal 0 0 -1
    outer loop
      vertex 12.2807 5.80834 -1.90735e-07
      vertex 15.4408 7.94261 -1.90735e-07
      vertex 12.5509 5.19875 -1.90735e-07
    endloop
  endfacet
  facet normal -0 0 -1
    outer loop
      vertex 15.4408 7.94261 -1.90735e-07
      vertex 12.2807 5.80834 -1.90735e-07
      vertex 15.126 8.23743 -1.90735e-07
    endloop
  endfacet
  facet normal 0 0 -1
    outer loop
      vertex 11.9809 6.40392 -1.90735e-07
      vertex 15.126 8.23743 -1.90735e-07
      vertex 12.2807 5.80834 -1.90735e-07
    endloop
  endfacet
  facet normal -0 0 -1
    outer loop
      vertex 15.126 8.23743 -1.90735e-07
      vertex 11.9809 6.40392 -1.90735e-07
      vertex 14.8748 8.58799 -1.90735e-07
    endloop
  endfacet
  facet normal 0 0 -1
    outer loop
      vertex 11.6522 6.98409 -1.90735e-07
      vertex 14.8748 8.58799 -1.90735e-07
      vertex 11.9809 6.40392 -1.90735e-07
    endloop
  endfacet
  facet normal -0 0 -1
    outer loop
      vertex 14.8748 8.58799 -1.90735e-07
      vertex 11.6522 6.98409 -1.90735e-07
      vertex 14.6968 8.98082 -1.90735e-07
    endloop
  endfacet
  facet normal 0 0 -1
    outer loop
      vertex 11.2955 7.54742 -1.90735e-07
      vertex 14.6968 8.98082 -1.90735e-07
      vertex 11.6522 6.98409 -1.90735e-07
    endloop
  endfacet
  facet normal -0 0 -1
    outer loop
      vertex 14.6968 8.98082 -1.90735e-07
      vertex 11.2955 7.54742 -1.90735e-07
      vertex 14.5989 9.40083 -1.90735e-07
    endloop
  endfacet
  facet normal 0 0 -1
    outer loop
      vertex 10.9116 8.09257 -1.90735e-07
      vertex 14.5989 9.40083 -1.90735e-07
      vertex 11.2955 7.54742 -1.90735e-07
    endloop
  endfacet
  facet normal 0 0 -1
    outer loop
      vertex 10.5013 8.61823 -1.90735e-07
      vertex 14.5989 9.40083 -1.90735e-07
      vertex 10.9116 8.09257 -1.90735e-07
    endloop
  endfacet
  facet normal 0 0 -1
    outer loop
      vertex 10.0658 9.12313 -1.90735e-07
      vertex 14.5989 9.40083 -1.90735e-07
      vertex 10.5013 8.61823 -1.90735e-07
    endloop
  endfacet
  facet normal -0 0 -1
    outer loop
      vertex 14.5989 9.40083 -1.90735e-07
      vertex 10.0658 9.12313 -1.90735e-07
      vertex 13.7966 13.3965 -1.90735e-07
    endloop
  endfacet
  facet normal 0 0 -1
    outer loop
      vertex 9.60604 9.60604 -1.90735e-07
      vertex 13.7966 13.3965 -1.90735e-07
      vertex 10.0658 9.12313 -1.90735e-07
    endloop
  endfacet
  facet normal 0 0 -1
    outer loop
      vertex 9.12313 10.0658 -1.90735e-07
      vertex 13.7966 13.3965 -1.90735e-07
      vertex 9.60604 9.60604 -1.90735e-07
    endloop
  endfacet
  facet normal 0 0 -1
    outer loop
      vertex 8.61823 10.5013 -1.90735e-07
      vertex 13.7966 13.3965 -1.90735e-07
      vertex 9.12313 10.0658 -1.90735e-07
    endloop
  endfacet
  facet normal 0 0 -1
    outer loop
      vertex 8.09257 10.9116 -1.90735e-07
      vertex 13.7966 13.3965 -1.90735e-07
      vertex 8.61823 10.5013 -1.90735e-07
    endloop
  endfacet
  facet normal 0 0 -1
    outer loop
      vertex 7.54742 11.2955 -1.90735e-07
      vertex 13.7966 13.3965 -1.90735e-07
      vertex 8.09257 10.9116 -1.90735e-07
    endloop
  endfacet
  facet normal 0 0 -1
    outer loop
      vertex 6.98409 11.6522 -1.90735e-07
      vertex 13.7966 13.3965 -1.90735e-07
      vertex 7.54742 11.2955 -1.90735e-07
    endloop
  endfacet
  facet normal 0 0 -1
    outer loop
      vertex 4.70337 18.6465 -1.90735e-07
      vertex 6.98409 11.6522 -1.90735e-07
      vertex 6.40392 11.9809 -1.90735e-07
    endloop
  endfacet
  facet normal 0 0 -1
    outer loop
      vertex 4.70337 18.6465 -1.90735e-07
      vertex 6.40392 11.9809 -1.90735e-07
      vertex 5.80834 12.2807 -1.90735e-07
    endloop
  endfacet
  facet normal 0 0 -1
    outer loop
      vertex 4.70337 18.6465 -1.90735e-07
      vertex 5.80834 12.2807 -1.90735e-07
      vertex 5.19875 12.5509 -1.90735e-07
    endloop
  endfacet
  facet normal 0 0 -1
    outer loop
      vertex 6.98409 11.6522 -1.90735e-07
      vertex 4.70337 18.6465 -1.90735e-07
      vertex 13.7966 13.3965 -1.90735e-07
    endloop
  endfacet
  facet normal 0 -0 -1
    outer loop
      vertex 4.70337 18.6465 -1.90735e-07
      vertex 5.19875 12.5509 -1.90735e-07
      vertex 4.57665 12.7909 -1.90735e-07
    endloop
  endfacet
  facet normal 0 0 -1
    outer loop
      vertex -8.24876 24.7873 -1.90735e-07
      vertex 8.24876 24.7873 -1.90735e-07
      vertex 6.87911 22.415 -1.90735e-07
    endloop
  endfacet
  facet normal 0 0 -1
    outer loop
      vertex -6.55097 21.8466 -1.90735e-07
      vertex 6.55097 21.8466 -1.90735e-07
      vertex 6.19363 21.2277 -1.90735e-07
    endloop
  endfacet
  facet normal 0 0 -1
    outer loop
      vertex -6.19363 21.2277 -1.90735e-07
      vertex 6.19363 21.2277 -1.90735e-07
      vertex 4.70337 18.6465 -1.90735e-07
    endloop
  endfacet
  facet normal 0 0 -1
    outer loop
      vertex 3.94352 13 -1.90735e-07
      vertex 4.70337 18.6465 -1.90735e-07
      vertex 4.57665 12.7909 -1.90735e-07
    endloop
  endfacet
  facet normal 0 0 -1
    outer loop
      vertex 3.30089 13.1779 -1.90735e-07
      vertex 4.70337 18.6465 -1.90735e-07
      vertex 3.94352 13 -1.90735e-07
    endloop
  endfacet
  facet normal 0 0 -1
    outer loop
      vertex 2.6503 13.324 -1.90735e-07
      vertex 4.70337 18.6465 -1.90735e-07
      vertex 3.30089 13.1779 -1.90735e-07
    endloop
  endfacet
  facet normal 0 0 -1
    outer loop
      vertex 1.99333 13.438 -1.90735e-07
      vertex 4.70337 18.6465 -1.90735e-07
      vertex 2.6503 13.324 -1.90735e-07
    endloop
  endfacet
  facet normal 0 0 -1
    outer loop
      vertex 1.33156 13.5196 -1.90735e-07
      vertex 4.70337 18.6465 -1.90735e-07
      vertex 1.99333 13.438 -1.90735e-07
    endloop
  endfacet
  facet normal 0 0 -1
    outer loop
      vertex 0.666584 13.5686 -1.90735e-07
      vertex 4.70337 18.6465 -1.90735e-07
      vertex 1.33156 13.5196 -1.90735e-07
    endloop
  endfacet
  facet normal 0 0 -1
    outer loop
      vertex 0 13.585 -1.90735e-07
      vertex 4.70337 18.6465 -1.90735e-07
      vertex 0.666584 13.5686 -1.90735e-07
    endloop
  endfacet
  facet normal 0 0 -1
    outer loop
      vertex -6.19363 21.2277 -1.90735e-07
      vertex 4.70337 18.6465 -1.90735e-07
      vertex -4.70337 18.6465 -1.90735e-07
    endloop
  endfacet
  facet normal -0 0 -1
    outer loop
      vertex 4.70337 18.6465 -1.90735e-07
      vertex 0 13.585 -1.90735e-07
      vertex -4.70337 18.6465 -1.90735e-07
    endloop
  endfacet
  facet normal 0 0 -1
    outer loop
      vertex -4.70337 18.6465 -1.90735e-07
      vertex 0 13.585 -1.90735e-07
      vertex -0.666584 13.5686 -1.90735e-07
    endloop
  endfacet
  facet normal 0 0 -1
    outer loop
      vertex -4.70337 18.6465 -1.90735e-07
      vertex -0.666584 13.5686 -1.90735e-07
      vertex -1.33156 13.5196 -1.90735e-07
    endloop
  endfacet
  facet normal 0 0 -1
    outer loop
      vertex -4.70337 18.6465 -1.90735e-07
      vertex -1.33156 13.5196 -1.90735e-07
      vertex -1.99333 13.438 -1.90735e-07
    endloop
  endfacet
  facet normal 0 0 -1
    outer loop
      vertex -4.70337 18.6465 -1.90735e-07
      vertex -1.99333 13.438 -1.90735e-07
      vertex -2.6503 13.324 -1.90735e-07
    endloop
  endfacet
  facet normal 0 0 -1
    outer loop
      vertex -4.70337 18.6465 -1.90735e-07
      vertex -2.6503 13.324 -1.90735e-07
      vertex -3.30089 13.1779 -1.90735e-07
    endloop
  endfacet
  facet normal 0 0 -1
    outer loop
      vertex -4.70337 18.6465 -1.90735e-07
      vertex -3.30089 13.1779 -1.90735e-07
      vertex -3.94352 13 -1.90735e-07
    endloop
  endfacet
  facet normal 0 0 -1
    outer loop
      vertex -4.70337 18.6465 -1.90735e-07
      vertex -3.94352 13 -1.90735e-07
      vertex -4.57665 12.7909 -1.90735e-07
    endloop
  endfacet
  facet normal 0 0 -1
    outer loop
      vertex -6.55097 21.8466 -1.90735e-07
      vertex 6.19363 21.2277 -1.90735e-07
      vertex -6.19363 21.2277 -1.90735e-07
    endloop
  endfacet
  facet normal 0 0 -1
    outer loop
      vertex 6.55097 21.8466 -1.90735e-07
      vertex -6.55097 21.8466 -1.90735e-07
      vertex 6.87911 22.415 -1.90735e-07
    endloop
  endfacet
  facet normal 0 0 -1
    outer loop
      vertex -6.87911 22.415 -1.90735e-07
      vertex 6.87911 22.415 -1.90735e-07
      vertex -6.55097 21.8466 -1.90735e-07
    endloop
  endfacet
  facet normal 0 0 -1
    outer loop
      vertex -8.24876 24.7873 -1.90735e-07
      vertex 6.87911 22.415 -1.90735e-07
      vertex -6.87911 22.415 -1.90735e-07
    endloop
  endfacet
  facet normal 0 0 -1
    outer loop
      vertex 8.24876 24.7873 -1.90735e-07
      vertex -8.24876 24.7873 -1.90735e-07
      vertex 8.46797 25.167 -1.90735e-07
    endloop
  endfacet
  facet normal -0 0 -1
    outer loop
      vertex 8.46797 25.167 -1.90735e-07
      vertex -8.24876 24.7873 -1.90735e-07
      vertex -8.46797 25.167 -1.90735e-07
    endloop
  endfacet
  facet normal 0 0 -1
    outer loop
      vertex -10.0658 9.12313 -1.90735e-07
      vertex -14.6551 10.2574 -1.90735e-07
      vertex -13.7966 13.3965 -1.90735e-07
    endloop
  endfacet
  facet normal 0 0 -1
    outer loop
      vertex -14.807 10.661 -1.90735e-07
      vertex -13.7966 13.3965 -1.90735e-07
      vertex -14.6551 10.2574 -1.90735e-07
    endloop
  endfacet
  facet normal 0 0 -1
    outer loop
      vertex -15.0347 11.0273 -1.90735e-07
      vertex -13.7966 13.3965 -1.90735e-07
      vertex -14.807 10.661 -1.90735e-07
    endloop
  endfacet
  facet normal 0 0 -1
    outer loop
      vertex -15.3295 11.342 -1.90735e-07
      vertex -13.7966 13.3965 -1.90735e-07
      vertex -15.0347 11.0273 -1.90735e-07
    endloop
  endfacet
  facet normal 0 0 -1
    outer loop
      vertex -15.6801 11.5932 -1.90735e-07
      vertex -13.7966 13.3965 -1.90735e-07
      vertex -15.3295 11.342 -1.90735e-07
    endloop
  endfacet
  facet normal 0 0 -1
    outer loop
      vertex -16.0729 11.7712 -1.90735e-07
      vertex -13.7966 13.3965 -1.90735e-07
      vertex -15.6801 11.5932 -1.90735e-07
    endloop
  endfacet
  facet normal 0 0 -1
    outer loop
      vertex -16.4929 11.8692 -1.90735e-07
      vertex -13.7966 13.3965 -1.90735e-07
      vertex -16.0729 11.7712 -1.90735e-07
    endloop
  endfacet
  facet normal -0 0 -1
    outer loop
      vertex -13.7966 13.3965 -1.90735e-07
      vertex -16.4929 11.8692 -1.90735e-07
      vertex -15.2869 15.9777 -1.90735e-07
    endloop
  endfacet
  facet normal 0 0 -1
    outer loop
      vertex -16.924 11.8833 -1.90735e-07
      vertex -15.2869 15.9777 -1.90735e-07
      vertex -16.4929 11.8692 -1.90735e-07
    endloop
  endfacet
  facet normal 0 0 -1
    outer loop
      vertex -17.3495 11.813 -1.90735e-07
      vertex -15.2869 15.9777 -1.90735e-07
      vertex -16.924 11.8833 -1.90735e-07
    endloop
  endfacet
  facet normal -0 0 -1
    outer loop
      vertex -15.2869 15.9777 -1.90735e-07
      vertex -17.3495 11.813 -1.90735e-07
      vertex -15.6442 16.5966 -1.90735e-07
    endloop
  endfacet
  facet normal 0 0 -1
    outer loop
      vertex -17.7531 11.6611 -1.90735e-07
      vertex -15.6442 16.5966 -1.90735e-07
      vertex -17.3495 11.813 -1.90735e-07
    endloop
  endfacet
  facet normal -0 0 -1
    outer loop
      vertex -15.6442 16.5966 -1.90735e-07
      vertex -17.7531 11.6611 -1.90735e-07
      vertex -15.9724 17.165 -1.90735e-07
    endloop
  endfacet
  facet normal 0 0 -1
    outer loop
      vertex -18.1194 11.4334 -1.90735e-07
      vertex -15.9724 17.165 -1.90735e-07
      vertex -17.7531 11.6611 -1.90735e-07
    endloop
  endfacet
  facet normal -0 0 -1
    outer loop
      vertex -15.9724 17.165 -1.90735e-07
      vertex -18.1194 11.4334 -1.90735e-07
      vertex -17.342 19.5373 -1.90735e-07
    endloop
  endfacet
  facet normal 0 0 -1
    outer loop
      vertex -18.4341 11.1386 -1.90735e-07
      vertex -17.342 19.5373 -1.90735e-07
      vertex -18.1194 11.4334 -1.90735e-07
    endloop
  endfacet
  facet normal -0 0 -1
    outer loop
      vertex -17.342 19.5373 -1.90735e-07
      vertex -18.4341 11.1386 -1.90735e-07
      vertex -17.5612 19.917 -1.90735e-07
    endloop
  endfacet
  facet normal 0 0 -1
    outer loop
      vertex -18.6853 10.788 -1.90735e-07
      vertex -17.5612 19.917 -1.90735e-07
      vertex -18.4341 11.1386 -1.90735e-07
    endloop
  endfacet
  facet normal 0 0 -1
    outer loop
      vertex -26.0292 5.25 -1.90735e-07
      vertex -18.6853 10.788 -1.90735e-07
      vertex -18.8633 10.3952 -1.90735e-07
    endloop
  endfacet
  facet normal 0 0 -1
    outer loop
      vertex -26.0292 5.25 -1.90735e-07
      vertex -18.8633 10.3952 -1.90735e-07
      vertex -18.9613 9.97515 -1.90735e-07
    endloop
  endfacet
  facet normal -0 0 -1
    outer loop
      vertex -18.6853 10.788 -1.90735e-07
      vertex -26.0292 5.25 -1.90735e-07
      vertex -17.5612 19.917 -1.90735e-07
    endloop
  endfacet
  facet normal 0 0 -1
    outer loop
      vertex -26.0292 5.25 -1.90735e-07
      vertex -18.9613 9.97515 -1.90735e-07
      vertex -18.9754 9.5441 -1.90735e-07
    endloop
  endfacet
  facet normal -0 0 -1
    outer loop
      vertex -17.8801 7.78273 -1.90735e-07
      vertex -18.5 5.25 -1.90735e-07
      vertex -18.2307 8.03394 -1.90735e-07
    endloop
  endfacet
  facet normal 0 0 -1
    outer loop
      vertex -18.5 5.25 -1.90735e-07
      vertex -18.5255 8.34872 -1.90735e-07
      vertex -18.2307 8.03394 -1.90735e-07
    endloop
  endfacet
  facet normal 0 0 -1
    outer loop
      vertex -18.5 5.25 -1.90735e-07
      vertex -18.7532 8.71496 -1.90735e-07
      vertex -18.5255 8.34872 -1.90735e-07
    endloop
  endfacet
  facet normal 0 0 -1
    outer loop
      vertex -26.0292 5.25 -1.90735e-07
      vertex -18.7532 8.71496 -1.90735e-07
      vertex -18.5 5.25 -1.90735e-07
    endloop
  endfacet
  facet normal -0 0 -1
    outer loop
      vertex -18.7532 8.71496 -1.90735e-07
      vertex -26.0292 5.25 -1.90735e-07
      vertex -18.9051 9.11859 -1.90735e-07
    endloop
  endfacet
  facet normal -0 0 -1
    outer loop
      vertex -18.9051 9.11859 -1.90735e-07
      vertex -26.0292 5.25 -1.90735e-07
      vertex -18.9754 9.5441 -1.90735e-07
    endloop
  endfacet
  facet normal 0 0 -1
    outer loop
      vertex -5.19875 12.5509 -1.90735e-07
      vertex -4.70337 18.6465 -1.90735e-07
      vertex -4.57665 12.7909 -1.90735e-07
    endloop
  endfacet
  facet normal 0 0 -1
    outer loop
      vertex -5.80834 12.2807 -1.90735e-07
      vertex -4.70337 18.6465 -1.90735e-07
      vertex -5.19875 12.5509 -1.90735e-07
    endloop
  endfacet
  facet normal 0 0 -1
    outer loop
      vertex -6.40392 11.9809 -1.90735e-07
      vertex -4.70337 18.6465 -1.90735e-07
      vertex -5.80834 12.2807 -1.90735e-07
    endloop
  endfacet
  facet normal 0 0 -1
    outer loop
      vertex -6.98409 11.6522 -1.90735e-07
      vertex -4.70337 18.6465 -1.90735e-07
      vertex -6.40392 11.9809 -1.90735e-07
    endloop
  endfacet
  facet normal 0 0 -1
    outer loop
      vertex -13.7966 13.3965 -1.90735e-07
      vertex -6.98409 11.6522 -1.90735e-07
      vertex -7.54742 11.2955 -1.90735e-07
    endloop
  endfacet
  facet normal 0 0 -1
    outer loop
      vertex -13.7966 13.3965 -1.90735e-07
      vertex -7.54742 11.2955 -1.90735e-07
      vertex -8.09257 10.9116 -1.90735e-07
    endloop
  endfacet
  facet normal 0 0 -1
    outer loop
      vertex -13.7966 13.3965 -1.90735e-07
      vertex -8.09257 10.9116 -1.90735e-07
      vertex -8.61823 10.5013 -1.90735e-07
    endloop
  endfacet
  facet normal 0 0 -1
    outer loop
      vertex -13.7966 13.3965 -1.90735e-07
      vertex -8.61823 10.5013 -1.90735e-07
      vertex -9.12313 10.0658 -1.90735e-07
    endloop
  endfacet
  facet normal 0 0 -1
    outer loop
      vertex -13.7966 13.3965 -1.90735e-07
      vertex -9.12313 10.0658 -1.90735e-07
      vertex -9.60604 9.60604 -1.90735e-07
    endloop
  endfacet
  facet normal 0 0 -1
    outer loop
      vertex -13.7966 13.3965 -1.90735e-07
      vertex -9.60604 9.60604 -1.90735e-07
      vertex -10.0658 9.12313 -1.90735e-07
    endloop
  endfacet
  facet normal 0 0 -1
    outer loop
      vertex -14.6551 10.2574 -1.90735e-07
      vertex -10.5013 8.61823 -1.90735e-07
      vertex -14.5848 9.83188 -1.90735e-07
    endloop
  endfacet
  facet normal 0 0 -1
    outer loop
      vertex -14.5848 9.83188 -1.90735e-07
      vertex -10.5013 8.61823 -1.90735e-07
      vertex -10.9116 8.09257 -1.90735e-07
    endloop
  endfacet
  facet normal 0 0 -1
    outer loop
      vertex -14.5989 9.40083 -1.90735e-07
      vertex -10.9116 8.09257 -1.90735e-07
      vertex -11.2955 7.54742 -1.90735e-07
    endloop
  endfacet
  facet normal 0 0 -1
    outer loop
      vertex -14.6968 8.98082 -1.90735e-07
      vertex -11.2955 7.54742 -1.90735e-07
      vertex -11.6522 6.98409 -1.90735e-07
    endloop
  endfacet
  facet normal 0 0 -1
    outer loop
      vertex -6.98409 11.6522 -1.90735e-07
      vertex -13.7966 13.3965 -1.90735e-07
      vertex -4.70337 18.6465 -1.90735e-07
    endloop
  endfacet
  facet normal 0 0 -1
    outer loop
      vertex -14.8748 8.58799 -1.90735e-07
      vertex -11.6522 6.98409 -1.90735e-07
      vertex -11.9809 6.40392 -1.90735e-07
    endloop
  endfacet
  facet normal 0 0 -1
    outer loop
      vertex -15.126 8.23743 -1.90735e-07
      vertex -11.9809 6.40392 -1.90735e-07
      vertex -12.2807 5.80834 -1.90735e-07
    endloop
  endfacet
  facet normal 0 0 -1
    outer loop
      vertex -15.4408 7.94261 -1.90735e-07
      vertex -12.2807 5.80834 -1.90735e-07
      vertex -12.5509 5.19875 -1.90735e-07
    endloop
  endfacet
  facet normal 0 0 -1
    outer loop
      vertex -15.8071 7.71487 -1.90735e-07
      vertex -12.5509 5.19875 -1.90735e-07
      vertex -12.7909 4.57665 -1.90735e-07
    endloop
  endfacet
  facet normal 0 0 -1
    outer loop
      vertex -16.2107 7.56295 -1.90735e-07
      vertex -12.7909 4.57665 -1.90735e-07
      vertex -13 3.94352 -1.90735e-07
    endloop
  endfacet
  facet normal 0 0 -1
    outer loop
      vertex -18.5 5.25 -1.90735e-07
      vertex -13 3.94352 -1.90735e-07
      vertex -13.1779 3.30089 -1.90735e-07
    endloop
  endfacet
  facet normal 0 0 -1
    outer loop
      vertex -18.5 5.25 -1.90735e-07
      vertex -13.1779 3.30089 -1.90735e-07
      vertex -13.324 2.6503 -1.90735e-07
    endloop
  endfacet
  facet normal 0 0 -1
    outer loop
      vertex -18.5 5.25 -1.90735e-07
      vertex -13.324 2.6503 -1.90735e-07
      vertex -13.438 1.99333 -1.90735e-07
    endloop
  endfacet
  facet normal 0 0 -1
    outer loop
      vertex -18.5 5.25 -1.90735e-07
      vertex -13.438 1.99333 -1.90735e-07
      vertex -13.5196 1.33156 -1.90735e-07
    endloop
  endfacet
  facet normal 0 0 -1
    outer loop
      vertex -18.5 5.25 -1.90735e-07
      vertex -13.5196 1.33156 -1.90735e-07
      vertex -13.5686 0.666584 -1.90735e-07
    endloop
  endfacet
  facet normal 0 0 -1
    outer loop
      vertex -18.5 5.25 -1.90735e-07
      vertex -13.585 0 -1.90735e-07
      vertex -18.5 -5.25 -1.90735e-07
    endloop
  endfacet
  facet normal -0 0 -1
    outer loop
      vertex -13.5686 -0.666584 -1.90735e-07
      vertex -18.5 -5.25 -1.90735e-07
      vertex -13.585 0 -1.90735e-07
    endloop
  endfacet
  facet normal 0 0 -1
    outer loop
      vertex -10.9116 8.09257 -1.90735e-07
      vertex -14.5989 9.40083 -1.90735e-07
      vertex -14.5848 9.83188 -1.90735e-07
    endloop
  endfacet
  facet normal 0 0 -1
    outer loop
      vertex -10.5013 8.61823 -1.90735e-07
      vertex -14.6551 10.2574 -1.90735e-07
      vertex -10.0658 9.12313 -1.90735e-07
    endloop
  endfacet
  facet normal 0 0 -1
    outer loop
      vertex -11.2955 7.54742 -1.90735e-07
      vertex -14.6968 8.98082 -1.90735e-07
      vertex -14.5989 9.40083 -1.90735e-07
    endloop
  endfacet
  facet normal 0 0 -1
    outer loop
      vertex -11.6522 6.98409 -1.90735e-07
      vertex -14.8748 8.58799 -1.90735e-07
      vertex -14.6968 8.98082 -1.90735e-07
    endloop
  endfacet
  facet normal 0 0 -1
    outer loop
      vertex -11.9809 6.40392 -1.90735e-07
      vertex -15.126 8.23743 -1.90735e-07
      vertex -14.8748 8.58799 -1.90735e-07
    endloop
  endfacet
  facet normal 0 0 -1
    outer loop
      vertex -18.5 -5.25 -1.90735e-07
      vertex -13.7966 -13.3965 -1.90735e-07
      vertex -15.2869 -15.9777 -1.90735e-07
    endloop
  endfacet
  facet normal 0 0 -1
    outer loop
      vertex -13.585 0 -1.90735e-07
      vertex -18.5 5.25 -1.90735e-07
      vertex -13.5686 0.666584 -1.90735e-07
    endloop
  endfacet
  facet normal 0 0 -1
    outer loop
      vertex -26.0292 -5.25 -1.90735e-07
      vertex -15.2869 -15.9777 -1.90735e-07
      vertex -15.6442 -16.5966 -1.90735e-07
    endloop
  endfacet
  facet normal 0 0 -1
    outer loop
      vertex -12.2807 5.80834 -1.90735e-07
      vertex -15.4408 7.94261 -1.90735e-07
      vertex -15.126 8.23743 -1.90735e-07
    endloop
  endfacet
  facet normal 0 0 -1
    outer loop
      vertex -26.0292 -5.25 -1.90735e-07
      vertex -15.6442 -16.5966 -1.90735e-07
      vertex -15.9724 -17.165 -1.90735e-07
    endloop
  endfacet
  facet normal 0 0 -1
    outer loop
      vertex -12.5509 5.19875 -1.90735e-07
      vertex -15.8071 7.71487 -1.90735e-07
      vertex -15.4408 7.94261 -1.90735e-07
    endloop
  endfacet
  facet normal 0 0 -1
    outer loop
      vertex -12.7909 4.57665 -1.90735e-07
      vertex -16.2107 7.56295 -1.90735e-07
      vertex -15.8071 7.71487 -1.90735e-07
    endloop
  endfacet
  facet normal 0 0 -1
    outer loop
      vertex -18.5 5.25 -1.90735e-07
      vertex -16.2107 7.56295 -1.90735e-07
      vertex -13 3.94352 -1.90735e-07
    endloop
  endfacet
  facet normal 0 0 -1
    outer loop
      vertex -26.0292 -5.25 -1.90735e-07
      vertex -15.9724 -17.165 -1.90735e-07
      vertex -17.342 -19.5373 -1.90735e-07
    endloop
  endfacet
  facet normal 0 0 -1
    outer loop
      vertex -16.2107 7.56295 -1.90735e-07
      vertex -18.5 5.25 -1.90735e-07
      vertex -16.6362 7.4927 -1.90735e-07
    endloop
  endfacet
  facet normal 0 0 -1
    outer loop
      vertex -26.0292 -5.25 -1.90735e-07
      vertex -17.342 -19.5373 -1.90735e-07
      vertex -17.5612 -19.917 -1.90735e-07
    endloop
  endfacet
  facet normal -0 0 -1
    outer loop
      vertex -16.6362 7.4927 -1.90735e-07
      vertex -18.5 5.25 -1.90735e-07
      vertex -17.0672 7.50681 -1.90735e-07
    endloop
  endfacet
  facet normal -0 0 -1
    outer loop
      vertex -17.0672 7.50681 -1.90735e-07
      vertex -18.5 5.25 -1.90735e-07
      vertex -17.4873 7.60474 -1.90735e-07
    endloop
  endfacet
  facet normal -0 0 -1
    outer loop
      vertex -17.4873 7.60474 -1.90735e-07
      vertex -18.5 5.25 -1.90735e-07
      vertex -17.8801 7.78273 -1.90735e-07
    endloop
  endfacet
  facet normal 0 0 -1
    outer loop
      vertex -15.2869 -15.9777 -1.90735e-07
      vertex -26.0292 -5.25 -1.90735e-07
      vertex -18.5 -5.25 -1.90735e-07
    endloop
  endfacet
  facet normal 0 0 -1
    outer loop
      vertex 2.03253 -18.5341 -1.90735e-07
      vertex 4.70337 -18.6465 -1.90735e-07
      vertex 2.15773 -18.9468 -1.90735e-07
    endloop
  endfacet
  facet normal 0 0 -1
    outer loop
      vertex 1.82923 -18.1537 -1.90735e-07
      vertex 4.70337 -18.6465 -1.90735e-07
      vertex 2.03253 -18.5341 -1.90735e-07
    endloop
  endfacet
  facet normal 0 0 -1
    outer loop
      vertex 1.55563 -17.8203 -1.90735e-07
      vertex 4.70337 -18.6465 -1.90735e-07
      vertex 1.82923 -18.1537 -1.90735e-07
    endloop
  endfacet
  facet normal 0 0 -1
    outer loop
      vertex 3.30089 -13.1779 -1.90735e-07
      vertex 1.55563 -17.8203 -1.90735e-07
      vertex 2.6503 -13.324 -1.90735e-07
    endloop
  endfacet
  facet normal 0 0 -1
    outer loop
      vertex 1.22225 -17.5467 -1.90735e-07
      vertex 2.6503 -13.324 -1.90735e-07
      vertex 1.55563 -17.8203 -1.90735e-07
    endloop
  endfacet
  facet normal 0 0 -1
    outer loop
      vertex 2.6503 -13.324 -1.90735e-07
      vertex 1.22225 -17.5467 -1.90735e-07
      vertex 1.99333 -13.438 -1.90735e-07
    endloop
  endfacet
  facet normal 0 0 -1
    outer loop
      vertex 0.841903 -17.3434 -1.90735e-07
      vertex 1.99333 -13.438 -1.90735e-07
      vertex 1.22225 -17.5467 -1.90735e-07
    endloop
  endfacet
  facet normal 0 0 -1
    outer loop
      vertex 1.99333 -13.438 -1.90735e-07
      vertex 0.841903 -17.3434 -1.90735e-07
      vertex 1.33156 -13.5196 -1.90735e-07
    endloop
  endfacet
  facet normal 0 0 -1
    outer loop
      vertex 0.429198 -17.2183 -1.90735e-07
      vertex 1.33156 -13.5196 -1.90735e-07
      vertex 0.841903 -17.3434 -1.90735e-07
    endloop
  endfacet
  facet normal 0 0 -1
    outer loop
      vertex 1.33156 -13.5196 -1.90735e-07
      vertex 0.429198 -17.2183 -1.90735e-07
      vertex 0.666584 -13.5686 -1.90735e-07
    endloop
  endfacet
  facet normal 0 0 -1
    outer loop
      vertex 0 -17.176 -1.90735e-07
      vertex 0.666584 -13.5686 -1.90735e-07
      vertex 0.429198 -17.2183 -1.90735e-07
    endloop
  endfacet
  facet normal 0 0 -1
    outer loop
      vertex 0 -17.176 -1.90735e-07
      vertex 0 -13.585 -1.90735e-07
      vertex 0.666584 -13.5686 -1.90735e-07
    endloop
  endfacet
  facet normal 0 0 -1
    outer loop
      vertex -0.429198 -17.2183 -1.90735e-07
      vertex 0 -13.585 -1.90735e-07
      vertex 0 -17.176 -1.90735e-07
    endloop
  endfacet
  facet normal 0 0 -1
    outer loop
      vertex -0.429198 -17.2183 -1.90735e-07
      vertex -0.666584 -13.5686 -1.90735e-07
      vertex 0 -13.585 -1.90735e-07
    endloop
  endfacet
  facet normal 0 0 -1
    outer loop
      vertex -1.33156 -13.5196 -1.90735e-07
      vertex -0.429198 -17.2183 -1.90735e-07
      vertex -0.841903 -17.3434 -1.90735e-07
    endloop
  endfacet
  facet normal 0 0 -1
    outer loop
      vertex -1.99333 -13.438 -1.90735e-07
      vertex -0.841903 -17.3434 -1.90735e-07
      vertex -1.22225 -17.5467 -1.90735e-07
    endloop
  endfacet
  facet normal 0 0 -1
    outer loop
      vertex -0.429198 -17.2183 -1.90735e-07
      vertex -1.33156 -13.5196 -1.90735e-07
      vertex -0.666584 -13.5686 -1.90735e-07
    endloop
  endfacet
  facet normal 0 0 -1
    outer loop
      vertex -2.6503 -13.324 -1.90735e-07
      vertex -1.22225 -17.5467 -1.90735e-07
      vertex -1.55563 -17.8203 -1.90735e-07
    endloop
  endfacet
  facet normal 0 0 -1
    outer loop
      vertex -3.30089 -13.1779 -1.90735e-07
      vertex -1.55563 -17.8203 -1.90735e-07
      vertex -1.82923 -18.1537 -1.90735e-07
    endloop
  endfacet
  facet normal 0 0 -1
    outer loop
      vertex -0.841903 -17.3434 -1.90735e-07
      vertex -1.99333 -13.438 -1.90735e-07
      vertex -1.33156 -13.5196 -1.90735e-07
    endloop
  endfacet
  facet normal 0 0 -1
    outer loop
      vertex -3.30089 -13.1779 -1.90735e-07
      vertex -1.82923 -18.1537 -1.90735e-07
      vertex -2.03253 -18.5341 -1.90735e-07
    endloop
  endfacet
  facet normal 0 0 -1
    outer loop
      vertex -3.30089 -13.1779 -1.90735e-07
      vertex -2.03253 -18.5341 -1.90735e-07
      vertex -2.15773 -18.9468 -1.90735e-07
    endloop
  endfacet
  facet normal 0 0 -1
    outer loop
      vertex -4.70337 -18.6465 -1.90735e-07
      vertex -2.15773 -18.9468 -1.90735e-07
      vertex -2.2 -19.376 -1.90735e-07
    endloop
  endfacet
  facet normal 0 0 -1
    outer loop
      vertex -1.22225 -17.5467 -1.90735e-07
      vertex -2.6503 -13.324 -1.90735e-07
      vertex -1.99333 -13.438 -1.90735e-07
    endloop
  endfacet
  facet normal 0 0 -1
    outer loop
      vertex -4.70337 -18.6465 -1.90735e-07
      vertex -5.19875 -12.5509 -1.90735e-07
      vertex -4.57665 -12.7909 -1.90735e-07
    endloop
  endfacet
  facet normal 0 0 -1
    outer loop
      vertex -4.70337 -18.6465 -1.90735e-07
      vertex -5.80834 -12.2807 -1.90735e-07
      vertex -5.19875 -12.5509 -1.90735e-07
    endloop
  endfacet
  facet normal 0 0 -1
    outer loop
      vertex -4.70337 -18.6465 -1.90735e-07
      vertex -6.40392 -11.9809 -1.90735e-07
      vertex -5.80834 -12.2807 -1.90735e-07
    endloop
  endfacet
  facet normal 0 0 -1
    outer loop
      vertex -4.70337 -18.6465 -1.90735e-07
      vertex -6.98409 -11.6522 -1.90735e-07
      vertex -6.40392 -11.9809 -1.90735e-07
    endloop
  endfacet
  facet normal 0 0 -1
    outer loop
      vertex -13.7966 -13.3965 -1.90735e-07
      vertex -6.98409 -11.6522 -1.90735e-07
      vertex -4.70337 -18.6465 -1.90735e-07
    endloop
  endfacet
  facet normal -0 0 -1
    outer loop
      vertex -6.98409 -11.6522 -1.90735e-07
      vertex -13.7966 -13.3965 -1.90735e-07
      vertex -7.54742 -11.2955 -1.90735e-07
    endloop
  endfacet
  facet normal -0 0 -1
    outer loop
      vertex -7.54742 -11.2955 -1.90735e-07
      vertex -13.7966 -13.3965 -1.90735e-07
      vertex -8.09257 -10.9116 -1.90735e-07
    endloop
  endfacet
  facet normal -0 0 -1
    outer loop
      vertex -8.09257 -10.9116 -1.90735e-07
      vertex -13.7966 -13.3965 -1.90735e-07
      vertex -8.61823 -10.5013 -1.90735e-07
    endloop
  endfacet
  facet normal -0 0 -1
    outer loop
      vertex -8.61823 -10.5013 -1.90735e-07
      vertex -13.7966 -13.3965 -1.90735e-07
      vertex -9.12313 -10.0658 -1.90735e-07
    endloop
  endfacet
  facet normal -0 0 -1
    outer loop
      vertex -9.12313 -10.0658 -1.90735e-07
      vertex -13.7966 -13.3965 -1.90735e-07
      vertex -9.60604 -9.60604 -1.90735e-07
    endloop
  endfacet
  facet normal -0 0 -1
    outer loop
      vertex -9.60604 -9.60604 -1.90735e-07
      vertex -13.7966 -13.3965 -1.90735e-07
      vertex -10.0658 -9.12313 -1.90735e-07
    endloop
  endfacet
  facet normal -0 0 -1
    outer loop
      vertex -10.0658 -9.12313 -1.90735e-07
      vertex -13.7966 -13.3965 -1.90735e-07
      vertex -10.5013 -8.61823 -1.90735e-07
    endloop
  endfacet
  facet normal -0 0 -1
    outer loop
      vertex -10.5013 -8.61823 -1.90735e-07
      vertex -13.7966 -13.3965 -1.90735e-07
      vertex -10.9116 -8.09257 -1.90735e-07
    endloop
  endfacet
  facet normal -0 0 -1
    outer loop
      vertex -10.9116 -8.09257 -1.90735e-07
      vertex -13.7966 -13.3965 -1.90735e-07
      vertex -11.2955 -7.54742 -1.90735e-07
    endloop
  endfacet
  facet normal -0 0 -1
    outer loop
      vertex -13.5196 -1.33156 -1.90735e-07
      vertex -18.5 -5.25 -1.90735e-07
      vertex -13.5686 -0.666584 -1.90735e-07
    endloop
  endfacet
  facet normal -0 0 -1
    outer loop
      vertex -13.438 -1.99333 -1.90735e-07
      vertex -18.5 -5.25 -1.90735e-07
      vertex -13.5196 -1.33156 -1.90735e-07
    endloop
  endfacet
  facet normal -0 0 -1
    outer loop
      vertex -13.324 -2.6503 -1.90735e-07
      vertex -18.5 -5.25 -1.90735e-07
      vertex -13.438 -1.99333 -1.90735e-07
    endloop
  endfacet
  facet normal -0 0 -1
    outer loop
      vertex -13.1779 -3.30089 -1.90735e-07
      vertex -18.5 -5.25 -1.90735e-07
      vertex -13.324 -2.6503 -1.90735e-07
    endloop
  endfacet
  facet normal -0 0 -1
    outer loop
      vertex -13 -3.94352 -1.90735e-07
      vertex -18.5 -5.25 -1.90735e-07
      vertex -13.1779 -3.30089 -1.90735e-07
    endloop
  endfacet
  facet normal -0 0 -1
    outer loop
      vertex -12.7909 -4.57665 -1.90735e-07
      vertex -18.5 -5.25 -1.90735e-07
      vertex -13 -3.94352 -1.90735e-07
    endloop
  endfacet
  facet normal -0 0 -1
    outer loop
      vertex -12.5509 -5.19875 -1.90735e-07
      vertex -18.5 -5.25 -1.90735e-07
      vertex -12.7909 -4.57665 -1.90735e-07
    endloop
  endfacet
  facet normal 0 0 -1
    outer loop
      vertex -12.2807 -5.80834 -1.90735e-07
      vertex -18.5 -5.25 -1.90735e-07
      vertex -12.5509 -5.19875 -1.90735e-07
    endloop
  endfacet
  facet normal 0 0 -1
    outer loop
      vertex -11.9809 -6.40392 -1.90735e-07
      vertex -18.5 -5.25 -1.90735e-07
      vertex -12.2807 -5.80834 -1.90735e-07
    endloop
  endfacet
  facet normal 0 0 -1
    outer loop
      vertex -11.6522 -6.98409 -1.90735e-07
      vertex -18.5 -5.25 -1.90735e-07
      vertex -11.9809 -6.40392 -1.90735e-07
    endloop
  endfacet
  facet normal 0 0 -1
    outer loop
      vertex -18.5 -5.25 -1.90735e-07
      vertex -11.6522 -6.98409 -1.90735e-07
      vertex -13.7966 -13.3965 -1.90735e-07
    endloop
  endfacet
  facet normal -0 0 -1
    outer loop
      vertex -11.2955 -7.54742 -1.90735e-07
      vertex -13.7966 -13.3965 -1.90735e-07
      vertex -11.6522 -6.98409 -1.90735e-07
    endloop
  endfacet
  facet normal 0 0 -1
    outer loop
      vertex 13.585 0 -1.90735e-07
      vertex 18.5 5.25 -1.90735e-07
      vertex 18.5 -5.25 -1.90735e-07
    endloop
  endfacet
  facet normal 0 0 -1
    outer loop
      vertex 18.5 5.25 -1.90735e-07
      vertex 17.8801 7.78273 -1.90735e-07
      vertex 18.2307 8.03394 -1.90735e-07
    endloop
  endfacet
  facet normal 0 0 -1
    outer loop
      vertex 17.342 -19.5373 -1.90735e-07
      vertex 26.0292 -5.25 -1.90735e-07
      vertex 17.5612 -19.917 -1.90735e-07
    endloop
  endfacet
  facet normal 0 0 -1
    outer loop
      vertex 15.9724 -17.165 -1.90735e-07
      vertex 26.0292 -5.25 -1.90735e-07
      vertex 17.342 -19.5373 -1.90735e-07
    endloop
  endfacet
  facet normal 0 0 -1
    outer loop
      vertex 15.6442 -16.5966 -1.90735e-07
      vertex 26.0292 -5.25 -1.90735e-07
      vertex 15.9724 -17.165 -1.90735e-07
    endloop
  endfacet
  facet normal 0 0 -1
    outer loop
      vertex 15.2869 -15.9777 -1.90735e-07
      vertex 26.0292 -5.25 -1.90735e-07
      vertex 15.6442 -16.5966 -1.90735e-07
    endloop
  endfacet
  facet normal 0 -0 -1
    outer loop
      vertex 13.5196 -1.33156 -1.90735e-07
      vertex 18.5 -5.25 -1.90735e-07
      vertex 13.438 -1.99333 -1.90735e-07
    endloop
  endfacet
  facet normal 0 -0 -1
    outer loop
      vertex 13.5686 -0.666584 -1.90735e-07
      vertex 18.5 -5.25 -1.90735e-07
      vertex 13.5196 -1.33156 -1.90735e-07
    endloop
  endfacet
  facet normal 0 0 -1
    outer loop
      vertex 13.5686 0.666584 -1.90735e-07
      vertex 18.5 5.25 -1.90735e-07
      vertex 13.585 0 -1.90735e-07
    endloop
  endfacet
  facet normal 0 -0 -1
    outer loop
      vertex 13.585 0 -1.90735e-07
      vertex 18.5 -5.25 -1.90735e-07
      vertex 13.5686 -0.666584 -1.90735e-07
    endloop
  endfacet
  facet normal 0 0 -1
    outer loop
      vertex 18.5 5.25 -1.90735e-07
      vertex 17.0672 7.50681 -1.90735e-07
      vertex 17.4873 7.60474 -1.90735e-07
    endloop
  endfacet
  facet normal -0 0 -1
    outer loop
      vertex 26.0292 -5.25 -1.90735e-07
      vertex 15.2869 -15.9777 -1.90735e-07
      vertex 18.5 -5.25 -1.90735e-07
    endloop
  endfacet
  facet normal 0 0 -1
    outer loop
      vertex 18.5 5.25 -1.90735e-07
      vertex 16.6362 7.4927 -1.90735e-07
      vertex 17.0672 7.50681 -1.90735e-07
    endloop
  endfacet
  facet normal 0 0 -1
    outer loop
      vertex 13.7966 -13.3965 -1.90735e-07
      vertex 18.5 -5.25 -1.90735e-07
      vertex 15.2869 -15.9777 -1.90735e-07
    endloop
  endfacet
  facet normal 0 0 -1
    outer loop
      vertex 18.5 5.25 -1.90735e-07
      vertex 16.2107 7.56295 -1.90735e-07
      vertex 16.6362 7.4927 -1.90735e-07
    endloop
  endfacet
  facet normal 0 0 -1
    outer loop
      vertex 13.438 1.99333 -1.90735e-07
      vertex 18.5 5.25 -1.90735e-07
      vertex 13.5196 1.33156 -1.90735e-07
    endloop
  endfacet
  facet normal 0 0 -1
    outer loop
      vertex 13.324 2.6503 -1.90735e-07
      vertex 18.5 5.25 -1.90735e-07
      vertex 13.438 1.99333 -1.90735e-07
    endloop
  endfacet
  facet normal 0 0 -1
    outer loop
      vertex 13.1779 3.30089 -1.90735e-07
      vertex 18.5 5.25 -1.90735e-07
      vertex 13.324 2.6503 -1.90735e-07
    endloop
  endfacet
  facet normal 0 0 -1
    outer loop
      vertex 13 3.94352 -1.90735e-07
      vertex 18.5 5.25 -1.90735e-07
      vertex 13.1779 3.30089 -1.90735e-07
    endloop
  endfacet
  facet normal 0 0 -1
    outer loop
      vertex 11.6522 -6.98409 -1.90735e-07
      vertex 18.5 -5.25 -1.90735e-07
      vertex 13.7966 -13.3965 -1.90735e-07
    endloop
  endfacet
  facet normal 0 0 -1
    outer loop
      vertex 26.0292 5.25 -1.90735e-07
      vertex 18.9051 9.11859 -1.90735e-07
      vertex 18.9754 9.5441 -1.90735e-07
    endloop
  endfacet
  facet normal 0 0 -1
    outer loop
      vertex 26.0292 5.25 -1.90735e-07
      vertex 18.7532 8.71496 -1.90735e-07
      vertex 18.9051 9.11859 -1.90735e-07
    endloop
  endfacet
  facet normal 0 0 -1
    outer loop
      vertex 18.5 5.25 -1.90735e-07
      vertex 18.7532 8.71496 -1.90735e-07
      vertex 26.0292 5.25 -1.90735e-07
    endloop
  endfacet
  facet normal 0 0 -1
    outer loop
      vertex 18.7532 8.71496 -1.90735e-07
      vertex 18.5 5.25 -1.90735e-07
      vertex 18.5255 8.34872 -1.90735e-07
    endloop
  endfacet
  facet normal 0 0 -1
    outer loop
      vertex 18.5255 8.34872 -1.90735e-07
      vertex 18.5 5.25 -1.90735e-07
      vertex 18.2307 8.03394 -1.90735e-07
    endloop
  endfacet
  facet normal 0 0 -1
    outer loop
      vertex 18.9613 9.97515 -1.90735e-07
      vertex 26.0292 5.25 -1.90735e-07
      vertex 18.9754 9.5441 -1.90735e-07
    endloop
  endfacet
  facet normal 0 0 -1
    outer loop
      vertex 18.8633 10.3952 -1.90735e-07
      vertex 26.0292 5.25 -1.90735e-07
      vertex 18.9613 9.97515 -1.90735e-07
    endloop
  endfacet
  facet normal 0 0 -1
    outer loop
      vertex 18.6853 10.788 -1.90735e-07
      vertex 26.0292 5.25 -1.90735e-07
      vertex 18.8633 10.3952 -1.90735e-07
    endloop
  endfacet
  facet normal 0 0 -1
    outer loop
      vertex 17.5612 19.917 -1.90735e-07
      vertex 18.6853 10.788 -1.90735e-07
      vertex 18.4341 11.1386 -1.90735e-07
    endloop
  endfacet
  facet normal 0 0 -1
    outer loop
      vertex 17.342 19.5373 -1.90735e-07
      vertex 18.4341 11.1386 -1.90735e-07
      vertex 18.1194 11.4334 -1.90735e-07
    endloop
  endfacet
  facet normal 0 0 -1
    outer loop
      vertex 18.6853 10.788 -1.90735e-07
      vertex 17.5612 19.917 -1.90735e-07
      vertex 26.0292 5.25 -1.90735e-07
    endloop
  endfacet
  facet normal 0 0 -1
    outer loop
      vertex 15.9724 17.165 -1.90735e-07
      vertex 18.1194 11.4334 -1.90735e-07
      vertex 17.7531 11.6611 -1.90735e-07
    endloop
  endfacet
  facet normal 0 0 -1
    outer loop
      vertex 15.6442 16.5966 -1.90735e-07
      vertex 17.7531 11.6611 -1.90735e-07
      vertex 17.3495 11.813 -1.90735e-07
    endloop
  endfacet
  facet normal 0 0 -1
    outer loop
      vertex 18.4341 11.1386 -1.90735e-07
      vertex 17.342 19.5373 -1.90735e-07
      vertex 17.5612 19.917 -1.90735e-07
    endloop
  endfacet
  facet normal 0 0 -1
    outer loop
      vertex 15.2869 15.9777 -1.90735e-07
      vertex 17.3495 11.813 -1.90735e-07
      vertex 16.924 11.8833 -1.90735e-07
    endloop
  endfacet
  facet normal 0 0 -1
    outer loop
      vertex 15.2869 15.9777 -1.90735e-07
      vertex 16.924 11.8833 -1.90735e-07
      vertex 16.4929 11.8692 -1.90735e-07
    endloop
  endfacet
  facet normal 0 0 -1
    outer loop
      vertex 13.7966 13.3965 -1.90735e-07
      vertex 16.4929 11.8692 -1.90735e-07
      vertex 16.0729 11.7712 -1.90735e-07
    endloop
  endfacet
  facet normal 0 0 -1
    outer loop
      vertex 18.1194 11.4334 -1.90735e-07
      vertex 15.9724 17.165 -1.90735e-07
      vertex 17.342 19.5373 -1.90735e-07
    endloop
  endfacet
  facet normal 0 0 -1
    outer loop
      vertex 13.7966 13.3965 -1.90735e-07
      vertex 16.0729 11.7712 -1.90735e-07
      vertex 15.6801 11.5932 -1.90735e-07
    endloop
  endfacet
  facet normal 0 0 -1
    outer loop
      vertex 17.7531 11.6611 -1.90735e-07
      vertex 15.6442 16.5966 -1.90735e-07
      vertex 15.9724 17.165 -1.90735e-07
    endloop
  endfacet
  facet normal 0 0 -1
    outer loop
      vertex 13.7966 13.3965 -1.90735e-07
      vertex 15.6801 11.5932 -1.90735e-07
      vertex 15.3295 11.342 -1.90735e-07
    endloop
  endfacet
  facet normal 0 0 -1
    outer loop
      vertex 17.3495 11.813 -1.90735e-07
      vertex 15.2869 15.9777 -1.90735e-07
      vertex 15.6442 16.5966 -1.90735e-07
    endloop
  endfacet
  facet normal 0 0 -1
    outer loop
      vertex 13.7966 13.3965 -1.90735e-07
      vertex 15.3295 11.342 -1.90735e-07
      vertex 15.0347 11.0273 -1.90735e-07
    endloop
  endfacet
  facet normal 0 0 -1
    outer loop
      vertex 13.7966 13.3965 -1.90735e-07
      vertex 15.0347 11.0273 -1.90735e-07
      vertex 14.807 10.661 -1.90735e-07
    endloop
  endfacet
  facet normal 0 0 -1
    outer loop
      vertex 13.7966 13.3965 -1.90735e-07
      vertex 14.807 10.661 -1.90735e-07
      vertex 14.6551 10.2574 -1.90735e-07
    endloop
  endfacet
  facet normal 0 0 -1
    outer loop
      vertex 13.7966 13.3965 -1.90735e-07
      vertex 14.6551 10.2574 -1.90735e-07
      vertex 14.5848 9.83188 -1.90735e-07
    endloop
  endfacet
  facet normal 0 0 -1
    outer loop
      vertex 16.4929 11.8692 -1.90735e-07
      vertex 13.7966 13.3965 -1.90735e-07
      vertex 15.2869 15.9777 -1.90735e-07
    endloop
  endfacet
  facet normal -0 0 -1
    outer loop
      vertex 18.5 5.25 -1.90735e-07
      vertex 13 3.94352 -1.90735e-07
      vertex 16.2107 7.56295 -1.90735e-07
    endloop
  endfacet
  facet normal 0 0 -1
    outer loop
      vertex 14.5989 9.40083 -1.90735e-07
      vertex 13.7966 13.3965 -1.90735e-07
      vertex 14.5848 9.83188 -1.90735e-07
    endloop
  endfacet
  facet normal 0 0 -1
    outer loop
      vertex 12.7909 4.57665 -1.90735e-07
      vertex 16.2107 7.56295 -1.90735e-07
      vertex 13 3.94352 -1.90735e-07
    endloop
  endfacet
  facet normal 0 0 -1
    outer loop
      vertex 13.5196 1.33156 -1.90735e-07
      vertex 18.5 5.25 -1.90735e-07
      vertex 13.5686 0.666584 -1.90735e-07
    endloop
  endfacet
  facet normal 0 0 -1
    outer loop
      vertex 18.5 5.25 -1.90735e-07
      vertex 17.4873 7.60474 -1.90735e-07
      vertex 17.8801 7.78273 -1.90735e-07
    endloop
  endfacet
  facet normal 0 0 -1
    outer loop
      vertex 18.5 -5.25 -1.90735e-07
      vertex 13.324 -2.6503 -1.90735e-07
      vertex 13.438 -1.99333 -1.90735e-07
    endloop
  endfacet
  facet normal 0 0 -1
    outer loop
      vertex 18.5 -5.25 -1.90735e-07
      vertex 13.1779 -3.30089 -1.90735e-07
      vertex 13.324 -2.6503 -1.90735e-07
    endloop
  endfacet
  facet normal 0 0 -1
    outer loop
      vertex 18.5 -5.25 -1.90735e-07
      vertex 13 -3.94352 -1.90735e-07
      vertex 13.1779 -3.30089 -1.90735e-07
    endloop
  endfacet
  facet normal 0 0 -1
    outer loop
      vertex 18.5 -5.25 -1.90735e-07
      vertex 12.7909 -4.57665 -1.90735e-07
      vertex 13 -3.94352 -1.90735e-07
    endloop
  endfacet
  facet normal 0 0 -1
    outer loop
      vertex 18.5 -5.25 -1.90735e-07
      vertex 12.5509 -5.19875 -1.90735e-07
      vertex 12.7909 -4.57665 -1.90735e-07
    endloop
  endfacet
  facet normal -0 0 -1
    outer loop
      vertex 18.5 -5.25 -1.90735e-07
      vertex 12.2807 -5.80834 -1.90735e-07
      vertex 12.5509 -5.19875 -1.90735e-07
    endloop
  endfacet
  facet normal 0 0 -1
    outer loop
      vertex 18.5 -5.25 -1.90735e-07
      vertex 11.9809 -6.40392 -1.90735e-07
      vertex 12.2807 -5.80834 -1.90735e-07
    endloop
  endfacet
  facet normal 0 0 -1
    outer loop
      vertex 18.5 -5.25 -1.90735e-07
      vertex 11.6522 -6.98409 -1.90735e-07
      vertex 11.9809 -6.40392 -1.90735e-07
    endloop
  endfacet
  facet normal 0 0 -1
    outer loop
      vertex 13.7966 -13.3965 -1.90735e-07
      vertex 11.2955 -7.54742 -1.90735e-07
      vertex 11.6522 -6.98409 -1.90735e-07
    endloop
  endfacet
  facet normal 0 0 -1
    outer loop
      vertex 13.7966 -13.3965 -1.90735e-07
      vertex 10.9116 -8.09257 -1.90735e-07
      vertex 11.2955 -7.54742 -1.90735e-07
    endloop
  endfacet
  facet normal 0 0 -1
    outer loop
      vertex 13.7966 -13.3965 -1.90735e-07
      vertex 10.5013 -8.61823 -1.90735e-07
      vertex 10.9116 -8.09257 -1.90735e-07
    endloop
  endfacet
  facet normal 0 0 -1
    outer loop
      vertex 13.7966 -13.3965 -1.90735e-07
      vertex 10.0658 -9.12313 -1.90735e-07
      vertex 10.5013 -8.61823 -1.90735e-07
    endloop
  endfacet
  facet normal 0 0 -1
    outer loop
      vertex 13.7966 -13.3965 -1.90735e-07
      vertex 9.60604 -9.60604 -1.90735e-07
      vertex 10.0658 -9.12313 -1.90735e-07
    endloop
  endfacet
  facet normal 0 0 -1
    outer loop
      vertex 13.7966 -13.3965 -1.90735e-07
      vertex 9.12313 -10.0658 -1.90735e-07
      vertex 9.60604 -9.60604 -1.90735e-07
    endloop
  endfacet
  facet normal 0 0 -1
    outer loop
      vertex 13.7966 -13.3965 -1.90735e-07
      vertex 8.61823 -10.5013 -1.90735e-07
      vertex 9.12313 -10.0658 -1.90735e-07
    endloop
  endfacet
  facet normal 0 0 -1
    outer loop
      vertex 13.7966 -13.3965 -1.90735e-07
      vertex 8.09257 -10.9116 -1.90735e-07
      vertex 8.61823 -10.5013 -1.90735e-07
    endloop
  endfacet
  facet normal 0 0 -1
    outer loop
      vertex 13.7966 -13.3965 -1.90735e-07
      vertex 7.54742 -11.2955 -1.90735e-07
      vertex 8.09257 -10.9116 -1.90735e-07
    endloop
  endfacet
  facet normal 0 0 -1
    outer loop
      vertex 13.7966 -13.3965 -1.90735e-07
      vertex 6.98409 -11.6522 -1.90735e-07
      vertex 7.54742 -11.2955 -1.90735e-07
    endloop
  endfacet
  facet normal 0 0 -1
    outer loop
      vertex 4.70337 -18.6465 -1.90735e-07
      vertex 6.98409 -11.6522 -1.90735e-07
      vertex 13.7966 -13.3965 -1.90735e-07
    endloop
  endfacet
  facet normal 0 0 -1
    outer loop
      vertex 6.98409 -11.6522 -1.90735e-07
      vertex 4.70337 -18.6465 -1.90735e-07
      vertex 6.40392 -11.9809 -1.90735e-07
    endloop
  endfacet
  facet normal 0 0 -1
    outer loop
      vertex 6.40392 -11.9809 -1.90735e-07
      vertex 4.70337 -18.6465 -1.90735e-07
      vertex 5.80834 -12.2807 -1.90735e-07
    endloop
  endfacet
  facet normal 0 0 -1
    outer loop
      vertex 5.80834 -12.2807 -1.90735e-07
      vertex 4.70337 -18.6465 -1.90735e-07
      vertex 5.19875 -12.5509 -1.90735e-07
    endloop
  endfacet
  facet normal 0 0 -1
    outer loop
      vertex 5.19875 -12.5509 -1.90735e-07
      vertex 4.70337 -18.6465 -1.90735e-07
      vertex 4.57665 -12.7909 -1.90735e-07
    endloop
  endfacet
  facet normal -0.683656 -0.729805 0
    outer loop
      vertex 18.1194 11.4334 -1.90735e-07
      vertex 18.4341 11.1386 6.5
      vertex 18.1194 11.4334 6.5
    endloop
  endfacet
  facet normal -0.683656 -0.729805 -0
    outer loop
      vertex 18.4341 11.1386 6.5
      vertex 18.1194 11.4334 -1.90735e-07
      vertex 18.4341 11.1386 -1.90735e-07
    endloop
  endfacet
  facet normal -0.812887 -0.582422 0
    outer loop
      vertex 18.6853 10.788 -1.90735e-07
      vertex 18.4341 11.1386 6.5
      vertex 18.4341 11.1386 -1.90735e-07
    endloop
  endfacet
  facet normal -0.812887 -0.582422 0
    outer loop
      vertex 18.4341 11.1386 6.5
      vertex 18.6853 10.788 -1.90735e-07
      vertex 18.6853 10.788 6.5
    endloop
  endfacet
  facet normal -0.527934 -0.849285 0
    outer loop
      vertex 17.7531 11.6611 -1.90735e-07
      vertex 18.1194 11.4334 6.5
      vertex 17.7531 11.6611 6.5
    endloop
  endfacet
  facet normal -0.527934 -0.849285 -0
    outer loop
      vertex 18.1194 11.4334 6.5
      vertex 17.7531 11.6611 -1.90735e-07
      vertex 18.1194 11.4334 -1.90735e-07
    endloop
  endfacet
  facet normal -0.352241 -0.935909 0
    outer loop
      vertex 17.3495 11.813 -1.90735e-07
      vertex 17.7531 11.6611 6.5
      vertex 17.3495 11.813 6.5
    endloop
  endfacet
  facet normal -0.352241 -0.935909 -0
    outer loop
      vertex 17.7531 11.6611 6.5
      vertex 17.3495 11.813 -1.90735e-07
      vertex 17.7531 11.6611 -1.90735e-07
    endloop
  endfacet
  facet normal 0.352282 0.935894 -0
    outer loop
      vertex 16.2107 7.56295 -1.90735e-07
      vertex 15.8071 7.71487 6.5
      vertex 16.2107 7.56295 6.5
    endloop
  endfacet
  facet normal 0.352282 0.935894 0
    outer loop
      vertex 15.8071 7.71487 6.5
      vertex 16.2107 7.56295 -1.90735e-07
      vertex 15.8071 7.71487 -1.90735e-07
    endloop
  endfacet
  facet normal -0.729891 0.683563 0
    outer loop
      vertex 18.2307 8.03394 -1.90735e-07
      vertex 18.5255 8.34872 6.5
      vertex 18.5255 8.34872 -1.90735e-07
    endloop
  endfacet
  facet normal -0.729891 0.683563 0
    outer loop
      vertex 18.5255 8.34872 6.5
      vertex 18.2307 8.03394 -1.90735e-07
      vertex 18.2307 8.03394 6.5
    endloop
  endfacet
  facet normal 0.849285 -0.527934 0
    outer loop
      vertex 14.807 10.661 6.5
      vertex 15.0347 11.0273 -1.90735e-07
      vertex 15.0347 11.0273 6.5
    endloop
  endfacet
  facet normal 0.849285 -0.527934 0
    outer loop
      vertex 15.0347 11.0273 -1.90735e-07
      vertex 14.807 10.661 6.5
      vertex 14.807 10.661 -1.90735e-07
    endloop
  endfacet
  facet normal 0.412754 -0.910842 0
    outer loop
      vertex 15.6801 11.5932 -1.90735e-07
      vertex 16.0729 11.7712 6.5
      vertex 15.6801 11.5932 6.5
    endloop
  endfacet
  facet normal 0.412754 -0.910842 0
    outer loop
      vertex 16.0729 11.7712 6.5
      vertex 15.6801 11.5932 -1.90735e-07
      vertex 16.0729 11.7712 -1.90735e-07
    endloop
  endfacet
  facet normal -0.999465 -0.0326933 0
    outer loop
      vertex 18.9754 9.5441 -1.90735e-07
      vertex 18.9613 9.97515 6.5
      vertex 18.9613 9.97515 -1.90735e-07
    endloop
  endfacet
  facet normal -0.999465 -0.0326933 0
    outer loop
      vertex 18.9613 9.97515 6.5
      vertex 18.9754 9.5441 -1.90735e-07
      vertex 18.9754 9.5441 6.5
    endloop
  endfacet
  facet normal -0.412735 0.910851 0
    outer loop
      vertex 17.8801 7.78273 -1.90735e-07
      vertex 17.4873 7.60474 6.5
      vertex 17.8801 7.78273 6.5
    endloop
  endfacet
  facet normal -0.412735 0.910851 0
    outer loop
      vertex 17.4873 7.60474 6.5
      vertex 17.8801 7.78273 -1.90735e-07
      vertex 17.4873 7.60474 -1.90735e-07
    endloop
  endfacet
  facet normal 0 0 -1
    outer loop
      vertex 18.9051 9.11859 6.5
      vertex 18.9613 9.97515 6.5
      vertex 18.9754 9.5441 6.5
    endloop
  endfacet
  facet normal 0 0 -1
    outer loop
      vertex 18.9051 9.11859 6.5
      vertex 18.8633 10.3952 6.5
      vertex 18.9613 9.97515 6.5
    endloop
  endfacet
  facet normal 0 0 -1
    outer loop
      vertex 18.7532 8.71496 6.5
      vertex 18.8633 10.3952 6.5
      vertex 18.9051 9.11859 6.5
    endloop
  endfacet
  facet normal 0 0 -1
    outer loop
      vertex 18.7532 8.71496 6.5
      vertex 18.6853 10.788 6.5
      vertex 18.8633 10.3952 6.5
    endloop
  endfacet
  facet normal 0 0 -1
    outer loop
      vertex 18.5255 8.34872 6.5
      vertex 18.6853 10.788 6.5
      vertex 18.7532 8.71496 6.5
    endloop
  endfacet
  facet normal 0 0 -1
    outer loop
      vertex 18.5255 8.34872 6.5
      vertex 18.4341 11.1386 6.5
      vertex 18.6853 10.788 6.5
    endloop
  endfacet
  facet normal 0 0 -1
    outer loop
      vertex 18.2307 8.03394 6.5
      vertex 18.4341 11.1386 6.5
      vertex 18.5255 8.34872 6.5
    endloop
  endfacet
  facet normal 0 0 -1
    outer loop
      vertex 18.2307 8.03394 6.5
      vertex 18.1194 11.4334 6.5
      vertex 18.4341 11.1386 6.5
    endloop
  endfacet
  facet normal 0 0 -1
    outer loop
      vertex 17.8801 7.78273 6.5
      vertex 18.1194 11.4334 6.5
      vertex 18.2307 8.03394 6.5
    endloop
  endfacet
  facet normal 0 0 -1
    outer loop
      vertex 17.8801 7.78273 6.5
      vertex 17.7531 11.6611 6.5
      vertex 18.1194 11.4334 6.5
    endloop
  endfacet
  facet normal 0 0 -1
    outer loop
      vertex 17.4873 7.60474 6.5
      vertex 17.7531 11.6611 6.5
      vertex 17.8801 7.78273 6.5
    endloop
  endfacet
  facet normal 0 0 -1
    outer loop
      vertex 17.4873 7.60474 6.5
      vertex 17.3495 11.813 6.5
      vertex 17.7531 11.6611 6.5
    endloop
  endfacet
  facet normal 0 0 -1
    outer loop
      vertex 17.0672 7.50681 6.5
      vertex 17.3495 11.813 6.5
      vertex 17.4873 7.60474 6.5
    endloop
  endfacet
  facet normal 0 0 -1
    outer loop
      vertex 17.0672 7.50681 6.5
      vertex 16.924 11.8833 6.5
      vertex 17.3495 11.813 6.5
    endloop
  endfacet
  facet normal 0 0 -1
    outer loop
      vertex 16.6362 7.4927 6.5
      vertex 16.924 11.8833 6.5
      vertex 17.0672 7.50681 6.5
    endloop
  endfacet
  facet normal 0 0 -1
    outer loop
      vertex 16.6362 7.4927 6.5
      vertex 16.4929 11.8692 6.5
      vertex 16.924 11.8833 6.5
    endloop
  endfacet
  facet normal 0 0 -1
    outer loop
      vertex 16.2107 7.56295 6.5
      vertex 16.4929 11.8692 6.5
      vertex 16.6362 7.4927 6.5
    endloop
  endfacet
  facet normal 0 0 -1
    outer loop
      vertex 16.2107 7.56295 6.5
      vertex 16.0729 11.7712 6.5
      vertex 16.4929 11.8692 6.5
    endloop
  endfacet
  facet normal 0 0 -1
    outer loop
      vertex 15.8071 7.71487 6.5
      vertex 16.0729 11.7712 6.5
      vertex 16.2107 7.56295 6.5
    endloop
  endfacet
  facet normal 0 0 -1
    outer loop
      vertex 15.8071 7.71487 6.5
      vertex 15.6801 11.5932 6.5
      vertex 16.0729 11.7712 6.5
    endloop
  endfacet
  facet normal 0 0 -1
    outer loop
      vertex 15.4408 7.94261 6.5
      vertex 15.6801 11.5932 6.5
      vertex 15.8071 7.71487 6.5
    endloop
  endfacet
  facet normal 0 0 -1
    outer loop
      vertex 15.4408 7.94261 6.5
      vertex 15.3295 11.342 6.5
      vertex 15.6801 11.5932 6.5
    endloop
  endfacet
  facet normal 0 0 -1
    outer loop
      vertex 15.126 8.23743 6.5
      vertex 15.3295 11.342 6.5
      vertex 15.4408 7.94261 6.5
    endloop
  endfacet
  facet normal 0 0 -1
    outer loop
      vertex 15.126 8.23743 6.5
      vertex 15.0347 11.0273 6.5
      vertex 15.3295 11.342 6.5
    endloop
  endfacet
  facet normal 0 0 -1
    outer loop
      vertex 14.8748 8.58799 6.5
      vertex 15.0347 11.0273 6.5
      vertex 15.126 8.23743 6.5
    endloop
  endfacet
  facet normal 0 0 -1
    outer loop
      vertex 14.8748 8.58799 6.5
      vertex 14.807 10.661 6.5
      vertex 15.0347 11.0273 6.5
    endloop
  endfacet
  facet normal 0 0 -1
    outer loop
      vertex 14.6968 8.98082 6.5
      vertex 14.807 10.661 6.5
      vertex 14.8748 8.58799 6.5
    endloop
  endfacet
  facet normal 0 0 -1
    outer loop
      vertex 14.6968 8.98082 6.5
      vertex 14.6551 10.2574 6.5
      vertex 14.807 10.661 6.5
    endloop
  endfacet
  facet normal 0 0 -1
    outer loop
      vertex 14.5989 9.40083 6.5
      vertex 14.6551 10.2574 6.5
      vertex 14.6968 8.98082 6.5
    endloop
  endfacet
  facet normal 0 0 -1
    outer loop
      vertex 14.6551 10.2574 6.5
      vertex 14.5989 9.40083 6.5
      vertex 14.5848 9.83188 6.5
    endloop
  endfacet
  facet normal -0.163008 -0.986625 0
    outer loop
      vertex 16.924 11.8833 -1.90735e-07
      vertex 17.3495 11.813 6.5
      vertex 16.924 11.8833 6.5
    endloop
  endfacet
  facet normal -0.163008 -0.986625 -0
    outer loop
      vertex 17.3495 11.813 6.5
      vertex 16.924 11.8833 -1.90735e-07
      vertex 17.3495 11.813 -1.90735e-07
    endloop
  endfacet
  facet normal 0.986626 -0.163 0
    outer loop
      vertex 14.5848 9.83188 6.5
      vertex 14.6551 10.2574 -1.90735e-07
      vertex 14.6551 10.2574 6.5
    endloop
  endfacet
  facet normal 0.986626 -0.163 0
    outer loop
      vertex 14.6551 10.2574 -1.90735e-07
      vertex 14.5848 9.83188 6.5
      vertex 14.5848 9.83188 -1.90735e-07
    endloop
  endfacet
  facet normal 0.999465 0.0326933 0
    outer loop
      vertex 14.5989 9.40083 6.5
      vertex 14.5848 9.83188 -1.90735e-07
      vertex 14.5848 9.83188 6.5
    endloop
  endfacet
  facet normal 0.999465 0.0326933 0
    outer loop
      vertex 14.5848 9.83188 -1.90735e-07
      vertex 14.5989 9.40083 6.5
      vertex 14.5989 9.40083 -1.90735e-07
    endloop
  endfacet
  facet normal -0.935918 0.352218 0
    outer loop
      vertex 18.7532 8.71496 -1.90735e-07
      vertex 18.9051 9.11859 6.5
      vertex 18.9051 9.11859 -1.90735e-07
    endloop
  endfacet
  facet normal -0.935918 0.352218 0
    outer loop
      vertex 18.9051 9.11859 6.5
      vertex 18.7532 8.71496 -1.90735e-07
      vertex 18.7532 8.71496 6.5
    endloop
  endfacet
  facet normal 0.729805 -0.683656 0
    outer loop
      vertex 15.0347 11.0273 6.5
      vertex 15.3295 11.342 -1.90735e-07
      vertex 15.3295 11.342 6.5
    endloop
  endfacet
  facet normal 0.729805 -0.683656 0
    outer loop
      vertex 15.3295 11.342 -1.90735e-07
      vertex 15.0347 11.0273 6.5
      vertex 15.0347 11.0273 -1.90735e-07
    endloop
  endfacet
  facet normal 0.0326895 -0.999466 0
    outer loop
      vertex 16.4929 11.8692 -1.90735e-07
      vertex 16.924 11.8833 6.5
      vertex 16.4929 11.8692 6.5
    endloop
  endfacet
  facet normal 0.0326895 -0.999466 0
    outer loop
      vertex 16.924 11.8833 6.5
      vertex 16.4929 11.8692 -1.90735e-07
      vertex 16.924 11.8833 -1.90735e-07
    endloop
  endfacet
  facet normal 0.528001 0.849244 -0
    outer loop
      vertex 15.8071 7.71487 -1.90735e-07
      vertex 15.4408 7.94261 6.5
      vertex 15.8071 7.71487 6.5
    endloop
  endfacet
  facet normal 0.528001 0.849244 0
    outer loop
      vertex 15.4408 7.94261 6.5
      vertex 15.8071 7.71487 -1.90735e-07
      vertex 15.4408 7.94261 -1.90735e-07
    endloop
  endfacet
  facet normal -0.973847 -0.227204 0
    outer loop
      vertex 18.9613 9.97515 -1.90735e-07
      vertex 18.8633 10.3952 6.5
      vertex 18.8633 10.3952 -1.90735e-07
    endloop
  endfacet
  facet normal -0.973847 -0.227204 0
    outer loop
      vertex 18.8633 10.3952 6.5
      vertex 18.9613 9.97515 -1.90735e-07
      vertex 18.9613 9.97515 6.5
    endloop
  endfacet
  facet normal 0.935909 -0.352241 0
    outer loop
      vertex 14.6551 10.2574 6.5
      vertex 14.807 10.661 -1.90735e-07
      vertex 14.807 10.661 6.5
    endloop
  endfacet
  facet normal 0.935909 -0.352241 0
    outer loop
      vertex 14.807 10.661 -1.90735e-07
      vertex 14.6551 10.2574 6.5
      vertex 14.6551 10.2574 -1.90735e-07
    endloop
  endfacet
  facet normal -0.227024 0.973889 0
    outer loop
      vertex 17.4873 7.60474 -1.90735e-07
      vertex 17.0672 7.50681 6.5
      vertex 17.4873 7.60474 6.5
    endloop
  endfacet
  facet normal -0.227024 0.973889 0
    outer loop
      vertex 17.0672 7.50681 6.5
      vertex 17.4873 7.60474 -1.90735e-07
      vertex 17.0672 7.50681 -1.90735e-07
    endloop
  endfacet
  facet normal -0.849247 0.527997 0
    outer loop
      vertex 18.5255 8.34872 -1.90735e-07
      vertex 18.7532 8.71496 6.5
      vertex 18.7532 8.71496 -1.90735e-07
    endloop
  endfacet
  facet normal -0.849247 0.527997 0
    outer loop
      vertex 18.7532 8.71496 6.5
      vertex 18.5255 8.34872 -1.90735e-07
      vertex 18.5255 8.34872 6.5
    endloop
  endfacet
  facet normal -0.910842 -0.412754 0
    outer loop
      vertex 18.8633 10.3952 -1.90735e-07
      vertex 18.6853 10.788 6.5
      vertex 18.6853 10.788 -1.90735e-07
    endloop
  endfacet
  facet normal -0.910842 -0.412754 0
    outer loop
      vertex 18.6853 10.788 6.5
      vertex 18.8633 10.3952 -1.90735e-07
      vertex 18.8633 10.3952 6.5
    endloop
  endfacet
  facet normal 0.910854 0.412728 0
    outer loop
      vertex 14.8748 8.58799 6.5
      vertex 14.6968 8.98082 -1.90735e-07
      vertex 14.6968 8.98082 6.5
    endloop
  endfacet
  facet normal 0.910854 0.412728 0
    outer loop
      vertex 14.6968 8.98082 -1.90735e-07
      vertex 14.8748 8.58799 6.5
      vertex 14.8748 8.58799 -1.90735e-07
    endloop
  endfacet
  facet normal -0.582437 0.812876 0
    outer loop
      vertex 18.2307 8.03394 -1.90735e-07
      vertex 17.8801 7.78273 6.5
      vertex 18.2307 8.03394 6.5
    endloop
  endfacet
  facet normal -0.582437 0.812876 0
    outer loop
      vertex 17.8801 7.78273 6.5
      vertex 18.2307 8.03394 -1.90735e-07
      vertex 17.8801 7.78273 -1.90735e-07
    endloop
  endfacet
  facet normal 0.162895 0.986643 -0
    outer loop
      vertex 16.6362 7.4927 -1.90735e-07
      vertex 16.2107 7.56295 6.5
      vertex 16.6362 7.4927 6.5
    endloop
  endfacet
  facet normal 0.162895 0.986643 0
    outer loop
      vertex 16.2107 7.56295 6.5
      vertex 16.6362 7.4927 -1.90735e-07
      vertex 16.2107 7.56295 -1.90735e-07
    endloop
  endfacet
  facet normal 0.582422 -0.812887 0
    outer loop
      vertex 15.3295 11.342 -1.90735e-07
      vertex 15.6801 11.5932 6.5
      vertex 15.3295 11.342 6.5
    endloop
  endfacet
  facet normal 0.582422 -0.812887 0
    outer loop
      vertex 15.6801 11.5932 6.5
      vertex 15.3295 11.342 -1.90735e-07
      vertex 15.6801 11.5932 -1.90735e-07
    endloop
  endfacet
  facet normal 0.683565 0.72989 -0
    outer loop
      vertex 15.4408 7.94261 -1.90735e-07
      vertex 15.126 8.23743 6.5
      vertex 15.4408 7.94261 6.5
    endloop
  endfacet
  facet normal 0.683565 0.72989 0
    outer loop
      vertex 15.126 8.23743 6.5
      vertex 15.4408 7.94261 -1.90735e-07
      vertex 15.126 8.23743 -1.90735e-07
    endloop
  endfacet
  facet normal 0.812855 0.582466 0
    outer loop
      vertex 15.126 8.23743 6.5
      vertex 14.8748 8.58799 -1.90735e-07
      vertex 14.8748 8.58799 6.5
    endloop
  endfacet
  facet normal 0.812855 0.582466 0
    outer loop
      vertex 14.8748 8.58799 -1.90735e-07
      vertex 15.126 8.23743 6.5
      vertex 15.126 8.23743 -1.90735e-07
    endloop
  endfacet
  facet normal -0.986625 0.163004 0
    outer loop
      vertex 18.9051 9.11859 -1.90735e-07
      vertex 18.9754 9.5441 6.5
      vertex 18.9754 9.5441 -1.90735e-07
    endloop
  endfacet
  facet normal -0.986625 0.163004 0
    outer loop
      vertex 18.9754 9.5441 6.5
      vertex 18.9051 9.11859 -1.90735e-07
      vertex 18.9051 9.11859 6.5
    endloop
  endfacet
  facet normal -0.0327203 0.999465 0
    outer loop
      vertex 17.0672 7.50681 -1.90735e-07
      vertex 16.6362 7.4927 6.5
      vertex 17.0672 7.50681 6.5
    endloop
  endfacet
  facet normal -0.0327203 0.999465 0
    outer loop
      vertex 16.6362 7.4927 6.5
      vertex 17.0672 7.50681 -1.90735e-07
      vertex 16.6362 7.4927 -1.90735e-07
    endloop
  endfacet
  facet normal 0.22723 -0.973841 0
    outer loop
      vertex 16.0729 11.7712 -1.90735e-07
      vertex 16.4929 11.8692 6.5
      vertex 16.0729 11.7712 6.5
    endloop
  endfacet
  facet normal 0.22723 -0.973841 0
    outer loop
      vertex 16.4929 11.8692 6.5
      vertex 16.0729 11.7712 -1.90735e-07
      vertex 16.4929 11.8692 -1.90735e-07
    endloop
  endfacet
  facet normal 0.973894 0.227005 0
    outer loop
      vertex 14.6968 8.98082 6.5
      vertex 14.5989 9.40083 -1.90735e-07
      vertex 14.5989 9.40083 6.5
    endloop
  endfacet
  facet normal 0.973894 0.227005 0
    outer loop
      vertex 14.5989 9.40083 -1.90735e-07
      vertex 14.6968 8.98082 6.5
      vertex 14.6968 8.98082 -1.90735e-07
    endloop
  endfacet
  facet normal 0.973847 -0.227204 0
    outer loop
      vertex -18.9613 9.97515 6.5
      vertex -18.8633 10.3952 -1.90735e-07
      vertex -18.8633 10.3952 6.5
    endloop
  endfacet
  facet normal 0.973847 -0.227204 0
    outer loop
      vertex -18.8633 10.3952 -1.90735e-07
      vertex -18.9613 9.97515 6.5
      vertex -18.9613 9.97515 -1.90735e-07
    endloop
  endfacet
  facet normal 0.910842 -0.412754 0
    outer loop
      vertex -18.8633 10.3952 6.5
      vertex -18.6853 10.788 -1.90735e-07
      vertex -18.6853 10.788 6.5
    endloop
  endfacet
  facet normal 0.910842 -0.412754 0
    outer loop
      vertex -18.6853 10.788 -1.90735e-07
      vertex -18.8633 10.3952 6.5
      vertex -18.8633 10.3952 -1.90735e-07
    endloop
  endfacet
  facet normal 0.999465 -0.0326933 0
    outer loop
      vertex -18.9754 9.5441 6.5
      vertex -18.9613 9.97515 -1.90735e-07
      vertex -18.9613 9.97515 6.5
    endloop
  endfacet
  facet normal 0.999465 -0.0326933 0
    outer loop
      vertex -18.9613 9.97515 -1.90735e-07
      vertex -18.9754 9.5441 6.5
      vertex -18.9754 9.5441 -1.90735e-07
    endloop
  endfacet
  facet normal -0.582422 -0.812887 0
    outer loop
      vertex -15.6801 11.5932 -1.90735e-07
      vertex -15.3295 11.342 6.5
      vertex -15.6801 11.5932 6.5
    endloop
  endfacet
  facet normal -0.582422 -0.812887 -0
    outer loop
      vertex -15.3295 11.342 6.5
      vertex -15.6801 11.5932 -1.90735e-07
      vertex -15.3295 11.342 -1.90735e-07
    endloop
  endfacet
  facet normal -0.22723 -0.973841 0
    outer loop
      vertex -16.4929 11.8692 -1.90735e-07
      vertex -16.0729 11.7712 6.5
      vertex -16.4929 11.8692 6.5
    endloop
  endfacet
  facet normal -0.22723 -0.973841 -0
    outer loop
      vertex -16.0729 11.7712 6.5
      vertex -16.4929 11.8692 -1.90735e-07
      vertex -16.0729 11.7712 -1.90735e-07
    endloop
  endfacet
  facet normal -0.0326895 -0.999466 0
    outer loop
      vertex -16.924 11.8833 -1.90735e-07
      vertex -16.4929 11.8692 6.5
      vertex -16.924 11.8833 6.5
    endloop
  endfacet
  facet normal -0.0326895 -0.999466 -0
    outer loop
      vertex -16.4929 11.8692 6.5
      vertex -16.924 11.8833 -1.90735e-07
      vertex -16.4929 11.8692 -1.90735e-07
    endloop
  endfacet
  facet normal -0.973894 0.227005 0
    outer loop
      vertex -14.6968 8.98082 -1.90735e-07
      vertex -14.5989 9.40083 6.5
      vertex -14.5989 9.40083 -1.90735e-07
    endloop
  endfacet
  facet normal -0.973894 0.227005 0
    outer loop
      vertex -14.5989 9.40083 6.5
      vertex -14.6968 8.98082 -1.90735e-07
      vertex -14.6968 8.98082 6.5
    endloop
  endfacet
  facet normal -0.999465 0.0326933 0
    outer loop
      vertex -14.5989 9.40083 -1.90735e-07
      vertex -14.5848 9.83188 6.5
      vertex -14.5848 9.83188 -1.90735e-07
    endloop
  endfacet
  facet normal -0.999465 0.0326933 0
    outer loop
      vertex -14.5848 9.83188 6.5
      vertex -14.5989 9.40083 -1.90735e-07
      vertex -14.5989 9.40083 6.5
    endloop
  endfacet
  facet normal -0.412754 -0.910842 0
    outer loop
      vertex -16.0729 11.7712 -1.90735e-07
      vertex -15.6801 11.5932 6.5
      vertex -16.0729 11.7712 6.5
    endloop
  endfacet
  facet normal -0.412754 -0.910842 -0
    outer loop
      vertex -15.6801 11.5932 6.5
      vertex -16.0729 11.7712 -1.90735e-07
      vertex -15.6801 11.5932 -1.90735e-07
    endloop
  endfacet
  facet normal 0.729891 0.683563 0
    outer loop
      vertex -18.2307 8.03394 6.5
      vertex -18.5255 8.34872 -1.90735e-07
      vertex -18.5255 8.34872 6.5
    endloop
  endfacet
  facet normal 0.729891 0.683563 0
    outer loop
      vertex -18.5255 8.34872 -1.90735e-07
      vertex -18.2307 8.03394 6.5
      vertex -18.2307 8.03394 -1.90735e-07
    endloop
  endfacet
  facet normal -0.683565 0.72989 0
    outer loop
      vertex -15.126 8.23743 -1.90735e-07
      vertex -15.4408 7.94261 6.5
      vertex -15.126 8.23743 6.5
    endloop
  endfacet
  facet normal -0.683565 0.72989 0
    outer loop
      vertex -15.4408 7.94261 6.5
      vertex -15.126 8.23743 -1.90735e-07
      vertex -15.4408 7.94261 -1.90735e-07
    endloop
  endfacet
  facet normal 0.683656 -0.729805 0
    outer loop
      vertex -18.4341 11.1386 -1.90735e-07
      vertex -18.1194 11.4334 6.5
      vertex -18.4341 11.1386 6.5
    endloop
  endfacet
  facet normal 0.683656 -0.729805 0
    outer loop
      vertex -18.1194 11.4334 6.5
      vertex -18.4341 11.1386 -1.90735e-07
      vertex -18.1194 11.4334 -1.90735e-07
    endloop
  endfacet
  facet normal -0.812855 0.582466 0
    outer loop
      vertex -15.126 8.23743 -1.90735e-07
      vertex -14.8748 8.58799 6.5
      vertex -14.8748 8.58799 -1.90735e-07
    endloop
  endfacet
  facet normal -0.812855 0.582466 0
    outer loop
      vertex -14.8748 8.58799 6.5
      vertex -15.126 8.23743 -1.90735e-07
      vertex -15.126 8.23743 6.5
    endloop
  endfacet
  facet normal -0.162895 0.986643 0
    outer loop
      vertex -16.2107 7.56295 -1.90735e-07
      vertex -16.6362 7.4927 6.5
      vertex -16.2107 7.56295 6.5
    endloop
  endfacet
  facet normal -0.162895 0.986643 0
    outer loop
      vertex -16.6362 7.4927 6.5
      vertex -16.2107 7.56295 -1.90735e-07
      vertex -16.6362 7.4927 -1.90735e-07
    endloop
  endfacet
  facet normal 0.986625 0.163004 0
    outer loop
      vertex -18.9051 9.11859 6.5
      vertex -18.9754 9.5441 -1.90735e-07
      vertex -18.9754 9.5441 6.5
    endloop
  endfacet
  facet normal 0.986625 0.163004 0
    outer loop
      vertex -18.9754 9.5441 -1.90735e-07
      vertex -18.9051 9.11859 6.5
      vertex -18.9051 9.11859 -1.90735e-07
    endloop
  endfacet
  facet normal -0.729805 -0.683656 0
    outer loop
      vertex -15.0347 11.0273 -1.90735e-07
      vertex -15.3295 11.342 6.5
      vertex -15.3295 11.342 -1.90735e-07
    endloop
  endfacet
  facet normal -0.729805 -0.683656 0
    outer loop
      vertex -15.3295 11.342 6.5
      vertex -15.0347 11.0273 -1.90735e-07
      vertex -15.0347 11.0273 6.5
    endloop
  endfacet
  facet normal -0.849285 -0.527934 0
    outer loop
      vertex -14.807 10.661 -1.90735e-07
      vertex -15.0347 11.0273 6.5
      vertex -15.0347 11.0273 -1.90735e-07
    endloop
  endfacet
  facet normal -0.849285 -0.527934 0
    outer loop
      vertex -15.0347 11.0273 6.5
      vertex -14.807 10.661 -1.90735e-07
      vertex -14.807 10.661 6.5
    endloop
  endfacet
  facet normal 0.582437 0.812876 -0
    outer loop
      vertex -17.8801 7.78273 -1.90735e-07
      vertex -18.2307 8.03394 6.5
      vertex -17.8801 7.78273 6.5
    endloop
  endfacet
  facet normal 0.582437 0.812876 0
    outer loop
      vertex -18.2307 8.03394 6.5
      vertex -17.8801 7.78273 -1.90735e-07
      vertex -18.2307 8.03394 -1.90735e-07
    endloop
  endfacet
  facet normal 0.527934 -0.849285 0
    outer loop
      vertex -18.1194 11.4334 -1.90735e-07
      vertex -17.7531 11.6611 6.5
      vertex -18.1194 11.4334 6.5
    endloop
  endfacet
  facet normal 0.527934 -0.849285 0
    outer loop
      vertex -17.7531 11.6611 6.5
      vertex -18.1194 11.4334 -1.90735e-07
      vertex -17.7531 11.6611 -1.90735e-07
    endloop
  endfacet
  facet normal 0.352241 -0.935909 0
    outer loop
      vertex -17.7531 11.6611 -1.90735e-07
      vertex -17.3495 11.813 6.5
      vertex -17.7531 11.6611 6.5
    endloop
  endfacet
  facet normal 0.352241 -0.935909 0
    outer loop
      vertex -17.3495 11.813 6.5
      vertex -17.7531 11.6611 -1.90735e-07
      vertex -17.3495 11.813 -1.90735e-07
    endloop
  endfacet
  facet normal 0.227024 0.973889 -0
    outer loop
      vertex -17.0672 7.50681 -1.90735e-07
      vertex -17.4873 7.60474 6.5
      vertex -17.0672 7.50681 6.5
    endloop
  endfacet
  facet normal 0.227024 0.973889 0
    outer loop
      vertex -17.4873 7.60474 6.5
      vertex -17.0672 7.50681 -1.90735e-07
      vertex -17.4873 7.60474 -1.90735e-07
    endloop
  endfacet
  facet normal 0.0327203 0.999465 -0
    outer loop
      vertex -16.6362 7.4927 -1.90735e-07
      vertex -17.0672 7.50681 6.5
      vertex -16.6362 7.4927 6.5
    endloop
  endfacet
  facet normal 0.0327203 0.999465 0
    outer loop
      vertex -17.0672 7.50681 6.5
      vertex -16.6362 7.4927 -1.90735e-07
      vertex -17.0672 7.50681 -1.90735e-07
    endloop
  endfacet
  facet normal -0.935909 -0.352241 0
    outer loop
      vertex -14.6551 10.2574 -1.90735e-07
      vertex -14.807 10.661 6.5
      vertex -14.807 10.661 -1.90735e-07
    endloop
  endfacet
  facet normal -0.935909 -0.352241 0
    outer loop
      vertex -14.807 10.661 6.5
      vertex -14.6551 10.2574 -1.90735e-07
      vertex -14.6551 10.2574 6.5
    endloop
  endfacet
  facet normal 0.935918 0.352218 0
    outer loop
      vertex -18.7532 8.71496 6.5
      vertex -18.9051 9.11859 -1.90735e-07
      vertex -18.9051 9.11859 6.5
    endloop
  endfacet
  facet normal 0.935918 0.352218 0
    outer loop
      vertex -18.9051 9.11859 -1.90735e-07
      vertex -18.7532 8.71496 6.5
      vertex -18.7532 8.71496 -1.90735e-07
    endloop
  endfacet
  facet normal 0.849247 0.527997 0
    outer loop
      vertex -18.5255 8.34872 6.5
      vertex -18.7532 8.71496 -1.90735e-07
      vertex -18.7532 8.71496 6.5
    endloop
  endfacet
  facet normal 0.849247 0.527997 0
    outer loop
      vertex -18.7532 8.71496 -1.90735e-07
      vertex -18.5255 8.34872 6.5
      vertex -18.5255 8.34872 -1.90735e-07
    endloop
  endfacet
  facet normal 0.412735 0.910851 -0
    outer loop
      vertex -17.4873 7.60474 -1.90735e-07
      vertex -17.8801 7.78273 6.5
      vertex -17.4873 7.60474 6.5
    endloop
  endfacet
  facet normal 0.412735 0.910851 0
    outer loop
      vertex -17.8801 7.78273 6.5
      vertex -17.4873 7.60474 -1.90735e-07
      vertex -17.8801 7.78273 -1.90735e-07
    endloop
  endfacet
  facet normal -0.352282 0.935894 0
    outer loop
      vertex -15.8071 7.71487 -1.90735e-07
      vertex -16.2107 7.56295 6.5
      vertex -15.8071 7.71487 6.5
    endloop
  endfacet
  facet normal -0.352282 0.935894 0
    outer loop
      vertex -16.2107 7.56295 6.5
      vertex -15.8071 7.71487 -1.90735e-07
      vertex -16.2107 7.56295 -1.90735e-07
    endloop
  endfacet
  facet normal -0.528001 0.849244 0
    outer loop
      vertex -15.4408 7.94261 -1.90735e-07
      vertex -15.8071 7.71487 6.5
      vertex -15.4408 7.94261 6.5
    endloop
  endfacet
  facet normal -0.528001 0.849244 0
    outer loop
      vertex -15.8071 7.71487 6.5
      vertex -15.4408 7.94261 -1.90735e-07
      vertex -15.8071 7.71487 -1.90735e-07
    endloop
  endfacet
  facet normal -0.910854 0.412728 0
    outer loop
      vertex -14.8748 8.58799 -1.90735e-07
      vertex -14.6968 8.98082 6.5
      vertex -14.6968 8.98082 -1.90735e-07
    endloop
  endfacet
  facet normal -0.910854 0.412728 0
    outer loop
      vertex -14.6968 8.98082 6.5
      vertex -14.8748 8.58799 -1.90735e-07
      vertex -14.8748 8.58799 6.5
    endloop
  endfacet
  facet normal -0.986626 -0.163 0
    outer loop
      vertex -14.5848 9.83188 -1.90735e-07
      vertex -14.6551 10.2574 6.5
      vertex -14.6551 10.2574 -1.90735e-07
    endloop
  endfacet
  facet normal -0.986626 -0.163 0
    outer loop
      vertex -14.6551 10.2574 6.5
      vertex -14.5848 9.83188 -1.90735e-07
      vertex -14.5848 9.83188 6.5
    endloop
  endfacet
  facet normal 0.163008 -0.986625 0
    outer loop
      vertex -17.3495 11.813 -1.90735e-07
      vertex -16.924 11.8833 6.5
      vertex -17.3495 11.813 6.5
    endloop
  endfacet
  facet normal 0.163008 -0.986625 0
    outer loop
      vertex -16.924 11.8833 6.5
      vertex -17.3495 11.813 -1.90735e-07
      vertex -16.924 11.8833 -1.90735e-07
    endloop
  endfacet
  facet normal 0 0 -1
    outer loop
      vertex -14.5989 9.40083 6.5
      vertex -14.6551 10.2574 6.5
      vertex -14.5848 9.83188 6.5
    endloop
  endfacet
  facet normal 0 0 -1
    outer loop
      vertex -14.6968 8.98082 6.5
      vertex -14.6551 10.2574 6.5
      vertex -14.5989 9.40083 6.5
    endloop
  endfacet
  facet normal 0 0 -1
    outer loop
      vertex -14.6968 8.98082 6.5
      vertex -14.807 10.661 6.5
      vertex -14.6551 10.2574 6.5
    endloop
  endfacet
  facet normal 0 0 -1
    outer loop
      vertex -14.8748 8.58799 6.5
      vertex -14.807 10.661 6.5
      vertex -14.6968 8.98082 6.5
    endloop
  endfacet
  facet normal 0 0 -1
    outer loop
      vertex -14.8748 8.58799 6.5
      vertex -15.0347 11.0273 6.5
      vertex -14.807 10.661 6.5
    endloop
  endfacet
  facet normal 0 0 -1
    outer loop
      vertex -15.126 8.23743 6.5
      vertex -15.0347 11.0273 6.5
      vertex -14.8748 8.58799 6.5
    endloop
  endfacet
  facet normal 0 0 -1
    outer loop
      vertex -15.126 8.23743 6.5
      vertex -15.3295 11.342 6.5
      vertex -15.0347 11.0273 6.5
    endloop
  endfacet
  facet normal 0 0 -1
    outer loop
      vertex -15.4408 7.94261 6.5
      vertex -15.3295 11.342 6.5
      vertex -15.126 8.23743 6.5
    endloop
  endfacet
  facet normal 0 0 -1
    outer loop
      vertex -15.4408 7.94261 6.5
      vertex -15.6801 11.5932 6.5
      vertex -15.3295 11.342 6.5
    endloop
  endfacet
  facet normal 0 0 -1
    outer loop
      vertex -15.8071 7.71487 6.5
      vertex -15.6801 11.5932 6.5
      vertex -15.4408 7.94261 6.5
    endloop
  endfacet
  facet normal 0 0 -1
    outer loop
      vertex -15.8071 7.71487 6.5
      vertex -16.0729 11.7712 6.5
      vertex -15.6801 11.5932 6.5
    endloop
  endfacet
  facet normal 0 0 -1
    outer loop
      vertex -16.2107 7.56295 6.5
      vertex -16.0729 11.7712 6.5
      vertex -15.8071 7.71487 6.5
    endloop
  endfacet
  facet normal 0 0 -1
    outer loop
      vertex -16.2107 7.56295 6.5
      vertex -16.4929 11.8692 6.5
      vertex -16.0729 11.7712 6.5
    endloop
  endfacet
  facet normal 0 0 -1
    outer loop
      vertex -16.6362 7.4927 6.5
      vertex -16.4929 11.8692 6.5
      vertex -16.2107 7.56295 6.5
    endloop
  endfacet
  facet normal 0 0 -1
    outer loop
      vertex -16.6362 7.4927 6.5
      vertex -16.924 11.8833 6.5
      vertex -16.4929 11.8692 6.5
    endloop
  endfacet
  facet normal 0 0 -1
    outer loop
      vertex -17.0672 7.50681 6.5
      vertex -16.924 11.8833 6.5
      vertex -16.6362 7.4927 6.5
    endloop
  endfacet
  facet normal 0 0 -1
    outer loop
      vertex -17.0672 7.50681 6.5
      vertex -17.3495 11.813 6.5
      vertex -16.924 11.8833 6.5
    endloop
  endfacet
  facet normal 0 0 -1
    outer loop
      vertex -17.4873 7.60474 6.5
      vertex -17.3495 11.813 6.5
      vertex -17.0672 7.50681 6.5
    endloop
  endfacet
  facet normal 0 0 -1
    outer loop
      vertex -17.4873 7.60474 6.5
      vertex -17.7531 11.6611 6.5
      vertex -17.3495 11.813 6.5
    endloop
  endfacet
  facet normal 0 0 -1
    outer loop
      vertex -17.8801 7.78273 6.5
      vertex -17.7531 11.6611 6.5
      vertex -17.4873 7.60474 6.5
    endloop
  endfacet
  facet normal 0 0 -1
    outer loop
      vertex -17.8801 7.78273 6.5
      vertex -18.1194 11.4334 6.5
      vertex -17.7531 11.6611 6.5
    endloop
  endfacet
  facet normal 0 0 -1
    outer loop
      vertex -18.2307 8.03394 6.5
      vertex -18.1194 11.4334 6.5
      vertex -17.8801 7.78273 6.5
    endloop
  endfacet
  facet normal 0 0 -1
    outer loop
      vertex -18.2307 8.03394 6.5
      vertex -18.4341 11.1386 6.5
      vertex -18.1194 11.4334 6.5
    endloop
  endfacet
  facet normal 0 0 -1
    outer loop
      vertex -18.5255 8.34872 6.5
      vertex -18.4341 11.1386 6.5
      vertex -18.2307 8.03394 6.5
    endloop
  endfacet
  facet normal 0 0 -1
    outer loop
      vertex -18.5255 8.34872 6.5
      vertex -18.6853 10.788 6.5
      vertex -18.4341 11.1386 6.5
    endloop
  endfacet
  facet normal 0 0 -1
    outer loop
      vertex -18.7532 8.71496 6.5
      vertex -18.6853 10.788 6.5
      vertex -18.5255 8.34872 6.5
    endloop
  endfacet
  facet normal 0 0 -1
    outer loop
      vertex -18.7532 8.71496 6.5
      vertex -18.8633 10.3952 6.5
      vertex -18.6853 10.788 6.5
    endloop
  endfacet
  facet normal 0 0 -1
    outer loop
      vertex -18.9051 9.11859 6.5
      vertex -18.8633 10.3952 6.5
      vertex -18.7532 8.71496 6.5
    endloop
  endfacet
  facet normal 0 0 -1
    outer loop
      vertex -18.9051 9.11859 6.5
      vertex -18.9613 9.97515 6.5
      vertex -18.8633 10.3952 6.5
    endloop
  endfacet
  facet normal 0 -0 -1
    outer loop
      vertex -18.9613 9.97515 6.5
      vertex -18.9051 9.11859 6.5
      vertex -18.9754 9.5441 6.5
    endloop
  endfacet
  facet normal 0.812887 -0.582422 0
    outer loop
      vertex -18.6853 10.788 6.5
      vertex -18.4341 11.1386 -1.90735e-07
      vertex -18.4341 11.1386 6.5
    endloop
  endfacet
  facet normal 0.812887 -0.582422 0
    outer loop
      vertex -18.4341 11.1386 -1.90735e-07
      vertex -18.6853 10.788 6.5
      vertex -18.6853 10.788 -1.90735e-07
    endloop
  endfacet
  facet normal -0.995185 0.0980114 0
    outer loop
      vertex 2.15773 -19.8052 -1.90735e-07
      vertex 2.2 -19.376 6.5
      vertex 2.2 -19.376 -1.90735e-07
    endloop
  endfacet
  facet normal -0.995185 0.0980114 0
    outer loop
      vertex 2.2 -19.376 6.5
      vertex 2.15773 -19.8052 -1.90735e-07
      vertex 2.15773 -19.8052 6.5
    endloop
  endfacet
  facet normal 0.773027 0.634373 0
    outer loop
      vertex -1.55563 -20.9316 6.5
      vertex -1.82923 -20.5982 -1.90735e-07
      vertex -1.82923 -20.5982 6.5
    endloop
  endfacet
  facet normal 0.773027 0.634373 0
    outer loop
      vertex -1.82923 -20.5982 -1.90735e-07
      vertex -1.55563 -20.9316 6.5
      vertex -1.55563 -20.9316 -1.90735e-07
    endloop
  endfacet
  facet normal 0.956935 0.290303 0
    outer loop
      vertex -2.03253 -20.2179 6.5
      vertex -2.15773 -19.8052 -1.90735e-07
      vertex -2.15773 -19.8052 6.5
    endloop
  endfacet
  facet normal 0.956935 0.290303 0
    outer loop
      vertex -2.15773 -19.8052 -1.90735e-07
      vertex -2.03253 -20.2179 6.5
      vertex -2.03253 -20.2179 -1.90735e-07
    endloop
  endfacet
  facet normal 0 0 -1
    outer loop
      vertex 2.15773 -19.8052 6.5
      vertex 2.15773 -18.9468 6.5
      vertex 2.2 -19.376 6.5
    endloop
  endfacet
  facet normal 0 0 -1
    outer loop
      vertex 2.03253 -20.2179 6.5
      vertex 2.15773 -18.9468 6.5
      vertex 2.15773 -19.8052 6.5
    endloop
  endfacet
  facet normal 0 0 -1
    outer loop
      vertex 2.03253 -20.2179 6.5
      vertex 2.03253 -18.5341 6.5
      vertex 2.15773 -18.9468 6.5
    endloop
  endfacet
  facet normal 0 0 -1
    outer loop
      vertex 1.82923 -20.5982 6.5
      vertex 2.03253 -18.5341 6.5
      vertex 2.03253 -20.2179 6.5
    endloop
  endfacet
  facet normal 0 0 -1
    outer loop
      vertex 1.82923 -20.5982 6.5
      vertex 1.82923 -18.1537 6.5
      vertex 2.03253 -18.5341 6.5
    endloop
  endfacet
  facet normal 0 0 -1
    outer loop
      vertex 1.55563 -20.9316 6.5
      vertex 1.82923 -18.1537 6.5
      vertex 1.82923 -20.5982 6.5
    endloop
  endfacet
  facet normal 0 0 -1
    outer loop
      vertex 1.55563 -20.9316 6.5
      vertex 1.55563 -17.8203 6.5
      vertex 1.82923 -18.1537 6.5
    endloop
  endfacet
  facet normal 0 0 -1
    outer loop
      vertex 1.22225 -21.2052 6.5
      vertex 1.55563 -17.8203 6.5
      vertex 1.55563 -20.9316 6.5
    endloop
  endfacet
  facet normal 0 0 -1
    outer loop
      vertex 1.22225 -21.2052 6.5
      vertex 1.22225 -17.5467 6.5
      vertex 1.55563 -17.8203 6.5
    endloop
  endfacet
  facet normal 0 0 -1
    outer loop
      vertex 0.841903 -21.4085 6.5
      vertex 1.22225 -17.5467 6.5
      vertex 1.22225 -21.2052 6.5
    endloop
  endfacet
  facet normal 0 0 -1
    outer loop
      vertex 0.841903 -21.4085 6.5
      vertex 0.841903 -17.3434 6.5
      vertex 1.22225 -17.5467 6.5
    endloop
  endfacet
  facet normal 0 0 -1
    outer loop
      vertex 0.429198 -21.5337 6.5
      vertex 0.841903 -17.3434 6.5
      vertex 0.841903 -21.4085 6.5
    endloop
  endfacet
  facet normal 0 0 -1
    outer loop
      vertex 0.429198 -21.5337 6.5
      vertex 0.429198 -17.2183 6.5
      vertex 0.841903 -17.3434 6.5
    endloop
  endfacet
  facet normal 0 0 -1
    outer loop
      vertex 0 -21.576 6.5
      vertex 0.429198 -17.2183 6.5
      vertex 0.429198 -21.5337 6.5
    endloop
  endfacet
  facet normal 0 0 -1
    outer loop
      vertex 0 -21.576 6.5
      vertex 0 -17.176 6.5
      vertex 0.429198 -17.2183 6.5
    endloop
  endfacet
  facet normal 0 0 -1
    outer loop
      vertex -0.429198 -21.5337 6.5
      vertex 0 -17.176 6.5
      vertex 0 -21.576 6.5
    endloop
  endfacet
  facet normal 0 0 -1
    outer loop
      vertex -0.429198 -21.5337 6.5
      vertex -0.429198 -17.2183 6.5
      vertex 0 -17.176 6.5
    endloop
  endfacet
  facet normal 0 0 -1
    outer loop
      vertex -0.841903 -21.4085 6.5
      vertex -0.429198 -17.2183 6.5
      vertex -0.429198 -21.5337 6.5
    endloop
  endfacet
  facet normal 0 0 -1
    outer loop
      vertex -0.841903 -21.4085 6.5
      vertex -0.841903 -17.3434 6.5
      vertex -0.429198 -17.2183 6.5
    endloop
  endfacet
  facet normal 0 0 -1
    outer loop
      vertex -1.22225 -21.2052 6.5
      vertex -0.841903 -17.3434 6.5
      vertex -0.841903 -21.4085 6.5
    endloop
  endfacet
  facet normal 0 0 -1
    outer loop
      vertex -1.22225 -21.2052 6.5
      vertex -1.22225 -17.5467 6.5
      vertex -0.841903 -17.3434 6.5
    endloop
  endfacet
  facet normal 0 0 -1
    outer loop
      vertex -1.55563 -20.9316 6.5
      vertex -1.22225 -17.5467 6.5
      vertex -1.22225 -21.2052 6.5
    endloop
  endfacet
  facet normal 0 0 -1
    outer loop
      vertex -1.55563 -20.9316 6.5
      vertex -1.55563 -17.8203 6.5
      vertex -1.22225 -17.5467 6.5
    endloop
  endfacet
  facet normal 0 0 -1
    outer loop
      vertex -1.82923 -20.5982 6.5
      vertex -1.55563 -17.8203 6.5
      vertex -1.55563 -20.9316 6.5
    endloop
  endfacet
  facet normal 0 0 -1
    outer loop
      vertex -1.82923 -20.5982 6.5
      vertex -1.82923 -18.1537 6.5
      vertex -1.55563 -17.8203 6.5
    endloop
  endfacet
  facet normal 0 0 -1
    outer loop
      vertex -2.03253 -20.2179 6.5
      vertex -1.82923 -18.1537 6.5
      vertex -1.82923 -20.5982 6.5
    endloop
  endfacet
  facet normal 0 0 -1
    outer loop
      vertex -2.03253 -20.2179 6.5
      vertex -2.03253 -18.5341 6.5
      vertex -1.82923 -18.1537 6.5
    endloop
  endfacet
  facet normal 0 0 -1
    outer loop
      vertex -2.15773 -19.8052 6.5
      vertex -2.03253 -18.5341 6.5
      vertex -2.03253 -20.2179 6.5
    endloop
  endfacet
  facet normal 0 0 -1
    outer loop
      vertex -2.15773 -19.8052 6.5
      vertex -2.15773 -18.9468 6.5
      vertex -2.03253 -18.5341 6.5
    endloop
  endfacet
  facet normal 0 -0 -1
    outer loop
      vertex -2.15773 -18.9468 6.5
      vertex -2.15773 -19.8052 6.5
      vertex -2.2 -19.376 6.5
    endloop
  endfacet
  facet normal 0.995185 0.0980114 0
    outer loop
      vertex -2.15773 -19.8052 6.5
      vertex -2.2 -19.376 -1.90735e-07
      vertex -2.2 -19.376 6.5
    endloop
  endfacet
  facet normal 0.995185 0.0980114 0
    outer loop
      vertex -2.2 -19.376 -1.90735e-07
      vertex -2.15773 -19.8052 6.5
      vertex -2.15773 -19.8052 -1.90735e-07
    endloop
  endfacet
  facet normal 0.881948 -0.471346 0
    outer loop
      vertex -2.03253 -18.5341 6.5
      vertex -1.82923 -18.1537 -1.90735e-07
      vertex -1.82923 -18.1537 6.5
    endloop
  endfacet
  facet normal 0.881948 -0.471346 0
    outer loop
      vertex -1.82923 -18.1537 -1.90735e-07
      vertex -2.03253 -18.5341 6.5
      vertex -2.03253 -18.5341 -1.90735e-07
    endloop
  endfacet
  facet normal -0.0980807 0.995178 0
    outer loop
      vertex 0.429198 -21.5337 -1.90735e-07
      vertex 0 -21.576 6.5
      vertex 0.429198 -21.5337 6.5
    endloop
  endfacet
  facet normal -0.0980807 0.995178 0
    outer loop
      vertex 0 -21.576 6.5
      vertex 0.429198 -21.5337 -1.90735e-07
      vertex 0 -21.576 -1.90735e-07
    endloop
  endfacet
  facet normal -0.0980807 -0.995178 0
    outer loop
      vertex 0 -17.176 -1.90735e-07
      vertex 0.429198 -17.2183 6.5
      vertex 0 -17.176 6.5
    endloop
  endfacet
  facet normal -0.0980807 -0.995178 -0
    outer loop
      vertex 0.429198 -17.2183 6.5
      vertex 0 -17.176 -1.90735e-07
      vertex 0.429198 -17.2183 -1.90735e-07
    endloop
  endfacet
  facet normal 0.773027 -0.634373 0
    outer loop
      vertex -1.82923 -18.1537 6.5
      vertex -1.55563 -17.8203 -1.90735e-07
      vertex -1.55563 -17.8203 6.5
    endloop
  endfacet
  facet normal 0.773027 -0.634373 0
    outer loop
      vertex -1.55563 -17.8203 -1.90735e-07
      vertex -1.82923 -18.1537 6.5
      vertex -1.82923 -18.1537 -1.90735e-07
    endloop
  endfacet
  facet normal -0.773027 -0.634373 0
    outer loop
      vertex 1.82923 -18.1537 -1.90735e-07
      vertex 1.55563 -17.8203 6.5
      vertex 1.55563 -17.8203 -1.90735e-07
    endloop
  endfacet
  facet normal -0.773027 -0.634373 0
    outer loop
      vertex 1.55563 -17.8203 6.5
      vertex 1.82923 -18.1537 -1.90735e-07
      vertex 1.82923 -18.1537 6.5
    endloop
  endfacet
  facet normal -0.881897 0.471443 0
    outer loop
      vertex 1.82923 -20.5982 -1.90735e-07
      vertex 2.03253 -20.2179 6.5
      vertex 2.03253 -20.2179 -1.90735e-07
    endloop
  endfacet
  facet normal -0.881897 0.471443 0
    outer loop
      vertex 2.03253 -20.2179 6.5
      vertex 1.82923 -20.5982 -1.90735e-07
      vertex 1.82923 -20.5982 6.5
    endloop
  endfacet
  facet normal -0.2903 0.956936 0
    outer loop
      vertex 0.841903 -21.4085 -1.90735e-07
      vertex 0.429198 -21.5337 6.5
      vertex 0.841903 -21.4085 6.5
    endloop
  endfacet
  facet normal -0.2903 0.956936 0
    outer loop
      vertex 0.429198 -21.5337 6.5
      vertex 0.841903 -21.4085 -1.90735e-07
      vertex 0.429198 -21.5337 -1.90735e-07
    endloop
  endfacet
  facet normal 0.290088 -0.957 0
    outer loop
      vertex -0.841903 -17.3434 -1.90735e-07
      vertex -0.429198 -17.2183 6.5
      vertex -0.841903 -17.3434 6.5
    endloop
  endfacet
  facet normal 0.290088 -0.957 0
    outer loop
      vertex -0.429198 -17.2183 6.5
      vertex -0.841903 -17.3434 -1.90735e-07
      vertex -0.429198 -17.2183 -1.90735e-07
    endloop
  endfacet
  facet normal 0.2903 0.956936 -0
    outer loop
      vertex -0.429198 -21.5337 -1.90735e-07
      vertex -0.841903 -21.4085 6.5
      vertex -0.429198 -21.5337 6.5
    endloop
  endfacet
  facet normal 0.2903 0.956936 0
    outer loop
      vertex -0.841903 -21.4085 6.5
      vertex -0.429198 -21.5337 -1.90735e-07
      vertex -0.841903 -21.4085 -1.90735e-07
    endloop
  endfacet
  facet normal -0.634396 -0.773008 0
    outer loop
      vertex 1.22225 -17.5467 -1.90735e-07
      vertex 1.55563 -17.8203 6.5
      vertex 1.22225 -17.5467 6.5
    endloop
  endfacet
  facet normal -0.634396 -0.773008 -0
    outer loop
      vertex 1.55563 -17.8203 6.5
      vertex 1.22225 -17.5467 -1.90735e-07
      vertex 1.55563 -17.8203 -1.90735e-07
    endloop
  endfacet
  facet normal 0.471397 -0.881921 0
    outer loop
      vertex -1.22225 -17.5467 -1.90735e-07
      vertex -0.841903 -17.3434 6.5
      vertex -1.22225 -17.5467 6.5
    endloop
  endfacet
  facet normal 0.471397 -0.881921 0
    outer loop
      vertex -0.841903 -17.3434 6.5
      vertex -1.22225 -17.5467 -1.90735e-07
      vertex -0.841903 -17.3434 -1.90735e-07
    endloop
  endfacet
  facet normal 0.0980807 -0.995178 0
    outer loop
      vertex -0.429198 -17.2183 -1.90735e-07
      vertex 0 -17.176 6.5
      vertex -0.429198 -17.2183 6.5
    endloop
  endfacet
  facet normal 0.0980807 -0.995178 0
    outer loop
      vertex 0 -17.176 6.5
      vertex -0.429198 -17.2183 -1.90735e-07
      vertex 0 -17.176 -1.90735e-07
    endloop
  endfacet
  facet normal 0.634396 -0.773008 0
    outer loop
      vertex -1.55563 -17.8203 -1.90735e-07
      vertex -1.22225 -17.5467 6.5
      vertex -1.55563 -17.8203 6.5
    endloop
  endfacet
  facet normal 0.634396 -0.773008 0
    outer loop
      vertex -1.22225 -17.5467 6.5
      vertex -1.55563 -17.8203 -1.90735e-07
      vertex -1.22225 -17.5467 -1.90735e-07
    endloop
  endfacet
  facet normal -0.881948 -0.471346 0
    outer loop
      vertex 2.03253 -18.5341 -1.90735e-07
      vertex 1.82923 -18.1537 6.5
      vertex 1.82923 -18.1537 -1.90735e-07
    endloop
  endfacet
  facet normal -0.881948 -0.471346 0
    outer loop
      vertex 1.82923 -18.1537 6.5
      vertex 2.03253 -18.5341 -1.90735e-07
      vertex 2.03253 -18.5341 6.5
    endloop
  endfacet
  facet normal -0.773027 0.634373 0
    outer loop
      vertex 1.55563 -20.9316 -1.90735e-07
      vertex 1.82923 -20.5982 6.5
      vertex 1.82923 -20.5982 -1.90735e-07
    endloop
  endfacet
  facet normal -0.773027 0.634373 0
    outer loop
      vertex 1.82923 -20.5982 6.5
      vertex 1.55563 -20.9316 -1.90735e-07
      vertex 1.55563 -20.9316 6.5
    endloop
  endfacet
  facet normal -0.634396 0.773008 0
    outer loop
      vertex 1.55563 -20.9316 -1.90735e-07
      vertex 1.22225 -21.2052 6.5
      vertex 1.55563 -20.9316 6.5
    endloop
  endfacet
  facet normal -0.634396 0.773008 0
    outer loop
      vertex 1.22225 -21.2052 6.5
      vertex 1.55563 -20.9316 -1.90735e-07
      vertex 1.22225 -21.2052 -1.90735e-07
    endloop
  endfacet
  facet normal 0.471397 0.881921 -0
    outer loop
      vertex -0.841903 -21.4085 -1.90735e-07
      vertex -1.22225 -21.2052 6.5
      vertex -0.841903 -21.4085 6.5
    endloop
  endfacet
  facet normal 0.471397 0.881921 0
    outer loop
      vertex -1.22225 -21.2052 6.5
      vertex -0.841903 -21.4085 -1.90735e-07
      vertex -1.22225 -21.2052 -1.90735e-07
    endloop
  endfacet
  facet normal 0.634396 0.773008 -0
    outer loop
      vertex -1.22225 -21.2052 -1.90735e-07
      vertex -1.55563 -20.9316 6.5
      vertex -1.22225 -21.2052 6.5
    endloop
  endfacet
  facet normal 0.634396 0.773008 0
    outer loop
      vertex -1.55563 -20.9316 6.5
      vertex -1.22225 -21.2052 -1.90735e-07
      vertex -1.55563 -20.9316 -1.90735e-07
    endloop
  endfacet
  facet normal 0.881897 0.471443 0
    outer loop
      vertex -1.82923 -20.5982 6.5
      vertex -2.03253 -20.2179 -1.90735e-07
      vertex -2.03253 -20.2179 6.5
    endloop
  endfacet
  facet normal 0.881897 0.471443 0
    outer loop
      vertex -2.03253 -20.2179 -1.90735e-07
      vertex -1.82923 -20.5982 6.5
      vertex -1.82923 -20.5982 -1.90735e-07
    endloop
  endfacet
  facet normal -0.290088 -0.957 0
    outer loop
      vertex 0.429198 -17.2183 -1.90735e-07
      vertex 0.841903 -17.3434 6.5
      vertex 0.429198 -17.2183 6.5
    endloop
  endfacet
  facet normal -0.290088 -0.957 -0
    outer loop
      vertex 0.841903 -17.3434 6.5
      vertex 0.429198 -17.2183 -1.90735e-07
      vertex 0.841903 -17.3434 -1.90735e-07
    endloop
  endfacet
  facet normal 0.0980807 0.995178 -0
    outer loop
      vertex 0 -21.576 -1.90735e-07
      vertex -0.429198 -21.5337 6.5
      vertex 0 -21.576 6.5
    endloop
  endfacet
  facet normal 0.0980807 0.995178 0
    outer loop
      vertex -0.429198 -21.5337 6.5
      vertex 0 -21.576 -1.90735e-07
      vertex -0.429198 -21.5337 -1.90735e-07
    endloop
  endfacet
  facet normal -0.471397 0.881921 0
    outer loop
      vertex 1.22225 -21.2052 -1.90735e-07
      vertex 0.841903 -21.4085 6.5
      vertex 1.22225 -21.2052 6.5
    endloop
  endfacet
  facet normal -0.471397 0.881921 0
    outer loop
      vertex 0.841903 -21.4085 6.5
      vertex 1.22225 -21.2052 -1.90735e-07
      vertex 0.841903 -21.4085 -1.90735e-07
    endloop
  endfacet
  facet normal -0.956935 -0.290303 0
    outer loop
      vertex 2.15773 -18.9468 -1.90735e-07
      vertex 2.03253 -18.5341 6.5
      vertex 2.03253 -18.5341 -1.90735e-07
    endloop
  endfacet
  facet normal -0.956935 -0.290303 0
    outer loop
      vertex 2.03253 -18.5341 6.5
      vertex 2.15773 -18.9468 -1.90735e-07
      vertex 2.15773 -18.9468 6.5
    endloop
  endfacet
  facet normal -0.995185 -0.0980114 0
    outer loop
      vertex 2.2 -19.376 -1.90735e-07
      vertex 2.15773 -18.9468 6.5
      vertex 2.15773 -18.9468 -1.90735e-07
    endloop
  endfacet
  facet normal -0.995185 -0.0980114 0
    outer loop
      vertex 2.15773 -18.9468 6.5
      vertex 2.2 -19.376 -1.90735e-07
      vertex 2.2 -19.376 6.5
    endloop
  endfacet
  facet normal -0.471397 -0.881921 0
    outer loop
      vertex 0.841903 -17.3434 -1.90735e-07
      vertex 1.22225 -17.5467 6.5
      vertex 0.841903 -17.3434 6.5
    endloop
  endfacet
  facet normal -0.471397 -0.881921 -0
    outer loop
      vertex 1.22225 -17.5467 6.5
      vertex 0.841903 -17.3434 -1.90735e-07
      vertex 1.22225 -17.5467 -1.90735e-07
    endloop
  endfacet
  facet normal 0.956935 -0.290303 0
    outer loop
      vertex -2.15773 -18.9468 6.5
      vertex -2.03253 -18.5341 -1.90735e-07
      vertex -2.03253 -18.5341 6.5
    endloop
  endfacet
  facet normal 0.956935 -0.290303 0
    outer loop
      vertex -2.03253 -18.5341 -1.90735e-07
      vertex -2.15773 -18.9468 6.5
      vertex -2.15773 -18.9468 -1.90735e-07
    endloop
  endfacet
  facet normal -0.956935 0.290303 0
    outer loop
      vertex 2.03253 -20.2179 -1.90735e-07
      vertex 2.15773 -19.8052 6.5
      vertex 2.15773 -19.8052 -1.90735e-07
    endloop
  endfacet
  facet normal -0.956935 0.290303 0
    outer loop
      vertex 2.15773 -19.8052 6.5
      vertex 2.03253 -20.2179 -1.90735e-07
      vertex 2.03253 -20.2179 6.5
    endloop
  endfacet
  facet normal 0.995185 -0.0980114 0
    outer loop
      vertex -2.2 -19.376 6.5
      vertex -2.15773 -18.9468 -1.90735e-07
      vertex -2.15773 -18.9468 6.5
    endloop
  endfacet
  facet normal 0.995185 -0.0980114 0
    outer loop
      vertex -2.15773 -18.9468 -1.90735e-07
      vertex -2.2 -19.376 6.5
      vertex -2.2 -19.376 -1.90735e-07
    endloop
  endfacet
endsolid OpenSCAD_Model
