solid OpenSCAD_Model
  facet normal 0 -1 0
    outer loop
      vertex 18.5 5.15 123.137
      vertex 27.0266 5.15 113
      vertex 26.087 5.15 123.137
    endloop
  endfacet
  facet normal 0 -1 0
    outer loop
      vertex 18.5 5.15 123.137
      vertex 23.8246 5.15 94.0925
      vertex 27.0266 5.15 113
    endloop
  endfacet
  facet normal 0 -1 0
    outer loop
      vertex 18.5 5.15 81
      vertex 23.8246 5.15 94.0925
      vertex 18.5 5.15 123.137
    endloop
  endfacet
  facet normal 0 -1 0
    outer loop
      vertex 21.0391 5.15 80.5938
      vertex 23.8246 5.15 94.0925
      vertex 18.5 5.15 81
    endloop
  endfacet
  facet normal 0 -1 0
    outer loop
      vertex 23.8246 5.15 94.0925
      vertex 21.0391 5.15 80.5938
      vertex 21.5141 5.15 80.4495
    endloop
  endfacet
  facet normal 0 -1 0
    outer loop
      vertex 23.5981 5.15 18
      vertex 18.5 5.15 25
      vertex 18.5 5.15 18
    endloop
  endfacet
  facet normal 0 -1 0
    outer loop
      vertex 18.5 5.15 25
      vertex 23.5981 5.15 18
      vertex 21.4984 5.15 27.7985
    endloop
  endfacet
  facet normal 0 1 0
    outer loop
      vertex 27.0266 -5.15 113
      vertex 18.5 -5.15 123.137
      vertex 26.087 -5.15 123.137
    endloop
  endfacet
  facet normal 0 1 0
    outer loop
      vertex 27.0266 -5.15 113
      vertex 18.5 -5.15 81
      vertex 18.5 -5.15 123.137
    endloop
  endfacet
  facet normal 0 1 0
    outer loop
      vertex 27.0266 -5.15 113
      vertex 21.0391 -5.15 80.5938
      vertex 18.5 -5.15 81
    endloop
  endfacet
  facet normal -0 1 0
    outer loop
      vertex 21.0391 -5.15 80.5938
      vertex 27.0266 -5.15 113
      vertex 21.5141 -5.15 80.4495
    endloop
  endfacet
  facet normal 0 1 0
    outer loop
      vertex 21.7395 -5.15 26.6736
      vertex 18.5 -5.15 25
      vertex 21.4984 -5.15 27.7985
    endloop
  endfacet
  facet normal 0 1 0
    outer loop
      vertex 23.5981 -5.15 18
      vertex 18.5 -5.15 25
      vertex 21.7395 -5.15 26.6736
    endloop
  endfacet
  facet normal 0 1 0
    outer loop
      vertex 18.5 -5.15 25
      vertex 23.5981 -5.15 18
      vertex 18.5 -5.15 18
    endloop
  endfacet
  facet normal 1 -0 0
    outer loop
      vertex 18.5 -5.15 123.137
      vertex 18.5 5.15 81
      vertex 18.5 5.15 123.137
    endloop
  endfacet
  facet normal 1 0 0
    outer loop
      vertex 18.5 5.15 81
      vertex 18.5 -5.15 123.137
      vertex 18.5 -5.15 81
    endloop
  endfacet
  facet normal 0.157969 0 0.987444
    outer loop
      vertex 18.5 5.15 81
      vertex 21.0391 -5.15 80.5938
      vertex 21.0391 5.15 80.5938
    endloop
  endfacet
  facet normal 0.157969 0 0.987444
    outer loop
      vertex 21.0391 -5.15 80.5938
      vertex 18.5 5.15 81
      vertex 18.5 -5.15 81
    endloop
  endfacet
  facet normal 0.290673 8.33187e-05 0.956823
    outer loop
      vertex 21.0391 5.15 80.5938
      vertex 23.4062 1.70411 79.875
      vertex 21.5141 5.15 80.4495
    endloop
  endfacet
  facet normal 0.290562 0 0.956856
    outer loop
      vertex 23.4062 1.70411 79.875
      vertex 21.0391 5.15 80.5938
      vertex 23.4062 -1.70411 79.875
    endloop
  endfacet
  facet normal 0.290562 -0 0.956856
    outer loop
      vertex 21.0391 -5.15 80.5938
      vertex 23.4062 -1.70411 79.875
      vertex 21.0391 5.15 80.5938
    endloop
  endfacet
  facet normal 0.290673 -8.33187e-05 0.956823
    outer loop
      vertex 23.4062 -1.70411 79.875
      vertex 21.0391 -5.15 80.5938
      vertex 21.5141 -5.15 80.4495
    endloop
  endfacet
  facet normal 0.425151 0 0.905122
    outer loop
      vertex 23.4062 1.70411 79.875
      vertex 23.4062 -1.70411 79.875
      vertex 24.3176 0 79.4469
    endloop
  endfacet
  facet normal 0.752395 0 -0.658712
    outer loop
      vertex 23.9183 0 30.3811
      vertex 22.3672 -3.34425 28.6094
      vertex 22.3672 3.34425 28.6094
    endloop
  endfacet
  facet normal 0.682317 8.87903e-06 -0.731056
    outer loop
      vertex 18.5 -5.15 25
      vertex 22.3672 -3.34425 28.6094
      vertex 21.4984 -5.15 27.7985
    endloop
  endfacet
  facet normal 0.68232 0 -0.731054
    outer loop
      vertex 22.3672 -3.34425 28.6094
      vertex 18.5 -5.15 25
      vertex 22.3672 3.34425 28.6094
    endloop
  endfacet
  facet normal 0.68232 0 -0.731054
    outer loop
      vertex 18.5 5.15 25
      vertex 22.3672 3.34425 28.6094
      vertex 18.5 -5.15 25
    endloop
  endfacet
  facet normal 0.682317 -8.87903e-06 -0.731056
    outer loop
      vertex 22.3672 3.34425 28.6094
      vertex 18.5 5.15 25
      vertex 21.4984 5.15 27.7985
    endloop
  endfacet
  facet normal 1 -0 0
    outer loop
      vertex 18.5 -5.15 25
      vertex 18.5 5.15 18
      vertex 18.5 5.15 25
    endloop
  endfacet
  facet normal 1 0 0
    outer loop
      vertex 18.5 5.15 18
      vertex 18.5 -5.15 25
      vertex 18.5 -5.15 18
    endloop
  endfacet
  facet normal 0 0 1
    outer loop
      vertex 23.5981 5.15 18
      vertex 26.0143 -0.965 18
      vertex 26.5714 0 18
    endloop
  endfacet
  facet normal -0 0 1
    outer loop
      vertex 18.5 5.15 18
      vertex 26.0143 -0.965 18
      vertex 23.5981 5.15 18
    endloop
  endfacet
  facet normal 0 0 1
    outer loop
      vertex 18.5 -5.15 18
      vertex 26.0143 -0.965 18
      vertex 18.5 5.15 18
    endloop
  endfacet
  facet normal 0 0 1
    outer loop
      vertex 26.0143 -0.965 18
      vertex 18.5 -5.15 18
      vertex 23.5981 -5.15 18
    endloop
  endfacet
  facet normal 0.866036 -0.499982 1.16642e-06
    outer loop
      vertex 6.63757 21.7966 123.137
      vertex 7.17308 22.7241 90.7956
      vertex 6.96572 22.365 123.137
    endloop
  endfacet
  facet normal 0.866017 -0.500015 -8.8158e-08
    outer loop
      vertex 6.0595 20.7954 80.5938
      vertex 7.17308 22.7241 90.7956
      vertex 6.63757 21.7966 123.137
    endloop
  endfacet
  facet normal 0.865994 -0.500054 9.83147e-06
    outer loop
      vertex 7.17308 22.7241 90.7956
      vertex 6.0595 20.7954 80.5938
      vertex 6.297 21.2067 80.4495
    endloop
  endfacet
  facet normal 0.866027 -0.499998 -1.74863e-07
    outer loop
      vertex 6.96572 22.365 123.137
      vertex 7.66569 23.5774 96.613
      vertex 8.33536 24.7373 123.137
    endloop
  endfacet
  facet normal 0.866041 -0.499974 1.28471e-06
    outer loop
      vertex 7.66569 23.5774 96.613
      vertex 6.96572 22.365 123.137
      vertex 7.17308 22.7241 90.7956
    endloop
  endfacet
  facet normal 0.866015 -0.500019 1.46427e-06
    outer loop
      vertex 4.78997 18.5965 81
      vertex 6.63757 21.7966 123.137
      vertex 6.28023 21.1777 123.137
    endloop
  endfacet
  facet normal 0.866026 -0.499998 -5.9625e-07
    outer loop
      vertex 6.63757 21.7966 123.137
      vertex 4.78997 18.5965 81
      vertex 6.0595 20.7954 80.5938
    endloop
  endfacet
  facet normal 0.866025 -0.500001 0
    outer loop
      vertex 4.78997 18.5965 123.137
      vertex 4.78997 18.5965 81
      vertex 6.28023 21.1777 123.137
    endloop
  endfacet
  facet normal 0.866032 -0.499989 2.08402e-05
    outer loop
      vertex 8.33536 24.7373 123.137
      vertex 8.64981 25.2819 121.706
      vertex 8.58344 25.167 123.137
    endloop
  endfacet
  facet normal 0.866009 -0.500028 7.5001e-07
    outer loop
      vertex 8.64981 25.2819 121.706
      vertex 8.33536 24.7373 123.137
      vertex 8.54364 25.098 106.981
    endloop
  endfacet
  facet normal 0.866015 -0.500019 1.04029e-06
    outer loop
      vertex 8.54364 25.098 106.981
      vertex 8.33536 24.7373 123.137
      vertex 7.66569 23.5774 96.613
    endloop
  endfacet
  facet normal 0.866045 -0.499967 -2.75561e-07
    outer loop
      vertex 8.54364 25.098 106.981
      vertex 9.03527 25.9496 113.389
      vertex 8.64981 25.2819 121.706
    endloop
  endfacet
  facet normal 0.865912 -0.500197 4.04794e-05
    outer loop
      vertex 9.03527 25.9496 113.389
      vertex 8.54364 25.098 106.981
      vertex 9.04009 25.9579 112.844
    endloop
  endfacet
  facet normal 0.866223 -0.499658 5.14377e-05
    outer loop
      vertex 9.05329 25.9808 113
      vertex 9.03527 25.9496 113.389
      vertex 9.04009 25.9579 112.844
    endloop
  endfacet
  facet normal 0.866033 -0.499986 -1.02403e-05
    outer loop
      vertex 6.39528 21.3769 26.8081
      vertex 4.78997 18.5965 18
      vertex 6.57429 21.687 25.1373
    endloop
  endfacet
  facet normal 0.866009 -0.500029 3.72679e-05
    outer loop
      vertex 4.78997 18.5965 25
      vertex 6.39528 21.3769 26.8081
      vertex 6.28917 21.1932 27.7985
    endloop
  endfacet
  facet normal 0.866019 -0.500011 0
    outer loop
      vertex 6.39528 21.3769 26.8081
      vertex 4.78997 18.5965 25
      vertex 4.78997 18.5965 18
    endloop
  endfacet
  facet normal 0.866022 -0.500006 9.707e-07
    outer loop
      vertex 6.57429 21.687 25.1373
      vertex 4.78997 18.5965 18
      vertex 7.33901 23.0115 18
    endloop
  endfacet
  facet normal -0.866003 0.500039 1.28608e-06
    outer loop
      vertex 16.0931 17.5741 90.7956
      vertex 15.5576 16.6466 123.137
      vertex 15.8858 17.215 123.137
    endloop
  endfacet
  facet normal -0.865995 0.500052 -1.62e-05
    outer loop
      vertex 14.9796 15.6454 80.5938
      vertex 16.0931 17.5741 90.7956
      vertex 15.2171 16.0567 80.4495
    endloop
  endfacet
  facet normal -0.866031 0.49999 -5.73826e-07
    outer loop
      vertex 16.0931 17.5741 90.7956
      vertex 14.9796 15.6454 80.5938
      vertex 15.5576 16.6466 123.137
    endloop
  endfacet
  facet normal -0.866049 0.499959 1.0415e-07
    outer loop
      vertex 15.8858 17.215 123.137
      vertex 16.5857 18.4274 96.613
      vertex 16.0931 17.5741 90.7956
    endloop
  endfacet
  facet normal -0.866033 0.499987 1.79296e-06
    outer loop
      vertex 16.5857 18.4274 96.613
      vertex 15.8858 17.215 123.137
      vertex 17.2554 19.5873 123.137
    endloop
  endfacet
  facet normal -0.866015 0.500019 -1.46851e-06
    outer loop
      vertex 13.71 13.4465 81
      vertex 15.5576 16.6466 123.137
      vertex 14.9796 15.6454 80.5938
    endloop
  endfacet
  facet normal -0.866039 0.499977 2.78655e-06
    outer loop
      vertex 15.5576 16.6466 123.137
      vertex 13.71 13.4465 81
      vertex 15.2003 16.0277 123.137
    endloop
  endfacet
  facet normal -0.866019 0.500011 0
    outer loop
      vertex 15.2003 16.0277 123.137
      vertex 13.71 13.4465 81
      vertex 13.71 13.4465 123.137
    endloop
  endfacet
  facet normal -0.865974 0.500089 -3.13668e-09
    outer loop
      vertex 17.2554 19.5873 123.137
      vertex 17.5699 20.1319 121.706
      vertex 17.4637 19.948 106.981
    endloop
  endfacet
  facet normal -0.866014 0.500019 -3.57588e-05
    outer loop
      vertex 17.5699 20.1319 121.706
      vertex 17.2554 19.5873 123.137
      vertex 17.5035 20.017 123.137
    endloop
  endfacet
  facet normal -0.866001 0.500042 -1.41893e-06
    outer loop
      vertex 17.2554 19.5873 123.137
      vertex 17.4637 19.948 106.981
      vertex 16.5857 18.4274 96.613
    endloop
  endfacet
  facet normal -0.866017 0.500015 -1.23882e-05
    outer loop
      vertex 17.4637 19.948 106.981
      vertex 17.9553 20.7996 113.389
      vertex 17.9601 20.8079 112.844
    endloop
  endfacet
  facet normal -0.866065 0.499931 2.64362e-06
    outer loop
      vertex 17.9553 20.7996 113.389
      vertex 17.4637 19.948 106.981
      vertex 17.5699 20.1319 121.706
    endloop
  endfacet
  facet normal -0.864823 0.502076 2.95069e-05
    outer loop
      vertex 17.9601 20.8079 112.844
      vertex 17.9553 20.7996 113.389
      vertex 17.9734 20.8308 113
    endloop
  endfacet
  facet normal -0.866018 0.500013 4.61432e-06
    outer loop
      vertex 13.71 13.4465 18
      vertex 15.3298 16.2519 26.6736
      vertex 15.4944 16.537 25.1373
    endloop
  endfacet
  facet normal -0.865654 0.500643 -0.000267054
    outer loop
      vertex 15.3298 16.2519 26.6736
      vertex 13.71 13.4465 18
      vertex 15.3153 16.2269 26.8081
    endloop
  endfacet
  facet normal -0.866021 0.500008 0
    outer loop
      vertex 13.71 13.4465 25
      vertex 15.3153 16.2269 26.8081
      vertex 13.71 13.4465 18
    endloop
  endfacet
  facet normal -0.866012 0.500023 -2.99807e-05
    outer loop
      vertex 15.3153 16.2269 26.8081
      vertex 13.71 13.4465 25
      vertex 15.2092 16.0432 27.7985
    endloop
  endfacet
  facet normal -0.866017 0.500014 3.6401e-06
    outer loop
      vertex 16.2591 17.8615 18
      vertex 13.71 13.4465 18
      vertex 15.4944 16.537 25.1373
    endloop
  endfacet
  facet normal 0.500001 0.866025 -0
    outer loop
      vertex 13.71 13.4465 81
      vertex 4.78997 18.5965 123.137
      vertex 13.71 13.4465 123.137
    endloop
  endfacet
  facet normal 0.500001 0.866025 0
    outer loop
      vertex 4.78997 18.5965 123.137
      vertex 13.71 13.4465 81
      vertex 4.78997 18.5965 81
    endloop
  endfacet
  facet normal 0.0789843 0.136805 0.987444
    outer loop
      vertex 6.0595 20.7954 80.5938
      vertex 13.71 13.4465 81
      vertex 14.9796 15.6454 80.5938
    endloop
  endfacet
  facet normal 0.0789858 0.136807 0.987444
    outer loop
      vertex 13.71 13.4465 81
      vertex 6.0595 20.7954 80.5938
      vertex 4.78997 18.5965 81
    endloop
  endfacet
  facet normal 0.145259 0.251809 0.956813
    outer loop
      vertex 6.0595 20.7954 80.5938
      vertex 9.06769 21.1473 80.0445
      vertex 6.297 21.2067 80.4495
    endloop
  endfacet
  facet normal 0.145285 0.251643 0.956853
    outer loop
      vertex 9.06769 21.1473 80.0445
      vertex 6.0595 20.7954 80.5938
      vertex 14.9796 15.6454 80.5938
    endloop
  endfacet
  facet normal 0.145441 0.251704 0.956813
    outer loop
      vertex 13.1789 19.4183 79.875
      vertex 14.9796 15.6454 80.5938
      vertex 15.2171 16.0567 80.4495
    endloop
  endfacet
  facet normal 0.145247 0.251562 0.95688
    outer loop
      vertex 9.06769 21.1473 80.0445
      vertex 13.1789 19.4183 79.875
      vertex 10.2273 21.1225 79.875
    endloop
  endfacet
  facet normal 0.145276 0.251633 0.956857
    outer loop
      vertex 13.1789 19.4183 79.875
      vertex 9.06769 21.1473 80.0445
      vertex 14.9796 15.6454 80.5938
    endloop
  endfacet
  facet normal 0.212584 0.368186 0.905123
    outer loop
      vertex 12.1588 21.0597 79.4469
      vertex 10.2273 21.1225 79.875
      vertex 13.1789 19.4183 79.875
    endloop
  endfacet
  facet normal 0.376194 0.651577 -0.658731
    outer loop
      vertex 14.0798 17.6984 28.6094
      vertex 8.28739 21.0427 28.6094
      vertex 11.9592 20.7139 30.3811
    endloop
  endfacet
  facet normal 0.341165 0.590896 -0.731059
    outer loop
      vertex 4.78997 18.5965 25
      vertex 14.0798 17.6984 28.6094
      vertex 14.5748 16.9729 28.254
    endloop
  endfacet
  facet normal 0.341164 0.590904 -0.731053
    outer loop
      vertex 14.0798 17.6984 28.6094
      vertex 4.78997 18.5965 25
      vertex 8.28739 21.0427 28.6094
    endloop
  endfacet
  facet normal 0.341175 0.590893 -0.731057
    outer loop
      vertex 8.28739 21.0427 28.6094
      vertex 4.78997 18.5965 25
      vertex 6.28917 21.1932 27.7985
    endloop
  endfacet
  facet normal 0.341103 0.590935 -0.731057
    outer loop
      vertex 13.71 13.4465 25
      vertex 14.5748 16.9729 28.254
      vertex 15.2092 16.0432 27.7985
    endloop
  endfacet
  facet normal 0.341164 0.590911 -0.731048
    outer loop
      vertex 14.5748 16.9729 28.254
      vertex 13.71 13.4465 25
      vertex 4.78997 18.5965 25
    endloop
  endfacet
  facet normal 0.500001 0.866025 -0
    outer loop
      vertex 13.71 13.4465 18
      vertex 4.78997 18.5965 25
      vertex 13.71 13.4465 25
    endloop
  endfacet
  facet normal 0.500001 0.866025 0
    outer loop
      vertex 4.78997 18.5965 25
      vertex 13.71 13.4465 18
      vertex 4.78997 18.5965 18
    endloop
  endfacet
  facet normal 0 0 1
    outer loop
      vertex 13.8429 22.0465 18
      vertex 13.71 13.4465 18
      vertex 16.2591 17.8615 18
    endloop
  endfacet
  facet normal -0 0 1
    outer loop
      vertex 7.33901 23.0115 18
      vertex 13.8429 22.0465 18
      vertex 13.2857 23.0115 18
    endloop
  endfacet
  facet normal 0 0 1
    outer loop
      vertex 13.8429 22.0465 18
      vertex 7.33901 23.0115 18
      vertex 4.78997 18.5965 18
    endloop
  endfacet
  facet normal 0 0 1
    outer loop
      vertex 13.8429 22.0465 18
      vertex 4.78997 18.5965 18
      vertex 13.71 13.4465 18
    endloop
  endfacet
  facet normal 0.866003 0.500039 1.28608e-06
    outer loop
      vertex -15.5576 16.6466 123.137
      vertex -16.0931 17.5741 90.7956
      vertex -15.8858 17.215 123.137
    endloop
  endfacet
  facet normal 0.866031 0.49999 -5.73826e-07
    outer loop
      vertex -14.9796 15.6454 80.5938
      vertex -16.0931 17.5741 90.7956
      vertex -15.5576 16.6466 123.137
    endloop
  endfacet
  facet normal 0.865995 0.500052 -1.62e-05
    outer loop
      vertex -16.0931 17.5741 90.7956
      vertex -14.9796 15.6454 80.5938
      vertex -15.2171 16.0567 80.4495
    endloop
  endfacet
  facet normal 0.866033 0.499987 1.79296e-06
    outer loop
      vertex -15.8858 17.215 123.137
      vertex -16.5857 18.4274 96.613
      vertex -17.2554 19.5873 123.137
    endloop
  endfacet
  facet normal 0.866067 0.499928 -1.80933e-06
    outer loop
      vertex -16.5857 18.4274 96.613
      vertex -15.8858 17.215 123.137
      vertex -16.3723 18.0577 94.0925
    endloop
  endfacet
  facet normal 0.866032 0.499988 5.37402e-07
    outer loop
      vertex -16.3723 18.0577 94.0925
      vertex -15.8858 17.215 123.137
      vertex -16.0931 17.5741 90.7956
    endloop
  endfacet
  facet normal 0.866039 0.499977 2.78655e-06
    outer loop
      vertex -13.71 13.4465 81
      vertex -15.5576 16.6466 123.137
      vertex -15.2003 16.0277 123.137
    endloop
  endfacet
  facet normal 0.866015 0.500019 -1.46851e-06
    outer loop
      vertex -15.5576 16.6466 123.137
      vertex -13.71 13.4465 81
      vertex -14.9796 15.6454 80.5938
    endloop
  endfacet
  facet normal 0.866019 0.500011 -0
    outer loop
      vertex -13.71 13.4465 81
      vertex -15.2003 16.0277 123.137
      vertex -13.71 13.4465 123.137
    endloop
  endfacet
  facet normal 0.866014 0.500019 -3.57588e-05
    outer loop
      vertex -17.2554 19.5873 123.137
      vertex -17.5699 20.1319 121.706
      vertex -17.5035 20.017 123.137
    endloop
  endfacet
  facet normal 0.865974 0.500089 -3.13668e-09
    outer loop
      vertex -17.5699 20.1319 121.706
      vertex -17.2554 19.5873 123.137
      vertex -17.4637 19.948 106.981
    endloop
  endfacet
  facet normal 0.866001 0.500042 -1.41893e-06
    outer loop
      vertex -17.4637 19.948 106.981
      vertex -17.2554 19.5873 123.137
      vertex -16.5857 18.4274 96.613
    endloop
  endfacet
  facet normal 0.866065 0.499931 2.64362e-06
    outer loop
      vertex -17.4637 19.948 106.981
      vertex -17.9553 20.7996 113.389
      vertex -17.5699 20.1319 121.706
    endloop
  endfacet
  facet normal 0.866017 0.500015 -1.23882e-05
    outer loop
      vertex -17.9553 20.7996 113.389
      vertex -17.4637 19.948 106.981
      vertex -17.9601 20.8079 112.844
    endloop
  endfacet
  facet normal 0.864823 0.502076 2.95069e-05
    outer loop
      vertex -17.9601 20.8079 112.844
      vertex -17.9734 20.8308 113
      vertex -17.9553 20.7996 113.389
    endloop
  endfacet
  facet normal 0.865994 0.500055 -1.95001e-05
    outer loop
      vertex -13.71 13.4465 18
      vertex -15.4944 16.537 25.1373
      vertex -15.3153 16.2269 26.8081
    endloop
  endfacet
  facet normal 0.866012 0.500023 -2.99807e-05
    outer loop
      vertex -13.71 13.4465 25
      vertex -15.3153 16.2269 26.8081
      vertex -15.2092 16.0432 27.7985
    endloop
  endfacet
  facet normal 0.866021 0.500008 0
    outer loop
      vertex -15.3153 16.2269 26.8081
      vertex -13.71 13.4465 25
      vertex -13.71 13.4465 18
    endloop
  endfacet
  facet normal 0.866017 0.500014 3.6401e-06
    outer loop
      vertex -13.71 13.4465 18
      vertex -16.2591 17.8615 18
      vertex -15.4944 16.537 25.1373
    endloop
  endfacet
  facet normal -0.866036 -0.499982 1.16642e-06
    outer loop
      vertex -7.17308 22.7241 90.7956
      vertex -6.63757 21.7966 123.137
      vertex -6.96572 22.365 123.137
    endloop
  endfacet
  facet normal -0.865994 -0.500054 9.83147e-06
    outer loop
      vertex -6.0595 20.7954 80.5938
      vertex -7.17308 22.7241 90.7956
      vertex -6.297 21.2067 80.4495
    endloop
  endfacet
  facet normal -0.866017 -0.500015 -8.8158e-08
    outer loop
      vertex -7.17308 22.7241 90.7956
      vertex -6.0595 20.7954 80.5938
      vertex -6.63757 21.7966 123.137
    endloop
  endfacet
  facet normal -0.866041 -0.499974 1.28471e-06
    outer loop
      vertex -6.96572 22.365 123.137
      vertex -7.66569 23.5774 96.613
      vertex -7.17308 22.7241 90.7956
    endloop
  endfacet
  facet normal -0.866027 -0.499998 -1.74863e-07
    outer loop
      vertex -7.66569 23.5774 96.613
      vertex -6.96572 22.365 123.137
      vertex -8.33536 24.7373 123.137
    endloop
  endfacet
  facet normal -0.866026 -0.499998 -5.9625e-07
    outer loop
      vertex -4.78997 18.5965 81
      vertex -6.63757 21.7966 123.137
      vertex -6.0595 20.7954 80.5938
    endloop
  endfacet
  facet normal -0.866015 -0.500019 1.46427e-06
    outer loop
      vertex -6.63757 21.7966 123.137
      vertex -4.78997 18.5965 81
      vertex -6.28023 21.1777 123.137
    endloop
  endfacet
  facet normal -0.866025 -0.500001 -0
    outer loop
      vertex -4.78997 18.5965 123.137
      vertex -6.28023 21.1777 123.137
      vertex -4.78997 18.5965 81
    endloop
  endfacet
  facet normal -0.866009 -0.500028 7.5001e-07
    outer loop
      vertex -8.33536 24.7373 123.137
      vertex -8.64981 25.2819 121.706
      vertex -8.54364 25.098 106.981
    endloop
  endfacet
  facet normal -0.866032 -0.499989 2.08402e-05
    outer loop
      vertex -8.64981 25.2819 121.706
      vertex -8.33536 24.7373 123.137
      vertex -8.58344 25.167 123.137
    endloop
  endfacet
  facet normal -0.866015 -0.500019 1.04029e-06
    outer loop
      vertex -8.33536 24.7373 123.137
      vertex -8.54364 25.098 106.981
      vertex -7.66569 23.5774 96.613
    endloop
  endfacet
  facet normal -0.865912 -0.500197 4.04794e-05
    outer loop
      vertex -8.54364 25.098 106.981
      vertex -9.03527 25.9496 113.389
      vertex -9.04009 25.9579 112.844
    endloop
  endfacet
  facet normal -0.866045 -0.499967 -2.75561e-07
    outer loop
      vertex -9.03527 25.9496 113.389
      vertex -8.54364 25.098 106.981
      vertex -8.64981 25.2819 121.706
    endloop
  endfacet
  facet normal -0.866223 -0.499658 5.14377e-05
    outer loop
      vertex -9.03527 25.9496 113.389
      vertex -9.05329 25.9808 113
      vertex -9.04009 25.9579 112.844
    endloop
  endfacet
  facet normal -0.866033 -0.499986 -1.02403e-05
    outer loop
      vertex -6.39528 21.3769 26.8081
      vertex -6.57429 21.687 25.1373
      vertex -4.78997 18.5965 18
    endloop
  endfacet
  facet normal -0.866019 -0.500011 -0
    outer loop
      vertex -4.78997 18.5965 25
      vertex -6.39528 21.3769 26.8081
      vertex -4.78997 18.5965 18
    endloop
  endfacet
  facet normal -0.866009 -0.500029 3.72679e-05
    outer loop
      vertex -6.39528 21.3769 26.8081
      vertex -4.78997 18.5965 25
      vertex -6.28917 21.1932 27.7985
    endloop
  endfacet
  facet normal -0.866022 -0.500006 9.707e-07
    outer loop
      vertex -6.57429 21.687 25.1373
      vertex -7.33901 23.0115 18
      vertex -4.78997 18.5965 18
    endloop
  endfacet
  facet normal -0.500001 0.866025 0
    outer loop
      vertex -4.78997 18.5965 81
      vertex -13.71 13.4465 123.137
      vertex -4.78997 18.5965 123.137
    endloop
  endfacet
  facet normal -0.500001 0.866025 0
    outer loop
      vertex -13.71 13.4465 123.137
      vertex -4.78997 18.5965 81
      vertex -13.71 13.4465 81
    endloop
  endfacet
  facet normal -0.0789858 0.136807 0.987444
    outer loop
      vertex -6.0595 20.7954 80.5938
      vertex -13.71 13.4465 81
      vertex -4.78997 18.5965 81
    endloop
  endfacet
  facet normal -0.0789843 0.136805 0.987444
    outer loop
      vertex -13.71 13.4465 81
      vertex -6.0595 20.7954 80.5938
      vertex -14.9796 15.6454 80.5938
    endloop
  endfacet
  facet normal -0.145285 0.251641 0.956854
    outer loop
      vertex -13.7803 18.4265 80.0445
      vertex -14.9796 15.6454 80.5938
      vertex -6.0595 20.7954 80.5938
    endloop
  endfacet
  facet normal -0.145444 0.251702 0.956813
    outer loop
      vertex -14.9796 15.6454 80.5938
      vertex -13.7803 18.4265 80.0445
      vertex -15.2171 16.0567 80.4495
    endloop
  endfacet
  facet normal -0.145254 0.251812 0.956813
    outer loop
      vertex -10.2273 21.1225 79.875
      vertex -6.0595 20.7954 80.5938
      vertex -6.297 21.2067 80.4495
    endloop
  endfacet
  facet normal -0.145283 0.251624 0.956858
    outer loop
      vertex -13.7803 18.4265 80.0445
      vertex -10.2273 21.1225 79.875
      vertex -13.1789 19.4183 79.875
    endloop
  endfacet
  facet normal -0.145278 0.251617 0.956861
    outer loop
      vertex -10.2273 21.1225 79.875
      vertex -13.7803 18.4265 80.0445
      vertex -6.0595 20.7954 80.5938
    endloop
  endfacet
  facet normal -0.212584 0.368186 0.905123
    outer loop
      vertex -12.1588 21.0597 79.4469
      vertex -13.1789 19.4183 79.875
      vertex -10.2273 21.1225 79.875
    endloop
  endfacet
  facet normal -0.376194 0.651577 -0.658731
    outer loop
      vertex -8.28739 21.0427 28.6094
      vertex -14.0798 17.6984 28.6094
      vertex -11.9592 20.7139 30.3811
    endloop
  endfacet
  facet normal -0.341114 0.59089 -0.731088
    outer loop
      vertex -13.71 13.4465 25
      vertex -8.28739 21.0427 28.6094
      vertex -7.41153 21.1086 28.254
    endloop
  endfacet
  facet normal -0.341166 0.590909 -0.731049
    outer loop
      vertex -13.71 13.4465 25
      vertex -14.0798 17.6984 28.6094
      vertex -8.28739 21.0427 28.6094
    endloop
  endfacet
  facet normal -0.341132 0.590919 -0.731057
    outer loop
      vertex -14.0798 17.6984 28.6094
      vertex -13.71 13.4465 25
      vertex -15.2092 16.0432 27.7985
    endloop
  endfacet
  facet normal -0.34123 0.590862 -0.731057
    outer loop
      vertex -4.78997 18.5965 25
      vertex -7.41153 21.1086 28.254
      vertex -6.28917 21.1932 27.7985
    endloop
  endfacet
  facet normal -0.341166 0.590914 -0.731045
    outer loop
      vertex -7.41153 21.1086 28.254
      vertex -4.78997 18.5965 25
      vertex -13.71 13.4465 25
    endloop
  endfacet
  facet normal -0.500001 0.866025 0
    outer loop
      vertex -4.78997 18.5965 18
      vertex -13.71 13.4465 25
      vertex -4.78997 18.5965 25
    endloop
  endfacet
  facet normal -0.500001 0.866025 0
    outer loop
      vertex -13.71 13.4465 25
      vertex -4.78997 18.5965 18
      vertex -13.71 13.4465 18
    endloop
  endfacet
  facet normal -0 0 1
    outer loop
      vertex -13.2857 23.0115 18
      vertex -4.78997 18.5965 18
      vertex -7.33901 23.0115 18
    endloop
  endfacet
  facet normal 0 0 1
    outer loop
      vertex -13.2857 23.0115 18
      vertex -13.71 13.4465 18
      vertex -4.78997 18.5965 18
    endloop
  endfacet
  facet normal 0 -0 1
    outer loop
      vertex -13.71 13.4465 18
      vertex -13.2857 23.0115 18
      vertex -16.2591 17.8615 18
    endloop
  endfacet
  facet normal 0 1 0
    outer loop
      vertex -18.5 -5.15 123.137
      vertex -27.0266 -5.15 113
      vertex -26.087 -5.15 123.137
    endloop
  endfacet
  facet normal 0 1 0
    outer loop
      vertex -18.5 -5.15 123.137
      vertex -23.8246 -5.15 94.0925
      vertex -27.0266 -5.15 113
    endloop
  endfacet
  facet normal 0 1 -0
    outer loop
      vertex -18.5 -5.15 81
      vertex -23.8246 -5.15 94.0925
      vertex -18.5 -5.15 123.137
    endloop
  endfacet
  facet normal 0 1 -0
    outer loop
      vertex -21.0391 -5.15 80.5938
      vertex -23.8246 -5.15 94.0925
      vertex -18.5 -5.15 81
    endloop
  endfacet
  facet normal 0 1 0
    outer loop
      vertex -23.8246 -5.15 94.0925
      vertex -21.0391 -5.15 80.5938
      vertex -21.5141 -5.15 80.4495
    endloop
  endfacet
  facet normal 0 1 0
    outer loop
      vertex -23.5981 -5.15 18
      vertex -18.5 -5.15 25
      vertex -18.5 -5.15 18
    endloop
  endfacet
  facet normal 0 1 0
    outer loop
      vertex -18.5 -5.15 25
      vertex -23.5981 -5.15 18
      vertex -21.4984 -5.15 27.7985
    endloop
  endfacet
  facet normal 0 -1 0
    outer loop
      vertex -27.0266 5.15 113
      vertex -18.5 5.15 123.137
      vertex -26.087 5.15 123.137
    endloop
  endfacet
  facet normal 0 -1 0
    outer loop
      vertex -27.0266 5.15 113
      vertex -18.5 5.15 81
      vertex -18.5 5.15 123.137
    endloop
  endfacet
  facet normal 0 -1 0
    outer loop
      vertex -27.0266 5.15 113
      vertex -21.0391 5.15 80.5938
      vertex -18.5 5.15 81
    endloop
  endfacet
  facet normal -0 -1 0
    outer loop
      vertex -21.0391 5.15 80.5938
      vertex -27.0266 5.15 113
      vertex -21.5141 5.15 80.4495
    endloop
  endfacet
  facet normal 0 -1 0
    outer loop
      vertex -21.7395 5.15 26.6736
      vertex -18.5 5.15 25
      vertex -21.4984 5.15 27.7985
    endloop
  endfacet
  facet normal 0 -1 0
    outer loop
      vertex -23.5981 5.15 18
      vertex -18.5 5.15 25
      vertex -21.7395 5.15 26.6736
    endloop
  endfacet
  facet normal 0 -1 -0
    outer loop
      vertex -18.5 5.15 25
      vertex -23.5981 5.15 18
      vertex -18.5 5.15 18
    endloop
  endfacet
  facet normal -1 0 0
    outer loop
      vertex -18.5 -5.15 81
      vertex -18.5 5.15 123.137
      vertex -18.5 5.15 81
    endloop
  endfacet
  facet normal -1 -0 0
    outer loop
      vertex -18.5 5.15 123.137
      vertex -18.5 -5.15 81
      vertex -18.5 -5.15 123.137
    endloop
  endfacet
  facet normal -0.157969 0 0.987444
    outer loop
      vertex -21.0391 5.15 80.5938
      vertex -18.5 -5.15 81
      vertex -18.5 5.15 81
    endloop
  endfacet
  facet normal -0.157969 0 0.987444
    outer loop
      vertex -18.5 -5.15 81
      vertex -21.0391 5.15 80.5938
      vertex -21.0391 -5.15 80.5938
    endloop
  endfacet
  facet normal -0.290673 8.33187e-05 0.956823
    outer loop
      vertex -23.4062 1.70411 79.875
      vertex -21.0391 5.15 80.5938
      vertex -21.5141 5.15 80.4495
    endloop
  endfacet
  facet normal -0.290562 0 0.956856
    outer loop
      vertex -21.0391 5.15 80.5938
      vertex -23.4062 1.70411 79.875
      vertex -21.0391 -5.15 80.5938
    endloop
  endfacet
  facet normal -0.290562 0 0.956856
    outer loop
      vertex -23.4062 -1.70411 79.875
      vertex -21.0391 -5.15 80.5938
      vertex -23.4062 1.70411 79.875
    endloop
  endfacet
  facet normal -0.290673 -8.33187e-05 0.956823
    outer loop
      vertex -21.0391 -5.15 80.5938
      vertex -23.4062 -1.70411 79.875
      vertex -21.5141 -5.15 80.4495
    endloop
  endfacet
  facet normal -0.425151 0 0.905122
    outer loop
      vertex -23.4062 1.70411 79.875
      vertex -24.3176 0 79.4469
      vertex -23.4062 -1.70411 79.875
    endloop
  endfacet
  facet normal -0.752395 0 -0.658712
    outer loop
      vertex -22.3672 -3.34425 28.6094
      vertex -23.9183 0 30.3811
      vertex -22.3672 3.34425 28.6094
    endloop
  endfacet
  facet normal -0.682317 8.87903e-06 -0.731056
    outer loop
      vertex -22.3672 -3.34425 28.6094
      vertex -18.5 -5.15 25
      vertex -21.4984 -5.15 27.7985
    endloop
  endfacet
  facet normal -0.68232 0 -0.731054
    outer loop
      vertex -18.5 -5.15 25
      vertex -22.3672 -3.34425 28.6094
      vertex -18.5 5.15 25
    endloop
  endfacet
  facet normal -0.68232 -0 -0.731054
    outer loop
      vertex -22.3672 3.34425 28.6094
      vertex -18.5 5.15 25
      vertex -22.3672 -3.34425 28.6094
    endloop
  endfacet
  facet normal -0.682317 -8.87903e-06 -0.731056
    outer loop
      vertex -18.5 5.15 25
      vertex -22.3672 3.34425 28.6094
      vertex -21.4984 5.15 27.7985
    endloop
  endfacet
  facet normal -1 0 0
    outer loop
      vertex -18.5 -5.15 18
      vertex -18.5 5.15 25
      vertex -18.5 5.15 18
    endloop
  endfacet
  facet normal -1 -0 0
    outer loop
      vertex -18.5 5.15 25
      vertex -18.5 -5.15 18
      vertex -18.5 -5.15 25
    endloop
  endfacet
  facet normal 0 0 1
    outer loop
      vertex -26.0143 0.965 18
      vertex -18.5 5.15 18
      vertex -23.5981 5.15 18
    endloop
  endfacet
  facet normal 0 0 1
    outer loop
      vertex -18.5 5.15 18
      vertex -26.0143 0.965 18
      vertex -18.5 -5.15 18
    endloop
  endfacet
  facet normal 0 0 1
    outer loop
      vertex -18.5 -5.15 18
      vertex -26.0143 0.965 18
      vertex -23.5981 -5.15 18
    endloop
  endfacet
  facet normal 0 0 1
    outer loop
      vertex -23.5981 -5.15 18
      vertex -26.0143 0.965 18
      vertex -26.5714 0 18
    endloop
  endfacet
  facet normal -0.865994 0.500054 9.83147e-06
    outer loop
      vertex -7.17308 -22.7241 90.7956
      vertex -6.0595 -20.7954 80.5938
      vertex -6.297 -21.2067 80.4495
    endloop
  endfacet
  facet normal -0.866017 0.500015 -8.8158e-08
    outer loop
      vertex -6.0595 -20.7954 80.5938
      vertex -7.17308 -22.7241 90.7956
      vertex -6.63757 -21.7966 123.137
    endloop
  endfacet
  facet normal -0.866036 0.499982 1.16642e-06
    outer loop
      vertex -6.63757 -21.7966 123.137
      vertex -7.17308 -22.7241 90.7956
      vertex -6.96572 -22.365 123.137
    endloop
  endfacet
  facet normal -0.866041 0.499974 1.28471e-06
    outer loop
      vertex -7.66569 -23.5774 96.613
      vertex -6.96572 -22.365 123.137
      vertex -7.17308 -22.7241 90.7956
    endloop
  endfacet
  facet normal -0.866027 0.499998 -1.74863e-07
    outer loop
      vertex -6.96572 -22.365 123.137
      vertex -7.66569 -23.5774 96.613
      vertex -8.33536 -24.7373 123.137
    endloop
  endfacet
  facet normal -0.866026 0.499998 -5.9625e-07
    outer loop
      vertex -6.63757 -21.7966 123.137
      vertex -4.78997 -18.5965 81
      vertex -6.0595 -20.7954 80.5938
    endloop
  endfacet
  facet normal -0.866015 0.500019 1.46427e-06
    outer loop
      vertex -4.78997 -18.5965 81
      vertex -6.63757 -21.7966 123.137
      vertex -6.28023 -21.1777 123.137
    endloop
  endfacet
  facet normal -0.866025 0.500001 0
    outer loop
      vertex -4.78997 -18.5965 81
      vertex -6.28023 -21.1777 123.137
      vertex -4.78997 -18.5965 123.137
    endloop
  endfacet
  facet normal -0.866015 0.500019 1.04029e-06
    outer loop
      vertex -8.54364 -25.098 106.981
      vertex -8.33536 -24.7373 123.137
      vertex -7.66569 -23.5774 96.613
    endloop
  endfacet
  facet normal -0.866009 0.500028 7.5001e-07
    outer loop
      vertex -8.64981 -25.2819 121.706
      vertex -8.33536 -24.7373 123.137
      vertex -8.54364 -25.098 106.981
    endloop
  endfacet
  facet normal -0.866032 0.499989 2.08402e-05
    outer loop
      vertex -8.33536 -24.7373 123.137
      vertex -8.64981 -25.2819 121.706
      vertex -8.58344 -25.167 123.137
    endloop
  endfacet
  facet normal -0.866045 0.499967 -2.75561e-07
    outer loop
      vertex -8.54364 -25.098 106.981
      vertex -9.03527 -25.9496 113.389
      vertex -8.64981 -25.2819 121.706
    endloop
  endfacet
  facet normal -0.865912 0.500197 4.04794e-05
    outer loop
      vertex -9.03527 -25.9496 113.389
      vertex -8.54364 -25.098 106.981
      vertex -9.04009 -25.9579 112.844
    endloop
  endfacet
  facet normal -0.866223 0.499658 5.14377e-05
    outer loop
      vertex -9.04009 -25.9579 112.844
      vertex -9.05329 -25.9808 113
      vertex -9.03527 -25.9496 113.389
    endloop
  endfacet
  facet normal -0.866033 0.499986 -1.02403e-05
    outer loop
      vertex -4.78997 -18.5965 18
      vertex -6.57429 -21.687 25.1373
      vertex -6.39528 -21.3769 26.8081
    endloop
  endfacet
  facet normal -0.866019 0.500011 0
    outer loop
      vertex -6.39528 -21.3769 26.8081
      vertex -4.78997 -18.5965 25
      vertex -4.78997 -18.5965 18
    endloop
  endfacet
  facet normal -0.866009 0.500029 3.72679e-05
    outer loop
      vertex -4.78997 -18.5965 25
      vertex -6.39528 -21.3769 26.8081
      vertex -6.28917 -21.1932 27.7985
    endloop
  endfacet
  facet normal -0.866022 0.500006 9.707e-07
    outer loop
      vertex -4.78997 -18.5965 18
      vertex -7.33901 -23.0115 18
      vertex -6.57429 -21.687 25.1373
    endloop
  endfacet
  facet normal 0.866031 -0.49999 -5.73826e-07
    outer loop
      vertex -16.0931 -17.5741 90.7956
      vertex -14.9796 -15.6454 80.5938
      vertex -15.5576 -16.6466 123.137
    endloop
  endfacet
  facet normal 0.866003 -0.500039 1.28608e-06
    outer loop
      vertex -16.0931 -17.5741 90.7956
      vertex -15.5576 -16.6466 123.137
      vertex -15.8858 -17.215 123.137
    endloop
  endfacet
  facet normal 0.865995 -0.500052 -1.62e-05
    outer loop
      vertex -14.9796 -15.6454 80.5938
      vertex -16.0931 -17.5741 90.7956
      vertex -15.2171 -16.0567 80.4495
    endloop
  endfacet
  facet normal 0.866049 -0.499959 1.0415e-07
    outer loop
      vertex -15.8858 -17.215 123.137
      vertex -16.5857 -18.4274 96.613
      vertex -16.0931 -17.5741 90.7956
    endloop
  endfacet
  facet normal 0.866033 -0.499987 1.79296e-06
    outer loop
      vertex -16.5857 -18.4274 96.613
      vertex -15.8858 -17.215 123.137
      vertex -17.2554 -19.5873 123.137
    endloop
  endfacet
  facet normal 0.866039 -0.499977 2.78655e-06
    outer loop
      vertex -15.5576 -16.6466 123.137
      vertex -13.71 -13.4465 81
      vertex -15.2003 -16.0277 123.137
    endloop
  endfacet
  facet normal 0.866015 -0.500019 -1.46851e-06
    outer loop
      vertex -13.71 -13.4465 81
      vertex -15.5576 -16.6466 123.137
      vertex -14.9796 -15.6454 80.5938
    endloop
  endfacet
  facet normal 0.866019 -0.500011 0
    outer loop
      vertex -13.71 -13.4465 123.137
      vertex -15.2003 -16.0277 123.137
      vertex -13.71 -13.4465 81
    endloop
  endfacet
  facet normal 0.866001 -0.500042 -1.41893e-06
    outer loop
      vertex -17.2554 -19.5873 123.137
      vertex -17.4637 -19.948 106.981
      vertex -16.5857 -18.4274 96.613
    endloop
  endfacet
  facet normal 0.866014 -0.500019 -3.57588e-05
    outer loop
      vertex -17.5699 -20.1319 121.706
      vertex -17.2554 -19.5873 123.137
      vertex -17.5035 -20.017 123.137
    endloop
  endfacet
  facet normal 0.865974 -0.500089 -3.13668e-09
    outer loop
      vertex -17.2554 -19.5873 123.137
      vertex -17.5699 -20.1319 121.706
      vertex -17.4637 -19.948 106.981
    endloop
  endfacet
  facet normal 0.866065 -0.499931 2.64362e-06
    outer loop
      vertex -17.9553 -20.7996 113.389
      vertex -17.4637 -19.948 106.981
      vertex -17.5699 -20.1319 121.706
    endloop
  endfacet
  facet normal 0.866017 -0.500015 -1.23882e-05
    outer loop
      vertex -17.4637 -19.948 106.981
      vertex -17.9553 -20.7996 113.389
      vertex -17.9601 -20.8079 112.844
    endloop
  endfacet
  facet normal 0.864823 -0.502076 2.95069e-05
    outer loop
      vertex -17.9553 -20.7996 113.389
      vertex -17.9734 -20.8308 113
      vertex -17.9601 -20.8079 112.844
    endloop
  endfacet
  facet normal 0.865654 -0.500643 -0.000267054
    outer loop
      vertex -15.3298 -16.2519 26.6736
      vertex -13.71 -13.4465 18
      vertex -15.3153 -16.2269 26.8081
    endloop
  endfacet
  facet normal 0.866018 -0.500013 4.61432e-06
    outer loop
      vertex -13.71 -13.4465 18
      vertex -15.3298 -16.2519 26.6736
      vertex -15.4944 -16.537 25.1373
    endloop
  endfacet
  facet normal 0.866012 -0.500023 -2.99807e-05
    outer loop
      vertex -15.3153 -16.2269 26.8081
      vertex -13.71 -13.4465 25
      vertex -15.2092 -16.0432 27.7985
    endloop
  endfacet
  facet normal 0.866021 -0.500008 0
    outer loop
      vertex -13.71 -13.4465 25
      vertex -15.3153 -16.2269 26.8081
      vertex -13.71 -13.4465 18
    endloop
  endfacet
  facet normal 0.866017 -0.500014 3.6401e-06
    outer loop
      vertex -15.4944 -16.537 25.1373
      vertex -16.2591 -17.8615 18
      vertex -13.71 -13.4465 18
    endloop
  endfacet
  facet normal -0.500001 -0.866025 0
    outer loop
      vertex -13.71 -13.4465 81
      vertex -4.78997 -18.5965 123.137
      vertex -13.71 -13.4465 123.137
    endloop
  endfacet
  facet normal -0.500001 -0.866025 -0
    outer loop
      vertex -4.78997 -18.5965 123.137
      vertex -13.71 -13.4465 81
      vertex -4.78997 -18.5965 81
    endloop
  endfacet
  facet normal -0.0789858 -0.136807 0.987444
    outer loop
      vertex -13.71 -13.4465 81
      vertex -6.0595 -20.7954 80.5938
      vertex -4.78997 -18.5965 81
    endloop
  endfacet
  facet normal -0.0789843 -0.136805 0.987444
    outer loop
      vertex -6.0595 -20.7954 80.5938
      vertex -13.71 -13.4465 81
      vertex -14.9796 -15.6454 80.5938
    endloop
  endfacet
  facet normal -0.145259 -0.251809 0.956813
    outer loop
      vertex -6.0595 -20.7954 80.5938
      vertex -9.06769 -21.1473 80.0445
      vertex -6.297 -21.2067 80.4495
    endloop
  endfacet
  facet normal -0.145285 -0.251643 0.956853
    outer loop
      vertex -9.06769 -21.1473 80.0445
      vertex -6.0595 -20.7954 80.5938
      vertex -14.9796 -15.6454 80.5938
    endloop
  endfacet
  facet normal -0.145247 -0.251562 0.95688
    outer loop
      vertex -9.06769 -21.1473 80.0445
      vertex -13.1789 -19.4183 79.875
      vertex -10.2273 -21.1225 79.875
    endloop
  endfacet
  facet normal -0.145276 -0.251633 0.956857
    outer loop
      vertex -14.9796 -15.6454 80.5938
      vertex -13.1789 -19.4183 79.875
      vertex -9.06769 -21.1473 80.0445
    endloop
  endfacet
  facet normal -0.145441 -0.251704 0.956813
    outer loop
      vertex -13.1789 -19.4183 79.875
      vertex -14.9796 -15.6454 80.5938
      vertex -15.2171 -16.0567 80.4495
    endloop
  endfacet
  facet normal -0.212584 -0.368186 0.905123
    outer loop
      vertex -10.2273 -21.1225 79.875
      vertex -13.1789 -19.4183 79.875
      vertex -12.1588 -21.0597 79.4469
    endloop
  endfacet
  facet normal -0.376194 -0.651577 -0.658731
    outer loop
      vertex -11.9592 -20.7139 30.3811
      vertex -14.0798 -17.6984 28.6094
      vertex -8.28739 -21.0427 28.6094
    endloop
  endfacet
  facet normal -0.341175 -0.590893 -0.731057
    outer loop
      vertex -8.28739 -21.0427 28.6094
      vertex -4.78997 -18.5965 25
      vertex -6.28917 -21.1932 27.7985
    endloop
  endfacet
  facet normal -0.341164 -0.590904 -0.731053
    outer loop
      vertex -14.0798 -17.6984 28.6094
      vertex -4.78997 -18.5965 25
      vertex -8.28739 -21.0427 28.6094
    endloop
  endfacet
  facet normal -0.341165 -0.590896 -0.731059
    outer loop
      vertex -4.78997 -18.5965 25
      vertex -14.0798 -17.6984 28.6094
      vertex -14.5748 -16.9729 28.254
    endloop
  endfacet
  facet normal -0.341164 -0.590911 -0.731048
    outer loop
      vertex -14.5748 -16.9729 28.254
      vertex -13.71 -13.4465 25
      vertex -4.78997 -18.5965 25
    endloop
  endfacet
  facet normal -0.341103 -0.590935 -0.731057
    outer loop
      vertex -13.71 -13.4465 25
      vertex -14.5748 -16.9729 28.254
      vertex -15.2092 -16.0432 27.7985
    endloop
  endfacet
  facet normal -0.500001 -0.866025 0
    outer loop
      vertex -13.71 -13.4465 18
      vertex -4.78997 -18.5965 25
      vertex -13.71 -13.4465 25
    endloop
  endfacet
  facet normal -0.500001 -0.866025 -0
    outer loop
      vertex -4.78997 -18.5965 25
      vertex -13.71 -13.4465 18
      vertex -4.78997 -18.5965 18
    endloop
  endfacet
  facet normal -0 0 1
    outer loop
      vertex -13.8429 -22.0465 18
      vertex -7.33901 -23.0115 18
      vertex -4.78997 -18.5965 18
    endloop
  endfacet
  facet normal 0 0 1
    outer loop
      vertex -13.8429 -22.0465 18
      vertex -4.78997 -18.5965 18
      vertex -13.71 -13.4465 18
    endloop
  endfacet
  facet normal 0 0 1
    outer loop
      vertex -7.33901 -23.0115 18
      vertex -13.8429 -22.0465 18
      vertex -13.2857 -23.0115 18
    endloop
  endfacet
  facet normal 0 -0 1
    outer loop
      vertex -13.8429 -22.0465 18
      vertex -13.71 -13.4465 18
      vertex -16.2591 -17.8615 18
    endloop
  endfacet
  facet normal -0.865995 -0.500052 -1.62e-05
    outer loop
      vertex 16.0931 -17.5741 90.7956
      vertex 14.9796 -15.6454 80.5938
      vertex 15.2171 -16.0567 80.4495
    endloop
  endfacet
  facet normal -0.866031 -0.49999 -5.73826e-07
    outer loop
      vertex 14.9796 -15.6454 80.5938
      vertex 16.0931 -17.5741 90.7956
      vertex 15.5576 -16.6466 123.137
    endloop
  endfacet
  facet normal -0.866003 -0.500039 1.28608e-06
    outer loop
      vertex 15.5576 -16.6466 123.137
      vertex 16.0931 -17.5741 90.7956
      vertex 15.8858 -17.215 123.137
    endloop
  endfacet
  facet normal -0.866032 -0.499988 5.37402e-07
    outer loop
      vertex 16.3723 -18.0577 94.0925
      vertex 15.8858 -17.215 123.137
      vertex 16.0931 -17.5741 90.7956
    endloop
  endfacet
  facet normal -0.866067 -0.499928 -1.80933e-06
    outer loop
      vertex 16.5857 -18.4274 96.613
      vertex 15.8858 -17.215 123.137
      vertex 16.3723 -18.0577 94.0925
    endloop
  endfacet
  facet normal -0.866033 -0.499987 1.79296e-06
    outer loop
      vertex 15.8858 -17.215 123.137
      vertex 16.5857 -18.4274 96.613
      vertex 17.2554 -19.5873 123.137
    endloop
  endfacet
  facet normal -0.866015 -0.500019 -1.46851e-06
    outer loop
      vertex 15.5576 -16.6466 123.137
      vertex 13.71 -13.4465 81
      vertex 14.9796 -15.6454 80.5938
    endloop
  endfacet
  facet normal -0.866039 -0.499977 2.78655e-06
    outer loop
      vertex 13.71 -13.4465 81
      vertex 15.5576 -16.6466 123.137
      vertex 15.2003 -16.0277 123.137
    endloop
  endfacet
  facet normal -0.866019 -0.500011 -0
    outer loop
      vertex 13.71 -13.4465 123.137
      vertex 13.71 -13.4465 81
      vertex 15.2003 -16.0277 123.137
    endloop
  endfacet
  facet normal -0.866001 -0.500042 -1.41893e-06
    outer loop
      vertex 17.4637 -19.948 106.981
      vertex 17.2554 -19.5873 123.137
      vertex 16.5857 -18.4274 96.613
    endloop
  endfacet
  facet normal -0.865974 -0.500089 -3.13668e-09
    outer loop
      vertex 17.5699 -20.1319 121.706
      vertex 17.2554 -19.5873 123.137
      vertex 17.4637 -19.948 106.981
    endloop
  endfacet
  facet normal -0.866014 -0.500019 -3.57588e-05
    outer loop
      vertex 17.2554 -19.5873 123.137
      vertex 17.5699 -20.1319 121.706
      vertex 17.5035 -20.017 123.137
    endloop
  endfacet
  facet normal -0.866065 -0.499931 2.64362e-06
    outer loop
      vertex 17.4637 -19.948 106.981
      vertex 17.9553 -20.7996 113.389
      vertex 17.5699 -20.1319 121.706
    endloop
  endfacet
  facet normal -0.866017 -0.500015 -1.23882e-05
    outer loop
      vertex 17.9553 -20.7996 113.389
      vertex 17.4637 -19.948 106.981
      vertex 17.9601 -20.8079 112.844
    endloop
  endfacet
  facet normal -0.864823 -0.502076 2.95069e-05
    outer loop
      vertex 17.9734 -20.8308 113
      vertex 17.9553 -20.7996 113.389
      vertex 17.9601 -20.8079 112.844
    endloop
  endfacet
  facet normal -0.865994 -0.500055 -1.95001e-05
    outer loop
      vertex 15.3153 -16.2269 26.8081
      vertex 13.71 -13.4465 18
      vertex 15.4944 -16.537 25.1373
    endloop
  endfacet
  facet normal -0.866021 -0.500008 0
    outer loop
      vertex 15.3153 -16.2269 26.8081
      vertex 13.71 -13.4465 25
      vertex 13.71 -13.4465 18
    endloop
  endfacet
  facet normal -0.866012 -0.500023 -2.99807e-05
    outer loop
      vertex 13.71 -13.4465 25
      vertex 15.3153 -16.2269 26.8081
      vertex 15.2092 -16.0432 27.7985
    endloop
  endfacet
  facet normal -0.866017 -0.500014 3.6401e-06
    outer loop
      vertex 15.4944 -16.537 25.1373
      vertex 13.71 -13.4465 18
      vertex 16.2591 -17.8615 18
    endloop
  endfacet
  facet normal 0.866017 0.500015 -8.8158e-08
    outer loop
      vertex 7.17308 -22.7241 90.7956
      vertex 6.0595 -20.7954 80.5938
      vertex 6.63757 -21.7966 123.137
    endloop
  endfacet
  facet normal 0.866036 0.499982 1.16642e-06
    outer loop
      vertex 7.17308 -22.7241 90.7956
      vertex 6.63757 -21.7966 123.137
      vertex 6.96572 -22.365 123.137
    endloop
  endfacet
  facet normal 0.865994 0.500054 9.83147e-06
    outer loop
      vertex 6.0595 -20.7954 80.5938
      vertex 7.17308 -22.7241 90.7956
      vertex 6.297 -21.2067 80.4495
    endloop
  endfacet
  facet normal 0.866041 0.499974 1.28471e-06
    outer loop
      vertex 6.96572 -22.365 123.137
      vertex 7.66569 -23.5774 96.613
      vertex 7.17308 -22.7241 90.7956
    endloop
  endfacet
  facet normal 0.866027 0.499998 -1.74863e-07
    outer loop
      vertex 7.66569 -23.5774 96.613
      vertex 6.96572 -22.365 123.137
      vertex 8.33536 -24.7373 123.137
    endloop
  endfacet
  facet normal 0.866015 0.500019 1.46427e-06
    outer loop
      vertex 6.63757 -21.7966 123.137
      vertex 4.78997 -18.5965 81
      vertex 6.28023 -21.1777 123.137
    endloop
  endfacet
  facet normal 0.866026 0.499998 -5.9625e-07
    outer loop
      vertex 4.78997 -18.5965 81
      vertex 6.63757 -21.7966 123.137
      vertex 6.0595 -20.7954 80.5938
    endloop
  endfacet
  facet normal 0.866025 0.500001 0
    outer loop
      vertex 6.28023 -21.1777 123.137
      vertex 4.78997 -18.5965 81
      vertex 4.78997 -18.5965 123.137
    endloop
  endfacet
  facet normal 0.866015 0.500019 1.04029e-06
    outer loop
      vertex 8.33536 -24.7373 123.137
      vertex 8.54364 -25.098 106.981
      vertex 7.66569 -23.5774 96.613
    endloop
  endfacet
  facet normal 0.866032 0.499989 2.08402e-05
    outer loop
      vertex 8.64981 -25.2819 121.706
      vertex 8.33536 -24.7373 123.137
      vertex 8.58344 -25.167 123.137
    endloop
  endfacet
  facet normal 0.866009 0.500028 7.5001e-07
    outer loop
      vertex 8.33536 -24.7373 123.137
      vertex 8.64981 -25.2819 121.706
      vertex 8.54364 -25.098 106.981
    endloop
  endfacet
  facet normal 0.866045 0.499967 -2.75561e-07
    outer loop
      vertex 9.03527 -25.9496 113.389
      vertex 8.54364 -25.098 106.981
      vertex 8.64981 -25.2819 121.706
    endloop
  endfacet
  facet normal 0.865912 0.500197 4.04794e-05
    outer loop
      vertex 8.54364 -25.098 106.981
      vertex 9.03527 -25.9496 113.389
      vertex 9.04009 -25.9579 112.844
    endloop
  endfacet
  facet normal 0.866223 0.499658 5.14377e-05
    outer loop
      vertex 9.04009 -25.9579 112.844
      vertex 9.03527 -25.9496 113.389
      vertex 9.05329 -25.9808 113
    endloop
  endfacet
  facet normal 0.866033 0.499986 -1.02403e-05
    outer loop
      vertex 6.57429 -21.687 25.1373
      vertex 4.78997 -18.5965 18
      vertex 6.39528 -21.3769 26.8081
    endloop
  endfacet
  facet normal 0.866009 0.500029 3.72679e-05
    outer loop
      vertex 6.39528 -21.3769 26.8081
      vertex 4.78997 -18.5965 25
      vertex 6.28917 -21.1932 27.7985
    endloop
  endfacet
  facet normal 0.866019 0.500011 0
    outer loop
      vertex 4.78997 -18.5965 25
      vertex 6.39528 -21.3769 26.8081
      vertex 4.78997 -18.5965 18
    endloop
  endfacet
  facet normal 0.866022 0.500006 9.707e-07
    outer loop
      vertex 7.33901 -23.0115 18
      vertex 4.78997 -18.5965 18
      vertex 6.57429 -21.687 25.1373
    endloop
  endfacet
  facet normal 0.500001 -0.866025 0
    outer loop
      vertex 4.78997 -18.5965 81
      vertex 13.71 -13.4465 123.137
      vertex 4.78997 -18.5965 123.137
    endloop
  endfacet
  facet normal 0.500001 -0.866025 0
    outer loop
      vertex 13.71 -13.4465 123.137
      vertex 4.78997 -18.5965 81
      vertex 13.71 -13.4465 81
    endloop
  endfacet
  facet normal 0.0789843 -0.136805 0.987444
    outer loop
      vertex 13.71 -13.4465 81
      vertex 6.0595 -20.7954 80.5938
      vertex 14.9796 -15.6454 80.5938
    endloop
  endfacet
  facet normal 0.0789858 -0.136807 0.987444
    outer loop
      vertex 6.0595 -20.7954 80.5938
      vertex 13.71 -13.4465 81
      vertex 4.78997 -18.5965 81
    endloop
  endfacet
  facet normal 0.145444 -0.251702 0.956813
    outer loop
      vertex 14.9796 -15.6454 80.5938
      vertex 13.7803 -18.4265 80.0445
      vertex 15.2171 -16.0567 80.4495
    endloop
  endfacet
  facet normal 0.145285 -0.251641 0.956854
    outer loop
      vertex 13.7803 -18.4265 80.0445
      vertex 14.9796 -15.6454 80.5938
      vertex 6.0595 -20.7954 80.5938
    endloop
  endfacet
  facet normal 0.145283 -0.251624 0.956858
    outer loop
      vertex 13.7803 -18.4265 80.0445
      vertex 10.2273 -21.1225 79.875
      vertex 13.1789 -19.4183 79.875
    endloop
  endfacet
  facet normal 0.145278 -0.251617 0.956861
    outer loop
      vertex 6.0595 -20.7954 80.5938
      vertex 10.2273 -21.1225 79.875
      vertex 13.7803 -18.4265 80.0445
    endloop
  endfacet
  facet normal 0.145254 -0.251812 0.956813
    outer loop
      vertex 10.2273 -21.1225 79.875
      vertex 6.0595 -20.7954 80.5938
      vertex 6.297 -21.2067 80.4495
    endloop
  endfacet
  facet normal 0.212584 -0.368186 0.905123
    outer loop
      vertex 13.1789 -19.4183 79.875
      vertex 10.2273 -21.1225 79.875
      vertex 12.1588 -21.0597 79.4469
    endloop
  endfacet
  facet normal 0.376194 -0.651577 -0.658731
    outer loop
      vertex 11.9592 -20.7139 30.3811
      vertex 8.28739 -21.0427 28.6094
      vertex 14.0798 -17.6984 28.6094
    endloop
  endfacet
  facet normal 0.341132 -0.590919 -0.731057
    outer loop
      vertex 14.0798 -17.6984 28.6094
      vertex 13.71 -13.4465 25
      vertex 15.2092 -16.0432 27.7985
    endloop
  endfacet
  facet normal 0.341166 -0.590909 -0.731049
    outer loop
      vertex 8.28739 -21.0427 28.6094
      vertex 13.71 -13.4465 25
      vertex 14.0798 -17.6984 28.6094
    endloop
  endfacet
  facet normal 0.341114 -0.59089 -0.731088
    outer loop
      vertex 13.71 -13.4465 25
      vertex 8.28739 -21.0427 28.6094
      vertex 7.41153 -21.1086 28.254
    endloop
  endfacet
  facet normal 0.34123 -0.590862 -0.731057
    outer loop
      vertex 4.78997 -18.5965 25
      vertex 7.41153 -21.1086 28.254
      vertex 6.28917 -21.1932 27.7985
    endloop
  endfacet
  facet normal 0.341166 -0.590914 -0.731045
    outer loop
      vertex 7.41153 -21.1086 28.254
      vertex 4.78997 -18.5965 25
      vertex 13.71 -13.4465 25
    endloop
  endfacet
  facet normal 0.500001 -0.866025 0
    outer loop
      vertex 4.78997 -18.5965 18
      vertex 13.71 -13.4465 25
      vertex 4.78997 -18.5965 25
    endloop
  endfacet
  facet normal 0.500001 -0.866025 0
    outer loop
      vertex 13.71 -13.4465 25
      vertex 4.78997 -18.5965 18
      vertex 13.71 -13.4465 18
    endloop
  endfacet
  facet normal 0 0 1
    outer loop
      vertex 13.71 -13.4465 18
      vertex 13.2857 -23.0115 18
      vertex 16.2591 -17.8615 18
    endloop
  endfacet
  facet normal -0 0 1
    outer loop
      vertex 4.78997 -18.5965 18
      vertex 13.2857 -23.0115 18
      vertex 13.71 -13.4465 18
    endloop
  endfacet
  facet normal 0 0 1
    outer loop
      vertex 13.2857 -23.0115 18
      vertex 4.78997 -18.5965 18
      vertex 7.33901 -23.0115 18
    endloop
  endfacet
  facet normal -0.866026 0.5 0
    outer loop
      vertex -27 0 8
      vertex -13.5 23.3827 16
      vertex -13.5 23.3827 8
    endloop
  endfacet
  facet normal -0.866026 0.5 0
    outer loop
      vertex -13.5 23.3827 16
      vertex -27 0 8
      vertex -27 0 16
    endloop
  endfacet
  facet normal -0.851501 0.491577 0.182477
    outer loop
      vertex -26.5714 0 18
      vertex -26.0143 0.965 18
      vertex -27 0 16
    endloop
  endfacet
  facet normal -0.851513 0.491546 0.182505
    outer loop
      vertex -21.4984 5.15 27.7985
      vertex -9.75 16.8875 51
      vertex -21.7395 5.15 26.6736
    endloop
  endfacet
  facet normal -0.851486 0.491611 0.182459
    outer loop
      vertex -22.3672 3.34425 28.6094
      vertex -9.75 16.8875 51
      vertex -21.4984 5.15 27.7985
    endloop
  endfacet
  facet normal -0.851494 0.491596 0.182461
    outer loop
      vertex -19.5 0 51
      vertex -22.3672 3.34425 28.6094
      vertex -23.9183 0 30.3811
    endloop
  endfacet
  facet normal -0.851487 0.491606 0.182462
    outer loop
      vertex -22.3672 3.34425 28.6094
      vertex -19.5 0 51
      vertex -9.75 16.8875 51
    endloop
  endfacet
  facet normal -0.851481 0.491611 0.182479
    outer loop
      vertex -13.5 23.3827 16
      vertex -16.2591 17.8615 18
      vertex -13.2857 23.0115 18
    endloop
  endfacet
  facet normal -0.851487 0.491607 0.182459
    outer loop
      vertex -23.5981 5.15 18
      vertex -15.4944 16.537 25.1373
      vertex -16.2591 17.8615 18
    endloop
  endfacet
  facet normal -0.851487 0.491608 0.182459
    outer loop
      vertex -21.7395 5.15 26.6736
      vertex -15.4944 16.537 25.1373
      vertex -23.5981 5.15 18
    endloop
  endfacet
  facet normal -0.851475 0.491608 0.182515
    outer loop
      vertex -15.4944 16.537 25.1373
      vertex -21.7395 5.15 26.6736
      vertex -15.3153 16.2269 26.8081
    endloop
  endfacet
  facet normal -0.851488 0.491607 0.182459
    outer loop
      vertex -27 0 16
      vertex -16.2591 17.8615 18
      vertex -13.5 23.3827 16
    endloop
  endfacet
  facet normal -0.851489 0.491608 0.182449
    outer loop
      vertex -16.2591 17.8615 18
      vertex -27 0 16
      vertex -23.5981 5.15 18
    endloop
  endfacet
  facet normal -0.851489 0.491605 0.182457
    outer loop
      vertex -23.5981 5.15 18
      vertex -27 0 16
      vertex -26.0143 0.965 18
    endloop
  endfacet
  facet normal -0.851493 0.491596 0.182462
    outer loop
      vertex -14.0798 17.6984 28.6094
      vertex -9.75 16.8875 51
      vertex -11.9592 20.7139 30.3811
    endloop
  endfacet
  facet normal -0.851486 0.491609 0.182461
    outer loop
      vertex -15.2092 16.0432 27.7985
      vertex -9.75 16.8875 51
      vertex -14.0798 17.6984 28.6094
    endloop
  endfacet
  facet normal -0.851492 0.49162 0.182405
    outer loop
      vertex -15.3153 16.2269 26.8081
      vertex -21.7395 5.15 26.6736
      vertex -15.2092 16.0432 27.7985
    endloop
  endfacet
  facet normal -0.851486 0.49161 0.182461
    outer loop
      vertex -15.2092 16.0432 27.7985
      vertex -21.7395 5.15 26.6736
      vertex -9.75 16.8875 51
    endloop
  endfacet
  facet normal -0.856856 0.494711 -0.145115
    outer loop
      vertex -19.5 0 51
      vertex -21.5141 5.15 80.4495
      vertex -16.3723 18.0577 94.0925
    endloop
  endfacet
  facet normal -0.856869 0.49469 -0.145112
    outer loop
      vertex -19.5 0 51
      vertex -23.4062 1.70411 79.875
      vertex -21.5141 5.15 80.4495
    endloop
  endfacet
  facet normal -0.856852 0.49472 -0.145111
    outer loop
      vertex -23.4062 1.70411 79.875
      vertex -19.5 0 51
      vertex -24.3176 0 79.4469
    endloop
  endfacet
  facet normal -0.856858 0.49471 -0.145109
    outer loop
      vertex -27.0266 5.15 113
      vertex -16.5857 18.4274 96.613
      vertex -16.3723 18.0577 94.0925
    endloop
  endfacet
  facet normal -0.856859 0.494708 -0.145111
    outer loop
      vertex -27.0266 5.15 113
      vertex -16.3723 18.0577 94.0925
      vertex -21.5141 5.15 80.4495
    endloop
  endfacet
  facet normal -0.856861 0.494703 -0.145117
    outer loop
      vertex -16.5857 18.4274 96.613
      vertex -27.0266 5.15 113
      vertex -17.4637 19.948 106.981
    endloop
  endfacet
  facet normal -0.85686 0.494708 -0.145104
    outer loop
      vertex -17.4637 19.948 106.981
      vertex -27.0266 5.15 113
      vertex -17.9601 20.8079 112.844
    endloop
  endfacet
  facet normal -0.856792 0.494663 -0.145661
    outer loop
      vertex -17.9601 20.8079 112.844
      vertex -27.0266 5.15 113
      vertex -17.9734 20.8308 113
    endloop
  endfacet
  facet normal -0.856888 0.494984 -0.143996
    outer loop
      vertex -12.1588 21.0597 79.4469
      vertex -13.7803 18.4265 80.0445
      vertex -13.1789 19.4183 79.875
    endloop
  endfacet
  facet normal -0.856857 0.494711 -0.145114
    outer loop
      vertex -9.75 16.8875 51
      vertex -13.7803 18.4265 80.0445
      vertex -12.1588 21.0597 79.4469
    endloop
  endfacet
  facet normal -0.856858 0.494709 -0.145114
    outer loop
      vertex -9.75 16.8875 51
      vertex -15.2171 16.0567 80.4495
      vertex -13.7803 18.4265 80.0445
    endloop
  endfacet
  facet normal -0.856859 0.494707 -0.145114
    outer loop
      vertex -15.2171 16.0567 80.4495
      vertex -9.75 16.8875 51
      vertex -19.5 0 51
    endloop
  endfacet
  facet normal -0.856831 0.49475 -0.145133
    outer loop
      vertex -16.0931 17.5741 90.7956
      vertex -19.5 0 51
      vertex -16.3723 18.0577 94.0925
    endloop
  endfacet
  facet normal -0.856869 0.494693 -0.145104
    outer loop
      vertex -19.5 0 51
      vertex -16.0931 17.5741 90.7956
      vertex -15.2171 16.0567 80.4495
    endloop
  endfacet
  facet normal -0.86325 0.498395 0.0800138
    outer loop
      vertex -27.0266 5.15 113
      vertex -17.5699 20.1319 121.706
      vertex -17.9553 20.7996 113.389
    endloop
  endfacet
  facet normal -0.863243 0.498387 0.0801398
    outer loop
      vertex -27.0266 5.15 113
      vertex -17.9553 20.7996 113.389
      vertex -17.9734 20.8308 113
    endloop
  endfacet
  facet normal -0.86325 0.498394 0.0800148
    outer loop
      vertex -26.087 5.15 123.137
      vertex -17.5699 20.1319 121.706
      vertex -27.0266 5.15 113
    endloop
  endfacet
  facet normal -0.863244 0.498396 0.0800734
    outer loop
      vertex -17.5699 20.1319 121.706
      vertex -26.087 5.15 123.137
      vertex -17.5035 20.017 123.137
    endloop
  endfacet
  facet normal -0 0 -1
    outer loop
      vertex 24 0 0
      vertex 13.5686 -0.666584 0
      vertex 13.585 0 0
    endloop
  endfacet
  facet normal 0 0 -1
    outer loop
      vertex 24 0 0
      vertex 13.5196 -1.33156 0
      vertex 13.5686 -0.666584 0
    endloop
  endfacet
  facet normal 0 0 -1
    outer loop
      vertex 24 0 0
      vertex 13.438 -1.99333 0
      vertex 13.5196 -1.33156 0
    endloop
  endfacet
  facet normal 0 0 -1
    outer loop
      vertex 24 0 0
      vertex 13.324 -2.6503 0
      vertex 13.438 -1.99333 0
    endloop
  endfacet
  facet normal 0 0 -1
    outer loop
      vertex 24 0 0
      vertex 13.1779 -3.30089 0
      vertex 13.324 -2.6503 0
    endloop
  endfacet
  facet normal 0 0 -1
    outer loop
      vertex 24 0 0
      vertex 13 -3.94352 0
      vertex 13.1779 -3.30089 0
    endloop
  endfacet
  facet normal 0 0 -1
    outer loop
      vertex 24 0 0
      vertex 12.7909 -4.57665 0
      vertex 13 -3.94352 0
    endloop
  endfacet
  facet normal 0 0 -1
    outer loop
      vertex 24 0 0
      vertex 12.5509 -5.19875 0
      vertex 12.7909 -4.57665 0
    endloop
  endfacet
  facet normal 0 0 -1
    outer loop
      vertex 24 0 0
      vertex 12.2807 -5.80834 0
      vertex 12.5509 -5.19875 0
    endloop
  endfacet
  facet normal 0 0 -1
    outer loop
      vertex 11.6522 -6.98409 0
      vertex 24 0 0
      vertex 12 -20.7846 0
    endloop
  endfacet
  facet normal 0 0 -1
    outer loop
      vertex 24 0 0
      vertex 11.9809 -6.40392 0
      vertex 12.2807 -5.80834 0
    endloop
  endfacet
  facet normal 0 0 -1
    outer loop
      vertex 24 0 0
      vertex 11.6522 -6.98409 0
      vertex 11.9809 -6.40392 0
    endloop
  endfacet
  facet normal 0 0 -1
    outer loop
      vertex 12 -20.7846 0
      vertex 11.2955 -7.54742 0
      vertex 11.6522 -6.98409 0
    endloop
  endfacet
  facet normal 0 0 -1
    outer loop
      vertex 12 -20.7846 0
      vertex 10.9116 -8.09257 0
      vertex 11.2955 -7.54742 0
    endloop
  endfacet
  facet normal 0 0 -1
    outer loop
      vertex 12 -20.7846 0
      vertex 10.5013 -8.61823 0
      vertex 10.9116 -8.09257 0
    endloop
  endfacet
  facet normal 0 0 -1
    outer loop
      vertex 12 -20.7846 0
      vertex 10.0658 -9.12313 0
      vertex 10.5013 -8.61823 0
    endloop
  endfacet
  facet normal 0 0 -1
    outer loop
      vertex 12 -20.7846 0
      vertex 9.60604 -9.60604 0
      vertex 10.0658 -9.12313 0
    endloop
  endfacet
  facet normal 0 0 -1
    outer loop
      vertex 12 -20.7846 0
      vertex 9.12313 -10.0658 0
      vertex 9.60604 -9.60604 0
    endloop
  endfacet
  facet normal 0 0 -1
    outer loop
      vertex 12 -20.7846 0
      vertex 8.61823 -10.5013 0
      vertex 9.12313 -10.0658 0
    endloop
  endfacet
  facet normal 0 0 -1
    outer loop
      vertex 12 -20.7846 0
      vertex 8.09257 -10.9116 0
      vertex 8.61823 -10.5013 0
    endloop
  endfacet
  facet normal 0 0 -1
    outer loop
      vertex 12 -20.7846 0
      vertex 7.54742 -11.2955 0
      vertex 8.09257 -10.9116 0
    endloop
  endfacet
  facet normal 0 0 -1
    outer loop
      vertex 12 -20.7846 0
      vertex 6.98409 -11.6522 0
      vertex 7.54742 -11.2955 0
    endloop
  endfacet
  facet normal 0 0 -1
    outer loop
      vertex 12 -20.7846 0
      vertex 6.40392 -11.9809 0
      vertex 6.98409 -11.6522 0
    endloop
  endfacet
  facet normal 0 0 -1
    outer loop
      vertex 12 -20.7846 0
      vertex 5.80834 -12.2807 0
      vertex 6.40392 -11.9809 0
    endloop
  endfacet
  facet normal 0 0 -1
    outer loop
      vertex 12 -20.7846 0
      vertex 5.19875 -12.5509 0
      vertex 5.80834 -12.2807 0
    endloop
  endfacet
  facet normal 0 0 -1
    outer loop
      vertex 12 -20.7846 0
      vertex 4.57665 -12.7909 0
      vertex 5.19875 -12.5509 0
    endloop
  endfacet
  facet normal 0 0 -1
    outer loop
      vertex 12 -20.7846 0
      vertex 3.94352 -13 0
      vertex 4.57665 -12.7909 0
    endloop
  endfacet
  facet normal 0 0 -1
    outer loop
      vertex 12 -20.7846 0
      vertex 3.30089 -13.1779 0
      vertex 3.94352 -13 0
    endloop
  endfacet
  facet normal 0 0 -1
    outer loop
      vertex 12 -20.7846 0
      vertex 2.6503 -13.324 0
      vertex 3.30089 -13.1779 0
    endloop
  endfacet
  facet normal 0 0 -1
    outer loop
      vertex 12 -20.7846 0
      vertex 1.99333 -13.438 0
      vertex 2.6503 -13.324 0
    endloop
  endfacet
  facet normal 0 0 -1
    outer loop
      vertex 12 -20.7846 0
      vertex 1.33156 -13.5196 0
      vertex 1.99333 -13.438 0
    endloop
  endfacet
  facet normal 0 0 -1
    outer loop
      vertex 12 -20.7846 0
      vertex 0.666584 -13.5686 0
      vertex 1.33156 -13.5196 0
    endloop
  endfacet
  facet normal 0 0 -1
    outer loop
      vertex 12 -20.7846 0
      vertex 0 -13.585 0
      vertex 0.666584 -13.5686 0
    endloop
  endfacet
  facet normal 0 0 -1
    outer loop
      vertex -12 -20.7846 0
      vertex 0 -13.585 0
      vertex 12 -20.7846 0
    endloop
  endfacet
  facet normal -0 0 -1
    outer loop
      vertex 0 -13.585 0
      vertex -12 -20.7846 0
      vertex -0.666584 -13.5686 0
    endloop
  endfacet
  facet normal -0 0 -1
    outer loop
      vertex -0.666584 -13.5686 0
      vertex -12 -20.7846 0
      vertex -1.33156 -13.5196 0
    endloop
  endfacet
  facet normal -0 0 -1
    outer loop
      vertex -1.33156 -13.5196 0
      vertex -12 -20.7846 0
      vertex -1.99333 -13.438 0
    endloop
  endfacet
  facet normal -0 0 -1
    outer loop
      vertex -1.99333 -13.438 0
      vertex -12 -20.7846 0
      vertex -2.6503 -13.324 0
    endloop
  endfacet
  facet normal -0 0 -1
    outer loop
      vertex -2.6503 -13.324 0
      vertex -12 -20.7846 0
      vertex -3.30089 -13.1779 0
    endloop
  endfacet
  facet normal -0 0 -1
    outer loop
      vertex -3.30089 -13.1779 0
      vertex -12 -20.7846 0
      vertex -3.94352 -13 0
    endloop
  endfacet
  facet normal -0 0 -1
    outer loop
      vertex -3.94352 -13 0
      vertex -12 -20.7846 0
      vertex -4.57665 -12.7909 0
    endloop
  endfacet
  facet normal -0 0 -1
    outer loop
      vertex -4.57665 -12.7909 0
      vertex -12 -20.7846 0
      vertex -5.19875 -12.5509 0
    endloop
  endfacet
  facet normal -0 0 -1
    outer loop
      vertex -5.19875 -12.5509 0
      vertex -12 -20.7846 0
      vertex -5.80834 -12.2807 0
    endloop
  endfacet
  facet normal 0 0 -1
    outer loop
      vertex -12 -20.7846 0
      vertex -6.40392 -11.9809 0
      vertex -5.80834 -12.2807 0
    endloop
  endfacet
  facet normal 0 0 -1
    outer loop
      vertex -12 -20.7846 0
      vertex -6.98409 -11.6522 0
      vertex -6.40392 -11.9809 0
    endloop
  endfacet
  facet normal 0 0 -1
    outer loop
      vertex -12 -20.7846 0
      vertex -7.54742 -11.2955 0
      vertex -6.98409 -11.6522 0
    endloop
  endfacet
  facet normal 0 0 -1
    outer loop
      vertex -12 -20.7846 0
      vertex -8.09257 -10.9116 0
      vertex -7.54742 -11.2955 0
    endloop
  endfacet
  facet normal 0 0 -1
    outer loop
      vertex -12 -20.7846 0
      vertex -8.61823 -10.5013 0
      vertex -8.09257 -10.9116 0
    endloop
  endfacet
  facet normal 0 0 -1
    outer loop
      vertex -12 -20.7846 0
      vertex -9.12313 -10.0658 0
      vertex -8.61823 -10.5013 0
    endloop
  endfacet
  facet normal 0 0 -1
    outer loop
      vertex -12 -20.7846 0
      vertex -9.60604 -9.60604 0
      vertex -9.12313 -10.0658 0
    endloop
  endfacet
  facet normal 0 0 -1
    outer loop
      vertex -12 -20.7846 0
      vertex -10.0658 -9.12313 0
      vertex -9.60604 -9.60604 0
    endloop
  endfacet
  facet normal 0 0 -1
    outer loop
      vertex -12 -20.7846 0
      vertex -10.5013 -8.61823 0
      vertex -10.0658 -9.12313 0
    endloop
  endfacet
  facet normal 0 0 -1
    outer loop
      vertex -12 -20.7846 0
      vertex -10.9116 -8.09257 0
      vertex -10.5013 -8.61823 0
    endloop
  endfacet
  facet normal 0 0 -1
    outer loop
      vertex -12 -20.7846 0
      vertex -11.2955 -7.54742 0
      vertex -10.9116 -8.09257 0
    endloop
  endfacet
  facet normal 0 0 -1
    outer loop
      vertex -12 -20.7846 0
      vertex -11.6522 -6.98409 0
      vertex -11.2955 -7.54742 0
    endloop
  endfacet
  facet normal 0 0 -1
    outer loop
      vertex -24 0 0
      vertex -11.6522 -6.98409 0
      vertex -12 -20.7846 0
    endloop
  endfacet
  facet normal 0 0 -1
    outer loop
      vertex -11.6522 -6.98409 0
      vertex -24 0 0
      vertex -11.9809 -6.40392 0
    endloop
  endfacet
  facet normal 0 0 -1
    outer loop
      vertex -11.9809 -6.40392 0
      vertex -24 0 0
      vertex -12.2807 -5.80834 0
    endloop
  endfacet
  facet normal 0 0 -1
    outer loop
      vertex -12.2807 -5.80834 0
      vertex -24 0 0
      vertex -12.5509 -5.19875 0
    endloop
  endfacet
  facet normal 0 0 -1
    outer loop
      vertex -12.5509 -5.19875 0
      vertex -24 0 0
      vertex -12.7909 -4.57665 0
    endloop
  endfacet
  facet normal 0 0 -1
    outer loop
      vertex -12.7909 -4.57665 0
      vertex -24 0 0
      vertex -13 -3.94352 0
    endloop
  endfacet
  facet normal 0 0 -1
    outer loop
      vertex -13 -3.94352 0
      vertex -24 0 0
      vertex -13.1779 -3.30089 0
    endloop
  endfacet
  facet normal 0 0 -1
    outer loop
      vertex -13.1779 -3.30089 0
      vertex -24 0 0
      vertex -13.324 -2.6503 0
    endloop
  endfacet
  facet normal 0 0 -1
    outer loop
      vertex -13.324 -2.6503 0
      vertex -24 0 0
      vertex -13.438 -1.99333 0
    endloop
  endfacet
  facet normal 0 0 -1
    outer loop
      vertex -13.5686 -0.666584 0
      vertex -24 0 0
      vertex -13.585 0 0
    endloop
  endfacet
  facet normal 0 0 -1
    outer loop
      vertex -13.5196 -1.33156 0
      vertex -24 0 0
      vertex -13.5686 -0.666584 0
    endloop
  endfacet
  facet normal 0 0 -1
    outer loop
      vertex -13.438 -1.99333 0
      vertex -24 0 0
      vertex -13.5196 -1.33156 0
    endloop
  endfacet
  facet normal 0 0 -1
    outer loop
      vertex 13.5686 0.666584 0
      vertex 24 0 0
      vertex 13.585 0 0
    endloop
  endfacet
  facet normal 0 0 -1
    outer loop
      vertex 13.5196 1.33156 0
      vertex 24 0 0
      vertex 13.5686 0.666584 0
    endloop
  endfacet
  facet normal 0 0 -1
    outer loop
      vertex 13.438 1.99333 0
      vertex 24 0 0
      vertex 13.5196 1.33156 0
    endloop
  endfacet
  facet normal 0 0 -1
    outer loop
      vertex 13.324 2.6503 0
      vertex 24 0 0
      vertex 13.438 1.99333 0
    endloop
  endfacet
  facet normal 0 0 -1
    outer loop
      vertex 13.1779 3.30089 0
      vertex 24 0 0
      vertex 13.324 2.6503 0
    endloop
  endfacet
  facet normal 0 0 -1
    outer loop
      vertex 13 3.94352 0
      vertex 24 0 0
      vertex 13.1779 3.30089 0
    endloop
  endfacet
  facet normal 0 0 -1
    outer loop
      vertex 12.7909 4.57665 0
      vertex 24 0 0
      vertex 13 3.94352 0
    endloop
  endfacet
  facet normal 0 0 -1
    outer loop
      vertex 12.5509 5.19875 0
      vertex 24 0 0
      vertex 12.7909 4.57665 0
    endloop
  endfacet
  facet normal 0 0 -1
    outer loop
      vertex 12.2807 5.80834 0
      vertex 24 0 0
      vertex 12.5509 5.19875 0
    endloop
  endfacet
  facet normal 0 0 -1
    outer loop
      vertex 11.9809 6.40392 0
      vertex 24 0 0
      vertex 12.2807 5.80834 0
    endloop
  endfacet
  facet normal 0 0 -1
    outer loop
      vertex 11.6522 6.98409 0
      vertex 24 0 0
      vertex 11.9809 6.40392 0
    endloop
  endfacet
  facet normal 0 0 -1
    outer loop
      vertex 24 0 0
      vertex 11.6522 6.98409 0
      vertex 12 20.7846 0
    endloop
  endfacet
  facet normal 0 0 -1
    outer loop
      vertex 11.2955 7.54742 0
      vertex 12 20.7846 0
      vertex 11.6522 6.98409 0
    endloop
  endfacet
  facet normal 0 0 -1
    outer loop
      vertex 10.9116 8.09257 0
      vertex 12 20.7846 0
      vertex 11.2955 7.54742 0
    endloop
  endfacet
  facet normal 0 0 -1
    outer loop
      vertex 10.5013 8.61823 0
      vertex 12 20.7846 0
      vertex 10.9116 8.09257 0
    endloop
  endfacet
  facet normal 0 0 -1
    outer loop
      vertex 10.0658 9.12313 0
      vertex 12 20.7846 0
      vertex 10.5013 8.61823 0
    endloop
  endfacet
  facet normal 0 0 -1
    outer loop
      vertex 9.60604 9.60604 0
      vertex 12 20.7846 0
      vertex 10.0658 9.12313 0
    endloop
  endfacet
  facet normal 0 0 -1
    outer loop
      vertex 9.12313 10.0658 0
      vertex 12 20.7846 0
      vertex 9.60604 9.60604 0
    endloop
  endfacet
  facet normal 0 0 -1
    outer loop
      vertex 8.61823 10.5013 0
      vertex 12 20.7846 0
      vertex 9.12313 10.0658 0
    endloop
  endfacet
  facet normal 0 0 -1
    outer loop
      vertex 8.09257 10.9116 0
      vertex 12 20.7846 0
      vertex 8.61823 10.5013 0
    endloop
  endfacet
  facet normal 0 0 -1
    outer loop
      vertex 7.54742 11.2955 0
      vertex 12 20.7846 0
      vertex 8.09257 10.9116 0
    endloop
  endfacet
  facet normal 0 0 -1
    outer loop
      vertex 6.98409 11.6522 0
      vertex 12 20.7846 0
      vertex 7.54742 11.2955 0
    endloop
  endfacet
  facet normal 0 0 -1
    outer loop
      vertex 6.40392 11.9809 0
      vertex 12 20.7846 0
      vertex 6.98409 11.6522 0
    endloop
  endfacet
  facet normal 0 0 -1
    outer loop
      vertex 5.80834 12.2807 0
      vertex 12 20.7846 0
      vertex 6.40392 11.9809 0
    endloop
  endfacet
  facet normal 0 0 -1
    outer loop
      vertex 5.19875 12.5509 0
      vertex 12 20.7846 0
      vertex 5.80834 12.2807 0
    endloop
  endfacet
  facet normal 0 0 -1
    outer loop
      vertex 4.57665 12.7909 0
      vertex 12 20.7846 0
      vertex 5.19875 12.5509 0
    endloop
  endfacet
  facet normal 0 0 -1
    outer loop
      vertex 3.94352 13 0
      vertex 12 20.7846 0
      vertex 4.57665 12.7909 0
    endloop
  endfacet
  facet normal 0 0 -1
    outer loop
      vertex 3.30089 13.1779 0
      vertex 12 20.7846 0
      vertex 3.94352 13 0
    endloop
  endfacet
  facet normal 0 0 -1
    outer loop
      vertex 2.6503 13.324 0
      vertex 12 20.7846 0
      vertex 3.30089 13.1779 0
    endloop
  endfacet
  facet normal 0 0 -1
    outer loop
      vertex 1.99333 13.438 0
      vertex 12 20.7846 0
      vertex 2.6503 13.324 0
    endloop
  endfacet
  facet normal 0 0 -1
    outer loop
      vertex 1.33156 13.5196 0
      vertex 12 20.7846 0
      vertex 1.99333 13.438 0
    endloop
  endfacet
  facet normal 0 0 -1
    outer loop
      vertex 0.666584 13.5686 0
      vertex 12 20.7846 0
      vertex 1.33156 13.5196 0
    endloop
  endfacet
  facet normal 0 0 -1
    outer loop
      vertex 0 13.585 0
      vertex 12 20.7846 0
      vertex 0.666584 13.5686 0
    endloop
  endfacet
  facet normal 0 0 -1
    outer loop
      vertex -12 20.7846 0
      vertex 0 13.585 0
      vertex -0.666584 13.5686 0
    endloop
  endfacet
  facet normal 0 0 -1
    outer loop
      vertex -12 20.7846 0
      vertex -0.666584 13.5686 0
      vertex -1.33156 13.5196 0
    endloop
  endfacet
  facet normal 0 0 -1
    outer loop
      vertex -12 20.7846 0
      vertex -1.33156 13.5196 0
      vertex -1.99333 13.438 0
    endloop
  endfacet
  facet normal 0 0 -1
    outer loop
      vertex -12 20.7846 0
      vertex -1.99333 13.438 0
      vertex -2.6503 13.324 0
    endloop
  endfacet
  facet normal 0 0 -1
    outer loop
      vertex -12 20.7846 0
      vertex -2.6503 13.324 0
      vertex -3.30089 13.1779 0
    endloop
  endfacet
  facet normal 0 0 -1
    outer loop
      vertex -12 20.7846 0
      vertex -3.30089 13.1779 0
      vertex -3.94352 13 0
    endloop
  endfacet
  facet normal 0 0 -1
    outer loop
      vertex -12 20.7846 0
      vertex -3.94352 13 0
      vertex -4.57665 12.7909 0
    endloop
  endfacet
  facet normal 0 0 -1
    outer loop
      vertex -12 20.7846 0
      vertex -4.57665 12.7909 0
      vertex -5.19875 12.5509 0
    endloop
  endfacet
  facet normal 0 0 -1
    outer loop
      vertex -12 20.7846 0
      vertex -5.19875 12.5509 0
      vertex -5.80834 12.2807 0
    endloop
  endfacet
  facet normal 0 0 -1
    outer loop
      vertex 0 13.585 0
      vertex -12 20.7846 0
      vertex 12 20.7846 0
    endloop
  endfacet
  facet normal 0 0 -1
    outer loop
      vertex -6.40392 11.9809 0
      vertex -12 20.7846 0
      vertex -5.80834 12.2807 0
    endloop
  endfacet
  facet normal 0 0 -1
    outer loop
      vertex -6.98409 11.6522 0
      vertex -12 20.7846 0
      vertex -6.40392 11.9809 0
    endloop
  endfacet
  facet normal 0 0 -1
    outer loop
      vertex -7.54742 11.2955 0
      vertex -12 20.7846 0
      vertex -6.98409 11.6522 0
    endloop
  endfacet
  facet normal 0 0 -1
    outer loop
      vertex -8.09257 10.9116 0
      vertex -12 20.7846 0
      vertex -7.54742 11.2955 0
    endloop
  endfacet
  facet normal 0 0 -1
    outer loop
      vertex -8.61823 10.5013 0
      vertex -12 20.7846 0
      vertex -8.09257 10.9116 0
    endloop
  endfacet
  facet normal 0 0 -1
    outer loop
      vertex -9.12313 10.0658 0
      vertex -12 20.7846 0
      vertex -8.61823 10.5013 0
    endloop
  endfacet
  facet normal 0 0 -1
    outer loop
      vertex -9.60604 9.60604 0
      vertex -12 20.7846 0
      vertex -9.12313 10.0658 0
    endloop
  endfacet
  facet normal 0 0 -1
    outer loop
      vertex -10.0658 9.12313 0
      vertex -12 20.7846 0
      vertex -9.60604 9.60604 0
    endloop
  endfacet
  facet normal 0 0 -1
    outer loop
      vertex -10.5013 8.61823 0
      vertex -12 20.7846 0
      vertex -10.0658 9.12313 0
    endloop
  endfacet
  facet normal 0 0 -1
    outer loop
      vertex -10.9116 8.09257 0
      vertex -12 20.7846 0
      vertex -10.5013 8.61823 0
    endloop
  endfacet
  facet normal 0 0 -1
    outer loop
      vertex -11.2955 7.54742 0
      vertex -12 20.7846 0
      vertex -10.9116 8.09257 0
    endloop
  endfacet
  facet normal 0 0 -1
    outer loop
      vertex -11.6522 6.98409 0
      vertex -12 20.7846 0
      vertex -11.2955 7.54742 0
    endloop
  endfacet
  facet normal 0 0 -1
    outer loop
      vertex -24 0 0
      vertex -11.6522 6.98409 0
      vertex -11.9809 6.40392 0
    endloop
  endfacet
  facet normal 0 0 -1
    outer loop
      vertex -24 0 0
      vertex -11.9809 6.40392 0
      vertex -12.2807 5.80834 0
    endloop
  endfacet
  facet normal 0 0 -1
    outer loop
      vertex -24 0 0
      vertex -12.2807 5.80834 0
      vertex -12.5509 5.19875 0
    endloop
  endfacet
  facet normal 0 0 -1
    outer loop
      vertex -24 0 0
      vertex -12.5509 5.19875 0
      vertex -12.7909 4.57665 0
    endloop
  endfacet
  facet normal 0 0 -1
    outer loop
      vertex -24 0 0
      vertex -12.7909 4.57665 0
      vertex -13 3.94352 0
    endloop
  endfacet
  facet normal 0 0 -1
    outer loop
      vertex -24 0 0
      vertex -13 3.94352 0
      vertex -13.1779 3.30089 0
    endloop
  endfacet
  facet normal 0 0 -1
    outer loop
      vertex -24 0 0
      vertex -13.1779 3.30089 0
      vertex -13.324 2.6503 0
    endloop
  endfacet
  facet normal 0 0 -1
    outer loop
      vertex -24 0 0
      vertex -13.324 2.6503 0
      vertex -13.438 1.99333 0
    endloop
  endfacet
  facet normal 0 0 -1
    outer loop
      vertex -24 0 0
      vertex -13.438 1.99333 0
      vertex -13.5196 1.33156 0
    endloop
  endfacet
  facet normal -0 0 -1
    outer loop
      vertex -11.6522 6.98409 0
      vertex -24 0 0
      vertex -12 20.7846 0
    endloop
  endfacet
  facet normal -0 0 -1
    outer loop
      vertex -13.5686 0.666584 0
      vertex -24 0 0
      vertex -13.5196 1.33156 0
    endloop
  endfacet
  facet normal 0 0 -1
    outer loop
      vertex -24 0 0
      vertex -13.5686 0.666584 0
      vertex -13.585 0 0
    endloop
  endfacet
  facet normal -0.823678 0.47555 -0.308879
    outer loop
      vertex -13.5 23.3827 8
      vertex -24 0 0
      vertex -27 0 8
    endloop
  endfacet
  facet normal -0.823677 0.475551 -0.308881
    outer loop
      vertex -13.5 23.3827 8
      vertex -12 20.7846 0
      vertex -24 0 0
    endloop
  endfacet
  facet normal 0 1 -0
    outer loop
      vertex 13.5 23.3827 8
      vertex -13.5 23.3827 16
      vertex 13.5 23.3827 16
    endloop
  endfacet
  facet normal 0 1 0
    outer loop
      vertex -13.5 23.3827 16
      vertex 13.5 23.3827 8
      vertex -13.5 23.3827 8
    endloop
  endfacet
  facet normal 0 0.983209 0.182484
    outer loop
      vertex 13.5 23.3827 16
      vertex 7.33901 23.0115 18
      vertex 13.2857 23.0115 18
    endloop
  endfacet
  facet normal 0 0.983209 0.182484
    outer loop
      vertex 7.33901 23.0115 18
      vertex 13.5 23.3827 16
      vertex -7.33901 23.0115 18
    endloop
  endfacet
  facet normal -0 0.983209 0.182484
    outer loop
      vertex -13.5 23.3827 16
      vertex -7.33901 23.0115 18
      vertex 13.5 23.3827 16
    endloop
  endfacet
  facet normal 0 0.983209 0.182484
    outer loop
      vertex -7.33901 23.0115 18
      vertex -13.5 23.3827 16
      vertex -13.2857 23.0115 18
    endloop
  endfacet
  facet normal 3.22836e-06 0.983213 0.182462
    outer loop
      vertex 8.28739 21.0427 28.6094
      vertex 9.75 16.8875 51
      vertex 11.9592 20.7139 30.3811
    endloop
  endfacet
  facet normal 7.5311e-06 0.983213 0.182462
    outer loop
      vertex 6.28917 21.1932 27.7985
      vertex 9.75 16.8875 51
      vertex 8.28739 21.0427 28.6094
    endloop
  endfacet
  facet normal 0 0.983213 0.182463
    outer loop
      vertex 9.75 16.8875 51
      vertex 6.28917 21.1932 27.7985
      vertex -9.75 16.8875 51
    endloop
  endfacet
  facet normal -3.22836e-06 0.983213 0.182462
    outer loop
      vertex -9.75 16.8875 51
      vertex -8.28739 21.0427 28.6094
      vertex -11.9592 20.7139 30.3811
    endloop
  endfacet
  facet normal 6.27042e-05 0.983212 0.182467
    outer loop
      vertex -9.75 16.8875 51
      vertex -7.41153 21.1086 28.254
      vertex -8.28739 21.0427 28.6094
    endloop
  endfacet
  facet normal -0 0.983213 0.182463
    outer loop
      vertex -6.28917 21.1932 27.7985
      vertex -9.75 16.8875 51
      vertex 6.28917 21.1932 27.7985
    endloop
  endfacet
  facet normal -6.43264e-05 0.983214 0.182454
    outer loop
      vertex -9.75 16.8875 51
      vertex -6.28917 21.1932 27.7985
      vertex -7.41153 21.1086 28.254
    endloop
  endfacet
  facet normal 0 0.98323 0.18237
    outer loop
      vertex 6.39528 21.3769 26.8081
      vertex -6.28917 21.1932 27.7985
      vertex 6.28917 21.1932 27.7985
    endloop
  endfacet
  facet normal 0 0.98323 0.18237
    outer loop
      vertex 6.39528 21.3769 26.8081
      vertex -6.39528 21.3769 26.8081
      vertex -6.28917 21.1932 27.7985
    endloop
  endfacet
  facet normal 0 0.983209 0.182483
    outer loop
      vertex 6.57429 21.687 25.1373
      vertex -6.39528 21.3769 26.8081
      vertex 6.39528 21.3769 26.8081
    endloop
  endfacet
  facet normal 0 0.983209 0.182483
    outer loop
      vertex 6.57429 21.687 25.1373
      vertex -6.57429 21.687 25.1373
      vertex -6.39528 21.3769 26.8081
    endloop
  endfacet
  facet normal 0 0.983213 0.182459
    outer loop
      vertex 7.33901 23.0115 18
      vertex -6.57429 21.687 25.1373
      vertex 6.57429 21.687 25.1373
    endloop
  endfacet
  facet normal 0 0.983213 0.182459
    outer loop
      vertex -6.57429 21.687 25.1373
      vertex 7.33901 23.0115 18
      vertex -7.33901 23.0115 18
    endloop
  endfacet
  facet normal 0 0.989397 -0.145238
    outer loop
      vertex 9.04009 25.9579 112.844
      vertex -9.05329 25.9808 113
      vertex 9.05329 25.9808 113
    endloop
  endfacet
  facet normal 0 0.989397 -0.145238
    outer loop
      vertex 9.04009 25.9579 112.844
      vertex -9.04009 25.9579 112.844
      vertex -9.05329 25.9808 113
    endloop
  endfacet
  facet normal 0 0.989415 -0.145113
    outer loop
      vertex 8.54364 25.098 106.981
      vertex -9.04009 25.9579 112.844
      vertex 9.04009 25.9579 112.844
    endloop
  endfacet
  facet normal 0 0.989415 -0.145113
    outer loop
      vertex 8.54364 25.098 106.981
      vertex -8.54364 25.098 106.981
      vertex -9.04009 25.9579 112.844
    endloop
  endfacet
  facet normal 0 0.989415 -0.14511
    outer loop
      vertex 7.66569 23.5774 96.613
      vertex -8.54364 25.098 106.981
      vertex 8.54364 25.098 106.981
    endloop
  endfacet
  facet normal 0 0.989415 -0.14511
    outer loop
      vertex 7.66569 23.5774 96.613
      vertex -7.66569 23.5774 96.613
      vertex -8.54364 25.098 106.981
    endloop
  endfacet
  facet normal 0 0.989413 -0.145128
    outer loop
      vertex 7.17308 22.7241 90.7956
      vertex -7.66569 23.5774 96.613
      vertex 7.66569 23.5774 96.613
    endloop
  endfacet
  facet normal 0 0.989413 -0.145128
    outer loop
      vertex 7.17308 22.7241 90.7956
      vertex -7.17308 22.7241 90.7956
      vertex -7.66569 23.5774 96.613
    endloop
  endfacet
  facet normal 0 0.989415 -0.145112
    outer loop
      vertex 6.297 21.2067 80.4495
      vertex -7.17308 22.7241 90.7956
      vertex 7.17308 22.7241 90.7956
    endloop
  endfacet
  facet normal 0 0.989415 -0.145112
    outer loop
      vertex 6.297 21.2067 80.4495
      vertex -6.297 21.2067 80.4495
      vertex -7.17308 22.7241 90.7956
    endloop
  endfacet
  facet normal 2.99797e-07 0.989415 -0.145112
    outer loop
      vertex 9.75 16.8875 51
      vertex 6.297 21.2067 80.4495
      vertex 9.06769 21.1473 80.0445
    endloop
  endfacet
  facet normal -5.10705e-05 0.989415 -0.145113
    outer loop
      vertex 9.75 16.8875 51
      vertex 9.06769 21.1473 80.0445
      vertex 10.2273 21.1225 79.875
    endloop
  endfacet
  facet normal 0 0.989415 -0.145112
    outer loop
      vertex 6.297 21.2067 80.4495
      vertex 9.75 16.8875 51
      vertex -6.297 21.2067 80.4495
    endloop
  endfacet
  facet normal 6.12459e-06 0.989415 -0.145114
    outer loop
      vertex 9.75 16.8875 51
      vertex 10.2273 21.1225 79.875
      vertex 12.1588 21.0597 79.4469
    endloop
  endfacet
  facet normal 0 0.989415 -0.145112
    outer loop
      vertex -9.75 16.8875 51
      vertex -6.297 21.2067 80.4495
      vertex 9.75 16.8875 51
    endloop
  endfacet
  facet normal 1.5068e-05 0.989415 -0.145114
    outer loop
      vertex -6.297 21.2067 80.4495
      vertex -9.75 16.8875 51
      vertex -10.2273 21.1225 79.875
    endloop
  endfacet
  facet normal -6.12459e-06 0.989415 -0.145114
    outer loop
      vertex -10.2273 21.1225 79.875
      vertex -9.75 16.8875 51
      vertex -12.1588 21.0597 79.4469
    endloop
  endfacet
  facet normal 0 0.996792 0.0800359
    outer loop
      vertex 8.64981 25.2819 121.706
      vertex -8.58344 25.167 123.137
      vertex 8.58344 25.167 123.137
    endloop
  endfacet
  facet normal 0 0.996792 0.0800359
    outer loop
      vertex 8.64981 25.2819 121.706
      vertex -8.64981 25.2819 121.706
      vertex -8.58344 25.167 123.137
    endloop
  endfacet
  facet normal 0 0.996793 0.0800239
    outer loop
      vertex 9.03527 25.9496 113.389
      vertex -8.64981 25.2819 121.706
      vertex 8.64981 25.2819 121.706
    endloop
  endfacet
  facet normal 0 0.996793 0.0800239
    outer loop
      vertex 9.03527 25.9496 113.389
      vertex -9.03527 25.9496 113.389
      vertex -8.64981 25.2819 121.706
    endloop
  endfacet
  facet normal 0 0.996799 0.0799489
    outer loop
      vertex 9.05329 25.9808 113
      vertex -9.03527 25.9496 113.389
      vertex 9.03527 25.9496 113.389
    endloop
  endfacet
  facet normal 0 0.996799 0.0799489
    outer loop
      vertex -9.03527 25.9496 113.389
      vertex 9.05329 25.9808 113
      vertex -9.05329 25.9808 113
    endloop
  endfacet
  facet normal 0 0.9511 -0.308882
    outer loop
      vertex 12 20.7846 0
      vertex -13.5 23.3827 8
      vertex 13.5 23.3827 8
    endloop
  endfacet
  facet normal 0 0.9511 -0.308882
    outer loop
      vertex -13.5 23.3827 8
      vertex 12 20.7846 0
      vertex -12 20.7846 0
    endloop
  endfacet
  facet normal 0.866026 0.5 0
    outer loop
      vertex 27 0 16
      vertex 13.5 23.3827 8
      vertex 13.5 23.3827 16
    endloop
  endfacet
  facet normal 0.866026 0.5 0
    outer loop
      vertex 13.5 23.3827 8
      vertex 27 0 16
      vertex 27 0 8
    endloop
  endfacet
  facet normal 0.851462 0.491642 0.182483
    outer loop
      vertex 13.8429 22.0465 18
      vertex 13.5 23.3827 16
      vertex 13.2857 23.0115 18
    endloop
  endfacet
  facet normal 0.851493 0.491596 0.182462
    outer loop
      vertex 9.75 16.8875 51
      vertex 14.0798 17.6984 28.6094
      vertex 11.9592 20.7139 30.3811
    endloop
  endfacet
  facet normal 0.8515 0.491585 0.182463
    outer loop
      vertex 14.0798 17.6984 28.6094
      vertex 9.75 16.8875 51
      vertex 14.5748 16.9729 28.254
    endloop
  endfacet
  facet normal 0.851476 0.491628 0.182458
    outer loop
      vertex 9.75 16.8875 51
      vertex 15.2092 16.0432 27.7985
      vertex 14.5748 16.9729 28.254
    endloop
  endfacet
  facet normal 0.851488 0.491606 0.182461
    outer loop
      vertex 15.2092 16.0432 27.7985
      vertex 9.75 16.8875 51
      vertex 19.5 0 51
    endloop
  endfacet
  facet normal 0.850718 0.492633 0.183281
    outer loop
      vertex 15.3153 16.2269 26.8081
      vertex 19.5 0 51
      vertex 15.3298 16.2519 26.6736
    endloop
  endfacet
  facet normal 0.851549 0.491525 0.182393
    outer loop
      vertex 19.5 0 51
      vertex 15.3153 16.2269 26.8081
      vertex 15.2092 16.0432 27.7985
    endloop
  endfacet
  facet normal 0.851489 0.491604 0.182461
    outer loop
      vertex 19.5 0 51
      vertex 21.4984 5.15 27.7985
      vertex 15.3298 16.2519 26.6736
    endloop
  endfacet
  facet normal 0.851484 0.491612 0.182463
    outer loop
      vertex 21.4984 5.15 27.7985
      vertex 19.5 0 51
      vertex 22.3672 3.34425 28.6094
    endloop
  endfacet
  facet normal 0.851494 0.491596 0.182461
    outer loop
      vertex 22.3672 3.34425 28.6094
      vertex 19.5 0 51
      vertex 23.9183 0 30.3811
    endloop
  endfacet
  facet normal 0.85149 0.491606 0.182454
    outer loop
      vertex 16.2591 17.8615 18
      vertex 13.5 23.3827 16
      vertex 13.8429 22.0465 18
    endloop
  endfacet
  facet normal 0.851489 0.491604 0.182459
    outer loop
      vertex 21.4984 5.15 27.7985
      vertex 15.4944 16.537 25.1373
      vertex 15.3298 16.2519 26.6736
    endloop
  endfacet
  facet normal 0.851488 0.491605 0.182464
    outer loop
      vertex 15.4944 16.537 25.1373
      vertex 21.4984 5.15 27.7985
      vertex 23.5981 5.15 18
    endloop
  endfacet
  facet normal 0.851487 0.491607 0.182459
    outer loop
      vertex 15.4944 16.537 25.1373
      vertex 23.5981 5.15 18
      vertex 16.2591 17.8615 18
    endloop
  endfacet
  facet normal 0.851489 0.491608 0.182449
    outer loop
      vertex 27 0 16
      vertex 16.2591 17.8615 18
      vertex 23.5981 5.15 18
    endloop
  endfacet
  facet normal 0.851489 0.491599 0.182474
    outer loop
      vertex 27 0 16
      vertex 23.5981 5.15 18
      vertex 26.5714 0 18
    endloop
  endfacet
  facet normal 0.851488 0.491607 0.182459
    outer loop
      vertex 16.2591 17.8615 18
      vertex 27 0 16
      vertex 13.5 23.3827 16
    endloop
  endfacet
  facet normal 0.856856 0.49471 -0.145117
    outer loop
      vertex 23.8246 5.15 94.0925
      vertex 16.5857 18.4274 96.613
      vertex 17.4637 19.948 106.981
    endloop
  endfacet
  facet normal 0.85686 0.494708 -0.145104
    outer loop
      vertex 27.0266 5.15 113
      vertex 17.4637 19.948 106.981
      vertex 17.9601 20.8079 112.844
    endloop
  endfacet
  facet normal 0.856856 0.49471 -0.14512
    outer loop
      vertex 16.5857 18.4274 96.613
      vertex 23.8246 5.15 94.0925
      vertex 16.0931 17.5741 90.7956
    endloop
  endfacet
  facet normal 0.85686 0.494706 -0.14511
    outer loop
      vertex 17.4637 19.948 106.981
      vertex 27.0266 5.15 113
      vertex 23.8246 5.15 94.0925
    endloop
  endfacet
  facet normal 0.856792 0.494663 -0.145661
    outer loop
      vertex 27.0266 5.15 113
      vertex 17.9601 20.8079 112.844
      vertex 17.9734 20.8308 113
    endloop
  endfacet
  facet normal 0.856873 0.494684 -0.145111
    outer loop
      vertex 13.1789 19.4183 79.875
      vertex 9.75 16.8875 51
      vertex 12.1588 21.0597 79.4469
    endloop
  endfacet
  facet normal 0.856849 0.494724 -0.145112
    outer loop
      vertex 15.2171 16.0567 80.4495
      vertex 9.75 16.8875 51
      vertex 13.1789 19.4183 79.875
    endloop
  endfacet
  facet normal 0.856856 0.494714 -0.145106
    outer loop
      vertex 16.0931 17.5741 90.7956
      vertex 23.8246 5.15 94.0925
      vertex 15.2171 16.0567 80.4495
    endloop
  endfacet
  facet normal 0.856859 0.494707 -0.145114
    outer loop
      vertex 15.2171 16.0567 80.4495
      vertex 23.8246 5.15 94.0925
      vertex 9.75 16.8875 51
    endloop
  endfacet
  facet normal 0.856857 0.494711 -0.145112
    outer loop
      vertex 21.5141 5.15 80.4495
      vertex 9.75 16.8875 51
      vertex 23.8246 5.15 94.0925
    endloop
  endfacet
  facet normal 0.856869 0.49469 -0.145112
    outer loop
      vertex 19.5 0 51
      vertex 21.5141 5.15 80.4495
      vertex 23.4062 1.70411 79.875
    endloop
  endfacet
  facet normal 0.856852 0.49472 -0.145111
    outer loop
      vertex 19.5 0 51
      vertex 23.4062 1.70411 79.875
      vertex 24.3176 0 79.4469
    endloop
  endfacet
  facet normal 0.856859 0.494707 -0.145114
    outer loop
      vertex 21.5141 5.15 80.4495
      vertex 19.5 0 51
      vertex 9.75 16.8875 51
    endloop
  endfacet
  facet normal 0.863244 0.498396 0.0800734
    outer loop
      vertex 26.087 5.15 123.137
      vertex 17.5699 20.1319 121.706
      vertex 17.5035 20.017 123.137
    endloop
  endfacet
  facet normal 0.86325 0.498394 0.0800148
    outer loop
      vertex 17.5699 20.1319 121.706
      vertex 26.087 5.15 123.137
      vertex 27.0266 5.15 113
    endloop
  endfacet
  facet normal 0.86325 0.498395 0.0800138
    outer loop
      vertex 17.5699 20.1319 121.706
      vertex 27.0266 5.15 113
      vertex 17.9553 20.7996 113.389
    endloop
  endfacet
  facet normal 0.863243 0.498387 0.0801398
    outer loop
      vertex 17.9553 20.7996 113.389
      vertex 27.0266 5.15 113
      vertex 17.9734 20.8308 113
    endloop
  endfacet
  facet normal 0.823678 0.47555 -0.30888
    outer loop
      vertex 13.5 23.3827 8
      vertex 27 0 8
      vertex 12 20.7846 0
    endloop
  endfacet
  facet normal 0.823678 0.475551 -0.308879
    outer loop
      vertex 27 0 8
      vertex 24 0 0
      vertex 12 20.7846 0
    endloop
  endfacet
  facet normal 0.866026 -0.5 0
    outer loop
      vertex 13.5 -23.3827 16
      vertex 27 0 8
      vertex 27 0 16
    endloop
  endfacet
  facet normal 0.866026 -0.5 0
    outer loop
      vertex 27 0 8
      vertex 13.5 -23.3827 16
      vertex 13.5 -23.3827 8
    endloop
  endfacet
  facet normal 0.851501 -0.491577 0.182477
    outer loop
      vertex 27 0 16
      vertex 26.5714 0 18
      vertex 26.0143 -0.965 18
    endloop
  endfacet
  facet normal 0.851494 -0.491596 0.182461
    outer loop
      vertex 19.5 0 51
      vertex 22.3672 -3.34425 28.6094
      vertex 23.9183 0 30.3811
    endloop
  endfacet
  facet normal 0.851487 -0.491606 0.182462
    outer loop
      vertex 9.75 -16.8875 51
      vertex 22.3672 -3.34425 28.6094
      vertex 19.5 0 51
    endloop
  endfacet
  facet normal 0.851513 -0.491546 0.182505
    outer loop
      vertex 21.4984 -5.15 27.7985
      vertex 9.75 -16.8875 51
      vertex 21.7395 -5.15 26.6736
    endloop
  endfacet
  facet normal 0.851486 -0.491611 0.182459
    outer loop
      vertex 22.3672 -3.34425 28.6094
      vertex 9.75 -16.8875 51
      vertex 21.4984 -5.15 27.7985
    endloop
  endfacet
  facet normal 0.851492 -0.49162 0.182405
    outer loop
      vertex 15.3153 -16.2269 26.8081
      vertex 21.7395 -5.15 26.6736
      vertex 15.2092 -16.0432 27.7985
    endloop
  endfacet
  facet normal 0.851486 -0.49161 0.182461
    outer loop
      vertex 9.75 -16.8875 51
      vertex 15.2092 -16.0432 27.7985
      vertex 21.7395 -5.15 26.6736
    endloop
  endfacet
  facet normal 0.851486 -0.491609 0.182461
    outer loop
      vertex 9.75 -16.8875 51
      vertex 14.0798 -17.6984 28.6094
      vertex 15.2092 -16.0432 27.7985
    endloop
  endfacet
  facet normal 0.851493 -0.491596 0.182462
    outer loop
      vertex 14.0798 -17.6984 28.6094
      vertex 9.75 -16.8875 51
      vertex 11.9592 -20.7139 30.3811
    endloop
  endfacet
  facet normal 0.851489 -0.491605 0.182457
    outer loop
      vertex 23.5981 -5.15 18
      vertex 27 0 16
      vertex 26.0143 -0.965 18
    endloop
  endfacet
  facet normal 0.851475 -0.491608 0.182515
    outer loop
      vertex 15.4944 -16.537 25.1373
      vertex 21.7395 -5.15 26.6736
      vertex 15.3153 -16.2269 26.8081
    endloop
  endfacet
  facet normal 0.851487 -0.491608 0.182459
    outer loop
      vertex 21.7395 -5.15 26.6736
      vertex 15.4944 -16.537 25.1373
      vertex 23.5981 -5.15 18
    endloop
  endfacet
  facet normal 0.851487 -0.491607 0.182459
    outer loop
      vertex 16.2591 -17.8615 18
      vertex 23.5981 -5.15 18
      vertex 15.4944 -16.537 25.1373
    endloop
  endfacet
  facet normal 0.851489 -0.491608 0.182449
    outer loop
      vertex 16.2591 -17.8615 18
      vertex 27 0 16
      vertex 23.5981 -5.15 18
    endloop
  endfacet
  facet normal 0.851481 -0.491611 0.182479
    outer loop
      vertex 13.5 -23.3827 16
      vertex 16.2591 -17.8615 18
      vertex 13.2857 -23.0115 18
    endloop
  endfacet
  facet normal 0.851488 -0.491607 0.182459
    outer loop
      vertex 16.2591 -17.8615 18
      vertex 13.5 -23.3827 16
      vertex 27 0 16
    endloop
  endfacet
  facet normal 0.856859 -0.494708 -0.145111
    outer loop
      vertex 27.0266 -5.15 113
      vertex 16.3723 -18.0577 94.0925
      vertex 21.5141 -5.15 80.4495
    endloop
  endfacet
  facet normal 0.856858 -0.49471 -0.145109
    outer loop
      vertex 27.0266 -5.15 113
      vertex 16.5857 -18.4274 96.613
      vertex 16.3723 -18.0577 94.0925
    endloop
  endfacet
  facet normal 0.856861 -0.494703 -0.145117
    outer loop
      vertex 27.0266 -5.15 113
      vertex 17.4637 -19.948 106.981
      vertex 16.5857 -18.4274 96.613
    endloop
  endfacet
  facet normal 0.85686 -0.494708 -0.145104
    outer loop
      vertex 27.0266 -5.15 113
      vertex 17.9601 -20.8079 112.844
      vertex 17.4637 -19.948 106.981
    endloop
  endfacet
  facet normal 0.856792 -0.494663 -0.145661
    outer loop
      vertex 17.9601 -20.8079 112.844
      vertex 27.0266 -5.15 113
      vertex 17.9734 -20.8308 113
    endloop
  endfacet
  facet normal 0.856852 -0.49472 -0.145111
    outer loop
      vertex 23.4062 -1.70411 79.875
      vertex 19.5 0 51
      vertex 24.3176 0 79.4469
    endloop
  endfacet
  facet normal 0.856869 -0.49469 -0.145112
    outer loop
      vertex 21.5141 -5.15 80.4495
      vertex 19.5 0 51
      vertex 23.4062 -1.70411 79.875
    endloop
  endfacet
  facet normal 0.856856 -0.494711 -0.145115
    outer loop
      vertex 19.5 0 51
      vertex 21.5141 -5.15 80.4495
      vertex 16.3723 -18.0577 94.0925
    endloop
  endfacet
  facet normal 0.856869 -0.494693 -0.145104
    outer loop
      vertex 19.5 0 51
      vertex 16.0931 -17.5741 90.7956
      vertex 15.2171 -16.0567 80.4495
    endloop
  endfacet
  facet normal 0.856831 -0.49475 -0.145133
    outer loop
      vertex 16.0931 -17.5741 90.7956
      vertex 19.5 0 51
      vertex 16.3723 -18.0577 94.0925
    endloop
  endfacet
  facet normal 0.856859 -0.494707 -0.145114
    outer loop
      vertex 15.2171 -16.0567 80.4495
      vertex 9.75 -16.8875 51
      vertex 19.5 0 51
    endloop
  endfacet
  facet normal 0.856858 -0.494709 -0.145114
    outer loop
      vertex 13.7803 -18.4265 80.0445
      vertex 9.75 -16.8875 51
      vertex 15.2171 -16.0567 80.4495
    endloop
  endfacet
  facet normal 0.85683 -0.494758 -0.145112
    outer loop
      vertex 13.1789 -19.4183 79.875
      vertex 9.75 -16.8875 51
      vertex 13.7803 -18.4265 80.0445
    endloop
  endfacet
  facet normal 0.856873 -0.494684 -0.145111
    outer loop
      vertex 9.75 -16.8875 51
      vertex 13.1789 -19.4183 79.875
      vertex 12.1588 -21.0597 79.4469
    endloop
  endfacet
  facet normal 0.863244 -0.498396 0.0800734
    outer loop
      vertex 17.5699 -20.1319 121.706
      vertex 26.087 -5.15 123.137
      vertex 17.5035 -20.017 123.137
    endloop
  endfacet
  facet normal 0.86325 -0.498394 0.0800148
    outer loop
      vertex 26.087 -5.15 123.137
      vertex 17.5699 -20.1319 121.706
      vertex 27.0266 -5.15 113
    endloop
  endfacet
  facet normal 0.86325 -0.498395 0.0800138
    outer loop
      vertex 17.9553 -20.7996 113.389
      vertex 27.0266 -5.15 113
      vertex 17.5699 -20.1319 121.706
    endloop
  endfacet
  facet normal 0.863243 -0.498387 0.0801398
    outer loop
      vertex 27.0266 -5.15 113
      vertex 17.9553 -20.7996 113.389
      vertex 17.9734 -20.8308 113
    endloop
  endfacet
  facet normal 0.823678 -0.47555 -0.308879
    outer loop
      vertex 24 0 0
      vertex 27 0 8
      vertex 13.5 -23.3827 8
    endloop
  endfacet
  facet normal 0.823677 -0.475551 -0.308881
    outer loop
      vertex 24 0 0
      vertex 13.5 -23.3827 8
      vertex 12 -20.7846 0
    endloop
  endfacet
  facet normal 0 -1 0
    outer loop
      vertex -13.5 -23.3827 8
      vertex 13.5 -23.3827 16
      vertex -13.5 -23.3827 16
    endloop
  endfacet
  facet normal 0 -1 -0
    outer loop
      vertex 13.5 -23.3827 16
      vertex -13.5 -23.3827 8
      vertex 13.5 -23.3827 8
    endloop
  endfacet
  facet normal 0 -0.983209 0.182484
    outer loop
      vertex -13.5 -23.3827 16
      vertex -7.33901 -23.0115 18
      vertex -13.2857 -23.0115 18
    endloop
  endfacet
  facet normal 0 -0.983209 0.182484
    outer loop
      vertex -7.33901 -23.0115 18
      vertex -13.5 -23.3827 16
      vertex 7.33901 -23.0115 18
    endloop
  endfacet
  facet normal 0 -0.983209 0.182484
    outer loop
      vertex 13.5 -23.3827 16
      vertex 7.33901 -23.0115 18
      vertex -13.5 -23.3827 16
    endloop
  endfacet
  facet normal 0 -0.983209 0.182484
    outer loop
      vertex 7.33901 -23.0115 18
      vertex 13.5 -23.3827 16
      vertex 13.2857 -23.0115 18
    endloop
  endfacet
  facet normal -3.22836e-06 -0.983213 0.182462
    outer loop
      vertex -8.28739 -21.0427 28.6094
      vertex -9.75 -16.8875 51
      vertex -11.9592 -20.7139 30.3811
    endloop
  endfacet
  facet normal -7.5311e-06 -0.983213 0.182462
    outer loop
      vertex -6.28917 -21.1932 27.7985
      vertex -9.75 -16.8875 51
      vertex -8.28739 -21.0427 28.6094
    endloop
  endfacet
  facet normal 0 -0.983213 0.182463
    outer loop
      vertex -9.75 -16.8875 51
      vertex -6.28917 -21.1932 27.7985
      vertex 9.75 -16.8875 51
    endloop
  endfacet
  facet normal 3.22836e-06 -0.983213 0.182462
    outer loop
      vertex 9.75 -16.8875 51
      vertex 8.28739 -21.0427 28.6094
      vertex 11.9592 -20.7139 30.3811
    endloop
  endfacet
  facet normal -6.27042e-05 -0.983212 0.182467
    outer loop
      vertex 9.75 -16.8875 51
      vertex 7.41153 -21.1086 28.254
      vertex 8.28739 -21.0427 28.6094
    endloop
  endfacet
  facet normal 0 -0.983213 0.182463
    outer loop
      vertex 6.28917 -21.1932 27.7985
      vertex 9.75 -16.8875 51
      vertex -6.28917 -21.1932 27.7985
    endloop
  endfacet
  facet normal 6.43264e-05 -0.983214 0.182454
    outer loop
      vertex 9.75 -16.8875 51
      vertex 6.28917 -21.1932 27.7985
      vertex 7.41153 -21.1086 28.254
    endloop
  endfacet
  facet normal 0 -0.98323 0.18237
    outer loop
      vertex -6.39528 -21.3769 26.8081
      vertex 6.28917 -21.1932 27.7985
      vertex -6.28917 -21.1932 27.7985
    endloop
  endfacet
  facet normal 0 -0.98323 0.18237
    outer loop
      vertex -6.39528 -21.3769 26.8081
      vertex 6.39528 -21.3769 26.8081
      vertex 6.28917 -21.1932 27.7985
    endloop
  endfacet
  facet normal 0 -0.983209 0.182483
    outer loop
      vertex -6.57429 -21.687 25.1373
      vertex 6.39528 -21.3769 26.8081
      vertex -6.39528 -21.3769 26.8081
    endloop
  endfacet
  facet normal 0 -0.983209 0.182483
    outer loop
      vertex -6.57429 -21.687 25.1373
      vertex 6.57429 -21.687 25.1373
      vertex 6.39528 -21.3769 26.8081
    endloop
  endfacet
  facet normal 0 -0.983213 0.182459
    outer loop
      vertex -7.33901 -23.0115 18
      vertex 6.57429 -21.687 25.1373
      vertex -6.57429 -21.687 25.1373
    endloop
  endfacet
  facet normal 0 -0.983213 0.182459
    outer loop
      vertex 6.57429 -21.687 25.1373
      vertex -7.33901 -23.0115 18
      vertex 7.33901 -23.0115 18
    endloop
  endfacet
  facet normal 0 -0.989397 -0.145238
    outer loop
      vertex -9.04009 -25.9579 112.844
      vertex 9.05329 -25.9808 113
      vertex -9.05329 -25.9808 113
    endloop
  endfacet
  facet normal 0 -0.989397 -0.145238
    outer loop
      vertex -9.04009 -25.9579 112.844
      vertex 9.04009 -25.9579 112.844
      vertex 9.05329 -25.9808 113
    endloop
  endfacet
  facet normal 0 -0.989415 -0.145113
    outer loop
      vertex -8.54364 -25.098 106.981
      vertex 9.04009 -25.9579 112.844
      vertex -9.04009 -25.9579 112.844
    endloop
  endfacet
  facet normal 0 -0.989415 -0.145113
    outer loop
      vertex -8.54364 -25.098 106.981
      vertex 8.54364 -25.098 106.981
      vertex 9.04009 -25.9579 112.844
    endloop
  endfacet
  facet normal 0 -0.989415 -0.14511
    outer loop
      vertex -7.66569 -23.5774 96.613
      vertex 8.54364 -25.098 106.981
      vertex -8.54364 -25.098 106.981
    endloop
  endfacet
  facet normal 0 -0.989415 -0.14511
    outer loop
      vertex -7.66569 -23.5774 96.613
      vertex 7.66569 -23.5774 96.613
      vertex 8.54364 -25.098 106.981
    endloop
  endfacet
  facet normal 0 -0.989413 -0.145128
    outer loop
      vertex -7.17308 -22.7241 90.7956
      vertex 7.66569 -23.5774 96.613
      vertex -7.66569 -23.5774 96.613
    endloop
  endfacet
  facet normal 0 -0.989413 -0.145128
    outer loop
      vertex -7.17308 -22.7241 90.7956
      vertex 7.17308 -22.7241 90.7956
      vertex 7.66569 -23.5774 96.613
    endloop
  endfacet
  facet normal 0 -0.989415 -0.145112
    outer loop
      vertex -6.297 -21.2067 80.4495
      vertex 7.17308 -22.7241 90.7956
      vertex -7.17308 -22.7241 90.7956
    endloop
  endfacet
  facet normal 0 -0.989415 -0.145112
    outer loop
      vertex -6.297 -21.2067 80.4495
      vertex 6.297 -21.2067 80.4495
      vertex 7.17308 -22.7241 90.7956
    endloop
  endfacet
  facet normal -2.99797e-07 -0.989415 -0.145112
    outer loop
      vertex -9.75 -16.8875 51
      vertex -6.297 -21.2067 80.4495
      vertex -9.06769 -21.1473 80.0445
    endloop
  endfacet
  facet normal 5.10705e-05 -0.989415 -0.145113
    outer loop
      vertex -9.75 -16.8875 51
      vertex -9.06769 -21.1473 80.0445
      vertex -10.2273 -21.1225 79.875
    endloop
  endfacet
  facet normal 0 -0.989415 -0.145112
    outer loop
      vertex -6.297 -21.2067 80.4495
      vertex -9.75 -16.8875 51
      vertex 6.297 -21.2067 80.4495
    endloop
  endfacet
  facet normal -6.12459e-06 -0.989415 -0.145114
    outer loop
      vertex -9.75 -16.8875 51
      vertex -10.2273 -21.1225 79.875
      vertex -12.1588 -21.0597 79.4469
    endloop
  endfacet
  facet normal -0 -0.989415 -0.145112
    outer loop
      vertex 9.75 -16.8875 51
      vertex 6.297 -21.2067 80.4495
      vertex -9.75 -16.8875 51
    endloop
  endfacet
  facet normal -1.5068e-05 -0.989415 -0.145114
    outer loop
      vertex 6.297 -21.2067 80.4495
      vertex 9.75 -16.8875 51
      vertex 10.2273 -21.1225 79.875
    endloop
  endfacet
  facet normal 6.12459e-06 -0.989415 -0.145114
    outer loop
      vertex 10.2273 -21.1225 79.875
      vertex 9.75 -16.8875 51
      vertex 12.1588 -21.0597 79.4469
    endloop
  endfacet
  facet normal 0 -0.996792 0.0800359
    outer loop
      vertex -8.64981 -25.2819 121.706
      vertex 8.58344 -25.167 123.137
      vertex -8.58344 -25.167 123.137
    endloop
  endfacet
  facet normal 0 -0.996792 0.0800359
    outer loop
      vertex -8.64981 -25.2819 121.706
      vertex 8.64981 -25.2819 121.706
      vertex 8.58344 -25.167 123.137
    endloop
  endfacet
  facet normal 0 -0.996793 0.0800239
    outer loop
      vertex -9.03527 -25.9496 113.389
      vertex 8.64981 -25.2819 121.706
      vertex -8.64981 -25.2819 121.706
    endloop
  endfacet
  facet normal 0 -0.996793 0.0800239
    outer loop
      vertex -9.03527 -25.9496 113.389
      vertex 9.03527 -25.9496 113.389
      vertex 8.64981 -25.2819 121.706
    endloop
  endfacet
  facet normal 0 -0.996799 0.0799489
    outer loop
      vertex -9.05329 -25.9808 113
      vertex 9.03527 -25.9496 113.389
      vertex -9.03527 -25.9496 113.389
    endloop
  endfacet
  facet normal 0 -0.996799 0.0799489
    outer loop
      vertex 9.03527 -25.9496 113.389
      vertex -9.05329 -25.9808 113
      vertex 9.05329 -25.9808 113
    endloop
  endfacet
  facet normal 0 -0.9511 -0.308882
    outer loop
      vertex -12 -20.7846 0
      vertex 13.5 -23.3827 8
      vertex -13.5 -23.3827 8
    endloop
  endfacet
  facet normal 0 -0.9511 -0.308882
    outer loop
      vertex 13.5 -23.3827 8
      vertex -12 -20.7846 0
      vertex 12 -20.7846 0
    endloop
  endfacet
  facet normal -0.866026 -0.5 0
    outer loop
      vertex -13.5 -23.3827 8
      vertex -27 0 16
      vertex -27 0 8
    endloop
  endfacet
  facet normal -0.866026 -0.5 0
    outer loop
      vertex -27 0 16
      vertex -13.5 -23.3827 8
      vertex -13.5 -23.3827 16
    endloop
  endfacet
  facet normal -0.851549 -0.491525 0.182393
    outer loop
      vertex -19.5 0 51
      vertex -15.3153 -16.2269 26.8081
      vertex -15.2092 -16.0432 27.7985
    endloop
  endfacet
  facet normal -0.850718 -0.492633 0.183281
    outer loop
      vertex -15.3153 -16.2269 26.8081
      vertex -19.5 0 51
      vertex -15.3298 -16.2519 26.6736
    endloop
  endfacet
  facet normal -0.851488 -0.491606 0.182461
    outer loop
      vertex -15.2092 -16.0432 27.7985
      vertex -9.75 -16.8875 51
      vertex -19.5 0 51
    endloop
  endfacet
  facet normal -0.851476 -0.491628 0.182458
    outer loop
      vertex -14.5748 -16.9729 28.254
      vertex -9.75 -16.8875 51
      vertex -15.2092 -16.0432 27.7985
    endloop
  endfacet
  facet normal -0.8515 -0.491585 0.182463
    outer loop
      vertex -14.0798 -17.6984 28.6094
      vertex -9.75 -16.8875 51
      vertex -14.5748 -16.9729 28.254
    endloop
  endfacet
  facet normal -0.851493 -0.491596 0.182462
    outer loop
      vertex -9.75 -16.8875 51
      vertex -14.0798 -17.6984 28.6094
      vertex -11.9592 -20.7139 30.3811
    endloop
  endfacet
  facet normal -0.851462 -0.491642 0.182483
    outer loop
      vertex -13.5 -23.3827 16
      vertex -13.2857 -23.0115 18
      vertex -13.8429 -22.0465 18
    endloop
  endfacet
  facet normal -0.851489 -0.491599 0.182474
    outer loop
      vertex -27 0 16
      vertex -23.5981 -5.15 18
      vertex -26.5714 0 18
    endloop
  endfacet
  facet normal -0.851488 -0.491605 0.182464
    outer loop
      vertex -15.4944 -16.537 25.1373
      vertex -21.4984 -5.15 27.7985
      vertex -23.5981 -5.15 18
    endloop
  endfacet
  facet normal -0.851489 -0.491604 0.182459
    outer loop
      vertex -21.4984 -5.15 27.7985
      vertex -15.4944 -16.537 25.1373
      vertex -15.3298 -16.2519 26.6736
    endloop
  endfacet
  facet normal -0.851487 -0.491607 0.182459
    outer loop
      vertex -23.5981 -5.15 18
      vertex -16.2591 -17.8615 18
      vertex -15.4944 -16.537 25.1373
    endloop
  endfacet
  facet normal -0.851489 -0.491608 0.182449
    outer loop
      vertex -27 0 16
      vertex -16.2591 -17.8615 18
      vertex -23.5981 -5.15 18
    endloop
  endfacet
  facet normal -0.851488 -0.491607 0.182459
    outer loop
      vertex -13.5 -23.3827 16
      vertex -16.2591 -17.8615 18
      vertex -27 0 16
    endloop
  endfacet
  facet normal -0.85149 -0.491606 0.182454
    outer loop
      vertex -16.2591 -17.8615 18
      vertex -13.5 -23.3827 16
      vertex -13.8429 -22.0465 18
    endloop
  endfacet
  facet normal -0.851494 -0.491596 0.182461
    outer loop
      vertex -22.3672 -3.34425 28.6094
      vertex -19.5 0 51
      vertex -23.9183 0 30.3811
    endloop
  endfacet
  facet normal -0.851484 -0.491612 0.182463
    outer loop
      vertex -21.4984 -5.15 27.7985
      vertex -19.5 0 51
      vertex -22.3672 -3.34425 28.6094
    endloop
  endfacet
  facet normal -0.851489 -0.491604 0.182461
    outer loop
      vertex -19.5 0 51
      vertex -21.4984 -5.15 27.7985
      vertex -15.3298 -16.2519 26.6736
    endloop
  endfacet
  facet normal -0.856856 -0.494714 -0.145106
    outer loop
      vertex -16.0931 -17.5741 90.7956
      vertex -23.8246 -5.15 94.0925
      vertex -15.2171 -16.0567 80.4495
    endloop
  endfacet
  facet normal -0.856859 -0.494707 -0.145114
    outer loop
      vertex -9.75 -16.8875 51
      vertex -15.2171 -16.0567 80.4495
      vertex -23.8246 -5.15 94.0925
    endloop
  endfacet
  facet normal -0.856849 -0.494724 -0.145112
    outer loop
      vertex -9.75 -16.8875 51
      vertex -13.1789 -19.4183 79.875
      vertex -15.2171 -16.0567 80.4495
    endloop
  endfacet
  facet normal -0.856873 -0.494684 -0.145111
    outer loop
      vertex -13.1789 -19.4183 79.875
      vertex -9.75 -16.8875 51
      vertex -12.1588 -21.0597 79.4469
    endloop
  endfacet
  facet normal -0.856856 -0.49471 -0.14512
    outer loop
      vertex -16.5857 -18.4274 96.613
      vertex -23.8246 -5.15 94.0925
      vertex -16.0931 -17.5741 90.7956
    endloop
  endfacet
  facet normal -0.856856 -0.49471 -0.145117
    outer loop
      vertex -17.4637 -19.948 106.981
      vertex -23.8246 -5.15 94.0925
      vertex -16.5857 -18.4274 96.613
    endloop
  endfacet
  facet normal -0.85686 -0.494706 -0.14511
    outer loop
      vertex -23.8246 -5.15 94.0925
      vertex -17.4637 -19.948 106.981
      vertex -27.0266 -5.15 113
    endloop
  endfacet
  facet normal -0.85686 -0.494708 -0.145104
    outer loop
      vertex -17.9601 -20.8079 112.844
      vertex -27.0266 -5.15 113
      vertex -17.4637 -19.948 106.981
    endloop
  endfacet
  facet normal -0.856792 -0.494663 -0.145661
    outer loop
      vertex -27.0266 -5.15 113
      vertex -17.9601 -20.8079 112.844
      vertex -17.9734 -20.8308 113
    endloop
  endfacet
  facet normal -0.856852 -0.49472 -0.145111
    outer loop
      vertex -19.5 0 51
      vertex -23.4062 -1.70411 79.875
      vertex -24.3176 0 79.4469
    endloop
  endfacet
  facet normal -0.856869 -0.49469 -0.145112
    outer loop
      vertex -19.5 0 51
      vertex -21.5141 -5.15 80.4495
      vertex -23.4062 -1.70411 79.875
    endloop
  endfacet
  facet normal -0.856857 -0.494711 -0.145112
    outer loop
      vertex -21.5141 -5.15 80.4495
      vertex -9.75 -16.8875 51
      vertex -23.8246 -5.15 94.0925
    endloop
  endfacet
  facet normal -0.856859 -0.494707 -0.145114
    outer loop
      vertex -9.75 -16.8875 51
      vertex -21.5141 -5.15 80.4495
      vertex -19.5 0 51
    endloop
  endfacet
  facet normal -0.86325 -0.498394 0.0800148
    outer loop
      vertex -17.5699 -20.1319 121.706
      vertex -26.087 -5.15 123.137
      vertex -27.0266 -5.15 113
    endloop
  endfacet
  facet normal -0.863244 -0.498396 0.0800734
    outer loop
      vertex -26.087 -5.15 123.137
      vertex -17.5699 -20.1319 121.706
      vertex -17.5035 -20.017 123.137
    endloop
  endfacet
  facet normal -0.86325 -0.498395 0.0800138
    outer loop
      vertex -27.0266 -5.15 113
      vertex -17.9553 -20.7996 113.389
      vertex -17.5699 -20.1319 121.706
    endloop
  endfacet
  facet normal -0.863243 -0.498387 0.0801398
    outer loop
      vertex -17.9553 -20.7996 113.389
      vertex -27.0266 -5.15 113
      vertex -17.9734 -20.8308 113
    endloop
  endfacet
  facet normal -0.823678 -0.47555 -0.30888
    outer loop
      vertex -12 -20.7846 0
      vertex -13.5 -23.3827 8
      vertex -27 0 8
    endloop
  endfacet
  facet normal -0.823678 -0.475551 -0.308879
    outer loop
      vertex -24 0 0
      vertex -12 -20.7846 0
      vertex -27 0 8
    endloop
  endfacet
  facet normal -0.313603 0.949554 0
    outer loop
      vertex 4.57665 -12.7909 0
      vertex 3.94352 -13 123.137
      vertex 4.57665 -12.7909 123.137
    endloop
  endfacet
  facet normal -0.313603 0.949554 0
    outer loop
      vertex 3.94352 -13 123.137
      vertex 4.57665 -12.7909 0
      vertex 3.94352 -13 0
    endloop
  endfacet
  facet normal -0.893218 -0.449624 0
    outer loop
      vertex 12.2807 5.80834 0
      vertex 11.9809 6.40392 123.137
      vertex 11.9809 6.40392 0
    endloop
  endfacet
  facet normal -0.893218 -0.449624 0
    outer loop
      vertex 11.9809 6.40392 123.137
      vertex 12.2807 5.80834 0
      vertex 12.2807 5.80834 123.137
    endloop
  endfacet
  facet normal 0.724253 -0.689534 0
    outer loop
      vertex -10.0658 9.12313 123.137
      vertex -9.60604 9.60604 0
      vertex -9.60604 9.60604 123.137
    endloop
  endfacet
  facet normal 0.724253 -0.689534 0
    outer loop
      vertex -9.60604 9.60604 0
      vertex -10.0658 9.12313 123.137
      vertex -10.0658 9.12313 0
    endloop
  endfacet
  facet normal -0.997296 -0.0734876 0
    outer loop
      vertex 13.5686 0.666584 0
      vertex 13.5196 1.33156 123.137
      vertex 13.5196 1.33156 0
    endloop
  endfacet
  facet normal -0.997296 -0.0734876 0
    outer loop
      vertex 13.5196 1.33156 123.137
      vertex 13.5686 0.666584 0
      vertex 13.5686 0.666584 123.137
    endloop
  endfacet
  facet normal 0.57577 -0.817612 0
    outer loop
      vertex -8.09257 10.9116 0
      vertex -7.54742 11.2955 123.137
      vertex -8.09257 10.9116 123.137
    endloop
  endfacet
  facet normal 0.57577 -0.817612 0
    outer loop
      vertex -7.54742 11.2955 123.137
      vertex -8.09257 10.9116 0
      vertex -7.54742 11.2955 0
    endloop
  endfacet
  facet normal -0.615298 -0.788295 0
    outer loop
      vertex 8.09257 10.9116 0
      vertex 8.61823 10.5013 123.137
      vertex 8.09257 10.9116 123.137
    endloop
  endfacet
  facet normal -0.615298 -0.788295 -0
    outer loop
      vertex 8.61823 10.5013 123.137
      vertex 8.09257 10.9116 0
      vertex 8.61823 10.5013 0
    endloop
  endfacet
  facet normal -0.999697 -0.0245956 0
    outer loop
      vertex 13.585 0 0
      vertex 13.5686 0.666584 123.137
      vertex 13.5686 0.666584 0
    endloop
  endfacet
  facet normal -0.999697 -0.0245956 0
    outer loop
      vertex 13.5686 0.666584 123.137
      vertex 13.585 0 0
      vertex 13.585 0 123.137
    endloop
  endfacet
  facet normal -0.266797 -0.963753 0
    outer loop
      vertex 3.30089 13.1779 0
      vertex 3.94352 13 123.137
      vertex 3.30089 13.1779 123.137
    endloop
  endfacet
  facet normal -0.266797 -0.963753 -0
    outer loop
      vertex 3.94352 13 123.137
      vertex 3.30089 13.1779 0
      vertex 3.94352 13 0
    endloop
  endfacet
  facet normal -0.949554 -0.313603 0
    outer loop
      vertex 13 3.94352 0
      vertex 12.7909 4.57665 123.137
      vertex 12.7909 4.57665 0
    endloop
  endfacet
  facet normal -0.949554 -0.313603 0
    outer loop
      vertex 12.7909 4.57665 123.137
      vertex 13 3.94352 0
      vertex 13 3.94352 123.137
    endloop
  endfacet
  facet normal -0.949554 0.313603 0
    outer loop
      vertex 12.7909 -4.57665 0
      vertex 13 -3.94352 123.137
      vertex 13 -3.94352 0
    endloop
  endfacet
  facet normal -0.949554 0.313603 0
    outer loop
      vertex 13 -3.94352 123.137
      vertex 12.7909 -4.57665 0
      vertex 12.7909 -4.57665 123.137
    endloop
  endfacet
  facet normal -0.9757 0.219109 0
    outer loop
      vertex 13.1779 -3.30089 0
      vertex 13.324 -2.6503 123.137
      vertex 13.324 -2.6503 0
    endloop
  endfacet
  facet normal -0.9757 0.219109 0
    outer loop
      vertex 13.324 -2.6503 123.137
      vertex 13.1779 -3.30089 0
      vertex 13.1779 -3.30089 123.137
    endloop
  endfacet
  facet normal -0.313603 -0.949554 0
    outer loop
      vertex 3.94352 13 0
      vertex 4.57665 12.7909 123.137
      vertex 3.94352 13 123.137
    endloop
  endfacet
  facet normal -0.313603 -0.949554 -0
    outer loop
      vertex 4.57665 12.7909 123.137
      vertex 3.94352 13 0
      vertex 4.57665 12.7909 0
    endloop
  endfacet
  facet normal -0.0734876 -0.997296 0
    outer loop
      vertex 0.666584 13.5686 0
      vertex 1.33156 13.5196 123.137
      vertex 0.666584 13.5686 123.137
    endloop
  endfacet
  facet normal -0.0734876 -0.997296 -0
    outer loop
      vertex 1.33156 13.5196 123.137
      vertex 0.666584 13.5686 0
      vertex 1.33156 13.5196 0
    endloop
  endfacet
  facet normal -0.405225 -0.914217 0
    outer loop
      vertex 5.19875 12.5509 0
      vertex 5.80834 12.2807 123.137
      vertex 5.19875 12.5509 123.137
    endloop
  endfacet
  facet normal -0.405225 -0.914217 -0
    outer loop
      vertex 5.80834 12.2807 123.137
      vertex 5.19875 12.5509 0
      vertex 5.80834 12.2807 0
    endloop
  endfacet
  facet normal 0.266797 -0.963753 0
    outer loop
      vertex -3.94352 13 0
      vertex -3.30089 13.1779 123.137
      vertex -3.94352 13 123.137
    endloop
  endfacet
  facet normal 0.266797 -0.963753 0
    outer loop
      vertex -3.30089 13.1779 123.137
      vertex -3.94352 13 0
      vertex -3.30089 13.1779 0
    endloop
  endfacet
  facet normal -0.492941 0.870063 0
    outer loop
      vertex 6.98409 -11.6522 0
      vertex 6.40392 -11.9809 123.137
      vertex 6.98409 -11.6522 123.137
    endloop
  endfacet
  facet normal -0.492941 0.870063 0
    outer loop
      vertex 6.40392 -11.9809 123.137
      vertex 6.98409 -11.6522 0
      vertex 6.40392 -11.9809 0
    endloop
  endfacet
  facet normal -0.963753 0.266797 0
    outer loop
      vertex 13 -3.94352 0
      vertex 13.1779 -3.30089 123.137
      vertex 13.1779 -3.30089 0
    endloop
  endfacet
  facet normal -0.963753 0.266797 0
    outer loop
      vertex 13.1779 -3.30089 123.137
      vertex 13 -3.94352 0
      vertex 13 -3.94352 123.137
    endloop
  endfacet
  facet normal 0.653147 0.757231 -0
    outer loop
      vertex -8.61823 -10.5013 0
      vertex -9.12313 -10.0658 123.137
      vertex -8.61823 -10.5013 123.137
    endloop
  endfacet
  facet normal 0.653147 0.757231 0
    outer loop
      vertex -9.12313 -10.0658 123.137
      vertex -8.61823 -10.5013 0
      vertex -9.12313 -10.0658 0
    endloop
  endfacet
  facet normal 0.870063 0.492941 0
    outer loop
      vertex -11.6522 -6.98409 123.137
      vertex -11.9809 -6.40392 0
      vertex -11.9809 -6.40392 123.137
    endloop
  endfacet
  facet normal 0.870063 0.492941 0
    outer loop
      vertex -11.9809 -6.40392 0
      vertex -11.6522 -6.98409 123.137
      vertex -11.6522 -6.98409 0
    endloop
  endfacet
  facet normal -0.817612 0.57577 0
    outer loop
      vertex 10.9116 -8.09257 0
      vertex 11.2955 -7.54742 123.137
      vertex 11.2955 -7.54742 0
    endloop
  endfacet
  facet normal -0.817612 0.57577 0
    outer loop
      vertex 11.2955 -7.54742 123.137
      vertex 10.9116 -8.09257 0
      vertex 10.9116 -8.09257 123.137
    endloop
  endfacet
  facet normal -0.724253 -0.689534 0
    outer loop
      vertex 10.0658 9.12313 0
      vertex 9.60604 9.60604 123.137
      vertex 9.60604 9.60604 0
    endloop
  endfacet
  facet normal -0.724253 -0.689534 0
    outer loop
      vertex 9.60604 9.60604 123.137
      vertex 10.0658 9.12313 0
      vertex 10.0658 9.12313 123.137
    endloop
  endfacet
  facet normal 0.405225 -0.914217 0
    outer loop
      vertex -5.80834 12.2807 0
      vertex -5.19875 12.5509 123.137
      vertex -5.80834 12.2807 123.137
    endloop
  endfacet
  facet normal 0.405225 -0.914217 0
    outer loop
      vertex -5.19875 12.5509 123.137
      vertex -5.80834 12.2807 0
      vertex -5.19875 12.5509 0
    endloop
  endfacet
  facet normal 0.359934 0.932978 -0
    outer loop
      vertex -4.57665 -12.7909 0
      vertex -5.19875 -12.5509 123.137
      vertex -4.57665 -12.7909 123.137
    endloop
  endfacet
  facet normal 0.359934 0.932978 0
    outer loop
      vertex -5.19875 -12.5509 123.137
      vertex -4.57665 -12.7909 0
      vertex -5.19875 -12.5509 0
    endloop
  endfacet
  facet normal -0.219109 0.9757 0
    outer loop
      vertex 3.30089 -13.1779 0
      vertex 2.6503 -13.324 123.137
      vertex 3.30089 -13.1779 123.137
    endloop
  endfacet
  facet normal -0.219109 0.9757 0
    outer loop
      vertex 2.6503 -13.324 123.137
      vertex 3.30089 -13.1779 0
      vertex 2.6503 -13.324 0
    endloop
  endfacet
  facet normal -0.9757 -0.219109 0
    outer loop
      vertex 13.324 2.6503 0
      vertex 13.1779 3.30089 123.137
      vertex 13.1779 3.30089 0
    endloop
  endfacet
  facet normal -0.9757 -0.219109 0
    outer loop
      vertex 13.1779 3.30089 123.137
      vertex 13.324 2.6503 0
      vertex 13.324 2.6503 123.137
    endloop
  endfacet
  facet normal -0.997296 0.0734876 0
    outer loop
      vertex 13.5196 -1.33156 0
      vertex 13.5686 -0.666584 123.137
      vertex 13.5686 -0.666584 0
    endloop
  endfacet
  facet normal -0.997296 0.0734876 0
    outer loop
      vertex 13.5686 -0.666584 123.137
      vertex 13.5196 -1.33156 0
      vertex 13.5196 -1.33156 123.137
    endloop
  endfacet
  facet normal 0.985276 0.170969 0
    outer loop
      vertex -13.324 -2.6503 123.137
      vertex -13.438 -1.99333 0
      vertex -13.438 -1.99333 123.137
    endloop
  endfacet
  facet normal 0.985276 0.170969 0
    outer loop
      vertex -13.438 -1.99333 0
      vertex -13.324 -2.6503 123.137
      vertex -13.324 -2.6503 0
    endloop
  endfacet
  facet normal -0.992483 -0.122379 0
    outer loop
      vertex 13.5196 1.33156 0
      vertex 13.438 1.99333 123.137
      vertex 13.438 1.99333 0
    endloop
  endfacet
  facet normal -0.992483 -0.122379 0
    outer loop
      vertex 13.438 1.99333 123.137
      vertex 13.5196 1.33156 0
      vertex 13.5196 1.33156 123.137
    endloop
  endfacet
  facet normal -0.724253 0.689534 0
    outer loop
      vertex 9.60604 -9.60604 0
      vertex 10.0658 -9.12313 123.137
      vertex 10.0658 -9.12313 0
    endloop
  endfacet
  facet normal -0.724253 0.689534 0
    outer loop
      vertex 10.0658 -9.12313 123.137
      vertex 9.60604 -9.60604 0
      vertex 9.60604 -9.60604 123.137
    endloop
  endfacet
  facet normal 0.653147 -0.757231 0
    outer loop
      vertex -9.12313 10.0658 0
      vertex -8.61823 10.5013 123.137
      vertex -9.12313 10.0658 123.137
    endloop
  endfacet
  facet normal 0.653147 -0.757231 0
    outer loop
      vertex -8.61823 10.5013 123.137
      vertex -9.12313 10.0658 0
      vertex -8.61823 10.5013 0
    endloop
  endfacet
  facet normal 0.313603 0.949554 -0
    outer loop
      vertex -3.94352 -13 0
      vertex -4.57665 -12.7909 123.137
      vertex -3.94352 -13 123.137
    endloop
  endfacet
  facet normal 0.313603 0.949554 0
    outer loop
      vertex -4.57665 -12.7909 123.137
      vertex -3.94352 -13 0
      vertex -4.57665 -12.7909 0
    endloop
  endfacet
  facet normal 0.893218 0.449624 0
    outer loop
      vertex -11.9809 -6.40392 123.137
      vertex -12.2807 -5.80834 0
      vertex -12.2807 -5.80834 123.137
    endloop
  endfacet
  facet normal 0.893218 0.449624 0
    outer loop
      vertex -12.2807 -5.80834 0
      vertex -11.9809 -6.40392 123.137
      vertex -11.9809 -6.40392 0
    endloop
  endfacet
  facet normal 0.170969 -0.985276 0
    outer loop
      vertex -2.6503 13.324 0
      vertex -1.99333 13.438 123.137
      vertex -2.6503 13.324 123.137
    endloop
  endfacet
  facet normal 0.170969 -0.985276 0
    outer loop
      vertex -1.99333 13.438 123.137
      vertex -2.6503 13.324 0
      vertex -1.99333 13.438 0
    endloop
  endfacet
  facet normal -0.405225 0.914217 0
    outer loop
      vertex 5.80834 -12.2807 0
      vertex 5.19875 -12.5509 123.137
      vertex 5.80834 -12.2807 123.137
    endloop
  endfacet
  facet normal -0.405225 0.914217 0
    outer loop
      vertex 5.19875 -12.5509 123.137
      vertex 5.80834 -12.2807 0
      vertex 5.19875 -12.5509 0
    endloop
  endfacet
  facet normal -0.534971 -0.84487 0
    outer loop
      vertex 6.98409 11.6522 0
      vertex 7.54742 11.2955 123.137
      vertex 6.98409 11.6522 123.137
    endloop
  endfacet
  facet normal -0.534971 -0.84487 -0
    outer loop
      vertex 7.54742 11.2955 123.137
      vertex 6.98409 11.6522 0
      vertex 7.54742 11.2955 0
    endloop
  endfacet
  facet normal 0.757231 -0.653147 0
    outer loop
      vertex -10.5013 8.61823 123.137
      vertex -10.0658 9.12313 0
      vertex -10.0658 9.12313 123.137
    endloop
  endfacet
  facet normal 0.757231 -0.653147 0
    outer loop
      vertex -10.0658 9.12313 0
      vertex -10.5013 8.61823 123.137
      vertex -10.5013 8.61823 0
    endloop
  endfacet
  facet normal -0.0734876 0.997296 0
    outer loop
      vertex 1.33156 -13.5196 0
      vertex 0.666584 -13.5686 123.137
      vertex 1.33156 -13.5196 123.137
    endloop
  endfacet
  facet normal -0.0734876 0.997296 0
    outer loop
      vertex 0.666584 -13.5686 123.137
      vertex 1.33156 -13.5196 0
      vertex 0.666584 -13.5686 0
    endloop
  endfacet
  facet normal -0.122379 0.992483 0
    outer loop
      vertex 1.99333 -13.438 0
      vertex 1.33156 -13.5196 123.137
      vertex 1.99333 -13.438 123.137
    endloop
  endfacet
  facet normal -0.122379 0.992483 0
    outer loop
      vertex 1.33156 -13.5196 123.137
      vertex 1.99333 -13.438 0
      vertex 1.33156 -13.5196 0
    endloop
  endfacet
  facet normal -0.817612 -0.57577 0
    outer loop
      vertex 11.2955 7.54742 0
      vertex 10.9116 8.09257 123.137
      vertex 10.9116 8.09257 0
    endloop
  endfacet
  facet normal -0.817612 -0.57577 0
    outer loop
      vertex 10.9116 8.09257 123.137
      vertex 11.2955 7.54742 0
      vertex 11.2955 7.54742 123.137
    endloop
  endfacet
  facet normal -0.932978 0.359934 0
    outer loop
      vertex 12.5509 -5.19875 0
      vertex 12.7909 -4.57665 123.137
      vertex 12.7909 -4.57665 0
    endloop
  endfacet
  facet normal -0.932978 0.359934 0
    outer loop
      vertex 12.7909 -4.57665 123.137
      vertex 12.5509 -5.19875 0
      vertex 12.5509 -5.19875 123.137
    endloop
  endfacet
  facet normal 0.689534 -0.724253 0
    outer loop
      vertex -9.60604 9.60604 0
      vertex -9.12313 10.0658 123.137
      vertex -9.60604 9.60604 123.137
    endloop
  endfacet
  facet normal 0.689534 -0.724253 0
    outer loop
      vertex -9.12313 10.0658 123.137
      vertex -9.60604 9.60604 0
      vertex -9.12313 10.0658 0
    endloop
  endfacet
  facet normal 0.615298 -0.788295 0
    outer loop
      vertex -8.61823 10.5013 0
      vertex -8.09257 10.9116 123.137
      vertex -8.61823 10.5013 123.137
    endloop
  endfacet
  facet normal 0.615298 -0.788295 0
    outer loop
      vertex -8.09257 10.9116 123.137
      vertex -8.61823 10.5013 0
      vertex -8.09257 10.9116 0
    endloop
  endfacet
  facet normal -0.359934 -0.932978 0
    outer loop
      vertex 4.57665 12.7909 0
      vertex 5.19875 12.5509 123.137
      vertex 4.57665 12.7909 123.137
    endloop
  endfacet
  facet normal -0.359934 -0.932978 -0
    outer loop
      vertex 5.19875 12.5509 123.137
      vertex 4.57665 12.7909 0
      vertex 5.19875 12.5509 0
    endloop
  endfacet
  facet normal 0.689534 0.724253 -0
    outer loop
      vertex -9.12313 -10.0658 0
      vertex -9.60604 -9.60604 123.137
      vertex -9.12313 -10.0658 123.137
    endloop
  endfacet
  facet normal 0.689534 0.724253 0
    outer loop
      vertex -9.60604 -9.60604 123.137
      vertex -9.12313 -10.0658 0
      vertex -9.60604 -9.60604 0
    endloop
  endfacet
  facet normal -0.170969 -0.985276 0
    outer loop
      vertex 1.99333 13.438 0
      vertex 2.6503 13.324 123.137
      vertex 1.99333 13.438 123.137
    endloop
  endfacet
  facet normal -0.170969 -0.985276 -0
    outer loop
      vertex 2.6503 13.324 123.137
      vertex 1.99333 13.438 0
      vertex 2.6503 13.324 0
    endloop
  endfacet
  facet normal -0.985276 0.170969 0
    outer loop
      vertex 13.324 -2.6503 0
      vertex 13.438 -1.99333 123.137
      vertex 13.438 -1.99333 0
    endloop
  endfacet
  facet normal -0.985276 0.170969 0
    outer loop
      vertex 13.438 -1.99333 123.137
      vertex 13.324 -2.6503 0
      vertex 13.324 -2.6503 123.137
    endloop
  endfacet
  facet normal 0.0734876 0.997296 -0
    outer loop
      vertex -0.666584 -13.5686 0
      vertex -1.33156 -13.5196 123.137
      vertex -0.666584 -13.5686 123.137
    endloop
  endfacet
  facet normal 0.0734876 0.997296 0
    outer loop
      vertex -1.33156 -13.5196 123.137
      vertex -0.666584 -13.5686 0
      vertex -1.33156 -13.5196 0
    endloop
  endfacet
  facet normal 0.817612 0.57577 0
    outer loop
      vertex -10.9116 -8.09257 123.137
      vertex -11.2955 -7.54742 0
      vertex -11.2955 -7.54742 123.137
    endloop
  endfacet
  facet normal 0.817612 0.57577 0
    outer loop
      vertex -11.2955 -7.54742 0
      vertex -10.9116 -8.09257 123.137
      vertex -10.9116 -8.09257 0
    endloop
  endfacet
  facet normal 0.0245956 0.999697 -0
    outer loop
      vertex 0 -13.585 0
      vertex -0.666584 -13.5686 123.137
      vertex 0 -13.585 123.137
    endloop
  endfacet
  facet normal 0.0245956 0.999697 0
    outer loop
      vertex -0.666584 -13.5686 123.137
      vertex 0 -13.585 0
      vertex -0.666584 -13.5686 0
    endloop
  endfacet
  facet normal 0.534971 -0.84487 0
    outer loop
      vertex -7.54742 11.2955 0
      vertex -6.98409 11.6522 123.137
      vertex -7.54742 11.2955 123.137
    endloop
  endfacet
  facet normal 0.534971 -0.84487 0
    outer loop
      vertex -6.98409 11.6522 123.137
      vertex -7.54742 11.2955 0
      vertex -6.98409 11.6522 0
    endloop
  endfacet
  facet normal -0.870063 -0.492941 0
    outer loop
      vertex 11.9809 6.40392 0
      vertex 11.6522 6.98409 123.137
      vertex 11.6522 6.98409 0
    endloop
  endfacet
  facet normal -0.870063 -0.492941 0
    outer loop
      vertex 11.6522 6.98409 123.137
      vertex 11.9809 6.40392 0
      vertex 11.9809 6.40392 123.137
    endloop
  endfacet
  facet normal 0.893218 -0.449624 0
    outer loop
      vertex -12.2807 5.80834 123.137
      vertex -11.9809 6.40392 0
      vertex -11.9809 6.40392 123.137
    endloop
  endfacet
  facet normal 0.893218 -0.449624 0
    outer loop
      vertex -11.9809 6.40392 0
      vertex -12.2807 5.80834 123.137
      vertex -12.2807 5.80834 0
    endloop
  endfacet
  facet normal -0.999697 0.0245956 0
    outer loop
      vertex 13.5686 -0.666584 0
      vertex 13.585 0 123.137
      vertex 13.585 0 0
    endloop
  endfacet
  facet normal -0.999697 0.0245956 0
    outer loop
      vertex 13.585 0 123.137
      vertex 13.5686 -0.666584 0
      vertex 13.5686 -0.666584 123.137
    endloop
  endfacet
  facet normal 0.122379 -0.992483 0
    outer loop
      vertex -1.99333 13.438 0
      vertex -1.33156 13.5196 123.137
      vertex -1.99333 13.438 123.137
    endloop
  endfacet
  facet normal 0.122379 -0.992483 0
    outer loop
      vertex -1.33156 13.5196 123.137
      vertex -1.99333 13.438 0
      vertex -1.33156 13.5196 0
    endloop
  endfacet
  facet normal 0.0245956 -0.999697 0
    outer loop
      vertex -0.666584 13.5686 0
      vertex 0 13.585 123.137
      vertex -0.666584 13.5686 123.137
    endloop
  endfacet
  facet normal 0.0245956 -0.999697 0
    outer loop
      vertex 0 13.585 123.137
      vertex -0.666584 13.5686 0
      vertex 0 13.585 0
    endloop
  endfacet
  facet normal -0.689534 0.724253 0
    outer loop
      vertex 9.60604 -9.60604 0
      vertex 9.12313 -10.0658 123.137
      vertex 9.60604 -9.60604 123.137
    endloop
  endfacet
  facet normal -0.689534 0.724253 0
    outer loop
      vertex 9.12313 -10.0658 123.137
      vertex 9.60604 -9.60604 0
      vertex 9.12313 -10.0658 0
    endloop
  endfacet
  facet normal 0.219109 -0.9757 0
    outer loop
      vertex -3.30089 13.1779 0
      vertex -2.6503 13.324 123.137
      vertex -3.30089 13.1779 123.137
    endloop
  endfacet
  facet normal 0.219109 -0.9757 0
    outer loop
      vertex -2.6503 13.324 123.137
      vertex -3.30089 13.1779 0
      vertex -2.6503 13.324 0
    endloop
  endfacet
  facet normal 0.932978 -0.359934 0
    outer loop
      vertex -12.7909 4.57665 123.137
      vertex -12.5509 5.19875 0
      vertex -12.5509 5.19875 123.137
    endloop
  endfacet
  facet normal 0.932978 -0.359934 0
    outer loop
      vertex -12.5509 5.19875 0
      vertex -12.7909 4.57665 123.137
      vertex -12.7909 4.57665 0
    endloop
  endfacet
  facet normal 0.122379 0.992483 -0
    outer loop
      vertex -1.33156 -13.5196 0
      vertex -1.99333 -13.438 123.137
      vertex -1.33156 -13.5196 123.137
    endloop
  endfacet
  facet normal 0.122379 0.992483 0
    outer loop
      vertex -1.99333 -13.438 123.137
      vertex -1.33156 -13.5196 0
      vertex -1.99333 -13.438 0
    endloop
  endfacet
  facet normal 0.997296 0.0734876 0
    outer loop
      vertex -13.5196 -1.33156 123.137
      vertex -13.5686 -0.666584 0
      vertex -13.5686 -0.666584 123.137
    endloop
  endfacet
  facet normal 0.997296 0.0734876 0
    outer loop
      vertex -13.5686 -0.666584 0
      vertex -13.5196 -1.33156 123.137
      vertex -13.5196 -1.33156 0
    endloop
  endfacet
  facet normal -0.985276 -0.170969 0
    outer loop
      vertex 13.438 1.99333 0
      vertex 13.324 2.6503 123.137
      vertex 13.324 2.6503 0
    endloop
  endfacet
  facet normal -0.985276 -0.170969 0
    outer loop
      vertex 13.324 2.6503 123.137
      vertex 13.438 1.99333 0
      vertex 13.438 1.99333 123.137
    endloop
  endfacet
  facet normal -0.0245956 0.999697 0
    outer loop
      vertex 0.666584 -13.5686 0
      vertex 0 -13.585 123.137
      vertex 0.666584 -13.5686 123.137
    endloop
  endfacet
  facet normal -0.0245956 0.999697 0
    outer loop
      vertex 0 -13.585 123.137
      vertex 0.666584 -13.5686 0
      vertex 0 -13.585 0
    endloop
  endfacet
  facet normal 0.449624 0.893218 -0
    outer loop
      vertex -5.80834 -12.2807 0
      vertex -6.40392 -11.9809 123.137
      vertex -5.80834 -12.2807 123.137
    endloop
  endfacet
  facet normal 0.449624 0.893218 0
    outer loop
      vertex -6.40392 -11.9809 123.137
      vertex -5.80834 -12.2807 0
      vertex -6.40392 -11.9809 0
    endloop
  endfacet
  facet normal 0.84487 0.534971 0
    outer loop
      vertex -11.2955 -7.54742 123.137
      vertex -11.6522 -6.98409 0
      vertex -11.6522 -6.98409 123.137
    endloop
  endfacet
  facet normal 0.84487 0.534971 0
    outer loop
      vertex -11.6522 -6.98409 0
      vertex -11.2955 -7.54742 123.137
      vertex -11.2955 -7.54742 0
    endloop
  endfacet
  facet normal 0.615298 0.788295 -0
    outer loop
      vertex -8.09257 -10.9116 0
      vertex -8.61823 -10.5013 123.137
      vertex -8.09257 -10.9116 123.137
    endloop
  endfacet
  facet normal 0.615298 0.788295 0
    outer loop
      vertex -8.61823 -10.5013 123.137
      vertex -8.09257 -10.9116 0
      vertex -8.61823 -10.5013 0
    endloop
  endfacet
  facet normal 0.932978 0.359934 0
    outer loop
      vertex -12.5509 -5.19875 123.137
      vertex -12.7909 -4.57665 0
      vertex -12.7909 -4.57665 123.137
    endloop
  endfacet
  facet normal 0.932978 0.359934 0
    outer loop
      vertex -12.7909 -4.57665 0
      vertex -12.5509 -5.19875 123.137
      vertex -12.5509 -5.19875 0
    endloop
  endfacet
  facet normal 0.992483 -0.122379 0
    outer loop
      vertex -13.5196 1.33156 123.137
      vertex -13.438 1.99333 0
      vertex -13.438 1.99333 123.137
    endloop
  endfacet
  facet normal 0.992483 -0.122379 0
    outer loop
      vertex -13.438 1.99333 0
      vertex -13.5196 1.33156 123.137
      vertex -13.5196 1.33156 0
    endloop
  endfacet
  facet normal 0.492941 0.870063 -0
    outer loop
      vertex -6.40392 -11.9809 0
      vertex -6.98409 -11.6522 123.137
      vertex -6.40392 -11.9809 123.137
    endloop
  endfacet
  facet normal 0.492941 0.870063 0
    outer loop
      vertex -6.98409 -11.6522 123.137
      vertex -6.40392 -11.9809 0
      vertex -6.98409 -11.6522 0
    endloop
  endfacet
  facet normal -0.653147 -0.757231 0
    outer loop
      vertex 8.61823 10.5013 0
      vertex 9.12313 10.0658 123.137
      vertex 8.61823 10.5013 123.137
    endloop
  endfacet
  facet normal -0.653147 -0.757231 -0
    outer loop
      vertex 9.12313 10.0658 123.137
      vertex 8.61823 10.5013 0
      vertex 9.12313 10.0658 0
    endloop
  endfacet
  facet normal 0.9757 -0.219109 0
    outer loop
      vertex -13.324 2.6503 123.137
      vertex -13.1779 3.30089 0
      vertex -13.1779 3.30089 123.137
    endloop
  endfacet
  facet normal 0.9757 -0.219109 0
    outer loop
      vertex -13.1779 3.30089 0
      vertex -13.324 2.6503 123.137
      vertex -13.324 2.6503 0
    endloop
  endfacet
  facet normal -0.963753 -0.266797 0
    outer loop
      vertex 13.1779 3.30089 0
      vertex 13 3.94352 123.137
      vertex 13 3.94352 0
    endloop
  endfacet
  facet normal -0.963753 -0.266797 0
    outer loop
      vertex 13 3.94352 123.137
      vertex 13.1779 3.30089 0
      vertex 13.1779 3.30089 123.137
    endloop
  endfacet
  facet normal -0.84487 -0.534971 0
    outer loop
      vertex 11.6522 6.98409 0
      vertex 11.2955 7.54742 123.137
      vertex 11.2955 7.54742 0
    endloop
  endfacet
  facet normal -0.84487 -0.534971 0
    outer loop
      vertex 11.2955 7.54742 123.137
      vertex 11.6522 6.98409 0
      vertex 11.6522 6.98409 123.137
    endloop
  endfacet
  facet normal 0.997296 -0.0734876 0
    outer loop
      vertex -13.5686 0.666584 123.137
      vertex -13.5196 1.33156 0
      vertex -13.5196 1.33156 123.137
    endloop
  endfacet
  facet normal 0.997296 -0.0734876 0
    outer loop
      vertex -13.5196 1.33156 0
      vertex -13.5686 0.666584 123.137
      vertex -13.5686 0.666584 0
    endloop
  endfacet
  facet normal -0.615298 0.788295 0
    outer loop
      vertex 8.61823 -10.5013 0
      vertex 8.09257 -10.9116 123.137
      vertex 8.61823 -10.5013 123.137
    endloop
  endfacet
  facet normal -0.615298 0.788295 0
    outer loop
      vertex 8.09257 -10.9116 123.137
      vertex 8.61823 -10.5013 0
      vertex 8.09257 -10.9116 0
    endloop
  endfacet
  facet normal 0.870063 -0.492941 0
    outer loop
      vertex -11.9809 6.40392 123.137
      vertex -11.6522 6.98409 0
      vertex -11.6522 6.98409 123.137
    endloop
  endfacet
  facet normal 0.870063 -0.492941 0
    outer loop
      vertex -11.6522 6.98409 0
      vertex -11.9809 6.40392 123.137
      vertex -11.9809 6.40392 0
    endloop
  endfacet
  facet normal 0.949554 0.313603 0
    outer loop
      vertex -12.7909 -4.57665 123.137
      vertex -13 -3.94352 0
      vertex -13 -3.94352 123.137
    endloop
  endfacet
  facet normal 0.949554 0.313603 0
    outer loop
      vertex -13 -3.94352 0
      vertex -12.7909 -4.57665 123.137
      vertex -12.7909 -4.57665 0
    endloop
  endfacet
  facet normal 0.405225 0.914217 -0
    outer loop
      vertex -5.19875 -12.5509 0
      vertex -5.80834 -12.2807 123.137
      vertex -5.19875 -12.5509 123.137
    endloop
  endfacet
  facet normal 0.405225 0.914217 0
    outer loop
      vertex -5.80834 -12.2807 123.137
      vertex -5.19875 -12.5509 0
      vertex -5.80834 -12.2807 0
    endloop
  endfacet
  facet normal 0.914217 0.405225 0
    outer loop
      vertex -12.2807 -5.80834 123.137
      vertex -12.5509 -5.19875 0
      vertex -12.5509 -5.19875 123.137
    endloop
  endfacet
  facet normal 0.914217 0.405225 0
    outer loop
      vertex -12.5509 -5.19875 0
      vertex -12.2807 -5.80834 123.137
      vertex -12.2807 -5.80834 0
    endloop
  endfacet
  facet normal 0.359934 -0.932978 0
    outer loop
      vertex -5.19875 12.5509 0
      vertex -4.57665 12.7909 123.137
      vertex -5.19875 12.5509 123.137
    endloop
  endfacet
  facet normal 0.359934 -0.932978 0
    outer loop
      vertex -4.57665 12.7909 123.137
      vertex -5.19875 12.5509 0
      vertex -4.57665 12.7909 0
    endloop
  endfacet
  facet normal 0.992483 0.122379 0
    outer loop
      vertex -13.438 -1.99333 123.137
      vertex -13.5196 -1.33156 0
      vertex -13.5196 -1.33156 123.137
    endloop
  endfacet
  facet normal 0.992483 0.122379 0
    outer loop
      vertex -13.5196 -1.33156 0
      vertex -13.438 -1.99333 123.137
      vertex -13.438 -1.99333 0
    endloop
  endfacet
  facet normal -0.449624 -0.893218 0
    outer loop
      vertex 5.80834 12.2807 0
      vertex 6.40392 11.9809 123.137
      vertex 5.80834 12.2807 123.137
    endloop
  endfacet
  facet normal -0.449624 -0.893218 -0
    outer loop
      vertex 6.40392 11.9809 123.137
      vertex 5.80834 12.2807 0
      vertex 6.40392 11.9809 0
    endloop
  endfacet
  facet normal -0.57577 -0.817612 0
    outer loop
      vertex 7.54742 11.2955 0
      vertex 8.09257 10.9116 123.137
      vertex 7.54742 11.2955 123.137
    endloop
  endfacet
  facet normal -0.57577 -0.817612 -0
    outer loop
      vertex 8.09257 10.9116 123.137
      vertex 7.54742 11.2955 0
      vertex 8.09257 10.9116 0
    endloop
  endfacet
  facet normal 0.963753 -0.266797 0
    outer loop
      vertex -13.1779 3.30089 123.137
      vertex -13 3.94352 0
      vertex -13 3.94352 123.137
    endloop
  endfacet
  facet normal 0.963753 -0.266797 0
    outer loop
      vertex -13 3.94352 0
      vertex -13.1779 3.30089 123.137
      vertex -13.1779 3.30089 0
    endloop
  endfacet
  facet normal -0.757231 -0.653147 0
    outer loop
      vertex 10.5013 8.61823 0
      vertex 10.0658 9.12313 123.137
      vertex 10.0658 9.12313 0
    endloop
  endfacet
  facet normal -0.757231 -0.653147 0
    outer loop
      vertex 10.0658 9.12313 123.137
      vertex 10.5013 8.61823 0
      vertex 10.5013 8.61823 123.137
    endloop
  endfacet
  facet normal -0.992483 0.122379 0
    outer loop
      vertex 13.438 -1.99333 0
      vertex 13.5196 -1.33156 123.137
      vertex 13.5196 -1.33156 0
    endloop
  endfacet
  facet normal -0.992483 0.122379 0
    outer loop
      vertex 13.5196 -1.33156 123.137
      vertex 13.438 -1.99333 0
      vertex 13.438 -1.99333 123.137
    endloop
  endfacet
  facet normal 0.0734876 -0.997296 0
    outer loop
      vertex -1.33156 13.5196 0
      vertex -0.666584 13.5686 123.137
      vertex -1.33156 13.5196 123.137
    endloop
  endfacet
  facet normal 0.0734876 -0.997296 0
    outer loop
      vertex -0.666584 13.5686 123.137
      vertex -1.33156 13.5196 0
      vertex -0.666584 13.5686 0
    endloop
  endfacet
  facet normal -0.870063 0.492941 0
    outer loop
      vertex 11.6522 -6.98409 0
      vertex 11.9809 -6.40392 123.137
      vertex 11.9809 -6.40392 0
    endloop
  endfacet
  facet normal -0.870063 0.492941 0
    outer loop
      vertex 11.9809 -6.40392 123.137
      vertex 11.6522 -6.98409 0
      vertex 11.6522 -6.98409 123.137
    endloop
  endfacet
  facet normal -0.932978 -0.359934 0
    outer loop
      vertex 12.7909 4.57665 0
      vertex 12.5509 5.19875 123.137
      vertex 12.5509 5.19875 0
    endloop
  endfacet
  facet normal -0.932978 -0.359934 0
    outer loop
      vertex 12.5509 5.19875 123.137
      vertex 12.7909 4.57665 0
      vertex 12.7909 4.57665 123.137
    endloop
  endfacet
  facet normal -0.122379 -0.992483 0
    outer loop
      vertex 1.33156 13.5196 0
      vertex 1.99333 13.438 123.137
      vertex 1.33156 13.5196 123.137
    endloop
  endfacet
  facet normal -0.122379 -0.992483 -0
    outer loop
      vertex 1.99333 13.438 123.137
      vertex 1.33156 13.5196 0
      vertex 1.99333 13.438 0
    endloop
  endfacet
  facet normal -0.757231 0.653147 0
    outer loop
      vertex 10.0658 -9.12313 0
      vertex 10.5013 -8.61823 123.137
      vertex 10.5013 -8.61823 0
    endloop
  endfacet
  facet normal -0.757231 0.653147 0
    outer loop
      vertex 10.5013 -8.61823 123.137
      vertex 10.0658 -9.12313 0
      vertex 10.0658 -9.12313 123.137
    endloop
  endfacet
  facet normal 0.963753 0.266797 0
    outer loop
      vertex -13 -3.94352 123.137
      vertex -13.1779 -3.30089 0
      vertex -13.1779 -3.30089 123.137
    endloop
  endfacet
  facet normal 0.963753 0.266797 0
    outer loop
      vertex -13.1779 -3.30089 0
      vertex -13 -3.94352 123.137
      vertex -13 -3.94352 0
    endloop
  endfacet
  facet normal 0.266797 0.963753 -0
    outer loop
      vertex -3.30089 -13.1779 0
      vertex -3.94352 -13 123.137
      vertex -3.30089 -13.1779 123.137
    endloop
  endfacet
  facet normal 0.266797 0.963753 0
    outer loop
      vertex -3.94352 -13 123.137
      vertex -3.30089 -13.1779 0
      vertex -3.94352 -13 0
    endloop
  endfacet
  facet normal -0.359934 0.932978 0
    outer loop
      vertex 5.19875 -12.5509 0
      vertex 4.57665 -12.7909 123.137
      vertex 5.19875 -12.5509 123.137
    endloop
  endfacet
  facet normal -0.359934 0.932978 0
    outer loop
      vertex 4.57665 -12.7909 123.137
      vertex 5.19875 -12.5509 0
      vertex 4.57665 -12.7909 0
    endloop
  endfacet
  facet normal 0.788295 0.615298 0
    outer loop
      vertex -10.5013 -8.61823 123.137
      vertex -10.9116 -8.09257 0
      vertex -10.9116 -8.09257 123.137
    endloop
  endfacet
  facet normal 0.788295 0.615298 0
    outer loop
      vertex -10.9116 -8.09257 0
      vertex -10.5013 -8.61823 123.137
      vertex -10.5013 -8.61823 0
    endloop
  endfacet
  facet normal 0.985276 -0.170969 0
    outer loop
      vertex -13.438 1.99333 123.137
      vertex -13.324 2.6503 0
      vertex -13.324 2.6503 123.137
    endloop
  endfacet
  facet normal 0.985276 -0.170969 0
    outer loop
      vertex -13.324 2.6503 0
      vertex -13.438 1.99333 123.137
      vertex -13.438 1.99333 0
    endloop
  endfacet
  facet normal -0.449624 0.893218 0
    outer loop
      vertex 6.40392 -11.9809 0
      vertex 5.80834 -12.2807 123.137
      vertex 6.40392 -11.9809 123.137
    endloop
  endfacet
  facet normal -0.449624 0.893218 0
    outer loop
      vertex 5.80834 -12.2807 123.137
      vertex 6.40392 -11.9809 0
      vertex 5.80834 -12.2807 0
    endloop
  endfacet
  facet normal -0.914217 0.405225 0
    outer loop
      vertex 12.2807 -5.80834 0
      vertex 12.5509 -5.19875 123.137
      vertex 12.5509 -5.19875 0
    endloop
  endfacet
  facet normal -0.914217 0.405225 0
    outer loop
      vertex 12.5509 -5.19875 123.137
      vertex 12.2807 -5.80834 0
      vertex 12.2807 -5.80834 123.137
    endloop
  endfacet
  facet normal 0.170969 0.985276 -0
    outer loop
      vertex -1.99333 -13.438 0
      vertex -2.6503 -13.324 123.137
      vertex -1.99333 -13.438 123.137
    endloop
  endfacet
  facet normal 0.170969 0.985276 0
    outer loop
      vertex -2.6503 -13.324 123.137
      vertex -1.99333 -13.438 0
      vertex -2.6503 -13.324 0
    endloop
  endfacet
  facet normal 0.949554 -0.313603 0
    outer loop
      vertex -13 3.94352 123.137
      vertex -12.7909 4.57665 0
      vertex -12.7909 4.57665 123.137
    endloop
  endfacet
  facet normal 0.949554 -0.313603 0
    outer loop
      vertex -12.7909 4.57665 0
      vertex -13 3.94352 123.137
      vertex -13 3.94352 0
    endloop
  endfacet
  facet normal 0.724253 0.689534 0
    outer loop
      vertex -9.60604 -9.60604 123.137
      vertex -10.0658 -9.12313 0
      vertex -10.0658 -9.12313 123.137
    endloop
  endfacet
  facet normal 0.724253 0.689534 0
    outer loop
      vertex -10.0658 -9.12313 0
      vertex -9.60604 -9.60604 123.137
      vertex -9.60604 -9.60604 0
    endloop
  endfacet
  facet normal -0.689534 -0.724253 0
    outer loop
      vertex 9.12313 10.0658 0
      vertex 9.60604 9.60604 123.137
      vertex 9.12313 10.0658 123.137
    endloop
  endfacet
  facet normal -0.689534 -0.724253 -0
    outer loop
      vertex 9.60604 9.60604 123.137
      vertex 9.12313 10.0658 0
      vertex 9.60604 9.60604 0
    endloop
  endfacet
  facet normal 0.817612 -0.57577 0
    outer loop
      vertex -11.2955 7.54742 123.137
      vertex -10.9116 8.09257 0
      vertex -10.9116 8.09257 123.137
    endloop
  endfacet
  facet normal 0.817612 -0.57577 0
    outer loop
      vertex -10.9116 8.09257 0
      vertex -11.2955 7.54742 123.137
      vertex -11.2955 7.54742 0
    endloop
  endfacet
  facet normal 0.449624 -0.893218 0
    outer loop
      vertex -6.40392 11.9809 0
      vertex -5.80834 12.2807 123.137
      vertex -6.40392 11.9809 123.137
    endloop
  endfacet
  facet normal 0.449624 -0.893218 0
    outer loop
      vertex -5.80834 12.2807 123.137
      vertex -6.40392 11.9809 0
      vertex -5.80834 12.2807 0
    endloop
  endfacet
  facet normal -0.914217 -0.405225 0
    outer loop
      vertex 12.5509 5.19875 0
      vertex 12.2807 5.80834 123.137
      vertex 12.2807 5.80834 0
    endloop
  endfacet
  facet normal -0.914217 -0.405225 0
    outer loop
      vertex 12.2807 5.80834 123.137
      vertex 12.5509 5.19875 0
      vertex 12.5509 5.19875 123.137
    endloop
  endfacet
  facet normal -0.170969 0.985276 0
    outer loop
      vertex 2.6503 -13.324 0
      vertex 1.99333 -13.438 123.137
      vertex 2.6503 -13.324 123.137
    endloop
  endfacet
  facet normal -0.170969 0.985276 0
    outer loop
      vertex 1.99333 -13.438 123.137
      vertex 2.6503 -13.324 0
      vertex 1.99333 -13.438 0
    endloop
  endfacet
  facet normal -0.893218 0.449624 0
    outer loop
      vertex 11.9809 -6.40392 0
      vertex 12.2807 -5.80834 123.137
      vertex 12.2807 -5.80834 0
    endloop
  endfacet
  facet normal -0.893218 0.449624 0
    outer loop
      vertex 12.2807 -5.80834 123.137
      vertex 11.9809 -6.40392 0
      vertex 11.9809 -6.40392 123.137
    endloop
  endfacet
  facet normal -0.492941 -0.870063 0
    outer loop
      vertex 6.40392 11.9809 0
      vertex 6.98409 11.6522 123.137
      vertex 6.40392 11.9809 123.137
    endloop
  endfacet
  facet normal -0.492941 -0.870063 -0
    outer loop
      vertex 6.98409 11.6522 123.137
      vertex 6.40392 11.9809 0
      vertex 6.98409 11.6522 0
    endloop
  endfacet
  facet normal -0.0245956 -0.999697 0
    outer loop
      vertex 0 13.585 0
      vertex 0.666584 13.5686 123.137
      vertex 0 13.585 123.137
    endloop
  endfacet
  facet normal -0.0245956 -0.999697 -0
    outer loop
      vertex 0.666584 13.5686 123.137
      vertex 0 13.585 0
      vertex 0.666584 13.5686 0
    endloop
  endfacet
  facet normal -0.57577 0.817612 0
    outer loop
      vertex 8.09257 -10.9116 0
      vertex 7.54742 -11.2955 123.137
      vertex 8.09257 -10.9116 123.137
    endloop
  endfacet
  facet normal -0.57577 0.817612 0
    outer loop
      vertex 7.54742 -11.2955 123.137
      vertex 8.09257 -10.9116 0
      vertex 7.54742 -11.2955 0
    endloop
  endfacet
  facet normal 0.9757 0.219109 0
    outer loop
      vertex -13.1779 -3.30089 123.137
      vertex -13.324 -2.6503 0
      vertex -13.324 -2.6503 123.137
    endloop
  endfacet
  facet normal 0.9757 0.219109 0
    outer loop
      vertex -13.324 -2.6503 0
      vertex -13.1779 -3.30089 123.137
      vertex -13.1779 -3.30089 0
    endloop
  endfacet
  facet normal -0.84487 0.534971 0
    outer loop
      vertex 11.2955 -7.54742 0
      vertex 11.6522 -6.98409 123.137
      vertex 11.6522 -6.98409 0
    endloop
  endfacet
  facet normal -0.84487 0.534971 0
    outer loop
      vertex 11.6522 -6.98409 123.137
      vertex 11.2955 -7.54742 0
      vertex 11.2955 -7.54742 123.137
    endloop
  endfacet
  facet normal 0.999697 0.0245956 0
    outer loop
      vertex -13.5686 -0.666584 123.137
      vertex -13.585 0 0
      vertex -13.585 0 123.137
    endloop
  endfacet
  facet normal 0.999697 0.0245956 0
    outer loop
      vertex -13.585 0 0
      vertex -13.5686 -0.666584 123.137
      vertex -13.5686 -0.666584 0
    endloop
  endfacet
  facet normal 0.999697 -0.0245956 0
    outer loop
      vertex -13.585 0 123.137
      vertex -13.5686 0.666584 0
      vertex -13.5686 0.666584 123.137
    endloop
  endfacet
  facet normal 0.999697 -0.0245956 0
    outer loop
      vertex -13.5686 0.666584 0
      vertex -13.585 0 123.137
      vertex -13.585 0 0
    endloop
  endfacet
  facet normal -0.534971 0.84487 0
    outer loop
      vertex 7.54742 -11.2955 0
      vertex 6.98409 -11.6522 123.137
      vertex 7.54742 -11.2955 123.137
    endloop
  endfacet
  facet normal -0.534971 0.84487 0
    outer loop
      vertex 6.98409 -11.6522 123.137
      vertex 7.54742 -11.2955 0
      vertex 6.98409 -11.6522 0
    endloop
  endfacet
  facet normal 0.313603 -0.949554 0
    outer loop
      vertex -4.57665 12.7909 0
      vertex -3.94352 13 123.137
      vertex -4.57665 12.7909 123.137
    endloop
  endfacet
  facet normal 0.313603 -0.949554 0
    outer loop
      vertex -3.94352 13 123.137
      vertex -4.57665 12.7909 0
      vertex -3.94352 13 0
    endloop
  endfacet
  facet normal -0.653147 0.757231 0
    outer loop
      vertex 9.12313 -10.0658 0
      vertex 8.61823 -10.5013 123.137
      vertex 9.12313 -10.0658 123.137
    endloop
  endfacet
  facet normal -0.653147 0.757231 0
    outer loop
      vertex 8.61823 -10.5013 123.137
      vertex 9.12313 -10.0658 0
      vertex 8.61823 -10.5013 0
    endloop
  endfacet
  facet normal 0.788295 -0.615298 0
    outer loop
      vertex -10.9116 8.09257 123.137
      vertex -10.5013 8.61823 0
      vertex -10.5013 8.61823 123.137
    endloop
  endfacet
  facet normal 0.788295 -0.615298 0
    outer loop
      vertex -10.5013 8.61823 0
      vertex -10.9116 8.09257 123.137
      vertex -10.9116 8.09257 0
    endloop
  endfacet
  facet normal 0.757231 0.653147 0
    outer loop
      vertex -10.0658 -9.12313 123.137
      vertex -10.5013 -8.61823 0
      vertex -10.5013 -8.61823 123.137
    endloop
  endfacet
  facet normal 0.757231 0.653147 0
    outer loop
      vertex -10.5013 -8.61823 0
      vertex -10.0658 -9.12313 123.137
      vertex -10.0658 -9.12313 0
    endloop
  endfacet
  facet normal 0.492941 -0.870063 0
    outer loop
      vertex -6.98409 11.6522 0
      vertex -6.40392 11.9809 123.137
      vertex -6.98409 11.6522 123.137
    endloop
  endfacet
  facet normal 0.492941 -0.870063 0
    outer loop
      vertex -6.40392 11.9809 123.137
      vertex -6.98409 11.6522 0
      vertex -6.40392 11.9809 0
    endloop
  endfacet
  facet normal 0.534971 0.84487 -0
    outer loop
      vertex -6.98409 -11.6522 0
      vertex -7.54742 -11.2955 123.137
      vertex -6.98409 -11.6522 123.137
    endloop
  endfacet
  facet normal 0.534971 0.84487 0
    outer loop
      vertex -7.54742 -11.2955 123.137
      vertex -6.98409 -11.6522 0
      vertex -7.54742 -11.2955 0
    endloop
  endfacet
  facet normal -0.266797 0.963753 0
    outer loop
      vertex 3.94352 -13 0
      vertex 3.30089 -13.1779 123.137
      vertex 3.94352 -13 123.137
    endloop
  endfacet
  facet normal -0.266797 0.963753 0
    outer loop
      vertex 3.30089 -13.1779 123.137
      vertex 3.94352 -13 0
      vertex 3.30089 -13.1779 0
    endloop
  endfacet
  facet normal -0.788295 -0.615298 0
    outer loop
      vertex 10.9116 8.09257 0
      vertex 10.5013 8.61823 123.137
      vertex 10.5013 8.61823 0
    endloop
  endfacet
  facet normal -0.788295 -0.615298 0
    outer loop
      vertex 10.5013 8.61823 123.137
      vertex 10.9116 8.09257 0
      vertex 10.9116 8.09257 123.137
    endloop
  endfacet
  facet normal 0.219109 0.9757 -0
    outer loop
      vertex -2.6503 -13.324 0
      vertex -3.30089 -13.1779 123.137
      vertex -2.6503 -13.324 123.137
    endloop
  endfacet
  facet normal 0.219109 0.9757 0
    outer loop
      vertex -3.30089 -13.1779 123.137
      vertex -2.6503 -13.324 0
      vertex -3.30089 -13.1779 0
    endloop
  endfacet
  facet normal 0.84487 -0.534971 0
    outer loop
      vertex -11.6522 6.98409 123.137
      vertex -11.2955 7.54742 0
      vertex -11.2955 7.54742 123.137
    endloop
  endfacet
  facet normal 0.84487 -0.534971 0
    outer loop
      vertex -11.2955 7.54742 0
      vertex -11.6522 6.98409 123.137
      vertex -11.6522 6.98409 0
    endloop
  endfacet
  facet normal -0.788295 0.615298 0
    outer loop
      vertex 10.5013 -8.61823 0
      vertex 10.9116 -8.09257 123.137
      vertex 10.9116 -8.09257 0
    endloop
  endfacet
  facet normal -0.788295 0.615298 0
    outer loop
      vertex 10.9116 -8.09257 123.137
      vertex 10.5013 -8.61823 0
      vertex 10.5013 -8.61823 123.137
    endloop
  endfacet
  facet normal 0.57577 0.817612 -0
    outer loop
      vertex -7.54742 -11.2955 0
      vertex -8.09257 -10.9116 123.137
      vertex -7.54742 -11.2955 123.137
    endloop
  endfacet
  facet normal 0.57577 0.817612 0
    outer loop
      vertex -8.09257 -10.9116 123.137
      vertex -7.54742 -11.2955 0
      vertex -8.09257 -10.9116 0
    endloop
  endfacet
  facet normal -0.219109 -0.9757 0
    outer loop
      vertex 2.6503 13.324 0
      vertex 3.30089 13.1779 123.137
      vertex 2.6503 13.324 123.137
    endloop
  endfacet
  facet normal -0.219109 -0.9757 -0
    outer loop
      vertex 3.30089 13.1779 123.137
      vertex 2.6503 13.324 0
      vertex 3.30089 13.1779 0
    endloop
  endfacet
  facet normal 0.914217 -0.405225 0
    outer loop
      vertex -12.5509 5.19875 123.137
      vertex -12.2807 5.80834 0
      vertex -12.2807 5.80834 123.137
    endloop
  endfacet
  facet normal 0.914217 -0.405225 0
    outer loop
      vertex -12.2807 5.80834 0
      vertex -12.5509 5.19875 123.137
      vertex -12.5509 5.19875 0
    endloop
  endfacet
  facet normal 0 0 1
    outer loop
      vertex -8.33536 24.7373 123.137
      vertex 8.33536 24.7373 123.137
      vertex 8.58344 25.167 123.137
    endloop
  endfacet
  facet normal 0 0 1
    outer loop
      vertex -6.63757 21.7966 123.137
      vertex 6.63757 21.7966 123.137
      vertex 6.96572 22.365 123.137
    endloop
  endfacet
  facet normal 0 0 1
    outer loop
      vertex 6.63757 21.7966 123.137
      vertex -6.63757 21.7966 123.137
      vertex 6.28023 21.1777 123.137
    endloop
  endfacet
  facet normal 0 0 1
    outer loop
      vertex 4.78997 18.5965 123.137
      vertex 3.94352 13 123.137
      vertex 4.57665 12.7909 123.137
    endloop
  endfacet
  facet normal 0 0 1
    outer loop
      vertex 4.78997 18.5965 123.137
      vertex 3.30089 13.1779 123.137
      vertex 3.94352 13 123.137
    endloop
  endfacet
  facet normal 0 0 1
    outer loop
      vertex 4.78997 18.5965 123.137
      vertex 2.6503 13.324 123.137
      vertex 3.30089 13.1779 123.137
    endloop
  endfacet
  facet normal 0 0 1
    outer loop
      vertex 4.78997 18.5965 123.137
      vertex 1.99333 13.438 123.137
      vertex 2.6503 13.324 123.137
    endloop
  endfacet
  facet normal 0 0 1
    outer loop
      vertex 4.78997 18.5965 123.137
      vertex 1.33156 13.5196 123.137
      vertex 1.99333 13.438 123.137
    endloop
  endfacet
  facet normal 0 0 1
    outer loop
      vertex 6.28023 21.1777 123.137
      vertex -6.28023 21.1777 123.137
      vertex 4.78997 18.5965 123.137
    endloop
  endfacet
  facet normal 0 0 1
    outer loop
      vertex 8.33536 24.7373 123.137
      vertex -8.33536 24.7373 123.137
      vertex 6.96572 22.365 123.137
    endloop
  endfacet
  facet normal 0 -0 1
    outer loop
      vertex 0 13.585 123.137
      vertex 4.78997 18.5965 123.137
      vertex -4.78997 18.5965 123.137
    endloop
  endfacet
  facet normal 0 0 1
    outer loop
      vertex 4.78997 18.5965 123.137
      vertex 0.666584 13.5686 123.137
      vertex 1.33156 13.5196 123.137
    endloop
  endfacet
  facet normal 0 0 1
    outer loop
      vertex 4.78997 18.5965 123.137
      vertex 0 13.585 123.137
      vertex 0.666584 13.5686 123.137
    endloop
  endfacet
  facet normal 0 0 1
    outer loop
      vertex 0 13.585 123.137
      vertex -4.78997 18.5965 123.137
      vertex -0.666584 13.5686 123.137
    endloop
  endfacet
  facet normal 0 0 1
    outer loop
      vertex -0.666584 13.5686 123.137
      vertex -4.78997 18.5965 123.137
      vertex -1.33156 13.5196 123.137
    endloop
  endfacet
  facet normal 0 0 1
    outer loop
      vertex -1.33156 13.5196 123.137
      vertex -4.78997 18.5965 123.137
      vertex -1.99333 13.438 123.137
    endloop
  endfacet
  facet normal 0 0 1
    outer loop
      vertex -1.99333 13.438 123.137
      vertex -4.78997 18.5965 123.137
      vertex -2.6503 13.324 123.137
    endloop
  endfacet
  facet normal 0 0 1
    outer loop
      vertex -2.6503 13.324 123.137
      vertex -4.78997 18.5965 123.137
      vertex -3.30089 13.1779 123.137
    endloop
  endfacet
  facet normal 0 0 1
    outer loop
      vertex -3.30089 13.1779 123.137
      vertex -4.78997 18.5965 123.137
      vertex -3.94352 13 123.137
    endloop
  endfacet
  facet normal 0 0 1
    outer loop
      vertex -3.94352 13 123.137
      vertex -4.78997 18.5965 123.137
      vertex -4.57665 12.7909 123.137
    endloop
  endfacet
  facet normal 0 0 1
    outer loop
      vertex 4.78997 18.5965 123.137
      vertex -6.28023 21.1777 123.137
      vertex -4.78997 18.5965 123.137
    endloop
  endfacet
  facet normal 0 0 1
    outer loop
      vertex 6.28023 21.1777 123.137
      vertex -6.63757 21.7966 123.137
      vertex -6.28023 21.1777 123.137
    endloop
  endfacet
  facet normal 0 0 1
    outer loop
      vertex 6.96572 22.365 123.137
      vertex -6.96572 22.365 123.137
      vertex -6.63757 21.7966 123.137
    endloop
  endfacet
  facet normal 0 0 1
    outer loop
      vertex 6.96572 22.365 123.137
      vertex -8.33536 24.7373 123.137
      vertex -6.96572 22.365 123.137
    endloop
  endfacet
  facet normal 0 -0 1
    outer loop
      vertex -8.33536 24.7373 123.137
      vertex 8.58344 25.167 123.137
      vertex -8.58344 25.167 123.137
    endloop
  endfacet
  facet normal -0 0 1
    outer loop
      vertex 13.5196 -1.33156 123.137
      vertex 18.5 -5.15 123.137
      vertex 13.5686 -0.666584 123.137
    endloop
  endfacet
  facet normal -0 0 1
    outer loop
      vertex 13.438 -1.99333 123.137
      vertex 18.5 -5.15 123.137
      vertex 13.5196 -1.33156 123.137
    endloop
  endfacet
  facet normal -0 0 1
    outer loop
      vertex 13.324 -2.6503 123.137
      vertex 18.5 -5.15 123.137
      vertex 13.438 -1.99333 123.137
    endloop
  endfacet
  facet normal -0 0 1
    outer loop
      vertex 13.1779 -3.30089 123.137
      vertex 18.5 -5.15 123.137
      vertex 13.324 -2.6503 123.137
    endloop
  endfacet
  facet normal -0 0 1
    outer loop
      vertex 13 -3.94352 123.137
      vertex 18.5 -5.15 123.137
      vertex 13.1779 -3.30089 123.137
    endloop
  endfacet
  facet normal -0 0 1
    outer loop
      vertex 12.7909 -4.57665 123.137
      vertex 18.5 -5.15 123.137
      vertex 13 -3.94352 123.137
    endloop
  endfacet
  facet normal 0 0 1
    outer loop
      vertex 12.5509 -5.19875 123.137
      vertex 18.5 -5.15 123.137
      vertex 12.7909 -4.57665 123.137
    endloop
  endfacet
  facet normal 0 0 1
    outer loop
      vertex 12.2807 -5.80834 123.137
      vertex 18.5 -5.15 123.137
      vertex 12.5509 -5.19875 123.137
    endloop
  endfacet
  facet normal 0 0 1
    outer loop
      vertex 11.9809 -6.40392 123.137
      vertex 18.5 -5.15 123.137
      vertex 12.2807 -5.80834 123.137
    endloop
  endfacet
  facet normal 0 0 1
    outer loop
      vertex 11.6522 -6.98409 123.137
      vertex 18.5 -5.15 123.137
      vertex 11.9809 -6.40392 123.137
    endloop
  endfacet
  facet normal 0 0 1
    outer loop
      vertex 18.5 -5.15 123.137
      vertex 11.6522 -6.98409 123.137
      vertex 13.71 -13.4465 123.137
    endloop
  endfacet
  facet normal -0 0 1
    outer loop
      vertex 11.2955 -7.54742 123.137
      vertex 13.71 -13.4465 123.137
      vertex 11.6522 -6.98409 123.137
    endloop
  endfacet
  facet normal -0 0 1
    outer loop
      vertex 10.9116 -8.09257 123.137
      vertex 13.71 -13.4465 123.137
      vertex 11.2955 -7.54742 123.137
    endloop
  endfacet
  facet normal -0 0 1
    outer loop
      vertex 10.5013 -8.61823 123.137
      vertex 13.71 -13.4465 123.137
      vertex 10.9116 -8.09257 123.137
    endloop
  endfacet
  facet normal -0 0 1
    outer loop
      vertex 10.0658 -9.12313 123.137
      vertex 13.71 -13.4465 123.137
      vertex 10.5013 -8.61823 123.137
    endloop
  endfacet
  facet normal -0 0 1
    outer loop
      vertex 9.60604 -9.60604 123.137
      vertex 13.71 -13.4465 123.137
      vertex 10.0658 -9.12313 123.137
    endloop
  endfacet
  facet normal -0 0 1
    outer loop
      vertex 9.12313 -10.0658 123.137
      vertex 13.71 -13.4465 123.137
      vertex 9.60604 -9.60604 123.137
    endloop
  endfacet
  facet normal -0 0 1
    outer loop
      vertex 8.61823 -10.5013 123.137
      vertex 13.71 -13.4465 123.137
      vertex 9.12313 -10.0658 123.137
    endloop
  endfacet
  facet normal -0 0 1
    outer loop
      vertex 8.09257 -10.9116 123.137
      vertex 13.71 -13.4465 123.137
      vertex 8.61823 -10.5013 123.137
    endloop
  endfacet
  facet normal -0 0 1
    outer loop
      vertex 7.54742 -11.2955 123.137
      vertex 13.71 -13.4465 123.137
      vertex 8.09257 -10.9116 123.137
    endloop
  endfacet
  facet normal -0 0 1
    outer loop
      vertex 6.98409 -11.6522 123.137
      vertex 13.71 -13.4465 123.137
      vertex 7.54742 -11.2955 123.137
    endloop
  endfacet
  facet normal 0 0 1
    outer loop
      vertex 4.78997 -18.5965 123.137
      vertex 6.98409 -11.6522 123.137
      vertex 6.40392 -11.9809 123.137
    endloop
  endfacet
  facet normal 0 0 1
    outer loop
      vertex 4.78997 -18.5965 123.137
      vertex 6.40392 -11.9809 123.137
      vertex 5.80834 -12.2807 123.137
    endloop
  endfacet
  facet normal 0 0 1
    outer loop
      vertex 4.78997 -18.5965 123.137
      vertex 5.80834 -12.2807 123.137
      vertex 5.19875 -12.5509 123.137
    endloop
  endfacet
  facet normal 0 0 1
    outer loop
      vertex 6.98409 -11.6522 123.137
      vertex 4.78997 -18.5965 123.137
      vertex 13.71 -13.4465 123.137
    endloop
  endfacet
  facet normal 0 -0 1
    outer loop
      vertex 4.78997 -18.5965 123.137
      vertex 5.19875 -12.5509 123.137
      vertex 4.57665 -12.7909 123.137
    endloop
  endfacet
  facet normal 0 0 1
    outer loop
      vertex 26.087 5.15 123.137
      vertex 18.763 9.94904 123.137
      vertex 18.7758 9.55719 123.137
    endloop
  endfacet
  facet normal 0 0 1
    outer loop
      vertex 26.087 5.15 123.137
      vertex 18.674 10.3309 123.137
      vertex 18.763 9.94904 123.137
    endloop
  endfacet
  facet normal 0 0 1
    outer loop
      vertex 26.087 5.15 123.137
      vertex 18.5121 10.688 123.137
      vertex 18.674 10.3309 123.137
    endloop
  endfacet
  facet normal 0 0 1
    outer loop
      vertex 17.5035 20.017 123.137
      vertex 18.5121 10.688 123.137
      vertex 26.087 5.15 123.137
    endloop
  endfacet
  facet normal 0 0 1
    outer loop
      vertex 18.5121 10.688 123.137
      vertex 17.5035 20.017 123.137
      vertex 18.2838 11.0067 123.137
    endloop
  endfacet
  facet normal -0 0 1
    outer loop
      vertex 17.2554 19.5873 123.137
      vertex 18.2838 11.0067 123.137
      vertex 17.5035 20.017 123.137
    endloop
  endfacet
  facet normal 0 0 1
    outer loop
      vertex 18.2838 11.0067 123.137
      vertex 17.2554 19.5873 123.137
      vertex 17.9976 11.2747 123.137
    endloop
  endfacet
  facet normal -0 0 1
    outer loop
      vertex 15.8858 17.215 123.137
      vertex 17.9976 11.2747 123.137
      vertex 17.2554 19.5873 123.137
    endloop
  endfacet
  facet normal 0 0 1
    outer loop
      vertex 17.9976 11.2747 123.137
      vertex 15.8858 17.215 123.137
      vertex 17.6647 11.4817 123.137
    endloop
  endfacet
  facet normal -0 0 1
    outer loop
      vertex 15.5576 16.6466 123.137
      vertex 17.6647 11.4817 123.137
      vertex 15.8858 17.215 123.137
    endloop
  endfacet
  facet normal 0 0 1
    outer loop
      vertex 17.6647 11.4817 123.137
      vertex 15.5576 16.6466 123.137
      vertex 17.2977 11.6198 123.137
    endloop
  endfacet
  facet normal -0 0 1
    outer loop
      vertex 15.2003 16.0277 123.137
      vertex 17.2977 11.6198 123.137
      vertex 15.5576 16.6466 123.137
    endloop
  endfacet
  facet normal 0 0 1
    outer loop
      vertex 17.2977 11.6198 123.137
      vertex 15.2003 16.0277 123.137
      vertex 16.9109 11.6837 123.137
    endloop
  endfacet
  facet normal 0 0 1
    outer loop
      vertex 16.9109 11.6837 123.137
      vertex 15.2003 16.0277 123.137
      vertex 16.519 11.6709 123.137
    endloop
  endfacet
  facet normal -0 0 1
    outer loop
      vertex 13.71 13.4465 123.137
      vertex 16.519 11.6709 123.137
      vertex 15.2003 16.0277 123.137
    endloop
  endfacet
  facet normal 0 0 1
    outer loop
      vertex 16.519 11.6709 123.137
      vertex 13.71 13.4465 123.137
      vertex 16.1372 11.5819 123.137
    endloop
  endfacet
  facet normal 0 0 1
    outer loop
      vertex 16.1372 11.5819 123.137
      vertex 13.71 13.4465 123.137
      vertex 15.7801 11.42 123.137
    endloop
  endfacet
  facet normal 0 0 1
    outer loop
      vertex 15.7801 11.42 123.137
      vertex 13.71 13.4465 123.137
      vertex 15.4614 11.1917 123.137
    endloop
  endfacet
  facet normal 0 0 1
    outer loop
      vertex 15.4614 11.1917 123.137
      vertex 13.71 13.4465 123.137
      vertex 15.1934 10.9055 123.137
    endloop
  endfacet
  facet normal 0 0 1
    outer loop
      vertex 15.1934 10.9055 123.137
      vertex 13.71 13.4465 123.137
      vertex 14.9863 10.5726 123.137
    endloop
  endfacet
  facet normal 0 0 1
    outer loop
      vertex 14.9863 10.5726 123.137
      vertex 13.71 13.4465 123.137
      vertex 14.8482 10.2056 123.137
    endloop
  endfacet
  facet normal 0 0 1
    outer loop
      vertex 10.0658 9.12313 123.137
      vertex 14.8482 10.2056 123.137
      vertex 13.71 13.4465 123.137
    endloop
  endfacet
  facet normal -0 0 1
    outer loop
      vertex 18.7119 9.17035 123.137
      vertex 26.087 5.15 123.137
      vertex 18.7758 9.55719 123.137
    endloop
  endfacet
  facet normal -0 0 1
    outer loop
      vertex 18.5738 8.80341 123.137
      vertex 26.087 5.15 123.137
      vertex 18.7119 9.17035 123.137
    endloop
  endfacet
  facet normal 0 0 1
    outer loop
      vertex 18.5738 8.80341 123.137
      vertex 18.5 5.15 123.137
      vertex 26.087 5.15 123.137
    endloop
  endfacet
  facet normal -0 0 1
    outer loop
      vertex 18.0988 8.18431 123.137
      vertex 18.5 5.15 123.137
      vertex 18.3668 8.47047 123.137
    endloop
  endfacet
  facet normal -0 0 1
    outer loop
      vertex 18.3668 8.47047 123.137
      vertex 18.5 5.15 123.137
      vertex 18.5738 8.80341 123.137
    endloop
  endfacet
  facet normal -0 0 1
    outer loop
      vertex 17.7801 7.95594 123.137
      vertex 18.5 5.15 123.137
      vertex 18.0988 8.18431 123.137
    endloop
  endfacet
  facet normal -0 0 1
    outer loop
      vertex 17.423 7.79413 123.137
      vertex 18.5 5.15 123.137
      vertex 17.7801 7.95594 123.137
    endloop
  endfacet
  facet normal 0 0 1
    outer loop
      vertex 15.2003 -16.0277 123.137
      vertex 26.087 -5.15 123.137
      vertex 18.5 -5.15 123.137
    endloop
  endfacet
  facet normal 0 -0 1
    outer loop
      vertex 13.585 0 123.137
      vertex 18.5 5.15 123.137
      vertex 13.5686 0.666584 123.137
    endloop
  endfacet
  facet normal -0 0 1
    outer loop
      vertex 17.0411 7.7051 123.137
      vertex 18.5 5.15 123.137
      vertex 17.423 7.79413 123.137
    endloop
  endfacet
  facet normal 0 0 1
    outer loop
      vertex 26.087 -5.15 123.137
      vertex 17.2554 -19.5873 123.137
      vertex 17.5035 -20.017 123.137
    endloop
  endfacet
  facet normal -0 0 1
    outer loop
      vertex 16.6493 7.69227 123.137
      vertex 18.5 5.15 123.137
      vertex 17.0411 7.7051 123.137
    endloop
  endfacet
  facet normal 0 0 1
    outer loop
      vertex 16.2625 7.75614 123.137
      vertex 18.5 5.15 123.137
      vertex 16.6493 7.69227 123.137
    endloop
  endfacet
  facet normal 0 0 1
    outer loop
      vertex 18.5 5.15 123.137
      vertex 16.2625 7.75614 123.137
      vertex 13 3.94352 123.137
    endloop
  endfacet
  facet normal 0 0 1
    outer loop
      vertex 12.7909 4.57665 123.137
      vertex 16.2625 7.75614 123.137
      vertex 15.8955 7.89425 123.137
    endloop
  endfacet
  facet normal -0 0 1
    outer loop
      vertex 13.5686 -0.666584 123.137
      vertex 18.5 -5.15 123.137
      vertex 13.585 0 123.137
    endloop
  endfacet
  facet normal 0 0 1
    outer loop
      vertex 12.5509 5.19875 123.137
      vertex 15.8955 7.89425 123.137
      vertex 15.5626 8.10128 123.137
    endloop
  endfacet
  facet normal 0 0 1
    outer loop
      vertex 26.087 -5.15 123.137
      vertex 15.8858 -17.215 123.137
      vertex 17.2554 -19.5873 123.137
    endloop
  endfacet
  facet normal 0 0 1
    outer loop
      vertex 12.2807 5.80834 123.137
      vertex 15.5626 8.10128 123.137
      vertex 15.2764 8.3693 123.137
    endloop
  endfacet
  facet normal 0 0 1
    outer loop
      vertex 26.087 -5.15 123.137
      vertex 15.5576 -16.6466 123.137
      vertex 15.8858 -17.215 123.137
    endloop
  endfacet
  facet normal 0 0 1
    outer loop
      vertex 11.9809 6.40392 123.137
      vertex 15.2764 8.3693 123.137
      vertex 15.048 8.68799 123.137
    endloop
  endfacet
  facet normal 0 0 1
    outer loop
      vertex 11.6522 6.98409 123.137
      vertex 15.048 8.68799 123.137
      vertex 14.8862 9.04511 123.137
    endloop
  endfacet
  facet normal 0 0 1
    outer loop
      vertex 11.2955 7.54742 123.137
      vertex 14.8862 9.04511 123.137
      vertex 14.7972 9.42694 123.137
    endloop
  endfacet
  facet normal 0 0 1
    outer loop
      vertex 10.9116 8.09257 123.137
      vertex 14.7972 9.42694 123.137
      vertex 14.7844 9.8188 123.137
    endloop
  endfacet
  facet normal 0 -0 1
    outer loop
      vertex 10.5013 8.61823 123.137
      vertex 14.8482 10.2056 123.137
      vertex 10.0658 9.12313 123.137
    endloop
  endfacet
  facet normal 0 0 1
    outer loop
      vertex 18.5 5.15 123.137
      vertex 13.585 0 123.137
      vertex 18.5 -5.15 123.137
    endloop
  endfacet
  facet normal 0 0 1
    outer loop
      vertex 18.5 -5.15 123.137
      vertex 13.71 -13.4465 123.137
      vertex 15.2003 -16.0277 123.137
    endloop
  endfacet
  facet normal 0 0 1
    outer loop
      vertex 26.087 -5.15 123.137
      vertex 15.2003 -16.0277 123.137
      vertex 15.5576 -16.6466 123.137
    endloop
  endfacet
  facet normal 0 0 1
    outer loop
      vertex 18.5 5.15 123.137
      vertex 13.5196 1.33156 123.137
      vertex 13.5686 0.666584 123.137
    endloop
  endfacet
  facet normal 0 0 1
    outer loop
      vertex 18.5 5.15 123.137
      vertex 13.438 1.99333 123.137
      vertex 13.5196 1.33156 123.137
    endloop
  endfacet
  facet normal 0 0 1
    outer loop
      vertex 18.5 5.15 123.137
      vertex 13.324 2.6503 123.137
      vertex 13.438 1.99333 123.137
    endloop
  endfacet
  facet normal 0 0 1
    outer loop
      vertex 18.5 5.15 123.137
      vertex 13.1779 3.30089 123.137
      vertex 13.324 2.6503 123.137
    endloop
  endfacet
  facet normal 0 0 1
    outer loop
      vertex 18.5 5.15 123.137
      vertex 13 3.94352 123.137
      vertex 13.1779 3.30089 123.137
    endloop
  endfacet
  facet normal 0 0 1
    outer loop
      vertex 16.2625 7.75614 123.137
      vertex 12.7909 4.57665 123.137
      vertex 13 3.94352 123.137
    endloop
  endfacet
  facet normal 0 0 1
    outer loop
      vertex 15.8955 7.89425 123.137
      vertex 12.5509 5.19875 123.137
      vertex 12.7909 4.57665 123.137
    endloop
  endfacet
  facet normal 0 0 1
    outer loop
      vertex 15.5626 8.10128 123.137
      vertex 12.2807 5.80834 123.137
      vertex 12.5509 5.19875 123.137
    endloop
  endfacet
  facet normal 0 0 1
    outer loop
      vertex 15.2764 8.3693 123.137
      vertex 11.9809 6.40392 123.137
      vertex 12.2807 5.80834 123.137
    endloop
  endfacet
  facet normal 0 0 1
    outer loop
      vertex 15.048 8.68799 123.137
      vertex 11.6522 6.98409 123.137
      vertex 11.9809 6.40392 123.137
    endloop
  endfacet
  facet normal 0 0 1
    outer loop
      vertex 14.8862 9.04511 123.137
      vertex 11.2955 7.54742 123.137
      vertex 11.6522 6.98409 123.137
    endloop
  endfacet
  facet normal 0 0 1
    outer loop
      vertex 14.7972 9.42694 123.137
      vertex 10.9116 8.09257 123.137
      vertex 11.2955 7.54742 123.137
    endloop
  endfacet
  facet normal 0 0 1
    outer loop
      vertex 14.7844 9.8188 123.137
      vertex 10.5013 8.61823 123.137
      vertex 10.9116 8.09257 123.137
    endloop
  endfacet
  facet normal 0 0 1
    outer loop
      vertex 14.8482 10.2056 123.137
      vertex 10.5013 8.61823 123.137
      vertex 14.7844 9.8188 123.137
    endloop
  endfacet
  facet normal 0 0 1
    outer loop
      vertex 13.71 13.4465 123.137
      vertex 9.60604 9.60604 123.137
      vertex 10.0658 9.12313 123.137
    endloop
  endfacet
  facet normal 0 0 1
    outer loop
      vertex 13.71 13.4465 123.137
      vertex 9.12313 10.0658 123.137
      vertex 9.60604 9.60604 123.137
    endloop
  endfacet
  facet normal 0 0 1
    outer loop
      vertex 13.71 13.4465 123.137
      vertex 8.61823 10.5013 123.137
      vertex 9.12313 10.0658 123.137
    endloop
  endfacet
  facet normal 0 0 1
    outer loop
      vertex 13.71 13.4465 123.137
      vertex 8.09257 10.9116 123.137
      vertex 8.61823 10.5013 123.137
    endloop
  endfacet
  facet normal 0 0 1
    outer loop
      vertex 13.71 13.4465 123.137
      vertex 7.54742 11.2955 123.137
      vertex 8.09257 10.9116 123.137
    endloop
  endfacet
  facet normal 0 0 1
    outer loop
      vertex 13.71 13.4465 123.137
      vertex 6.98409 11.6522 123.137
      vertex 7.54742 11.2955 123.137
    endloop
  endfacet
  facet normal 0 0 1
    outer loop
      vertex 4.78997 18.5965 123.137
      vertex 6.98409 11.6522 123.137
      vertex 13.71 13.4465 123.137
    endloop
  endfacet
  facet normal 0 0 1
    outer loop
      vertex 6.98409 11.6522 123.137
      vertex 4.78997 18.5965 123.137
      vertex 6.40392 11.9809 123.137
    endloop
  endfacet
  facet normal 0 0 1
    outer loop
      vertex 6.40392 11.9809 123.137
      vertex 4.78997 18.5965 123.137
      vertex 5.80834 12.2807 123.137
    endloop
  endfacet
  facet normal 0 0 1
    outer loop
      vertex 5.80834 12.2807 123.137
      vertex 4.78997 18.5965 123.137
      vertex 5.19875 12.5509 123.137
    endloop
  endfacet
  facet normal 0 0 1
    outer loop
      vertex 5.19875 12.5509 123.137
      vertex 4.78997 18.5965 123.137
      vertex 4.57665 12.7909 123.137
    endloop
  endfacet
  facet normal 0 0 1
    outer loop
      vertex 0.765367 -21.2237 123.137
      vertex 8.33536 -24.7373 123.137
      vertex 6.96572 -22.365 123.137
    endloop
  endfacet
  facet normal 0 0 1
    outer loop
      vertex 1.41421 -20.7902 123.137
      vertex 6.63757 -21.7966 123.137
      vertex 6.28023 -21.1777 123.137
    endloop
  endfacet
  facet normal -0 0 1
    outer loop
      vertex 1.84776 -20.1413 123.137
      vertex 6.28023 -21.1777 123.137
      vertex 4.78997 -18.5965 123.137
    endloop
  endfacet
  facet normal -0 0 1
    outer loop
      vertex 3.94352 -13 123.137
      vertex 4.78997 -18.5965 123.137
      vertex 4.57665 -12.7909 123.137
    endloop
  endfacet
  facet normal -0 0 1
    outer loop
      vertex 3.30089 -13.1779 123.137
      vertex 4.78997 -18.5965 123.137
      vertex 3.94352 -13 123.137
    endloop
  endfacet
  facet normal -0 0 1
    outer loop
      vertex 2.6503 -13.324 123.137
      vertex 4.78997 -18.5965 123.137
      vertex 3.30089 -13.1779 123.137
    endloop
  endfacet
  facet normal -0 0 1
    outer loop
      vertex 1.41421 -17.9618 123.137
      vertex 4.78997 -18.5965 123.137
      vertex 2.6503 -13.324 123.137
    endloop
  endfacet
  facet normal 0 0 1
    outer loop
      vertex 1.96157 -19.7662 123.137
      vertex 4.78997 -18.5965 123.137
      vertex 2 -19.376 123.137
    endloop
  endfacet
  facet normal 0 0 1
    outer loop
      vertex 1.84776 -20.1413 123.137
      vertex 4.78997 -18.5965 123.137
      vertex 1.96157 -19.7662 123.137
    endloop
  endfacet
  facet normal -0 0 1
    outer loop
      vertex 1.66294 -20.4871 123.137
      vertex 6.28023 -21.1777 123.137
      vertex 1.84776 -20.1413 123.137
    endloop
  endfacet
  facet normal -0 0 1
    outer loop
      vertex 1.41421 -20.7902 123.137
      vertex 6.28023 -21.1777 123.137
      vertex 1.66294 -20.4871 123.137
    endloop
  endfacet
  facet normal -0 0 1
    outer loop
      vertex 1.11114 -21.0389 123.137
      vertex 6.63757 -21.7966 123.137
      vertex 1.41421 -20.7902 123.137
    endloop
  endfacet
  facet normal 0 0 1
    outer loop
      vertex 6.63757 -21.7966 123.137
      vertex 1.11114 -21.0389 123.137
      vertex 6.96572 -22.365 123.137
    endloop
  endfacet
  facet normal -0 0 1
    outer loop
      vertex 0.765367 -21.2237 123.137
      vertex 6.96572 -22.365 123.137
      vertex 1.11114 -21.0389 123.137
    endloop
  endfacet
  facet normal -0 0 1
    outer loop
      vertex 0.390181 -21.3376 123.137
      vertex 8.33536 -24.7373 123.137
      vertex 0.765367 -21.2237 123.137
    endloop
  endfacet
  facet normal 0 0 1
    outer loop
      vertex 8.33536 -24.7373 123.137
      vertex 0.390181 -21.3376 123.137
      vertex 8.58344 -25.167 123.137
    endloop
  endfacet
  facet normal -0 0 1
    outer loop
      vertex 0 -21.376 123.137
      vertex 8.58344 -25.167 123.137
      vertex 0.390181 -21.3376 123.137
    endloop
  endfacet
  facet normal 0 0 1
    outer loop
      vertex -8.58344 -25.167 123.137
      vertex 0 -21.376 123.137
      vertex -0.390181 -21.3376 123.137
    endloop
  endfacet
  facet normal 0 0 1
    outer loop
      vertex -8.33536 -24.7373 123.137
      vertex -0.390181 -21.3376 123.137
      vertex -0.765367 -21.2237 123.137
    endloop
  endfacet
  facet normal 0 0 1
    outer loop
      vertex -1.96157 -18.9858 123.137
      vertex -4.78997 -18.5965 123.137
      vertex -2 -19.376 123.137
    endloop
  endfacet
  facet normal 0 0 1
    outer loop
      vertex -4.78997 -18.5965 123.137
      vertex -2.6503 -13.324 123.137
      vertex -3.30089 -13.1779 123.137
    endloop
  endfacet
  facet normal 0 0 1
    outer loop
      vertex -4.78997 -18.5965 123.137
      vertex -3.30089 -13.1779 123.137
      vertex -3.94352 -13 123.137
    endloop
  endfacet
  facet normal 0 0 1
    outer loop
      vertex -4.78997 -18.5965 123.137
      vertex -3.94352 -13 123.137
      vertex -4.57665 -12.7909 123.137
    endloop
  endfacet
  facet normal 0 0 1
    outer loop
      vertex -2 -19.376 123.137
      vertex -4.78997 -18.5965 123.137
      vertex -1.96157 -19.7662 123.137
    endloop
  endfacet
  facet normal 0 0 1
    outer loop
      vertex -1.96157 -19.7662 123.137
      vertex -4.78997 -18.5965 123.137
      vertex -1.84776 -20.1413 123.137
    endloop
  endfacet
  facet normal 0 0 1
    outer loop
      vertex -6.28023 -21.1777 123.137
      vertex -1.84776 -20.1413 123.137
      vertex -4.78997 -18.5965 123.137
    endloop
  endfacet
  facet normal 0 0 1
    outer loop
      vertex -1.84776 -20.1413 123.137
      vertex -6.28023 -21.1777 123.137
      vertex -1.66294 -20.4871 123.137
    endloop
  endfacet
  facet normal 0 0 1
    outer loop
      vertex -1.66294 -20.4871 123.137
      vertex -6.28023 -21.1777 123.137
      vertex -1.41421 -20.7902 123.137
    endloop
  endfacet
  facet normal 0 0 1
    outer loop
      vertex -6.63757 -21.7966 123.137
      vertex -1.41421 -20.7902 123.137
      vertex -6.28023 -21.1777 123.137
    endloop
  endfacet
  facet normal 0 0 1
    outer loop
      vertex -1.41421 -20.7902 123.137
      vertex -6.63757 -21.7966 123.137
      vertex -1.11114 -21.0389 123.137
    endloop
  endfacet
  facet normal 0 0 1
    outer loop
      vertex -6.96572 -22.365 123.137
      vertex -1.11114 -21.0389 123.137
      vertex -6.63757 -21.7966 123.137
    endloop
  endfacet
  facet normal 0 0 1
    outer loop
      vertex -1.11114 -21.0389 123.137
      vertex -6.96572 -22.365 123.137
      vertex -0.765367 -21.2237 123.137
    endloop
  endfacet
  facet normal 0 0 1
    outer loop
      vertex -8.33536 -24.7373 123.137
      vertex -0.765367 -21.2237 123.137
      vertex -6.96572 -22.365 123.137
    endloop
  endfacet
  facet normal 0 0 1
    outer loop
      vertex -0.390181 -21.3376 123.137
      vertex -8.33536 -24.7373 123.137
      vertex -8.58344 -25.167 123.137
    endloop
  endfacet
  facet normal 0 0 1
    outer loop
      vertex 0 -21.376 123.137
      vertex -8.58344 -25.167 123.137
      vertex 8.58344 -25.167 123.137
    endloop
  endfacet
  facet normal 0 0 1
    outer loop
      vertex -18.5738 8.80341 123.137
      vertex -18.5 5.15 123.137
      vertex -18.3668 8.47047 123.137
    endloop
  endfacet
  facet normal 0 0 1
    outer loop
      vertex -26.087 5.15 123.137
      vertex -18.5738 8.80341 123.137
      vertex -18.7119 9.17035 123.137
    endloop
  endfacet
  facet normal 0 0 1
    outer loop
      vertex -26.087 5.15 123.137
      vertex -18.7119 9.17035 123.137
      vertex -18.7758 9.55719 123.137
    endloop
  endfacet
  facet normal 0 0 1
    outer loop
      vertex -18.5738 8.80341 123.137
      vertex -26.087 5.15 123.137
      vertex -18.5 5.15 123.137
    endloop
  endfacet
  facet normal 0 0 1
    outer loop
      vertex -13 3.94352 123.137
      vertex -18.5 5.15 123.137
      vertex -13.1779 3.30089 123.137
    endloop
  endfacet
  facet normal 0 0 1
    outer loop
      vertex -13.1779 3.30089 123.137
      vertex -18.5 5.15 123.137
      vertex -13.324 2.6503 123.137
    endloop
  endfacet
  facet normal 0 0 1
    outer loop
      vertex -13.324 2.6503 123.137
      vertex -18.5 5.15 123.137
      vertex -13.438 1.99333 123.137
    endloop
  endfacet
  facet normal 0 0 1
    outer loop
      vertex -13.438 1.99333 123.137
      vertex -18.5 5.15 123.137
      vertex -13.5196 1.33156 123.137
    endloop
  endfacet
  facet normal 0 0 1
    outer loop
      vertex -13.5686 -0.666584 123.137
      vertex -18.5 -5.15 123.137
      vertex -13.71 -13.4465 123.137
    endloop
  endfacet
  facet normal 0 0 1
    outer loop
      vertex -13.71 -13.4465 123.137
      vertex -18.5 -5.15 123.137
      vertex -15.2003 -16.0277 123.137
    endloop
  endfacet
  facet normal 0 0 1
    outer loop
      vertex -13.5686 0.666584 123.137
      vertex -18.5 5.15 123.137
      vertex -13.585 0 123.137
    endloop
  endfacet
  facet normal -0 0 1
    outer loop
      vertex -26.087 -5.15 123.137
      vertex -15.2003 -16.0277 123.137
      vertex -18.5 -5.15 123.137
    endloop
  endfacet
  facet normal 0 0 1
    outer loop
      vertex -18.5 -5.15 123.137
      vertex -13.585 0 123.137
      vertex -18.5 5.15 123.137
    endloop
  endfacet
  facet normal 0 0 1
    outer loop
      vertex -13.5196 1.33156 123.137
      vertex -18.5 5.15 123.137
      vertex -13.5686 0.666584 123.137
    endloop
  endfacet
  facet normal 0 0 1
    outer loop
      vertex -18.5 5.15 123.137
      vertex -16.2625 7.75614 123.137
      vertex -16.6493 7.69227 123.137
    endloop
  endfacet
  facet normal 0 0 1
    outer loop
      vertex -18.5 5.15 123.137
      vertex -16.6493 7.69227 123.137
      vertex -17.0411 7.7051 123.137
    endloop
  endfacet
  facet normal 0 0 1
    outer loop
      vertex -15.2003 -16.0277 123.137
      vertex -26.087 -5.15 123.137
      vertex -15.5576 -16.6466 123.137
    endloop
  endfacet
  facet normal 0 0 1
    outer loop
      vertex -18.5 5.15 123.137
      vertex -17.0411 7.7051 123.137
      vertex -17.423 7.79413 123.137
    endloop
  endfacet
  facet normal 0 0 1
    outer loop
      vertex -15.5576 -16.6466 123.137
      vertex -26.087 -5.15 123.137
      vertex -15.8858 -17.215 123.137
    endloop
  endfacet
  facet normal 0 0 1
    outer loop
      vertex -18.5 5.15 123.137
      vertex -17.423 7.79413 123.137
      vertex -17.7801 7.95594 123.137
    endloop
  endfacet
  facet normal 0 0 1
    outer loop
      vertex -18.5 5.15 123.137
      vertex -17.7801 7.95594 123.137
      vertex -18.0988 8.18431 123.137
    endloop
  endfacet
  facet normal 0 0 1
    outer loop
      vertex -18.5 5.15 123.137
      vertex -18.0988 8.18431 123.137
      vertex -18.3668 8.47047 123.137
    endloop
  endfacet
  facet normal 0 0 1
    outer loop
      vertex -13.585 0 123.137
      vertex -18.5 -5.15 123.137
      vertex -13.5686 -0.666584 123.137
    endloop
  endfacet
  facet normal 0 0 1
    outer loop
      vertex -15.8858 -17.215 123.137
      vertex -26.087 -5.15 123.137
      vertex -17.2554 -19.5873 123.137
    endloop
  endfacet
  facet normal 0 0 1
    outer loop
      vertex -17.2554 -19.5873 123.137
      vertex -26.087 -5.15 123.137
      vertex -17.5035 -20.017 123.137
    endloop
  endfacet
  facet normal 0 0 1
    outer loop
      vertex -5.19875 -12.5509 123.137
      vertex -4.78997 -18.5965 123.137
      vertex -4.57665 -12.7909 123.137
    endloop
  endfacet
  facet normal 0 0 1
    outer loop
      vertex -5.80834 -12.2807 123.137
      vertex -4.78997 -18.5965 123.137
      vertex -5.19875 -12.5509 123.137
    endloop
  endfacet
  facet normal 0 0 1
    outer loop
      vertex -6.40392 -11.9809 123.137
      vertex -4.78997 -18.5965 123.137
      vertex -5.80834 -12.2807 123.137
    endloop
  endfacet
  facet normal 0 0 1
    outer loop
      vertex -6.98409 -11.6522 123.137
      vertex -4.78997 -18.5965 123.137
      vertex -6.40392 -11.9809 123.137
    endloop
  endfacet
  facet normal 0 0 1
    outer loop
      vertex -13.71 -13.4465 123.137
      vertex -6.98409 -11.6522 123.137
      vertex -7.54742 -11.2955 123.137
    endloop
  endfacet
  facet normal 0 0 1
    outer loop
      vertex -13.71 -13.4465 123.137
      vertex -7.54742 -11.2955 123.137
      vertex -8.09257 -10.9116 123.137
    endloop
  endfacet
  facet normal 0 0 1
    outer loop
      vertex -13.71 -13.4465 123.137
      vertex -8.09257 -10.9116 123.137
      vertex -8.61823 -10.5013 123.137
    endloop
  endfacet
  facet normal 0 0 1
    outer loop
      vertex -13.71 -13.4465 123.137
      vertex -8.61823 -10.5013 123.137
      vertex -9.12313 -10.0658 123.137
    endloop
  endfacet
  facet normal 0 0 1
    outer loop
      vertex -13.71 -13.4465 123.137
      vertex -9.12313 -10.0658 123.137
      vertex -9.60604 -9.60604 123.137
    endloop
  endfacet
  facet normal 0 0 1
    outer loop
      vertex -13.71 -13.4465 123.137
      vertex -9.60604 -9.60604 123.137
      vertex -10.0658 -9.12313 123.137
    endloop
  endfacet
  facet normal 0 0 1
    outer loop
      vertex -13.71 -13.4465 123.137
      vertex -10.0658 -9.12313 123.137
      vertex -10.5013 -8.61823 123.137
    endloop
  endfacet
  facet normal 0 0 1
    outer loop
      vertex -13.71 -13.4465 123.137
      vertex -10.5013 -8.61823 123.137
      vertex -10.9116 -8.09257 123.137
    endloop
  endfacet
  facet normal 0 0 1
    outer loop
      vertex -13.71 -13.4465 123.137
      vertex -10.9116 -8.09257 123.137
      vertex -11.2955 -7.54742 123.137
    endloop
  endfacet
  facet normal 0 0 1
    outer loop
      vertex -13.71 -13.4465 123.137
      vertex -11.2955 -7.54742 123.137
      vertex -11.6522 -6.98409 123.137
    endloop
  endfacet
  facet normal 0 0 1
    outer loop
      vertex -6.98409 -11.6522 123.137
      vertex -13.71 -13.4465 123.137
      vertex -4.78997 -18.5965 123.137
    endloop
  endfacet
  facet normal 0 0 1
    outer loop
      vertex -11.9809 -6.40392 123.137
      vertex -13.71 -13.4465 123.137
      vertex -11.6522 -6.98409 123.137
    endloop
  endfacet
  facet normal 0 0 1
    outer loop
      vertex -12.2807 -5.80834 123.137
      vertex -13.71 -13.4465 123.137
      vertex -11.9809 -6.40392 123.137
    endloop
  endfacet
  facet normal 0 0 1
    outer loop
      vertex -12.5509 -5.19875 123.137
      vertex -13.71 -13.4465 123.137
      vertex -12.2807 -5.80834 123.137
    endloop
  endfacet
  facet normal 0 0 1
    outer loop
      vertex -12.7909 -4.57665 123.137
      vertex -13.71 -13.4465 123.137
      vertex -12.5509 -5.19875 123.137
    endloop
  endfacet
  facet normal 0 0 1
    outer loop
      vertex -13 -3.94352 123.137
      vertex -13.71 -13.4465 123.137
      vertex -12.7909 -4.57665 123.137
    endloop
  endfacet
  facet normal 0 0 1
    outer loop
      vertex -13.1779 -3.30089 123.137
      vertex -13.71 -13.4465 123.137
      vertex -13 -3.94352 123.137
    endloop
  endfacet
  facet normal 0 0 1
    outer loop
      vertex -13.324 -2.6503 123.137
      vertex -13.71 -13.4465 123.137
      vertex -13.1779 -3.30089 123.137
    endloop
  endfacet
  facet normal 0 0 1
    outer loop
      vertex -13.438 -1.99333 123.137
      vertex -13.71 -13.4465 123.137
      vertex -13.324 -2.6503 123.137
    endloop
  endfacet
  facet normal 0 0 1
    outer loop
      vertex -13.5196 -1.33156 123.137
      vertex -13.71 -13.4465 123.137
      vertex -13.438 -1.99333 123.137
    endloop
  endfacet
  facet normal 0 0 1
    outer loop
      vertex -13.5686 -0.666584 123.137
      vertex -13.71 -13.4465 123.137
      vertex -13.5196 -1.33156 123.137
    endloop
  endfacet
  facet normal 0 0 1
    outer loop
      vertex -12.7909 4.57665 123.137
      vertex -16.2625 7.75614 123.137
      vertex -13 3.94352 123.137
    endloop
  endfacet
  facet normal -0 0 1
    outer loop
      vertex -16.2625 7.75614 123.137
      vertex -12.7909 4.57665 123.137
      vertex -15.8955 7.89425 123.137
    endloop
  endfacet
  facet normal -0 0 1
    outer loop
      vertex -18.5 5.15 123.137
      vertex -13 3.94352 123.137
      vertex -16.2625 7.75614 123.137
    endloop
  endfacet
  facet normal 0 0 1
    outer loop
      vertex -13.71 13.4465 123.137
      vertex -14.8482 10.2056 123.137
      vertex -14.7844 9.8188 123.137
    endloop
  endfacet
  facet normal 0 0 1
    outer loop
      vertex -13.71 13.4465 123.137
      vertex -14.9863 10.5726 123.137
      vertex -14.8482 10.2056 123.137
    endloop
  endfacet
  facet normal 0 0 1
    outer loop
      vertex -13.71 13.4465 123.137
      vertex -15.1934 10.9055 123.137
      vertex -14.9863 10.5726 123.137
    endloop
  endfacet
  facet normal 0 0 1
    outer loop
      vertex -16.519 11.6709 123.137
      vertex -13.71 13.4465 123.137
      vertex -15.2003 16.0277 123.137
    endloop
  endfacet
  facet normal 0 0 1
    outer loop
      vertex -13.71 13.4465 123.137
      vertex -15.4614 11.1917 123.137
      vertex -15.1934 10.9055 123.137
    endloop
  endfacet
  facet normal 0 0 1
    outer loop
      vertex -17.2977 11.6198 123.137
      vertex -15.2003 16.0277 123.137
      vertex -15.5576 16.6466 123.137
    endloop
  endfacet
  facet normal 0 0 1
    outer loop
      vertex -13.71 13.4465 123.137
      vertex -15.7801 11.42 123.137
      vertex -15.4614 11.1917 123.137
    endloop
  endfacet
  facet normal 0 0 1
    outer loop
      vertex -17.6647 11.4817 123.137
      vertex -15.5576 16.6466 123.137
      vertex -15.8858 17.215 123.137
    endloop
  endfacet
  facet normal 0 0 1
    outer loop
      vertex -13.71 13.4465 123.137
      vertex -16.1372 11.5819 123.137
      vertex -15.7801 11.42 123.137
    endloop
  endfacet
  facet normal 0 0 1
    outer loop
      vertex -13.71 13.4465 123.137
      vertex -16.519 11.6709 123.137
      vertex -16.1372 11.5819 123.137
    endloop
  endfacet
  facet normal 0 0 1
    outer loop
      vertex -15.2003 16.0277 123.137
      vertex -16.9109 11.6837 123.137
      vertex -16.519 11.6709 123.137
    endloop
  endfacet
  facet normal 0 0 1
    outer loop
      vertex -17.9976 11.2747 123.137
      vertex -15.8858 17.215 123.137
      vertex -17.2554 19.5873 123.137
    endloop
  endfacet
  facet normal 0 0 1
    outer loop
      vertex -15.2003 16.0277 123.137
      vertex -17.2977 11.6198 123.137
      vertex -16.9109 11.6837 123.137
    endloop
  endfacet
  facet normal 0 0 1
    outer loop
      vertex -18.2838 11.0067 123.137
      vertex -17.2554 19.5873 123.137
      vertex -17.5035 20.017 123.137
    endloop
  endfacet
  facet normal 0 0 1
    outer loop
      vertex -15.5576 16.6466 123.137
      vertex -17.6647 11.4817 123.137
      vertex -17.2977 11.6198 123.137
    endloop
  endfacet
  facet normal 0 0 1
    outer loop
      vertex -15.8858 17.215 123.137
      vertex -17.9976 11.2747 123.137
      vertex -17.6647 11.4817 123.137
    endloop
  endfacet
  facet normal 0 0 1
    outer loop
      vertex -17.2554 19.5873 123.137
      vertex -18.2838 11.0067 123.137
      vertex -17.9976 11.2747 123.137
    endloop
  endfacet
  facet normal 0 0 1
    outer loop
      vertex -17.5035 20.017 123.137
      vertex -18.5121 10.688 123.137
      vertex -18.2838 11.0067 123.137
    endloop
  endfacet
  facet normal 0 0 1
    outer loop
      vertex -26.087 5.15 123.137
      vertex -18.5121 10.688 123.137
      vertex -17.5035 20.017 123.137
    endloop
  endfacet
  facet normal 0 0 1
    outer loop
      vertex -18.5121 10.688 123.137
      vertex -26.087 5.15 123.137
      vertex -18.674 10.3309 123.137
    endloop
  endfacet
  facet normal 0 0 1
    outer loop
      vertex -18.763 9.94904 123.137
      vertex -26.087 5.15 123.137
      vertex -18.7758 9.55719 123.137
    endloop
  endfacet
  facet normal 0 0 1
    outer loop
      vertex -18.674 10.3309 123.137
      vertex -26.087 5.15 123.137
      vertex -18.763 9.94904 123.137
    endloop
  endfacet
  facet normal 0 0 1
    outer loop
      vertex -4.78997 18.5965 123.137
      vertex -5.19875 12.5509 123.137
      vertex -4.57665 12.7909 123.137
    endloop
  endfacet
  facet normal 0 0 1
    outer loop
      vertex -4.78997 18.5965 123.137
      vertex -5.80834 12.2807 123.137
      vertex -5.19875 12.5509 123.137
    endloop
  endfacet
  facet normal 0 0 1
    outer loop
      vertex -4.78997 18.5965 123.137
      vertex -6.40392 11.9809 123.137
      vertex -5.80834 12.2807 123.137
    endloop
  endfacet
  facet normal 0 0 1
    outer loop
      vertex -4.78997 18.5965 123.137
      vertex -6.98409 11.6522 123.137
      vertex -6.40392 11.9809 123.137
    endloop
  endfacet
  facet normal -0 0 1
    outer loop
      vertex -13.71 13.4465 123.137
      vertex -6.98409 11.6522 123.137
      vertex -4.78997 18.5965 123.137
    endloop
  endfacet
  facet normal 0 0 1
    outer loop
      vertex -6.98409 11.6522 123.137
      vertex -13.71 13.4465 123.137
      vertex -7.54742 11.2955 123.137
    endloop
  endfacet
  facet normal 0 0 1
    outer loop
      vertex -7.54742 11.2955 123.137
      vertex -13.71 13.4465 123.137
      vertex -8.09257 10.9116 123.137
    endloop
  endfacet
  facet normal 0 0 1
    outer loop
      vertex -8.09257 10.9116 123.137
      vertex -13.71 13.4465 123.137
      vertex -8.61823 10.5013 123.137
    endloop
  endfacet
  facet normal 0 0 1
    outer loop
      vertex -8.61823 10.5013 123.137
      vertex -13.71 13.4465 123.137
      vertex -9.12313 10.0658 123.137
    endloop
  endfacet
  facet normal 0 0 1
    outer loop
      vertex -9.12313 10.0658 123.137
      vertex -13.71 13.4465 123.137
      vertex -9.60604 9.60604 123.137
    endloop
  endfacet
  facet normal 0 0 1
    outer loop
      vertex -9.60604 9.60604 123.137
      vertex -13.71 13.4465 123.137
      vertex -10.0658 9.12313 123.137
    endloop
  endfacet
  facet normal -0 0 1
    outer loop
      vertex -14.7844 9.8188 123.137
      vertex -10.0658 9.12313 123.137
      vertex -13.71 13.4465 123.137
    endloop
  endfacet
  facet normal 0 0 1
    outer loop
      vertex -10.0658 9.12313 123.137
      vertex -14.7844 9.8188 123.137
      vertex -10.5013 8.61823 123.137
    endloop
  endfacet
  facet normal 0 0 1
    outer loop
      vertex -10.5013 8.61823 123.137
      vertex -14.7844 9.8188 123.137
      vertex -10.9116 8.09257 123.137
    endloop
  endfacet
  facet normal 0 0 1
    outer loop
      vertex -12.5509 5.19875 123.137
      vertex -15.8955 7.89425 123.137
      vertex -12.7909 4.57665 123.137
    endloop
  endfacet
  facet normal -0 0 1
    outer loop
      vertex -15.8955 7.89425 123.137
      vertex -12.5509 5.19875 123.137
      vertex -15.5626 8.10128 123.137
    endloop
  endfacet
  facet normal 0 0 1
    outer loop
      vertex -12.2807 5.80834 123.137
      vertex -15.5626 8.10128 123.137
      vertex -12.5509 5.19875 123.137
    endloop
  endfacet
  facet normal -0 0 1
    outer loop
      vertex -15.5626 8.10128 123.137
      vertex -12.2807 5.80834 123.137
      vertex -15.2764 8.3693 123.137
    endloop
  endfacet
  facet normal 0 0 1
    outer loop
      vertex -11.9809 6.40392 123.137
      vertex -15.2764 8.3693 123.137
      vertex -12.2807 5.80834 123.137
    endloop
  endfacet
  facet normal -0 0 1
    outer loop
      vertex -15.2764 8.3693 123.137
      vertex -11.9809 6.40392 123.137
      vertex -15.048 8.68799 123.137
    endloop
  endfacet
  facet normal 0 0 1
    outer loop
      vertex -11.6522 6.98409 123.137
      vertex -15.048 8.68799 123.137
      vertex -11.9809 6.40392 123.137
    endloop
  endfacet
  facet normal -0 0 1
    outer loop
      vertex -15.048 8.68799 123.137
      vertex -11.6522 6.98409 123.137
      vertex -14.8862 9.04511 123.137
    endloop
  endfacet
  facet normal 0 0 1
    outer loop
      vertex -11.2955 7.54742 123.137
      vertex -14.8862 9.04511 123.137
      vertex -11.6522 6.98409 123.137
    endloop
  endfacet
  facet normal -0 0 1
    outer loop
      vertex -14.8862 9.04511 123.137
      vertex -11.2955 7.54742 123.137
      vertex -14.7972 9.42694 123.137
    endloop
  endfacet
  facet normal 0 0 1
    outer loop
      vertex -10.9116 8.09257 123.137
      vertex -14.7972 9.42694 123.137
      vertex -11.2955 7.54742 123.137
    endloop
  endfacet
  facet normal -0 0 1
    outer loop
      vertex -14.7972 9.42694 123.137
      vertex -10.9116 8.09257 123.137
      vertex -14.7844 9.8188 123.137
    endloop
  endfacet
  facet normal 0 0 1
    outer loop
      vertex 1.11114 -17.713 123.137
      vertex 2.6503 -13.324 123.137
      vertex 1.99333 -13.438 123.137
    endloop
  endfacet
  facet normal 0 0 1
    outer loop
      vertex 4.78997 -18.5965 123.137
      vertex 1.96157 -18.9858 123.137
      vertex 2 -19.376 123.137
    endloop
  endfacet
  facet normal 0 0 1
    outer loop
      vertex 4.78997 -18.5965 123.137
      vertex 1.84776 -18.6106 123.137
      vertex 1.96157 -18.9858 123.137
    endloop
  endfacet
  facet normal 0 0 1
    outer loop
      vertex 4.78997 -18.5965 123.137
      vertex 1.66294 -18.2648 123.137
      vertex 1.84776 -18.6106 123.137
    endloop
  endfacet
  facet normal 0 0 1
    outer loop
      vertex 4.78997 -18.5965 123.137
      vertex 1.41421 -17.9618 123.137
      vertex 1.66294 -18.2648 123.137
    endloop
  endfacet
  facet normal 0 0 1
    outer loop
      vertex 0.765367 -17.5282 123.137
      vertex 1.99333 -13.438 123.137
      vertex 1.33156 -13.5196 123.137
    endloop
  endfacet
  facet normal 0 0 1
    outer loop
      vertex 2.6503 -13.324 123.137
      vertex 1.11114 -17.713 123.137
      vertex 1.41421 -17.9618 123.137
    endloop
  endfacet
  facet normal 0 0 1
    outer loop
      vertex 1.99333 -13.438 123.137
      vertex 0.765367 -17.5282 123.137
      vertex 1.11114 -17.713 123.137
    endloop
  endfacet
  facet normal -0 0 1
    outer loop
      vertex 0.666584 -13.5686 123.137
      vertex 0.765367 -17.5282 123.137
      vertex 1.33156 -13.5196 123.137
    endloop
  endfacet
  facet normal 0 0 1
    outer loop
      vertex 0.666584 -13.5686 123.137
      vertex 0.390181 -17.4144 123.137
      vertex 0.765367 -17.5282 123.137
    endloop
  endfacet
  facet normal -0 0 1
    outer loop
      vertex 0 -13.585 123.137
      vertex 0.390181 -17.4144 123.137
      vertex 0.666584 -13.5686 123.137
    endloop
  endfacet
  facet normal 0 0 1
    outer loop
      vertex 0 -13.585 123.137
      vertex 0 -17.376 123.137
      vertex 0.390181 -17.4144 123.137
    endloop
  endfacet
  facet normal 0 0 1
    outer loop
      vertex 0 -13.585 123.137
      vertex -0.390181 -17.4144 123.137
      vertex 0 -17.376 123.137
    endloop
  endfacet
  facet normal 0 0 1
    outer loop
      vertex -0.666584 -13.5686 123.137
      vertex -0.390181 -17.4144 123.137
      vertex 0 -13.585 123.137
    endloop
  endfacet
  facet normal 0 0 1
    outer loop
      vertex -0.666584 -13.5686 123.137
      vertex -0.765367 -17.5282 123.137
      vertex -0.390181 -17.4144 123.137
    endloop
  endfacet
  facet normal 0 0 1
    outer loop
      vertex -1.33156 -13.5196 123.137
      vertex -0.765367 -17.5282 123.137
      vertex -0.666584 -13.5686 123.137
    endloop
  endfacet
  facet normal 0 0 1
    outer loop
      vertex -1.99333 -13.438 123.137
      vertex -0.765367 -17.5282 123.137
      vertex -1.33156 -13.5196 123.137
    endloop
  endfacet
  facet normal 0 0 1
    outer loop
      vertex -0.765367 -17.5282 123.137
      vertex -1.99333 -13.438 123.137
      vertex -1.11114 -17.713 123.137
    endloop
  endfacet
  facet normal 0 0 1
    outer loop
      vertex -2.6503 -13.324 123.137
      vertex -1.11114 -17.713 123.137
      vertex -1.99333 -13.438 123.137
    endloop
  endfacet
  facet normal 0 0 1
    outer loop
      vertex -1.11114 -17.713 123.137
      vertex -2.6503 -13.324 123.137
      vertex -1.41421 -17.9618 123.137
    endloop
  endfacet
  facet normal 0 0 1
    outer loop
      vertex -4.78997 -18.5965 123.137
      vertex -1.41421 -17.9618 123.137
      vertex -2.6503 -13.324 123.137
    endloop
  endfacet
  facet normal 0 0 1
    outer loop
      vertex -1.41421 -17.9618 123.137
      vertex -4.78997 -18.5965 123.137
      vertex -1.66294 -18.2648 123.137
    endloop
  endfacet
  facet normal 0 0 1
    outer loop
      vertex -1.66294 -18.2648 123.137
      vertex -4.78997 -18.5965 123.137
      vertex -1.84776 -18.6106 123.137
    endloop
  endfacet
  facet normal 0 0 1
    outer loop
      vertex -1.84776 -18.6106 123.137
      vertex -4.78997 -18.5965 123.137
      vertex -1.96157 -18.9858 123.137
    endloop
  endfacet
  facet normal -0.8491 0.528232 0
    outer loop
      vertex 14.9863 10.5726 123.137
      vertex 15.1934 10.9055 128.538
      vertex 15.1934 10.9055 123.137
    endloop
  endfacet
  facet normal -0.8491 0.528232 0
    outer loop
      vertex 15.1934 10.9055 128.538
      vertex 14.9863 10.5726 123.137
      vertex 14.9863 10.5726 128.538
    endloop
  endfacet
  facet normal -0.032644 0.999467 0
    outer loop
      vertex 16.9109 11.6837 123.137
      vertex 16.519 11.6709 128.538
      vertex 16.9109 11.6837 128.538
    endloop
  endfacet
  facet normal -0.032644 0.999467 0
    outer loop
      vertex 16.519 11.6709 128.538
      vertex 16.9109 11.6837 123.137
      vertex 16.519 11.6709 123.137
    endloop
  endfacet
  facet normal 0.683517 0.729935 -0
    outer loop
      vertex 18.2838 11.0067 123.137
      vertex 17.9976 11.2747 128.538
      vertex 18.2838 11.0067 128.538
    endloop
  endfacet
  facet normal 0.683517 0.729935 0
    outer loop
      vertex 17.9976 11.2747 128.538
      vertex 18.2838 11.0067 123.137
      vertex 17.9976 11.2747 123.137
    endloop
  endfacet
  facet normal 0.81294 0.582348 0
    outer loop
      vertex 18.5121 10.688 128.538
      vertex 18.2838 11.0067 123.137
      vertex 18.2838 11.0067 128.538
    endloop
  endfacet
  facet normal 0.81294 0.582348 0
    outer loop
      vertex 18.2838 11.0067 123.137
      vertex 18.5121 10.688 128.538
      vertex 18.5121 10.688 123.137
    endloop
  endfacet
  facet normal 0.528048 0.849214 -0
    outer loop
      vertex 17.9976 11.2747 123.137
      vertex 17.6647 11.4817 128.538
      vertex 17.9976 11.2747 128.538
    endloop
  endfacet
  facet normal 0.528048 0.849214 0
    outer loop
      vertex 17.6647 11.4817 128.538
      vertex 17.9976 11.2747 123.137
      vertex 17.6647 11.4817 123.137
    endloop
  endfacet
  facet normal -0.412919 0.910768 0
    outer loop
      vertex 16.1372 11.5819 123.137
      vertex 15.7801 11.42 128.538
      vertex 16.1372 11.5819 128.538
    endloop
  endfacet
  facet normal -0.412919 0.910768 0
    outer loop
      vertex 15.7801 11.42 128.538
      vertex 16.1372 11.5819 123.137
      vertex 15.7801 11.42 123.137
    endloop
  endfacet
  facet normal 0.582466 -0.812855 0
    outer loop
      vertex 17.7801 7.95594 123.137
      vertex 18.0988 8.18431 128.538
      vertex 17.7801 7.95594 128.538
    endloop
  endfacet
  facet normal 0.582466 -0.812855 0
    outer loop
      vertex 18.0988 8.18431 128.538
      vertex 17.7801 7.95594 123.137
      vertex 18.0988 8.18431 123.137
    endloop
  endfacet
  facet normal -0.22702 0.97389 0
    outer loop
      vertex 16.519 11.6709 123.137
      vertex 16.1372 11.5819 128.538
      vertex 16.519 11.6709 128.538
    endloop
  endfacet
  facet normal -0.22702 0.97389 0
    outer loop
      vertex 16.1372 11.5819 128.538
      vertex 16.519 11.6709 123.137
      vertex 16.1372 11.5819 123.137
    endloop
  endfacet
  facet normal 0.162992 0.986627 -0
    outer loop
      vertex 17.2977 11.6198 123.137
      vertex 16.9109 11.6837 128.538
      vertex 17.2977 11.6198 128.538
    endloop
  endfacet
  facet normal 0.162992 0.986627 0
    outer loop
      vertex 16.9109 11.6837 128.538
      vertex 17.2977 11.6198 123.137
      vertex 16.9109 11.6837 123.137
    endloop
  endfacet
  facet normal 0.98663 -0.162976 0
    outer loop
      vertex 18.7119 9.17035 128.538
      vertex 18.7758 9.55719 123.137
      vertex 18.7758 9.55719 128.538
    endloop
  endfacet
  facet normal 0.98663 -0.162976 0
    outer loop
      vertex 18.7758 9.55719 123.137
      vertex 18.7119 9.17035 128.538
      vertex 18.7119 9.17035 123.137
    endloop
  endfacet
  facet normal -0.93593 0.352185 0
    outer loop
      vertex 14.8482 10.2056 123.137
      vertex 14.9863 10.5726 128.538
      vertex 14.9863 10.5726 123.137
    endloop
  endfacet
  facet normal -0.93593 0.352185 0
    outer loop
      vertex 14.9863 10.5726 128.538
      vertex 14.8482 10.2056 123.137
      vertex 14.8482 10.2056 128.538
    endloop
  endfacet
  facet normal 0.849243 -0.528003 0
    outer loop
      vertex 18.3668 8.47047 128.538
      vertex 18.5738 8.80341 123.137
      vertex 18.5738 8.80341 128.538
    endloop
  endfacet
  facet normal 0.849243 -0.528003 0
    outer loop
      vertex 18.5738 8.80341 123.137
      vertex 18.3668 8.47047 128.538
      vertex 18.3668 8.47047 123.137
    endloop
  endfacet
  facet normal -0.528104 -0.84918 0
    outer loop
      vertex 15.5626 8.10128 123.137
      vertex 15.8955 7.89425 128.538
      vertex 15.5626 8.10128 128.538
    endloop
  endfacet
  facet normal -0.528104 -0.84918 -0
    outer loop
      vertex 15.8955 7.89425 128.538
      vertex 15.5626 8.10128 123.137
      vertex 15.8955 7.89425 123.137
    endloop
  endfacet
  facet normal 0.910768 0.412919 0
    outer loop
      vertex 18.674 10.3309 128.538
      vertex 18.5121 10.688 123.137
      vertex 18.5121 10.688 128.538
    endloop
  endfacet
  facet normal 0.910768 0.412919 0
    outer loop
      vertex 18.5121 10.688 123.137
      vertex 18.674 10.3309 128.538
      vertex 18.674 10.3309 123.137
    endloop
  endfacet
  facet normal -0.729935 0.683517 0
    outer loop
      vertex 15.1934 10.9055 123.137
      vertex 15.4614 11.1917 128.538
      vertex 15.4614 11.1917 123.137
    endloop
  endfacet
  facet normal -0.729935 0.683517 0
    outer loop
      vertex 15.4614 11.1917 128.538
      vertex 15.1934 10.9055 123.137
      vertex 15.1934 10.9055 128.538
    endloop
  endfacet
  facet normal 0.412728 -0.910854 0
    outer loop
      vertex 17.423 7.79413 123.137
      vertex 17.7801 7.95594 128.538
      vertex 17.423 7.79413 128.538
    endloop
  endfacet
  facet normal 0.412728 -0.910854 0
    outer loop
      vertex 17.7801 7.95594 128.538
      vertex 17.423 7.79413 123.137
      vertex 17.7801 7.95594 123.137
    endloop
  endfacet
  facet normal -0.999467 -0.0326473 0
    outer loop
      vertex 14.7972 9.42694 123.137
      vertex 14.7844 9.8188 128.538
      vertex 14.7844 9.8188 123.137
    endloop
  endfacet
  facet normal -0.999467 -0.0326473 0
    outer loop
      vertex 14.7844 9.8188 128.538
      vertex 14.7972 9.42694 123.137
      vertex 14.7972 9.42694 128.538
    endloop
  endfacet
  facet normal 0.729887 -0.683568 0
    outer loop
      vertex 18.0988 8.18431 128.538
      vertex 18.3668 8.47047 123.137
      vertex 18.3668 8.47047 128.538
    endloop
  endfacet
  facet normal 0.729887 -0.683568 0
    outer loop
      vertex 18.3668 8.47047 123.137
      vertex 18.0988 8.18431 128.538
      vertex 18.0988 8.18431 123.137
    endloop
  endfacet
  facet normal 0.227036 -0.973886 0
    outer loop
      vertex 17.0411 7.7051 123.137
      vertex 17.423 7.79413 128.538
      vertex 17.0411 7.7051 128.538
    endloop
  endfacet
  facet normal 0.227036 -0.973886 0
    outer loop
      vertex 17.423 7.79413 128.538
      vertex 17.0411 7.7051 123.137
      vertex 17.423 7.79413 123.137
    endloop
  endfacet
  facet normal 0.973898 0.226986 0
    outer loop
      vertex 18.763 9.94904 128.538
      vertex 18.674 10.3309 123.137
      vertex 18.674 10.3309 128.538
    endloop
  endfacet
  facet normal 0.973898 0.226986 0
    outer loop
      vertex 18.674 10.3309 123.137
      vertex 18.763 9.94904 128.538
      vertex 18.763 9.94904 123.137
    endloop
  endfacet
  facet normal 0.352185 0.93593 -0
    outer loop
      vertex 17.6647 11.4817 123.137
      vertex 17.2977 11.6198 128.538
      vertex 17.6647 11.4817 128.538
    endloop
  endfacet
  facet normal 0.352185 0.93593 0
    outer loop
      vertex 17.2977 11.6198 128.538
      vertex 17.6647 11.4817 123.137
      vertex 17.2977 11.6198 123.137
    endloop
  endfacet
  facet normal -0.910872 -0.412688 0
    outer loop
      vertex 15.048 8.68799 123.137
      vertex 14.8862 9.04511 128.538
      vertex 14.8862 9.04511 123.137
    endloop
  endfacet
  facet normal -0.910872 -0.412688 0
    outer loop
      vertex 14.8862 9.04511 128.538
      vertex 15.048 8.68799 123.137
      vertex 15.048 8.68799 128.538
    endloop
  endfacet
  facet normal 0.935911 -0.352236 0
    outer loop
      vertex 18.5738 8.80341 128.538
      vertex 18.7119 9.17035 123.137
      vertex 18.7119 9.17035 128.538
    endloop
  endfacet
  facet normal 0.935911 -0.352236 0
    outer loop
      vertex 18.7119 9.17035 123.137
      vertex 18.5738 8.80341 128.538
      vertex 18.5738 8.80341 123.137
    endloop
  endfacet
  facet normal -0.162918 -0.98664 0
    outer loop
      vertex 16.2625 7.75614 123.137
      vertex 16.6493 7.69227 128.538
      vertex 16.2625 7.75614 128.538
    endloop
  endfacet
  facet normal -0.162918 -0.98664 -0
    outer loop
      vertex 16.6493 7.69227 128.538
      vertex 16.2625 7.75614 123.137
      vertex 16.6493 7.69227 123.137
    endloop
  endfacet
  facet normal -0.582348 0.81294 0
    outer loop
      vertex 15.7801 11.42 123.137
      vertex 15.4614 11.1917 128.538
      vertex 15.7801 11.42 128.538
    endloop
  endfacet
  facet normal -0.582348 0.81294 0
    outer loop
      vertex 15.4614 11.1917 128.538
      vertex 15.7801 11.42 123.137
      vertex 15.4614 11.1917 123.137
    endloop
  endfacet
  facet normal 0.999467 0.0326481 0
    outer loop
      vertex 18.7758 9.55719 128.538
      vertex 18.763 9.94904 123.137
      vertex 18.763 9.94904 128.538
    endloop
  endfacet
  facet normal 0.999467 0.0326481 0
    outer loop
      vertex 18.763 9.94904 123.137
      vertex 18.7758 9.55719 128.538
      vertex 18.7758 9.55719 123.137
    endloop
  endfacet
  facet normal -0.683544 -0.729909 0
    outer loop
      vertex 15.2764 8.3693 123.137
      vertex 15.5626 8.10128 128.538
      vertex 15.2764 8.3693 128.538
    endloop
  endfacet
  facet normal -0.683544 -0.729909 -0
    outer loop
      vertex 15.5626 8.10128 128.538
      vertex 15.2764 8.3693 123.137
      vertex 15.5626 8.10128 123.137
    endloop
  endfacet
  facet normal -0.81281 -0.582528 0
    outer loop
      vertex 15.2764 8.3693 123.137
      vertex 15.048 8.68799 128.538
      vertex 15.048 8.68799 123.137
    endloop
  endfacet
  facet normal -0.81281 -0.582528 0
    outer loop
      vertex 15.048 8.68799 128.538
      vertex 15.2764 8.3693 123.137
      vertex 15.2764 8.3693 128.538
    endloop
  endfacet
  facet normal -0.352208 -0.935922 0
    outer loop
      vertex 15.8955 7.89425 123.137
      vertex 16.2625 7.75614 128.538
      vertex 15.8955 7.89425 128.538
    endloop
  endfacet
  facet normal -0.352208 -0.935922 -0
    outer loop
      vertex 16.2625 7.75614 128.538
      vertex 15.8955 7.89425 123.137
      vertex 16.2625 7.75614 123.137
    endloop
  endfacet
  facet normal -0.986668 0.162744 0
    outer loop
      vertex 14.7844 9.8188 123.137
      vertex 14.8482 10.2056 128.538
      vertex 14.8482 10.2056 123.137
    endloop
  endfacet
  facet normal -0.986668 0.162744 0
    outer loop
      vertex 14.8482 10.2056 128.538
      vertex 14.7844 9.8188 123.137
      vertex 14.7844 9.8188 128.538
    endloop
  endfacet
  facet normal -0.973894 -0.227003 0
    outer loop
      vertex 14.8862 9.04511 123.137
      vertex 14.7972 9.42694 128.538
      vertex 14.7972 9.42694 123.137
    endloop
  endfacet
  facet normal -0.973894 -0.227003 0
    outer loop
      vertex 14.7972 9.42694 128.538
      vertex 14.8862 9.04511 123.137
      vertex 14.8862 9.04511 128.538
    endloop
  endfacet
  facet normal 0.0327288 -0.999464 0
    outer loop
      vertex 16.6493 7.69227 123.137
      vertex 17.0411 7.7051 128.538
      vertex 16.6493 7.69227 128.538
    endloop
  endfacet
  facet normal 0.0327288 -0.999464 0
    outer loop
      vertex 17.0411 7.7051 128.538
      vertex 16.6493 7.69227 123.137
      vertex 17.0411 7.7051 123.137
    endloop
  endfacet
  facet normal 0.29228 -0.645096 0.705991
    outer loop
      vertex 17.4801 8.47556 129.137
      vertex 17.2301 8.36229 129.137
      vertex 17.7801 7.95594 128.538
    endloop
  endfacet
  facet normal 0.575763 0.412403 0.705989
    outer loop
      vertex 18.5121 10.688 128.538
      vertex 17.8327 10.6111 129.137
      vertex 17.9925 10.388 129.137
    endloop
  endfacet
  facet normal 0.575751 0.412438 0.705979
    outer loop
      vertex 18.2838 11.0067 128.538
      vertex 17.8327 10.6111 129.137
      vertex 18.5121 10.688 128.538
    endloop
  endfacet
  facet normal 0.11544 0.69878 0.705961
    outer loop
      vertex 17.2977 11.6198 128.538
      vertex 16.9109 11.6837 128.538
      vertex 17.1424 11.0403 129.137
    endloop
  endfacet
  facet normal -0.689714 -0.160764 0.70601
    outer loop
      vertex 15.3921 9.50525 129.137
      vertex 14.7972 9.42694 128.538
      vertex 14.8862 9.04511 128.538
    endloop
  endfacet
  facet normal 0.115387 0.698774 0.705975
    outer loop
      vertex 16.9109 11.6837 128.538
      vertex 16.8717 11.085 129.137
      vertex 17.1424 11.0403 129.137
    endloop
  endfacet
  facet normal -0.57565 -0.412559 0.70599
    outer loop
      vertex 15.7275 8.76491 129.137
      vertex 15.048 8.68799 128.538
      vertex 15.2764 8.3693 128.538
    endloop
  endfacet
  facet normal -0.412438 0.575751 0.705979
    outer loop
      vertex 15.7801 11.42 128.538
      vertex 15.4614 11.1917 128.538
      vertex 15.857 10.7406 129.137
    endloop
  endfacet
  facet normal 0.601462 -0.373949 0.705978
    outer loop
      vertex 18.5738 8.80341 128.538
      vertex 17.8908 8.83572 129.137
      vertex 18.3668 8.47047 128.538
    endloop
  endfacet
  facet normal 0.373894 0.601481 0.705991
    outer loop
      vertex 17.6647 11.4817 128.538
      vertex 17.3993 10.9436 129.137
      vertex 17.6324 10.7987 129.137
    endloop
  endfacet
  facet normal 0.484099 0.516974 0.705964
    outer loop
      vertex 17.9976 11.2747 128.538
      vertex 17.6324 10.7987 129.137
      vertex 18.2838 11.0067 128.538
    endloop
  endfacet
  facet normal 0.160806 -0.68972 0.705994
    outer loop
      vertex 17.2301 8.36229 129.137
      vertex 16.9628 8.29997 129.137
      vertex 17.423 7.79413 128.538
    endloop
  endfacet
  facet normal -0.601366 0.374115 0.705972
    outer loop
      vertex 15.1934 10.9055 128.538
      vertex 14.9863 10.5726 128.538
      vertex 15.6694 10.5403 129.137
    endloop
  endfacet
  facet normal -0.373946 -0.601441 0.705998
    outer loop
      vertex 15.9278 8.5773 129.137
      vertex 15.8955 7.89425 128.538
      vertex 16.1609 8.43237 129.137
    endloop
  endfacet
  facet normal 0.373989 0.601454 0.705964
    outer loop
      vertex 17.6647 11.4817 128.538
      vertex 17.6324 10.7987 129.137
      vertex 17.9976 11.2747 128.538
    endloop
  endfacet
  facet normal -0.484113 -0.516951 0.705972
    outer loop
      vertex 15.9278 8.5773 129.137
      vertex 15.2764 8.3693 128.538
      vertex 15.5626 8.10128 128.538
    endloop
  endfacet
  facet normal -0.115383 -0.698766 0.705984
    outer loop
      vertex 16.4177 8.3357 129.137
      vertex 16.2625 7.75614 128.538
      vertex 16.6493 7.69227 128.538
    endloop
  endfacet
  facet normal -0.0232252 0.707853 0.705978
    outer loop
      vertex 16.9109 11.6837 128.538
      vertex 16.5974 11.076 129.137
      vertex 16.8717 11.085 129.137
    endloop
  endfacet
  facet normal 0.412503 -0.575687 0.705993
    outer loop
      vertex 17.7032 8.63542 129.137
      vertex 17.4801 8.47556 129.137
      vertex 17.7801 7.95594 128.538
    endloop
  endfacet
  facet normal -0.516912 0.484137 0.705984
    outer loop
      vertex 15.857 10.7406 129.137
      vertex 15.4614 11.1917 128.538
      vertex 15.6694 10.5403 129.137
    endloop
  endfacet
  facet normal -0.292429 0.645005 0.706012
    outer loop
      vertex 16.1372 11.5819 128.538
      vertex 15.7801 11.42 128.538
      vertex 16.3301 11.0137 129.137
    endloop
  endfacet
  facet normal -0.66282 0.249415 0.706018
    outer loop
      vertex 14.9863 10.5726 128.538
      vertex 14.8482 10.2056 128.538
      vertex 15.4278 10.0503 129.137
    endloop
  endfacet
  facet normal 0.516928 -0.484123 0.705982
    outer loop
      vertex 18.3668 8.47047 128.538
      vertex 17.8908 8.83572 129.137
      vertex 18.0988 8.18431 128.538
    endloop
  endfacet
  facet normal 0.0231732 -0.70784 0.705993
    outer loop
      vertex 16.6885 8.29099 129.137
      vertex 16.6493 7.69227 128.538
      vertex 16.9628 8.29997 129.137
    endloop
  endfacet
  facet normal 0.707853 0.0232252 0.705977
    outer loop
      vertex 18.7758 9.55719 128.538
      vertex 18.1681 9.87073 129.137
      vertex 18.1771 9.59643 129.137
    endloop
  endfacet
  facet normal 0.249435 0.662872 0.705962
    outer loop
      vertex 17.2977 11.6198 128.538
      vertex 17.1424 11.0403 129.137
      vertex 17.6647 11.4817 128.538
    endloop
  endfacet
  facet normal 0.0231792 -0.707841 0.705991
    outer loop
      vertex 16.9628 8.29997 129.137
      vertex 16.6493 7.69227 128.538
      vertex 17.0411 7.7051 128.538
    endloop
  endfacet
  facet normal 0.516909 -0.484134 0.705988
    outer loop
      vertex 17.8908 8.83572 129.137
      vertex 17.7032 8.63542 129.137
      vertex 18.0988 8.18431 128.538
    endloop
  endfacet
  facet normal -0.484147 -0.516895 0.705989
    outer loop
      vertex 15.7275 8.76491 129.137
      vertex 15.2764 8.3693 128.538
      vertex 15.9278 8.5773 129.137
    endloop
  endfacet
  facet normal -0.249509 -0.66281 0.705995
    outer loop
      vertex 16.1609 8.43237 129.137
      vertex 15.8955 7.89425 128.538
      vertex 16.4177 8.3357 129.137
    endloop
  endfacet
  facet normal -0.68971 -0.16077 0.706012
    outer loop
      vertex 15.3921 9.50525 129.137
      vertex 14.8862 9.04511 128.538
      vertex 15.4544 9.23798 129.137
    endloop
  endfacet
  facet normal -0.662776 0.249476 0.706038
    outer loop
      vertex 15.5245 10.3072 129.137
      vertex 14.9863 10.5726 128.538
      vertex 15.4278 10.0503 129.137
    endloop
  endfacet
  facet normal 0 0 1
    outer loop
      vertex 18.1681 9.87073 129.137
      vertex 18.1324 9.32564 129.137
      vertex 18.1771 9.59643 129.137
    endloop
  endfacet
  facet normal 0 0 1
    outer loop
      vertex 18.1058 10.138 129.137
      vertex 18.1324 9.32564 129.137
      vertex 18.1681 9.87073 129.137
    endloop
  endfacet
  facet normal 0 0 1
    outer loop
      vertex 18.1058 10.138 129.137
      vertex 18.0357 9.06879 129.137
      vertex 18.1324 9.32564 129.137
    endloop
  endfacet
  facet normal 0 0 1
    outer loop
      vertex 17.9925 10.388 129.137
      vertex 18.0357 9.06879 129.137
      vertex 18.1058 10.138 129.137
    endloop
  endfacet
  facet normal 0 0 1
    outer loop
      vertex 17.9925 10.388 129.137
      vertex 17.8908 8.83572 129.137
      vertex 18.0357 9.06879 129.137
    endloop
  endfacet
  facet normal 0 0 1
    outer loop
      vertex 17.8327 10.6111 129.137
      vertex 17.8908 8.83572 129.137
      vertex 17.9925 10.388 129.137
    endloop
  endfacet
  facet normal 0 0 1
    outer loop
      vertex 17.8327 10.6111 129.137
      vertex 17.7032 8.63542 129.137
      vertex 17.8908 8.83572 129.137
    endloop
  endfacet
  facet normal 0 0 1
    outer loop
      vertex 17.6324 10.7987 129.137
      vertex 17.7032 8.63542 129.137
      vertex 17.8327 10.6111 129.137
    endloop
  endfacet
  facet normal 0 0 1
    outer loop
      vertex 17.6324 10.7987 129.137
      vertex 17.4801 8.47556 129.137
      vertex 17.7032 8.63542 129.137
    endloop
  endfacet
  facet normal 0 0 1
    outer loop
      vertex 17.3993 10.9436 129.137
      vertex 17.4801 8.47556 129.137
      vertex 17.6324 10.7987 129.137
    endloop
  endfacet
  facet normal 0 0 1
    outer loop
      vertex 17.3993 10.9436 129.137
      vertex 17.2301 8.36229 129.137
      vertex 17.4801 8.47556 129.137
    endloop
  endfacet
  facet normal 0 0 1
    outer loop
      vertex 17.1424 11.0403 129.137
      vertex 17.2301 8.36229 129.137
      vertex 17.3993 10.9436 129.137
    endloop
  endfacet
  facet normal 0 0 1
    outer loop
      vertex 17.1424 11.0403 129.137
      vertex 16.9628 8.29997 129.137
      vertex 17.2301 8.36229 129.137
    endloop
  endfacet
  facet normal 0 0 1
    outer loop
      vertex 16.8717 11.085 129.137
      vertex 16.9628 8.29997 129.137
      vertex 17.1424 11.0403 129.137
    endloop
  endfacet
  facet normal 0 0 1
    outer loop
      vertex 16.8717 11.085 129.137
      vertex 16.6885 8.29099 129.137
      vertex 16.9628 8.29997 129.137
    endloop
  endfacet
  facet normal -0 0 1
    outer loop
      vertex 16.5974 11.076 129.137
      vertex 16.6885 8.29099 129.137
      vertex 16.8717 11.085 129.137
    endloop
  endfacet
  facet normal 0 0 1
    outer loop
      vertex 16.5974 11.076 129.137
      vertex 16.4177 8.3357 129.137
      vertex 16.6885 8.29099 129.137
    endloop
  endfacet
  facet normal -0 0 1
    outer loop
      vertex 16.3301 11.0137 129.137
      vertex 16.4177 8.3357 129.137
      vertex 16.5974 11.076 129.137
    endloop
  endfacet
  facet normal 0 0 1
    outer loop
      vertex 16.3301 11.0137 129.137
      vertex 16.1609 8.43237 129.137
      vertex 16.4177 8.3357 129.137
    endloop
  endfacet
  facet normal -0 0 1
    outer loop
      vertex 16.0801 10.9004 129.137
      vertex 16.1609 8.43237 129.137
      vertex 16.3301 11.0137 129.137
    endloop
  endfacet
  facet normal 0 0 1
    outer loop
      vertex 16.0801 10.9004 129.137
      vertex 15.9278 8.5773 129.137
      vertex 16.1609 8.43237 129.137
    endloop
  endfacet
  facet normal -0 0 1
    outer loop
      vertex 15.857 10.7406 129.137
      vertex 15.9278 8.5773 129.137
      vertex 16.0801 10.9004 129.137
    endloop
  endfacet
  facet normal 0 0 1
    outer loop
      vertex 15.857 10.7406 129.137
      vertex 15.7275 8.76491 129.137
      vertex 15.9278 8.5773 129.137
    endloop
  endfacet
  facet normal -0 0 1
    outer loop
      vertex 15.6694 10.5403 129.137
      vertex 15.7275 8.76491 129.137
      vertex 15.857 10.7406 129.137
    endloop
  endfacet
  facet normal 0 0 1
    outer loop
      vertex 15.6694 10.5403 129.137
      vertex 15.5677 8.98799 129.137
      vertex 15.7275 8.76491 129.137
    endloop
  endfacet
  facet normal -0 0 1
    outer loop
      vertex 15.5245 10.3072 129.137
      vertex 15.5677 8.98799 129.137
      vertex 15.6694 10.5403 129.137
    endloop
  endfacet
  facet normal 0 0 1
    outer loop
      vertex 15.5245 10.3072 129.137
      vertex 15.4544 9.23798 129.137
      vertex 15.5677 8.98799 129.137
    endloop
  endfacet
  facet normal -0 0 1
    outer loop
      vertex 15.4278 10.0503 129.137
      vertex 15.4544 9.23798 129.137
      vertex 15.5245 10.3072 129.137
    endloop
  endfacet
  facet normal 0 0 1
    outer loop
      vertex 15.4278 10.0503 129.137
      vertex 15.3921 9.50525 129.137
      vertex 15.4544 9.23798 129.137
    endloop
  endfacet
  facet normal 0 -0 1
    outer loop
      vertex 15.3921 9.50525 129.137
      vertex 15.4278 10.0503 129.137
      vertex 15.3831 9.77956 129.137
    endloop
  endfacet
  facet normal -0.115368 -0.698764 0.705988
    outer loop
      vertex 16.6885 8.29099 129.137
      vertex 16.4177 8.3357 129.137
      vertex 16.6493 7.69227 128.538
    endloop
  endfacet
  facet normal -0.575708 -0.4124 0.706036
    outer loop
      vertex 15.5677 8.98799 129.137
      vertex 15.048 8.68799 128.538
      vertex 15.7275 8.76491 129.137
    endloop
  endfacet
  facet normal 0.645005 0.292429 0.706012
    outer loop
      vertex 18.5121 10.688 128.538
      vertex 18.1058 10.138 129.137
      vertex 18.674 10.3309 128.538
    endloop
  endfacet
  facet normal 0.645073 0.292347 0.705984
    outer loop
      vertex 18.5121 10.688 128.538
      vertex 17.9925 10.388 129.137
      vertex 18.1058 10.138 129.137
    endloop
  endfacet
  facet normal -0.292347 0.645073 0.705984
    outer loop
      vertex 16.3301 11.0137 129.137
      vertex 15.7801 11.42 128.538
      vertex 16.0801 10.9004 129.137
    endloop
  endfacet
  facet normal 0.698774 -0.115348 0.705981
    outer loop
      vertex 18.1771 9.59643 129.137
      vertex 18.1324 9.32564 129.137
      vertex 18.7758 9.55719 128.538
    endloop
  endfacet
  facet normal 0.689716 0.160752 0.706011
    outer loop
      vertex 18.674 10.3309 128.538
      vertex 18.1681 9.87073 129.137
      vertex 18.763 9.94904 128.538
    endloop
  endfacet
  facet normal -0.64502 -0.292335 0.706038
    outer loop
      vertex 15.4544 9.23798 129.137
      vertex 15.048 8.68799 128.538
      vertex 15.5677 8.98799 129.137
    endloop
  endfacet
  facet normal 0.484137 0.516912 0.705984
    outer loop
      vertex 18.2838 11.0067 128.538
      vertex 17.6324 10.7987 129.137
      vertex 17.8327 10.6111 129.137
    endloop
  endfacet
  facet normal -0.249447 -0.662855 0.705974
    outer loop
      vertex 16.4177 8.3357 129.137
      vertex 15.8955 7.89425 128.538
      vertex 16.2625 7.75614 128.538
    endloop
  endfacet
  facet normal -0.374022 -0.601419 0.705977
    outer loop
      vertex 15.9278 8.5773 129.137
      vertex 15.5626 8.10128 128.538
      vertex 15.8955 7.89425 128.538
    endloop
  endfacet
  facet normal 0.707828 0.0231216 0.706006
    outer loop
      vertex 18.763 9.94904 128.538
      vertex 18.1681 9.87073 129.137
      vertex 18.7758 9.55719 128.538
    endloop
  endfacet
  facet normal -0.707853 -0.0232244 0.705977
    outer loop
      vertex 15.3831 9.77956 129.137
      vertex 14.7844 9.8188 128.538
      vertex 15.3921 9.50525 129.137
    endloop
  endfacet
  facet normal 0.249496 0.662828 0.705983
    outer loop
      vertex 17.6647 11.4817 128.538
      vertex 17.1424 11.0403 129.137
      vertex 17.3993 10.9436 129.137
    endloop
  endfacet
  facet normal 0.160792 -0.689727 0.70599
    outer loop
      vertex 17.423 7.79413 128.538
      vertex 16.9628 8.29997 129.137
      vertex 17.0411 7.7051 128.538
    endloop
  endfacet
  facet normal 0.412515 -0.575683 0.705989
    outer loop
      vertex 18.0988 8.18431 128.538
      vertex 17.7032 8.63542 129.137
      vertex 17.7801 7.95594 128.538
    endloop
  endfacet
  facet normal -0.516974 0.484099 0.705964
    outer loop
      vertex 15.4614 11.1917 128.538
      vertex 15.1934 10.9055 128.538
      vertex 15.6694 10.5403 129.137
    endloop
  endfacet
  facet normal 0.689706 0.160769 0.706016
    outer loop
      vertex 18.674 10.3309 128.538
      vertex 18.1058 10.138 129.137
      vertex 18.1681 9.87073 129.137
    endloop
  endfacet
  facet normal -0.412403 0.575763 0.705989
    outer loop
      vertex 16.0801 10.9004 129.137
      vertex 15.7801 11.42 128.538
      vertex 15.857 10.7406 129.137
    endloop
  endfacet
  facet normal -0.645078 -0.292265 0.706014
    outer loop
      vertex 15.4544 9.23798 129.137
      vertex 14.8862 9.04511 128.538
      vertex 15.048 8.68799 128.538
    endloop
  endfacet
  facet normal -0.69876 0.115256 0.706011
    outer loop
      vertex 14.8482 10.2056 128.538
      vertex 14.7844 9.8188 128.538
      vertex 15.4278 10.0503 129.137
    endloop
  endfacet
  facet normal -0.698772 0.115369 0.70598
    outer loop
      vertex 15.4278 10.0503 129.137
      vertex 14.7844 9.8188 128.538
      vertex 15.3831 9.77956 129.137
    endloop
  endfacet
  facet normal -0.707828 -0.023121 0.706006
    outer loop
      vertex 15.3921 9.50525 129.137
      vertex 14.7844 9.8188 128.538
      vertex 14.7972 9.42694 128.538
    endloop
  endfacet
  facet normal 0.662862 -0.249472 0.705959
    outer loop
      vertex 18.7119 9.17035 128.538
      vertex 18.1324 9.32564 129.137
      vertex 18.5738 8.80341 128.538
    endloop
  endfacet
  facet normal 0.698783 -0.115428 0.705959
    outer loop
      vertex 18.7758 9.55719 128.538
      vertex 18.1324 9.32564 129.137
      vertex 18.7119 9.17035 128.538
    endloop
  endfacet
  facet normal -0.160773 0.6897 0.706022
    outer loop
      vertex 16.519 11.6709 128.538
      vertex 16.1372 11.5819 128.538
      vertex 16.5974 11.076 129.137
    endloop
  endfacet
  facet normal -0.0231186 0.707827 0.706008
    outer loop
      vertex 16.9109 11.6837 128.538
      vertex 16.519 11.6709 128.538
      vertex 16.5974 11.076 129.137
    endloop
  endfacet
  facet normal 0.2923 -0.645079 0.705998
    outer loop
      vertex 17.7801 7.95594 128.538
      vertex 17.2301 8.36229 129.137
      vertex 17.423 7.79413 128.538
    endloop
  endfacet
  facet normal -0.601439 0.373867 0.706041
    outer loop
      vertex 15.6694 10.5403 129.137
      vertex 14.9863 10.5726 128.538
      vertex 15.5245 10.3072 129.137
    endloop
  endfacet
  facet normal -0.160752 0.689711 0.706015
    outer loop
      vertex 16.5974 11.076 129.137
      vertex 16.1372 11.5819 128.538
      vertex 16.3301 11.0137 129.137
    endloop
  endfacet
  facet normal 0.662813 -0.249539 0.705981
    outer loop
      vertex 18.1324 9.32564 129.137
      vertex 18.0357 9.06879 129.137
      vertex 18.5738 8.80341 128.538
    endloop
  endfacet
  facet normal 0.601467 -0.373933 0.705983
    outer loop
      vertex 18.0357 9.06879 129.137
      vertex 17.8908 8.83572 129.137
      vertex 18.5738 8.80341 128.538
    endloop
  endfacet
  facet normal -0.0327288 -0.999464 0
    outer loop
      vertex -17.0411 7.7051 123.137
      vertex -16.6493 7.69227 128.538
      vertex -17.0411 7.7051 128.538
    endloop
  endfacet
  facet normal -0.0327288 -0.999464 -0
    outer loop
      vertex -16.6493 7.69227 128.538
      vertex -17.0411 7.7051 123.137
      vertex -16.6493 7.69227 123.137
    endloop
  endfacet
  facet normal -0.849243 -0.528003 0
    outer loop
      vertex -18.3668 8.47047 123.137
      vertex -18.5738 8.80341 128.538
      vertex -18.5738 8.80341 123.137
    endloop
  endfacet
  facet normal -0.849243 -0.528003 0
    outer loop
      vertex -18.5738 8.80341 128.538
      vertex -18.3668 8.47047 123.137
      vertex -18.3668 8.47047 128.538
    endloop
  endfacet
  facet normal -0.973898 0.226986 0
    outer loop
      vertex -18.763 9.94904 123.137
      vertex -18.674 10.3309 128.538
      vertex -18.674 10.3309 123.137
    endloop
  endfacet
  facet normal -0.973898 0.226986 0
    outer loop
      vertex -18.674 10.3309 128.538
      vertex -18.763 9.94904 123.137
      vertex -18.763 9.94904 128.538
    endloop
  endfacet
  facet normal -0.910768 0.412919 0
    outer loop
      vertex -18.674 10.3309 123.137
      vertex -18.5121 10.688 128.538
      vertex -18.5121 10.688 123.137
    endloop
  endfacet
  facet normal -0.910768 0.412919 0
    outer loop
      vertex -18.5121 10.688 128.538
      vertex -18.674 10.3309 123.137
      vertex -18.674 10.3309 128.538
    endloop
  endfacet
  facet normal -0.999467 0.0326481 0
    outer loop
      vertex -18.7758 9.55719 123.137
      vertex -18.763 9.94904 128.538
      vertex -18.763 9.94904 123.137
    endloop
  endfacet
  facet normal -0.999467 0.0326481 0
    outer loop
      vertex -18.763 9.94904 128.538
      vertex -18.7758 9.55719 123.137
      vertex -18.7758 9.55719 128.538
    endloop
  endfacet
  facet normal -0.582466 -0.812855 0
    outer loop
      vertex -18.0988 8.18431 123.137
      vertex -17.7801 7.95594 128.538
      vertex -18.0988 8.18431 128.538
    endloop
  endfacet
  facet normal -0.582466 -0.812855 -0
    outer loop
      vertex -17.7801 7.95594 128.538
      vertex -18.0988 8.18431 123.137
      vertex -17.7801 7.95594 123.137
    endloop
  endfacet
  facet normal 0.412919 0.910768 -0
    outer loop
      vertex -15.7801 11.42 123.137
      vertex -16.1372 11.5819 128.538
      vertex -15.7801 11.42 128.538
    endloop
  endfacet
  facet normal 0.412919 0.910768 0
    outer loop
      vertex -16.1372 11.5819 128.538
      vertex -15.7801 11.42 123.137
      vertex -16.1372 11.5819 123.137
    endloop
  endfacet
  facet normal -0.729887 -0.683568 0
    outer loop
      vertex -18.0988 8.18431 123.137
      vertex -18.3668 8.47047 128.538
      vertex -18.3668 8.47047 123.137
    endloop
  endfacet
  facet normal -0.729887 -0.683568 0
    outer loop
      vertex -18.3668 8.47047 128.538
      vertex -18.0988 8.18431 123.137
      vertex -18.0988 8.18431 128.538
    endloop
  endfacet
  facet normal -0.935911 -0.352236 0
    outer loop
      vertex -18.5738 8.80341 123.137
      vertex -18.7119 9.17035 128.538
      vertex -18.7119 9.17035 123.137
    endloop
  endfacet
  facet normal -0.935911 -0.352236 0
    outer loop
      vertex -18.7119 9.17035 128.538
      vertex -18.5738 8.80341 123.137
      vertex -18.5738 8.80341 128.538
    endloop
  endfacet
  facet normal -0.352185 0.93593 0
    outer loop
      vertex -17.2977 11.6198 123.137
      vertex -17.6647 11.4817 128.538
      vertex -17.2977 11.6198 128.538
    endloop
  endfacet
  facet normal -0.352185 0.93593 0
    outer loop
      vertex -17.6647 11.4817 128.538
      vertex -17.2977 11.6198 123.137
      vertex -17.6647 11.4817 123.137
    endloop
  endfacet
  facet normal 0.162918 -0.98664 0
    outer loop
      vertex -16.6493 7.69227 123.137
      vertex -16.2625 7.75614 128.538
      vertex -16.6493 7.69227 128.538
    endloop
  endfacet
  facet normal 0.162918 -0.98664 0
    outer loop
      vertex -16.2625 7.75614 128.538
      vertex -16.6493 7.69227 123.137
      vertex -16.2625 7.75614 123.137
    endloop
  endfacet
  facet normal 0.032644 0.999467 -0
    outer loop
      vertex -16.519 11.6709 123.137
      vertex -16.9109 11.6837 128.538
      vertex -16.519 11.6709 128.538
    endloop
  endfacet
  facet normal 0.032644 0.999467 0
    outer loop
      vertex -16.9109 11.6837 128.538
      vertex -16.519 11.6709 123.137
      vertex -16.9109 11.6837 123.137
    endloop
  endfacet
  facet normal 0.999467 -0.0326473 0
    outer loop
      vertex -14.7972 9.42694 128.538
      vertex -14.7844 9.8188 123.137
      vertex -14.7844 9.8188 128.538
    endloop
  endfacet
  facet normal 0.999467 -0.0326473 0
    outer loop
      vertex -14.7844 9.8188 123.137
      vertex -14.7972 9.42694 128.538
      vertex -14.7972 9.42694 123.137
    endloop
  endfacet
  facet normal -0.81294 0.582348 0
    outer loop
      vertex -18.5121 10.688 123.137
      vertex -18.2838 11.0067 128.538
      vertex -18.2838 11.0067 123.137
    endloop
  endfacet
  facet normal -0.81294 0.582348 0
    outer loop
      vertex -18.2838 11.0067 128.538
      vertex -18.5121 10.688 123.137
      vertex -18.5121 10.688 128.538
    endloop
  endfacet
  facet normal -0.227036 -0.973886 0
    outer loop
      vertex -17.423 7.79413 123.137
      vertex -17.0411 7.7051 128.538
      vertex -17.423 7.79413 128.538
    endloop
  endfacet
  facet normal -0.227036 -0.973886 -0
    outer loop
      vertex -17.0411 7.7051 128.538
      vertex -17.423 7.79413 123.137
      vertex -17.0411 7.7051 123.137
    endloop
  endfacet
  facet normal 0.582348 0.81294 -0
    outer loop
      vertex -15.4614 11.1917 123.137
      vertex -15.7801 11.42 128.538
      vertex -15.4614 11.1917 128.538
    endloop
  endfacet
  facet normal 0.582348 0.81294 0
    outer loop
      vertex -15.7801 11.42 128.538
      vertex -15.4614 11.1917 123.137
      vertex -15.7801 11.42 123.137
    endloop
  endfacet
  facet normal 0.528104 -0.84918 0
    outer loop
      vertex -15.8955 7.89425 123.137
      vertex -15.5626 8.10128 128.538
      vertex -15.8955 7.89425 128.538
    endloop
  endfacet
  facet normal 0.528104 -0.84918 0
    outer loop
      vertex -15.5626 8.10128 128.538
      vertex -15.8955 7.89425 123.137
      vertex -15.5626 8.10128 123.137
    endloop
  endfacet
  facet normal 0.22702 0.97389 -0
    outer loop
      vertex -16.1372 11.5819 123.137
      vertex -16.519 11.6709 128.538
      vertex -16.1372 11.5819 128.538
    endloop
  endfacet
  facet normal 0.22702 0.97389 0
    outer loop
      vertex -16.519 11.6709 128.538
      vertex -16.1372 11.5819 123.137
      vertex -16.519 11.6709 123.137
    endloop
  endfacet
  facet normal 0.729935 0.683517 0
    outer loop
      vertex -15.1934 10.9055 128.538
      vertex -15.4614 11.1917 123.137
      vertex -15.4614 11.1917 128.538
    endloop
  endfacet
  facet normal 0.729935 0.683517 0
    outer loop
      vertex -15.4614 11.1917 123.137
      vertex -15.1934 10.9055 128.538
      vertex -15.1934 10.9055 123.137
    endloop
  endfacet
  facet normal -0.683517 0.729935 0
    outer loop
      vertex -17.9976 11.2747 123.137
      vertex -18.2838 11.0067 128.538
      vertex -17.9976 11.2747 128.538
    endloop
  endfacet
  facet normal -0.683517 0.729935 0
    outer loop
      vertex -18.2838 11.0067 128.538
      vertex -17.9976 11.2747 123.137
      vertex -18.2838 11.0067 123.137
    endloop
  endfacet
  facet normal -0.98663 -0.162976 0
    outer loop
      vertex -18.7119 9.17035 123.137
      vertex -18.7758 9.55719 128.538
      vertex -18.7758 9.55719 123.137
    endloop
  endfacet
  facet normal -0.98663 -0.162976 0
    outer loop
      vertex -18.7758 9.55719 128.538
      vertex -18.7119 9.17035 123.137
      vertex -18.7119 9.17035 128.538
    endloop
  endfacet
  facet normal 0.81281 -0.582528 0
    outer loop
      vertex -15.2764 8.3693 128.538
      vertex -15.048 8.68799 123.137
      vertex -15.048 8.68799 128.538
    endloop
  endfacet
  facet normal 0.81281 -0.582528 0
    outer loop
      vertex -15.048 8.68799 123.137
      vertex -15.2764 8.3693 128.538
      vertex -15.2764 8.3693 123.137
    endloop
  endfacet
  facet normal -0.162992 0.986627 0
    outer loop
      vertex -16.9109 11.6837 123.137
      vertex -17.2977 11.6198 128.538
      vertex -16.9109 11.6837 128.538
    endloop
  endfacet
  facet normal -0.162992 0.986627 0
    outer loop
      vertex -17.2977 11.6198 128.538
      vertex -16.9109 11.6837 123.137
      vertex -17.2977 11.6198 123.137
    endloop
  endfacet
  facet normal 0.93593 0.352185 0
    outer loop
      vertex -14.8482 10.2056 128.538
      vertex -14.9863 10.5726 123.137
      vertex -14.9863 10.5726 128.538
    endloop
  endfacet
  facet normal 0.93593 0.352185 0
    outer loop
      vertex -14.9863 10.5726 123.137
      vertex -14.8482 10.2056 128.538
      vertex -14.8482 10.2056 123.137
    endloop
  endfacet
  facet normal -0.412728 -0.910854 0
    outer loop
      vertex -17.7801 7.95594 123.137
      vertex -17.423 7.79413 128.538
      vertex -17.7801 7.95594 128.538
    endloop
  endfacet
  facet normal -0.412728 -0.910854 -0
    outer loop
      vertex -17.423 7.79413 128.538
      vertex -17.7801 7.95594 123.137
      vertex -17.423 7.79413 123.137
    endloop
  endfacet
  facet normal -0.528048 0.849214 0
    outer loop
      vertex -17.6647 11.4817 123.137
      vertex -17.9976 11.2747 128.538
      vertex -17.6647 11.4817 128.538
    endloop
  endfacet
  facet normal -0.528048 0.849214 0
    outer loop
      vertex -17.9976 11.2747 128.538
      vertex -17.6647 11.4817 123.137
      vertex -17.9976 11.2747 123.137
    endloop
  endfacet
  facet normal 0.973894 -0.227003 0
    outer loop
      vertex -14.8862 9.04511 128.538
      vertex -14.7972 9.42694 123.137
      vertex -14.7972 9.42694 128.538
    endloop
  endfacet
  facet normal 0.973894 -0.227003 0
    outer loop
      vertex -14.7972 9.42694 123.137
      vertex -14.8862 9.04511 128.538
      vertex -14.8862 9.04511 123.137
    endloop
  endfacet
  facet normal 0.910872 -0.412688 0
    outer loop
      vertex -15.048 8.68799 128.538
      vertex -14.8862 9.04511 123.137
      vertex -14.8862 9.04511 128.538
    endloop
  endfacet
  facet normal 0.910872 -0.412688 0
    outer loop
      vertex -14.8862 9.04511 123.137
      vertex -15.048 8.68799 128.538
      vertex -15.048 8.68799 123.137
    endloop
  endfacet
  facet normal 0.986668 0.162744 0
    outer loop
      vertex -14.7844 9.8188 128.538
      vertex -14.8482 10.2056 123.137
      vertex -14.8482 10.2056 128.538
    endloop
  endfacet
  facet normal 0.986668 0.162744 0
    outer loop
      vertex -14.8482 10.2056 123.137
      vertex -14.7844 9.8188 128.538
      vertex -14.7844 9.8188 123.137
    endloop
  endfacet
  facet normal 0.352208 -0.935922 0
    outer loop
      vertex -16.2625 7.75614 123.137
      vertex -15.8955 7.89425 128.538
      vertex -16.2625 7.75614 128.538
    endloop
  endfacet
  facet normal 0.352208 -0.935922 0
    outer loop
      vertex -15.8955 7.89425 128.538
      vertex -16.2625 7.75614 123.137
      vertex -15.8955 7.89425 123.137
    endloop
  endfacet
  facet normal 0.683544 -0.729909 0
    outer loop
      vertex -15.5626 8.10128 123.137
      vertex -15.2764 8.3693 128.538
      vertex -15.5626 8.10128 128.538
    endloop
  endfacet
  facet normal 0.683544 -0.729909 0
    outer loop
      vertex -15.2764 8.3693 128.538
      vertex -15.5626 8.10128 123.137
      vertex -15.2764 8.3693 123.137
    endloop
  endfacet
  facet normal 0.8491 0.528232 0
    outer loop
      vertex -14.9863 10.5726 128.538
      vertex -15.1934 10.9055 123.137
      vertex -15.1934 10.9055 128.538
    endloop
  endfacet
  facet normal 0.8491 0.528232 0
    outer loop
      vertex -15.1934 10.9055 123.137
      vertex -14.9863 10.5726 128.538
      vertex -14.9863 10.5726 123.137
    endloop
  endfacet
  facet normal 0.412403 0.575763 0.705989
    outer loop
      vertex -15.7801 11.42 128.538
      vertex -16.0801 10.9004 129.137
      vertex -15.857 10.7406 129.137
    endloop
  endfacet
  facet normal -0.645073 0.292347 0.705984
    outer loop
      vertex -17.9925 10.388 129.137
      vertex -18.5121 10.688 128.538
      vertex -18.1058 10.138 129.137
    endloop
  endfacet
  facet normal -0.645005 0.292429 0.706012
    outer loop
      vertex -18.5121 10.688 128.538
      vertex -18.674 10.3309 128.538
      vertex -18.1058 10.138 129.137
    endloop
  endfacet
  facet normal -0.662862 -0.249472 0.705959
    outer loop
      vertex -18.1324 9.32564 129.137
      vertex -18.7119 9.17035 128.538
      vertex -18.5738 8.80341 128.538
    endloop
  endfacet
  facet normal 0.484113 -0.516951 0.705972
    outer loop
      vertex -15.2764 8.3693 128.538
      vertex -15.9278 8.5773 129.137
      vertex -15.5626 8.10128 128.538
    endloop
  endfacet
  facet normal -0.662813 -0.249539 0.705981
    outer loop
      vertex -18.1324 9.32564 129.137
      vertex -18.5738 8.80341 128.538
      vertex -18.0357 9.06879 129.137
    endloop
  endfacet
  facet normal 0.645078 -0.292265 0.706014
    outer loop
      vertex -14.8862 9.04511 128.538
      vertex -15.4544 9.23798 129.137
      vertex -15.048 8.68799 128.538
    endloop
  endfacet
  facet normal -0.2923 -0.645079 0.705998
    outer loop
      vertex -17.2301 8.36229 129.137
      vertex -17.7801 7.95594 128.538
      vertex -17.423 7.79413 128.538
    endloop
  endfacet
  facet normal 0.0231186 0.707827 0.706008
    outer loop
      vertex -16.519 11.6709 128.538
      vertex -16.9109 11.6837 128.538
      vertex -16.5974 11.076 129.137
    endloop
  endfacet
  facet normal -0.707853 0.0232252 0.705977
    outer loop
      vertex -18.1681 9.87073 129.137
      vertex -18.7758 9.55719 128.538
      vertex -18.1771 9.59643 129.137
    endloop
  endfacet
  facet normal -0.689716 0.160752 0.706011
    outer loop
      vertex -18.674 10.3309 128.538
      vertex -18.763 9.94904 128.538
      vertex -18.1681 9.87073 129.137
    endloop
  endfacet
  facet normal 0.516912 0.484137 0.705984
    outer loop
      vertex -15.4614 11.1917 128.538
      vertex -15.857 10.7406 129.137
      vertex -15.6694 10.5403 129.137
    endloop
  endfacet
  facet normal -0.0231792 -0.707841 0.705991
    outer loop
      vertex -16.9628 8.29997 129.137
      vertex -17.0411 7.7051 128.538
      vertex -16.6493 7.69227 128.538
    endloop
  endfacet
  facet normal 0.707853 -0.0232244 0.705977
    outer loop
      vertex -15.3831 9.77956 129.137
      vertex -15.3921 9.50525 129.137
      vertex -14.7844 9.8188 128.538
    endloop
  endfacet
  facet normal -0.707828 0.0231216 0.706006
    outer loop
      vertex -18.763 9.94904 128.538
      vertex -18.7758 9.55719 128.538
      vertex -18.1681 9.87073 129.137
    endloop
  endfacet
  facet normal 0.689714 -0.160764 0.70601
    outer loop
      vertex -14.7972 9.42694 128.538
      vertex -15.3921 9.50525 129.137
      vertex -14.8862 9.04511 128.538
    endloop
  endfacet
  facet normal 0.66282 0.249415 0.706018
    outer loop
      vertex -14.9863 10.5726 128.538
      vertex -15.4278 10.0503 129.137
      vertex -14.8482 10.2056 128.538
    endloop
  endfacet
  facet normal -0.601467 -0.373933 0.705983
    outer loop
      vertex -18.0357 9.06879 129.137
      vertex -18.5738 8.80341 128.538
      vertex -17.8908 8.83572 129.137
    endloop
  endfacet
  facet normal 0.292347 0.645073 0.705984
    outer loop
      vertex -15.7801 11.42 128.538
      vertex -16.3301 11.0137 129.137
      vertex -16.0801 10.9004 129.137
    endloop
  endfacet
  facet normal -0.160806 -0.68972 0.705994
    outer loop
      vertex -17.2301 8.36229 129.137
      vertex -17.423 7.79413 128.538
      vertex -16.9628 8.29997 129.137
    endloop
  endfacet
  facet normal -0.412515 -0.575683 0.705989
    outer loop
      vertex -17.7032 8.63542 129.137
      vertex -18.0988 8.18431 128.538
      vertex -17.7801 7.95594 128.538
    endloop
  endfacet
  facet normal 0.115383 -0.698766 0.705984
    outer loop
      vertex -16.4177 8.3357 129.137
      vertex -16.6493 7.69227 128.538
      vertex -16.2625 7.75614 128.538
    endloop
  endfacet
  facet normal 0.160773 0.6897 0.706022
    outer loop
      vertex -16.519 11.6709 128.538
      vertex -16.5974 11.076 129.137
      vertex -16.1372 11.5819 128.538
    endloop
  endfacet
  facet normal 0.601439 0.373867 0.706041
    outer loop
      vertex -14.9863 10.5726 128.538
      vertex -15.6694 10.5403 129.137
      vertex -15.5245 10.3072 129.137
    endloop
  endfacet
  facet normal -0.373894 0.601481 0.705991
    outer loop
      vertex -17.3993 10.9436 129.137
      vertex -17.6647 11.4817 128.538
      vertex -17.6324 10.7987 129.137
    endloop
  endfacet
  facet normal -0.698783 -0.115428 0.705959
    outer loop
      vertex -18.1324 9.32564 129.137
      vertex -18.7758 9.55719 128.538
      vertex -18.7119 9.17035 128.538
    endloop
  endfacet
  facet normal 0.601366 0.374115 0.705972
    outer loop
      vertex -15.1934 10.9055 128.538
      vertex -15.6694 10.5403 129.137
      vertex -14.9863 10.5726 128.538
    endloop
  endfacet
  facet normal 0.160752 0.689711 0.706015
    outer loop
      vertex -16.1372 11.5819 128.538
      vertex -16.5974 11.076 129.137
      vertex -16.3301 11.0137 129.137
    endloop
  endfacet
  facet normal 0.68971 -0.16077 0.706012
    outer loop
      vertex -15.3921 9.50525 129.137
      vertex -15.4544 9.23798 129.137
      vertex -14.8862 9.04511 128.538
    endloop
  endfacet
  facet normal 0.698772 0.115369 0.70598
    outer loop
      vertex -14.7844 9.8188 128.538
      vertex -15.4278 10.0503 129.137
      vertex -15.3831 9.77956 129.137
    endloop
  endfacet
  facet normal 0.484147 -0.516895 0.705989
    outer loop
      vertex -15.7275 8.76491 129.137
      vertex -15.9278 8.5773 129.137
      vertex -15.2764 8.3693 128.538
    endloop
  endfacet
  facet normal 0.115368 -0.698764 0.705988
    outer loop
      vertex -16.4177 8.3357 129.137
      vertex -16.6885 8.29099 129.137
      vertex -16.6493 7.69227 128.538
    endloop
  endfacet
  facet normal 0 0 1
    outer loop
      vertex -15.4278 10.0503 129.137
      vertex -15.3921 9.50525 129.137
      vertex -15.3831 9.77956 129.137
    endloop
  endfacet
  facet normal 0 0 1
    outer loop
      vertex -15.4278 10.0503 129.137
      vertex -15.4544 9.23798 129.137
      vertex -15.3921 9.50525 129.137
    endloop
  endfacet
  facet normal 0 0 1
    outer loop
      vertex -15.5245 10.3072 129.137
      vertex -15.4544 9.23798 129.137
      vertex -15.4278 10.0503 129.137
    endloop
  endfacet
  facet normal 0 0 1
    outer loop
      vertex -15.5245 10.3072 129.137
      vertex -15.5677 8.98799 129.137
      vertex -15.4544 9.23798 129.137
    endloop
  endfacet
  facet normal 0 0 1
    outer loop
      vertex -15.6694 10.5403 129.137
      vertex -15.5677 8.98799 129.137
      vertex -15.5245 10.3072 129.137
    endloop
  endfacet
  facet normal 0 0 1
    outer loop
      vertex -15.6694 10.5403 129.137
      vertex -15.7275 8.76491 129.137
      vertex -15.5677 8.98799 129.137
    endloop
  endfacet
  facet normal 0 0 1
    outer loop
      vertex -15.857 10.7406 129.137
      vertex -15.7275 8.76491 129.137
      vertex -15.6694 10.5403 129.137
    endloop
  endfacet
  facet normal 0 0 1
    outer loop
      vertex -15.857 10.7406 129.137
      vertex -15.9278 8.5773 129.137
      vertex -15.7275 8.76491 129.137
    endloop
  endfacet
  facet normal 0 0 1
    outer loop
      vertex -16.0801 10.9004 129.137
      vertex -15.9278 8.5773 129.137
      vertex -15.857 10.7406 129.137
    endloop
  endfacet
  facet normal 0 0 1
    outer loop
      vertex -16.0801 10.9004 129.137
      vertex -16.1609 8.43237 129.137
      vertex -15.9278 8.5773 129.137
    endloop
  endfacet
  facet normal 0 0 1
    outer loop
      vertex -16.3301 11.0137 129.137
      vertex -16.1609 8.43237 129.137
      vertex -16.0801 10.9004 129.137
    endloop
  endfacet
  facet normal 0 0 1
    outer loop
      vertex -16.3301 11.0137 129.137
      vertex -16.4177 8.3357 129.137
      vertex -16.1609 8.43237 129.137
    endloop
  endfacet
  facet normal 0 0 1
    outer loop
      vertex -16.5974 11.076 129.137
      vertex -16.4177 8.3357 129.137
      vertex -16.3301 11.0137 129.137
    endloop
  endfacet
  facet normal 0 0 1
    outer loop
      vertex -16.5974 11.076 129.137
      vertex -16.6885 8.29099 129.137
      vertex -16.4177 8.3357 129.137
    endloop
  endfacet
  facet normal 0 0 1
    outer loop
      vertex -16.8717 11.085 129.137
      vertex -16.6885 8.29099 129.137
      vertex -16.5974 11.076 129.137
    endloop
  endfacet
  facet normal 0 0 1
    outer loop
      vertex -16.8717 11.085 129.137
      vertex -16.9628 8.29997 129.137
      vertex -16.6885 8.29099 129.137
    endloop
  endfacet
  facet normal -0 0 1
    outer loop
      vertex -17.1424 11.0403 129.137
      vertex -16.9628 8.29997 129.137
      vertex -16.8717 11.085 129.137
    endloop
  endfacet
  facet normal 0 0 1
    outer loop
      vertex -17.1424 11.0403 129.137
      vertex -17.2301 8.36229 129.137
      vertex -16.9628 8.29997 129.137
    endloop
  endfacet
  facet normal -0 0 1
    outer loop
      vertex -17.3993 10.9436 129.137
      vertex -17.2301 8.36229 129.137
      vertex -17.1424 11.0403 129.137
    endloop
  endfacet
  facet normal 0 0 1
    outer loop
      vertex -17.3993 10.9436 129.137
      vertex -17.4801 8.47556 129.137
      vertex -17.2301 8.36229 129.137
    endloop
  endfacet
  facet normal -0 0 1
    outer loop
      vertex -17.6324 10.7987 129.137
      vertex -17.4801 8.47556 129.137
      vertex -17.3993 10.9436 129.137
    endloop
  endfacet
  facet normal 0 0 1
    outer loop
      vertex -17.6324 10.7987 129.137
      vertex -17.7032 8.63542 129.137
      vertex -17.4801 8.47556 129.137
    endloop
  endfacet
  facet normal -0 0 1
    outer loop
      vertex -17.8327 10.6111 129.137
      vertex -17.7032 8.63542 129.137
      vertex -17.6324 10.7987 129.137
    endloop
  endfacet
  facet normal 0 0 1
    outer loop
      vertex -17.8327 10.6111 129.137
      vertex -17.8908 8.83572 129.137
      vertex -17.7032 8.63542 129.137
    endloop
  endfacet
  facet normal -0 0 1
    outer loop
      vertex -17.9925 10.388 129.137
      vertex -17.8908 8.83572 129.137
      vertex -17.8327 10.6111 129.137
    endloop
  endfacet
  facet normal 0 0 1
    outer loop
      vertex -17.9925 10.388 129.137
      vertex -18.0357 9.06879 129.137
      vertex -17.8908 8.83572 129.137
    endloop
  endfacet
  facet normal -0 0 1
    outer loop
      vertex -18.1058 10.138 129.137
      vertex -18.0357 9.06879 129.137
      vertex -17.9925 10.388 129.137
    endloop
  endfacet
  facet normal 0 0 1
    outer loop
      vertex -18.1058 10.138 129.137
      vertex -18.1324 9.32564 129.137
      vertex -18.0357 9.06879 129.137
    endloop
  endfacet
  facet normal -0 0 1
    outer loop
      vertex -18.1681 9.87073 129.137
      vertex -18.1324 9.32564 129.137
      vertex -18.1058 10.138 129.137
    endloop
  endfacet
  facet normal 0 0 1
    outer loop
      vertex -18.1324 9.32564 129.137
      vertex -18.1681 9.87073 129.137
      vertex -18.1771 9.59643 129.137
    endloop
  endfacet
  facet normal 0.662776 0.249476 0.706038
    outer loop
      vertex -14.9863 10.5726 128.538
      vertex -15.5245 10.3072 129.137
      vertex -15.4278 10.0503 129.137
    endloop
  endfacet
  facet normal 0.64502 -0.292335 0.706038
    outer loop
      vertex -15.4544 9.23798 129.137
      vertex -15.5677 8.98799 129.137
      vertex -15.048 8.68799 128.538
    endloop
  endfacet
  facet normal -0.575751 0.412438 0.705979
    outer loop
      vertex -18.2838 11.0067 128.538
      vertex -18.5121 10.688 128.538
      vertex -17.8327 10.6111 129.137
    endloop
  endfacet
  facet normal -0.575763 0.412403 0.705989
    outer loop
      vertex -17.8327 10.6111 129.137
      vertex -18.5121 10.688 128.538
      vertex -17.9925 10.388 129.137
    endloop
  endfacet
  facet normal -0.412503 -0.575687 0.705993
    outer loop
      vertex -17.7032 8.63542 129.137
      vertex -17.7801 7.95594 128.538
      vertex -17.4801 8.47556 129.137
    endloop
  endfacet
  facet normal -0.249496 0.662828 0.705983
    outer loop
      vertex -17.1424 11.0403 129.137
      vertex -17.6647 11.4817 128.538
      vertex -17.3993 10.9436 129.137
    endloop
  endfacet
  facet normal -0.484099 0.516974 0.705964
    outer loop
      vertex -17.9976 11.2747 128.538
      vertex -18.2838 11.0067 128.538
      vertex -17.6324 10.7987 129.137
    endloop
  endfacet
  facet normal 0.575708 -0.4124 0.706036
    outer loop
      vertex -15.5677 8.98799 129.137
      vertex -15.7275 8.76491 129.137
      vertex -15.048 8.68799 128.538
    endloop
  endfacet
  facet normal -0.689706 0.160769 0.706016
    outer loop
      vertex -18.1058 10.138 129.137
      vertex -18.674 10.3309 128.538
      vertex -18.1681 9.87073 129.137
    endloop
  endfacet
  facet normal 0.69876 0.115256 0.706011
    outer loop
      vertex -14.8482 10.2056 128.538
      vertex -15.4278 10.0503 129.137
      vertex -14.7844 9.8188 128.538
    endloop
  endfacet
  facet normal 0.707828 -0.023121 0.706006
    outer loop
      vertex -14.7844 9.8188 128.538
      vertex -15.3921 9.50525 129.137
      vertex -14.7972 9.42694 128.538
    endloop
  endfacet
  facet normal -0.373989 0.601454 0.705964
    outer loop
      vertex -17.6647 11.4817 128.538
      vertex -17.9976 11.2747 128.538
      vertex -17.6324 10.7987 129.137
    endloop
  endfacet
  facet normal 0.373946 -0.601441 0.705998
    outer loop
      vertex -15.9278 8.5773 129.137
      vertex -16.1609 8.43237 129.137
      vertex -15.8955 7.89425 128.538
    endloop
  endfacet
  facet normal -0.698774 -0.115348 0.705981
    outer loop
      vertex -18.1771 9.59643 129.137
      vertex -18.7758 9.55719 128.538
      vertex -18.1324 9.32564 129.137
    endloop
  endfacet
  facet normal 0.516974 0.484099 0.705964
    outer loop
      vertex -15.4614 11.1917 128.538
      vertex -15.6694 10.5403 129.137
      vertex -15.1934 10.9055 128.538
    endloop
  endfacet
  facet normal 0.292429 0.645005 0.706012
    outer loop
      vertex -16.1372 11.5819 128.538
      vertex -16.3301 11.0137 129.137
      vertex -15.7801 11.42 128.538
    endloop
  endfacet
  facet normal -0.160792 -0.689727 0.70599
    outer loop
      vertex -16.9628 8.29997 129.137
      vertex -17.423 7.79413 128.538
      vertex -17.0411 7.7051 128.538
    endloop
  endfacet
  facet normal -0.484137 0.516912 0.705984
    outer loop
      vertex -17.6324 10.7987 129.137
      vertex -18.2838 11.0067 128.538
      vertex -17.8327 10.6111 129.137
    endloop
  endfacet
  facet normal -0.29228 -0.645096 0.705991
    outer loop
      vertex -17.4801 8.47556 129.137
      vertex -17.7801 7.95594 128.538
      vertex -17.2301 8.36229 129.137
    endloop
  endfacet
  facet normal 0.57565 -0.412559 0.70599
    outer loop
      vertex -15.048 8.68799 128.538
      vertex -15.7275 8.76491 129.137
      vertex -15.2764 8.3693 128.538
    endloop
  endfacet
  facet normal 0.249447 -0.662855 0.705974
    outer loop
      vertex -15.8955 7.89425 128.538
      vertex -16.4177 8.3357 129.137
      vertex -16.2625 7.75614 128.538
    endloop
  endfacet
  facet normal 0.249509 -0.66281 0.705995
    outer loop
      vertex -16.1609 8.43237 129.137
      vertex -16.4177 8.3357 129.137
      vertex -15.8955 7.89425 128.538
    endloop
  endfacet
  facet normal 0.374022 -0.601419 0.705977
    outer loop
      vertex -15.5626 8.10128 128.538
      vertex -15.9278 8.5773 129.137
      vertex -15.8955 7.89425 128.538
    endloop
  endfacet
  facet normal -0.11544 0.69878 0.705961
    outer loop
      vertex -16.9109 11.6837 128.538
      vertex -17.2977 11.6198 128.538
      vertex -17.1424 11.0403 129.137
    endloop
  endfacet
  facet normal -0.249435 0.662872 0.705962
    outer loop
      vertex -17.2977 11.6198 128.538
      vertex -17.6647 11.4817 128.538
      vertex -17.1424 11.0403 129.137
    endloop
  endfacet
  facet normal -0.516928 -0.484123 0.705982
    outer loop
      vertex -17.8908 8.83572 129.137
      vertex -18.3668 8.47047 128.538
      vertex -18.0988 8.18431 128.538
    endloop
  endfacet
  facet normal -0.601462 -0.373949 0.705978
    outer loop
      vertex -17.8908 8.83572 129.137
      vertex -18.5738 8.80341 128.538
      vertex -18.3668 8.47047 128.538
    endloop
  endfacet
  facet normal 0.412438 0.575751 0.705979
    outer loop
      vertex -15.7801 11.42 128.538
      vertex -15.857 10.7406 129.137
      vertex -15.4614 11.1917 128.538
    endloop
  endfacet
  facet normal -0.0231732 -0.70784 0.705993
    outer loop
      vertex -16.6885 8.29099 129.137
      vertex -16.9628 8.29997 129.137
      vertex -16.6493 7.69227 128.538
    endloop
  endfacet
  facet normal -0.516909 -0.484134 0.705988
    outer loop
      vertex -17.8908 8.83572 129.137
      vertex -18.0988 8.18431 128.538
      vertex -17.7032 8.63542 129.137
    endloop
  endfacet
  facet normal -0.115387 0.698774 0.705975
    outer loop
      vertex -16.9109 11.6837 128.538
      vertex -17.1424 11.0403 129.137
      vertex -16.8717 11.085 129.137
    endloop
  endfacet
  facet normal 0.0232252 0.707853 0.705978
    outer loop
      vertex -16.5974 11.076 129.137
      vertex -16.9109 11.6837 128.538
      vertex -16.8717 11.085 129.137
    endloop
  endfacet
  facet normal 0.881936 0.471369 0
    outer loop
      vertex 1.84776 -18.6106 128.538
      vertex 1.66294 -18.2648 123.137
      vertex 1.66294 -18.2648 128.538
    endloop
  endfacet
  facet normal 0.881936 0.471369 0
    outer loop
      vertex 1.66294 -18.2648 123.137
      vertex 1.84776 -18.6106 128.538
      vertex 1.84776 -18.6106 123.137
    endloop
  endfacet
  facet normal 0.881936 -0.471369 0
    outer loop
      vertex 1.66294 -20.4871 128.538
      vertex 1.84776 -20.1413 123.137
      vertex 1.84776 -20.1413 128.538
    endloop
  endfacet
  facet normal 0.881936 -0.471369 0
    outer loop
      vertex 1.84776 -20.1413 123.137
      vertex 1.66294 -20.4871 128.538
      vertex 1.66294 -20.4871 123.137
    endloop
  endfacet
  facet normal 0.290492 -0.956878 0
    outer loop
      vertex 0.390181 -21.3376 123.137
      vertex 0.765367 -21.2237 128.538
      vertex 0.390181 -21.3376 128.538
    endloop
  endfacet
  facet normal 0.290492 -0.956878 0
    outer loop
      vertex 0.765367 -21.2237 128.538
      vertex 0.390181 -21.3376 123.137
      vertex 0.765367 -21.2237 123.137
    endloop
  endfacet
  facet normal 0.0979427 -0.995192 0
    outer loop
      vertex 0 -21.376 123.137
      vertex 0.390181 -21.3376 128.538
      vertex 0 -21.376 128.538
    endloop
  endfacet
  facet normal 0.0979427 -0.995192 0
    outer loop
      vertex 0.390181 -21.3376 128.538
      vertex 0 -21.376 123.137
      vertex 0.390181 -21.3376 123.137
    endloop
  endfacet
  facet normal 0.471358 -0.881942 0
    outer loop
      vertex 0.765367 -21.2237 123.137
      vertex 1.11114 -21.0389 128.538
      vertex 0.765367 -21.2237 128.538
    endloop
  endfacet
  facet normal 0.471358 -0.881942 0
    outer loop
      vertex 1.11114 -21.0389 128.538
      vertex 0.765367 -21.2237 123.137
      vertex 1.11114 -21.0389 123.137
    endloop
  endfacet
  facet normal 0.995185 -0.0980137 0
    outer loop
      vertex 1.96157 -19.7662 128.538
      vertex 2 -19.376 123.137
      vertex 2 -19.376 128.538
    endloop
  endfacet
  facet normal 0.995185 -0.0980137 0
    outer loop
      vertex 2 -19.376 123.137
      vertex 1.96157 -19.7662 128.538
      vertex 1.96157 -19.7662 123.137
    endloop
  endfacet
  facet normal -0.995185 -0.0980137 0
    outer loop
      vertex -1.96157 -19.7662 123.137
      vertex -2 -19.376 128.538
      vertex -2 -19.376 123.137
    endloop
  endfacet
  facet normal -0.995185 -0.0980137 0
    outer loop
      vertex -2 -19.376 128.538
      vertex -1.96157 -19.7662 123.137
      vertex -1.96157 -19.7662 128.538
    endloop
  endfacet
  facet normal 0.956923 -0.290342 0
    outer loop
      vertex 1.84776 -20.1413 128.538
      vertex 1.96157 -19.7662 123.137
      vertex 1.96157 -19.7662 128.538
    endloop
  endfacet
  facet normal 0.956923 -0.290342 0
    outer loop
      vertex 1.96157 -19.7662 123.137
      vertex 1.84776 -20.1413 128.538
      vertex 1.84776 -20.1413 123.137
    endloop
  endfacet
  facet normal 0.773033 -0.634366 0
    outer loop
      vertex 1.41421 -20.7902 128.538
      vertex 1.66294 -20.4871 123.137
      vertex 1.66294 -20.4871 128.538
    endloop
  endfacet
  facet normal 0.773033 -0.634366 0
    outer loop
      vertex 1.66294 -20.4871 123.137
      vertex 1.41421 -20.7902 128.538
      vertex 1.41421 -20.7902 123.137
    endloop
  endfacet
  facet normal -0.634358 -0.773039 0
    outer loop
      vertex -1.41421 -20.7902 123.137
      vertex -1.11114 -21.0389 128.538
      vertex -1.41421 -20.7902 128.538
    endloop
  endfacet
  facet normal -0.634358 -0.773039 -0
    outer loop
      vertex -1.11114 -21.0389 128.538
      vertex -1.41421 -20.7902 123.137
      vertex -1.11114 -21.0389 123.137
    endloop
  endfacet
  facet normal 0.77293 0.634491 0
    outer loop
      vertex 1.66294 -18.2648 128.538
      vertex 1.41421 -17.9618 123.137
      vertex 1.41421 -17.9618 128.538
    endloop
  endfacet
  facet normal 0.77293 0.634491 0
    outer loop
      vertex 1.41421 -17.9618 123.137
      vertex 1.66294 -18.2648 128.538
      vertex 1.66294 -18.2648 123.137
    endloop
  endfacet
  facet normal -0.881936 -0.471369 0
    outer loop
      vertex -1.66294 -20.4871 123.137
      vertex -1.84776 -20.1413 128.538
      vertex -1.84776 -20.1413 123.137
    endloop
  endfacet
  facet normal -0.881936 -0.471369 0
    outer loop
      vertex -1.84776 -20.1413 128.538
      vertex -1.66294 -20.4871 123.137
      vertex -1.66294 -20.4871 128.538
    endloop
  endfacet
  facet normal -0.471358 0.881942 0
    outer loop
      vertex -0.765367 -17.5282 123.137
      vertex -1.11114 -17.713 128.538
      vertex -0.765367 -17.5282 128.538
    endloop
  endfacet
  facet normal -0.471358 0.881942 0
    outer loop
      vertex -1.11114 -17.713 128.538
      vertex -0.765367 -17.5282 123.137
      vertex -1.11114 -17.713 123.137
    endloop
  endfacet
  facet normal -0.0979427 -0.995192 0
    outer loop
      vertex -0.390181 -21.3376 123.137
      vertex 0 -21.376 128.538
      vertex -0.390181 -21.3376 128.538
    endloop
  endfacet
  facet normal -0.0979427 -0.995192 -0
    outer loop
      vertex 0 -21.376 128.538
      vertex -0.390181 -21.3376 123.137
      vertex 0 -21.376 123.137
    endloop
  endfacet
  facet normal 0.956944 0.290271 0
    outer loop
      vertex 1.96157 -18.9858 128.538
      vertex 1.84776 -18.6106 123.137
      vertex 1.84776 -18.6106 128.538
    endloop
  endfacet
  facet normal 0.956944 0.290271 0
    outer loop
      vertex 1.84776 -18.6106 123.137
      vertex 1.96157 -18.9858 128.538
      vertex 1.96157 -18.9858 123.137
    endloop
  endfacet
  facet normal -0.995185 0.0980137 0
    outer loop
      vertex -2 -19.376 123.137
      vertex -1.96157 -18.9858 128.538
      vertex -1.96157 -18.9858 123.137
    endloop
  endfacet
  facet normal -0.995185 0.0980137 0
    outer loop
      vertex -1.96157 -18.9858 128.538
      vertex -2 -19.376 123.137
      vertex -2 -19.376 128.538
    endloop
  endfacet
  facet normal 0.471358 0.881942 -0
    outer loop
      vertex 1.11114 -17.713 123.137
      vertex 0.765367 -17.5282 128.538
      vertex 1.11114 -17.713 128.538
    endloop
  endfacet
  facet normal 0.471358 0.881942 0
    outer loop
      vertex 0.765367 -17.5282 128.538
      vertex 1.11114 -17.713 123.137
      vertex 0.765367 -17.5282 123.137
    endloop
  endfacet
  facet normal -0.956923 -0.290342 0
    outer loop
      vertex -1.84776 -20.1413 123.137
      vertex -1.96157 -19.7662 128.538
      vertex -1.96157 -19.7662 123.137
    endloop
  endfacet
  facet normal -0.956923 -0.290342 0
    outer loop
      vertex -1.96157 -19.7662 128.538
      vertex -1.84776 -20.1413 123.137
      vertex -1.84776 -20.1413 128.538
    endloop
  endfacet
  facet normal -0.956944 0.290271 0
    outer loop
      vertex -1.96157 -18.9858 123.137
      vertex -1.84776 -18.6106 128.538
      vertex -1.84776 -18.6106 123.137
    endloop
  endfacet
  facet normal -0.956944 0.290271 0
    outer loop
      vertex -1.84776 -18.6106 128.538
      vertex -1.96157 -18.9858 123.137
      vertex -1.96157 -18.9858 128.538
    endloop
  endfacet
  facet normal -0.290492 -0.956878 0
    outer loop
      vertex -0.765367 -21.2237 123.137
      vertex -0.390181 -21.3376 128.538
      vertex -0.765367 -21.2237 128.538
    endloop
  endfacet
  facet normal -0.290492 -0.956878 -0
    outer loop
      vertex -0.390181 -21.3376 128.538
      vertex -0.765367 -21.2237 123.137
      vertex -0.390181 -21.3376 123.137
    endloop
  endfacet
  facet normal 0.634358 -0.773039 0
    outer loop
      vertex 1.11114 -21.0389 123.137
      vertex 1.41421 -20.7902 128.538
      vertex 1.11114 -21.0389 128.538
    endloop
  endfacet
  facet normal 0.634358 -0.773039 0
    outer loop
      vertex 1.41421 -20.7902 128.538
      vertex 1.11114 -21.0389 123.137
      vertex 1.41421 -20.7902 123.137
    endloop
  endfacet
  facet normal 0.0979427 0.995192 -0
    outer loop
      vertex 0.390181 -17.4144 123.137
      vertex 0 -17.376 128.538
      vertex 0.390181 -17.4144 128.538
    endloop
  endfacet
  facet normal 0.0979427 0.995192 0
    outer loop
      vertex 0 -17.376 128.538
      vertex 0.390181 -17.4144 123.137
      vertex 0 -17.376 123.137
    endloop
  endfacet
  facet normal -0.773033 -0.634366 0
    outer loop
      vertex -1.41421 -20.7902 123.137
      vertex -1.66294 -20.4871 128.538
      vertex -1.66294 -20.4871 123.137
    endloop
  endfacet
  facet normal -0.773033 -0.634366 0
    outer loop
      vertex -1.66294 -20.4871 128.538
      vertex -1.41421 -20.7902 123.137
      vertex -1.41421 -20.7902 128.538
    endloop
  endfacet
  facet normal -0.77293 0.634491 0
    outer loop
      vertex -1.66294 -18.2648 123.137
      vertex -1.41421 -17.9618 128.538
      vertex -1.41421 -17.9618 123.137
    endloop
  endfacet
  facet normal -0.77293 0.634491 0
    outer loop
      vertex -1.41421 -17.9618 128.538
      vertex -1.66294 -18.2648 123.137
      vertex -1.66294 -18.2648 128.538
    endloop
  endfacet
  facet normal 0.995185 0.0980137 0
    outer loop
      vertex 2 -19.376 128.538
      vertex 1.96157 -18.9858 123.137
      vertex 1.96157 -18.9858 128.538
    endloop
  endfacet
  facet normal 0.995185 0.0980137 0
    outer loop
      vertex 1.96157 -18.9858 123.137
      vertex 2 -19.376 128.538
      vertex 2 -19.376 123.137
    endloop
  endfacet
  facet normal -0.471358 -0.881942 0
    outer loop
      vertex -1.11114 -21.0389 123.137
      vertex -0.765367 -21.2237 128.538
      vertex -1.11114 -21.0389 128.538
    endloop
  endfacet
  facet normal -0.471358 -0.881942 -0
    outer loop
      vertex -0.765367 -21.2237 128.538
      vertex -1.11114 -21.0389 123.137
      vertex -0.765367 -21.2237 123.137
    endloop
  endfacet
  facet normal -0.290258 0.956948 0
    outer loop
      vertex -0.390181 -17.4144 123.137
      vertex -0.765367 -17.5282 128.538
      vertex -0.390181 -17.4144 128.538
    endloop
  endfacet
  facet normal -0.290258 0.956948 0
    outer loop
      vertex -0.765367 -17.5282 128.538
      vertex -0.390181 -17.4144 123.137
      vertex -0.765367 -17.5282 123.137
    endloop
  endfacet
  facet normal -0.0979427 0.995192 0
    outer loop
      vertex 0 -17.376 123.137
      vertex -0.390181 -17.4144 128.538
      vertex 0 -17.376 128.538
    endloop
  endfacet
  facet normal -0.0979427 0.995192 0
    outer loop
      vertex -0.390181 -17.4144 128.538
      vertex 0 -17.376 123.137
      vertex -0.390181 -17.4144 123.137
    endloop
  endfacet
  facet normal -0.63451 0.772914 0
    outer loop
      vertex -1.11114 -17.713 123.137
      vertex -1.41421 -17.9618 128.538
      vertex -1.11114 -17.713 128.538
    endloop
  endfacet
  facet normal -0.63451 0.772914 0
    outer loop
      vertex -1.41421 -17.9618 128.538
      vertex -1.11114 -17.713 123.137
      vertex -1.41421 -17.9618 123.137
    endloop
  endfacet
  facet normal 0.63451 0.772914 -0
    outer loop
      vertex 1.41421 -17.9618 123.137
      vertex 1.11114 -17.713 128.538
      vertex 1.41421 -17.9618 128.538
    endloop
  endfacet
  facet normal 0.63451 0.772914 0
    outer loop
      vertex 1.11114 -17.713 128.538
      vertex 1.41421 -17.9618 123.137
      vertex 1.11114 -17.713 123.137
    endloop
  endfacet
  facet normal 0.290258 0.956948 -0
    outer loop
      vertex 0.765367 -17.5282 123.137
      vertex 0.390181 -17.4144 128.538
      vertex 0.765367 -17.5282 128.538
    endloop
  endfacet
  facet normal 0.290258 0.956948 0
    outer loop
      vertex 0.390181 -17.4144 128.538
      vertex 0.765367 -17.5282 123.137
      vertex 0.390181 -17.4144 123.137
    endloop
  endfacet
  facet normal -0.881936 0.471369 0
    outer loop
      vertex -1.84776 -18.6106 123.137
      vertex -1.66294 -18.2648 128.538
      vertex -1.66294 -18.2648 123.137
    endloop
  endfacet
  facet normal -0.881936 0.471369 0
    outer loop
      vertex -1.66294 -18.2648 128.538
      vertex -1.84776 -18.6106 123.137
      vertex -1.84776 -18.6106 128.538
    endloop
  endfacet
  facet normal -0.704812 0.0694231 0.705989
    outer loop
      vertex -1.3731 -19.1029 129.137
      vertex -2 -19.376 128.538
      vertex -1.4 -19.376 129.137
    endloop
  endfacet
  facet normal 0.0694165 -0.704813 0.705989
    outer loop
      vertex 0 -20.776 129.137
      vertex 0 -21.376 128.538
      vertex 0.273126 -20.7491 129.137
    endloop
  endfacet
  facet normal 0.0693638 -0.704803 0.706004
    outer loop
      vertex 0.273126 -20.7491 129.137
      vertex 0 -21.376 128.538
      vertex 0.390181 -21.3376 128.538
    endloop
  endfacet
  facet normal 0.547471 -0.449266 0.706
    outer loop
      vertex 1.66294 -20.4871 128.538
      vertex 0.989949 -20.3659 129.137
      vertex 1.41421 -20.7902 128.538
    endloop
  endfacet
  facet normal 0.205556 0.677694 0.706029
    outer loop
      vertex 0.765367 -17.5282 128.538
      vertex 0.390181 -17.4144 128.538
      vertex 0.535756 -18.0826 129.137
    endloop
  endfacet
  facet normal 0.547423 -0.449375 0.705968
    outer loop
      vertex 1.16406 -20.1538 129.137
      vertex 0.989949 -20.3659 129.137
      vertex 1.66294 -20.4871 128.538
    endloop
  endfacet
  facet normal -0.0693638 0.704803 0.706004
    outer loop
      vertex 0 -17.376 128.538
      vertex -0.390181 -17.4144 128.538
      vertex -0.273126 -18.0029 129.137
    endloop
  endfacet
  facet normal 0.704811 0.0694154 0.705991
    outer loop
      vertex 1.96157 -18.9858 128.538
      vertex 1.3731 -19.1029 129.137
      vertex 2 -19.376 128.538
    endloop
  endfacet
  facet normal -0.624608 -0.333835 0.705989
    outer loop
      vertex -1.29343 -19.9117 129.137
      vertex -1.84776 -20.1413 128.538
      vertex -1.66294 -20.4871 128.538
    endloop
  endfacet
  facet normal 0.3339 -0.624558 0.706001
    outer loop
      vertex 0.777798 -20.54 129.137
      vertex 0.535756 -20.6694 129.137
      vertex 1.11114 -21.0389 128.538
    endloop
  endfacet
  facet normal 0.205735 -0.67769 0.705981
    outer loop
      vertex 0.535756 -20.6694 129.137
      vertex 0.390181 -21.3376 128.538
      vertex 0.765367 -21.2237 128.538
    endloop
  endfacet
  facet normal -0.677732 0.205538 0.705999
    outer loop
      vertex -1.29343 -18.8402 129.137
      vertex -1.96157 -18.9858 128.538
      vertex -1.3731 -19.1029 129.137
    endloop
  endfacet
  facet normal 0.624608 0.333835 0.705989
    outer loop
      vertex 1.66294 -18.2648 128.538
      vertex 1.29343 -18.8402 129.137
      vertex 1.84776 -18.6106 128.538
    endloop
  endfacet
  facet normal -0.333704 0.624675 0.70599
    outer loop
      vertex -0.535756 -18.0826 129.137
      vertex -1.11114 -17.713 128.538
      vertex -0.777798 -18.2119 129.137
    endloop
  endfacet
  facet normal 0.333832 -0.624623 0.705976
    outer loop
      vertex 1.11114 -21.0389 128.538
      vertex 0.535756 -20.6694 129.137
      vertex 0.765367 -21.2237 128.538
    endloop
  endfacet
  facet normal -0.205556 0.677694 0.706029
    outer loop
      vertex -0.390181 -17.4144 128.538
      vertex -0.765367 -17.5282 128.538
      vertex -0.535756 -18.0826 129.137
    endloop
  endfacet
  facet normal -0.547423 0.449375 0.705968
    outer loop
      vertex -1.41421 -17.9618 128.538
      vertex -1.66294 -18.2648 128.538
      vertex -0.989949 -18.386 129.137
    endloop
  endfacet
  facet normal 0.624649 -0.333791 0.705972
    outer loop
      vertex 1.29343 -19.9117 129.137
      vertex 1.16406 -20.1538 129.137
      vertex 1.66294 -20.4871 128.538
    endloop
  endfacet
  facet normal -0.704812 -0.0694231 0.705989
    outer loop
      vertex -1.4 -19.376 129.137
      vertex -2 -19.376 128.538
      vertex -1.3731 -19.6491 129.137
    endloop
  endfacet
  facet normal 0.677732 0.205538 0.705999
    outer loop
      vertex 1.96157 -18.9858 128.538
      vertex 1.29343 -18.8402 129.137
      vertex 1.3731 -19.1029 129.137
    endloop
  endfacet
  facet normal 0.704811 -0.0694154 0.705991
    outer loop
      vertex 2 -19.376 128.538
      vertex 1.3731 -19.6491 129.137
      vertex 1.96157 -19.7662 128.538
    endloop
  endfacet
  facet normal 0.547423 0.449375 0.705968
    outer loop
      vertex 1.41421 -17.9618 128.538
      vertex 0.989949 -18.386 129.137
      vertex 1.66294 -18.2648 128.538
    endloop
  endfacet
  facet normal -0.677713 -0.205627 0.705991
    outer loop
      vertex -1.29343 -19.9117 129.137
      vertex -1.96157 -19.7662 128.538
      vertex -1.84776 -20.1413 128.538
    endloop
  endfacet
  facet normal -0.624562 0.333882 0.706006
    outer loop
      vertex -1.16406 -18.5982 129.137
      vertex -1.66294 -18.2648 128.538
      vertex -1.29343 -18.8402 129.137
    endloop
  endfacet
  facet normal -0.3339 -0.624558 0.706001
    outer loop
      vertex -0.777798 -20.54 129.137
      vertex -1.11114 -21.0389 128.538
      vertex -0.535756 -20.6694 129.137
    endloop
  endfacet
  facet normal 0.449258 -0.547473 0.706003
    outer loop
      vertex 1.41421 -20.7902 128.538
      vertex 0.989949 -20.3659 129.137
      vertex 1.11114 -21.0389 128.538
    endloop
  endfacet
  facet normal -0.624608 0.333835 0.705989
    outer loop
      vertex -1.66294 -18.2648 128.538
      vertex -1.84776 -18.6106 128.538
      vertex -1.29343 -18.8402 129.137
    endloop
  endfacet
  facet normal -0.677713 -0.205611 0.705995
    outer loop
      vertex -1.3731 -19.6491 129.137
      vertex -1.96157 -19.7662 128.538
      vertex -1.29343 -19.9117 129.137
    endloop
  endfacet
  facet normal -0.205658 0.677692 0.706002
    outer loop
      vertex -0.390181 -17.4144 128.538
      vertex -0.535756 -18.0826 129.137
      vertex -0.273126 -18.0029 129.137
    endloop
  endfacet
  facet normal -0.449274 0.547466 0.705998
    outer loop
      vertex -0.777798 -18.2119 129.137
      vertex -1.11114 -17.713 128.538
      vertex -0.989949 -18.386 129.137
    endloop
  endfacet
  facet normal 0.205658 0.677692 0.706002
    outer loop
      vertex 0.390181 -17.4144 128.538
      vertex 0.273126 -18.0029 129.137
      vertex 0.535756 -18.0826 129.137
    endloop
  endfacet
  facet normal 0.547491 0.449219 0.706014
    outer loop
      vertex 1.66294 -18.2648 128.538
      vertex 0.989949 -18.386 129.137
      vertex 1.16406 -18.5982 129.137
    endloop
  endfacet
  facet normal 0 0 1
    outer loop
      vertex 1.3731 -19.1029 129.137
      vertex 1.3731 -19.6491 129.137
      vertex 1.4 -19.376 129.137
    endloop
  endfacet
  facet normal 0 0 1
    outer loop
      vertex 1.29343 -18.8402 129.137
      vertex 1.3731 -19.6491 129.137
      vertex 1.3731 -19.1029 129.137
    endloop
  endfacet
  facet normal 0 0 1
    outer loop
      vertex 1.29343 -18.8402 129.137
      vertex 1.29343 -19.9117 129.137
      vertex 1.3731 -19.6491 129.137
    endloop
  endfacet
  facet normal 0 0 1
    outer loop
      vertex 1.16406 -18.5982 129.137
      vertex 1.29343 -19.9117 129.137
      vertex 1.29343 -18.8402 129.137
    endloop
  endfacet
  facet normal 0 0 1
    outer loop
      vertex 1.16406 -18.5982 129.137
      vertex 1.16406 -20.1538 129.137
      vertex 1.29343 -19.9117 129.137
    endloop
  endfacet
  facet normal 0 0 1
    outer loop
      vertex 0.989949 -18.386 129.137
      vertex 1.16406 -20.1538 129.137
      vertex 1.16406 -18.5982 129.137
    endloop
  endfacet
  facet normal 0 0 1
    outer loop
      vertex 0.989949 -18.386 129.137
      vertex 0.989949 -20.3659 129.137
      vertex 1.16406 -20.1538 129.137
    endloop
  endfacet
  facet normal 0 0 1
    outer loop
      vertex 0.777798 -18.2119 129.137
      vertex 0.989949 -20.3659 129.137
      vertex 0.989949 -18.386 129.137
    endloop
  endfacet
  facet normal 0 0 1
    outer loop
      vertex 0.777798 -18.2119 129.137
      vertex 0.777798 -20.54 129.137
      vertex 0.989949 -20.3659 129.137
    endloop
  endfacet
  facet normal 0 0 1
    outer loop
      vertex 0.535756 -18.0826 129.137
      vertex 0.777798 -20.54 129.137
      vertex 0.777798 -18.2119 129.137
    endloop
  endfacet
  facet normal 0 0 1
    outer loop
      vertex 0.535756 -18.0826 129.137
      vertex 0.535756 -20.6694 129.137
      vertex 0.777798 -20.54 129.137
    endloop
  endfacet
  facet normal 0 0 1
    outer loop
      vertex 0.273126 -18.0029 129.137
      vertex 0.535756 -20.6694 129.137
      vertex 0.535756 -18.0826 129.137
    endloop
  endfacet
  facet normal 0 0 1
    outer loop
      vertex 0.273126 -18.0029 129.137
      vertex 0.273126 -20.7491 129.137
      vertex 0.535756 -20.6694 129.137
    endloop
  endfacet
  facet normal 0 0 1
    outer loop
      vertex 0 -17.976 129.137
      vertex 0.273126 -20.7491 129.137
      vertex 0.273126 -18.0029 129.137
    endloop
  endfacet
  facet normal 0 0 1
    outer loop
      vertex 0 -17.976 129.137
      vertex 0 -20.776 129.137
      vertex 0.273126 -20.7491 129.137
    endloop
  endfacet
  facet normal -0 0 1
    outer loop
      vertex -0.273126 -18.0029 129.137
      vertex 0 -20.776 129.137
      vertex 0 -17.976 129.137
    endloop
  endfacet
  facet normal 0 0 1
    outer loop
      vertex -0.273126 -18.0029 129.137
      vertex -0.273126 -20.7491 129.137
      vertex 0 -20.776 129.137
    endloop
  endfacet
  facet normal -0 0 1
    outer loop
      vertex -0.535756 -18.0826 129.137
      vertex -0.273126 -20.7491 129.137
      vertex -0.273126 -18.0029 129.137
    endloop
  endfacet
  facet normal 0 0 1
    outer loop
      vertex -0.535756 -18.0826 129.137
      vertex -0.535756 -20.6694 129.137
      vertex -0.273126 -20.7491 129.137
    endloop
  endfacet
  facet normal -0 0 1
    outer loop
      vertex -0.777798 -18.2119 129.137
      vertex -0.535756 -20.6694 129.137
      vertex -0.535756 -18.0826 129.137
    endloop
  endfacet
  facet normal 0 0 1
    outer loop
      vertex -0.777798 -18.2119 129.137
      vertex -0.777798 -20.54 129.137
      vertex -0.535756 -20.6694 129.137
    endloop
  endfacet
  facet normal -0 0 1
    outer loop
      vertex -0.989949 -18.386 129.137
      vertex -0.777798 -20.54 129.137
      vertex -0.777798 -18.2119 129.137
    endloop
  endfacet
  facet normal 0 0 1
    outer loop
      vertex -0.989949 -18.386 129.137
      vertex -0.989949 -20.3659 129.137
      vertex -0.777798 -20.54 129.137
    endloop
  endfacet
  facet normal -0 0 1
    outer loop
      vertex -1.16406 -18.5982 129.137
      vertex -0.989949 -20.3659 129.137
      vertex -0.989949 -18.386 129.137
    endloop
  endfacet
  facet normal 0 0 1
    outer loop
      vertex -1.16406 -18.5982 129.137
      vertex -1.16406 -20.1538 129.137
      vertex -0.989949 -20.3659 129.137
    endloop
  endfacet
  facet normal -0 0 1
    outer loop
      vertex -1.29343 -18.8402 129.137
      vertex -1.16406 -20.1538 129.137
      vertex -1.16406 -18.5982 129.137
    endloop
  endfacet
  facet normal 0 0 1
    outer loop
      vertex -1.29343 -18.8402 129.137
      vertex -1.29343 -19.9117 129.137
      vertex -1.16406 -20.1538 129.137
    endloop
  endfacet
  facet normal -0 0 1
    outer loop
      vertex -1.3731 -19.1029 129.137
      vertex -1.29343 -19.9117 129.137
      vertex -1.29343 -18.8402 129.137
    endloop
  endfacet
  facet normal 0 0 1
    outer loop
      vertex -1.3731 -19.1029 129.137
      vertex -1.3731 -19.6491 129.137
      vertex -1.29343 -19.9117 129.137
    endloop
  endfacet
  facet normal 0 -0 1
    outer loop
      vertex -1.3731 -19.6491 129.137
      vertex -1.3731 -19.1029 129.137
      vertex -1.4 -19.376 129.137
    endloop
  endfacet
  facet normal -0.547491 0.449219 0.706014
    outer loop
      vertex -0.989949 -18.386 129.137
      vertex -1.66294 -18.2648 128.538
      vertex -1.16406 -18.5982 129.137
    endloop
  endfacet
  facet normal -0.0694165 0.704813 0.705989
    outer loop
      vertex 0 -17.376 128.538
      vertex -0.273126 -18.0029 129.137
      vertex 0 -17.976 129.137
    endloop
  endfacet
  facet normal -0.0693638 -0.704803 0.706004
    outer loop
      vertex -0.273126 -20.7491 129.137
      vertex -0.390181 -21.3376 128.538
      vertex 0 -21.376 128.538
    endloop
  endfacet
  facet normal -0.0694165 -0.704813 0.705989
    outer loop
      vertex 0 -20.776 129.137
      vertex -0.273126 -20.7491 129.137
      vertex 0 -21.376 128.538
    endloop
  endfacet
  facet normal 0.704812 -0.0694231 0.705989
    outer loop
      vertex 1.4 -19.376 129.137
      vertex 1.3731 -19.6491 129.137
      vertex 2 -19.376 128.538
    endloop
  endfacet
  facet normal -0.449274 -0.547466 0.705998
    outer loop
      vertex -0.989949 -20.3659 129.137
      vertex -1.11114 -21.0389 128.538
      vertex -0.777798 -20.54 129.137
    endloop
  endfacet
  facet normal -0.205735 -0.67769 0.705981
    outer loop
      vertex -0.535756 -20.6694 129.137
      vertex -0.765367 -21.2237 128.538
      vertex -0.390181 -21.3376 128.538
    endloop
  endfacet
  facet normal 0.0694165 0.704813 0.705989
    outer loop
      vertex 0 -17.376 128.538
      vertex 0 -17.976 129.137
      vertex 0.273126 -18.0029 129.137
    endloop
  endfacet
  facet normal 0.205658 -0.677692 0.706002
    outer loop
      vertex 0.535756 -20.6694 129.137
      vertex 0.273126 -20.7491 129.137
      vertex 0.390181 -21.3376 128.538
    endloop
  endfacet
  facet normal -0.449391 0.547415 0.705964
    outer loop
      vertex -1.11114 -17.713 128.538
      vertex -1.41421 -17.9618 128.538
      vertex -0.989949 -18.386 129.137
    endloop
  endfacet
  facet normal -0.333808 0.624577 0.706029
    outer loop
      vertex -0.765367 -17.5282 128.538
      vertex -1.11114 -17.713 128.538
      vertex -0.535756 -18.0826 129.137
    endloop
  endfacet
  facet normal -0.333832 -0.624623 0.705976
    outer loop
      vertex -0.535756 -20.6694 129.137
      vertex -1.11114 -21.0389 128.538
      vertex -0.765367 -21.2237 128.538
    endloop
  endfacet
  facet normal 0.333704 0.624675 0.70599
    outer loop
      vertex 1.11114 -17.713 128.538
      vertex 0.535756 -18.0826 129.137
      vertex 0.777798 -18.2119 129.137
    endloop
  endfacet
  facet normal 0.449274 -0.547466 0.705998
    outer loop
      vertex 0.989949 -20.3659 129.137
      vertex 0.777798 -20.54 129.137
      vertex 1.11114 -21.0389 128.538
    endloop
  endfacet
  facet normal -0.677731 0.205577 0.705988
    outer loop
      vertex -1.84776 -18.6106 128.538
      vertex -1.96157 -18.9858 128.538
      vertex -1.29343 -18.8402 129.137
    endloop
  endfacet
  facet normal -0.704811 -0.0694154 0.705991
    outer loop
      vertex -1.3731 -19.6491 129.137
      vertex -2 -19.376 128.538
      vertex -1.96157 -19.7662 128.538
    endloop
  endfacet
  facet normal 0.677731 0.205577 0.705988
    outer loop
      vertex 1.84776 -18.6106 128.538
      vertex 1.29343 -18.8402 129.137
      vertex 1.96157 -18.9858 128.538
    endloop
  endfacet
  facet normal -0.205658 -0.677692 0.706002
    outer loop
      vertex -0.273126 -20.7491 129.137
      vertex -0.535756 -20.6694 129.137
      vertex -0.390181 -21.3376 128.538
    endloop
  endfacet
  facet normal 0.704812 0.0694231 0.705989
    outer loop
      vertex 2 -19.376 128.538
      vertex 1.3731 -19.1029 129.137
      vertex 1.4 -19.376 129.137
    endloop
  endfacet
  facet normal 0.0693638 0.704803 0.706004
    outer loop
      vertex 0.390181 -17.4144 128.538
      vertex 0 -17.376 128.538
      vertex 0.273126 -18.0029 129.137
    endloop
  endfacet
  facet normal 0.449391 0.547415 0.705964
    outer loop
      vertex 1.11114 -17.713 128.538
      vertex 0.989949 -18.386 129.137
      vertex 1.41421 -17.9618 128.538
    endloop
  endfacet
  facet normal 0.449274 0.547466 0.705998
    outer loop
      vertex 1.11114 -17.713 128.538
      vertex 0.777798 -18.2119 129.137
      vertex 0.989949 -18.386 129.137
    endloop
  endfacet
  facet normal 0.333808 0.624577 0.706029
    outer loop
      vertex 0.765367 -17.5282 128.538
      vertex 0.535756 -18.0826 129.137
      vertex 1.11114 -17.713 128.538
    endloop
  endfacet
  facet normal -0.547471 -0.449266 0.706
    outer loop
      vertex -0.989949 -20.3659 129.137
      vertex -1.66294 -20.4871 128.538
      vertex -1.41421 -20.7902 128.538
    endloop
  endfacet
  facet normal -0.449258 -0.547473 0.706003
    outer loop
      vertex -0.989949 -20.3659 129.137
      vertex -1.41421 -20.7902 128.538
      vertex -1.11114 -21.0389 128.538
    endloop
  endfacet
  facet normal 0.677713 -0.205627 0.705991
    outer loop
      vertex 1.96157 -19.7662 128.538
      vertex 1.29343 -19.9117 129.137
      vertex 1.84776 -20.1413 128.538
    endloop
  endfacet
  facet normal 0.624608 -0.333835 0.705989
    outer loop
      vertex 1.84776 -20.1413 128.538
      vertex 1.29343 -19.9117 129.137
      vertex 1.66294 -20.4871 128.538
    endloop
  endfacet
  facet normal -0.704811 0.0694154 0.705991
    outer loop
      vertex -1.96157 -18.9858 128.538
      vertex -2 -19.376 128.538
      vertex -1.3731 -19.1029 129.137
    endloop
  endfacet
  facet normal 0.624562 0.333882 0.706006
    outer loop
      vertex 1.66294 -18.2648 128.538
      vertex 1.16406 -18.5982 129.137
      vertex 1.29343 -18.8402 129.137
    endloop
  endfacet
  facet normal 0.677713 -0.205611 0.705995
    outer loop
      vertex 1.3731 -19.6491 129.137
      vertex 1.29343 -19.9117 129.137
      vertex 1.96157 -19.7662 128.538
    endloop
  endfacet
  facet normal -0.547423 -0.449375 0.705968
    outer loop
      vertex -1.16406 -20.1538 129.137
      vertex -1.66294 -20.4871 128.538
      vertex -0.989949 -20.3659 129.137
    endloop
  endfacet
  facet normal -0.624649 -0.333791 0.705972
    outer loop
      vertex -1.29343 -19.9117 129.137
      vertex -1.66294 -20.4871 128.538
      vertex -1.16406 -20.1538 129.137
    endloop
  endfacet
endsolid OpenSCAD_Model
