solid OpenSCAD_Model
  facet normal 0 -1 0
    outer loop
      vertex 18.5 5.25 75.8625
      vertex 21.7824 5.25 80.1907
      vertex 21.2414 5.25 83.8758
    endloop
  endfacet
  facet normal 0 -1 0
    outer loop
      vertex 18.5 5.25 53.8625
      vertex 21.7824 5.25 80.1907
      vertex 18.5 5.25 75.8625
    endloop
  endfacet
  facet normal 0 -1 0
    outer loop
      vertex 18.5 5.25 53.8625
      vertex 26.9689 5.25 44.8625
      vertex 21.7824 5.25 80.1907
    endloop
  endfacet
  facet normal 0 -1 0
    outer loop
      vertex 26 5.25 36.8625
      vertex 26.9689 5.25 44.8625
      vertex 18.5 5.25 53.8625
    endloop
  endfacet
  facet normal 0 -1 0
    outer loop
      vertex 26.9689 5.25 44.8625
      vertex 26 5.25 36.8625
      vertex 26.1558 5.25 35.8026
    endloop
  endfacet
  facet normal 0 1 0
    outer loop
      vertex 25.2921 -5.25 56.2839
      vertex 18.5 -5.25 75.8625
      vertex 21.2414 -5.25 83.8758
    endloop
  endfacet
  facet normal 0 1 0
    outer loop
      vertex 25.2921 -5.25 56.2839
      vertex 18.5 -5.25 53.8625
      vertex 18.5 -5.25 75.8625
    endloop
  endfacet
  facet normal 0 1 0
    outer loop
      vertex 26.9689 -5.25 44.8625
      vertex 18.5 -5.25 53.8625
      vertex 25.2921 -5.25 56.2839
    endloop
  endfacet
  facet normal 0 1 0
    outer loop
      vertex 26.9689 -5.25 44.8625
      vertex 26 -5.25 36.8625
      vertex 18.5 -5.25 53.8625
    endloop
  endfacet
  facet normal -0 1 0
    outer loop
      vertex 26 -5.25 36.8625
      vertex 26.9689 -5.25 44.8625
      vertex 26.1558 -5.25 35.8026
    endloop
  endfacet
  facet normal 0.946167 0 -0.323679
    outer loop
      vertex 21.2414 -5.25 83.8758
      vertex 21.2414 5.25 83.8758
      vertex 23.0414 0.79424 89.1375
    endloop
  endfacet
  facet normal 0.94616 1.86549e-05 -0.3237
    outer loop
      vertex 23.1599 -0.417695 89.4838
      vertex 23.0414 0.79424 89.1375
      vertex 23.2913 0 89.8679
    endloop
  endfacet
  facet normal 0.94614 0 -0.323758
    outer loop
      vertex 23.0414 -0.79424 89.1375
      vertex 23.0414 0.79424 89.1375
      vertex 23.1599 -0.417695 89.4838
    endloop
  endfacet
  facet normal 0.946167 0 -0.323679
    outer loop
      vertex 21.2414 -5.25 83.8758
      vertex 23.0414 0.79424 89.1375
      vertex 23.0414 -0.79424 89.1375
    endloop
  endfacet
  facet normal 0.946164 0 -0.323689
    outer loop
      vertex 21.2414 5.25 83.8758
      vertex 21.2414 -5.25 83.8758
      vertex 18.5 5.25 75.8625
    endloop
  endfacet
  facet normal 0.946164 0 -0.323689
    outer loop
      vertex 18.5 5.25 75.8625
      vertex 21.2414 -5.25 83.8758
      vertex 18.5 -5.25 75.8625
    endloop
  endfacet
  facet normal 1 -0 0
    outer loop
      vertex 18.5 -5.25 75.8625
      vertex 18.5 5.25 53.8625
      vertex 18.5 5.25 75.8625
    endloop
  endfacet
  facet normal 1 0 0
    outer loop
      vertex 18.5 5.25 53.8625
      vertex 18.5 -5.25 75.8625
      vertex 18.5 -5.25 53.8625
    endloop
  endfacet
  facet normal 0.914918 -0 0.40364
    outer loop
      vertex 18.5 -5.25 53.8625
      vertex 26 5.25 36.8625
      vertex 18.5 5.25 53.8625
    endloop
  endfacet
  facet normal 0.914918 0 0.40364
    outer loop
      vertex 26 5.25 36.8625
      vertex 18.5 -5.25 53.8625
      vertex 26 -5.25 36.8625
    endloop
  endfacet
  facet normal 0.989368 -0 0.145432
    outer loop
      vertex 26.1558 -5.25 35.8026
      vertex 26.1558 5.25 35.8026
      vertex 26 5.25 36.8625
    endloop
  endfacet
  facet normal 0.989358 0 0.1455
    outer loop
      vertex 26.1558 5.25 35.8026
      vertex 26.1558 -5.25 35.8026
      vertex 27.2014 2.33389 28.6928
    endloop
  endfacet
  facet normal 0.989368 0 0.145432
    outer loop
      vertex 26.1558 -5.25 35.8026
      vertex 26 5.25 36.8625
      vertex 26 -5.25 36.8625
    endloop
  endfacet
  facet normal 0.989359 -3.18728e-06 0.145496
    outer loop
      vertex 27.2014 2.33389 28.6928
      vertex 26.1558 -5.25 35.8026
      vertex 28.0382 0 23.0026
    endloop
  endfacet
  facet normal 0.866023 -0.500004 0
    outer loop
      vertex 4.70337 18.6465 75.8625
      vertex 4.70337 18.6465 53.8625
      vertex 8.45336 25.1416 36.8625
    endloop
  endfacet
  facet normal 0.866024 -0.500002 6.08731e-07
    outer loop
      vertex 4.70337 18.6465 75.8625
      vertex 8.31075 24.8946 53.4051
      vertex 6.07406 21.0206 83.8758
    endloop
  endfacet
  facet normal 0.866023 -0.500003 1.65399e-07
    outer loop
      vertex 8.31075 24.8946 53.4051
      vertex 4.70337 18.6465 75.8625
      vertex 8.45336 25.1416 36.8625
    endloop
  endfacet
  facet normal 0.866069 -0.499925 2.72036e-06
    outer loop
      vertex 8.61481 25.4213 37.6639
      vertex 8.45336 25.1416 36.8625
      vertex 8.53129 25.2766 35.8026
    endloop
  endfacet
  facet normal 0.866082 -0.499902 -8.09158e-06
    outer loop
      vertex 8.93782 25.9808 44.8625
      vertex 8.45336 25.1416 36.8625
      vertex 8.61481 25.4213 37.6639
    endloop
  endfacet
  facet normal 0.866045 -0.499966 9.1156e-07
    outer loop
      vertex 8.45336 25.1416 36.8625
      vertex 8.93782 25.9808 44.8625
      vertex 8.31075 24.8946 53.4051
    endloop
  endfacet
  facet normal -0.866022 0.500005 0
    outer loop
      vertex 17.5466 19.8916 36.8625
      vertex 13.7966 13.3965 53.8625
      vertex 13.7966 13.3965 75.8625
    endloop
  endfacet
  facet normal -0.866021 0.500007 4.31537e-07
    outer loop
      vertex 13.7966 13.3965 75.8625
      vertex 17.404 19.6446 53.4051
      vertex 17.5466 19.8916 36.8625
    endloop
  endfacet
  facet normal -0.86601 0.500026 7.52469e-06
    outer loop
      vertex 17.404 19.6446 53.4051
      vertex 13.7966 13.3965 75.8625
      vertex 17.1927 19.2786 56.2839
    endloop
  endfacet
  facet normal -0.866022 0.500006 -8.00559e-07
    outer loop
      vertex 17.1927 19.2786 56.2839
      vertex 13.7966 13.3965 75.8625
      vertex 15.1673 15.7706 83.8758
    endloop
  endfacet
  facet normal -0.865968 0.5001 -3.01751e-05
    outer loop
      vertex 17.6246 20.0266 35.8026
      vertex 17.5466 19.8916 36.8625
      vertex 17.7081 20.1713 37.6639
    endloop
  endfacet
  facet normal -0.865994 0.500054 -8.93624e-06
    outer loop
      vertex 17.5466 19.8916 36.8625
      vertex 18.0311 20.7308 44.8625
      vertex 17.7081 20.1713 37.6639
    endloop
  endfacet
  facet normal -0.866031 0.49999 8.62834e-08
    outer loop
      vertex 18.0311 20.7308 44.8625
      vertex 17.5466 19.8916 36.8625
      vertex 17.404 19.6446 53.4051
    endloop
  endfacet
  facet normal 0.473111 0.81935 -0.323779
    outer loop
      vertex 11.9417 19.8482 89.4838
      vertex 10.8329 20.3516 89.1375
      vertex 11.6457 20.1709 89.8679
    endloop
  endfacet
  facet normal 0.473083 0.819467 -0.32352
    outer loop
      vertex 12.2086 19.5574 89.1375
      vertex 10.8329 20.3516 89.1375
      vertex 11.9417 19.8482 89.4838
    endloop
  endfacet
  facet normal 0.473049 0.819408 -0.323721
    outer loop
      vertex 15.1673 15.7706 83.8758
      vertex 10.8329 20.3516 89.1375
      vertex 12.2086 19.5574 89.1375
    endloop
  endfacet
  facet normal 0.473083 0.819401 -0.323688
    outer loop
      vertex 15.1673 15.7706 83.8758
      vertex 6.07406 21.0206 83.8758
      vertex 10.8329 20.3516 89.1375
    endloop
  endfacet
  facet normal 0.473083 0.819402 -0.323686
    outer loop
      vertex 13.7966 13.3965 75.8625
      vertex 6.07406 21.0206 83.8758
      vertex 15.1673 15.7706 83.8758
    endloop
  endfacet
  facet normal 0.473084 0.819402 -0.323686
    outer loop
      vertex 6.07406 21.0206 83.8758
      vertex 13.7966 13.3965 75.8625
      vertex 4.70337 18.6465 75.8625
    endloop
  endfacet
  facet normal 0.500002 0.866025 -0
    outer loop
      vertex 13.7966 13.3965 53.8625
      vertex 4.70337 18.6465 75.8625
      vertex 13.7966 13.3965 75.8625
    endloop
  endfacet
  facet normal 0.500002 0.866025 0
    outer loop
      vertex 4.70337 18.6465 75.8625
      vertex 13.7966 13.3965 53.8625
      vertex 4.70337 18.6465 53.8625
    endloop
  endfacet
  facet normal 0.457461 0.792343 0.403637
    outer loop
      vertex 8.45336 25.1416 36.8625
      vertex 13.7966 13.3965 53.8625
      vertex 17.5466 19.8916 36.8625
    endloop
  endfacet
  facet normal 0.457461 0.792343 0.403636
    outer loop
      vertex 13.7966 13.3965 53.8625
      vertex 8.45336 25.1416 36.8625
      vertex 4.70337 18.6465 53.8625
    endloop
  endfacet
  facet normal 0.49468 0.856808 0.145504
    outer loop
      vertex 17.5466 19.8916 36.8625
      vertex 8.53129 25.2766 35.8026
      vertex 8.45336 25.1416 36.8625
    endloop
  endfacet
  facet normal 0.494675 0.856806 0.145536
    outer loop
      vertex 17.6246 20.0266 35.8026
      vertex 8.53129 25.2766 35.8026
      vertex 17.5466 19.8916 36.8625
    endloop
  endfacet
  facet normal 0.494678 0.856811 0.145495
    outer loop
      vertex 8.53129 25.2766 35.8026
      vertex 17.6246 20.0266 35.8026
      vertex 14.0191 24.2818 23.0026
    endloop
  endfacet
  facet normal 0.866022 0.500005 -0
    outer loop
      vertex -13.7966 13.3965 53.8625
      vertex -17.5466 19.8916 36.8625
      vertex -13.7966 13.3965 75.8625
    endloop
  endfacet
  facet normal 0.866022 0.500006 -1.28835e-07
    outer loop
      vertex -13.7966 13.3965 75.8625
      vertex -17.404 19.6446 53.4051
      vertex -15.4378 16.2391 80.1907
    endloop
  endfacet
  facet normal 0.866021 0.500007 -1.46149e-06
    outer loop
      vertex -13.7966 13.3965 75.8625
      vertex -15.4378 16.2391 80.1907
      vertex -15.1673 15.7706 83.8758
    endloop
  endfacet
  facet normal 0.866021 0.500007 4.31537e-07
    outer loop
      vertex -17.404 19.6446 53.4051
      vertex -13.7966 13.3965 75.8625
      vertex -17.5466 19.8916 36.8625
    endloop
  endfacet
  facet normal 0.865968 0.5001 -3.01751e-05
    outer loop
      vertex -17.6246 20.0266 35.8026
      vertex -17.7081 20.1713 37.6639
      vertex -17.5466 19.8916 36.8625
    endloop
  endfacet
  facet normal 0.865994 0.500054 -8.93624e-06
    outer loop
      vertex -18.0311 20.7308 44.8625
      vertex -17.5466 19.8916 36.8625
      vertex -17.7081 20.1713 37.6639
    endloop
  endfacet
  facet normal 0.866031 0.49999 8.62834e-08
    outer loop
      vertex -17.5466 19.8916 36.8625
      vertex -18.0311 20.7308 44.8625
      vertex -17.404 19.6446 53.4051
    endloop
  endfacet
  facet normal -0.866023 -0.500004 -0
    outer loop
      vertex -4.70337 18.6465 75.8625
      vertex -8.45336 25.1416 36.8625
      vertex -4.70337 18.6465 53.8625
    endloop
  endfacet
  facet normal -0.866023 -0.500003 1.65399e-07
    outer loop
      vertex -4.70337 18.6465 75.8625
      vertex -8.31075 24.8946 53.4051
      vertex -8.45336 25.1416 36.8625
    endloop
  endfacet
  facet normal -0.866024 -0.500002 6.08731e-07
    outer loop
      vertex -8.31075 24.8946 53.4051
      vertex -4.70337 18.6465 75.8625
      vertex -6.07406 21.0206 83.8758
    endloop
  endfacet
  facet normal -0.866069 -0.499925 2.72036e-06
    outer loop
      vertex -8.45336 25.1416 36.8625
      vertex -8.61481 25.4213 37.6639
      vertex -8.53129 25.2766 35.8026
    endloop
  endfacet
  facet normal -0.866082 -0.499902 -8.09158e-06
    outer loop
      vertex -8.45336 25.1416 36.8625
      vertex -8.93782 25.9808 44.8625
      vertex -8.61481 25.4213 37.6639
    endloop
  endfacet
  facet normal -0.866045 -0.499966 9.1156e-07
    outer loop
      vertex -8.93782 25.9808 44.8625
      vertex -8.45336 25.1416 36.8625
      vertex -8.31075 24.8946 53.4051
    endloop
  endfacet
  facet normal -0.473053 0.819415 -0.323698
    outer loop
      vertex -10.8329 20.3516 89.1375
      vertex -12.2086 19.5574 89.1375
      vertex -11.6457 20.1709 89.8679
    endloop
  endfacet
  facet normal -0.473049 0.819408 -0.323721
    outer loop
      vertex -10.8329 20.3516 89.1375
      vertex -15.1673 15.7706 83.8758
      vertex -12.2086 19.5574 89.1375
    endloop
  endfacet
  facet normal -0.473083 0.819401 -0.323688
    outer loop
      vertex -6.07406 21.0206 83.8758
      vertex -15.1673 15.7706 83.8758
      vertex -10.8329 20.3516 89.1375
    endloop
  endfacet
  facet normal -0.473084 0.819402 -0.323686
    outer loop
      vertex -13.7966 13.3965 75.8625
      vertex -6.07406 21.0206 83.8758
      vertex -4.70337 18.6465 75.8625
    endloop
  endfacet
  facet normal -0.473083 0.819402 -0.323686
    outer loop
      vertex -6.07406 21.0206 83.8758
      vertex -13.7966 13.3965 75.8625
      vertex -15.1673 15.7706 83.8758
    endloop
  endfacet
  facet normal -0.500002 0.866025 0
    outer loop
      vertex -4.70337 18.6465 53.8625
      vertex -13.7966 13.3965 75.8625
      vertex -4.70337 18.6465 75.8625
    endloop
  endfacet
  facet normal -0.500002 0.866025 0
    outer loop
      vertex -13.7966 13.3965 75.8625
      vertex -4.70337 18.6465 53.8625
      vertex -13.7966 13.3965 53.8625
    endloop
  endfacet
  facet normal -0.457461 0.792343 0.403636
    outer loop
      vertex -8.45336 25.1416 36.8625
      vertex -13.7966 13.3965 53.8625
      vertex -4.70337 18.6465 53.8625
    endloop
  endfacet
  facet normal -0.457461 0.792343 0.403637
    outer loop
      vertex -13.7966 13.3965 53.8625
      vertex -8.45336 25.1416 36.8625
      vertex -17.5466 19.8916 36.8625
    endloop
  endfacet
  facet normal -0.49468 0.856808 0.145504
    outer loop
      vertex -8.53129 25.2766 35.8026
      vertex -17.5466 19.8916 36.8625
      vertex -8.45336 25.1416 36.8625
    endloop
  endfacet
  facet normal -0.494675 0.856806 0.145536
    outer loop
      vertex -8.53129 25.2766 35.8026
      vertex -17.6246 20.0266 35.8026
      vertex -17.5466 19.8916 36.8625
    endloop
  endfacet
  facet normal -0.494677 0.856811 0.145499
    outer loop
      vertex -8.53129 25.2766 35.8026
      vertex -15.6219 22.3902 28.6928
      vertex -17.6246 20.0266 35.8026
    endloop
  endfacet
  facet normal -0.494673 0.856814 0.145493
    outer loop
      vertex -15.6219 22.3902 28.6928
      vertex -8.53129 25.2766 35.8026
      vertex -14.0191 24.2818 23.0026
    endloop
  endfacet
  facet normal 0 1 0
    outer loop
      vertex -18.5 -5.25 75.8625
      vertex -21.7824 -5.25 80.1907
      vertex -21.2414 -5.25 83.8758
    endloop
  endfacet
  facet normal 0 1 -0
    outer loop
      vertex -18.5 -5.25 53.8625
      vertex -21.7824 -5.25 80.1907
      vertex -18.5 -5.25 75.8625
    endloop
  endfacet
  facet normal 0 1 0
    outer loop
      vertex -18.5 -5.25 53.8625
      vertex -26.9689 -5.25 44.8625
      vertex -21.7824 -5.25 80.1907
    endloop
  endfacet
  facet normal 0 1 -0
    outer loop
      vertex -26 -5.25 36.8625
      vertex -26.9689 -5.25 44.8625
      vertex -18.5 -5.25 53.8625
    endloop
  endfacet
  facet normal 0 1 0
    outer loop
      vertex -26.9689 -5.25 44.8625
      vertex -26 -5.25 36.8625
      vertex -26.1558 -5.25 35.8026
    endloop
  endfacet
  facet normal 0 -1 0
    outer loop
      vertex -25.2921 5.25 56.2839
      vertex -18.5 5.25 75.8625
      vertex -21.2414 5.25 83.8758
    endloop
  endfacet
  facet normal 0 -1 0
    outer loop
      vertex -25.2921 5.25 56.2839
      vertex -18.5 5.25 53.8625
      vertex -18.5 5.25 75.8625
    endloop
  endfacet
  facet normal 0 -1 0
    outer loop
      vertex -26.9689 5.25 44.8625
      vertex -18.5 5.25 53.8625
      vertex -25.2921 5.25 56.2839
    endloop
  endfacet
  facet normal 0 -1 0
    outer loop
      vertex -26.9689 5.25 44.8625
      vertex -26 5.25 36.8625
      vertex -18.5 5.25 53.8625
    endloop
  endfacet
  facet normal -0 -1 0
    outer loop
      vertex -26 5.25 36.8625
      vertex -26.9689 5.25 44.8625
      vertex -26.1558 5.25 35.8026
    endloop
  endfacet
  facet normal -0.946164 0 -0.323689
    outer loop
      vertex -21.2414 -5.25 83.8758
      vertex -21.2414 5.25 83.8758
      vertex -18.5 5.25 75.8625
    endloop
  endfacet
  facet normal -0.946167 -0 -0.323679
    outer loop
      vertex -21.2414 5.25 83.8758
      vertex -21.2414 -5.25 83.8758
      vertex -23.0414 0.79424 89.1375
    endloop
  endfacet
  facet normal -0.946167 0 -0.323679
    outer loop
      vertex -23.0414 -0.79424 89.1375
      vertex -23.0414 0.79424 89.1375
      vertex -21.2414 -5.25 83.8758
    endloop
  endfacet
  facet normal -0.94616 -1.86549e-05 -0.3237
    outer loop
      vertex -23.1599 0.417695 89.4838
      vertex -23.0414 -0.79424 89.1375
      vertex -23.2913 0 89.8679
    endloop
  endfacet
  facet normal -0.946164 0 -0.323689
    outer loop
      vertex -21.2414 -5.25 83.8758
      vertex -18.5 5.25 75.8625
      vertex -18.5 -5.25 75.8625
    endloop
  endfacet
  facet normal -0.94614 -0 -0.323758
    outer loop
      vertex -23.0414 0.79424 89.1375
      vertex -23.0414 -0.79424 89.1375
      vertex -23.1599 0.417695 89.4838
    endloop
  endfacet
  facet normal -1 0 0
    outer loop
      vertex -18.5 -5.25 53.8625
      vertex -18.5 5.25 75.8625
      vertex -18.5 5.25 53.8625
    endloop
  endfacet
  facet normal -1 -0 0
    outer loop
      vertex -18.5 5.25 75.8625
      vertex -18.5 -5.25 53.8625
      vertex -18.5 -5.25 75.8625
    endloop
  endfacet
  facet normal -0.914918 0 0.40364
    outer loop
      vertex -26 -5.25 36.8625
      vertex -18.5 5.25 53.8625
      vertex -26 5.25 36.8625
    endloop
  endfacet
  facet normal -0.914918 0 0.40364
    outer loop
      vertex -18.5 5.25 53.8625
      vertex -26 -5.25 36.8625
      vertex -18.5 -5.25 53.8625
    endloop
  endfacet
  facet normal -0.989359 3.18728e-06 0.145496
    outer loop
      vertex -27.2014 -2.33389 28.6928
      vertex -26.1558 5.25 35.8026
      vertex -28.0382 0 23.0026
    endloop
  endfacet
  facet normal -0.989358 0 0.1455
    outer loop
      vertex -26.1558 -5.25 35.8026
      vertex -26.1558 5.25 35.8026
      vertex -27.2014 -2.33389 28.6928
    endloop
  endfacet
  facet normal -0.989368 0 0.145432
    outer loop
      vertex -26.1558 5.25 35.8026
      vertex -26.1558 -5.25 35.8026
      vertex -26 5.25 36.8625
    endloop
  endfacet
  facet normal -0.989368 0 0.145432
    outer loop
      vertex -26 5.25 36.8625
      vertex -26.1558 -5.25 35.8026
      vertex -26 -5.25 36.8625
    endloop
  endfacet
  facet normal -0.866023 0.500004 0
    outer loop
      vertex -4.70337 -18.6465 53.8625
      vertex -8.45336 -25.1416 36.8625
      vertex -4.70337 -18.6465 75.8625
    endloop
  endfacet
  facet normal -0.866024 0.500002 6.08731e-07
    outer loop
      vertex -4.70337 -18.6465 75.8625
      vertex -8.31075 -24.8946 53.4051
      vertex -6.07406 -21.0206 83.8758
    endloop
  endfacet
  facet normal -0.866023 0.500003 1.65399e-07
    outer loop
      vertex -8.31075 -24.8946 53.4051
      vertex -4.70337 -18.6465 75.8625
      vertex -8.45336 -25.1416 36.8625
    endloop
  endfacet
  facet normal -0.866069 0.499925 2.72036e-06
    outer loop
      vertex -8.53129 -25.2766 35.8026
      vertex -8.61481 -25.4213 37.6639
      vertex -8.45336 -25.1416 36.8625
    endloop
  endfacet
  facet normal -0.866082 0.499902 -8.09158e-06
    outer loop
      vertex -8.93782 -25.9808 44.8625
      vertex -8.45336 -25.1416 36.8625
      vertex -8.61481 -25.4213 37.6639
    endloop
  endfacet
  facet normal -0.866045 0.499966 9.1156e-07
    outer loop
      vertex -8.45336 -25.1416 36.8625
      vertex -8.93782 -25.9808 44.8625
      vertex -8.31075 -24.8946 53.4051
    endloop
  endfacet
  facet normal 0.866022 -0.500005 0
    outer loop
      vertex -13.7966 -13.3965 75.8625
      vertex -17.5466 -19.8916 36.8625
      vertex -13.7966 -13.3965 53.8625
    endloop
  endfacet
  facet normal 0.866022 -0.500006 -8.00559e-07
    outer loop
      vertex -17.1927 -19.2786 56.2839
      vertex -13.7966 -13.3965 75.8625
      vertex -15.1673 -15.7706 83.8758
    endloop
  endfacet
  facet normal 0.86601 -0.500026 7.52469e-06
    outer loop
      vertex -17.404 -19.6446 53.4051
      vertex -13.7966 -13.3965 75.8625
      vertex -17.1927 -19.2786 56.2839
    endloop
  endfacet
  facet normal 0.866021 -0.500007 4.31537e-07
    outer loop
      vertex -13.7966 -13.3965 75.8625
      vertex -17.404 -19.6446 53.4051
      vertex -17.5466 -19.8916 36.8625
    endloop
  endfacet
  facet normal 0.865968 -0.5001 -3.01751e-05
    outer loop
      vertex -17.5466 -19.8916 36.8625
      vertex -17.7081 -20.1713 37.6639
      vertex -17.6246 -20.0266 35.8026
    endloop
  endfacet
  facet normal 0.866031 -0.49999 8.62834e-08
    outer loop
      vertex -18.0311 -20.7308 44.8625
      vertex -17.5466 -19.8916 36.8625
      vertex -17.404 -19.6446 53.4051
    endloop
  endfacet
  facet normal 0.865994 -0.500054 -8.93624e-06
    outer loop
      vertex -17.5466 -19.8916 36.8625
      vertex -18.0311 -20.7308 44.8625
      vertex -17.7081 -20.1713 37.6639
    endloop
  endfacet
  facet normal -0.473111 -0.81935 -0.323779
    outer loop
      vertex -11.9417 -19.8482 89.4838
      vertex -10.8329 -20.3516 89.1375
      vertex -11.6457 -20.1709 89.8679
    endloop
  endfacet
  facet normal -0.473083 -0.819467 -0.32352
    outer loop
      vertex -12.2086 -19.5574 89.1375
      vertex -10.8329 -20.3516 89.1375
      vertex -11.9417 -19.8482 89.4838
    endloop
  endfacet
  facet normal -0.473049 -0.819408 -0.323721
    outer loop
      vertex -15.1673 -15.7706 83.8758
      vertex -10.8329 -20.3516 89.1375
      vertex -12.2086 -19.5574 89.1375
    endloop
  endfacet
  facet normal -0.473083 -0.819401 -0.323688
    outer loop
      vertex -15.1673 -15.7706 83.8758
      vertex -6.07406 -21.0206 83.8758
      vertex -10.8329 -20.3516 89.1375
    endloop
  endfacet
  facet normal -0.473083 -0.819402 -0.323686
    outer loop
      vertex -13.7966 -13.3965 75.8625
      vertex -6.07406 -21.0206 83.8758
      vertex -15.1673 -15.7706 83.8758
    endloop
  endfacet
  facet normal -0.473084 -0.819402 -0.323686
    outer loop
      vertex -6.07406 -21.0206 83.8758
      vertex -13.7966 -13.3965 75.8625
      vertex -4.70337 -18.6465 75.8625
    endloop
  endfacet
  facet normal -0.500002 -0.866025 0
    outer loop
      vertex -13.7966 -13.3965 53.8625
      vertex -4.70337 -18.6465 75.8625
      vertex -13.7966 -13.3965 75.8625
    endloop
  endfacet
  facet normal -0.500002 -0.866025 -0
    outer loop
      vertex -4.70337 -18.6465 75.8625
      vertex -13.7966 -13.3965 53.8625
      vertex -4.70337 -18.6465 53.8625
    endloop
  endfacet
  facet normal -0.457461 -0.792343 0.403637
    outer loop
      vertex -8.45336 -25.1416 36.8625
      vertex -13.7966 -13.3965 53.8625
      vertex -17.5466 -19.8916 36.8625
    endloop
  endfacet
  facet normal -0.457461 -0.792343 0.403636
    outer loop
      vertex -13.7966 -13.3965 53.8625
      vertex -8.45336 -25.1416 36.8625
      vertex -4.70337 -18.6465 53.8625
    endloop
  endfacet
  facet normal -0.49468 -0.856808 0.145504
    outer loop
      vertex -17.5466 -19.8916 36.8625
      vertex -8.53129 -25.2766 35.8026
      vertex -8.45336 -25.1416 36.8625
    endloop
  endfacet
  facet normal -0.494675 -0.856806 0.145536
    outer loop
      vertex -17.6246 -20.0266 35.8026
      vertex -8.53129 -25.2766 35.8026
      vertex -17.5466 -19.8916 36.8625
    endloop
  endfacet
  facet normal -0.494678 -0.856811 0.145495
    outer loop
      vertex -8.53129 -25.2766 35.8026
      vertex -17.6246 -20.0266 35.8026
      vertex -14.0191 -24.2818 23.0026
    endloop
  endfacet
  facet normal -0.866022 -0.500005 -0
    outer loop
      vertex 13.7966 -13.3965 75.8625
      vertex 13.7966 -13.3965 53.8625
      vertex 17.5466 -19.8916 36.8625
    endloop
  endfacet
  facet normal -0.866021 -0.500007 -1.46149e-06
    outer loop
      vertex 13.7966 -13.3965 75.8625
      vertex 15.4378 -16.2391 80.1907
      vertex 15.1673 -15.7706 83.8758
    endloop
  endfacet
  facet normal -0.866022 -0.500006 -1.28835e-07
    outer loop
      vertex 13.7966 -13.3965 75.8625
      vertex 17.404 -19.6446 53.4051
      vertex 15.4378 -16.2391 80.1907
    endloop
  endfacet
  facet normal -0.866021 -0.500007 4.31537e-07
    outer loop
      vertex 17.404 -19.6446 53.4051
      vertex 13.7966 -13.3965 75.8625
      vertex 17.5466 -19.8916 36.8625
    endloop
  endfacet
  facet normal -0.865968 -0.5001 -3.01751e-05
    outer loop
      vertex 17.7081 -20.1713 37.6639
      vertex 17.5466 -19.8916 36.8625
      vertex 17.6246 -20.0266 35.8026
    endloop
  endfacet
  facet normal -0.865994 -0.500054 -8.93624e-06
    outer loop
      vertex 18.0311 -20.7308 44.8625
      vertex 17.5466 -19.8916 36.8625
      vertex 17.7081 -20.1713 37.6639
    endloop
  endfacet
  facet normal -0.866031 -0.49999 8.62834e-08
    outer loop
      vertex 17.5466 -19.8916 36.8625
      vertex 18.0311 -20.7308 44.8625
      vertex 17.404 -19.6446 53.4051
    endloop
  endfacet
  facet normal 0.866023 0.500004 0
    outer loop
      vertex 8.45336 -25.1416 36.8625
      vertex 4.70337 -18.6465 53.8625
      vertex 4.70337 -18.6465 75.8625
    endloop
  endfacet
  facet normal 0.866024 0.500002 6.08731e-07
    outer loop
      vertex 8.31075 -24.8946 53.4051
      vertex 4.70337 -18.6465 75.8625
      vertex 6.07406 -21.0206 83.8758
    endloop
  endfacet
  facet normal 0.866023 0.500003 1.65399e-07
    outer loop
      vertex 4.70337 -18.6465 75.8625
      vertex 8.31075 -24.8946 53.4051
      vertex 8.45336 -25.1416 36.8625
    endloop
  endfacet
  facet normal 0.866069 0.499925 2.72036e-06
    outer loop
      vertex 8.53129 -25.2766 35.8026
      vertex 8.45336 -25.1416 36.8625
      vertex 8.61481 -25.4213 37.6639
    endloop
  endfacet
  facet normal 0.866045 0.499966 9.1156e-07
    outer loop
      vertex 8.93782 -25.9808 44.8625
      vertex 8.45336 -25.1416 36.8625
      vertex 8.31075 -24.8946 53.4051
    endloop
  endfacet
  facet normal 0.866082 0.499902 -8.09158e-06
    outer loop
      vertex 8.45336 -25.1416 36.8625
      vertex 8.93782 -25.9808 44.8625
      vertex 8.61481 -25.4213 37.6639
    endloop
  endfacet
  facet normal 0.473053 -0.819415 -0.323698
    outer loop
      vertex 10.8329 -20.3516 89.1375
      vertex 12.2086 -19.5574 89.1375
      vertex 11.6457 -20.1709 89.8679
    endloop
  endfacet
  facet normal 0.473049 -0.819408 -0.323721
    outer loop
      vertex 10.8329 -20.3516 89.1375
      vertex 15.1673 -15.7706 83.8758
      vertex 12.2086 -19.5574 89.1375
    endloop
  endfacet
  facet normal 0.473083 -0.819401 -0.323688
    outer loop
      vertex 6.07406 -21.0206 83.8758
      vertex 15.1673 -15.7706 83.8758
      vertex 10.8329 -20.3516 89.1375
    endloop
  endfacet
  facet normal 0.473084 -0.819402 -0.323686
    outer loop
      vertex 13.7966 -13.3965 75.8625
      vertex 6.07406 -21.0206 83.8758
      vertex 4.70337 -18.6465 75.8625
    endloop
  endfacet
  facet normal 0.473083 -0.819402 -0.323686
    outer loop
      vertex 6.07406 -21.0206 83.8758
      vertex 13.7966 -13.3965 75.8625
      vertex 15.1673 -15.7706 83.8758
    endloop
  endfacet
  facet normal 0.500002 -0.866025 0
    outer loop
      vertex 4.70337 -18.6465 53.8625
      vertex 13.7966 -13.3965 75.8625
      vertex 4.70337 -18.6465 75.8625
    endloop
  endfacet
  facet normal 0.500002 -0.866025 0
    outer loop
      vertex 13.7966 -13.3965 75.8625
      vertex 4.70337 -18.6465 53.8625
      vertex 13.7966 -13.3965 53.8625
    endloop
  endfacet
  facet normal 0.457461 -0.792343 0.403636
    outer loop
      vertex 8.45336 -25.1416 36.8625
      vertex 13.7966 -13.3965 53.8625
      vertex 4.70337 -18.6465 53.8625
    endloop
  endfacet
  facet normal 0.457461 -0.792343 0.403637
    outer loop
      vertex 13.7966 -13.3965 53.8625
      vertex 8.45336 -25.1416 36.8625
      vertex 17.5466 -19.8916 36.8625
    endloop
  endfacet
  facet normal 0.49468 -0.856808 0.145504
    outer loop
      vertex 8.53129 -25.2766 35.8026
      vertex 17.5466 -19.8916 36.8625
      vertex 8.45336 -25.1416 36.8625
    endloop
  endfacet
  facet normal 0.494675 -0.856806 0.145536
    outer loop
      vertex 8.53129 -25.2766 35.8026
      vertex 17.6246 -20.0266 35.8026
      vertex 17.5466 -19.8916 36.8625
    endloop
  endfacet
  facet normal 0.494677 -0.856811 0.145499
    outer loop
      vertex 8.53129 -25.2766 35.8026
      vertex 15.6219 -22.3902 28.6928
      vertex 17.6246 -20.0266 35.8026
    endloop
  endfacet
  facet normal 0.494673 -0.856814 0.145493
    outer loop
      vertex 15.6219 -22.3902 28.6928
      vertex 8.53129 -25.2766 35.8026
      vertex 14.0191 -24.2818 23.0026
    endloop
  endfacet
  facet normal -0.863422 0.498496 -0.0774861
    outer loop
      vertex -28.0382 0 23.0026
      vertex -15.6219 22.3902 28.6928
      vertex -16.7255 16.0187 -1.90735e-07
    endloop
  endfacet
  facet normal -0.863423 0.498495 -0.0774839
    outer loop
      vertex -26.1558 5.25 35.8026
      vertex -15.6219 22.3902 28.6928
      vertex -28.0382 0 23.0026
    endloop
  endfacet
  facet normal -0.863423 0.498493 -0.0774901
    outer loop
      vertex -15.6219 22.3902 28.6928
      vertex -26.1558 5.25 35.8026
      vertex -17.6246 20.0266 35.8026
    endloop
  endfacet
  facet normal -0.863423 0.498494 -0.0774897
    outer loop
      vertex -26.9689 5.25 44.8625
      vertex -17.7081 20.1713 37.6639
      vertex -26.1558 5.25 35.8026
    endloop
  endfacet
  facet normal -0.863423 0.498495 -0.0774864
    outer loop
      vertex -17.7081 20.1713 37.6639
      vertex -26.9689 5.25 44.8625
      vertex -18.0311 20.7308 44.8625
    endloop
  endfacet
  facet normal -0.863422 0.498497 -0.0774852
    outer loop
      vertex -28.0382 0 23.0026
      vertex -16.7255 16.0187 -1.90735e-07
      vertex -25.9739 0 -1.90735e-07
    endloop
  endfacet
  facet normal -0.863423 0.498493 -0.0774877
    outer loop
      vertex -17.6246 20.0266 35.8026
      vertex -26.1558 5.25 35.8026
      vertex -17.7081 20.1713 37.6639
    endloop
  endfacet
  facet normal -0.863417 0.498505 -0.0774889
    outer loop
      vertex -16.7255 16.0187 -1.90735e-07
      vertex -14.0191 24.2818 23.0026
      vertex -12.9869 22.494 -1.90735e-07
    endloop
  endfacet
  facet normal -0.863418 0.498502 -0.0774877
    outer loop
      vertex -14.0191 24.2818 23.0026
      vertex -16.7255 16.0187 -1.90735e-07
      vertex -15.6219 22.3902 28.6928
    endloop
  endfacet
  facet normal -0.859108 0.49601 0.126124
    outer loop
      vertex -21.2414 5.25 83.8758
      vertex -15.4378 16.2391 80.1907
      vertex -25.2921 5.25 56.2839
    endloop
  endfacet
  facet normal -0.859109 0.496009 0.126121
    outer loop
      vertex -15.4378 16.2391 80.1907
      vertex -21.2414 5.25 83.8758
      vertex -15.1673 15.7706 83.8758
    endloop
  endfacet
  facet normal -0.85911 0.49601 0.126111
    outer loop
      vertex -21.2414 5.25 83.8758
      vertex -12.2086 19.5574 89.1375
      vertex -15.1673 15.7706 83.8758
    endloop
  endfacet
  facet normal -0.859111 0.496003 0.126132
    outer loop
      vertex -12.2086 19.5574 89.1375
      vertex -21.2414 5.25 83.8758
      vertex -23.0414 0.79424 89.1375
    endloop
  endfacet
  facet normal -0.85911 0.496005 0.126134
    outer loop
      vertex -26.9689 5.25 44.8625
      vertex -17.404 19.6446 53.4051
      vertex -18.0311 20.7308 44.8625
    endloop
  endfacet
  facet normal -0.859109 0.496008 0.126128
    outer loop
      vertex -25.2921 5.25 56.2839
      vertex -17.404 19.6446 53.4051
      vertex -26.9689 5.25 44.8625
    endloop
  endfacet
  facet normal -0.859109 0.496008 0.126125
    outer loop
      vertex -17.404 19.6446 53.4051
      vertex -25.2921 5.25 56.2839
      vertex -15.4378 16.2391 80.1907
    endloop
  endfacet
  facet normal -0.840679 0.485347 0.240202
    outer loop
      vertex -19.5 0 103.137
      vertex -23.1599 0.417695 89.4838
      vertex -23.2913 0 89.8679
    endloop
  endfacet
  facet normal -0.840671 0.485362 0.2402
    outer loop
      vertex -23.1599 0.417695 89.4838
      vertex -19.5 0 103.137
      vertex -9.75 16.8875 103.137
    endloop
  endfacet
  facet normal -0.840671 0.48536 0.240204
    outer loop
      vertex -12.2086 19.5574 89.1375
      vertex -9.75 16.8875 103.137
      vertex -11.6457 20.1709 89.8679
    endloop
  endfacet
  facet normal -0.840673 0.485357 0.240204
    outer loop
      vertex -23.0414 0.79424 89.1375
      vertex -9.75 16.8875 103.137
      vertex -12.2086 19.5574 89.1375
    endloop
  endfacet
  facet normal -0.840663 0.485408 0.240137
    outer loop
      vertex -9.75 16.8875 103.137
      vertex -23.0414 0.79424 89.1375
      vertex -23.1599 0.417695 89.4838
    endloop
  endfacet
  facet normal -0.661692 0.382028 0.64515
    outer loop
      vertex 0 0 123.137
      vertex -9.75 16.8875 103.137
      vertex -19.5 0 103.137
    endloop
  endfacet
  facet normal 0 0.996993 -0.0774897
    outer loop
      vertex 8.61481 25.4213 37.6639
      vertex -8.93782 25.9808 44.8625
      vertex 8.93782 25.9808 44.8625
    endloop
  endfacet
  facet normal 0 0.996993 -0.0774897
    outer loop
      vertex 8.61481 25.4213 37.6639
      vertex -8.61481 25.4213 37.6639
      vertex -8.93782 25.9808 44.8625
    endloop
  endfacet
  facet normal 0 0.996992 -0.0775075
    outer loop
      vertex 8.53129 25.2766 35.8026
      vertex -8.61481 25.4213 37.6639
      vertex 8.61481 25.4213 37.6639
    endloop
  endfacet
  facet normal 0 0.996992 -0.0775075
    outer loop
      vertex 8.53129 25.2766 35.8026
      vertex -8.53129 25.2766 35.8026
      vertex -8.61481 25.4213 37.6639
    endloop
  endfacet
  facet normal 0 0.996994 -0.0774851
    outer loop
      vertex 14.0191 24.2818 23.0026
      vertex -8.53129 25.2766 35.8026
      vertex 8.53129 25.2766 35.8026
    endloop
  endfacet
  facet normal 0 0.996994 -0.0774851
    outer loop
      vertex 14.0191 24.2818 23.0026
      vertex -14.0191 24.2818 23.0026
      vertex -8.53129 25.2766 35.8026
    endloop
  endfacet
  facet normal 0 0.996993 -0.077488
    outer loop
      vertex 12.9869 22.494 -1.90735e-07
      vertex -14.0191 24.2818 23.0026
      vertex 14.0191 24.2818 23.0026
    endloop
  endfacet
  facet normal 0 0.996993 -0.077488
    outer loop
      vertex -14.0191 24.2818 23.0026
      vertex 12.9869 22.494 -1.90735e-07
      vertex -12.9869 22.494 -1.90735e-07
    endloop
  endfacet
  facet normal 0 0.992014 0.12613
    outer loop
      vertex 6.07406 21.0206 83.8758
      vertex -10.8329 20.3516 89.1375
      vertex 10.8329 20.3516 89.1375
    endloop
  endfacet
  facet normal 0 0.992014 0.12613
    outer loop
      vertex 6.07406 21.0206 83.8758
      vertex -6.07406 21.0206 83.8758
      vertex -10.8329 20.3516 89.1375
    endloop
  endfacet
  facet normal 0 0.992015 0.126123
    outer loop
      vertex 8.31075 24.8946 53.4051
      vertex -6.07406 21.0206 83.8758
      vertex 6.07406 21.0206 83.8758
    endloop
  endfacet
  facet normal 0 0.992015 0.126123
    outer loop
      vertex 8.31075 24.8946 53.4051
      vertex -8.31075 24.8946 53.4051
      vertex -6.07406 21.0206 83.8758
    endloop
  endfacet
  facet normal 0 0.992013 0.126135
    outer loop
      vertex 8.93782 25.9808 44.8625
      vertex -8.31075 24.8946 53.4051
      vertex 8.31075 24.8946 53.4051
    endloop
  endfacet
  facet normal 0 0.992013 0.126135
    outer loop
      vertex -8.31075 24.8946 53.4051
      vertex 8.93782 25.9808 44.8625
      vertex -8.93782 25.9808 44.8625
    endloop
  endfacet
  facet normal -3.74092e-05 0.970724 0.240197
    outer loop
      vertex 10.8329 20.3516 89.1375
      vertex 9.75 16.8875 103.137
      vertex 11.6457 20.1709 89.8679
    endloop
  endfacet
  facet normal 0 0.970723 0.2402
    outer loop
      vertex 9.75 16.8875 103.137
      vertex 10.8329 20.3516 89.1375
      vertex -9.75 16.8875 103.137
    endloop
  endfacet
  facet normal -0 0.970723 0.2402
    outer loop
      vertex -10.8329 20.3516 89.1375
      vertex -9.75 16.8875 103.137
      vertex 10.8329 20.3516 89.1375
    endloop
  endfacet
  facet normal 3.74092e-05 0.970724 0.240197
    outer loop
      vertex -9.75 16.8875 103.137
      vertex -10.8329 20.3516 89.1375
      vertex -11.6457 20.1709 89.8679
    endloop
  endfacet
  facet normal 0 0.764056 0.64515
    outer loop
      vertex 0 0 123.137
      vertex 9.75 16.8875 103.137
      vertex -9.75 16.8875 103.137
    endloop
  endfacet
  facet normal 0.863423 0.498493 -0.0774877
    outer loop
      vertex 26.1558 5.25 35.8026
      vertex 17.6246 20.0266 35.8026
      vertex 17.7081 20.1713 37.6639
    endloop
  endfacet
  facet normal 0.863423 0.498495 -0.0774864
    outer loop
      vertex 26.9689 5.25 44.8625
      vertex 17.7081 20.1713 37.6639
      vertex 18.0311 20.7308 44.8625
    endloop
  endfacet
  facet normal 0.863423 0.498494 -0.0774897
    outer loop
      vertex 17.7081 20.1713 37.6639
      vertex 26.9689 5.25 44.8625
      vertex 26.1558 5.25 35.8026
    endloop
  endfacet
  facet normal 0.863424 0.498494 -0.0774799
    outer loop
      vertex 17.6246 20.0266 35.8026
      vertex 26.1558 5.25 35.8026
      vertex 27.2014 2.33389 28.6928
    endloop
  endfacet
  facet normal 0.863422 0.498496 -0.0774879
    outer loop
      vertex 17.6246 20.0266 35.8026
      vertex 27.2014 2.33389 28.6928
      vertex 22.2353 6.47534 -1.90735e-07
    endloop
  endfacet
  facet normal 0.863421 0.498498 -0.0774887
    outer loop
      vertex 22.2353 6.47534 -1.90735e-07
      vertex 14.0191 24.2818 23.0026
      vertex 17.6246 20.0266 35.8026
    endloop
  endfacet
  facet normal 0.863421 0.498498 -0.0774885
    outer loop
      vertex 14.0191 24.2818 23.0026
      vertex 22.2353 6.47534 -1.90735e-07
      vertex 12.9869 22.494 -1.90735e-07
    endloop
  endfacet
  facet normal 0.863422 0.498496 -0.077488
    outer loop
      vertex 28.0382 0 23.0026
      vertex 22.2353 6.47534 -1.90735e-07
      vertex 27.2014 2.33389 28.6928
    endloop
  endfacet
  facet normal 0.863418 0.498503 -0.0774849
    outer loop
      vertex 22.2353 6.47534 -1.90735e-07
      vertex 28.0382 0 23.0026
      vertex 25.9739 0 -1.90735e-07
    endloop
  endfacet
  facet normal 0.85911 0.49601 0.126111
    outer loop
      vertex 12.2086 19.5574 89.1375
      vertex 21.2414 5.25 83.8758
      vertex 15.1673 15.7706 83.8758
    endloop
  endfacet
  facet normal 0.859111 0.496003 0.126132
    outer loop
      vertex 21.2414 5.25 83.8758
      vertex 12.2086 19.5574 89.1375
      vertex 23.0414 0.79424 89.1375
    endloop
  endfacet
  facet normal 0.859109 0.496009 0.126124
    outer loop
      vertex 21.7824 5.25 80.1907
      vertex 15.1673 15.7706 83.8758
      vertex 21.2414 5.25 83.8758
    endloop
  endfacet
  facet normal 0.859109 0.496008 0.126125
    outer loop
      vertex 15.1673 15.7706 83.8758
      vertex 21.7824 5.25 80.1907
      vertex 17.1927 19.2786 56.2839
    endloop
  endfacet
  facet normal 0.859109 0.496008 0.126125
    outer loop
      vertex 26.9689 5.25 44.8625
      vertex 17.1927 19.2786 56.2839
      vertex 21.7824 5.25 80.1907
    endloop
  endfacet
  facet normal 0.859108 0.496012 0.126119
    outer loop
      vertex 17.1927 19.2786 56.2839
      vertex 26.9689 5.25 44.8625
      vertex 17.404 19.6446 53.4051
    endloop
  endfacet
  facet normal 0.85911 0.496005 0.126134
    outer loop
      vertex 17.404 19.6446 53.4051
      vertex 26.9689 5.25 44.8625
      vertex 18.0311 20.7308 44.8625
    endloop
  endfacet
  facet normal 0.840725 0.485273 0.24019
    outer loop
      vertex 9.75 16.8875 103.137
      vertex 11.9417 19.8482 89.4838
      vertex 11.6457 20.1709 89.8679
    endloop
  endfacet
  facet normal 0.840671 0.485362 0.240201
    outer loop
      vertex 11.9417 19.8482 89.4838
      vertex 9.75 16.8875 103.137
      vertex 19.5 0 103.137
    endloop
  endfacet
  facet normal 0.840626 0.485399 0.24028
    outer loop
      vertex 19.5 0 103.137
      vertex 12.2086 19.5574 89.1375
      vertex 11.9417 19.8482 89.4838
    endloop
  endfacet
  facet normal 0.840674 0.485358 0.240198
    outer loop
      vertex 12.2086 19.5574 89.1375
      vertex 19.5 0 103.137
      vertex 23.0414 0.79424 89.1375
    endloop
  endfacet
  facet normal 0.840655 0.485393 0.240195
    outer loop
      vertex 23.0414 0.79424 89.1375
      vertex 19.5 0 103.137
      vertex 23.2913 0 89.8679
    endloop
  endfacet
  facet normal 0.661692 0.382028 0.64515
    outer loop
      vertex 19.5 0 103.137
      vertex 9.75 16.8875 103.137
      vertex 0 0 123.137
    endloop
  endfacet
  facet normal 0.863423 -0.498494 -0.0774897
    outer loop
      vertex 17.7081 -20.1713 37.6639
      vertex 26.1558 -5.25 35.8026
      vertex 26.9689 -5.25 44.8625
    endloop
  endfacet
  facet normal 0.863423 -0.498493 -0.0774901
    outer loop
      vertex 26.1558 -5.25 35.8026
      vertex 17.6246 -20.0266 35.8026
      vertex 15.6219 -22.3902 28.6928
    endloop
  endfacet
  facet normal 0.863423 -0.498493 -0.0774877
    outer loop
      vertex 26.1558 -5.25 35.8026
      vertex 17.7081 -20.1713 37.6639
      vertex 17.6246 -20.0266 35.8026
    endloop
  endfacet
  facet normal 0.863423 -0.498495 -0.0774864
    outer loop
      vertex 17.7081 -20.1713 37.6639
      vertex 26.9689 -5.25 44.8625
      vertex 18.0311 -20.7308 44.8625
    endloop
  endfacet
  facet normal 0.863421 -0.498497 -0.0774848
    outer loop
      vertex 16.7255 -16.0187 -1.90735e-07
      vertex 28.0382 0 23.0026
      vertex 26.1558 -5.25 35.8026
    endloop
  endfacet
  facet normal 0.863422 -0.498497 -0.0774852
    outer loop
      vertex 28.0382 0 23.0026
      vertex 16.7255 -16.0187 -1.90735e-07
      vertex 25.9739 0 -1.90735e-07
    endloop
  endfacet
  facet normal 0.863423 -0.498495 -0.0774859
    outer loop
      vertex 26.1558 -5.25 35.8026
      vertex 15.6219 -22.3902 28.6928
      vertex 16.7255 -16.0187 -1.90735e-07
    endloop
  endfacet
  facet normal 0.863418 -0.498502 -0.0774877
    outer loop
      vertex 14.0191 -24.2818 23.0026
      vertex 16.7255 -16.0187 -1.90735e-07
      vertex 15.6219 -22.3902 28.6928
    endloop
  endfacet
  facet normal 0.863417 -0.498505 -0.0774889
    outer loop
      vertex 16.7255 -16.0187 -1.90735e-07
      vertex 14.0191 -24.2818 23.0026
      vertex 12.9869 -22.494 -1.90735e-07
    endloop
  endfacet
  facet normal 0.859109 -0.496009 0.126121
    outer loop
      vertex 15.4378 -16.2391 80.1907
      vertex 21.2414 -5.25 83.8758
      vertex 15.1673 -15.7706 83.8758
    endloop
  endfacet
  facet normal 0.859111 -0.496003 0.126132
    outer loop
      vertex 12.2086 -19.5574 89.1375
      vertex 21.2414 -5.25 83.8758
      vertex 23.0414 -0.79424 89.1375
    endloop
  endfacet
  facet normal 0.85911 -0.49601 0.126111
    outer loop
      vertex 21.2414 -5.25 83.8758
      vertex 12.2086 -19.5574 89.1375
      vertex 15.1673 -15.7706 83.8758
    endloop
  endfacet
  facet normal 0.859108 -0.49601 0.126124
    outer loop
      vertex 21.2414 -5.25 83.8758
      vertex 15.4378 -16.2391 80.1907
      vertex 25.2921 -5.25 56.2839
    endloop
  endfacet
  facet normal 0.859109 -0.496008 0.126125
    outer loop
      vertex 17.404 -19.6446 53.4051
      vertex 25.2921 -5.25 56.2839
      vertex 15.4378 -16.2391 80.1907
    endloop
  endfacet
  facet normal 0.859109 -0.496008 0.126128
    outer loop
      vertex 25.2921 -5.25 56.2839
      vertex 17.404 -19.6446 53.4051
      vertex 26.9689 -5.25 44.8625
    endloop
  endfacet
  facet normal 0.85911 -0.496005 0.126134
    outer loop
      vertex 26.9689 -5.25 44.8625
      vertex 17.404 -19.6446 53.4051
      vertex 18.0311 -20.7308 44.8625
    endloop
  endfacet
  facet normal 0.840679 -0.485347 0.240202
    outer loop
      vertex 19.5 0 103.137
      vertex 23.1599 -0.417695 89.4838
      vertex 23.2913 0 89.8679
    endloop
  endfacet
  facet normal 0.840671 -0.485362 0.2402
    outer loop
      vertex 23.1599 -0.417695 89.4838
      vertex 19.5 0 103.137
      vertex 9.75 -16.8875 103.137
    endloop
  endfacet
  facet normal 0.840663 -0.485408 0.240137
    outer loop
      vertex 9.75 -16.8875 103.137
      vertex 23.0414 -0.79424 89.1375
      vertex 23.1599 -0.417695 89.4838
    endloop
  endfacet
  facet normal 0.840673 -0.485357 0.240204
    outer loop
      vertex 9.75 -16.8875 103.137
      vertex 12.2086 -19.5574 89.1375
      vertex 23.0414 -0.79424 89.1375
    endloop
  endfacet
  facet normal 0.840671 -0.48536 0.240204
    outer loop
      vertex 12.2086 -19.5574 89.1375
      vertex 9.75 -16.8875 103.137
      vertex 11.6457 -20.1709 89.8679
    endloop
  endfacet
  facet normal 0.661692 -0.382028 0.64515
    outer loop
      vertex 9.75 -16.8875 103.137
      vertex 19.5 0 103.137
      vertex 0 0 123.137
    endloop
  endfacet
  facet normal 0 -0.996993 -0.0774897
    outer loop
      vertex -8.61481 -25.4213 37.6639
      vertex 8.93782 -25.9808 44.8625
      vertex -8.93782 -25.9808 44.8625
    endloop
  endfacet
  facet normal 0 -0.996993 -0.0774897
    outer loop
      vertex -8.61481 -25.4213 37.6639
      vertex 8.61481 -25.4213 37.6639
      vertex 8.93782 -25.9808 44.8625
    endloop
  endfacet
  facet normal 0 -0.996992 -0.0775075
    outer loop
      vertex -8.53129 -25.2766 35.8026
      vertex 8.61481 -25.4213 37.6639
      vertex -8.61481 -25.4213 37.6639
    endloop
  endfacet
  facet normal 0 -0.996992 -0.0775075
    outer loop
      vertex -8.53129 -25.2766 35.8026
      vertex 8.53129 -25.2766 35.8026
      vertex 8.61481 -25.4213 37.6639
    endloop
  endfacet
  facet normal 0 -0.996994 -0.0774851
    outer loop
      vertex -14.0191 -24.2818 23.0026
      vertex 8.53129 -25.2766 35.8026
      vertex -8.53129 -25.2766 35.8026
    endloop
  endfacet
  facet normal 0 -0.996994 -0.0774851
    outer loop
      vertex -14.0191 -24.2818 23.0026
      vertex 14.0191 -24.2818 23.0026
      vertex 8.53129 -25.2766 35.8026
    endloop
  endfacet
  facet normal 0 -0.996993 -0.077488
    outer loop
      vertex -12.9869 -22.494 -1.90735e-07
      vertex 14.0191 -24.2818 23.0026
      vertex -14.0191 -24.2818 23.0026
    endloop
  endfacet
  facet normal 0 -0.996993 -0.077488
    outer loop
      vertex 14.0191 -24.2818 23.0026
      vertex -12.9869 -22.494 -1.90735e-07
      vertex 12.9869 -22.494 -1.90735e-07
    endloop
  endfacet
  facet normal 0 -0.992014 0.12613
    outer loop
      vertex -6.07406 -21.0206 83.8758
      vertex 10.8329 -20.3516 89.1375
      vertex -10.8329 -20.3516 89.1375
    endloop
  endfacet
  facet normal 0 -0.992014 0.12613
    outer loop
      vertex -6.07406 -21.0206 83.8758
      vertex 6.07406 -21.0206 83.8758
      vertex 10.8329 -20.3516 89.1375
    endloop
  endfacet
  facet normal 0 -0.992015 0.126123
    outer loop
      vertex -8.31075 -24.8946 53.4051
      vertex 6.07406 -21.0206 83.8758
      vertex -6.07406 -21.0206 83.8758
    endloop
  endfacet
  facet normal 0 -0.992015 0.126123
    outer loop
      vertex -8.31075 -24.8946 53.4051
      vertex 8.31075 -24.8946 53.4051
      vertex 6.07406 -21.0206 83.8758
    endloop
  endfacet
  facet normal 0 -0.992013 0.126135
    outer loop
      vertex -8.93782 -25.9808 44.8625
      vertex 8.31075 -24.8946 53.4051
      vertex -8.31075 -24.8946 53.4051
    endloop
  endfacet
  facet normal 0 -0.992013 0.126135
    outer loop
      vertex 8.31075 -24.8946 53.4051
      vertex -8.93782 -25.9808 44.8625
      vertex 8.93782 -25.9808 44.8625
    endloop
  endfacet
  facet normal 3.74092e-05 -0.970724 0.240197
    outer loop
      vertex -10.8329 -20.3516 89.1375
      vertex -9.75 -16.8875 103.137
      vertex -11.6457 -20.1709 89.8679
    endloop
  endfacet
  facet normal 0 -0.970723 0.2402
    outer loop
      vertex -9.75 -16.8875 103.137
      vertex -10.8329 -20.3516 89.1375
      vertex 9.75 -16.8875 103.137
    endloop
  endfacet
  facet normal 0 -0.970723 0.2402
    outer loop
      vertex 10.8329 -20.3516 89.1375
      vertex 9.75 -16.8875 103.137
      vertex -10.8329 -20.3516 89.1375
    endloop
  endfacet
  facet normal -3.74092e-05 -0.970724 0.240197
    outer loop
      vertex 9.75 -16.8875 103.137
      vertex 10.8329 -20.3516 89.1375
      vertex 11.6457 -20.1709 89.8679
    endloop
  endfacet
  facet normal 0 -0.764056 0.64515
    outer loop
      vertex 9.75 -16.8875 103.137
      vertex 0 0 123.137
      vertex -9.75 -16.8875 103.137
    endloop
  endfacet
  facet normal -0.863422 -0.498497 -0.0774877
    outer loop
      vertex -22.2353 -6.47534 -1.90735e-07
      vertex -14.0191 -24.2818 23.0026
      vertex -27.2014 -2.33389 28.6928
    endloop
  endfacet
  facet normal -0.863422 -0.498496 -0.0774895
    outer loop
      vertex -27.2014 -2.33389 28.6928
      vertex -14.0191 -24.2818 23.0026
      vertex -17.6246 -20.0266 35.8026
    endloop
  endfacet
  facet normal -0.863421 -0.498498 -0.0774885
    outer loop
      vertex -14.0191 -24.2818 23.0026
      vertex -22.2353 -6.47534 -1.90735e-07
      vertex -12.9869 -22.494 -1.90735e-07
    endloop
  endfacet
  facet normal -0.863424 -0.498494 -0.0774799
    outer loop
      vertex -27.2014 -2.33389 28.6928
      vertex -17.6246 -20.0266 35.8026
      vertex -26.1558 -5.25 35.8026
    endloop
  endfacet
  facet normal -0.863423 -0.498493 -0.0774877
    outer loop
      vertex -17.7081 -20.1713 37.6639
      vertex -26.1558 -5.25 35.8026
      vertex -17.6246 -20.0266 35.8026
    endloop
  endfacet
  facet normal -0.863423 -0.498494 -0.0774897
    outer loop
      vertex -26.1558 -5.25 35.8026
      vertex -17.7081 -20.1713 37.6639
      vertex -26.9689 -5.25 44.8625
    endloop
  endfacet
  facet normal -0.863423 -0.498495 -0.0774864
    outer loop
      vertex -26.9689 -5.25 44.8625
      vertex -17.7081 -20.1713 37.6639
      vertex -18.0311 -20.7308 44.8625
    endloop
  endfacet
  facet normal -0.863418 -0.498503 -0.0774849
    outer loop
      vertex -22.2353 -6.47534 -1.90735e-07
      vertex -28.0382 0 23.0026
      vertex -25.9739 0 -1.90735e-07
    endloop
  endfacet
  facet normal -0.863422 -0.498496 -0.077488
    outer loop
      vertex -28.0382 0 23.0026
      vertex -22.2353 -6.47534 -1.90735e-07
      vertex -27.2014 -2.33389 28.6928
    endloop
  endfacet
  facet normal -0.859109 -0.496009 0.126124
    outer loop
      vertex -21.7824 -5.25 80.1907
      vertex -15.1673 -15.7706 83.8758
      vertex -21.2414 -5.25 83.8758
    endloop
  endfacet
  facet normal -0.859109 -0.496008 0.126125
    outer loop
      vertex -15.1673 -15.7706 83.8758
      vertex -21.7824 -5.25 80.1907
      vertex -17.1927 -19.2786 56.2839
    endloop
  endfacet
  facet normal -0.85911 -0.49601 0.126111
    outer loop
      vertex -12.2086 -19.5574 89.1375
      vertex -21.2414 -5.25 83.8758
      vertex -15.1673 -15.7706 83.8758
    endloop
  endfacet
  facet normal -0.859111 -0.496003 0.126132
    outer loop
      vertex -21.2414 -5.25 83.8758
      vertex -12.2086 -19.5574 89.1375
      vertex -23.0414 -0.79424 89.1375
    endloop
  endfacet
  facet normal -0.859109 -0.496008 0.126125
    outer loop
      vertex -26.9689 -5.25 44.8625
      vertex -17.1927 -19.2786 56.2839
      vertex -21.7824 -5.25 80.1907
    endloop
  endfacet
  facet normal -0.859108 -0.496012 0.126119
    outer loop
      vertex -26.9689 -5.25 44.8625
      vertex -17.404 -19.6446 53.4051
      vertex -17.1927 -19.2786 56.2839
    endloop
  endfacet
  facet normal -0.85911 -0.496005 0.126134
    outer loop
      vertex -17.404 -19.6446 53.4051
      vertex -26.9689 -5.25 44.8625
      vertex -18.0311 -20.7308 44.8625
    endloop
  endfacet
  facet normal -0.840671 -0.485362 0.240201
    outer loop
      vertex -11.9417 -19.8482 89.4838
      vertex -9.75 -16.8875 103.137
      vertex -19.5 0 103.137
    endloop
  endfacet
  facet normal -0.840725 -0.485273 0.24019
    outer loop
      vertex -9.75 -16.8875 103.137
      vertex -11.9417 -19.8482 89.4838
      vertex -11.6457 -20.1709 89.8679
    endloop
  endfacet
  facet normal -0.840655 -0.485393 0.240195
    outer loop
      vertex -23.0414 -0.79424 89.1375
      vertex -19.5 0 103.137
      vertex -23.2913 0 89.8679
    endloop
  endfacet
  facet normal -0.840674 -0.485358 0.240198
    outer loop
      vertex -12.2086 -19.5574 89.1375
      vertex -19.5 0 103.137
      vertex -23.0414 -0.79424 89.1375
    endloop
  endfacet
  facet normal -0.840626 -0.485399 0.24028
    outer loop
      vertex -19.5 0 103.137
      vertex -12.2086 -19.5574 89.1375
      vertex -11.9417 -19.8482 89.4838
    endloop
  endfacet
  facet normal -0.661692 -0.382028 0.64515
    outer loop
      vertex -9.75 -16.8875 103.137
      vertex 0 0 123.137
      vertex -19.5 0 103.137
    endloop
  endfacet
  facet normal -0.0245956 -0.999697 0
    outer loop
      vertex 0 13.585 -1.90735e-07
      vertex 0.666584 13.5686 101.137
      vertex 0 13.585 101.137
    endloop
  endfacet
  facet normal -0.0245956 -0.999697 -0
    outer loop
      vertex 0.666584 13.5686 101.137
      vertex 0 13.585 -1.90735e-07
      vertex 0.666584 13.5686 -1.90735e-07
    endloop
  endfacet
  facet normal -0.266797 0.963753 0
    outer loop
      vertex 3.94352 -13 -1.90735e-07
      vertex 3.30089 -13.1779 101.137
      vertex 3.94352 -13 101.137
    endloop
  endfacet
  facet normal -0.266797 0.963753 0
    outer loop
      vertex 3.30089 -13.1779 101.137
      vertex 3.94352 -13 -1.90735e-07
      vertex 3.30089 -13.1779 -1.90735e-07
    endloop
  endfacet
  facet normal -0.9757 0.219109 0
    outer loop
      vertex 13.1779 -3.30089 -1.90735e-07
      vertex 13.324 -2.6503 101.137
      vertex 13.324 -2.6503 -1.90735e-07
    endloop
  endfacet
  facet normal -0.9757 0.219109 0
    outer loop
      vertex 13.324 -2.6503 101.137
      vertex 13.1779 -3.30089 -1.90735e-07
      vertex 13.1779 -3.30089 101.137
    endloop
  endfacet
  facet normal -0.313603 -0.949554 0
    outer loop
      vertex 3.94352 13 -1.90735e-07
      vertex 4.57665 12.7909 101.137
      vertex 3.94352 13 101.137
    endloop
  endfacet
  facet normal -0.313603 -0.949554 -0
    outer loop
      vertex 4.57665 12.7909 101.137
      vertex 3.94352 13 -1.90735e-07
      vertex 4.57665 12.7909 -1.90735e-07
    endloop
  endfacet
  facet normal -0.997296 -0.0734876 0
    outer loop
      vertex 13.5686 0.666584 -1.90735e-07
      vertex 13.5196 1.33156 101.137
      vertex 13.5196 1.33156 -1.90735e-07
    endloop
  endfacet
  facet normal -0.997296 -0.0734876 0
    outer loop
      vertex 13.5196 1.33156 101.137
      vertex 13.5686 0.666584 -1.90735e-07
      vertex 13.5686 0.666584 101.137
    endloop
  endfacet
  facet normal 0.615298 -0.788295 0
    outer loop
      vertex -8.61823 10.5013 -1.90735e-07
      vertex -8.09257 10.9116 101.137
      vertex -8.61823 10.5013 101.137
    endloop
  endfacet
  facet normal 0.615298 -0.788295 0
    outer loop
      vertex -8.09257 10.9116 101.137
      vertex -8.61823 10.5013 -1.90735e-07
      vertex -8.09257 10.9116 -1.90735e-07
    endloop
  endfacet
  facet normal -0.999697 -0.0245956 0
    outer loop
      vertex 13.585 0 -1.90735e-07
      vertex 13.5686 0.666584 101.137
      vertex 13.5686 0.666584 -1.90735e-07
    endloop
  endfacet
  facet normal -0.999697 -0.0245956 0
    outer loop
      vertex 13.5686 0.666584 101.137
      vertex 13.585 0 -1.90735e-07
      vertex 13.585 0 101.137
    endloop
  endfacet
  facet normal 0.9757 0.219109 0
    outer loop
      vertex -13.1779 -3.30089 101.137
      vertex -13.324 -2.6503 -1.90735e-07
      vertex -13.324 -2.6503 101.137
    endloop
  endfacet
  facet normal 0.9757 0.219109 0
    outer loop
      vertex -13.324 -2.6503 -1.90735e-07
      vertex -13.1779 -3.30089 101.137
      vertex -13.1779 -3.30089 -1.90735e-07
    endloop
  endfacet
  facet normal -0.992483 0.122379 0
    outer loop
      vertex 13.438 -1.99333 -1.90735e-07
      vertex 13.5196 -1.33156 101.137
      vertex 13.5196 -1.33156 -1.90735e-07
    endloop
  endfacet
  facet normal -0.992483 0.122379 0
    outer loop
      vertex 13.5196 -1.33156 101.137
      vertex 13.438 -1.99333 -1.90735e-07
      vertex 13.438 -1.99333 101.137
    endloop
  endfacet
  facet normal 0.985276 0.170969 0
    outer loop
      vertex -13.324 -2.6503 101.137
      vertex -13.438 -1.99333 -1.90735e-07
      vertex -13.438 -1.99333 101.137
    endloop
  endfacet
  facet normal 0.985276 0.170969 0
    outer loop
      vertex -13.438 -1.99333 -1.90735e-07
      vertex -13.324 -2.6503 101.137
      vertex -13.324 -2.6503 -1.90735e-07
    endloop
  endfacet
  facet normal 0.992483 -0.122379 0
    outer loop
      vertex -13.5196 1.33156 101.137
      vertex -13.438 1.99333 -1.90735e-07
      vertex -13.438 1.99333 101.137
    endloop
  endfacet
  facet normal 0.992483 -0.122379 0
    outer loop
      vertex -13.438 1.99333 -1.90735e-07
      vertex -13.5196 1.33156 101.137
      vertex -13.5196 1.33156 -1.90735e-07
    endloop
  endfacet
  facet normal -0.9757 -0.219109 0
    outer loop
      vertex 13.324 2.6503 -1.90735e-07
      vertex 13.1779 3.30089 101.137
      vertex 13.1779 3.30089 -1.90735e-07
    endloop
  endfacet
  facet normal -0.9757 -0.219109 0
    outer loop
      vertex 13.1779 3.30089 101.137
      vertex 13.324 2.6503 -1.90735e-07
      vertex 13.324 2.6503 101.137
    endloop
  endfacet
  facet normal 0.992483 0.122379 0
    outer loop
      vertex -13.438 -1.99333 101.137
      vertex -13.5196 -1.33156 -1.90735e-07
      vertex -13.5196 -1.33156 101.137
    endloop
  endfacet
  facet normal 0.992483 0.122379 0
    outer loop
      vertex -13.5196 -1.33156 -1.90735e-07
      vertex -13.438 -1.99333 101.137
      vertex -13.438 -1.99333 -1.90735e-07
    endloop
  endfacet
  facet normal 0.963753 -0.266797 0
    outer loop
      vertex -13.1779 3.30089 101.137
      vertex -13 3.94352 -1.90735e-07
      vertex -13 3.94352 101.137
    endloop
  endfacet
  facet normal 0.963753 -0.266797 0
    outer loop
      vertex -13 3.94352 -1.90735e-07
      vertex -13.1779 3.30089 101.137
      vertex -13.1779 3.30089 -1.90735e-07
    endloop
  endfacet
  facet normal 0.689534 0.724253 -0
    outer loop
      vertex -9.12313 -10.0658 -1.90735e-07
      vertex -9.60604 -9.60604 101.137
      vertex -9.12313 -10.0658 101.137
    endloop
  endfacet
  facet normal 0.689534 0.724253 0
    outer loop
      vertex -9.60604 -9.60604 101.137
      vertex -9.12313 -10.0658 -1.90735e-07
      vertex -9.60604 -9.60604 -1.90735e-07
    endloop
  endfacet
  facet normal 0.997296 0.0734876 0
    outer loop
      vertex -13.5196 -1.33156 101.137
      vertex -13.5686 -0.666584 -1.90735e-07
      vertex -13.5686 -0.666584 101.137
    endloop
  endfacet
  facet normal 0.997296 0.0734876 0
    outer loop
      vertex -13.5686 -0.666584 -1.90735e-07
      vertex -13.5196 -1.33156 101.137
      vertex -13.5196 -1.33156 -1.90735e-07
    endloop
  endfacet
  facet normal -0.963753 -0.266797 0
    outer loop
      vertex 13.1779 3.30089 -1.90735e-07
      vertex 13 3.94352 101.137
      vertex 13 3.94352 -1.90735e-07
    endloop
  endfacet
  facet normal -0.963753 -0.266797 0
    outer loop
      vertex 13 3.94352 101.137
      vertex 13.1779 3.30089 -1.90735e-07
      vertex 13.1779 3.30089 101.137
    endloop
  endfacet
  facet normal -0.870063 0.492941 0
    outer loop
      vertex 11.6522 -6.98409 -1.90735e-07
      vertex 11.9809 -6.40392 101.137
      vertex 11.9809 -6.40392 -1.90735e-07
    endloop
  endfacet
  facet normal -0.870063 0.492941 0
    outer loop
      vertex 11.9809 -6.40392 101.137
      vertex 11.6522 -6.98409 -1.90735e-07
      vertex 11.6522 -6.98409 101.137
    endloop
  endfacet
  facet normal -0.57577 -0.817612 0
    outer loop
      vertex 7.54742 11.2955 -1.90735e-07
      vertex 8.09257 10.9116 101.137
      vertex 7.54742 11.2955 101.137
    endloop
  endfacet
  facet normal -0.57577 -0.817612 -0
    outer loop
      vertex 8.09257 10.9116 101.137
      vertex 7.54742 11.2955 -1.90735e-07
      vertex 8.09257 10.9116 -1.90735e-07
    endloop
  endfacet
  facet normal -0.405225 0.914217 0
    outer loop
      vertex 5.80834 -12.2807 -1.90735e-07
      vertex 5.19875 -12.5509 101.137
      vertex 5.80834 -12.2807 101.137
    endloop
  endfacet
  facet normal -0.405225 0.914217 0
    outer loop
      vertex 5.19875 -12.5509 101.137
      vertex 5.80834 -12.2807 -1.90735e-07
      vertex 5.19875 -12.5509 -1.90735e-07
    endloop
  endfacet
  facet normal 0.449624 -0.893218 0
    outer loop
      vertex -6.40392 11.9809 -1.90735e-07
      vertex -5.80834 12.2807 101.137
      vertex -6.40392 11.9809 101.137
    endloop
  endfacet
  facet normal 0.449624 -0.893218 0
    outer loop
      vertex -5.80834 12.2807 101.137
      vertex -6.40392 11.9809 -1.90735e-07
      vertex -5.80834 12.2807 -1.90735e-07
    endloop
  endfacet
  facet normal -0.870063 -0.492941 0
    outer loop
      vertex 11.9809 6.40392 -1.90735e-07
      vertex 11.6522 6.98409 101.137
      vertex 11.6522 6.98409 -1.90735e-07
    endloop
  endfacet
  facet normal -0.870063 -0.492941 0
    outer loop
      vertex 11.6522 6.98409 101.137
      vertex 11.9809 6.40392 -1.90735e-07
      vertex 11.9809 6.40392 101.137
    endloop
  endfacet
  facet normal -0.0245956 0.999697 0
    outer loop
      vertex 0.666584 -13.5686 -1.90735e-07
      vertex 0 -13.585 101.137
      vertex 0.666584 -13.5686 101.137
    endloop
  endfacet
  facet normal -0.0245956 0.999697 0
    outer loop
      vertex 0 -13.585 101.137
      vertex 0.666584 -13.5686 -1.90735e-07
      vertex 0 -13.585 -1.90735e-07
    endloop
  endfacet
  facet normal -0.653147 0.757231 0
    outer loop
      vertex 9.12313 -10.0658 -1.90735e-07
      vertex 8.61823 -10.5013 101.137
      vertex 9.12313 -10.0658 101.137
    endloop
  endfacet
  facet normal -0.653147 0.757231 0
    outer loop
      vertex 8.61823 -10.5013 101.137
      vertex 9.12313 -10.0658 -1.90735e-07
      vertex 8.61823 -10.5013 -1.90735e-07
    endloop
  endfacet
  facet normal -0.219109 0.9757 0
    outer loop
      vertex 3.30089 -13.1779 -1.90735e-07
      vertex 2.6503 -13.324 101.137
      vertex 3.30089 -13.1779 101.137
    endloop
  endfacet
  facet normal -0.219109 0.9757 0
    outer loop
      vertex 2.6503 -13.324 101.137
      vertex 3.30089 -13.1779 -1.90735e-07
      vertex 2.6503 -13.324 -1.90735e-07
    endloop
  endfacet
  facet normal -0.999697 0.0245956 0
    outer loop
      vertex 13.5686 -0.666584 -1.90735e-07
      vertex 13.585 0 101.137
      vertex 13.585 0 -1.90735e-07
    endloop
  endfacet
  facet normal -0.999697 0.0245956 0
    outer loop
      vertex 13.585 0 101.137
      vertex 13.5686 -0.666584 -1.90735e-07
      vertex 13.5686 -0.666584 101.137
    endloop
  endfacet
  facet normal -0.266797 -0.963753 0
    outer loop
      vertex 3.30089 13.1779 -1.90735e-07
      vertex 3.94352 13 101.137
      vertex 3.30089 13.1779 101.137
    endloop
  endfacet
  facet normal -0.266797 -0.963753 -0
    outer loop
      vertex 3.94352 13 101.137
      vertex 3.30089 13.1779 -1.90735e-07
      vertex 3.94352 13 -1.90735e-07
    endloop
  endfacet
  facet normal 0.949554 -0.313603 0
    outer loop
      vertex -13 3.94352 101.137
      vertex -12.7909 4.57665 -1.90735e-07
      vertex -12.7909 4.57665 101.137
    endloop
  endfacet
  facet normal 0.949554 -0.313603 0
    outer loop
      vertex -12.7909 4.57665 -1.90735e-07
      vertex -13 3.94352 101.137
      vertex -13 3.94352 -1.90735e-07
    endloop
  endfacet
  facet normal -0.992483 -0.122379 0
    outer loop
      vertex 13.5196 1.33156 -1.90735e-07
      vertex 13.438 1.99333 101.137
      vertex 13.438 1.99333 -1.90735e-07
    endloop
  endfacet
  facet normal -0.992483 -0.122379 0
    outer loop
      vertex 13.438 1.99333 101.137
      vertex 13.5196 1.33156 -1.90735e-07
      vertex 13.5196 1.33156 101.137
    endloop
  endfacet
  facet normal -0.359934 -0.932978 0
    outer loop
      vertex 4.57665 12.7909 -1.90735e-07
      vertex 5.19875 12.5509 101.137
      vertex 4.57665 12.7909 101.137
    endloop
  endfacet
  facet normal -0.359934 -0.932978 -0
    outer loop
      vertex 5.19875 12.5509 101.137
      vertex 4.57665 12.7909 -1.90735e-07
      vertex 5.19875 12.5509 -1.90735e-07
    endloop
  endfacet
  facet normal 0.534971 -0.84487 0
    outer loop
      vertex -7.54742 11.2955 -1.90735e-07
      vertex -6.98409 11.6522 101.137
      vertex -7.54742 11.2955 101.137
    endloop
  endfacet
  facet normal 0.534971 -0.84487 0
    outer loop
      vertex -6.98409 11.6522 101.137
      vertex -7.54742 11.2955 -1.90735e-07
      vertex -6.98409 11.6522 -1.90735e-07
    endloop
  endfacet
  facet normal 0.757231 0.653147 0
    outer loop
      vertex -10.0658 -9.12313 101.137
      vertex -10.5013 -8.61823 -1.90735e-07
      vertex -10.5013 -8.61823 101.137
    endloop
  endfacet
  facet normal 0.757231 0.653147 0
    outer loop
      vertex -10.5013 -8.61823 -1.90735e-07
      vertex -10.0658 -9.12313 101.137
      vertex -10.0658 -9.12313 -1.90735e-07
    endloop
  endfacet
  facet normal 0.0245956 -0.999697 0
    outer loop
      vertex -0.666584 13.5686 -1.90735e-07
      vertex 0 13.585 101.137
      vertex -0.666584 13.5686 101.137
    endloop
  endfacet
  facet normal 0.0245956 -0.999697 0
    outer loop
      vertex 0 13.585 101.137
      vertex -0.666584 13.5686 -1.90735e-07
      vertex 0 13.585 -1.90735e-07
    endloop
  endfacet
  facet normal 0.653147 -0.757231 0
    outer loop
      vertex -9.12313 10.0658 -1.90735e-07
      vertex -8.61823 10.5013 101.137
      vertex -9.12313 10.0658 101.137
    endloop
  endfacet
  facet normal 0.653147 -0.757231 0
    outer loop
      vertex -8.61823 10.5013 101.137
      vertex -9.12313 10.0658 -1.90735e-07
      vertex -8.61823 10.5013 -1.90735e-07
    endloop
  endfacet
  facet normal -0.997296 0.0734876 0
    outer loop
      vertex 13.5196 -1.33156 -1.90735e-07
      vertex 13.5686 -0.666584 101.137
      vertex 13.5686 -0.666584 -1.90735e-07
    endloop
  endfacet
  facet normal -0.997296 0.0734876 0
    outer loop
      vertex 13.5686 -0.666584 101.137
      vertex 13.5196 -1.33156 -1.90735e-07
      vertex 13.5196 -1.33156 101.137
    endloop
  endfacet
  facet normal -0.534971 -0.84487 0
    outer loop
      vertex 6.98409 11.6522 -1.90735e-07
      vertex 7.54742 11.2955 101.137
      vertex 6.98409 11.6522 101.137
    endloop
  endfacet
  facet normal -0.534971 -0.84487 -0
    outer loop
      vertex 7.54742 11.2955 101.137
      vertex 6.98409 11.6522 -1.90735e-07
      vertex 7.54742 11.2955 -1.90735e-07
    endloop
  endfacet
  facet normal -0.0734876 0.997296 0
    outer loop
      vertex 1.33156 -13.5196 -1.90735e-07
      vertex 0.666584 -13.5686 101.137
      vertex 1.33156 -13.5196 101.137
    endloop
  endfacet
  facet normal -0.0734876 0.997296 0
    outer loop
      vertex 0.666584 -13.5686 101.137
      vertex 1.33156 -13.5196 -1.90735e-07
      vertex 0.666584 -13.5686 -1.90735e-07
    endloop
  endfacet
  facet normal 0.817612 0.57577 0
    outer loop
      vertex -10.9116 -8.09257 101.137
      vertex -11.2955 -7.54742 -1.90735e-07
      vertex -11.2955 -7.54742 101.137
    endloop
  endfacet
  facet normal 0.817612 0.57577 0
    outer loop
      vertex -11.2955 -7.54742 -1.90735e-07
      vertex -10.9116 -8.09257 101.137
      vertex -10.9116 -8.09257 -1.90735e-07
    endloop
  endfacet
  facet normal 0.84487 0.534971 0
    outer loop
      vertex -11.2955 -7.54742 101.137
      vertex -11.6522 -6.98409 -1.90735e-07
      vertex -11.6522 -6.98409 101.137
    endloop
  endfacet
  facet normal 0.84487 0.534971 0
    outer loop
      vertex -11.6522 -6.98409 -1.90735e-07
      vertex -11.2955 -7.54742 101.137
      vertex -11.2955 -7.54742 -1.90735e-07
    endloop
  endfacet
  facet normal -0.170969 -0.985276 0
    outer loop
      vertex 1.99333 13.438 -1.90735e-07
      vertex 2.6503 13.324 101.137
      vertex 1.99333 13.438 101.137
    endloop
  endfacet
  facet normal -0.170969 -0.985276 -0
    outer loop
      vertex 2.6503 13.324 101.137
      vertex 1.99333 13.438 -1.90735e-07
      vertex 2.6503 13.324 -1.90735e-07
    endloop
  endfacet
  facet normal 0.963753 0.266797 0
    outer loop
      vertex -13 -3.94352 101.137
      vertex -13.1779 -3.30089 -1.90735e-07
      vertex -13.1779 -3.30089 101.137
    endloop
  endfacet
  facet normal 0.963753 0.266797 0
    outer loop
      vertex -13.1779 -3.30089 -1.90735e-07
      vertex -13 -3.94352 101.137
      vertex -13 -3.94352 -1.90735e-07
    endloop
  endfacet
  facet normal -0.932978 -0.359934 0
    outer loop
      vertex 12.7909 4.57665 -1.90735e-07
      vertex 12.5509 5.19875 101.137
      vertex 12.5509 5.19875 -1.90735e-07
    endloop
  endfacet
  facet normal -0.932978 -0.359934 0
    outer loop
      vertex 12.5509 5.19875 101.137
      vertex 12.7909 4.57665 -1.90735e-07
      vertex 12.7909 4.57665 101.137
    endloop
  endfacet
  facet normal 0.219109 -0.9757 0
    outer loop
      vertex -3.30089 13.1779 -1.90735e-07
      vertex -2.6503 13.324 101.137
      vertex -3.30089 13.1779 101.137
    endloop
  endfacet
  facet normal 0.219109 -0.9757 0
    outer loop
      vertex -2.6503 13.324 101.137
      vertex -3.30089 13.1779 -1.90735e-07
      vertex -2.6503 13.324 -1.90735e-07
    endloop
  endfacet
  facet normal -0.57577 0.817612 0
    outer loop
      vertex 8.09257 -10.9116 -1.90735e-07
      vertex 7.54742 -11.2955 101.137
      vertex 8.09257 -10.9116 101.137
    endloop
  endfacet
  facet normal -0.57577 0.817612 0
    outer loop
      vertex 7.54742 -11.2955 101.137
      vertex 8.09257 -10.9116 -1.90735e-07
      vertex 7.54742 -11.2955 -1.90735e-07
    endloop
  endfacet
  facet normal 0.84487 -0.534971 0
    outer loop
      vertex -11.6522 6.98409 101.137
      vertex -11.2955 7.54742 -1.90735e-07
      vertex -11.2955 7.54742 101.137
    endloop
  endfacet
  facet normal 0.84487 -0.534971 0
    outer loop
      vertex -11.2955 7.54742 -1.90735e-07
      vertex -11.6522 6.98409 101.137
      vertex -11.6522 6.98409 -1.90735e-07
    endloop
  endfacet
  facet normal 0.170969 0.985276 -0
    outer loop
      vertex -1.99333 -13.438 -1.90735e-07
      vertex -2.6503 -13.324 101.137
      vertex -1.99333 -13.438 101.137
    endloop
  endfacet
  facet normal 0.170969 0.985276 0
    outer loop
      vertex -2.6503 -13.324 101.137
      vertex -1.99333 -13.438 -1.90735e-07
      vertex -2.6503 -13.324 -1.90735e-07
    endloop
  endfacet
  facet normal -0.689534 0.724253 0
    outer loop
      vertex 9.60604 -9.60604 -1.90735e-07
      vertex 9.12313 -10.0658 101.137
      vertex 9.60604 -9.60604 101.137
    endloop
  endfacet
  facet normal -0.689534 0.724253 0
    outer loop
      vertex 9.12313 -10.0658 101.137
      vertex 9.60604 -9.60604 -1.90735e-07
      vertex 9.12313 -10.0658 -1.90735e-07
    endloop
  endfacet
  facet normal -0.985276 0.170969 0
    outer loop
      vertex 13.324 -2.6503 -1.90735e-07
      vertex 13.438 -1.99333 101.137
      vertex 13.438 -1.99333 -1.90735e-07
    endloop
  endfacet
  facet normal -0.985276 0.170969 0
    outer loop
      vertex 13.438 -1.99333 101.137
      vertex 13.324 -2.6503 -1.90735e-07
      vertex 13.324 -2.6503 101.137
    endloop
  endfacet
  facet normal 0.653147 0.757231 -0
    outer loop
      vertex -8.61823 -10.5013 -1.90735e-07
      vertex -9.12313 -10.0658 101.137
      vertex -8.61823 -10.5013 101.137
    endloop
  endfacet
  facet normal 0.653147 0.757231 0
    outer loop
      vertex -9.12313 -10.0658 101.137
      vertex -8.61823 -10.5013 -1.90735e-07
      vertex -9.12313 -10.0658 -1.90735e-07
    endloop
  endfacet
  facet normal -0.949554 0.313603 0
    outer loop
      vertex 12.7909 -4.57665 -1.90735e-07
      vertex 13 -3.94352 101.137
      vertex 13 -3.94352 -1.90735e-07
    endloop
  endfacet
  facet normal -0.949554 0.313603 0
    outer loop
      vertex 13 -3.94352 101.137
      vertex 12.7909 -4.57665 -1.90735e-07
      vertex 12.7909 -4.57665 101.137
    endloop
  endfacet
  facet normal 0.359934 -0.932978 0
    outer loop
      vertex -5.19875 12.5509 -1.90735e-07
      vertex -4.57665 12.7909 101.137
      vertex -5.19875 12.5509 101.137
    endloop
  endfacet
  facet normal 0.359934 -0.932978 0
    outer loop
      vertex -4.57665 12.7909 101.137
      vertex -5.19875 12.5509 -1.90735e-07
      vertex -4.57665 12.7909 -1.90735e-07
    endloop
  endfacet
  facet normal -0.949554 -0.313603 0
    outer loop
      vertex 13 3.94352 -1.90735e-07
      vertex 12.7909 4.57665 101.137
      vertex 12.7909 4.57665 -1.90735e-07
    endloop
  endfacet
  facet normal -0.949554 -0.313603 0
    outer loop
      vertex 12.7909 4.57665 101.137
      vertex 13 3.94352 -1.90735e-07
      vertex 13 3.94352 101.137
    endloop
  endfacet
  facet normal -0.449624 0.893218 0
    outer loop
      vertex 6.40392 -11.9809 -1.90735e-07
      vertex 5.80834 -12.2807 101.137
      vertex 6.40392 -11.9809 101.137
    endloop
  endfacet
  facet normal -0.449624 0.893218 0
    outer loop
      vertex 5.80834 -12.2807 101.137
      vertex 6.40392 -11.9809 -1.90735e-07
      vertex 5.80834 -12.2807 -1.90735e-07
    endloop
  endfacet
  facet normal 0.999697 -0.0245956 0
    outer loop
      vertex -13.585 0 101.137
      vertex -13.5686 0.666584 -1.90735e-07
      vertex -13.5686 0.666584 101.137
    endloop
  endfacet
  facet normal 0.999697 -0.0245956 0
    outer loop
      vertex -13.5686 0.666584 -1.90735e-07
      vertex -13.585 0 101.137
      vertex -13.585 0 -1.90735e-07
    endloop
  endfacet
  facet normal 0.932978 -0.359934 0
    outer loop
      vertex -12.7909 4.57665 101.137
      vertex -12.5509 5.19875 -1.90735e-07
      vertex -12.5509 5.19875 101.137
    endloop
  endfacet
  facet normal 0.932978 -0.359934 0
    outer loop
      vertex -12.5509 5.19875 -1.90735e-07
      vertex -12.7909 4.57665 101.137
      vertex -12.7909 4.57665 -1.90735e-07
    endloop
  endfacet
  facet normal 0.122379 -0.992483 0
    outer loop
      vertex -1.99333 13.438 -1.90735e-07
      vertex -1.33156 13.5196 101.137
      vertex -1.99333 13.438 101.137
    endloop
  endfacet
  facet normal 0.122379 -0.992483 0
    outer loop
      vertex -1.33156 13.5196 101.137
      vertex -1.99333 13.438 -1.90735e-07
      vertex -1.33156 13.5196 -1.90735e-07
    endloop
  endfacet
  facet normal 0.57577 -0.817612 0
    outer loop
      vertex -8.09257 10.9116 -1.90735e-07
      vertex -7.54742 11.2955 101.137
      vertex -8.09257 10.9116 101.137
    endloop
  endfacet
  facet normal 0.57577 -0.817612 0
    outer loop
      vertex -7.54742 11.2955 101.137
      vertex -8.09257 10.9116 -1.90735e-07
      vertex -7.54742 11.2955 -1.90735e-07
    endloop
  endfacet
  facet normal 0.266797 -0.963753 0
    outer loop
      vertex -3.94352 13 -1.90735e-07
      vertex -3.30089 13.1779 101.137
      vertex -3.94352 13 101.137
    endloop
  endfacet
  facet normal 0.266797 -0.963753 0
    outer loop
      vertex -3.30089 13.1779 101.137
      vertex -3.94352 13 -1.90735e-07
      vertex -3.30089 13.1779 -1.90735e-07
    endloop
  endfacet
  facet normal 0.689534 -0.724253 0
    outer loop
      vertex -9.60604 9.60604 -1.90735e-07
      vertex -9.12313 10.0658 101.137
      vertex -9.60604 9.60604 101.137
    endloop
  endfacet
  facet normal 0.689534 -0.724253 0
    outer loop
      vertex -9.12313 10.0658 101.137
      vertex -9.60604 9.60604 -1.90735e-07
      vertex -9.12313 10.0658 -1.90735e-07
    endloop
  endfacet
  facet normal 0.170969 -0.985276 0
    outer loop
      vertex -2.6503 13.324 -1.90735e-07
      vertex -1.99333 13.438 101.137
      vertex -2.6503 13.324 101.137
    endloop
  endfacet
  facet normal 0.170969 -0.985276 0
    outer loop
      vertex -1.99333 13.438 101.137
      vertex -2.6503 13.324 -1.90735e-07
      vertex -1.99333 13.438 -1.90735e-07
    endloop
  endfacet
  facet normal 0.870063 0.492941 0
    outer loop
      vertex -11.6522 -6.98409 101.137
      vertex -11.9809 -6.40392 -1.90735e-07
      vertex -11.9809 -6.40392 101.137
    endloop
  endfacet
  facet normal 0.870063 0.492941 0
    outer loop
      vertex -11.9809 -6.40392 -1.90735e-07
      vertex -11.6522 -6.98409 101.137
      vertex -11.6522 -6.98409 -1.90735e-07
    endloop
  endfacet
  facet normal -0.985276 -0.170969 0
    outer loop
      vertex 13.438 1.99333 -1.90735e-07
      vertex 13.324 2.6503 101.137
      vertex 13.324 2.6503 -1.90735e-07
    endloop
  endfacet
  facet normal -0.985276 -0.170969 0
    outer loop
      vertex 13.324 2.6503 101.137
      vertex 13.438 1.99333 -1.90735e-07
      vertex 13.438 1.99333 101.137
    endloop
  endfacet
  facet normal 0.985276 -0.170969 0
    outer loop
      vertex -13.438 1.99333 101.137
      vertex -13.324 2.6503 -1.90735e-07
      vertex -13.324 2.6503 101.137
    endloop
  endfacet
  facet normal 0.985276 -0.170969 0
    outer loop
      vertex -13.324 2.6503 -1.90735e-07
      vertex -13.438 1.99333 101.137
      vertex -13.438 1.99333 -1.90735e-07
    endloop
  endfacet
  facet normal -0.534971 0.84487 0
    outer loop
      vertex 7.54742 -11.2955 -1.90735e-07
      vertex 6.98409 -11.6522 101.137
      vertex 7.54742 -11.2955 101.137
    endloop
  endfacet
  facet normal -0.534971 0.84487 0
    outer loop
      vertex 6.98409 -11.6522 101.137
      vertex 7.54742 -11.2955 -1.90735e-07
      vertex 6.98409 -11.6522 -1.90735e-07
    endloop
  endfacet
  facet normal -0.914217 -0.405225 0
    outer loop
      vertex 12.5509 5.19875 -1.90735e-07
      vertex 12.2807 5.80834 101.137
      vertex 12.2807 5.80834 -1.90735e-07
    endloop
  endfacet
  facet normal -0.914217 -0.405225 0
    outer loop
      vertex 12.2807 5.80834 101.137
      vertex 12.5509 5.19875 -1.90735e-07
      vertex 12.5509 5.19875 101.137
    endloop
  endfacet
  facet normal -0.817612 -0.57577 0
    outer loop
      vertex 11.2955 7.54742 -1.90735e-07
      vertex 10.9116 8.09257 101.137
      vertex 10.9116 8.09257 -1.90735e-07
    endloop
  endfacet
  facet normal -0.817612 -0.57577 0
    outer loop
      vertex 10.9116 8.09257 101.137
      vertex 11.2955 7.54742 -1.90735e-07
      vertex 11.2955 7.54742 101.137
    endloop
  endfacet
  facet normal -0.84487 0.534971 0
    outer loop
      vertex 11.2955 -7.54742 -1.90735e-07
      vertex 11.6522 -6.98409 101.137
      vertex 11.6522 -6.98409 -1.90735e-07
    endloop
  endfacet
  facet normal -0.84487 0.534971 0
    outer loop
      vertex 11.6522 -6.98409 101.137
      vertex 11.2955 -7.54742 -1.90735e-07
      vertex 11.2955 -7.54742 101.137
    endloop
  endfacet
  facet normal 0.724253 -0.689534 0
    outer loop
      vertex -10.0658 9.12313 101.137
      vertex -9.60604 9.60604 -1.90735e-07
      vertex -9.60604 9.60604 101.137
    endloop
  endfacet
  facet normal 0.724253 -0.689534 0
    outer loop
      vertex -9.60604 9.60604 -1.90735e-07
      vertex -10.0658 9.12313 101.137
      vertex -10.0658 9.12313 -1.90735e-07
    endloop
  endfacet
  facet normal 0.893218 -0.449624 0
    outer loop
      vertex -12.2807 5.80834 101.137
      vertex -11.9809 6.40392 -1.90735e-07
      vertex -11.9809 6.40392 101.137
    endloop
  endfacet
  facet normal 0.893218 -0.449624 0
    outer loop
      vertex -11.9809 6.40392 -1.90735e-07
      vertex -12.2807 5.80834 101.137
      vertex -12.2807 5.80834 -1.90735e-07
    endloop
  endfacet
  facet normal -0.893218 -0.449624 0
    outer loop
      vertex 12.2807 5.80834 -1.90735e-07
      vertex 11.9809 6.40392 101.137
      vertex 11.9809 6.40392 -1.90735e-07
    endloop
  endfacet
  facet normal -0.893218 -0.449624 0
    outer loop
      vertex 11.9809 6.40392 101.137
      vertex 12.2807 5.80834 -1.90735e-07
      vertex 12.2807 5.80834 101.137
    endloop
  endfacet
  facet normal -0.84487 -0.534971 0
    outer loop
      vertex 11.6522 6.98409 -1.90735e-07
      vertex 11.2955 7.54742 101.137
      vertex 11.2955 7.54742 -1.90735e-07
    endloop
  endfacet
  facet normal -0.84487 -0.534971 0
    outer loop
      vertex 11.2955 7.54742 101.137
      vertex 11.6522 6.98409 -1.90735e-07
      vertex 11.6522 6.98409 101.137
    endloop
  endfacet
  facet normal -0.963753 0.266797 0
    outer loop
      vertex 13 -3.94352 -1.90735e-07
      vertex 13.1779 -3.30089 101.137
      vertex 13.1779 -3.30089 -1.90735e-07
    endloop
  endfacet
  facet normal -0.963753 0.266797 0
    outer loop
      vertex 13.1779 -3.30089 101.137
      vertex 13 -3.94352 -1.90735e-07
      vertex 13 -3.94352 101.137
    endloop
  endfacet
  facet normal -0.653147 -0.757231 0
    outer loop
      vertex 8.61823 10.5013 -1.90735e-07
      vertex 9.12313 10.0658 101.137
      vertex 8.61823 10.5013 101.137
    endloop
  endfacet
  facet normal -0.653147 -0.757231 -0
    outer loop
      vertex 9.12313 10.0658 101.137
      vertex 8.61823 10.5013 -1.90735e-07
      vertex 9.12313 10.0658 -1.90735e-07
    endloop
  endfacet
  facet normal -0.615298 -0.788295 0
    outer loop
      vertex 8.09257 10.9116 -1.90735e-07
      vertex 8.61823 10.5013 101.137
      vertex 8.09257 10.9116 101.137
    endloop
  endfacet
  facet normal -0.615298 -0.788295 -0
    outer loop
      vertex 8.61823 10.5013 101.137
      vertex 8.09257 10.9116 -1.90735e-07
      vertex 8.61823 10.5013 -1.90735e-07
    endloop
  endfacet
  facet normal -0.405225 -0.914217 0
    outer loop
      vertex 5.19875 12.5509 -1.90735e-07
      vertex 5.80834 12.2807 101.137
      vertex 5.19875 12.5509 101.137
    endloop
  endfacet
  facet normal -0.405225 -0.914217 -0
    outer loop
      vertex 5.80834 12.2807 101.137
      vertex 5.19875 12.5509 -1.90735e-07
      vertex 5.80834 12.2807 -1.90735e-07
    endloop
  endfacet
  facet normal 0.492941 0.870063 -0
    outer loop
      vertex -6.40392 -11.9809 -1.90735e-07
      vertex -6.98409 -11.6522 101.137
      vertex -6.40392 -11.9809 101.137
    endloop
  endfacet
  facet normal 0.492941 0.870063 0
    outer loop
      vertex -6.98409 -11.6522 101.137
      vertex -6.40392 -11.9809 -1.90735e-07
      vertex -6.98409 -11.6522 -1.90735e-07
    endloop
  endfacet
  facet normal 0.0734876 -0.997296 0
    outer loop
      vertex -1.33156 13.5196 -1.90735e-07
      vertex -0.666584 13.5686 101.137
      vertex -1.33156 13.5196 101.137
    endloop
  endfacet
  facet normal 0.0734876 -0.997296 0
    outer loop
      vertex -0.666584 13.5686 101.137
      vertex -1.33156 13.5196 -1.90735e-07
      vertex -0.666584 13.5686 -1.90735e-07
    endloop
  endfacet
  facet normal 0.313603 0.949554 -0
    outer loop
      vertex -3.94352 -13 -1.90735e-07
      vertex -4.57665 -12.7909 101.137
      vertex -3.94352 -13 101.137
    endloop
  endfacet
  facet normal 0.313603 0.949554 0
    outer loop
      vertex -4.57665 -12.7909 101.137
      vertex -3.94352 -13 -1.90735e-07
      vertex -4.57665 -12.7909 -1.90735e-07
    endloop
  endfacet
  facet normal 0.932978 0.359934 0
    outer loop
      vertex -12.5509 -5.19875 101.137
      vertex -12.7909 -4.57665 -1.90735e-07
      vertex -12.7909 -4.57665 101.137
    endloop
  endfacet
  facet normal 0.932978 0.359934 0
    outer loop
      vertex -12.7909 -4.57665 -1.90735e-07
      vertex -12.5509 -5.19875 101.137
      vertex -12.5509 -5.19875 -1.90735e-07
    endloop
  endfacet
  facet normal -0.615298 0.788295 0
    outer loop
      vertex 8.61823 -10.5013 -1.90735e-07
      vertex 8.09257 -10.9116 101.137
      vertex 8.61823 -10.5013 101.137
    endloop
  endfacet
  facet normal -0.615298 0.788295 0
    outer loop
      vertex 8.09257 -10.9116 101.137
      vertex 8.61823 -10.5013 -1.90735e-07
      vertex 8.09257 -10.9116 -1.90735e-07
    endloop
  endfacet
  facet normal -0.757231 0.653147 0
    outer loop
      vertex 10.0658 -9.12313 -1.90735e-07
      vertex 10.5013 -8.61823 101.137
      vertex 10.5013 -8.61823 -1.90735e-07
    endloop
  endfacet
  facet normal -0.757231 0.653147 0
    outer loop
      vertex 10.5013 -8.61823 101.137
      vertex 10.0658 -9.12313 -1.90735e-07
      vertex 10.0658 -9.12313 101.137
    endloop
  endfacet
  facet normal 0.534971 0.84487 -0
    outer loop
      vertex -6.98409 -11.6522 -1.90735e-07
      vertex -7.54742 -11.2955 101.137
      vertex -6.98409 -11.6522 101.137
    endloop
  endfacet
  facet normal 0.534971 0.84487 0
    outer loop
      vertex -7.54742 -11.2955 101.137
      vertex -6.98409 -11.6522 -1.90735e-07
      vertex -7.54742 -11.2955 -1.90735e-07
    endloop
  endfacet
  facet normal -0.788295 -0.615298 0
    outer loop
      vertex 10.9116 8.09257 -1.90735e-07
      vertex 10.5013 8.61823 101.137
      vertex 10.5013 8.61823 -1.90735e-07
    endloop
  endfacet
  facet normal -0.788295 -0.615298 0
    outer loop
      vertex 10.5013 8.61823 101.137
      vertex 10.9116 8.09257 -1.90735e-07
      vertex 10.9116 8.09257 101.137
    endloop
  endfacet
  facet normal 0.893218 0.449624 0
    outer loop
      vertex -11.9809 -6.40392 101.137
      vertex -12.2807 -5.80834 -1.90735e-07
      vertex -12.2807 -5.80834 101.137
    endloop
  endfacet
  facet normal 0.893218 0.449624 0
    outer loop
      vertex -12.2807 -5.80834 -1.90735e-07
      vertex -11.9809 -6.40392 101.137
      vertex -11.9809 -6.40392 -1.90735e-07
    endloop
  endfacet
  facet normal -0.170969 0.985276 0
    outer loop
      vertex 2.6503 -13.324 -1.90735e-07
      vertex 1.99333 -13.438 101.137
      vertex 2.6503 -13.324 101.137
    endloop
  endfacet
  facet normal -0.170969 0.985276 0
    outer loop
      vertex 1.99333 -13.438 101.137
      vertex 2.6503 -13.324 -1.90735e-07
      vertex 1.99333 -13.438 -1.90735e-07
    endloop
  endfacet
  facet normal 0.405225 -0.914217 0
    outer loop
      vertex -5.80834 12.2807 -1.90735e-07
      vertex -5.19875 12.5509 101.137
      vertex -5.80834 12.2807 101.137
    endloop
  endfacet
  facet normal 0.405225 -0.914217 0
    outer loop
      vertex -5.19875 12.5509 101.137
      vertex -5.80834 12.2807 -1.90735e-07
      vertex -5.19875 12.5509 -1.90735e-07
    endloop
  endfacet
  facet normal -0.932978 0.359934 0
    outer loop
      vertex 12.5509 -5.19875 -1.90735e-07
      vertex 12.7909 -4.57665 101.137
      vertex 12.7909 -4.57665 -1.90735e-07
    endloop
  endfacet
  facet normal -0.932978 0.359934 0
    outer loop
      vertex 12.7909 -4.57665 101.137
      vertex 12.5509 -5.19875 -1.90735e-07
      vertex 12.5509 -5.19875 101.137
    endloop
  endfacet
  facet normal 0.914217 0.405225 0
    outer loop
      vertex -12.2807 -5.80834 101.137
      vertex -12.5509 -5.19875 -1.90735e-07
      vertex -12.5509 -5.19875 101.137
    endloop
  endfacet
  facet normal 0.914217 0.405225 0
    outer loop
      vertex -12.5509 -5.19875 -1.90735e-07
      vertex -12.2807 -5.80834 101.137
      vertex -12.2807 -5.80834 -1.90735e-07
    endloop
  endfacet
  facet normal -0.219109 -0.9757 0
    outer loop
      vertex 2.6503 13.324 -1.90735e-07
      vertex 3.30089 13.1779 101.137
      vertex 2.6503 13.324 101.137
    endloop
  endfacet
  facet normal -0.219109 -0.9757 -0
    outer loop
      vertex 3.30089 13.1779 101.137
      vertex 2.6503 13.324 -1.90735e-07
      vertex 3.30089 13.1779 -1.90735e-07
    endloop
  endfacet
  facet normal 0.788295 -0.615298 0
    outer loop
      vertex -10.9116 8.09257 101.137
      vertex -10.5013 8.61823 -1.90735e-07
      vertex -10.5013 8.61823 101.137
    endloop
  endfacet
  facet normal 0.788295 -0.615298 0
    outer loop
      vertex -10.5013 8.61823 -1.90735e-07
      vertex -10.9116 8.09257 101.137
      vertex -10.9116 8.09257 -1.90735e-07
    endloop
  endfacet
  facet normal 0.266797 0.963753 -0
    outer loop
      vertex -3.30089 -13.1779 -1.90735e-07
      vertex -3.94352 -13 101.137
      vertex -3.30089 -13.1779 101.137
    endloop
  endfacet
  facet normal 0.266797 0.963753 0
    outer loop
      vertex -3.94352 -13 101.137
      vertex -3.30089 -13.1779 -1.90735e-07
      vertex -3.94352 -13 -1.90735e-07
    endloop
  endfacet
  facet normal 0.9757 -0.219109 0
    outer loop
      vertex -13.324 2.6503 101.137
      vertex -13.1779 3.30089 -1.90735e-07
      vertex -13.1779 3.30089 101.137
    endloop
  endfacet
  facet normal 0.9757 -0.219109 0
    outer loop
      vertex -13.1779 3.30089 -1.90735e-07
      vertex -13.324 2.6503 101.137
      vertex -13.324 2.6503 -1.90735e-07
    endloop
  endfacet
  facet normal 0.914217 -0.405225 0
    outer loop
      vertex -12.5509 5.19875 101.137
      vertex -12.2807 5.80834 -1.90735e-07
      vertex -12.2807 5.80834 101.137
    endloop
  endfacet
  facet normal 0.914217 -0.405225 0
    outer loop
      vertex -12.2807 5.80834 -1.90735e-07
      vertex -12.5509 5.19875 101.137
      vertex -12.5509 5.19875 -1.90735e-07
    endloop
  endfacet
  facet normal 0.219109 0.9757 -0
    outer loop
      vertex -2.6503 -13.324 -1.90735e-07
      vertex -3.30089 -13.1779 101.137
      vertex -2.6503 -13.324 101.137
    endloop
  endfacet
  facet normal 0.219109 0.9757 0
    outer loop
      vertex -3.30089 -13.1779 101.137
      vertex -2.6503 -13.324 -1.90735e-07
      vertex -3.30089 -13.1779 -1.90735e-07
    endloop
  endfacet
  facet normal 0.615298 0.788295 -0
    outer loop
      vertex -8.09257 -10.9116 -1.90735e-07
      vertex -8.61823 -10.5013 101.137
      vertex -8.09257 -10.9116 101.137
    endloop
  endfacet
  facet normal 0.615298 0.788295 0
    outer loop
      vertex -8.61823 -10.5013 101.137
      vertex -8.09257 -10.9116 -1.90735e-07
      vertex -8.61823 -10.5013 -1.90735e-07
    endloop
  endfacet
  facet normal -0.492941 0.870063 0
    outer loop
      vertex 6.98409 -11.6522 -1.90735e-07
      vertex 6.40392 -11.9809 101.137
      vertex 6.98409 -11.6522 101.137
    endloop
  endfacet
  facet normal -0.492941 0.870063 0
    outer loop
      vertex 6.40392 -11.9809 101.137
      vertex 6.98409 -11.6522 -1.90735e-07
      vertex 6.40392 -11.9809 -1.90735e-07
    endloop
  endfacet
  facet normal 0.999697 0.0245956 0
    outer loop
      vertex -13.5686 -0.666584 101.137
      vertex -13.585 0 -1.90735e-07
      vertex -13.585 0 101.137
    endloop
  endfacet
  facet normal 0.999697 0.0245956 0
    outer loop
      vertex -13.585 0 -1.90735e-07
      vertex -13.5686 -0.666584 101.137
      vertex -13.5686 -0.666584 -1.90735e-07
    endloop
  endfacet
  facet normal -0.788295 0.615298 0
    outer loop
      vertex 10.5013 -8.61823 -1.90735e-07
      vertex 10.9116 -8.09257 101.137
      vertex 10.9116 -8.09257 -1.90735e-07
    endloop
  endfacet
  facet normal -0.788295 0.615298 0
    outer loop
      vertex 10.9116 -8.09257 101.137
      vertex 10.5013 -8.61823 -1.90735e-07
      vertex 10.5013 -8.61823 101.137
    endloop
  endfacet
  facet normal 0.724253 0.689534 0
    outer loop
      vertex -9.60604 -9.60604 101.137
      vertex -10.0658 -9.12313 -1.90735e-07
      vertex -10.0658 -9.12313 101.137
    endloop
  endfacet
  facet normal 0.724253 0.689534 0
    outer loop
      vertex -10.0658 -9.12313 -1.90735e-07
      vertex -9.60604 -9.60604 101.137
      vertex -9.60604 -9.60604 -1.90735e-07
    endloop
  endfacet
  facet normal -0.724253 -0.689534 0
    outer loop
      vertex 10.0658 9.12313 -1.90735e-07
      vertex 9.60604 9.60604 101.137
      vertex 9.60604 9.60604 -1.90735e-07
    endloop
  endfacet
  facet normal -0.724253 -0.689534 0
    outer loop
      vertex 9.60604 9.60604 101.137
      vertex 10.0658 9.12313 -1.90735e-07
      vertex 10.0658 9.12313 101.137
    endloop
  endfacet
  facet normal -0.893218 0.449624 0
    outer loop
      vertex 11.9809 -6.40392 -1.90735e-07
      vertex 12.2807 -5.80834 101.137
      vertex 12.2807 -5.80834 -1.90735e-07
    endloop
  endfacet
  facet normal -0.893218 0.449624 0
    outer loop
      vertex 12.2807 -5.80834 101.137
      vertex 11.9809 -6.40392 -1.90735e-07
      vertex 11.9809 -6.40392 101.137
    endloop
  endfacet
  facet normal -0.313603 0.949554 0
    outer loop
      vertex 4.57665 -12.7909 -1.90735e-07
      vertex 3.94352 -13 101.137
      vertex 4.57665 -12.7909 101.137
    endloop
  endfacet
  facet normal -0.313603 0.949554 0
    outer loop
      vertex 3.94352 -13 101.137
      vertex 4.57665 -12.7909 -1.90735e-07
      vertex 3.94352 -13 -1.90735e-07
    endloop
  endfacet
  facet normal -0.689534 -0.724253 0
    outer loop
      vertex 9.12313 10.0658 -1.90735e-07
      vertex 9.60604 9.60604 101.137
      vertex 9.12313 10.0658 101.137
    endloop
  endfacet
  facet normal -0.689534 -0.724253 -0
    outer loop
      vertex 9.60604 9.60604 101.137
      vertex 9.12313 10.0658 -1.90735e-07
      vertex 9.60604 9.60604 -1.90735e-07
    endloop
  endfacet
  facet normal -0.757231 -0.653147 0
    outer loop
      vertex 10.5013 8.61823 -1.90735e-07
      vertex 10.0658 9.12313 101.137
      vertex 10.0658 9.12313 -1.90735e-07
    endloop
  endfacet
  facet normal -0.757231 -0.653147 0
    outer loop
      vertex 10.0658 9.12313 101.137
      vertex 10.5013 8.61823 -1.90735e-07
      vertex 10.5013 8.61823 101.137
    endloop
  endfacet
  facet normal -0.359934 0.932978 0
    outer loop
      vertex 5.19875 -12.5509 -1.90735e-07
      vertex 4.57665 -12.7909 101.137
      vertex 5.19875 -12.5509 101.137
    endloop
  endfacet
  facet normal -0.359934 0.932978 0
    outer loop
      vertex 4.57665 -12.7909 101.137
      vertex 5.19875 -12.5509 -1.90735e-07
      vertex 4.57665 -12.7909 -1.90735e-07
    endloop
  endfacet
  facet normal 0.757231 -0.653147 0
    outer loop
      vertex -10.5013 8.61823 101.137
      vertex -10.0658 9.12313 -1.90735e-07
      vertex -10.0658 9.12313 101.137
    endloop
  endfacet
  facet normal 0.757231 -0.653147 0
    outer loop
      vertex -10.0658 9.12313 -1.90735e-07
      vertex -10.5013 8.61823 101.137
      vertex -10.5013 8.61823 -1.90735e-07
    endloop
  endfacet
  facet normal -0.914217 0.405225 0
    outer loop
      vertex 12.2807 -5.80834 -1.90735e-07
      vertex 12.5509 -5.19875 101.137
      vertex 12.5509 -5.19875 -1.90735e-07
    endloop
  endfacet
  facet normal -0.914217 0.405225 0
    outer loop
      vertex 12.5509 -5.19875 101.137
      vertex 12.2807 -5.80834 -1.90735e-07
      vertex 12.2807 -5.80834 101.137
    endloop
  endfacet
  facet normal -0.0734876 -0.997296 0
    outer loop
      vertex 0.666584 13.5686 -1.90735e-07
      vertex 1.33156 13.5196 101.137
      vertex 0.666584 13.5686 101.137
    endloop
  endfacet
  facet normal -0.0734876 -0.997296 -0
    outer loop
      vertex 1.33156 13.5196 101.137
      vertex 0.666584 13.5686 -1.90735e-07
      vertex 1.33156 13.5196 -1.90735e-07
    endloop
  endfacet
  facet normal -0.122379 -0.992483 0
    outer loop
      vertex 1.33156 13.5196 -1.90735e-07
      vertex 1.99333 13.438 101.137
      vertex 1.33156 13.5196 101.137
    endloop
  endfacet
  facet normal -0.122379 -0.992483 -0
    outer loop
      vertex 1.99333 13.438 101.137
      vertex 1.33156 13.5196 -1.90735e-07
      vertex 1.99333 13.438 -1.90735e-07
    endloop
  endfacet
  facet normal 0.122379 0.992483 -0
    outer loop
      vertex -1.33156 -13.5196 -1.90735e-07
      vertex -1.99333 -13.438 101.137
      vertex -1.33156 -13.5196 101.137
    endloop
  endfacet
  facet normal 0.122379 0.992483 0
    outer loop
      vertex -1.99333 -13.438 101.137
      vertex -1.33156 -13.5196 -1.90735e-07
      vertex -1.99333 -13.438 -1.90735e-07
    endloop
  endfacet
  facet normal -0.492941 -0.870063 0
    outer loop
      vertex 6.40392 11.9809 -1.90735e-07
      vertex 6.98409 11.6522 101.137
      vertex 6.40392 11.9809 101.137
    endloop
  endfacet
  facet normal -0.492941 -0.870063 -0
    outer loop
      vertex 6.98409 11.6522 101.137
      vertex 6.40392 11.9809 -1.90735e-07
      vertex 6.98409 11.6522 -1.90735e-07
    endloop
  endfacet
  facet normal -0.449624 -0.893218 0
    outer loop
      vertex 5.80834 12.2807 -1.90735e-07
      vertex 6.40392 11.9809 101.137
      vertex 5.80834 12.2807 101.137
    endloop
  endfacet
  facet normal -0.449624 -0.893218 -0
    outer loop
      vertex 6.40392 11.9809 101.137
      vertex 5.80834 12.2807 -1.90735e-07
      vertex 6.40392 11.9809 -1.90735e-07
    endloop
  endfacet
  facet normal 0.997296 -0.0734876 0
    outer loop
      vertex -13.5686 0.666584 101.137
      vertex -13.5196 1.33156 -1.90735e-07
      vertex -13.5196 1.33156 101.137
    endloop
  endfacet
  facet normal 0.997296 -0.0734876 0
    outer loop
      vertex -13.5196 1.33156 -1.90735e-07
      vertex -13.5686 0.666584 101.137
      vertex -13.5686 0.666584 -1.90735e-07
    endloop
  endfacet
  facet normal 0.313603 -0.949554 0
    outer loop
      vertex -4.57665 12.7909 -1.90735e-07
      vertex -3.94352 13 101.137
      vertex -4.57665 12.7909 101.137
    endloop
  endfacet
  facet normal 0.313603 -0.949554 0
    outer loop
      vertex -3.94352 13 101.137
      vertex -4.57665 12.7909 -1.90735e-07
      vertex -3.94352 13 -1.90735e-07
    endloop
  endfacet
  facet normal -0.817612 0.57577 0
    outer loop
      vertex 10.9116 -8.09257 -1.90735e-07
      vertex 11.2955 -7.54742 101.137
      vertex 11.2955 -7.54742 -1.90735e-07
    endloop
  endfacet
  facet normal -0.817612 0.57577 0
    outer loop
      vertex 11.2955 -7.54742 101.137
      vertex 10.9116 -8.09257 -1.90735e-07
      vertex 10.9116 -8.09257 101.137
    endloop
  endfacet
  facet normal 0.0734876 0.997296 -0
    outer loop
      vertex -0.666584 -13.5686 -1.90735e-07
      vertex -1.33156 -13.5196 101.137
      vertex -0.666584 -13.5686 101.137
    endloop
  endfacet
  facet normal 0.0734876 0.997296 0
    outer loop
      vertex -1.33156 -13.5196 101.137
      vertex -0.666584 -13.5686 -1.90735e-07
      vertex -1.33156 -13.5196 -1.90735e-07
    endloop
  endfacet
  facet normal 0.0245956 0.999697 -0
    outer loop
      vertex 0 -13.585 -1.90735e-07
      vertex -0.666584 -13.5686 101.137
      vertex 0 -13.585 101.137
    endloop
  endfacet
  facet normal 0.0245956 0.999697 0
    outer loop
      vertex -0.666584 -13.5686 101.137
      vertex 0 -13.585 -1.90735e-07
      vertex -0.666584 -13.5686 -1.90735e-07
    endloop
  endfacet
  facet normal -0.122379 0.992483 0
    outer loop
      vertex 1.99333 -13.438 -1.90735e-07
      vertex 1.33156 -13.5196 101.137
      vertex 1.99333 -13.438 101.137
    endloop
  endfacet
  facet normal -0.122379 0.992483 0
    outer loop
      vertex 1.33156 -13.5196 101.137
      vertex 1.99333 -13.438 -1.90735e-07
      vertex 1.33156 -13.5196 -1.90735e-07
    endloop
  endfacet
  facet normal -0.724253 0.689534 0
    outer loop
      vertex 9.60604 -9.60604 -1.90735e-07
      vertex 10.0658 -9.12313 101.137
      vertex 10.0658 -9.12313 -1.90735e-07
    endloop
  endfacet
  facet normal -0.724253 0.689534 0
    outer loop
      vertex 10.0658 -9.12313 101.137
      vertex 9.60604 -9.60604 -1.90735e-07
      vertex 9.60604 -9.60604 101.137
    endloop
  endfacet
  facet normal 0.949554 0.313603 0
    outer loop
      vertex -12.7909 -4.57665 101.137
      vertex -13 -3.94352 -1.90735e-07
      vertex -13 -3.94352 101.137
    endloop
  endfacet
  facet normal 0.949554 0.313603 0
    outer loop
      vertex -13 -3.94352 -1.90735e-07
      vertex -12.7909 -4.57665 101.137
      vertex -12.7909 -4.57665 -1.90735e-07
    endloop
  endfacet
  facet normal 0.788295 0.615298 0
    outer loop
      vertex -10.5013 -8.61823 101.137
      vertex -10.9116 -8.09257 -1.90735e-07
      vertex -10.9116 -8.09257 101.137
    endloop
  endfacet
  facet normal 0.788295 0.615298 0
    outer loop
      vertex -10.9116 -8.09257 -1.90735e-07
      vertex -10.5013 -8.61823 101.137
      vertex -10.5013 -8.61823 -1.90735e-07
    endloop
  endfacet
  facet normal 0.817612 -0.57577 0
    outer loop
      vertex -11.2955 7.54742 101.137
      vertex -10.9116 8.09257 -1.90735e-07
      vertex -10.9116 8.09257 101.137
    endloop
  endfacet
  facet normal 0.817612 -0.57577 0
    outer loop
      vertex -10.9116 8.09257 -1.90735e-07
      vertex -11.2955 7.54742 101.137
      vertex -11.2955 7.54742 -1.90735e-07
    endloop
  endfacet
  facet normal 0.870063 -0.492941 0
    outer loop
      vertex -11.9809 6.40392 101.137
      vertex -11.6522 6.98409 -1.90735e-07
      vertex -11.6522 6.98409 101.137
    endloop
  endfacet
  facet normal 0.870063 -0.492941 0
    outer loop
      vertex -11.6522 6.98409 -1.90735e-07
      vertex -11.9809 6.40392 101.137
      vertex -11.9809 6.40392 -1.90735e-07
    endloop
  endfacet
  facet normal 0.492941 -0.870063 0
    outer loop
      vertex -6.98409 11.6522 -1.90735e-07
      vertex -6.40392 11.9809 101.137
      vertex -6.98409 11.6522 101.137
    endloop
  endfacet
  facet normal 0.492941 -0.870063 0
    outer loop
      vertex -6.40392 11.9809 101.137
      vertex -6.98409 11.6522 -1.90735e-07
      vertex -6.40392 11.9809 -1.90735e-07
    endloop
  endfacet
  facet normal 0.359934 0.932978 -0
    outer loop
      vertex -4.57665 -12.7909 -1.90735e-07
      vertex -5.19875 -12.5509 101.137
      vertex -4.57665 -12.7909 101.137
    endloop
  endfacet
  facet normal 0.359934 0.932978 0
    outer loop
      vertex -5.19875 -12.5509 101.137
      vertex -4.57665 -12.7909 -1.90735e-07
      vertex -5.19875 -12.5509 -1.90735e-07
    endloop
  endfacet
  facet normal 0.57577 0.817612 -0
    outer loop
      vertex -7.54742 -11.2955 -1.90735e-07
      vertex -8.09257 -10.9116 101.137
      vertex -7.54742 -11.2955 101.137
    endloop
  endfacet
  facet normal 0.57577 0.817612 0
    outer loop
      vertex -8.09257 -10.9116 101.137
      vertex -7.54742 -11.2955 -1.90735e-07
      vertex -8.09257 -10.9116 -1.90735e-07
    endloop
  endfacet
  facet normal 0.449624 0.893218 -0
    outer loop
      vertex -5.80834 -12.2807 -1.90735e-07
      vertex -6.40392 -11.9809 101.137
      vertex -5.80834 -12.2807 101.137
    endloop
  endfacet
  facet normal 0.449624 0.893218 0
    outer loop
      vertex -6.40392 -11.9809 101.137
      vertex -5.80834 -12.2807 -1.90735e-07
      vertex -6.40392 -11.9809 -1.90735e-07
    endloop
  endfacet
  facet normal 0.405225 0.914217 -0
    outer loop
      vertex -5.19875 -12.5509 -1.90735e-07
      vertex -5.80834 -12.2807 101.137
      vertex -5.19875 -12.5509 101.137
    endloop
  endfacet
  facet normal 0.405225 0.914217 0
    outer loop
      vertex -5.80834 -12.2807 101.137
      vertex -5.19875 -12.5509 -1.90735e-07
      vertex -5.80834 -12.2807 -1.90735e-07
    endloop
  endfacet
  facet normal -0.707 -0.0173944 -0.707
    outer loop
      vertex 13.5686 0.666584 101.137
      vertex 13.585 0 101.137
      vertex 0 0 114.722
    endloop
  endfacet
  facet normal -0.461915 0.535524 -0.707
    outer loop
      vertex 9.12313 -10.0658 101.137
      vertex 8.61823 -10.5013 101.137
      vertex 0 0 114.722
    endloop
  endfacet
  facet normal -0.188682 -0.681579 -0.707
    outer loop
      vertex 3.30089 13.1779 101.137
      vertex 3.94352 13 101.137
      vertex 0 0 114.722
    endloop
  endfacet
  facet normal -0.435147 -0.557493 -0.707
    outer loop
      vertex 8.09257 10.9116 101.137
      vertex 8.61823 10.5013 101.137
      vertex 0 0 114.722
    endloop
  endfacet
  facet normal -0.487648 -0.512202 -0.707
    outer loop
      vertex 9.12313 10.0658 101.137
      vertex 9.60604 9.60604 101.137
      vertex 0 0 114.722
    endloop
  endfacet
  facet normal -0.154956 -0.690028 -0.707001
    outer loop
      vertex 2.6503 13.324 101.137
      vertex 3.30089 13.1779 101.137
      vertex 0 0 114.722
    endloop
  endfacet
  facet normal 0.671537 0.221785 -0.707
    outer loop
      vertex 0 0 114.722
      vertex -12.7909 -4.57665 101.137
      vertex -13 -3.94352 101.137
    endloop
  endfacet
  facet normal -0.0865479 0.701897 -0.707001
    outer loop
      vertex 1.99333 -13.438 101.137
      vertex 1.33156 -13.5196 101.137
      vertex 0 0 114.722
    endloop
  endfacet
  facet normal -0.646546 0.286581 -0.707
    outer loop
      vertex 12.5509 -5.19875 101.137
      vertex 12.2807 -5.80834 101.137
      vertex 0 0 114.722
    endloop
  endfacet
  facet normal -0.0865479 -0.701897 -0.707001
    outer loop
      vertex 1.33156 13.5196 101.137
      vertex 1.99333 13.438 101.137
      vertex 0 0 114.722
    endloop
  endfacet
  facet normal 0.6968 -0.120911 -0.707001
    outer loop
      vertex -13.324 2.6503 101.137
      vertex 0 0 114.722
      vertex -13.438 1.99333 101.137
    endloop
  endfacet
  facet normal 0.701897 0.0865479 -0.707001
    outer loop
      vertex 0 0 114.722
      vertex -13.438 -1.99333 101.137
      vertex -13.5196 -1.33156 101.137
    endloop
  endfacet
  facet normal 0.120911 0.6968 -0.707001
    outer loop
      vertex 0 0 114.722
      vertex -1.99333 -13.438 101.137
      vertex -2.6503 -13.324 101.137
    endloop
  endfacet
  facet normal 0.659814 -0.25455 -0.707001
    outer loop
      vertex -12.5509 5.19875 101.137
      vertex 0 0 114.722
      vertex -12.7909 4.57665 101.137
    endloop
  endfacet
  facet normal 0.407192 -0.578226 -0.707
    outer loop
      vertex -7.54742 11.2955 101.137
      vertex 0 0 114.722
      vertex -8.09257 10.9116 101.137
    endloop
  endfacet
  facet normal 0.31798 0.631696 -0.707
    outer loop
      vertex 0 0 114.722
      vertex -5.80834 -12.2807 101.137
      vertex -6.40392 -11.9809 101.137
    endloop
  endfacet
  facet normal -0.221785 -0.671537 -0.707
    outer loop
      vertex 3.94352 13 101.137
      vertex 4.57665 12.7909 101.137
      vertex 0 0 114.722
    endloop
  endfacet
  facet normal -0.348615 -0.61532 -0.707
    outer loop
      vertex 6.40392 11.9809 101.137
      vertex 6.98409 11.6522 101.137
      vertex 0 0 114.722
    endloop
  endfacet
  facet normal 0.407192 0.578226 -0.707
    outer loop
      vertex 0 0 114.722
      vertex -7.54742 -11.2955 101.137
      vertex -8.09257 -10.9116 101.137
    endloop
  endfacet
  facet normal 0.6968 0.120911 -0.707001
    outer loop
      vertex 0 0 114.722
      vertex -13.324 -2.6503 101.137
      vertex -13.438 -1.99333 101.137
    endloop
  endfacet
  facet normal 0.690028 -0.154956 -0.707001
    outer loop
      vertex -13.1779 3.30089 101.137
      vertex 0 0 114.722
      vertex -13.324 2.6503 101.137
    endloop
  endfacet
  facet normal -0.512202 0.487648 -0.707
    outer loop
      vertex 10.0658 -9.12313 101.137
      vertex 9.60604 -9.60604 101.137
      vertex 0 0 114.722
    endloop
  endfacet
  facet normal -0.6968 -0.120911 -0.707001
    outer loop
      vertex 13.324 2.6503 101.137
      vertex 13.438 1.99333 101.137
      vertex 0 0 114.722
    endloop
  endfacet
  facet normal 0.188682 -0.681579 -0.707
    outer loop
      vertex -3.30089 13.1779 101.137
      vertex 0 0 114.722
      vertex -3.94352 13 101.137
    endloop
  endfacet
  facet normal -0.61532 -0.348615 -0.707
    outer loop
      vertex 11.6522 6.98409 101.137
      vertex 11.9809 6.40392 101.137
      vertex 0 0 114.722
    endloop
  endfacet
  facet normal -0.25455 0.659814 -0.707001
    outer loop
      vertex 5.19875 -12.5509 101.137
      vertex 4.57665 -12.7909 101.137
      vertex 0 0 114.722
    endloop
  endfacet
  facet normal 0.535524 -0.461915 -0.707
    outer loop
      vertex -10.0658 9.12313 101.137
      vertex 0 0 114.722
      vertex -10.5013 8.61823 101.137
    endloop
  endfacet
  facet normal -0.221785 0.671537 -0.707
    outer loop
      vertex 4.57665 -12.7909 101.137
      vertex 3.94352 -13 101.137
      vertex 0 0 114.722
    endloop
  endfacet
  facet normal -0.707 0.0173944 -0.707
    outer loop
      vertex 13.585 0 101.137
      vertex 13.5686 -0.666584 101.137
      vertex 0 0 114.722
    endloop
  endfacet
  facet normal -0.286581 -0.646546 -0.707
    outer loop
      vertex 5.19875 12.5509 101.137
      vertex 5.80834 12.2807 101.137
      vertex 0 0 114.722
    endloop
  endfacet
  facet normal 0.701897 -0.0865479 -0.707001
    outer loop
      vertex -13.438 1.99333 101.137
      vertex 0 0 114.722
      vertex -13.5196 1.33156 101.137
    endloop
  endfacet
  facet normal 0.512202 -0.487648 -0.707
    outer loop
      vertex -9.60604 9.60604 101.137
      vertex 0 0 114.722
      vertex -10.0658 9.12313 101.137
    endloop
  endfacet
  facet normal 0.557493 -0.435147 -0.707
    outer loop
      vertex -10.5013 8.61823 101.137
      vertex 0 0 114.722
      vertex -10.9116 8.09257 101.137
    endloop
  endfacet
  facet normal -0.120911 -0.6968 -0.707001
    outer loop
      vertex 1.99333 13.438 101.137
      vertex 2.6503 13.324 101.137
      vertex 0 0 114.722
    endloop
  endfacet
  facet normal 0.378339 -0.597504 -0.707
    outer loop
      vertex -6.98409 11.6522 101.137
      vertex 0 0 114.722
      vertex -7.54742 11.2955 101.137
    endloop
  endfacet
  facet normal -0.705301 0.0519714 -0.707
    outer loop
      vertex 13.5686 -0.666584 101.137
      vertex 13.5196 -1.33156 101.137
      vertex 0 0 114.722
    endloop
  endfacet
  facet normal 0.31798 -0.631696 -0.707
    outer loop
      vertex -5.80834 12.2807 101.137
      vertex 0 0 114.722
      vertex -6.40392 11.9809 101.137
    endloop
  endfacet
  facet normal 0.512202 0.487648 -0.707
    outer loop
      vertex 0 0 114.722
      vertex -9.60604 -9.60604 101.137
      vertex -10.0658 -9.12313 101.137
    endloop
  endfacet
  facet normal -0.25455 -0.659814 -0.707001
    outer loop
      vertex 4.57665 12.7909 101.137
      vertex 5.19875 12.5509 101.137
      vertex 0 0 114.722
    endloop
  endfacet
  facet normal 0.597504 -0.378339 -0.707
    outer loop
      vertex -11.2955 7.54742 101.137
      vertex 0 0 114.722
      vertex -11.6522 6.98409 101.137
    endloop
  endfacet
  facet normal 0.631696 -0.31798 -0.707
    outer loop
      vertex -11.9809 6.40392 101.137
      vertex 0 0 114.722
      vertex -12.2807 5.80834 101.137
    endloop
  endfacet
  facet normal -0.535524 -0.461915 -0.707
    outer loop
      vertex 10.0658 9.12313 101.137
      vertex 10.5013 8.61823 101.137
      vertex 0 0 114.722
    endloop
  endfacet
  facet normal -0.557493 -0.435147 -0.707
    outer loop
      vertex 10.5013 8.61823 101.137
      vertex 10.9116 8.09257 101.137
      vertex 0 0 114.722
    endloop
  endfacet
  facet normal -0.461915 -0.535524 -0.707
    outer loop
      vertex 8.61823 10.5013 101.137
      vertex 9.12313 10.0658 101.137
      vertex 0 0 114.722
    endloop
  endfacet
  facet normal 0.681579 0.188682 -0.707
    outer loop
      vertex 0 0 114.722
      vertex -13 -3.94352 101.137
      vertex -13.1779 -3.30089 101.137
    endloop
  endfacet
  facet normal 0.487648 -0.512202 -0.707
    outer loop
      vertex -9.12313 10.0658 101.137
      vertex 0 0 114.722
      vertex -9.60604 9.60604 101.137
    endloop
  endfacet
  facet normal -0.701897 0.0865479 -0.707001
    outer loop
      vertex 13.5196 -1.33156 101.137
      vertex 13.438 -1.99333 101.137
      vertex 0 0 114.722
    endloop
  endfacet
  facet normal 0.487648 0.512202 -0.707
    outer loop
      vertex 0 0 114.722
      vertex -9.12313 -10.0658 101.137
      vertex -9.60604 -9.60604 101.137
    endloop
  endfacet
  facet normal -0.597504 -0.378339 -0.707
    outer loop
      vertex 11.2955 7.54742 101.137
      vertex 11.6522 6.98409 101.137
      vertex 0 0 114.722
    endloop
  endfacet
  facet normal -0.435147 0.557493 -0.707
    outer loop
      vertex 8.61823 -10.5013 101.137
      vertex 8.09257 -10.9116 101.137
      vertex 0 0 114.722
    endloop
  endfacet
  facet normal 0.0519714 0.705301 -0.707
    outer loop
      vertex 0 0 114.722
      vertex -0.666584 -13.5686 101.137
      vertex -1.33156 -13.5196 101.137
    endloop
  endfacet
  facet normal -0.378339 -0.597504 -0.707
    outer loop
      vertex 6.98409 11.6522 101.137
      vertex 7.54742 11.2955 101.137
      vertex 0 0 114.722
    endloop
  endfacet
  facet normal 0.221785 -0.671537 -0.707
    outer loop
      vertex -3.94352 13 101.137
      vertex 0 0 114.722
      vertex -4.57665 12.7909 101.137
    endloop
  endfacet
  facet normal 0.154956 -0.690028 -0.707001
    outer loop
      vertex -2.6503 13.324 101.137
      vertex 0 0 114.722
      vertex -3.30089 13.1779 101.137
    endloop
  endfacet
  facet normal 0.120911 -0.6968 -0.707001
    outer loop
      vertex -1.99333 13.438 101.137
      vertex 0 0 114.722
      vertex -2.6503 13.324 101.137
    endloop
  endfacet
  facet normal -0.0519714 0.705301 -0.707
    outer loop
      vertex 1.33156 -13.5196 101.137
      vertex 0.666584 -13.5686 101.137
      vertex 0 0 114.722
    endloop
  endfacet
  facet normal 0.188682 0.681579 -0.707
    outer loop
      vertex 0 0 114.722
      vertex -3.30089 -13.1779 101.137
      vertex -3.94352 -13 101.137
    endloop
  endfacet
  facet normal 0.681579 -0.188682 -0.707
    outer loop
      vertex -13 3.94352 101.137
      vertex 0 0 114.722
      vertex -13.1779 3.30089 101.137
    endloop
  endfacet
  facet normal -0.631696 -0.31798 -0.707
    outer loop
      vertex 11.9809 6.40392 101.137
      vertex 12.2807 5.80834 101.137
      vertex 0 0 114.722
    endloop
  endfacet
  facet normal 0.154956 0.690028 -0.707001
    outer loop
      vertex 0 0 114.722
      vertex -2.6503 -13.324 101.137
      vertex -3.30089 -13.1779 101.137
    endloop
  endfacet
  facet normal 0.435147 0.557493 -0.707
    outer loop
      vertex 0 0 114.722
      vertex -8.09257 -10.9116 101.137
      vertex -8.61823 -10.5013 101.137
    endloop
  endfacet
  facet normal 0.646546 0.286581 -0.707
    outer loop
      vertex 0 0 114.722
      vertex -12.2807 -5.80834 101.137
      vertex -12.5509 -5.19875 101.137
    endloop
  endfacet
  facet normal -0.671537 -0.221785 -0.707
    outer loop
      vertex 12.7909 4.57665 101.137
      vertex 13 3.94352 101.137
      vertex 0 0 114.722
    endloop
  endfacet
  facet normal -0.61532 0.348615 -0.707
    outer loop
      vertex 11.9809 -6.40392 101.137
      vertex 11.6522 -6.98409 101.137
      vertex 0 0 114.722
    endloop
  endfacet
  facet normal -0.631696 0.31798 -0.707
    outer loop
      vertex 12.2807 -5.80834 101.137
      vertex 11.9809 -6.40392 101.137
      vertex 0 0 114.722
    endloop
  endfacet
  facet normal -0.690028 -0.154956 -0.707001
    outer loop
      vertex 13.1779 3.30089 101.137
      vertex 13.324 2.6503 101.137
      vertex 0 0 114.722
    endloop
  endfacet
  facet normal -0.31798 -0.631696 -0.707
    outer loop
      vertex 5.80834 12.2807 101.137
      vertex 6.40392 11.9809 101.137
      vertex 0 0 114.722
    endloop
  endfacet
  facet normal 0.0173944 -0.707 -0.707
    outer loop
      vertex 0 13.585 101.137
      vertex 0 0 114.722
      vertex -0.666584 13.5686 101.137
    endloop
  endfacet
  facet normal -0.0173944 -0.707 -0.707
    outer loop
      vertex 0 13.585 101.137
      vertex 0.666584 13.5686 101.137
      vertex 0 0 114.722
    endloop
  endfacet
  facet normal 0.0865479 -0.701897 -0.707001
    outer loop
      vertex -1.33156 13.5196 101.137
      vertex 0 0 114.722
      vertex -1.99333 13.438 101.137
    endloop
  endfacet
  facet normal 0.0519714 -0.705301 -0.707
    outer loop
      vertex -0.666584 13.5686 101.137
      vertex 0 0 114.722
      vertex -1.33156 13.5196 101.137
    endloop
  endfacet
  facet normal 0.597504 0.378339 -0.707
    outer loop
      vertex 0 0 114.722
      vertex -11.2955 -7.54742 101.137
      vertex -11.6522 -6.98409 101.137
    endloop
  endfacet
  facet normal 0.461915 -0.535524 -0.707
    outer loop
      vertex -8.61823 10.5013 101.137
      vertex 0 0 114.722
      vertex -9.12313 10.0658 101.137
    endloop
  endfacet
  facet normal 0.435147 -0.557493 -0.707
    outer loop
      vertex -8.09257 10.9116 101.137
      vertex 0 0 114.722
      vertex -8.61823 10.5013 101.137
    endloop
  endfacet
  facet normal -0.31798 0.631696 -0.707
    outer loop
      vertex 6.40392 -11.9809 101.137
      vertex 5.80834 -12.2807 101.137
      vertex 0 0 114.722
    endloop
  endfacet
  facet normal 0.348615 -0.61532 -0.707
    outer loop
      vertex -6.40392 11.9809 101.137
      vertex 0 0 114.722
      vertex -6.98409 11.6522 101.137
    endloop
  endfacet
  facet normal 0.707 -0.0173944 -0.707
    outer loop
      vertex -13.5686 0.666584 101.137
      vertex 0 0 114.722
      vertex -13.585 0 101.137
    endloop
  endfacet
  facet normal 0.705301 -0.0519714 -0.707
    outer loop
      vertex -13.5196 1.33156 101.137
      vertex 0 0 114.722
      vertex -13.5686 0.666584 101.137
    endloop
  endfacet
  facet normal -0.646546 -0.286581 -0.707
    outer loop
      vertex 12.2807 5.80834 101.137
      vertex 12.5509 5.19875 101.137
      vertex 0 0 114.722
    endloop
  endfacet
  facet normal -0.659814 -0.25455 -0.707001
    outer loop
      vertex 12.5509 5.19875 101.137
      vertex 12.7909 4.57665 101.137
      vertex 0 0 114.722
    endloop
  endfacet
  facet normal 0.61532 0.348615 -0.707
    outer loop
      vertex 0 0 114.722
      vertex -11.6522 -6.98409 101.137
      vertex -11.9809 -6.40392 101.137
    endloop
  endfacet
  facet normal -0.701897 -0.0865479 -0.707001
    outer loop
      vertex 13.438 1.99333 101.137
      vertex 13.5196 1.33156 101.137
      vertex 0 0 114.722
    endloop
  endfacet
  facet normal 0.578226 -0.407192 -0.707
    outer loop
      vertex -10.9116 8.09257 101.137
      vertex 0 0 114.722
      vertex -11.2955 7.54742 101.137
    endloop
  endfacet
  facet normal 0.61532 -0.348615 -0.707
    outer loop
      vertex -11.6522 6.98409 101.137
      vertex 0 0 114.722
      vertex -11.9809 6.40392 101.137
    endloop
  endfacet
  facet normal 0.646546 -0.286581 -0.707
    outer loop
      vertex -12.2807 5.80834 101.137
      vertex 0 0 114.722
      vertex -12.5509 5.19875 101.137
    endloop
  endfacet
  facet normal 0.671537 -0.221785 -0.707
    outer loop
      vertex -12.7909 4.57665 101.137
      vertex 0 0 114.722
      vertex -13 3.94352 101.137
    endloop
  endfacet
  facet normal 0.690028 0.154956 -0.707001
    outer loop
      vertex 0 0 114.722
      vertex -13.1779 -3.30089 101.137
      vertex -13.324 -2.6503 101.137
    endloop
  endfacet
  facet normal 0.659814 0.25455 -0.707001
    outer loop
      vertex 0 0 114.722
      vertex -12.5509 -5.19875 101.137
      vertex -12.7909 -4.57665 101.137
    endloop
  endfacet
  facet normal -0.705301 -0.0519714 -0.707
    outer loop
      vertex 13.5196 1.33156 101.137
      vertex 13.5686 0.666584 101.137
      vertex 0 0 114.722
    endloop
  endfacet
  facet normal 0.286581 -0.646546 -0.707
    outer loop
      vertex -5.19875 12.5509 101.137
      vertex 0 0 114.722
      vertex -5.80834 12.2807 101.137
    endloop
  endfacet
  facet normal 0.25455 -0.659814 -0.707001
    outer loop
      vertex -4.57665 12.7909 101.137
      vertex 0 0 114.722
      vertex -5.19875 12.5509 101.137
    endloop
  endfacet
  facet normal -0.0519714 -0.705301 -0.707
    outer loop
      vertex 0.666584 13.5686 101.137
      vertex 1.33156 13.5196 101.137
      vertex 0 0 114.722
    endloop
  endfacet
  facet normal -0.286581 0.646546 -0.707
    outer loop
      vertex 5.80834 -12.2807 101.137
      vertex 5.19875 -12.5509 101.137
      vertex 0 0 114.722
    endloop
  endfacet
  facet normal 0.286581 0.646546 -0.707
    outer loop
      vertex 0 0 114.722
      vertex -5.19875 -12.5509 101.137
      vertex -5.80834 -12.2807 101.137
    endloop
  endfacet
  facet normal -0.407192 -0.578226 -0.707
    outer loop
      vertex 7.54742 11.2955 101.137
      vertex 8.09257 10.9116 101.137
      vertex 0 0 114.722
    endloop
  endfacet
  facet normal -0.6968 0.120911 -0.707001
    outer loop
      vertex 13.438 -1.99333 101.137
      vertex 13.324 -2.6503 101.137
      vertex 0 0 114.722
    endloop
  endfacet
  facet normal -0.512202 -0.487648 -0.707
    outer loop
      vertex 9.60604 9.60604 101.137
      vertex 10.0658 9.12313 101.137
      vertex 0 0 114.722
    endloop
  endfacet
  facet normal -0.578226 -0.407192 -0.707
    outer loop
      vertex 10.9116 8.09257 101.137
      vertex 11.2955 7.54742 101.137
      vertex 0 0 114.722
    endloop
  endfacet
  facet normal -0.681579 -0.188682 -0.707
    outer loop
      vertex 13 3.94352 101.137
      vertex 13.1779 3.30089 101.137
      vertex 0 0 114.722
    endloop
  endfacet
  facet normal -0.487648 0.512202 -0.707
    outer loop
      vertex 9.60604 -9.60604 101.137
      vertex 9.12313 -10.0658 101.137
      vertex 0 0 114.722
    endloop
  endfacet
  facet normal -0.407192 0.578226 -0.707
    outer loop
      vertex 8.09257 -10.9116 101.137
      vertex 7.54742 -11.2955 101.137
      vertex 0 0 114.722
    endloop
  endfacet
  facet normal -0.0173944 0.707 -0.707
    outer loop
      vertex 0 0 114.722
      vertex 0.666584 -13.5686 101.137
      vertex 0 -13.585 101.137
    endloop
  endfacet
  facet normal 0.348615 0.61532 -0.707
    outer loop
      vertex 0 0 114.722
      vertex -6.40392 -11.9809 101.137
      vertex -6.98409 -11.6522 101.137
    endloop
  endfacet
  facet normal -0.690028 0.154956 -0.707001
    outer loop
      vertex 13.324 -2.6503 101.137
      vertex 13.1779 -3.30089 101.137
      vertex 0 0 114.722
    endloop
  endfacet
  facet normal 0.0865479 0.701897 -0.707001
    outer loop
      vertex 0 0 114.722
      vertex -1.33156 -13.5196 101.137
      vertex -1.99333 -13.438 101.137
    endloop
  endfacet
  facet normal 0.705301 0.0519714 -0.707
    outer loop
      vertex 0 0 114.722
      vertex -13.5196 -1.33156 101.137
      vertex -13.5686 -0.666584 101.137
    endloop
  endfacet
  facet normal 0.707 0.0173944 -0.707
    outer loop
      vertex 0 0 114.722
      vertex -13.5686 -0.666584 101.137
      vertex -13.585 0 101.137
    endloop
  endfacet
  facet normal 0.0173944 0.707 -0.707
    outer loop
      vertex 0 0 114.722
      vertex 0 -13.585 101.137
      vertex -0.666584 -13.5686 101.137
    endloop
  endfacet
  facet normal -0.378339 0.597504 -0.707
    outer loop
      vertex 7.54742 -11.2955 101.137
      vertex 6.98409 -11.6522 101.137
      vertex 0 0 114.722
    endloop
  endfacet
  facet normal -0.348615 0.61532 -0.707
    outer loop
      vertex 6.98409 -11.6522 101.137
      vertex 6.40392 -11.9809 101.137
      vertex 0 0 114.722
    endloop
  endfacet
  facet normal 0.557493 0.435147 -0.707
    outer loop
      vertex 0 0 114.722
      vertex -10.5013 -8.61823 101.137
      vertex -10.9116 -8.09257 101.137
    endloop
  endfacet
  facet normal 0.578226 0.407192 -0.707
    outer loop
      vertex 0 0 114.722
      vertex -10.9116 -8.09257 101.137
      vertex -11.2955 -7.54742 101.137
    endloop
  endfacet
  facet normal -0.535524 0.461915 -0.707
    outer loop
      vertex 10.5013 -8.61823 101.137
      vertex 10.0658 -9.12313 101.137
      vertex 0 0 114.722
    endloop
  endfacet
  facet normal -0.578226 0.407192 -0.707
    outer loop
      vertex 11.2955 -7.54742 101.137
      vertex 10.9116 -8.09257 101.137
      vertex 0 0 114.722
    endloop
  endfacet
  facet normal -0.557493 0.435147 -0.707
    outer loop
      vertex 10.9116 -8.09257 101.137
      vertex 10.5013 -8.61823 101.137
      vertex 0 0 114.722
    endloop
  endfacet
  facet normal -0.597504 0.378339 -0.707
    outer loop
      vertex 11.6522 -6.98409 101.137
      vertex 11.2955 -7.54742 101.137
      vertex 0 0 114.722
    endloop
  endfacet
  facet normal 0.631696 0.31798 -0.707
    outer loop
      vertex 0 0 114.722
      vertex -11.9809 -6.40392 101.137
      vertex -12.2807 -5.80834 101.137
    endloop
  endfacet
  facet normal -0.681579 0.188682 -0.707
    outer loop
      vertex 13.1779 -3.30089 101.137
      vertex 13 -3.94352 101.137
      vertex 0 0 114.722
    endloop
  endfacet
  facet normal -0.671537 0.221785 -0.707
    outer loop
      vertex 13 -3.94352 101.137
      vertex 12.7909 -4.57665 101.137
      vertex 0 0 114.722
    endloop
  endfacet
  facet normal -0.659814 0.25455 -0.707001
    outer loop
      vertex 12.7909 -4.57665 101.137
      vertex 12.5509 -5.19875 101.137
      vertex 0 0 114.722
    endloop
  endfacet
  facet normal -0.188682 0.681579 -0.707
    outer loop
      vertex 3.94352 -13 101.137
      vertex 3.30089 -13.1779 101.137
      vertex 0 0 114.722
    endloop
  endfacet
  facet normal -0.154956 0.690028 -0.707001
    outer loop
      vertex 3.30089 -13.1779 101.137
      vertex 2.6503 -13.324 101.137
      vertex 0 0 114.722
    endloop
  endfacet
  facet normal -0.120911 0.6968 -0.707001
    outer loop
      vertex 2.6503 -13.324 101.137
      vertex 1.99333 -13.438 101.137
      vertex 0 0 114.722
    endloop
  endfacet
  facet normal 0.378339 0.597504 -0.707
    outer loop
      vertex 0 0 114.722
      vertex -6.98409 -11.6522 101.137
      vertex -7.54742 -11.2955 101.137
    endloop
  endfacet
  facet normal 0.221785 0.671537 -0.707
    outer loop
      vertex 0 0 114.722
      vertex -3.94352 -13 101.137
      vertex -4.57665 -12.7909 101.137
    endloop
  endfacet
  facet normal 0.25455 0.659814 -0.707001
    outer loop
      vertex 0 0 114.722
      vertex -4.57665 -12.7909 101.137
      vertex -5.19875 -12.5509 101.137
    endloop
  endfacet
  facet normal 0.461915 0.535524 -0.707
    outer loop
      vertex 0 0 114.722
      vertex -8.61823 -10.5013 101.137
      vertex -9.12313 -10.0658 101.137
    endloop
  endfacet
  facet normal 0.535524 0.461915 -0.707
    outer loop
      vertex 0 0 114.722
      vertex -10.0658 -9.12313 101.137
      vertex -10.5013 -8.61823 101.137
    endloop
  endfacet
  facet normal 0 0 -1
    outer loop
      vertex -16.3298 6.93651 -1.90735e-07
      vertex -13.324 2.6503 -1.90735e-07
      vertex -13.438 1.99333 -1.90735e-07
    endloop
  endfacet
  facet normal 0 0 -1
    outer loop
      vertex -13.324 2.6503 -1.90735e-07
      vertex -13.4415 8.7326 -1.90735e-07
      vertex -13.4274 9.16365 -1.90735e-07
    endloop
  endfacet
  facet normal 0 0 -1
    outer loop
      vertex -16.3298 6.93651 -1.90735e-07
      vertex -13.438 1.99333 -1.90735e-07
      vertex -13.5196 1.33156 -1.90735e-07
    endloop
  endfacet
  facet normal 0 0 -1
    outer loop
      vertex -13.324 2.6503 -1.90735e-07
      vertex -13.5394 8.31259 -1.90735e-07
      vertex -13.4415 8.7326 -1.90735e-07
    endloop
  endfacet
  facet normal 0 0 -1
    outer loop
      vertex -25.9739 0 -1.90735e-07
      vertex -13.5196 1.33156 -1.90735e-07
      vertex -13.5686 0.666584 -1.90735e-07
    endloop
  endfacet
  facet normal 0 0 -1
    outer loop
      vertex -25.9739 0 -1.90735e-07
      vertex -13.5686 0.666584 -1.90735e-07
      vertex -13.585 0 -1.90735e-07
    endloop
  endfacet
  facet normal 0 0 -1
    outer loop
      vertex -13.324 2.6503 -1.90735e-07
      vertex -13.7174 7.91976 -1.90735e-07
      vertex -13.5394 8.31259 -1.90735e-07
    endloop
  endfacet
  facet normal 0 0 -1
    outer loop
      vertex 3.94352 -13 -1.90735e-07
      vertex 2.03253 -17.1976 -1.90735e-07
      vertex 3.30089 -13.1779 -1.90735e-07
    endloop
  endfacet
  facet normal 0 0 -1
    outer loop
      vertex 1.82923 -16.8173 -1.90735e-07
      vertex 3.30089 -13.1779 -1.90735e-07
      vertex 2.03253 -17.1976 -1.90735e-07
    endloop
  endfacet
  facet normal 0 0 -1
    outer loop
      vertex 3.30089 -13.1779 -1.90735e-07
      vertex 1.82923 -16.8173 -1.90735e-07
      vertex 2.6503 -13.324 -1.90735e-07
    endloop
  endfacet
  facet normal 0 0 -1
    outer loop
      vertex 1.55563 -16.4839 -1.90735e-07
      vertex 2.6503 -13.324 -1.90735e-07
      vertex 1.82923 -16.8173 -1.90735e-07
    endloop
  endfacet
  facet normal 0 0 -1
    outer loop
      vertex 2.6503 -13.324 -1.90735e-07
      vertex 1.55563 -16.4839 -1.90735e-07
      vertex 1.99333 -13.438 -1.90735e-07
    endloop
  endfacet
  facet normal 0 0 -1
    outer loop
      vertex 1.22225 -16.2103 -1.90735e-07
      vertex 1.99333 -13.438 -1.90735e-07
      vertex 1.55563 -16.4839 -1.90735e-07
    endloop
  endfacet
  facet normal 0 0 -1
    outer loop
      vertex 1.99333 -13.438 -1.90735e-07
      vertex 1.22225 -16.2103 -1.90735e-07
      vertex 1.33156 -13.5196 -1.90735e-07
    endloop
  endfacet
  facet normal 0 0 -1
    outer loop
      vertex 0.841903 -16.007 -1.90735e-07
      vertex 1.33156 -13.5196 -1.90735e-07
      vertex 1.22225 -16.2103 -1.90735e-07
    endloop
  endfacet
  facet normal 0 0 -1
    outer loop
      vertex 0.841903 -16.007 -1.90735e-07
      vertex 0.666584 -13.5686 -1.90735e-07
      vertex 1.33156 -13.5196 -1.90735e-07
    endloop
  endfacet
  facet normal 0 0 -1
    outer loop
      vertex 0.429198 -15.8818 -1.90735e-07
      vertex 0.666584 -13.5686 -1.90735e-07
      vertex 0.841903 -16.007 -1.90735e-07
    endloop
  endfacet
  facet normal 0 0 -1
    outer loop
      vertex 0 -13.585 -1.90735e-07
      vertex 0.429198 -15.8818 -1.90735e-07
      vertex 0 -15.8395 -1.90735e-07
    endloop
  endfacet
  facet normal 0 0 -1
    outer loop
      vertex 0.429198 -15.8818 -1.90735e-07
      vertex 0 -13.585 -1.90735e-07
      vertex 0.666584 -13.5686 -1.90735e-07
    endloop
  endfacet
  facet normal 0 0 -1
    outer loop
      vertex -0.429198 -15.8818 -1.90735e-07
      vertex 0 -13.585 -1.90735e-07
      vertex 0 -15.8395 -1.90735e-07
    endloop
  endfacet
  facet normal 0 0 -1
    outer loop
      vertex -0.429198 -15.8818 -1.90735e-07
      vertex -0.666584 -13.5686 -1.90735e-07
      vertex 0 -13.585 -1.90735e-07
    endloop
  endfacet
  facet normal 0 0 -1
    outer loop
      vertex -0.841903 -16.007 -1.90735e-07
      vertex -0.666584 -13.5686 -1.90735e-07
      vertex -0.429198 -15.8818 -1.90735e-07
    endloop
  endfacet
  facet normal 0 0 -1
    outer loop
      vertex -1.33156 -13.5196 -1.90735e-07
      vertex -0.841903 -16.007 -1.90735e-07
      vertex -1.22225 -16.2103 -1.90735e-07
    endloop
  endfacet
  facet normal 0 0 -1
    outer loop
      vertex -0.841903 -16.007 -1.90735e-07
      vertex -1.33156 -13.5196 -1.90735e-07
      vertex -0.666584 -13.5686 -1.90735e-07
    endloop
  endfacet
  facet normal 0 0 -1
    outer loop
      vertex -1.99333 -13.438 -1.90735e-07
      vertex -1.22225 -16.2103 -1.90735e-07
      vertex -1.55563 -16.4839 -1.90735e-07
    endloop
  endfacet
  facet normal 0 0 -1
    outer loop
      vertex -2.6503 -13.324 -1.90735e-07
      vertex -1.55563 -16.4839 -1.90735e-07
      vertex -1.82923 -16.8173 -1.90735e-07
    endloop
  endfacet
  facet normal 0 0 -1
    outer loop
      vertex -1.22225 -16.2103 -1.90735e-07
      vertex -1.99333 -13.438 -1.90735e-07
      vertex -1.33156 -13.5196 -1.90735e-07
    endloop
  endfacet
  facet normal 0 0 -1
    outer loop
      vertex -3.30089 -13.1779 -1.90735e-07
      vertex -1.82923 -16.8173 -1.90735e-07
      vertex -2.03253 -17.1976 -1.90735e-07
    endloop
  endfacet
  facet normal 0 0 -1
    outer loop
      vertex -4.57665 -12.7909 -1.90735e-07
      vertex -2.03253 -17.1976 -1.90735e-07
      vertex -2.15773 -17.6103 -1.90735e-07
    endloop
  endfacet
  facet normal 0 0 -1
    outer loop
      vertex -5.19875 -12.5509 -1.90735e-07
      vertex -2.15773 -17.6103 -1.90735e-07
      vertex -2.2 -18.0395 -1.90735e-07
    endloop
  endfacet
  facet normal 0 0 -1
    outer loop
      vertex -1.55563 -16.4839 -1.90735e-07
      vertex -2.6503 -13.324 -1.90735e-07
      vertex -1.99333 -13.438 -1.90735e-07
    endloop
  endfacet
  facet normal 0 0 -1
    outer loop
      vertex 13.5686 0.666584 -1.90735e-07
      vertex 22.2353 6.47534 -1.90735e-07
      vertex 25.9739 0 -1.90735e-07
    endloop
  endfacet
  facet normal 0 0 -1
    outer loop
      vertex 22.2353 6.47534 -1.90735e-07
      vertex 17.7477 8.45036 -1.90735e-07
      vertex 17.818 8.87587 -1.90735e-07
    endloop
  endfacet
  facet normal 0 0 -1
    outer loop
      vertex 22.2353 6.47534 -1.90735e-07
      vertex 17.5958 8.04672 -1.90735e-07
      vertex 17.7477 8.45036 -1.90735e-07
    endloop
  endfacet
  facet normal 0 0 -1
    outer loop
      vertex 22.2353 6.47534 -1.90735e-07
      vertex 17.3681 7.68048 -1.90735e-07
      vertex 17.5958 8.04672 -1.90735e-07
    endloop
  endfacet
  facet normal 0 0 -1
    outer loop
      vertex 22.2353 6.47534 -1.90735e-07
      vertex 17.0732 7.36571 -1.90735e-07
      vertex 17.3681 7.68048 -1.90735e-07
    endloop
  endfacet
  facet normal 0 0 -1
    outer loop
      vertex 12.7909 -4.57665 -1.90735e-07
      vertex 25.9739 0 -1.90735e-07
      vertex 16.7255 -16.0187 -1.90735e-07
    endloop
  endfacet
  facet normal 0 -0 -1
    outer loop
      vertex 13.5196 -1.33156 -1.90735e-07
      vertex 25.9739 0 -1.90735e-07
      vertex 13.438 -1.99333 -1.90735e-07
    endloop
  endfacet
  facet normal 0 -0 -1
    outer loop
      vertex 13.585 0 -1.90735e-07
      vertex 25.9739 0 -1.90735e-07
      vertex 13.5686 -0.666584 -1.90735e-07
    endloop
  endfacet
  facet normal 0 0 -1
    outer loop
      vertex 13.5686 0.666584 -1.90735e-07
      vertex 25.9739 0 -1.90735e-07
      vertex 13.585 0 -1.90735e-07
    endloop
  endfacet
  facet normal 0 0 -1
    outer loop
      vertex 22.2353 6.47534 -1.90735e-07
      vertex 13.5686 0.666584 -1.90735e-07
      vertex 13.5196 1.33156 -1.90735e-07
    endloop
  endfacet
  facet normal 0 0 -1
    outer loop
      vertex 22.2353 6.47534 -1.90735e-07
      vertex 16.7227 7.1145 -1.90735e-07
      vertex 17.0732 7.36571 -1.90735e-07
    endloop
  endfacet
  facet normal 0 0 -1
    outer loop
      vertex 16.7227 7.1145 -1.90735e-07
      vertex 13.5196 1.33156 -1.90735e-07
      vertex 16.3298 6.93651 -1.90735e-07
    endloop
  endfacet
  facet normal 0 0 -1
    outer loop
      vertex 13.438 1.99333 -1.90735e-07
      vertex 16.3298 6.93651 -1.90735e-07
      vertex 13.5196 1.33156 -1.90735e-07
    endloop
  endfacet
  facet normal 0 0 -1
    outer loop
      vertex 16.3298 6.93651 -1.90735e-07
      vertex 13.324 2.6503 -1.90735e-07
      vertex 15.9098 6.83858 -1.90735e-07
    endloop
  endfacet
  facet normal 0 0 -1
    outer loop
      vertex 15.9098 6.83858 -1.90735e-07
      vertex 13.1779 3.30089 -1.90735e-07
      vertex 15.4788 6.82447 -1.90735e-07
    endloop
  endfacet
  facet normal 0 0 -1
    outer loop
      vertex 13.1779 3.30089 -1.90735e-07
      vertex 15.9098 6.83858 -1.90735e-07
      vertex 13.324 2.6503 -1.90735e-07
    endloop
  endfacet
  facet normal 0 0 -1
    outer loop
      vertex 13.324 2.6503 -1.90735e-07
      vertex 16.3298 6.93651 -1.90735e-07
      vertex 13.438 1.99333 -1.90735e-07
    endloop
  endfacet
  facet normal -0 0 -1
    outer loop
      vertex 22.2353 6.47534 -1.90735e-07
      vertex 13.5196 1.33156 -1.90735e-07
      vertex 16.7227 7.1145 -1.90735e-07
    endloop
  endfacet
  facet normal 0 -0 -1
    outer loop
      vertex 13.5686 -0.666584 -1.90735e-07
      vertex 25.9739 0 -1.90735e-07
      vertex 13.5196 -1.33156 -1.90735e-07
    endloop
  endfacet
  facet normal 0 0 -1
    outer loop
      vertex 25.9739 0 -1.90735e-07
      vertex 13.324 -2.6503 -1.90735e-07
      vertex 13.438 -1.99333 -1.90735e-07
    endloop
  endfacet
  facet normal 0 0 -1
    outer loop
      vertex 25.9739 0 -1.90735e-07
      vertex 13.1779 -3.30089 -1.90735e-07
      vertex 13.324 -2.6503 -1.90735e-07
    endloop
  endfacet
  facet normal 0 0 -1
    outer loop
      vertex 25.9739 0 -1.90735e-07
      vertex 13 -3.94352 -1.90735e-07
      vertex 13.1779 -3.30089 -1.90735e-07
    endloop
  endfacet
  facet normal 0 0 -1
    outer loop
      vertex 6.98409 -11.6522 -1.90735e-07
      vertex 16.7255 -16.0187 -1.90735e-07
      vertex 12.9869 -22.494 -1.90735e-07
    endloop
  endfacet
  facet normal 0 0 -1
    outer loop
      vertex 25.9739 0 -1.90735e-07
      vertex 12.7909 -4.57665 -1.90735e-07
      vertex 13 -3.94352 -1.90735e-07
    endloop
  endfacet
  facet normal 0 0 -1
    outer loop
      vertex 16.7255 -16.0187 -1.90735e-07
      vertex 12.5509 -5.19875 -1.90735e-07
      vertex 12.7909 -4.57665 -1.90735e-07
    endloop
  endfacet
  facet normal 0 0 -1
    outer loop
      vertex 16.7255 -16.0187 -1.90735e-07
      vertex 12.2807 -5.80834 -1.90735e-07
      vertex 12.5509 -5.19875 -1.90735e-07
    endloop
  endfacet
  facet normal 0 0 -1
    outer loop
      vertex 16.7255 -16.0187 -1.90735e-07
      vertex 11.9809 -6.40392 -1.90735e-07
      vertex 12.2807 -5.80834 -1.90735e-07
    endloop
  endfacet
  facet normal 0 0 -1
    outer loop
      vertex 16.7255 -16.0187 -1.90735e-07
      vertex 11.6522 -6.98409 -1.90735e-07
      vertex 11.9809 -6.40392 -1.90735e-07
    endloop
  endfacet
  facet normal 0 0 -1
    outer loop
      vertex 16.7255 -16.0187 -1.90735e-07
      vertex 11.2955 -7.54742 -1.90735e-07
      vertex 11.6522 -6.98409 -1.90735e-07
    endloop
  endfacet
  facet normal 0 0 -1
    outer loop
      vertex 16.7255 -16.0187 -1.90735e-07
      vertex 10.9116 -8.09257 -1.90735e-07
      vertex 11.2955 -7.54742 -1.90735e-07
    endloop
  endfacet
  facet normal 0 0 -1
    outer loop
      vertex 16.7255 -16.0187 -1.90735e-07
      vertex 10.5013 -8.61823 -1.90735e-07
      vertex 10.9116 -8.09257 -1.90735e-07
    endloop
  endfacet
  facet normal 0 0 -1
    outer loop
      vertex 16.7255 -16.0187 -1.90735e-07
      vertex 10.0658 -9.12313 -1.90735e-07
      vertex 10.5013 -8.61823 -1.90735e-07
    endloop
  endfacet
  facet normal 0 0 -1
    outer loop
      vertex 16.7255 -16.0187 -1.90735e-07
      vertex 9.60604 -9.60604 -1.90735e-07
      vertex 10.0658 -9.12313 -1.90735e-07
    endloop
  endfacet
  facet normal 0 0 -1
    outer loop
      vertex 16.7255 -16.0187 -1.90735e-07
      vertex 9.12313 -10.0658 -1.90735e-07
      vertex 9.60604 -9.60604 -1.90735e-07
    endloop
  endfacet
  facet normal 0 0 -1
    outer loop
      vertex 16.7255 -16.0187 -1.90735e-07
      vertex 8.61823 -10.5013 -1.90735e-07
      vertex 9.12313 -10.0658 -1.90735e-07
    endloop
  endfacet
  facet normal 0 0 -1
    outer loop
      vertex 16.7255 -16.0187 -1.90735e-07
      vertex 8.09257 -10.9116 -1.90735e-07
      vertex 8.61823 -10.5013 -1.90735e-07
    endloop
  endfacet
  facet normal 0 0 -1
    outer loop
      vertex 16.7255 -16.0187 -1.90735e-07
      vertex 7.54742 -11.2955 -1.90735e-07
      vertex 8.09257 -10.9116 -1.90735e-07
    endloop
  endfacet
  facet normal 0 0 -1
    outer loop
      vertex 16.7255 -16.0187 -1.90735e-07
      vertex 6.98409 -11.6522 -1.90735e-07
      vertex 7.54742 -11.2955 -1.90735e-07
    endloop
  endfacet
  facet normal 0 0 -1
    outer loop
      vertex 12.9869 -22.494 -1.90735e-07
      vertex 6.40392 -11.9809 -1.90735e-07
      vertex 6.98409 -11.6522 -1.90735e-07
    endloop
  endfacet
  facet normal 0 0 -1
    outer loop
      vertex 12.9869 -22.494 -1.90735e-07
      vertex 5.80834 -12.2807 -1.90735e-07
      vertex 6.40392 -11.9809 -1.90735e-07
    endloop
  endfacet
  facet normal 0 0 -1
    outer loop
      vertex 2.2 -18.0395 -1.90735e-07
      vertex 5.80834 -12.2807 -1.90735e-07
      vertex 12.9869 -22.494 -1.90735e-07
    endloop
  endfacet
  facet normal 0 0 -1
    outer loop
      vertex 5.80834 -12.2807 -1.90735e-07
      vertex 2.2 -18.0395 -1.90735e-07
      vertex 5.19875 -12.5509 -1.90735e-07
    endloop
  endfacet
  facet normal 0 0 -1
    outer loop
      vertex 2.15773 -17.6103 -1.90735e-07
      vertex 5.19875 -12.5509 -1.90735e-07
      vertex 2.2 -18.0395 -1.90735e-07
    endloop
  endfacet
  facet normal 0 0 -1
    outer loop
      vertex 5.19875 -12.5509 -1.90735e-07
      vertex 2.15773 -17.6103 -1.90735e-07
      vertex 4.57665 -12.7909 -1.90735e-07
    endloop
  endfacet
  facet normal 0 0 -1
    outer loop
      vertex 2.03253 -17.1976 -1.90735e-07
      vertex 4.57665 -12.7909 -1.90735e-07
      vertex 2.15773 -17.6103 -1.90735e-07
    endloop
  endfacet
  facet normal 0 0 -1
    outer loop
      vertex 4.57665 -12.7909 -1.90735e-07
      vertex 2.03253 -17.1976 -1.90735e-07
      vertex 3.94352 -13 -1.90735e-07
    endloop
  endfacet
  facet normal 0 0 -1
    outer loop
      vertex 12.9869 -22.494 -1.90735e-07
      vertex 2.15773 -18.4687 -1.90735e-07
      vertex 2.2 -18.0395 -1.90735e-07
    endloop
  endfacet
  facet normal 0 0 -1
    outer loop
      vertex 12.9869 -22.494 -1.90735e-07
      vertex 2.03253 -18.8814 -1.90735e-07
      vertex 2.15773 -18.4687 -1.90735e-07
    endloop
  endfacet
  facet normal 0 0 -1
    outer loop
      vertex 12.9869 -22.494 -1.90735e-07
      vertex 1.82923 -19.2618 -1.90735e-07
      vertex 2.03253 -18.8814 -1.90735e-07
    endloop
  endfacet
  facet normal 0 0 -1
    outer loop
      vertex 12.9869 -22.494 -1.90735e-07
      vertex 1.55563 -19.5952 -1.90735e-07
      vertex 1.82923 -19.2618 -1.90735e-07
    endloop
  endfacet
  facet normal 0 0 -1
    outer loop
      vertex 12.9869 -22.494 -1.90735e-07
      vertex 1.22225 -19.8688 -1.90735e-07
      vertex 1.55563 -19.5952 -1.90735e-07
    endloop
  endfacet
  facet normal 0 0 -1
    outer loop
      vertex 12.9869 -22.494 -1.90735e-07
      vertex 0.841903 -20.0721 -1.90735e-07
      vertex 1.22225 -19.8688 -1.90735e-07
    endloop
  endfacet
  facet normal 0 0 -1
    outer loop
      vertex 12.9869 -22.494 -1.90735e-07
      vertex 0.429198 -20.1972 -1.90735e-07
      vertex 0.841903 -20.0721 -1.90735e-07
    endloop
  endfacet
  facet normal 0 0 -1
    outer loop
      vertex 12.9869 -22.494 -1.90735e-07
      vertex 0 -20.2395 -1.90735e-07
      vertex 0.429198 -20.1972 -1.90735e-07
    endloop
  endfacet
  facet normal 0 0 -1
    outer loop
      vertex -12.9869 -22.494 -1.90735e-07
      vertex 0 -20.2395 -1.90735e-07
      vertex 12.9869 -22.494 -1.90735e-07
    endloop
  endfacet
  facet normal 0 0 -1
    outer loop
      vertex -1.82923 -16.8173 -1.90735e-07
      vertex -3.30089 -13.1779 -1.90735e-07
      vertex -2.6503 -13.324 -1.90735e-07
    endloop
  endfacet
  facet normal 0 0 -1
    outer loop
      vertex -12.9869 -22.494 -1.90735e-07
      vertex -2.2 -18.0395 -1.90735e-07
      vertex -2.15773 -18.4687 -1.90735e-07
    endloop
  endfacet
  facet normal 0 0 -1
    outer loop
      vertex -2.03253 -17.1976 -1.90735e-07
      vertex -3.94352 -13 -1.90735e-07
      vertex -3.30089 -13.1779 -1.90735e-07
    endloop
  endfacet
  facet normal 0 0 -1
    outer loop
      vertex -12.9869 -22.494 -1.90735e-07
      vertex -2.15773 -18.4687 -1.90735e-07
      vertex -2.03253 -18.8814 -1.90735e-07
    endloop
  endfacet
  facet normal 0 0 -1
    outer loop
      vertex -2.03253 -17.1976 -1.90735e-07
      vertex -4.57665 -12.7909 -1.90735e-07
      vertex -3.94352 -13 -1.90735e-07
    endloop
  endfacet
  facet normal 0 0 -1
    outer loop
      vertex -2.15773 -17.6103 -1.90735e-07
      vertex -5.19875 -12.5509 -1.90735e-07
      vertex -4.57665 -12.7909 -1.90735e-07
    endloop
  endfacet
  facet normal 0 0 -1
    outer loop
      vertex -2.2 -18.0395 -1.90735e-07
      vertex -5.80834 -12.2807 -1.90735e-07
      vertex -5.19875 -12.5509 -1.90735e-07
    endloop
  endfacet
  facet normal 0 0 -1
    outer loop
      vertex -12.9869 -22.494 -1.90735e-07
      vertex -2.03253 -18.8814 -1.90735e-07
      vertex -1.82923 -19.2618 -1.90735e-07
    endloop
  endfacet
  facet normal -0 0 -1
    outer loop
      vertex -2.2 -18.0395 -1.90735e-07
      vertex -12.9869 -22.494 -1.90735e-07
      vertex -5.80834 -12.2807 -1.90735e-07
    endloop
  endfacet
  facet normal -0 0 -1
    outer loop
      vertex -5.80834 -12.2807 -1.90735e-07
      vertex -12.9869 -22.494 -1.90735e-07
      vertex -6.40392 -11.9809 -1.90735e-07
    endloop
  endfacet
  facet normal -0 0 -1
    outer loop
      vertex -6.40392 -11.9809 -1.90735e-07
      vertex -12.9869 -22.494 -1.90735e-07
      vertex -6.98409 -11.6522 -1.90735e-07
    endloop
  endfacet
  facet normal -0 0 -1
    outer loop
      vertex -6.98409 -11.6522 -1.90735e-07
      vertex -12.9869 -22.494 -1.90735e-07
      vertex -7.54742 -11.2955 -1.90735e-07
    endloop
  endfacet
  facet normal -0 0 -1
    outer loop
      vertex -7.54742 -11.2955 -1.90735e-07
      vertex -12.9869 -22.494 -1.90735e-07
      vertex -8.09257 -10.9116 -1.90735e-07
    endloop
  endfacet
  facet normal -0 0 -1
    outer loop
      vertex -8.09257 -10.9116 -1.90735e-07
      vertex -12.9869 -22.494 -1.90735e-07
      vertex -8.61823 -10.5013 -1.90735e-07
    endloop
  endfacet
  facet normal -0 0 -1
    outer loop
      vertex -8.61823 -10.5013 -1.90735e-07
      vertex -12.9869 -22.494 -1.90735e-07
      vertex -9.12313 -10.0658 -1.90735e-07
    endloop
  endfacet
  facet normal -0 0 -1
    outer loop
      vertex -9.12313 -10.0658 -1.90735e-07
      vertex -12.9869 -22.494 -1.90735e-07
      vertex -9.60604 -9.60604 -1.90735e-07
    endloop
  endfacet
  facet normal -0 0 -1
    outer loop
      vertex -9.60604 -9.60604 -1.90735e-07
      vertex -12.9869 -22.494 -1.90735e-07
      vertex -10.0658 -9.12313 -1.90735e-07
    endloop
  endfacet
  facet normal -0 0 -1
    outer loop
      vertex 0 -20.2395 -1.90735e-07
      vertex -12.9869 -22.494 -1.90735e-07
      vertex -0.429198 -20.1972 -1.90735e-07
    endloop
  endfacet
  facet normal 0 0 -1
    outer loop
      vertex -12.9869 -22.494 -1.90735e-07
      vertex -0.841903 -20.0721 -1.90735e-07
      vertex -0.429198 -20.1972 -1.90735e-07
    endloop
  endfacet
  facet normal 0 0 -1
    outer loop
      vertex -12.9869 -22.494 -1.90735e-07
      vertex -1.22225 -19.8688 -1.90735e-07
      vertex -0.841903 -20.0721 -1.90735e-07
    endloop
  endfacet
  facet normal 0 0 -1
    outer loop
      vertex -12.9869 -22.494 -1.90735e-07
      vertex -1.55563 -19.5952 -1.90735e-07
      vertex -1.22225 -19.8688 -1.90735e-07
    endloop
  endfacet
  facet normal 0 0 -1
    outer loop
      vertex -12.9869 -22.494 -1.90735e-07
      vertex -1.82923 -19.2618 -1.90735e-07
      vertex -1.55563 -19.5952 -1.90735e-07
    endloop
  endfacet
  facet normal -0 0 -1
    outer loop
      vertex -10.0658 -9.12313 -1.90735e-07
      vertex -12.9869 -22.494 -1.90735e-07
      vertex -10.5013 -8.61823 -1.90735e-07
    endloop
  endfacet
  facet normal 0 0 -1
    outer loop
      vertex -22.2353 -6.47534 -1.90735e-07
      vertex -10.5013 -8.61823 -1.90735e-07
      vertex -12.9869 -22.494 -1.90735e-07
    endloop
  endfacet
  facet normal 0 0 -1
    outer loop
      vertex -10.5013 -8.61823 -1.90735e-07
      vertex -22.2353 -6.47534 -1.90735e-07
      vertex -10.9116 -8.09257 -1.90735e-07
    endloop
  endfacet
  facet normal 0 0 -1
    outer loop
      vertex -10.9116 -8.09257 -1.90735e-07
      vertex -22.2353 -6.47534 -1.90735e-07
      vertex -11.2955 -7.54742 -1.90735e-07
    endloop
  endfacet
  facet normal 0 0 -1
    outer loop
      vertex -11.2955 -7.54742 -1.90735e-07
      vertex -22.2353 -6.47534 -1.90735e-07
      vertex -11.6522 -6.98409 -1.90735e-07
    endloop
  endfacet
  facet normal 0 0 -1
    outer loop
      vertex -11.6522 -6.98409 -1.90735e-07
      vertex -22.2353 -6.47534 -1.90735e-07
      vertex -11.9809 -6.40392 -1.90735e-07
    endloop
  endfacet
  facet normal -0 0 -1
    outer loop
      vertex -11.9809 -6.40392 -1.90735e-07
      vertex -22.2353 -6.47534 -1.90735e-07
      vertex -12.2807 -5.80834 -1.90735e-07
    endloop
  endfacet
  facet normal -0 0 -1
    outer loop
      vertex -12.2807 -5.80834 -1.90735e-07
      vertex -22.2353 -6.47534 -1.90735e-07
      vertex -12.5509 -5.19875 -1.90735e-07
    endloop
  endfacet
  facet normal -0 0 -1
    outer loop
      vertex -12.5509 -5.19875 -1.90735e-07
      vertex -22.2353 -6.47534 -1.90735e-07
      vertex -12.7909 -4.57665 -1.90735e-07
    endloop
  endfacet
  facet normal -0 0 -1
    outer loop
      vertex -12.7909 -4.57665 -1.90735e-07
      vertex -22.2353 -6.47534 -1.90735e-07
      vertex -13 -3.94352 -1.90735e-07
    endloop
  endfacet
  facet normal -0 0 -1
    outer loop
      vertex -13 -3.94352 -1.90735e-07
      vertex -22.2353 -6.47534 -1.90735e-07
      vertex -13.1779 -3.30089 -1.90735e-07
    endloop
  endfacet
  facet normal -0 0 -1
    outer loop
      vertex -13.1779 -3.30089 -1.90735e-07
      vertex -22.2353 -6.47534 -1.90735e-07
      vertex -13.324 -2.6503 -1.90735e-07
    endloop
  endfacet
  facet normal -0 0 -1
    outer loop
      vertex -13.324 -2.6503 -1.90735e-07
      vertex -22.2353 -6.47534 -1.90735e-07
      vertex -13.438 -1.99333 -1.90735e-07
    endloop
  endfacet
  facet normal -0 0 -1
    outer loop
      vertex -13.438 -1.99333 -1.90735e-07
      vertex -22.2353 -6.47534 -1.90735e-07
      vertex -13.5196 -1.33156 -1.90735e-07
    endloop
  endfacet
  facet normal 0 0 -1
    outer loop
      vertex -13.324 2.6503 -1.90735e-07
      vertex -13.9686 7.5692 -1.90735e-07
      vertex -13.7174 7.91976 -1.90735e-07
    endloop
  endfacet
  facet normal 0 0 -1
    outer loop
      vertex -25.9739 0 -1.90735e-07
      vertex -13.585 0 -1.90735e-07
      vertex -13.5686 -0.666584 -1.90735e-07
    endloop
  endfacet
  facet normal -0 0 -1
    outer loop
      vertex -13.5196 -1.33156 -1.90735e-07
      vertex -22.2353 -6.47534 -1.90735e-07
      vertex -13.5686 -0.666584 -1.90735e-07
    endloop
  endfacet
  facet normal 0 0 -1
    outer loop
      vertex -13.324 2.6503 -1.90735e-07
      vertex -14.2834 7.27438 -1.90735e-07
      vertex -13.9686 7.5692 -1.90735e-07
    endloop
  endfacet
  facet normal 0 0 -1
    outer loop
      vertex -25.9739 0 -1.90735e-07
      vertex -13.5686 -0.666584 -1.90735e-07
      vertex -22.2353 -6.47534 -1.90735e-07
    endloop
  endfacet
  facet normal 0 0 -1
    outer loop
      vertex -13.324 2.6503 -1.90735e-07
      vertex -14.6496 7.04664 -1.90735e-07
      vertex -14.2834 7.27438 -1.90735e-07
    endloop
  endfacet
  facet normal 0 0 -1
    outer loop
      vertex -13.324 2.6503 -1.90735e-07
      vertex -15.0533 6.89472 -1.90735e-07
      vertex -14.6496 7.04664 -1.90735e-07
    endloop
  endfacet
  facet normal 0 0 -1
    outer loop
      vertex -13.324 2.6503 -1.90735e-07
      vertex -15.4788 6.82447 -1.90735e-07
      vertex -15.0533 6.89472 -1.90735e-07
    endloop
  endfacet
  facet normal 0 0 -1
    outer loop
      vertex -13.324 2.6503 -1.90735e-07
      vertex -15.9098 6.83858 -1.90735e-07
      vertex -15.4788 6.82447 -1.90735e-07
    endloop
  endfacet
  facet normal 0 0 -1
    outer loop
      vertex -13.324 2.6503 -1.90735e-07
      vertex -16.3298 6.93651 -1.90735e-07
      vertex -15.9098 6.83858 -1.90735e-07
    endloop
  endfacet
  facet normal -0 0 -1
    outer loop
      vertex -13.5196 1.33156 -1.90735e-07
      vertex -25.9739 0 -1.90735e-07
      vertex -16.7227 7.1145 -1.90735e-07
    endloop
  endfacet
  facet normal 0 0 -1
    outer loop
      vertex -13.5196 1.33156 -1.90735e-07
      vertex -16.7227 7.1145 -1.90735e-07
      vertex -16.3298 6.93651 -1.90735e-07
    endloop
  endfacet
  facet normal -0 0 -1
    outer loop
      vertex -16.7227 7.1145 -1.90735e-07
      vertex -25.9739 0 -1.90735e-07
      vertex -17.0732 7.36571 -1.90735e-07
    endloop
  endfacet
  facet normal -0 0 -1
    outer loop
      vertex -17.0732 7.36571 -1.90735e-07
      vertex -25.9739 0 -1.90735e-07
      vertex -17.3681 7.68048 -1.90735e-07
    endloop
  endfacet
  facet normal -0 0 -1
    outer loop
      vertex -17.3681 7.68048 -1.90735e-07
      vertex -25.9739 0 -1.90735e-07
      vertex -17.5958 8.04672 -1.90735e-07
    endloop
  endfacet
  facet normal -0 0 -1
    outer loop
      vertex -17.5958 8.04672 -1.90735e-07
      vertex -25.9739 0 -1.90735e-07
      vertex -17.7477 8.45036 -1.90735e-07
    endloop
  endfacet
  facet normal 0 0 -1
    outer loop
      vertex 17.8039 9.30692 -1.90735e-07
      vertex 22.2353 6.47534 -1.90735e-07
      vertex 17.818 8.87587 -1.90735e-07
    endloop
  endfacet
  facet normal 0 0 -1
    outer loop
      vertex 17.7059 9.72693 -1.90735e-07
      vertex 22.2353 6.47534 -1.90735e-07
      vertex 17.8039 9.30692 -1.90735e-07
    endloop
  endfacet
  facet normal 0 0 -1
    outer loop
      vertex 17.5279 10.1198 -1.90735e-07
      vertex 22.2353 6.47534 -1.90735e-07
      vertex 17.7059 9.72693 -1.90735e-07
    endloop
  endfacet
  facet normal 0 0 -1
    outer loop
      vertex 17.2767 10.4703 -1.90735e-07
      vertex 22.2353 6.47534 -1.90735e-07
      vertex 17.5279 10.1198 -1.90735e-07
    endloop
  endfacet
  facet normal 0 0 -1
    outer loop
      vertex 12.9869 22.494 -1.90735e-07
      vertex 17.2767 10.4703 -1.90735e-07
      vertex 16.962 10.7651 -1.90735e-07
    endloop
  endfacet
  facet normal -0 0 -1
    outer loop
      vertex 14.2834 7.27438 -1.90735e-07
      vertex 12.2807 5.80834 -1.90735e-07
      vertex 13.9686 7.5692 -1.90735e-07
    endloop
  endfacet
  facet normal 0 0 -1
    outer loop
      vertex 11.9809 6.40392 -1.90735e-07
      vertex 13.9686 7.5692 -1.90735e-07
      vertex 12.2807 5.80834 -1.90735e-07
    endloop
  endfacet
  facet normal 0 0 -1
    outer loop
      vertex 17.2767 10.4703 -1.90735e-07
      vertex 12.9869 22.494 -1.90735e-07
      vertex 22.2353 6.47534 -1.90735e-07
    endloop
  endfacet
  facet normal 0 0 -1
    outer loop
      vertex 16.5957 10.9929 -1.90735e-07
      vertex 12.9869 22.494 -1.90735e-07
      vertex 16.962 10.7651 -1.90735e-07
    endloop
  endfacet
  facet normal 0 0 -1
    outer loop
      vertex 16.1921 11.1448 -1.90735e-07
      vertex 12.9869 22.494 -1.90735e-07
      vertex 16.5957 10.9929 -1.90735e-07
    endloop
  endfacet
  facet normal 0 0 -1
    outer loop
      vertex 15.7666 11.215 -1.90735e-07
      vertex 12.9869 22.494 -1.90735e-07
      vertex 16.1921 11.1448 -1.90735e-07
    endloop
  endfacet
  facet normal 0 0 -1
    outer loop
      vertex 15.3355 11.2009 -1.90735e-07
      vertex 12.9869 22.494 -1.90735e-07
      vertex 15.7666 11.215 -1.90735e-07
    endloop
  endfacet
  facet normal 0 0 -1
    outer loop
      vertex 14.9155 11.103 -1.90735e-07
      vertex 12.9869 22.494 -1.90735e-07
      vertex 15.3355 11.2009 -1.90735e-07
    endloop
  endfacet
  facet normal 0 0 -1
    outer loop
      vertex 14.5227 10.925 -1.90735e-07
      vertex 12.9869 22.494 -1.90735e-07
      vertex 14.9155 11.103 -1.90735e-07
    endloop
  endfacet
  facet normal 0 0 -1
    outer loop
      vertex 8.09257 10.9116 -1.90735e-07
      vertex 14.5227 10.925 -1.90735e-07
      vertex 14.1721 10.6738 -1.90735e-07
    endloop
  endfacet
  facet normal 0 0 -1
    outer loop
      vertex 9.12313 10.0658 -1.90735e-07
      vertex 14.1721 10.6738 -1.90735e-07
      vertex 13.8773 10.359 -1.90735e-07
    endloop
  endfacet
  facet normal 0 0 -1
    outer loop
      vertex 9.60604 9.60604 -1.90735e-07
      vertex 13.8773 10.359 -1.90735e-07
      vertex 13.6496 9.99279 -1.90735e-07
    endloop
  endfacet
  facet normal 0 0 -1
    outer loop
      vertex 10.0658 9.12313 -1.90735e-07
      vertex 13.6496 9.99279 -1.90735e-07
      vertex 13.4976 9.58916 -1.90735e-07
    endloop
  endfacet
  facet normal 0 0 -1
    outer loop
      vertex 10.5013 8.61823 -1.90735e-07
      vertex 13.4976 9.58916 -1.90735e-07
      vertex 13.4274 9.16365 -1.90735e-07
    endloop
  endfacet
  facet normal -0 0 -1
    outer loop
      vertex 13.9686 7.5692 -1.90735e-07
      vertex 11.9809 6.40392 -1.90735e-07
      vertex 13.7174 7.91976 -1.90735e-07
    endloop
  endfacet
  facet normal 0 0 -1
    outer loop
      vertex 11.6522 6.98409 -1.90735e-07
      vertex 13.7174 7.91976 -1.90735e-07
      vertex 11.9809 6.40392 -1.90735e-07
    endloop
  endfacet
  facet normal -0 0 -1
    outer loop
      vertex 13.7174 7.91976 -1.90735e-07
      vertex 11.6522 6.98409 -1.90735e-07
      vertex 13.5394 8.31259 -1.90735e-07
    endloop
  endfacet
  facet normal 0 0 -1
    outer loop
      vertex 11.2955 7.54742 -1.90735e-07
      vertex 13.5394 8.31259 -1.90735e-07
      vertex 11.6522 6.98409 -1.90735e-07
    endloop
  endfacet
  facet normal -0 0 -1
    outer loop
      vertex 13.5394 8.31259 -1.90735e-07
      vertex 11.2955 7.54742 -1.90735e-07
      vertex 13.4415 8.7326 -1.90735e-07
    endloop
  endfacet
  facet normal 0 0 -1
    outer loop
      vertex 10.9116 8.09257 -1.90735e-07
      vertex 13.4415 8.7326 -1.90735e-07
      vertex 11.2955 7.54742 -1.90735e-07
    endloop
  endfacet
  facet normal -0 0 -1
    outer loop
      vertex 13.4415 8.7326 -1.90735e-07
      vertex 10.9116 8.09257 -1.90735e-07
      vertex 13.4274 9.16365 -1.90735e-07
    endloop
  endfacet
  facet normal 0 0 -1
    outer loop
      vertex 10.5013 8.61823 -1.90735e-07
      vertex 13.4274 9.16365 -1.90735e-07
      vertex 10.9116 8.09257 -1.90735e-07
    endloop
  endfacet
  facet normal 0 0 -1
    outer loop
      vertex 13.4976 9.58916 -1.90735e-07
      vertex 10.5013 8.61823 -1.90735e-07
      vertex 10.0658 9.12313 -1.90735e-07
    endloop
  endfacet
  facet normal 0 0 -1
    outer loop
      vertex 13.6496 9.99279 -1.90735e-07
      vertex 10.0658 9.12313 -1.90735e-07
      vertex 9.60604 9.60604 -1.90735e-07
    endloop
  endfacet
  facet normal 0 0 -1
    outer loop
      vertex 13.8773 10.359 -1.90735e-07
      vertex 9.60604 9.60604 -1.90735e-07
      vertex 9.12313 10.0658 -1.90735e-07
    endloop
  endfacet
  facet normal 0 0 -1
    outer loop
      vertex 14.1721 10.6738 -1.90735e-07
      vertex 9.12313 10.0658 -1.90735e-07
      vertex 8.61823 10.5013 -1.90735e-07
    endloop
  endfacet
  facet normal -0 0 -1
    outer loop
      vertex 14.1721 10.6738 -1.90735e-07
      vertex 8.61823 10.5013 -1.90735e-07
      vertex 8.09257 10.9116 -1.90735e-07
    endloop
  endfacet
  facet normal -0 0 -1
    outer loop
      vertex 14.5227 10.925 -1.90735e-07
      vertex 8.09257 10.9116 -1.90735e-07
      vertex 7.54742 11.2955 -1.90735e-07
    endloop
  endfacet
  facet normal 0 0 -1
    outer loop
      vertex 14.5227 10.925 -1.90735e-07
      vertex 7.54742 11.2955 -1.90735e-07
      vertex 12.9869 22.494 -1.90735e-07
    endloop
  endfacet
  facet normal 0 0 -1
    outer loop
      vertex 6.98409 11.6522 -1.90735e-07
      vertex 12.9869 22.494 -1.90735e-07
      vertex 7.54742 11.2955 -1.90735e-07
    endloop
  endfacet
  facet normal 0 0 -1
    outer loop
      vertex 6.40392 11.9809 -1.90735e-07
      vertex 12.9869 22.494 -1.90735e-07
      vertex 6.98409 11.6522 -1.90735e-07
    endloop
  endfacet
  facet normal 0 0 -1
    outer loop
      vertex 5.80834 12.2807 -1.90735e-07
      vertex 12.9869 22.494 -1.90735e-07
      vertex 6.40392 11.9809 -1.90735e-07
    endloop
  endfacet
  facet normal 0 0 -1
    outer loop
      vertex 5.19875 12.5509 -1.90735e-07
      vertex 12.9869 22.494 -1.90735e-07
      vertex 5.80834 12.2807 -1.90735e-07
    endloop
  endfacet
  facet normal 0 0 -1
    outer loop
      vertex 4.57665 12.7909 -1.90735e-07
      vertex 12.9869 22.494 -1.90735e-07
      vertex 5.19875 12.5509 -1.90735e-07
    endloop
  endfacet
  facet normal 0 0 -1
    outer loop
      vertex 3.94352 13 -1.90735e-07
      vertex 12.9869 22.494 -1.90735e-07
      vertex 4.57665 12.7909 -1.90735e-07
    endloop
  endfacet
  facet normal 0 0 -1
    outer loop
      vertex 3.30089 13.1779 -1.90735e-07
      vertex 12.9869 22.494 -1.90735e-07
      vertex 3.94352 13 -1.90735e-07
    endloop
  endfacet
  facet normal 0 0 -1
    outer loop
      vertex 2.6503 13.324 -1.90735e-07
      vertex 12.9869 22.494 -1.90735e-07
      vertex 3.30089 13.1779 -1.90735e-07
    endloop
  endfacet
  facet normal 0 0 -1
    outer loop
      vertex 1.99333 13.438 -1.90735e-07
      vertex 12.9869 22.494 -1.90735e-07
      vertex 2.6503 13.324 -1.90735e-07
    endloop
  endfacet
  facet normal 0 0 -1
    outer loop
      vertex 1.33156 13.5196 -1.90735e-07
      vertex 12.9869 22.494 -1.90735e-07
      vertex 1.99333 13.438 -1.90735e-07
    endloop
  endfacet
  facet normal 0 0 -1
    outer loop
      vertex 0.666584 13.5686 -1.90735e-07
      vertex 12.9869 22.494 -1.90735e-07
      vertex 1.33156 13.5196 -1.90735e-07
    endloop
  endfacet
  facet normal 0 0 -1
    outer loop
      vertex 0 13.585 -1.90735e-07
      vertex 12.9869 22.494 -1.90735e-07
      vertex 0.666584 13.5686 -1.90735e-07
    endloop
  endfacet
  facet normal 0 0 -1
    outer loop
      vertex -12.9869 22.494 -1.90735e-07
      vertex 0 13.585 -1.90735e-07
      vertex -0.666584 13.5686 -1.90735e-07
    endloop
  endfacet
  facet normal 0 0 -1
    outer loop
      vertex -12.9869 22.494 -1.90735e-07
      vertex -0.666584 13.5686 -1.90735e-07
      vertex -1.33156 13.5196 -1.90735e-07
    endloop
  endfacet
  facet normal 0 0 -1
    outer loop
      vertex -12.9869 22.494 -1.90735e-07
      vertex -1.33156 13.5196 -1.90735e-07
      vertex -1.99333 13.438 -1.90735e-07
    endloop
  endfacet
  facet normal 0 0 -1
    outer loop
      vertex -12.9869 22.494 -1.90735e-07
      vertex -1.99333 13.438 -1.90735e-07
      vertex -2.6503 13.324 -1.90735e-07
    endloop
  endfacet
  facet normal 0 0 -1
    outer loop
      vertex -12.9869 22.494 -1.90735e-07
      vertex -2.6503 13.324 -1.90735e-07
      vertex -3.30089 13.1779 -1.90735e-07
    endloop
  endfacet
  facet normal 0 0 -1
    outer loop
      vertex -12.9869 22.494 -1.90735e-07
      vertex -3.30089 13.1779 -1.90735e-07
      vertex -3.94352 13 -1.90735e-07
    endloop
  endfacet
  facet normal 0 0 -1
    outer loop
      vertex -12.9869 22.494 -1.90735e-07
      vertex -3.94352 13 -1.90735e-07
      vertex -4.57665 12.7909 -1.90735e-07
    endloop
  endfacet
  facet normal 0 0 -1
    outer loop
      vertex -12.9869 22.494 -1.90735e-07
      vertex -4.57665 12.7909 -1.90735e-07
      vertex -5.19875 12.5509 -1.90735e-07
    endloop
  endfacet
  facet normal 0 0 -1
    outer loop
      vertex -12.9869 22.494 -1.90735e-07
      vertex -5.19875 12.5509 -1.90735e-07
      vertex -5.80834 12.2807 -1.90735e-07
    endloop
  endfacet
  facet normal 0 0 -1
    outer loop
      vertex -12.9869 22.494 -1.90735e-07
      vertex -5.80834 12.2807 -1.90735e-07
      vertex -6.40392 11.9809 -1.90735e-07
    endloop
  endfacet
  facet normal 0 0 -1
    outer loop
      vertex 0 13.585 -1.90735e-07
      vertex -12.9869 22.494 -1.90735e-07
      vertex 12.9869 22.494 -1.90735e-07
    endloop
  endfacet
  facet normal 0 0 -1
    outer loop
      vertex -6.98409 11.6522 -1.90735e-07
      vertex -12.9869 22.494 -1.90735e-07
      vertex -6.40392 11.9809 -1.90735e-07
    endloop
  endfacet
  facet normal 0 0 -1
    outer loop
      vertex -16.7255 16.0187 -1.90735e-07
      vertex -6.98409 11.6522 -1.90735e-07
      vertex -7.54742 11.2955 -1.90735e-07
    endloop
  endfacet
  facet normal 0 0 -1
    outer loop
      vertex -16.7255 16.0187 -1.90735e-07
      vertex -7.54742 11.2955 -1.90735e-07
      vertex -8.09257 10.9116 -1.90735e-07
    endloop
  endfacet
  facet normal 0 0 -1
    outer loop
      vertex -14.1721 10.6738 -1.90735e-07
      vertex -8.09257 10.9116 -1.90735e-07
      vertex -8.61823 10.5013 -1.90735e-07
    endloop
  endfacet
  facet normal 0 0 -1
    outer loop
      vertex -14.1721 10.6738 -1.90735e-07
      vertex -8.61823 10.5013 -1.90735e-07
      vertex -9.12313 10.0658 -1.90735e-07
    endloop
  endfacet
  facet normal 0 0 -1
    outer loop
      vertex -13.8773 10.359 -1.90735e-07
      vertex -9.12313 10.0658 -1.90735e-07
      vertex -9.60604 9.60604 -1.90735e-07
    endloop
  endfacet
  facet normal 0 0 -1
    outer loop
      vertex -13.6496 9.99279 -1.90735e-07
      vertex -9.60604 9.60604 -1.90735e-07
      vertex -10.0658 9.12313 -1.90735e-07
    endloop
  endfacet
  facet normal 0 0 -1
    outer loop
      vertex -13.4976 9.58916 -1.90735e-07
      vertex -10.0658 9.12313 -1.90735e-07
      vertex -10.5013 8.61823 -1.90735e-07
    endloop
  endfacet
  facet normal 0 0 -1
    outer loop
      vertex -13.4274 9.16365 -1.90735e-07
      vertex -10.5013 8.61823 -1.90735e-07
      vertex -10.9116 8.09257 -1.90735e-07
    endloop
  endfacet
  facet normal 0 0 -1
    outer loop
      vertex -13.4274 9.16365 -1.90735e-07
      vertex -10.9116 8.09257 -1.90735e-07
      vertex -11.2955 7.54742 -1.90735e-07
    endloop
  endfacet
  facet normal 0 0 -1
    outer loop
      vertex -13.4274 9.16365 -1.90735e-07
      vertex -11.2955 7.54742 -1.90735e-07
      vertex -11.6522 6.98409 -1.90735e-07
    endloop
  endfacet
  facet normal 0 0 -1
    outer loop
      vertex -13.4274 9.16365 -1.90735e-07
      vertex -11.6522 6.98409 -1.90735e-07
      vertex -11.9809 6.40392 -1.90735e-07
    endloop
  endfacet
  facet normal 0 0 -1
    outer loop
      vertex -13.4274 9.16365 -1.90735e-07
      vertex -11.9809 6.40392 -1.90735e-07
      vertex -12.2807 5.80834 -1.90735e-07
    endloop
  endfacet
  facet normal 0 0 -1
    outer loop
      vertex -13.4274 9.16365 -1.90735e-07
      vertex -12.2807 5.80834 -1.90735e-07
      vertex -12.5509 5.19875 -1.90735e-07
    endloop
  endfacet
  facet normal 0 0 -1
    outer loop
      vertex -13.4274 9.16365 -1.90735e-07
      vertex -12.5509 5.19875 -1.90735e-07
      vertex -12.7909 4.57665 -1.90735e-07
    endloop
  endfacet
  facet normal 0 0 -1
    outer loop
      vertex -13.4274 9.16365 -1.90735e-07
      vertex -12.7909 4.57665 -1.90735e-07
      vertex -13 3.94352 -1.90735e-07
    endloop
  endfacet
  facet normal 0 0 -1
    outer loop
      vertex -13.4274 9.16365 -1.90735e-07
      vertex -13 3.94352 -1.90735e-07
      vertex -13.1779 3.30089 -1.90735e-07
    endloop
  endfacet
  facet normal 0 0 -1
    outer loop
      vertex -13.4274 9.16365 -1.90735e-07
      vertex -13.1779 3.30089 -1.90735e-07
      vertex -13.324 2.6503 -1.90735e-07
    endloop
  endfacet
  facet normal 0 0 -1
    outer loop
      vertex -10.5013 8.61823 -1.90735e-07
      vertex -13.4274 9.16365 -1.90735e-07
      vertex -13.4976 9.58916 -1.90735e-07
    endloop
  endfacet
  facet normal 0 0 -1
    outer loop
      vertex -10.0658 9.12313 -1.90735e-07
      vertex -13.4976 9.58916 -1.90735e-07
      vertex -13.6496 9.99279 -1.90735e-07
    endloop
  endfacet
  facet normal 0 0 -1
    outer loop
      vertex -9.60604 9.60604 -1.90735e-07
      vertex -13.6496 9.99279 -1.90735e-07
      vertex -13.8773 10.359 -1.90735e-07
    endloop
  endfacet
  facet normal 0 0 -1
    outer loop
      vertex -9.12313 10.0658 -1.90735e-07
      vertex -13.8773 10.359 -1.90735e-07
      vertex -14.1721 10.6738 -1.90735e-07
    endloop
  endfacet
  facet normal -0 0 -1
    outer loop
      vertex -8.09257 10.9116 -1.90735e-07
      vertex -14.1721 10.6738 -1.90735e-07
      vertex -14.5227 10.925 -1.90735e-07
    endloop
  endfacet
  facet normal 0 0 -1
    outer loop
      vertex -8.09257 10.9116 -1.90735e-07
      vertex -14.5227 10.925 -1.90735e-07
      vertex -16.7255 16.0187 -1.90735e-07
    endloop
  endfacet
  facet normal 0 0 -1
    outer loop
      vertex -16.7255 16.0187 -1.90735e-07
      vertex -14.5227 10.925 -1.90735e-07
      vertex -14.9155 11.103 -1.90735e-07
    endloop
  endfacet
  facet normal 0 0 -1
    outer loop
      vertex -16.7255 16.0187 -1.90735e-07
      vertex -14.9155 11.103 -1.90735e-07
      vertex -15.3355 11.2009 -1.90735e-07
    endloop
  endfacet
  facet normal 0 0 -1
    outer loop
      vertex -16.7255 16.0187 -1.90735e-07
      vertex -15.3355 11.2009 -1.90735e-07
      vertex -15.7666 11.215 -1.90735e-07
    endloop
  endfacet
  facet normal 0 0 -1
    outer loop
      vertex -16.7255 16.0187 -1.90735e-07
      vertex -15.7666 11.215 -1.90735e-07
      vertex -16.1921 11.1448 -1.90735e-07
    endloop
  endfacet
  facet normal 0 0 -1
    outer loop
      vertex -16.7255 16.0187 -1.90735e-07
      vertex -16.1921 11.1448 -1.90735e-07
      vertex -16.5957 10.9929 -1.90735e-07
    endloop
  endfacet
  facet normal 0 0 -1
    outer loop
      vertex -6.98409 11.6522 -1.90735e-07
      vertex -16.7255 16.0187 -1.90735e-07
      vertex -12.9869 22.494 -1.90735e-07
    endloop
  endfacet
  facet normal 0 0 -1
    outer loop
      vertex -16.962 10.7651 -1.90735e-07
      vertex -16.7255 16.0187 -1.90735e-07
      vertex -16.5957 10.9929 -1.90735e-07
    endloop
  endfacet
  facet normal 0 0 -1
    outer loop
      vertex -17.2767 10.4703 -1.90735e-07
      vertex -16.7255 16.0187 -1.90735e-07
      vertex -16.962 10.7651 -1.90735e-07
    endloop
  endfacet
  facet normal 0 0 -1
    outer loop
      vertex -17.5279 10.1198 -1.90735e-07
      vertex -16.7255 16.0187 -1.90735e-07
      vertex -17.2767 10.4703 -1.90735e-07
    endloop
  endfacet
  facet normal 0 0 -1
    outer loop
      vertex -17.7059 9.72693 -1.90735e-07
      vertex -16.7255 16.0187 -1.90735e-07
      vertex -17.5279 10.1198 -1.90735e-07
    endloop
  endfacet
  facet normal 0 0 -1
    outer loop
      vertex -25.9739 0 -1.90735e-07
      vertex -17.7059 9.72693 -1.90735e-07
      vertex -17.8039 9.30692 -1.90735e-07
    endloop
  endfacet
  facet normal -0 0 -1
    outer loop
      vertex -17.7477 8.45036 -1.90735e-07
      vertex -25.9739 0 -1.90735e-07
      vertex -17.818 8.87587 -1.90735e-07
    endloop
  endfacet
  facet normal -0 0 -1
    outer loop
      vertex -17.818 8.87587 -1.90735e-07
      vertex -25.9739 0 -1.90735e-07
      vertex -17.8039 9.30692 -1.90735e-07
    endloop
  endfacet
  facet normal -0 0 -1
    outer loop
      vertex -17.7059 9.72693 -1.90735e-07
      vertex -25.9739 0 -1.90735e-07
      vertex -16.7255 16.0187 -1.90735e-07
    endloop
  endfacet
  facet normal 0 0 -1
    outer loop
      vertex 13 3.94352 -1.90735e-07
      vertex 15.4788 6.82447 -1.90735e-07
      vertex 13.1779 3.30089 -1.90735e-07
    endloop
  endfacet
  facet normal -0 0 -1
    outer loop
      vertex 15.4788 6.82447 -1.90735e-07
      vertex 13 3.94352 -1.90735e-07
      vertex 15.0533 6.89472 -1.90735e-07
    endloop
  endfacet
  facet normal 0 0 -1
    outer loop
      vertex 12.7909 4.57665 -1.90735e-07
      vertex 15.0533 6.89472 -1.90735e-07
      vertex 13 3.94352 -1.90735e-07
    endloop
  endfacet
  facet normal -0 0 -1
    outer loop
      vertex 15.0533 6.89472 -1.90735e-07
      vertex 12.7909 4.57665 -1.90735e-07
      vertex 14.6496 7.04664 -1.90735e-07
    endloop
  endfacet
  facet normal 0 0 -1
    outer loop
      vertex 12.5509 5.19875 -1.90735e-07
      vertex 14.6496 7.04664 -1.90735e-07
      vertex 12.7909 4.57665 -1.90735e-07
    endloop
  endfacet
  facet normal -0 0 -1
    outer loop
      vertex 14.6496 7.04664 -1.90735e-07
      vertex 12.5509 5.19875 -1.90735e-07
      vertex 14.2834 7.27438 -1.90735e-07
    endloop
  endfacet
  facet normal 0 0 -1
    outer loop
      vertex 12.2807 5.80834 -1.90735e-07
      vertex 14.2834 7.27438 -1.90735e-07
      vertex 12.5509 5.19875 -1.90735e-07
    endloop
  endfacet
  facet normal -0.528101 -0.849181 0
    outer loop
      vertex 16.5957 10.9929 -1.90735e-07
      vertex 16.962 10.7651 6.5
      vertex 16.5957 10.9929 6.5
    endloop
  endfacet
  facet normal -0.528101 -0.849181 -0
    outer loop
      vertex 16.962 10.7651 6.5
      vertex 16.5957 10.9929 -1.90735e-07
      vertex 16.962 10.7651 -1.90735e-07
    endloop
  endfacet
  facet normal -0.683656 -0.729805 0
    outer loop
      vertex 16.962 10.7651 -1.90735e-07
      vertex 17.2767 10.4703 6.5
      vertex 16.962 10.7651 6.5
    endloop
  endfacet
  facet normal -0.683656 -0.729805 -0
    outer loop
      vertex 17.2767 10.4703 6.5
      vertex 16.962 10.7651 -1.90735e-07
      vertex 17.2767 10.4703 -1.90735e-07
    endloop
  endfacet
  facet normal -0.812808 -0.582532 0
    outer loop
      vertex 17.5279 10.1198 -1.90735e-07
      vertex 17.2767 10.4703 6.5
      vertex 17.2767 10.4703 -1.90735e-07
    endloop
  endfacet
  facet normal -0.812808 -0.582532 0
    outer loop
      vertex 17.2767 10.4703 6.5
      vertex 17.5279 10.1198 -1.90735e-07
      vertex 17.5279 10.1198 6.5
    endloop
  endfacet
  facet normal -0.91087 -0.412693 0
    outer loop
      vertex 17.7059 9.72693 -1.90735e-07
      vertex 17.5279 10.1198 6.5
      vertex 17.5279 10.1198 -1.90735e-07
    endloop
  endfacet
  facet normal -0.91087 -0.412693 0
    outer loop
      vertex 17.5279 10.1198 6.5
      vertex 17.7059 9.72693 -1.90735e-07
      vertex 17.7059 9.72693 6.5
    endloop
  endfacet
  facet normal -0.729765 0.683698 0
    outer loop
      vertex 17.0732 7.36571 -1.90735e-07
      vertex 17.3681 7.68048 6.5
      vertex 17.3681 7.68048 -1.90735e-07
    endloop
  endfacet
  facet normal -0.729765 0.683698 0
    outer loop
      vertex 17.3681 7.68048 6.5
      vertex 17.0732 7.36571 -1.90735e-07
      vertex 17.0732 7.36571 6.5
    endloop
  endfacet
  facet normal 0.0326895 -0.999466 0
    outer loop
      vertex 15.3355 11.2009 -1.90735e-07
      vertex 15.7666 11.215 6.5
      vertex 15.3355 11.2009 6.5
    endloop
  endfacet
  facet normal 0.0326895 -0.999466 0
    outer loop
      vertex 15.7666 11.215 6.5
      vertex 15.3355 11.2009 -1.90735e-07
      vertex 15.7666 11.215 -1.90735e-07
    endloop
  endfacet
  facet normal 0.935841 -0.352421 0
    outer loop
      vertex 13.4976 9.58916 6.5
      vertex 13.6496 9.99279 -1.90735e-07
      vertex 13.6496 9.99279 6.5
    endloop
  endfacet
  facet normal 0.935841 -0.352421 0
    outer loop
      vertex 13.6496 9.99279 -1.90735e-07
      vertex 13.4976 9.58916 6.5
      vertex 13.4976 9.58916 -1.90735e-07
    endloop
  endfacet
  facet normal 0.412754 -0.910842 0
    outer loop
      vertex 14.5227 10.925 -1.90735e-07
      vertex 14.9155 11.103 6.5
      vertex 14.5227 10.925 6.5
    endloop
  endfacet
  facet normal 0.412754 -0.910842 0
    outer loop
      vertex 14.9155 11.103 6.5
      vertex 14.5227 10.925 -1.90735e-07
      vertex 14.9155 11.103 -1.90735e-07
    endloop
  endfacet
  facet normal 0.582422 -0.812887 0
    outer loop
      vertex 14.1721 10.6738 -1.90735e-07
      vertex 14.5227 10.925 6.5
      vertex 14.1721 10.6738 6.5
    endloop
  endfacet
  facet normal 0.582422 -0.812887 0
    outer loop
      vertex 14.5227 10.925 6.5
      vertex 14.1721 10.6738 -1.90735e-07
      vertex 14.5227 10.925 -1.90735e-07
    endloop
  endfacet
  facet normal -0.973842 -0.227224 0
    outer loop
      vertex 17.8039 9.30692 -1.90735e-07
      vertex 17.7059 9.72693 6.5
      vertex 17.7059 9.72693 -1.90735e-07
    endloop
  endfacet
  facet normal -0.973842 -0.227224 0
    outer loop
      vertex 17.7059 9.72693 6.5
      vertex 17.8039 9.30692 -1.90735e-07
      vertex 17.8039 9.30692 6.5
    endloop
  endfacet
  facet normal 0.910854 0.412728 0
    outer loop
      vertex 13.7174 7.91976 6.5
      vertex 13.5394 8.31259 -1.90735e-07
      vertex 13.5394 8.31259 6.5
    endloop
  endfacet
  facet normal 0.910854 0.412728 0
    outer loop
      vertex 13.5394 8.31259 -1.90735e-07
      vertex 13.7174 7.91976 6.5
      vertex 13.7174 7.91976 -1.90735e-07
    endloop
  endfacet
  facet normal -0.227076 0.973877 0
    outer loop
      vertex 16.3298 6.93651 -1.90735e-07
      vertex 15.9098 6.83858 6.5
      vertex 16.3298 6.93651 6.5
    endloop
  endfacet
  facet normal -0.227076 0.973877 0
    outer loop
      vertex 15.9098 6.83858 6.5
      vertex 16.3298 6.93651 -1.90735e-07
      vertex 15.9098 6.83858 -1.90735e-07
    endloop
  endfacet
  facet normal 0.162895 0.986643 -0
    outer loop
      vertex 15.4788 6.82447 -1.90735e-07
      vertex 15.0533 6.89472 6.5
      vertex 15.4788 6.82447 6.5
    endloop
  endfacet
  facet normal 0.162895 0.986643 0
    outer loop
      vertex 15.0533 6.89472 6.5
      vertex 15.4788 6.82447 -1.90735e-07
      vertex 15.0533 6.89472 -1.90735e-07
    endloop
  endfacet
  facet normal 0.973894 0.227005 0
    outer loop
      vertex 13.5394 8.31259 6.5
      vertex 13.4415 8.7326 -1.90735e-07
      vertex 13.4415 8.7326 6.5
    endloop
  endfacet
  facet normal 0.973894 0.227005 0
    outer loop
      vertex 13.4415 8.7326 -1.90735e-07
      vertex 13.5394 8.31259 6.5
      vertex 13.5394 8.31259 -1.90735e-07
    endloop
  endfacet
  facet normal 0.22701 -0.973892 0
    outer loop
      vertex 14.9155 11.103 -1.90735e-07
      vertex 15.3355 11.2009 6.5
      vertex 14.9155 11.103 6.5
    endloop
  endfacet
  facet normal 0.22701 -0.973892 0
    outer loop
      vertex 15.3355 11.2009 6.5
      vertex 14.9155 11.103 -1.90735e-07
      vertex 15.3355 11.2009 -1.90735e-07
    endloop
  endfacet
  facet normal 0.729913 -0.68354 0
    outer loop
      vertex 13.8773 10.359 6.5
      vertex 14.1721 10.6738 -1.90735e-07
      vertex 14.1721 10.6738 6.5
    endloop
  endfacet
  facet normal 0.729913 -0.68354 0
    outer loop
      vertex 14.1721 10.6738 -1.90735e-07
      vertex 13.8773 10.359 6.5
      vertex 13.8773 10.359 -1.90735e-07
    endloop
  endfacet
  facet normal 0.812855 0.582466 0
    outer loop
      vertex 13.9686 7.5692 6.5
      vertex 13.7174 7.91976 -1.90735e-07
      vertex 13.7174 7.91976 6.5
    endloop
  endfacet
  facet normal 0.812855 0.582466 0
    outer loop
      vertex 13.7174 7.91976 -1.90735e-07
      vertex 13.9686 7.5692 6.5
      vertex 13.9686 7.5692 -1.90735e-07
    endloop
  endfacet
  facet normal 0.849227 -0.528028 0
    outer loop
      vertex 13.6496 9.99279 6.5
      vertex 13.8773 10.359 -1.90735e-07
      vertex 13.8773 10.359 6.5
    endloop
  endfacet
  facet normal 0.849227 -0.528028 0
    outer loop
      vertex 13.8773 10.359 -1.90735e-07
      vertex 13.6496 9.99279 6.5
      vertex 13.6496 9.99279 -1.90735e-07
    endloop
  endfacet
  facet normal -0.849247 0.527997 0
    outer loop
      vertex 17.3681 7.68048 -1.90735e-07
      vertex 17.5958 8.04672 6.5
      vertex 17.5958 8.04672 -1.90735e-07
    endloop
  endfacet
  facet normal -0.849247 0.527997 0
    outer loop
      vertex 17.5958 8.04672 6.5
      vertex 17.3681 7.68048 -1.90735e-07
      vertex 17.3681 7.68048 6.5
    endloop
  endfacet
  facet normal -0.999465 -0.0326933 0
    outer loop
      vertex 17.818 8.87587 -1.90735e-07
      vertex 17.8039 9.30692 6.5
      vertex 17.8039 9.30692 -1.90735e-07
    endloop
  endfacet
  facet normal -0.999465 -0.0326933 0
    outer loop
      vertex 17.8039 9.30692 6.5
      vertex 17.818 8.87587 -1.90735e-07
      vertex 17.818 8.87587 6.5
    endloop
  endfacet
  facet normal -0.412648 0.910891 0
    outer loop
      vertex 16.7227 7.1145 -1.90735e-07
      vertex 16.3298 6.93651 6.5
      vertex 16.7227 7.1145 6.5
    endloop
  endfacet
  facet normal -0.412648 0.910891 0
    outer loop
      vertex 16.3298 6.93651 6.5
      vertex 16.7227 7.1145 -1.90735e-07
      vertex 16.3298 6.93651 -1.90735e-07
    endloop
  endfacet
  facet normal 0.683565 0.72989 -0
    outer loop
      vertex 14.2834 7.27438 -1.90735e-07
      vertex 13.9686 7.5692 6.5
      vertex 14.2834 7.27438 6.5
    endloop
  endfacet
  facet normal 0.683565 0.72989 0
    outer loop
      vertex 13.9686 7.5692 6.5
      vertex 14.2834 7.27438 -1.90735e-07
      vertex 13.9686 7.5692 -1.90735e-07
    endloop
  endfacet
  facet normal -0.162782 -0.986662 0
    outer loop
      vertex 15.7666 11.215 -1.90735e-07
      vertex 16.1921 11.1448 6.5
      vertex 15.7666 11.215 6.5
    endloop
  endfacet
  facet normal -0.162782 -0.986662 -0
    outer loop
      vertex 16.1921 11.1448 6.5
      vertex 15.7666 11.215 -1.90735e-07
      vertex 16.1921 11.1448 -1.90735e-07
    endloop
  endfacet
  facet normal -0.352241 -0.935909 0
    outer loop
      vertex 16.1921 11.1448 -1.90735e-07
      vertex 16.5957 10.9929 6.5
      vertex 16.1921 11.1448 6.5
    endloop
  endfacet
  facet normal -0.352241 -0.935909 -0
    outer loop
      vertex 16.5957 10.9929 6.5
      vertex 16.1921 11.1448 -1.90735e-07
      vertex 16.5957 10.9929 -1.90735e-07
    endloop
  endfacet
  facet normal -0.935921 0.352211 0
    outer loop
      vertex 17.5958 8.04672 -1.90735e-07
      vertex 17.7477 8.45036 6.5
      vertex 17.7477 8.45036 -1.90735e-07
    endloop
  endfacet
  facet normal -0.935921 0.352211 0
    outer loop
      vertex 17.7477 8.45036 6.5
      vertex 17.5958 8.04672 -1.90735e-07
      vertex 17.5958 8.04672 6.5
    endloop
  endfacet
  facet normal 0.999465 0.0326933 0
    outer loop
      vertex 13.4415 8.7326 6.5
      vertex 13.4274 9.16365 -1.90735e-07
      vertex 13.4274 9.16365 6.5
    endloop
  endfacet
  facet normal 0.999465 0.0326933 0
    outer loop
      vertex 13.4274 9.16365 -1.90735e-07
      vertex 13.4415 8.7326 6.5
      vertex 13.4415 8.7326 -1.90735e-07
    endloop
  endfacet
  facet normal -0.986625 0.163004 0
    outer loop
      vertex 17.7477 8.45036 -1.90735e-07
      vertex 17.818 8.87587 6.5
      vertex 17.818 8.87587 -1.90735e-07
    endloop
  endfacet
  facet normal -0.986625 0.163004 0
    outer loop
      vertex 17.818 8.87587 6.5
      vertex 17.7477 8.45036 -1.90735e-07
      vertex 17.7477 8.45036 6.5
    endloop
  endfacet
  facet normal 0.986663 -0.162778 0
    outer loop
      vertex 13.4274 9.16365 6.5
      vertex 13.4976 9.58916 -1.90735e-07
      vertex 13.4976 9.58916 6.5
    endloop
  endfacet
  facet normal 0.986663 -0.162778 0
    outer loop
      vertex 13.4976 9.58916 -1.90735e-07
      vertex 13.4274 9.16365 6.5
      vertex 13.4274 9.16365 -1.90735e-07
    endloop
  endfacet
  facet normal -0.582547 0.812797 0
    outer loop
      vertex 17.0732 7.36571 -1.90735e-07
      vertex 16.7227 7.1145 6.5
      vertex 17.0732 7.36571 6.5
    endloop
  endfacet
  facet normal -0.582547 0.812797 0
    outer loop
      vertex 16.7227 7.1145 6.5
      vertex 17.0732 7.36571 -1.90735e-07
      vertex 16.7227 7.1145 -1.90735e-07
    endloop
  endfacet
  facet normal 0.528105 0.849179 -0
    outer loop
      vertex 14.6496 7.04664 -1.90735e-07
      vertex 14.2834 7.27438 6.5
      vertex 14.6496 7.04664 6.5
    endloop
  endfacet
  facet normal 0.528105 0.849179 0
    outer loop
      vertex 14.2834 7.27438 6.5
      vertex 14.6496 7.04664 -1.90735e-07
      vertex 14.2834 7.27438 -1.90735e-07
    endloop
  endfacet
  facet normal 0.352206 0.935923 -0
    outer loop
      vertex 15.0533 6.89472 -1.90735e-07
      vertex 14.6496 7.04664 6.5
      vertex 15.0533 6.89472 6.5
    endloop
  endfacet
  facet normal 0.352206 0.935923 0
    outer loop
      vertex 14.6496 7.04664 6.5
      vertex 15.0533 6.89472 -1.90735e-07
      vertex 14.6496 7.04664 -1.90735e-07
    endloop
  endfacet
  facet normal -0.0327203 0.999465 0
    outer loop
      vertex 15.9098 6.83858 -1.90735e-07
      vertex 15.4788 6.82447 6.5
      vertex 15.9098 6.83858 6.5
    endloop
  endfacet
  facet normal -0.0327203 0.999465 0
    outer loop
      vertex 15.4788 6.82447 6.5
      vertex 15.9098 6.83858 -1.90735e-07
      vertex 15.4788 6.82447 -1.90735e-07
    endloop
  endfacet
  facet normal 0 0 -1
    outer loop
      vertex 17.7477 8.45036 6.5
      vertex 17.8039 9.30692 6.5
      vertex 17.818 8.87587 6.5
    endloop
  endfacet
  facet normal 0 0 -1
    outer loop
      vertex 17.7477 8.45036 6.5
      vertex 17.7059 9.72693 6.5
      vertex 17.8039 9.30692 6.5
    endloop
  endfacet
  facet normal 0 0 -1
    outer loop
      vertex 17.5958 8.04672 6.5
      vertex 17.7059 9.72693 6.5
      vertex 17.7477 8.45036 6.5
    endloop
  endfacet
  facet normal 0 0 -1
    outer loop
      vertex 17.5958 8.04672 6.5
      vertex 17.5279 10.1198 6.5
      vertex 17.7059 9.72693 6.5
    endloop
  endfacet
  facet normal 0 0 -1
    outer loop
      vertex 17.3681 7.68048 6.5
      vertex 17.5279 10.1198 6.5
      vertex 17.5958 8.04672 6.5
    endloop
  endfacet
  facet normal 0 0 -1
    outer loop
      vertex 17.3681 7.68048 6.5
      vertex 17.2767 10.4703 6.5
      vertex 17.5279 10.1198 6.5
    endloop
  endfacet
  facet normal 0 0 -1
    outer loop
      vertex 17.0732 7.36571 6.5
      vertex 17.2767 10.4703 6.5
      vertex 17.3681 7.68048 6.5
    endloop
  endfacet
  facet normal 0 0 -1
    outer loop
      vertex 17.0732 7.36571 6.5
      vertex 16.962 10.7651 6.5
      vertex 17.2767 10.4703 6.5
    endloop
  endfacet
  facet normal 0 0 -1
    outer loop
      vertex 16.7227 7.1145 6.5
      vertex 16.962 10.7651 6.5
      vertex 17.0732 7.36571 6.5
    endloop
  endfacet
  facet normal 0 0 -1
    outer loop
      vertex 16.7227 7.1145 6.5
      vertex 16.5957 10.9929 6.5
      vertex 16.962 10.7651 6.5
    endloop
  endfacet
  facet normal 0 0 -1
    outer loop
      vertex 16.3298 6.93651 6.5
      vertex 16.5957 10.9929 6.5
      vertex 16.7227 7.1145 6.5
    endloop
  endfacet
  facet normal 0 0 -1
    outer loop
      vertex 16.3298 6.93651 6.5
      vertex 16.1921 11.1448 6.5
      vertex 16.5957 10.9929 6.5
    endloop
  endfacet
  facet normal 0 0 -1
    outer loop
      vertex 15.9098 6.83858 6.5
      vertex 16.1921 11.1448 6.5
      vertex 16.3298 6.93651 6.5
    endloop
  endfacet
  facet normal 0 0 -1
    outer loop
      vertex 15.9098 6.83858 6.5
      vertex 15.7666 11.215 6.5
      vertex 16.1921 11.1448 6.5
    endloop
  endfacet
  facet normal 0 0 -1
    outer loop
      vertex 15.4788 6.82447 6.5
      vertex 15.7666 11.215 6.5
      vertex 15.9098 6.83858 6.5
    endloop
  endfacet
  facet normal 0 0 -1
    outer loop
      vertex 15.4788 6.82447 6.5
      vertex 15.3355 11.2009 6.5
      vertex 15.7666 11.215 6.5
    endloop
  endfacet
  facet normal 0 0 -1
    outer loop
      vertex 15.0533 6.89472 6.5
      vertex 15.3355 11.2009 6.5
      vertex 15.4788 6.82447 6.5
    endloop
  endfacet
  facet normal 0 0 -1
    outer loop
      vertex 15.0533 6.89472 6.5
      vertex 14.9155 11.103 6.5
      vertex 15.3355 11.2009 6.5
    endloop
  endfacet
  facet normal 0 0 -1
    outer loop
      vertex 14.6496 7.04664 6.5
      vertex 14.9155 11.103 6.5
      vertex 15.0533 6.89472 6.5
    endloop
  endfacet
  facet normal 0 0 -1
    outer loop
      vertex 14.6496 7.04664 6.5
      vertex 14.5227 10.925 6.5
      vertex 14.9155 11.103 6.5
    endloop
  endfacet
  facet normal 0 0 -1
    outer loop
      vertex 14.2834 7.27438 6.5
      vertex 14.5227 10.925 6.5
      vertex 14.6496 7.04664 6.5
    endloop
  endfacet
  facet normal 0 0 -1
    outer loop
      vertex 14.2834 7.27438 6.5
      vertex 14.1721 10.6738 6.5
      vertex 14.5227 10.925 6.5
    endloop
  endfacet
  facet normal 0 0 -1
    outer loop
      vertex 13.9686 7.5692 6.5
      vertex 14.1721 10.6738 6.5
      vertex 14.2834 7.27438 6.5
    endloop
  endfacet
  facet normal 0 0 -1
    outer loop
      vertex 13.9686 7.5692 6.5
      vertex 13.8773 10.359 6.5
      vertex 14.1721 10.6738 6.5
    endloop
  endfacet
  facet normal 0 0 -1
    outer loop
      vertex 13.7174 7.91976 6.5
      vertex 13.8773 10.359 6.5
      vertex 13.9686 7.5692 6.5
    endloop
  endfacet
  facet normal 0 0 -1
    outer loop
      vertex 13.7174 7.91976 6.5
      vertex 13.6496 9.99279 6.5
      vertex 13.8773 10.359 6.5
    endloop
  endfacet
  facet normal 0 0 -1
    outer loop
      vertex 13.5394 8.31259 6.5
      vertex 13.6496 9.99279 6.5
      vertex 13.7174 7.91976 6.5
    endloop
  endfacet
  facet normal 0 0 -1
    outer loop
      vertex 13.5394 8.31259 6.5
      vertex 13.4976 9.58916 6.5
      vertex 13.6496 9.99279 6.5
    endloop
  endfacet
  facet normal 0 0 -1
    outer loop
      vertex 13.4415 8.7326 6.5
      vertex 13.4976 9.58916 6.5
      vertex 13.5394 8.31259 6.5
    endloop
  endfacet
  facet normal 0 0 -1
    outer loop
      vertex 13.4976 9.58916 6.5
      vertex 13.4415 8.7326 6.5
      vertex 13.4274 9.16365 6.5
    endloop
  endfacet
  facet normal -0.412754 -0.910842 0
    outer loop
      vertex -14.9155 11.103 -1.90735e-07
      vertex -14.5227 10.925 6.5
      vertex -14.9155 11.103 6.5
    endloop
  endfacet
  facet normal -0.412754 -0.910842 -0
    outer loop
      vertex -14.5227 10.925 6.5
      vertex -14.9155 11.103 -1.90735e-07
      vertex -14.5227 10.925 -1.90735e-07
    endloop
  endfacet
  facet normal 0.973842 -0.227224 0
    outer loop
      vertex -17.8039 9.30692 6.5
      vertex -17.7059 9.72693 -1.90735e-07
      vertex -17.7059 9.72693 6.5
    endloop
  endfacet
  facet normal 0.973842 -0.227224 0
    outer loop
      vertex -17.7059 9.72693 -1.90735e-07
      vertex -17.8039 9.30692 6.5
      vertex -17.8039 9.30692 -1.90735e-07
    endloop
  endfacet
  facet normal 0.91087 -0.412693 0
    outer loop
      vertex -17.7059 9.72693 6.5
      vertex -17.5279 10.1198 -1.90735e-07
      vertex -17.5279 10.1198 6.5
    endloop
  endfacet
  facet normal 0.91087 -0.412693 0
    outer loop
      vertex -17.5279 10.1198 -1.90735e-07
      vertex -17.7059 9.72693 6.5
      vertex -17.7059 9.72693 -1.90735e-07
    endloop
  endfacet
  facet normal 0.999465 -0.0326933 0
    outer loop
      vertex -17.818 8.87587 6.5
      vertex -17.8039 9.30692 -1.90735e-07
      vertex -17.8039 9.30692 6.5
    endloop
  endfacet
  facet normal 0.999465 -0.0326933 0
    outer loop
      vertex -17.8039 9.30692 -1.90735e-07
      vertex -17.818 8.87587 6.5
      vertex -17.818 8.87587 -1.90735e-07
    endloop
  endfacet
  facet normal -0.162895 0.986643 0
    outer loop
      vertex -15.0533 6.89472 -1.90735e-07
      vertex -15.4788 6.82447 6.5
      vertex -15.0533 6.89472 6.5
    endloop
  endfacet
  facet normal -0.162895 0.986643 0
    outer loop
      vertex -15.4788 6.82447 6.5
      vertex -15.0533 6.89472 -1.90735e-07
      vertex -15.4788 6.82447 -1.90735e-07
    endloop
  endfacet
  facet normal -0.973894 0.227005 0
    outer loop
      vertex -13.5394 8.31259 -1.90735e-07
      vertex -13.4415 8.7326 6.5
      vertex -13.4415 8.7326 -1.90735e-07
    endloop
  endfacet
  facet normal -0.973894 0.227005 0
    outer loop
      vertex -13.4415 8.7326 6.5
      vertex -13.5394 8.31259 -1.90735e-07
      vertex -13.5394 8.31259 6.5
    endloop
  endfacet
  facet normal -0.0326895 -0.999466 0
    outer loop
      vertex -15.7666 11.215 -1.90735e-07
      vertex -15.3355 11.2009 6.5
      vertex -15.7666 11.215 6.5
    endloop
  endfacet
  facet normal -0.0326895 -0.999466 -0
    outer loop
      vertex -15.3355 11.2009 6.5
      vertex -15.7666 11.215 -1.90735e-07
      vertex -15.3355 11.2009 -1.90735e-07
    endloop
  endfacet
  facet normal 0.986625 0.163004 0
    outer loop
      vertex -17.7477 8.45036 6.5
      vertex -17.818 8.87587 -1.90735e-07
      vertex -17.818 8.87587 6.5
    endloop
  endfacet
  facet normal 0.986625 0.163004 0
    outer loop
      vertex -17.818 8.87587 -1.90735e-07
      vertex -17.7477 8.45036 6.5
      vertex -17.7477 8.45036 -1.90735e-07
    endloop
  endfacet
  facet normal 0.729765 0.683698 0
    outer loop
      vertex -17.0732 7.36571 6.5
      vertex -17.3681 7.68048 -1.90735e-07
      vertex -17.3681 7.68048 6.5
    endloop
  endfacet
  facet normal 0.729765 0.683698 0
    outer loop
      vertex -17.3681 7.68048 -1.90735e-07
      vertex -17.0732 7.36571 6.5
      vertex -17.0732 7.36571 -1.90735e-07
    endloop
  endfacet
  facet normal 0.528101 -0.849181 0
    outer loop
      vertex -16.962 10.7651 -1.90735e-07
      vertex -16.5957 10.9929 6.5
      vertex -16.962 10.7651 6.5
    endloop
  endfacet
  facet normal 0.528101 -0.849181 0
    outer loop
      vertex -16.5957 10.9929 6.5
      vertex -16.962 10.7651 -1.90735e-07
      vertex -16.5957 10.9929 -1.90735e-07
    endloop
  endfacet
  facet normal 0.935921 0.352211 0
    outer loop
      vertex -17.5958 8.04672 6.5
      vertex -17.7477 8.45036 -1.90735e-07
      vertex -17.7477 8.45036 6.5
    endloop
  endfacet
  facet normal 0.935921 0.352211 0
    outer loop
      vertex -17.7477 8.45036 -1.90735e-07
      vertex -17.5958 8.04672 6.5
      vertex -17.5958 8.04672 -1.90735e-07
    endloop
  endfacet
  facet normal -0.999465 0.0326933 0
    outer loop
      vertex -13.4415 8.7326 -1.90735e-07
      vertex -13.4274 9.16365 6.5
      vertex -13.4274 9.16365 -1.90735e-07
    endloop
  endfacet
  facet normal -0.999465 0.0326933 0
    outer loop
      vertex -13.4274 9.16365 6.5
      vertex -13.4415 8.7326 -1.90735e-07
      vertex -13.4415 8.7326 6.5
    endloop
  endfacet
  facet normal 0.582547 0.812797 -0
    outer loop
      vertex -16.7227 7.1145 -1.90735e-07
      vertex -17.0732 7.36571 6.5
      vertex -16.7227 7.1145 6.5
    endloop
  endfacet
  facet normal 0.582547 0.812797 0
    outer loop
      vertex -17.0732 7.36571 6.5
      vertex -16.7227 7.1145 -1.90735e-07
      vertex -17.0732 7.36571 -1.90735e-07
    endloop
  endfacet
  facet normal -0.22701 -0.973892 0
    outer loop
      vertex -15.3355 11.2009 -1.90735e-07
      vertex -14.9155 11.103 6.5
      vertex -15.3355 11.2009 6.5
    endloop
  endfacet
  facet normal -0.22701 -0.973892 -0
    outer loop
      vertex -14.9155 11.103 6.5
      vertex -15.3355 11.2009 -1.90735e-07
      vertex -14.9155 11.103 -1.90735e-07
    endloop
  endfacet
  facet normal -0.683565 0.72989 0
    outer loop
      vertex -13.9686 7.5692 -1.90735e-07
      vertex -14.2834 7.27438 6.5
      vertex -13.9686 7.5692 6.5
    endloop
  endfacet
  facet normal -0.683565 0.72989 0
    outer loop
      vertex -14.2834 7.27438 6.5
      vertex -13.9686 7.5692 -1.90735e-07
      vertex -14.2834 7.27438 -1.90735e-07
    endloop
  endfacet
  facet normal -0.812855 0.582466 0
    outer loop
      vertex -13.9686 7.5692 -1.90735e-07
      vertex -13.7174 7.91976 6.5
      vertex -13.7174 7.91976 -1.90735e-07
    endloop
  endfacet
  facet normal -0.812855 0.582466 0
    outer loop
      vertex -13.7174 7.91976 6.5
      vertex -13.9686 7.5692 -1.90735e-07
      vertex -13.9686 7.5692 6.5
    endloop
  endfacet
  facet normal 0.849247 0.527997 0
    outer loop
      vertex -17.3681 7.68048 6.5
      vertex -17.5958 8.04672 -1.90735e-07
      vertex -17.5958 8.04672 6.5
    endloop
  endfacet
  facet normal 0.849247 0.527997 0
    outer loop
      vertex -17.5958 8.04672 -1.90735e-07
      vertex -17.3681 7.68048 6.5
      vertex -17.3681 7.68048 -1.90735e-07
    endloop
  endfacet
  facet normal -0.849227 -0.528028 0
    outer loop
      vertex -13.6496 9.99279 -1.90735e-07
      vertex -13.8773 10.359 6.5
      vertex -13.8773 10.359 -1.90735e-07
    endloop
  endfacet
  facet normal -0.849227 -0.528028 0
    outer loop
      vertex -13.8773 10.359 6.5
      vertex -13.6496 9.99279 -1.90735e-07
      vertex -13.6496 9.99279 6.5
    endloop
  endfacet
  facet normal 0.352241 -0.935909 0
    outer loop
      vertex -16.5957 10.9929 -1.90735e-07
      vertex -16.1921 11.1448 6.5
      vertex -16.5957 10.9929 6.5
    endloop
  endfacet
  facet normal 0.352241 -0.935909 0
    outer loop
      vertex -16.1921 11.1448 6.5
      vertex -16.5957 10.9929 -1.90735e-07
      vertex -16.1921 11.1448 -1.90735e-07
    endloop
  endfacet
  facet normal 0.0327203 0.999465 -0
    outer loop
      vertex -15.4788 6.82447 -1.90735e-07
      vertex -15.9098 6.83858 6.5
      vertex -15.4788 6.82447 6.5
    endloop
  endfacet
  facet normal 0.0327203 0.999465 0
    outer loop
      vertex -15.9098 6.83858 6.5
      vertex -15.4788 6.82447 -1.90735e-07
      vertex -15.9098 6.83858 -1.90735e-07
    endloop
  endfacet
  facet normal -0.935841 -0.352421 0
    outer loop
      vertex -13.4976 9.58916 -1.90735e-07
      vertex -13.6496 9.99279 6.5
      vertex -13.6496 9.99279 -1.90735e-07
    endloop
  endfacet
  facet normal -0.935841 -0.352421 0
    outer loop
      vertex -13.6496 9.99279 6.5
      vertex -13.4976 9.58916 -1.90735e-07
      vertex -13.4976 9.58916 6.5
    endloop
  endfacet
  facet normal 0 0 -1
    outer loop
      vertex -13.4415 8.7326 6.5
      vertex -13.4976 9.58916 6.5
      vertex -13.4274 9.16365 6.5
    endloop
  endfacet
  facet normal 0 0 -1
    outer loop
      vertex -13.5394 8.31259 6.5
      vertex -13.4976 9.58916 6.5
      vertex -13.4415 8.7326 6.5
    endloop
  endfacet
  facet normal 0 0 -1
    outer loop
      vertex -13.5394 8.31259 6.5
      vertex -13.6496 9.99279 6.5
      vertex -13.4976 9.58916 6.5
    endloop
  endfacet
  facet normal 0 0 -1
    outer loop
      vertex -13.7174 7.91976 6.5
      vertex -13.6496 9.99279 6.5
      vertex -13.5394 8.31259 6.5
    endloop
  endfacet
  facet normal 0 0 -1
    outer loop
      vertex -13.7174 7.91976 6.5
      vertex -13.8773 10.359 6.5
      vertex -13.6496 9.99279 6.5
    endloop
  endfacet
  facet normal 0 0 -1
    outer loop
      vertex -13.9686 7.5692 6.5
      vertex -13.8773 10.359 6.5
      vertex -13.7174 7.91976 6.5
    endloop
  endfacet
  facet normal 0 0 -1
    outer loop
      vertex -13.9686 7.5692 6.5
      vertex -14.1721 10.6738 6.5
      vertex -13.8773 10.359 6.5
    endloop
  endfacet
  facet normal 0 0 -1
    outer loop
      vertex -14.2834 7.27438 6.5
      vertex -14.1721 10.6738 6.5
      vertex -13.9686 7.5692 6.5
    endloop
  endfacet
  facet normal 0 0 -1
    outer loop
      vertex -14.2834 7.27438 6.5
      vertex -14.5227 10.925 6.5
      vertex -14.1721 10.6738 6.5
    endloop
  endfacet
  facet normal 0 0 -1
    outer loop
      vertex -14.6496 7.04664 6.5
      vertex -14.5227 10.925 6.5
      vertex -14.2834 7.27438 6.5
    endloop
  endfacet
  facet normal 0 0 -1
    outer loop
      vertex -14.6496 7.04664 6.5
      vertex -14.9155 11.103 6.5
      vertex -14.5227 10.925 6.5
    endloop
  endfacet
  facet normal 0 0 -1
    outer loop
      vertex -15.0533 6.89472 6.5
      vertex -14.9155 11.103 6.5
      vertex -14.6496 7.04664 6.5
    endloop
  endfacet
  facet normal 0 0 -1
    outer loop
      vertex -15.0533 6.89472 6.5
      vertex -15.3355 11.2009 6.5
      vertex -14.9155 11.103 6.5
    endloop
  endfacet
  facet normal 0 0 -1
    outer loop
      vertex -15.4788 6.82447 6.5
      vertex -15.3355 11.2009 6.5
      vertex -15.0533 6.89472 6.5
    endloop
  endfacet
  facet normal 0 0 -1
    outer loop
      vertex -15.4788 6.82447 6.5
      vertex -15.7666 11.215 6.5
      vertex -15.3355 11.2009 6.5
    endloop
  endfacet
  facet normal 0 0 -1
    outer loop
      vertex -15.9098 6.83858 6.5
      vertex -15.7666 11.215 6.5
      vertex -15.4788 6.82447 6.5
    endloop
  endfacet
  facet normal 0 0 -1
    outer loop
      vertex -15.9098 6.83858 6.5
      vertex -16.1921 11.1448 6.5
      vertex -15.7666 11.215 6.5
    endloop
  endfacet
  facet normal 0 0 -1
    outer loop
      vertex -16.3298 6.93651 6.5
      vertex -16.1921 11.1448 6.5
      vertex -15.9098 6.83858 6.5
    endloop
  endfacet
  facet normal 0 0 -1
    outer loop
      vertex -16.3298 6.93651 6.5
      vertex -16.5957 10.9929 6.5
      vertex -16.1921 11.1448 6.5
    endloop
  endfacet
  facet normal 0 0 -1
    outer loop
      vertex -16.7227 7.1145 6.5
      vertex -16.5957 10.9929 6.5
      vertex -16.3298 6.93651 6.5
    endloop
  endfacet
  facet normal 0 0 -1
    outer loop
      vertex -16.7227 7.1145 6.5
      vertex -16.962 10.7651 6.5
      vertex -16.5957 10.9929 6.5
    endloop
  endfacet
  facet normal 0 0 -1
    outer loop
      vertex -17.0732 7.36571 6.5
      vertex -16.962 10.7651 6.5
      vertex -16.7227 7.1145 6.5
    endloop
  endfacet
  facet normal 0 0 -1
    outer loop
      vertex -17.0732 7.36571 6.5
      vertex -17.2767 10.4703 6.5
      vertex -16.962 10.7651 6.5
    endloop
  endfacet
  facet normal 0 0 -1
    outer loop
      vertex -17.3681 7.68048 6.5
      vertex -17.2767 10.4703 6.5
      vertex -17.0732 7.36571 6.5
    endloop
  endfacet
  facet normal 0 0 -1
    outer loop
      vertex -17.3681 7.68048 6.5
      vertex -17.5279 10.1198 6.5
      vertex -17.2767 10.4703 6.5
    endloop
  endfacet
  facet normal 0 0 -1
    outer loop
      vertex -17.5958 8.04672 6.5
      vertex -17.5279 10.1198 6.5
      vertex -17.3681 7.68048 6.5
    endloop
  endfacet
  facet normal 0 0 -1
    outer loop
      vertex -17.5958 8.04672 6.5
      vertex -17.7059 9.72693 6.5
      vertex -17.5279 10.1198 6.5
    endloop
  endfacet
  facet normal 0 0 -1
    outer loop
      vertex -17.7477 8.45036 6.5
      vertex -17.7059 9.72693 6.5
      vertex -17.5958 8.04672 6.5
    endloop
  endfacet
  facet normal 0 0 -1
    outer loop
      vertex -17.7477 8.45036 6.5
      vertex -17.8039 9.30692 6.5
      vertex -17.7059 9.72693 6.5
    endloop
  endfacet
  facet normal 0 -0 -1
    outer loop
      vertex -17.8039 9.30692 6.5
      vertex -17.7477 8.45036 6.5
      vertex -17.818 8.87587 6.5
    endloop
  endfacet
  facet normal 0.412648 0.910891 -0
    outer loop
      vertex -16.3298 6.93651 -1.90735e-07
      vertex -16.7227 7.1145 6.5
      vertex -16.3298 6.93651 6.5
    endloop
  endfacet
  facet normal 0.412648 0.910891 0
    outer loop
      vertex -16.7227 7.1145 6.5
      vertex -16.3298 6.93651 -1.90735e-07
      vertex -16.7227 7.1145 -1.90735e-07
    endloop
  endfacet
  facet normal 0.227076 0.973877 -0
    outer loop
      vertex -15.9098 6.83858 -1.90735e-07
      vertex -16.3298 6.93651 6.5
      vertex -15.9098 6.83858 6.5
    endloop
  endfacet
  facet normal 0.227076 0.973877 0
    outer loop
      vertex -16.3298 6.93651 6.5
      vertex -15.9098 6.83858 -1.90735e-07
      vertex -16.3298 6.93651 -1.90735e-07
    endloop
  endfacet
  facet normal 0.162782 -0.986662 0
    outer loop
      vertex -16.1921 11.1448 -1.90735e-07
      vertex -15.7666 11.215 6.5
      vertex -16.1921 11.1448 6.5
    endloop
  endfacet
  facet normal 0.162782 -0.986662 0
    outer loop
      vertex -15.7666 11.215 6.5
      vertex -16.1921 11.1448 -1.90735e-07
      vertex -15.7666 11.215 -1.90735e-07
    endloop
  endfacet
  facet normal -0.352206 0.935923 0
    outer loop
      vertex -14.6496 7.04664 -1.90735e-07
      vertex -15.0533 6.89472 6.5
      vertex -14.6496 7.04664 6.5
    endloop
  endfacet
  facet normal -0.352206 0.935923 0
    outer loop
      vertex -15.0533 6.89472 6.5
      vertex -14.6496 7.04664 -1.90735e-07
      vertex -15.0533 6.89472 -1.90735e-07
    endloop
  endfacet
  facet normal 0.683656 -0.729805 0
    outer loop
      vertex -17.2767 10.4703 -1.90735e-07
      vertex -16.962 10.7651 6.5
      vertex -17.2767 10.4703 6.5
    endloop
  endfacet
  facet normal 0.683656 -0.729805 0
    outer loop
      vertex -16.962 10.7651 6.5
      vertex -17.2767 10.4703 -1.90735e-07
      vertex -16.962 10.7651 -1.90735e-07
    endloop
  endfacet
  facet normal -0.528105 0.849179 0
    outer loop
      vertex -14.2834 7.27438 -1.90735e-07
      vertex -14.6496 7.04664 6.5
      vertex -14.2834 7.27438 6.5
    endloop
  endfacet
  facet normal -0.528105 0.849179 0
    outer loop
      vertex -14.6496 7.04664 6.5
      vertex -14.2834 7.27438 -1.90735e-07
      vertex -14.6496 7.04664 -1.90735e-07
    endloop
  endfacet
  facet normal -0.986663 -0.162778 0
    outer loop
      vertex -13.4274 9.16365 -1.90735e-07
      vertex -13.4976 9.58916 6.5
      vertex -13.4976 9.58916 -1.90735e-07
    endloop
  endfacet
  facet normal -0.986663 -0.162778 0
    outer loop
      vertex -13.4976 9.58916 6.5
      vertex -13.4274 9.16365 -1.90735e-07
      vertex -13.4274 9.16365 6.5
    endloop
  endfacet
  facet normal -0.729913 -0.68354 0
    outer loop
      vertex -13.8773 10.359 -1.90735e-07
      vertex -14.1721 10.6738 6.5
      vertex -14.1721 10.6738 -1.90735e-07
    endloop
  endfacet
  facet normal -0.729913 -0.68354 0
    outer loop
      vertex -14.1721 10.6738 6.5
      vertex -13.8773 10.359 -1.90735e-07
      vertex -13.8773 10.359 6.5
    endloop
  endfacet
  facet normal -0.910854 0.412728 0
    outer loop
      vertex -13.7174 7.91976 -1.90735e-07
      vertex -13.5394 8.31259 6.5
      vertex -13.5394 8.31259 -1.90735e-07
    endloop
  endfacet
  facet normal -0.910854 0.412728 0
    outer loop
      vertex -13.5394 8.31259 6.5
      vertex -13.7174 7.91976 -1.90735e-07
      vertex -13.7174 7.91976 6.5
    endloop
  endfacet
  facet normal 0.812808 -0.582532 0
    outer loop
      vertex -17.5279 10.1198 6.5
      vertex -17.2767 10.4703 -1.90735e-07
      vertex -17.2767 10.4703 6.5
    endloop
  endfacet
  facet normal 0.812808 -0.582532 0
    outer loop
      vertex -17.2767 10.4703 -1.90735e-07
      vertex -17.5279 10.1198 6.5
      vertex -17.5279 10.1198 -1.90735e-07
    endloop
  endfacet
  facet normal -0.582422 -0.812887 0
    outer loop
      vertex -14.5227 10.925 -1.90735e-07
      vertex -14.1721 10.6738 6.5
      vertex -14.5227 10.925 6.5
    endloop
  endfacet
  facet normal -0.582422 -0.812887 -0
    outer loop
      vertex -14.1721 10.6738 6.5
      vertex -14.5227 10.925 -1.90735e-07
      vertex -14.1721 10.6738 -1.90735e-07
    endloop
  endfacet
  facet normal -0.995185 0.0980114 0
    outer loop
      vertex 2.15773 -18.4687 -1.90735e-07
      vertex 2.2 -18.0395 6.5
      vertex 2.2 -18.0395 -1.90735e-07
    endloop
  endfacet
  facet normal -0.995185 0.0980114 0
    outer loop
      vertex 2.2 -18.0395 6.5
      vertex 2.15773 -18.4687 -1.90735e-07
      vertex 2.15773 -18.4687 6.5
    endloop
  endfacet
  facet normal 0.773027 0.634373 0
    outer loop
      vertex -1.55563 -19.5952 6.5
      vertex -1.82923 -19.2618 -1.90735e-07
      vertex -1.82923 -19.2618 6.5
    endloop
  endfacet
  facet normal 0.773027 0.634373 0
    outer loop
      vertex -1.82923 -19.2618 -1.90735e-07
      vertex -1.55563 -19.5952 6.5
      vertex -1.55563 -19.5952 -1.90735e-07
    endloop
  endfacet
  facet normal 0.956935 0.290303 0
    outer loop
      vertex -2.03253 -18.8814 6.5
      vertex -2.15773 -18.4687 -1.90735e-07
      vertex -2.15773 -18.4687 6.5
    endloop
  endfacet
  facet normal 0.956935 0.290303 0
    outer loop
      vertex -2.15773 -18.4687 -1.90735e-07
      vertex -2.03253 -18.8814 6.5
      vertex -2.03253 -18.8814 -1.90735e-07
    endloop
  endfacet
  facet normal 0 0 -1
    outer loop
      vertex 2.15773 -18.4687 6.5
      vertex 2.15773 -17.6103 6.5
      vertex 2.2 -18.0395 6.5
    endloop
  endfacet
  facet normal 0 0 -1
    outer loop
      vertex 2.03253 -18.8814 6.5
      vertex 2.15773 -17.6103 6.5
      vertex 2.15773 -18.4687 6.5
    endloop
  endfacet
  facet normal 0 0 -1
    outer loop
      vertex 2.03253 -18.8814 6.5
      vertex 2.03253 -17.1976 6.5
      vertex 2.15773 -17.6103 6.5
    endloop
  endfacet
  facet normal 0 0 -1
    outer loop
      vertex 1.82923 -19.2618 6.5
      vertex 2.03253 -17.1976 6.5
      vertex 2.03253 -18.8814 6.5
    endloop
  endfacet
  facet normal 0 0 -1
    outer loop
      vertex 1.82923 -19.2618 6.5
      vertex 1.82923 -16.8173 6.5
      vertex 2.03253 -17.1976 6.5
    endloop
  endfacet
  facet normal 0 0 -1
    outer loop
      vertex 1.55563 -19.5952 6.5
      vertex 1.82923 -16.8173 6.5
      vertex 1.82923 -19.2618 6.5
    endloop
  endfacet
  facet normal 0 0 -1
    outer loop
      vertex 1.55563 -19.5952 6.5
      vertex 1.55563 -16.4839 6.5
      vertex 1.82923 -16.8173 6.5
    endloop
  endfacet
  facet normal 0 0 -1
    outer loop
      vertex 1.22225 -19.8688 6.5
      vertex 1.55563 -16.4839 6.5
      vertex 1.55563 -19.5952 6.5
    endloop
  endfacet
  facet normal 0 0 -1
    outer loop
      vertex 1.22225 -19.8688 6.5
      vertex 1.22225 -16.2103 6.5
      vertex 1.55563 -16.4839 6.5
    endloop
  endfacet
  facet normal 0 0 -1
    outer loop
      vertex 0.841903 -20.0721 6.5
      vertex 1.22225 -16.2103 6.5
      vertex 1.22225 -19.8688 6.5
    endloop
  endfacet
  facet normal 0 0 -1
    outer loop
      vertex 0.841903 -20.0721 6.5
      vertex 0.841903 -16.007 6.5
      vertex 1.22225 -16.2103 6.5
    endloop
  endfacet
  facet normal 0 0 -1
    outer loop
      vertex 0.429198 -20.1972 6.5
      vertex 0.841903 -16.007 6.5
      vertex 0.841903 -20.0721 6.5
    endloop
  endfacet
  facet normal 0 0 -1
    outer loop
      vertex 0.429198 -20.1972 6.5
      vertex 0.429198 -15.8818 6.5
      vertex 0.841903 -16.007 6.5
    endloop
  endfacet
  facet normal 0 0 -1
    outer loop
      vertex 0 -20.2395 6.5
      vertex 0.429198 -15.8818 6.5
      vertex 0.429198 -20.1972 6.5
    endloop
  endfacet
  facet normal 0 0 -1
    outer loop
      vertex 0 -20.2395 6.5
      vertex 0 -15.8395 6.5
      vertex 0.429198 -15.8818 6.5
    endloop
  endfacet
  facet normal 0 0 -1
    outer loop
      vertex -0.429198 -20.1972 6.5
      vertex 0 -15.8395 6.5
      vertex 0 -20.2395 6.5
    endloop
  endfacet
  facet normal 0 0 -1
    outer loop
      vertex -0.429198 -20.1972 6.5
      vertex -0.429198 -15.8818 6.5
      vertex 0 -15.8395 6.5
    endloop
  endfacet
  facet normal 0 0 -1
    outer loop
      vertex -0.841903 -20.0721 6.5
      vertex -0.429198 -15.8818 6.5
      vertex -0.429198 -20.1972 6.5
    endloop
  endfacet
  facet normal 0 0 -1
    outer loop
      vertex -0.841903 -20.0721 6.5
      vertex -0.841903 -16.007 6.5
      vertex -0.429198 -15.8818 6.5
    endloop
  endfacet
  facet normal 0 0 -1
    outer loop
      vertex -1.22225 -19.8688 6.5
      vertex -0.841903 -16.007 6.5
      vertex -0.841903 -20.0721 6.5
    endloop
  endfacet
  facet normal 0 0 -1
    outer loop
      vertex -1.22225 -19.8688 6.5
      vertex -1.22225 -16.2103 6.5
      vertex -0.841903 -16.007 6.5
    endloop
  endfacet
  facet normal 0 0 -1
    outer loop
      vertex -1.55563 -19.5952 6.5
      vertex -1.22225 -16.2103 6.5
      vertex -1.22225 -19.8688 6.5
    endloop
  endfacet
  facet normal 0 0 -1
    outer loop
      vertex -1.55563 -19.5952 6.5
      vertex -1.55563 -16.4839 6.5
      vertex -1.22225 -16.2103 6.5
    endloop
  endfacet
  facet normal 0 0 -1
    outer loop
      vertex -1.82923 -19.2618 6.5
      vertex -1.55563 -16.4839 6.5
      vertex -1.55563 -19.5952 6.5
    endloop
  endfacet
  facet normal 0 0 -1
    outer loop
      vertex -1.82923 -19.2618 6.5
      vertex -1.82923 -16.8173 6.5
      vertex -1.55563 -16.4839 6.5
    endloop
  endfacet
  facet normal 0 0 -1
    outer loop
      vertex -2.03253 -18.8814 6.5
      vertex -1.82923 -16.8173 6.5
      vertex -1.82923 -19.2618 6.5
    endloop
  endfacet
  facet normal 0 0 -1
    outer loop
      vertex -2.03253 -18.8814 6.5
      vertex -2.03253 -17.1976 6.5
      vertex -1.82923 -16.8173 6.5
    endloop
  endfacet
  facet normal 0 0 -1
    outer loop
      vertex -2.15773 -18.4687 6.5
      vertex -2.03253 -17.1976 6.5
      vertex -2.03253 -18.8814 6.5
    endloop
  endfacet
  facet normal 0 0 -1
    outer loop
      vertex -2.15773 -18.4687 6.5
      vertex -2.15773 -17.6103 6.5
      vertex -2.03253 -17.1976 6.5
    endloop
  endfacet
  facet normal 0 -0 -1
    outer loop
      vertex -2.15773 -17.6103 6.5
      vertex -2.15773 -18.4687 6.5
      vertex -2.2 -18.0395 6.5
    endloop
  endfacet
  facet normal 0.995185 0.0980114 0
    outer loop
      vertex -2.15773 -18.4687 6.5
      vertex -2.2 -18.0395 -1.90735e-07
      vertex -2.2 -18.0395 6.5
    endloop
  endfacet
  facet normal 0.995185 0.0980114 0
    outer loop
      vertex -2.2 -18.0395 -1.90735e-07
      vertex -2.15773 -18.4687 6.5
      vertex -2.15773 -18.4687 -1.90735e-07
    endloop
  endfacet
  facet normal 0.881897 -0.471443 0
    outer loop
      vertex -2.03253 -17.1976 6.5
      vertex -1.82923 -16.8173 -1.90735e-07
      vertex -1.82923 -16.8173 6.5
    endloop
  endfacet
  facet normal 0.881897 -0.471443 0
    outer loop
      vertex -1.82923 -16.8173 -1.90735e-07
      vertex -2.03253 -17.1976 6.5
      vertex -2.03253 -17.1976 -1.90735e-07
    endloop
  endfacet
  facet normal -0.0980807 0.995178 0
    outer loop
      vertex 0.429198 -20.1972 -1.90735e-07
      vertex 0 -20.2395 6.5
      vertex 0.429198 -20.1972 6.5
    endloop
  endfacet
  facet normal -0.0980807 0.995178 0
    outer loop
      vertex 0 -20.2395 6.5
      vertex 0.429198 -20.1972 -1.90735e-07
      vertex 0 -20.2395 -1.90735e-07
    endloop
  endfacet
  facet normal -0.0980807 -0.995178 0
    outer loop
      vertex 0 -15.8395 -1.90735e-07
      vertex 0.429198 -15.8818 6.5
      vertex 0 -15.8395 6.5
    endloop
  endfacet
  facet normal -0.0980807 -0.995178 -0
    outer loop
      vertex 0.429198 -15.8818 6.5
      vertex 0 -15.8395 -1.90735e-07
      vertex 0.429198 -15.8818 -1.90735e-07
    endloop
  endfacet
  facet normal 0.773027 -0.634373 0
    outer loop
      vertex -1.82923 -16.8173 6.5
      vertex -1.55563 -16.4839 -1.90735e-07
      vertex -1.55563 -16.4839 6.5
    endloop
  endfacet
  facet normal 0.773027 -0.634373 0
    outer loop
      vertex -1.55563 -16.4839 -1.90735e-07
      vertex -1.82923 -16.8173 6.5
      vertex -1.82923 -16.8173 -1.90735e-07
    endloop
  endfacet
  facet normal -0.956935 0.290303 0
    outer loop
      vertex 2.03253 -18.8814 -1.90735e-07
      vertex 2.15773 -18.4687 6.5
      vertex 2.15773 -18.4687 -1.90735e-07
    endloop
  endfacet
  facet normal -0.956935 0.290303 0
    outer loop
      vertex 2.15773 -18.4687 6.5
      vertex 2.03253 -18.8814 -1.90735e-07
      vertex 2.03253 -18.8814 6.5
    endloop
  endfacet
  facet normal -0.773027 -0.634373 0
    outer loop
      vertex 1.82923 -16.8173 -1.90735e-07
      vertex 1.55563 -16.4839 6.5
      vertex 1.55563 -16.4839 -1.90735e-07
    endloop
  endfacet
  facet normal -0.773027 -0.634373 0
    outer loop
      vertex 1.55563 -16.4839 6.5
      vertex 1.82923 -16.8173 -1.90735e-07
      vertex 1.82923 -16.8173 6.5
    endloop
  endfacet
  facet normal -0.881948 0.471346 0
    outer loop
      vertex 1.82923 -19.2618 -1.90735e-07
      vertex 2.03253 -18.8814 6.5
      vertex 2.03253 -18.8814 -1.90735e-07
    endloop
  endfacet
  facet normal -0.881948 0.471346 0
    outer loop
      vertex 2.03253 -18.8814 6.5
      vertex 1.82923 -19.2618 -1.90735e-07
      vertex 1.82923 -19.2618 6.5
    endloop
  endfacet
  facet normal -0.290088 0.957 0
    outer loop
      vertex 0.841903 -20.0721 -1.90735e-07
      vertex 0.429198 -20.1972 6.5
      vertex 0.841903 -20.0721 6.5
    endloop
  endfacet
  facet normal -0.290088 0.957 0
    outer loop
      vertex 0.429198 -20.1972 6.5
      vertex 0.841903 -20.0721 -1.90735e-07
      vertex 0.429198 -20.1972 -1.90735e-07
    endloop
  endfacet
  facet normal 0.2903 -0.956936 0
    outer loop
      vertex -0.841903 -16.007 -1.90735e-07
      vertex -0.429198 -15.8818 6.5
      vertex -0.841903 -16.007 6.5
    endloop
  endfacet
  facet normal 0.2903 -0.956936 0
    outer loop
      vertex -0.429198 -15.8818 6.5
      vertex -0.841903 -16.007 -1.90735e-07
      vertex -0.429198 -15.8818 -1.90735e-07
    endloop
  endfacet
  facet normal 0.290088 0.957 -0
    outer loop
      vertex -0.429198 -20.1972 -1.90735e-07
      vertex -0.841903 -20.0721 6.5
      vertex -0.429198 -20.1972 6.5
    endloop
  endfacet
  facet normal 0.290088 0.957 0
    outer loop
      vertex -0.841903 -20.0721 6.5
      vertex -0.429198 -20.1972 -1.90735e-07
      vertex -0.841903 -20.0721 -1.90735e-07
    endloop
  endfacet
  facet normal -0.634396 -0.773008 0
    outer loop
      vertex 1.22225 -16.2103 -1.90735e-07
      vertex 1.55563 -16.4839 6.5
      vertex 1.22225 -16.2103 6.5
    endloop
  endfacet
  facet normal -0.634396 -0.773008 -0
    outer loop
      vertex 1.55563 -16.4839 6.5
      vertex 1.22225 -16.2103 -1.90735e-07
      vertex 1.55563 -16.4839 -1.90735e-07
    endloop
  endfacet
  facet normal 0.471397 -0.881921 0
    outer loop
      vertex -1.22225 -16.2103 -1.90735e-07
      vertex -0.841903 -16.007 6.5
      vertex -1.22225 -16.2103 6.5
    endloop
  endfacet
  facet normal 0.471397 -0.881921 0
    outer loop
      vertex -0.841903 -16.007 6.5
      vertex -1.22225 -16.2103 -1.90735e-07
      vertex -0.841903 -16.007 -1.90735e-07
    endloop
  endfacet
  facet normal 0.0980807 -0.995178 0
    outer loop
      vertex -0.429198 -15.8818 -1.90735e-07
      vertex 0 -15.8395 6.5
      vertex -0.429198 -15.8818 6.5
    endloop
  endfacet
  facet normal 0.0980807 -0.995178 0
    outer loop
      vertex 0 -15.8395 6.5
      vertex -0.429198 -15.8818 -1.90735e-07
      vertex 0 -15.8395 -1.90735e-07
    endloop
  endfacet
  facet normal 0.634396 -0.773008 0
    outer loop
      vertex -1.55563 -16.4839 -1.90735e-07
      vertex -1.22225 -16.2103 6.5
      vertex -1.55563 -16.4839 6.5
    endloop
  endfacet
  facet normal 0.634396 -0.773008 0
    outer loop
      vertex -1.22225 -16.2103 6.5
      vertex -1.55563 -16.4839 -1.90735e-07
      vertex -1.22225 -16.2103 -1.90735e-07
    endloop
  endfacet
  facet normal -0.881897 -0.471443 0
    outer loop
      vertex 2.03253 -17.1976 -1.90735e-07
      vertex 1.82923 -16.8173 6.5
      vertex 1.82923 -16.8173 -1.90735e-07
    endloop
  endfacet
  facet normal -0.881897 -0.471443 0
    outer loop
      vertex 1.82923 -16.8173 6.5
      vertex 2.03253 -17.1976 -1.90735e-07
      vertex 2.03253 -17.1976 6.5
    endloop
  endfacet
  facet normal -0.773027 0.634373 0
    outer loop
      vertex 1.55563 -19.5952 -1.90735e-07
      vertex 1.82923 -19.2618 6.5
      vertex 1.82923 -19.2618 -1.90735e-07
    endloop
  endfacet
  facet normal -0.773027 0.634373 0
    outer loop
      vertex 1.82923 -19.2618 6.5
      vertex 1.55563 -19.5952 -1.90735e-07
      vertex 1.55563 -19.5952 6.5
    endloop
  endfacet
  facet normal -0.634396 0.773008 0
    outer loop
      vertex 1.55563 -19.5952 -1.90735e-07
      vertex 1.22225 -19.8688 6.5
      vertex 1.55563 -19.5952 6.5
    endloop
  endfacet
  facet normal -0.634396 0.773008 0
    outer loop
      vertex 1.22225 -19.8688 6.5
      vertex 1.55563 -19.5952 -1.90735e-07
      vertex 1.22225 -19.8688 -1.90735e-07
    endloop
  endfacet
  facet normal 0.471397 0.881921 -0
    outer loop
      vertex -0.841903 -20.0721 -1.90735e-07
      vertex -1.22225 -19.8688 6.5
      vertex -0.841903 -20.0721 6.5
    endloop
  endfacet
  facet normal 0.471397 0.881921 0
    outer loop
      vertex -1.22225 -19.8688 6.5
      vertex -0.841903 -20.0721 -1.90735e-07
      vertex -1.22225 -19.8688 -1.90735e-07
    endloop
  endfacet
  facet normal 0.634396 0.773008 -0
    outer loop
      vertex -1.22225 -19.8688 -1.90735e-07
      vertex -1.55563 -19.5952 6.5
      vertex -1.22225 -19.8688 6.5
    endloop
  endfacet
  facet normal 0.634396 0.773008 0
    outer loop
      vertex -1.55563 -19.5952 6.5
      vertex -1.22225 -19.8688 -1.90735e-07
      vertex -1.55563 -19.5952 -1.90735e-07
    endloop
  endfacet
  facet normal 0.881948 0.471346 0
    outer loop
      vertex -1.82923 -19.2618 6.5
      vertex -2.03253 -18.8814 -1.90735e-07
      vertex -2.03253 -18.8814 6.5
    endloop
  endfacet
  facet normal 0.881948 0.471346 0
    outer loop
      vertex -2.03253 -18.8814 -1.90735e-07
      vertex -1.82923 -19.2618 6.5
      vertex -1.82923 -19.2618 -1.90735e-07
    endloop
  endfacet
  facet normal -0.2903 -0.956936 0
    outer loop
      vertex 0.429198 -15.8818 -1.90735e-07
      vertex 0.841903 -16.007 6.5
      vertex 0.429198 -15.8818 6.5
    endloop
  endfacet
  facet normal -0.2903 -0.956936 -0
    outer loop
      vertex 0.841903 -16.007 6.5
      vertex 0.429198 -15.8818 -1.90735e-07
      vertex 0.841903 -16.007 -1.90735e-07
    endloop
  endfacet
  facet normal 0.0980807 0.995178 -0
    outer loop
      vertex 0 -20.2395 -1.90735e-07
      vertex -0.429198 -20.1972 6.5
      vertex 0 -20.2395 6.5
    endloop
  endfacet
  facet normal 0.0980807 0.995178 0
    outer loop
      vertex -0.429198 -20.1972 6.5
      vertex 0 -20.2395 -1.90735e-07
      vertex -0.429198 -20.1972 -1.90735e-07
    endloop
  endfacet
  facet normal -0.471397 0.881921 0
    outer loop
      vertex 1.22225 -19.8688 -1.90735e-07
      vertex 0.841903 -20.0721 6.5
      vertex 1.22225 -19.8688 6.5
    endloop
  endfacet
  facet normal -0.471397 0.881921 0
    outer loop
      vertex 0.841903 -20.0721 6.5
      vertex 1.22225 -19.8688 -1.90735e-07
      vertex 0.841903 -20.0721 -1.90735e-07
    endloop
  endfacet
  facet normal -0.956935 -0.290303 0
    outer loop
      vertex 2.15773 -17.6103 -1.90735e-07
      vertex 2.03253 -17.1976 6.5
      vertex 2.03253 -17.1976 -1.90735e-07
    endloop
  endfacet
  facet normal -0.956935 -0.290303 0
    outer loop
      vertex 2.03253 -17.1976 6.5
      vertex 2.15773 -17.6103 -1.90735e-07
      vertex 2.15773 -17.6103 6.5
    endloop
  endfacet
  facet normal -0.995185 -0.0980114 0
    outer loop
      vertex 2.2 -18.0395 -1.90735e-07
      vertex 2.15773 -17.6103 6.5
      vertex 2.15773 -17.6103 -1.90735e-07
    endloop
  endfacet
  facet normal -0.995185 -0.0980114 0
    outer loop
      vertex 2.15773 -17.6103 6.5
      vertex 2.2 -18.0395 -1.90735e-07
      vertex 2.2 -18.0395 6.5
    endloop
  endfacet
  facet normal -0.471397 -0.881921 0
    outer loop
      vertex 0.841903 -16.007 -1.90735e-07
      vertex 1.22225 -16.2103 6.5
      vertex 0.841903 -16.007 6.5
    endloop
  endfacet
  facet normal -0.471397 -0.881921 -0
    outer loop
      vertex 1.22225 -16.2103 6.5
      vertex 0.841903 -16.007 -1.90735e-07
      vertex 1.22225 -16.2103 -1.90735e-07
    endloop
  endfacet
  facet normal 0.956935 -0.290303 0
    outer loop
      vertex -2.15773 -17.6103 6.5
      vertex -2.03253 -17.1976 -1.90735e-07
      vertex -2.03253 -17.1976 6.5
    endloop
  endfacet
  facet normal 0.956935 -0.290303 0
    outer loop
      vertex -2.03253 -17.1976 -1.90735e-07
      vertex -2.15773 -17.6103 6.5
      vertex -2.15773 -17.6103 -1.90735e-07
    endloop
  endfacet
  facet normal 0.995185 -0.0980114 0
    outer loop
      vertex -2.2 -18.0395 6.5
      vertex -2.15773 -17.6103 -1.90735e-07
      vertex -2.15773 -17.6103 6.5
    endloop
  endfacet
  facet normal 0.995185 -0.0980114 0
    outer loop
      vertex -2.15773 -17.6103 -1.90735e-07
      vertex -2.2 -18.0395 6.5
      vertex -2.2 -18.0395 -1.90735e-07
    endloop
  endfacet
endsolid OpenSCAD_Model
