solid OpenSCAD_Model
  facet normal 0 -1 0
    outer loop
      vertex 18.5 5.25 199
      vertex 21.7824 5.25 203.328
      vertex 21.2414 5.25 207.013
    endloop
  endfacet
  facet normal 0 -1 0
    outer loop
      vertex 18.5 5.25 177
      vertex 21.7824 5.25 203.328
      vertex 18.5 5.25 199
    endloop
  endfacet
  facet normal 0 -1 0
    outer loop
      vertex 18.5 5.25 177
      vertex 26.9689 5.25 168
      vertex 21.7824 5.25 203.328
    endloop
  endfacet
  facet normal 0 -1 0
    outer loop
      vertex 26 5.25 160
      vertex 26.9689 5.25 168
      vertex 18.5 5.25 177
    endloop
  endfacet
  facet normal 0 -1 0
    outer loop
      vertex 26.9689 5.25 168
      vertex 26 5.25 160
      vertex 26.1558 5.25 158.94
    endloop
  endfacet
  facet normal 0 -1 0
    outer loop
      vertex 18.5 5.25 19
      vertex 23.9689 5.25 16
      vertex 20.1614 5.25 33.7683
    endloop
  endfacet
  facet normal 0 -1 0
    outer loop
      vertex 18.5 5.25 19
      vertex 23.9689 5.25 8
      vertex 23.9689 5.25 16
    endloop
  endfacet
  facet normal 0 -1 0
    outer loop
      vertex 18.5 5.25 19
      vertex 23.2111 5.25 5.97927
      vertex 23.9689 5.25 8
    endloop
  endfacet
  facet normal 0 -1 0
    outer loop
      vertex 18.5 5.25 0
      vertex 23.2111 5.25 5.97927
      vertex 18.5 5.25 19
    endloop
  endfacet
  facet normal 0 -1 0
    outer loop
      vertex 23.2111 5.25 5.97927
      vertex 18.5 5.25 0
      vertex 20.9689 5.25 0
    endloop
  endfacet
  facet normal 0 1 0
    outer loop
      vertex 25.2921 -5.25 179.421
      vertex 18.5 -5.25 199
      vertex 21.2414 -5.25 207.013
    endloop
  endfacet
  facet normal 0 1 0
    outer loop
      vertex 25.2921 -5.25 179.421
      vertex 18.5 -5.25 177
      vertex 18.5 -5.25 199
    endloop
  endfacet
  facet normal 0 1 0
    outer loop
      vertex 26.9689 -5.25 168
      vertex 18.5 -5.25 177
      vertex 25.2921 -5.25 179.421
    endloop
  endfacet
  facet normal 0 1 0
    outer loop
      vertex 26.9689 -5.25 168
      vertex 26 -5.25 160
      vertex 18.5 -5.25 177
    endloop
  endfacet
  facet normal -0 1 0
    outer loop
      vertex 26 -5.25 160
      vertex 26.9689 -5.25 168
      vertex 26.1558 -5.25 158.94
    endloop
  endfacet
  facet normal 0 1 0
    outer loop
      vertex 21.6373 -5.25 26.8808
      vertex 18.5 -5.25 19
      vertex 20.1614 -5.25 33.7683
    endloop
  endfacet
  facet normal 0 1 0
    outer loop
      vertex 23.9689 -5.25 16
      vertex 18.5 -5.25 19
      vertex 21.6373 -5.25 26.8808
    endloop
  endfacet
  facet normal 0 1 -0
    outer loop
      vertex 23.9689 -5.25 8
      vertex 18.5 -5.25 19
      vertex 23.9689 -5.25 16
    endloop
  endfacet
  facet normal 0 1 0
    outer loop
      vertex 18.5 -5.25 0
      vertex 23.9689 -5.25 8
      vertex 21.6425 -5.25 1.7962
    endloop
  endfacet
  facet normal 0 1 0
    outer loop
      vertex 18.5 -5.25 0
      vertex 21.6425 -5.25 1.7962
      vertex 20.9689 -5.25 0
    endloop
  endfacet
  facet normal 0 1 0
    outer loop
      vertex 23.9689 -5.25 8
      vertex 18.5 -5.25 0
      vertex 18.5 -5.25 19
    endloop
  endfacet
  facet normal 0.946173 0 -0.323662
    outer loop
      vertex 21.2414 -5.25 207.013
      vertex 21.2414 5.25 207.013
      vertex 23.0414 0.79424 212.275
    endloop
  endfacet
  facet normal 0.94612 6.14297e-05 -0.323817
    outer loop
      vertex 23.1599 -0.417695 212.621
      vertex 23.0414 0.79424 212.275
      vertex 23.2913 0 213.005
    endloop
  endfacet
  facet normal 0.946054 0 -0.32401
    outer loop
      vertex 23.0414 -0.79424 212.275
      vertex 23.0414 0.79424 212.275
      vertex 23.1599 -0.417695 212.621
    endloop
  endfacet
  facet normal 0.946173 0 -0.323662
    outer loop
      vertex 21.2414 -5.25 207.013
      vertex 23.0414 0.79424 212.275
      vertex 23.0414 -0.79424 212.275
    endloop
  endfacet
  facet normal 0.94616 0 -0.323699
    outer loop
      vertex 21.2414 5.25 207.013
      vertex 21.2414 -5.25 207.013
      vertex 18.5 5.25 199
    endloop
  endfacet
  facet normal 0.94616 0 -0.323699
    outer loop
      vertex 18.5 5.25 199
      vertex 21.2414 -5.25 207.013
      vertex 18.5 -5.25 199
    endloop
  endfacet
  facet normal 1 -0 0
    outer loop
      vertex 18.5 -5.25 199
      vertex 18.5 5.25 177
      vertex 18.5 5.25 199
    endloop
  endfacet
  facet normal 1 0 0
    outer loop
      vertex 18.5 5.25 177
      vertex 18.5 -5.25 199
      vertex 18.5 -5.25 177
    endloop
  endfacet
  facet normal 0.914918 -0 0.40364
    outer loop
      vertex 18.5 -5.25 177
      vertex 26 5.25 160
      vertex 18.5 5.25 177
    endloop
  endfacet
  facet normal 0.914918 0 0.40364
    outer loop
      vertex 26 5.25 160
      vertex 18.5 -5.25 177
      vertex 26 -5.25 160
    endloop
  endfacet
  facet normal 0.98937 -0 0.145419
    outer loop
      vertex 26.1558 -5.25 158.94
      vertex 26.1558 5.25 158.94
      vertex 26 5.25 160
    endloop
  endfacet
  facet normal 0.989359 0 0.145496
    outer loop
      vertex 26.1558 5.25 158.94
      vertex 26.1558 -5.25 158.94
      vertex 27.2014 2.33389 151.83
    endloop
  endfacet
  facet normal 0.98937 0 0.145419
    outer loop
      vertex 26.1558 -5.25 158.94
      vertex 26 5.25 160
      vertex 26 -5.25 160
    endloop
  endfacet
  facet normal 0.989358 3.04692e-06 0.145499
    outer loop
      vertex 27.2014 2.33389 151.83
      vertex 26.1558 -5.25 158.94
      vertex 28.0382 0 146.14
    endloop
  endfacet
  facet normal 0.993731 0 -0.111797
    outer loop
      vertex 20.1614 -5.25 33.7683
      vertex 20.1614 5.25 33.7683
      vertex 21.2049 0 43.0437
    endloop
  endfacet
  facet normal 0.993732 0 -0.111793
    outer loop
      vertex 20.1614 5.25 33.7683
      vertex 20.1614 -5.25 33.7683
      vertex 18.5 5.25 19
    endloop
  endfacet
  facet normal 0.993732 0 -0.111793
    outer loop
      vertex 18.5 5.25 19
      vertex 20.1614 -5.25 33.7683
      vertex 18.5 -5.25 19
    endloop
  endfacet
  facet normal 1 -0 0
    outer loop
      vertex 18.5 -5.25 19
      vertex 18.5 5.25 0
      vertex 18.5 5.25 19
    endloop
  endfacet
  facet normal 1 0 0
    outer loop
      vertex 18.5 5.25 0
      vertex 18.5 -5.25 19
      vertex 18.5 -5.25 0
    endloop
  endfacet
  facet normal 0.866023 -0.500004 0
    outer loop
      vertex 4.70337 18.6465 199
      vertex 4.70337 18.6465 177
      vertex 8.45336 25.1416 160
    endloop
  endfacet
  facet normal 0.866024 -0.500002 6.08748e-07
    outer loop
      vertex 4.70337 18.6465 199
      vertex 8.31075 24.8946 176.543
      vertex 6.07406 21.0206 207.013
    endloop
  endfacet
  facet normal 0.866023 -0.500003 1.65395e-07
    outer loop
      vertex 8.31075 24.8946 176.543
      vertex 4.70337 18.6465 199
      vertex 8.45336 25.1416 160
    endloop
  endfacet
  facet normal 0.866069 -0.499925 2.72053e-06
    outer loop
      vertex 8.61481 25.4213 160.801
      vertex 8.45336 25.1416 160
      vertex 8.53129 25.2766 158.94
    endloop
  endfacet
  facet normal 0.866082 -0.499902 -8.08985e-06
    outer loop
      vertex 8.93782 25.9808 168
      vertex 8.45336 25.1416 160
      vertex 8.61481 25.4213 160.801
    endloop
  endfacet
  facet normal 0.866045 -0.499966 9.11541e-07
    outer loop
      vertex 8.45336 25.1416 160
      vertex 8.93782 25.9808 168
      vertex 8.31075 24.8946 176.543
    endloop
  endfacet
  facet normal 0.866025 -0.500001 -9.56753e-07
    outer loop
      vertex 4.70337 18.6465 19
      vertex 7.43782 23.3827 16
      vertex 5.53408 20.0853 33.7683
    endloop
  endfacet
  facet normal 0.866025 -0.500001 0
    outer loop
      vertex 7.43782 23.3827 16
      vertex 4.70337 18.6465 19
      vertex 7.43782 23.3827 12.4373
    endloop
  endfacet
  facet normal 0.866025 -0.500001 0
    outer loop
      vertex 4.70337 18.6465 19
      vertex 7.43782 23.3827 8
      vertex 7.43782 23.3827 12.4373
    endloop
  endfacet
  facet normal 0.866025 -0.500001 0
    outer loop
      vertex 7.43782 23.3827 8
      vertex 4.70337 18.6465 19
      vertex 4.70337 18.6465 0
    endloop
  endfacet
  facet normal 0.866022 -0.500005 3.77424e-06
    outer loop
      vertex 7.43782 23.3827 8
      vertex 4.70337 18.6465 0
      vertex 5.93782 20.7846 0
    endloop
  endfacet
  facet normal -0.866022 0.500005 0
    outer loop
      vertex 17.5466 19.8916 160
      vertex 13.7966 13.3965 177
      vertex 13.7966 13.3965 199
    endloop
  endfacet
  facet normal -0.866021 0.500007 4.31526e-07
    outer loop
      vertex 13.7966 13.3965 199
      vertex 17.404 19.6446 176.543
      vertex 17.5466 19.8916 160
    endloop
  endfacet
  facet normal -0.86601 0.500026 7.52843e-06
    outer loop
      vertex 17.404 19.6446 176.543
      vertex 13.7966 13.3965 199
      vertex 17.1927 19.2786 179.421
    endloop
  endfacet
  facet normal -0.866022 0.500006 -8.00566e-07
    outer loop
      vertex 17.1927 19.2786 179.421
      vertex 13.7966 13.3965 199
      vertex 15.1673 15.7706 207.013
    endloop
  endfacet
  facet normal -0.865968 0.5001 -3.0177e-05
    outer loop
      vertex 17.6246 20.0266 158.94
      vertex 17.5466 19.8916 160
      vertex 17.7081 20.1713 160.801
    endloop
  endfacet
  facet normal -0.865994 0.500054 -8.93433e-06
    outer loop
      vertex 17.5466 19.8916 160
      vertex 18.0311 20.7308 168
      vertex 17.7081 20.1713 160.801
    endloop
  endfacet
  facet normal -0.866031 0.49999 8.62816e-08
    outer loop
      vertex 18.0311 20.7308 168
      vertex 17.5466 19.8916 160
      vertex 17.404 19.6446 176.543
    endloop
  endfacet
  facet normal -0.866021 0.500007 0
    outer loop
      vertex 13.7966 13.3965 19
      vertex 16.5311 18.1327 16
      vertex 16.5311 18.1327 12.4373
    endloop
  endfacet
  facet normal -0.866021 0.500008 7.70117e-07
    outer loop
      vertex 16.5311 18.1327 16
      vertex 13.7966 13.3965 19
      vertex 15.3653 16.1135 26.8808
    endloop
  endfacet
  facet normal -0.866019 0.500012 -1.01263e-06
    outer loop
      vertex 15.3653 16.1135 26.8808
      vertex 13.7966 13.3965 19
      vertex 14.6273 14.8353 33.7683
    endloop
  endfacet
  facet normal -0.866006 0.500034 -2.10729e-05
    outer loop
      vertex 13.7966 13.3965 0
      vertex 16.5311 18.1327 8
      vertex 15.3679 16.1179 1.7962
    endloop
  endfacet
  facet normal -0.866014 0.50002 6.3658e-06
    outer loop
      vertex 13.7966 13.3965 0
      vertex 15.3679 16.1179 1.7962
      vertex 15.0311 15.5346 0
    endloop
  endfacet
  facet normal -0.866021 0.500007 0
    outer loop
      vertex 13.7966 13.3965 19
      vertex 16.5311 18.1327 8
      vertex 13.7966 13.3965 0
    endloop
  endfacet
  facet normal -0.866021 0.500007 0
    outer loop
      vertex 16.5311 18.1327 8
      vertex 13.7966 13.3965 19
      vertex 16.5311 18.1327 12.4373
    endloop
  endfacet
  facet normal 0.473041 0.819393 -0.323771
    outer loop
      vertex 10.8329 20.3516 212.275
      vertex 11.9417 19.8482 212.621
      vertex 12.2086 19.5574 212.275
    endloop
  endfacet
  facet normal 0.473054 0.819336 -0.323896
    outer loop
      vertex 11.9417 19.8482 212.621
      vertex 10.8329 20.3516 212.275
      vertex 11.6457 20.1709 213.005
    endloop
  endfacet
  facet normal 0.473052 0.819413 -0.323705
    outer loop
      vertex 15.1673 15.7706 207.013
      vertex 10.8329 20.3516 212.275
      vertex 12.2086 19.5574 212.275
    endloop
  endfacet
  facet normal 0.473086 0.819406 -0.323671
    outer loop
      vertex 15.1673 15.7706 207.013
      vertex 6.07406 21.0206 207.013
      vertex 10.8329 20.3516 212.275
    endloop
  endfacet
  facet normal 0.473081 0.819399 -0.323697
    outer loop
      vertex 13.7966 13.3965 199
      vertex 6.07406 21.0206 207.013
      vertex 15.1673 15.7706 207.013
    endloop
  endfacet
  facet normal 0.473082 0.819399 -0.323697
    outer loop
      vertex 6.07406 21.0206 207.013
      vertex 13.7966 13.3965 199
      vertex 4.70337 18.6465 199
    endloop
  endfacet
  facet normal 0.500002 0.866025 -0
    outer loop
      vertex 13.7966 13.3965 177
      vertex 4.70337 18.6465 199
      vertex 13.7966 13.3965 199
    endloop
  endfacet
  facet normal 0.500002 0.866025 0
    outer loop
      vertex 4.70337 18.6465 199
      vertex 13.7966 13.3965 177
      vertex 4.70337 18.6465 177
    endloop
  endfacet
  facet normal 0.457461 0.792343 0.403637
    outer loop
      vertex 8.45336 25.1416 160
      vertex 13.7966 13.3965 177
      vertex 17.5466 19.8916 160
    endloop
  endfacet
  facet normal 0.457461 0.792343 0.403636
    outer loop
      vertex 13.7966 13.3965 177
      vertex 8.45336 25.1416 160
      vertex 4.70337 18.6465 177
    endloop
  endfacet
  facet normal 0.494676 0.856808 0.145522
    outer loop
      vertex 8.53129 25.2766 158.94
      vertex 17.5466 19.8916 160
      vertex 17.6246 20.0266 158.94
    endloop
  endfacet
  facet normal 0.494681 0.85681 0.14549
    outer loop
      vertex 17.5466 19.8916 160
      vertex 8.53129 25.2766 158.94
      vertex 8.45336 25.1416 160
    endloop
  endfacet
  facet normal 0.494678 0.856811 0.145495
    outer loop
      vertex 8.53129 25.2766 158.94
      vertex 17.6246 20.0266 158.94
      vertex 14.0191 24.2818 146.14
    endloop
  endfacet
  facet normal 0.496867 0.860595 -0.1118
    outer loop
      vertex 14.6273 14.8353 33.7683
      vertex 5.53408 20.0853 33.7683
      vertex 10.6025 18.364 43.0437
    endloop
  endfacet
  facet normal 0.496868 0.860596 -0.111792
    outer loop
      vertex 13.7966 13.3965 19
      vertex 5.53408 20.0853 33.7683
      vertex 14.6273 14.8353 33.7683
    endloop
  endfacet
  facet normal 0.496867 0.860596 -0.111792
    outer loop
      vertex 5.53408 20.0853 33.7683
      vertex 13.7966 13.3965 19
      vertex 4.70337 18.6465 19
    endloop
  endfacet
  facet normal 0.500002 0.866025 -0
    outer loop
      vertex 13.7966 13.3965 0
      vertex 4.70337 18.6465 19
      vertex 13.7966 13.3965 19
    endloop
  endfacet
  facet normal 0.500002 0.866025 0
    outer loop
      vertex 4.70337 18.6465 19
      vertex 13.7966 13.3965 0
      vertex 4.70337 18.6465 0
    endloop
  endfacet
  facet normal 0.866022 0.500005 -0
    outer loop
      vertex -13.7966 13.3965 177
      vertex -17.5466 19.8916 160
      vertex -13.7966 13.3965 199
    endloop
  endfacet
  facet normal 0.866022 0.500006 -1.28839e-07
    outer loop
      vertex -13.7966 13.3965 199
      vertex -17.404 19.6446 176.543
      vertex -15.4378 16.2391 203.328
    endloop
  endfacet
  facet normal 0.866021 0.500007 -1.46153e-06
    outer loop
      vertex -13.7966 13.3965 199
      vertex -15.4378 16.2391 203.328
      vertex -15.1673 15.7706 207.013
    endloop
  endfacet
  facet normal 0.866021 0.500007 4.31526e-07
    outer loop
      vertex -17.404 19.6446 176.543
      vertex -13.7966 13.3965 199
      vertex -17.5466 19.8916 160
    endloop
  endfacet
  facet normal 0.865968 0.5001 -3.0177e-05
    outer loop
      vertex -17.6246 20.0266 158.94
      vertex -17.7081 20.1713 160.801
      vertex -17.5466 19.8916 160
    endloop
  endfacet
  facet normal 0.865994 0.500054 -8.93433e-06
    outer loop
      vertex -18.0311 20.7308 168
      vertex -17.5466 19.8916 160
      vertex -17.7081 20.1713 160.801
    endloop
  endfacet
  facet normal 0.866031 0.49999 8.62816e-08
    outer loop
      vertex -17.5466 19.8916 160
      vertex -18.0311 20.7308 168
      vertex -17.404 19.6446 176.543
    endloop
  endfacet
  facet normal 0.866021 0.500007 -4.34515e-07
    outer loop
      vertex -13.7966 13.3965 19
      vertex -16.5311 18.1327 16
      vertex -14.6273 14.8353 33.7683
    endloop
  endfacet
  facet normal 0.866021 0.500007 0
    outer loop
      vertex -16.5311 18.1327 16
      vertex -13.7966 13.3965 19
      vertex -16.5311 18.1327 12.4373
    endloop
  endfacet
  facet normal 0.866034 0.499985 0
    outer loop
      vertex -16.5311 18.1327 12.4373
      vertex -16.1522 17.4764 5.97927
      vertex -16.5311 18.1327 8
    endloop
  endfacet
  facet normal 0.866023 0.500005 -2.63503e-06
    outer loop
      vertex -13.7966 13.3965 19
      vertex -16.1522 17.4764 5.97927
      vertex -16.5311 18.1327 12.4373
    endloop
  endfacet
  facet normal 0.866019 0.500011 0
    outer loop
      vertex -16.1522 17.4764 5.97927
      vertex -13.7966 13.3965 19
      vertex -13.7966 13.3965 0
    endloop
  endfacet
  facet normal 0.866014 0.50002 -8.68366e-06
    outer loop
      vertex -16.1522 17.4764 5.97927
      vertex -13.7966 13.3965 0
      vertex -15.0311 15.5346 0
    endloop
  endfacet
  facet normal -0.866023 -0.500004 -0
    outer loop
      vertex -4.70337 18.6465 199
      vertex -8.45336 25.1416 160
      vertex -4.70337 18.6465 177
    endloop
  endfacet
  facet normal -0.866023 -0.500003 1.65395e-07
    outer loop
      vertex -4.70337 18.6465 199
      vertex -8.31075 24.8946 176.543
      vertex -8.45336 25.1416 160
    endloop
  endfacet
  facet normal -0.866024 -0.500002 6.08748e-07
    outer loop
      vertex -8.31075 24.8946 176.543
      vertex -4.70337 18.6465 199
      vertex -6.07406 21.0206 207.013
    endloop
  endfacet
  facet normal -0.866069 -0.499925 2.72053e-06
    outer loop
      vertex -8.45336 25.1416 160
      vertex -8.61481 25.4213 160.801
      vertex -8.53129 25.2766 158.94
    endloop
  endfacet
  facet normal -0.866082 -0.499902 -8.08985e-06
    outer loop
      vertex -8.45336 25.1416 160
      vertex -8.93782 25.9808 168
      vertex -8.61481 25.4213 160.801
    endloop
  endfacet
  facet normal -0.866045 -0.499966 9.11541e-07
    outer loop
      vertex -8.93782 25.9808 168
      vertex -8.45336 25.1416 160
      vertex -8.31075 24.8946 176.543
    endloop
  endfacet
  facet normal -0.866025 -0.500001 0
    outer loop
      vertex -4.70337 18.6465 19
      vertex -7.43782 23.3827 16
      vertex -7.43782 23.3827 12.4373
    endloop
  endfacet
  facet normal -0.866025 -0.500001 -9.56753e-07
    outer loop
      vertex -7.43782 23.3827 16
      vertex -4.70337 18.6465 19
      vertex -5.53408 20.0853 33.7683
    endloop
  endfacet
  facet normal -0.866022 -0.500005 3.77424e-06
    outer loop
      vertex -4.70337 18.6465 0
      vertex -7.43782 23.3827 8
      vertex -5.93782 20.7846 0
    endloop
  endfacet
  facet normal -0.866025 -0.500001 -0
    outer loop
      vertex -4.70337 18.6465 19
      vertex -7.43782 23.3827 8
      vertex -4.70337 18.6465 0
    endloop
  endfacet
  facet normal -0.866025 -0.500001 0
    outer loop
      vertex -7.43782 23.3827 8
      vertex -4.70337 18.6465 19
      vertex -7.43782 23.3827 12.4373
    endloop
  endfacet
  facet normal -0.473026 0.819367 -0.323857
    outer loop
      vertex -10.8329 20.3516 212.275
      vertex -12.2086 19.5574 212.275
      vertex -11.6457 20.1709 213.005
    endloop
  endfacet
  facet normal -0.473086 0.819406 -0.323671
    outer loop
      vertex -15.1673 15.7706 207.013
      vertex -10.8329 20.3516 212.275
      vertex -6.07406 21.0206 207.013
    endloop
  endfacet
  facet normal -0.473052 0.819413 -0.323705
    outer loop
      vertex -10.8329 20.3516 212.275
      vertex -15.1673 15.7706 207.013
      vertex -12.2086 19.5574 212.275
    endloop
  endfacet
  facet normal -0.473082 0.819399 -0.323697
    outer loop
      vertex -13.7966 13.3965 199
      vertex -6.07406 21.0206 207.013
      vertex -4.70337 18.6465 199
    endloop
  endfacet
  facet normal -0.473081 0.819399 -0.323697
    outer loop
      vertex -6.07406 21.0206 207.013
      vertex -13.7966 13.3965 199
      vertex -15.1673 15.7706 207.013
    endloop
  endfacet
  facet normal -0.500002 0.866025 0
    outer loop
      vertex -4.70337 18.6465 177
      vertex -13.7966 13.3965 199
      vertex -4.70337 18.6465 199
    endloop
  endfacet
  facet normal -0.500002 0.866025 0
    outer loop
      vertex -13.7966 13.3965 199
      vertex -4.70337 18.6465 177
      vertex -13.7966 13.3965 177
    endloop
  endfacet
  facet normal -0.457461 0.792343 0.403636
    outer loop
      vertex -8.45336 25.1416 160
      vertex -13.7966 13.3965 177
      vertex -4.70337 18.6465 177
    endloop
  endfacet
  facet normal -0.457461 0.792343 0.403637
    outer loop
      vertex -13.7966 13.3965 177
      vertex -8.45336 25.1416 160
      vertex -17.5466 19.8916 160
    endloop
  endfacet
  facet normal -0.494681 0.85681 0.14549
    outer loop
      vertex -8.53129 25.2766 158.94
      vertex -17.5466 19.8916 160
      vertex -8.45336 25.1416 160
    endloop
  endfacet
  facet normal -0.494676 0.856808 0.145522
    outer loop
      vertex -8.53129 25.2766 158.94
      vertex -17.6246 20.0266 158.94
      vertex -17.5466 19.8916 160
    endloop
  endfacet
  facet normal -0.494678 0.856811 0.145495
    outer loop
      vertex -8.53129 25.2766 158.94
      vertex -15.6219 22.3902 151.83
      vertex -17.6246 20.0266 158.94
    endloop
  endfacet
  facet normal -0.494679 0.85681 0.145496
    outer loop
      vertex -15.6219 22.3902 151.83
      vertex -8.53129 25.2766 158.94
      vertex -14.0191 24.2818 146.14
    endloop
  endfacet
  facet normal -0.496867 0.860595 -0.1118
    outer loop
      vertex -5.53408 20.0853 33.7683
      vertex -14.6273 14.8353 33.7683
      vertex -10.6025 18.364 43.0437
    endloop
  endfacet
  facet normal -0.496867 0.860596 -0.111792
    outer loop
      vertex -13.7966 13.3965 19
      vertex -5.53408 20.0853 33.7683
      vertex -4.70337 18.6465 19
    endloop
  endfacet
  facet normal -0.496868 0.860596 -0.111792
    outer loop
      vertex -5.53408 20.0853 33.7683
      vertex -13.7966 13.3965 19
      vertex -14.6273 14.8353 33.7683
    endloop
  endfacet
  facet normal -0.500002 0.866025 0
    outer loop
      vertex -4.70337 18.6465 0
      vertex -13.7966 13.3965 19
      vertex -4.70337 18.6465 19
    endloop
  endfacet
  facet normal -0.500002 0.866025 0
    outer loop
      vertex -13.7966 13.3965 19
      vertex -4.70337 18.6465 0
      vertex -13.7966 13.3965 0
    endloop
  endfacet
  facet normal 0 1 0
    outer loop
      vertex -18.5 -5.25 199
      vertex -21.7824 -5.25 203.328
      vertex -21.2414 -5.25 207.013
    endloop
  endfacet
  facet normal 0 1 -0
    outer loop
      vertex -18.5 -5.25 177
      vertex -21.7824 -5.25 203.328
      vertex -18.5 -5.25 199
    endloop
  endfacet
  facet normal 0 1 0
    outer loop
      vertex -18.5 -5.25 177
      vertex -26.9689 -5.25 168
      vertex -21.7824 -5.25 203.328
    endloop
  endfacet
  facet normal 0 1 -0
    outer loop
      vertex -26 -5.25 160
      vertex -26.9689 -5.25 168
      vertex -18.5 -5.25 177
    endloop
  endfacet
  facet normal 0 1 0
    outer loop
      vertex -26.9689 -5.25 168
      vertex -26 -5.25 160
      vertex -26.1558 -5.25 158.94
    endloop
  endfacet
  facet normal 0 1 0
    outer loop
      vertex -18.5 -5.25 19
      vertex -23.9689 -5.25 16
      vertex -20.1614 -5.25 33.7683
    endloop
  endfacet
  facet normal 0 1 0
    outer loop
      vertex -18.5 -5.25 19
      vertex -23.9689 -5.25 8
      vertex -23.9689 -5.25 16
    endloop
  endfacet
  facet normal 0 1 0
    outer loop
      vertex -18.5 -5.25 19
      vertex -23.2111 -5.25 5.97927
      vertex -23.9689 -5.25 8
    endloop
  endfacet
  facet normal 0 1 -0
    outer loop
      vertex -18.5 -5.25 0
      vertex -23.2111 -5.25 5.97927
      vertex -18.5 -5.25 19
    endloop
  endfacet
  facet normal 0 1 0
    outer loop
      vertex -23.2111 -5.25 5.97927
      vertex -18.5 -5.25 0
      vertex -20.9689 -5.25 0
    endloop
  endfacet
  facet normal 0 -1 0
    outer loop
      vertex -25.2921 5.25 179.421
      vertex -18.5 5.25 199
      vertex -21.2414 5.25 207.013
    endloop
  endfacet
  facet normal 0 -1 0
    outer loop
      vertex -25.2921 5.25 179.421
      vertex -18.5 5.25 177
      vertex -18.5 5.25 199
    endloop
  endfacet
  facet normal 0 -1 0
    outer loop
      vertex -26.9689 5.25 168
      vertex -18.5 5.25 177
      vertex -25.2921 5.25 179.421
    endloop
  endfacet
  facet normal 0 -1 0
    outer loop
      vertex -26.9689 5.25 168
      vertex -26 5.25 160
      vertex -18.5 5.25 177
    endloop
  endfacet
  facet normal -0 -1 0
    outer loop
      vertex -26 5.25 160
      vertex -26.9689 5.25 168
      vertex -26.1558 5.25 158.94
    endloop
  endfacet
  facet normal 0 -1 0
    outer loop
      vertex -21.6373 5.25 26.8808
      vertex -18.5 5.25 19
      vertex -20.1614 5.25 33.7683
    endloop
  endfacet
  facet normal 0 -1 0
    outer loop
      vertex -23.9689 5.25 16
      vertex -18.5 5.25 19
      vertex -21.6373 5.25 26.8808
    endloop
  endfacet
  facet normal 0 -1 0
    outer loop
      vertex -23.9689 5.25 8
      vertex -18.5 5.25 19
      vertex -23.9689 5.25 16
    endloop
  endfacet
  facet normal 0 -1 0
    outer loop
      vertex -18.5 5.25 0
      vertex -23.9689 5.25 8
      vertex -21.6425 5.25 1.7962
    endloop
  endfacet
  facet normal 0 -1 0
    outer loop
      vertex -18.5 5.25 0
      vertex -21.6425 5.25 1.7962
      vertex -20.9689 5.25 0
    endloop
  endfacet
  facet normal 0 -1 0
    outer loop
      vertex -23.9689 5.25 8
      vertex -18.5 5.25 0
      vertex -18.5 5.25 19
    endloop
  endfacet
  facet normal -0.94616 0 -0.323699
    outer loop
      vertex -21.2414 -5.25 207.013
      vertex -21.2414 5.25 207.013
      vertex -18.5 5.25 199
    endloop
  endfacet
  facet normal -0.946173 -0 -0.323662
    outer loop
      vertex -21.2414 5.25 207.013
      vertex -21.2414 -5.25 207.013
      vertex -23.0414 0.79424 212.275
    endloop
  endfacet
  facet normal -0.946173 0 -0.323662
    outer loop
      vertex -23.0414 -0.79424 212.275
      vertex -23.0414 0.79424 212.275
      vertex -21.2414 -5.25 207.013
    endloop
  endfacet
  facet normal -0.94612 -6.14297e-05 -0.323817
    outer loop
      vertex -23.1599 0.417695 212.621
      vertex -23.0414 -0.79424 212.275
      vertex -23.2913 0 213.005
    endloop
  endfacet
  facet normal -0.94616 0 -0.323699
    outer loop
      vertex -21.2414 -5.25 207.013
      vertex -18.5 5.25 199
      vertex -18.5 -5.25 199
    endloop
  endfacet
  facet normal -0.946054 -0 -0.32401
    outer loop
      vertex -23.0414 0.79424 212.275
      vertex -23.0414 -0.79424 212.275
      vertex -23.1599 0.417695 212.621
    endloop
  endfacet
  facet normal -1 0 0
    outer loop
      vertex -18.5 -5.25 177
      vertex -18.5 5.25 199
      vertex -18.5 5.25 177
    endloop
  endfacet
  facet normal -1 -0 0
    outer loop
      vertex -18.5 5.25 199
      vertex -18.5 -5.25 177
      vertex -18.5 -5.25 199
    endloop
  endfacet
  facet normal -0.914918 0 0.40364
    outer loop
      vertex -26 -5.25 160
      vertex -18.5 5.25 177
      vertex -26 5.25 160
    endloop
  endfacet
  facet normal -0.914918 0 0.40364
    outer loop
      vertex -18.5 5.25 177
      vertex -26 -5.25 160
      vertex -18.5 -5.25 177
    endloop
  endfacet
  facet normal -0.989358 -3.04692e-06 0.145499
    outer loop
      vertex -27.2014 -2.33389 151.83
      vertex -26.1558 5.25 158.94
      vertex -28.0382 0 146.14
    endloop
  endfacet
  facet normal -0.989359 0 0.145496
    outer loop
      vertex -26.1558 -5.25 158.94
      vertex -26.1558 5.25 158.94
      vertex -27.2014 -2.33389 151.83
    endloop
  endfacet
  facet normal -0.98937 0 0.145419
    outer loop
      vertex -26.1558 5.25 158.94
      vertex -26.1558 -5.25 158.94
      vertex -26 5.25 160
    endloop
  endfacet
  facet normal -0.98937 0 0.145419
    outer loop
      vertex -26 5.25 160
      vertex -26.1558 -5.25 158.94
      vertex -26 -5.25 160
    endloop
  endfacet
  facet normal -0.993732 0 -0.111793
    outer loop
      vertex -20.1614 -5.25 33.7683
      vertex -20.1614 5.25 33.7683
      vertex -18.5 5.25 19
    endloop
  endfacet
  facet normal -0.993732 0 -0.111793
    outer loop
      vertex -20.1614 -5.25 33.7683
      vertex -18.5 5.25 19
      vertex -18.5 -5.25 19
    endloop
  endfacet
  facet normal -0.993731 -0 -0.111797
    outer loop
      vertex -20.1614 5.25 33.7683
      vertex -20.1614 -5.25 33.7683
      vertex -21.2049 0 43.0437
    endloop
  endfacet
  facet normal -1 0 0
    outer loop
      vertex -18.5 -5.25 0
      vertex -18.5 5.25 19
      vertex -18.5 5.25 0
    endloop
  endfacet
  facet normal -1 -0 0
    outer loop
      vertex -18.5 5.25 19
      vertex -18.5 -5.25 0
      vertex -18.5 -5.25 19
    endloop
  endfacet
  facet normal -0.866023 0.500004 0
    outer loop
      vertex -4.70337 -18.6465 177
      vertex -8.45336 -25.1416 160
      vertex -4.70337 -18.6465 199
    endloop
  endfacet
  facet normal -0.866024 0.500002 6.08748e-07
    outer loop
      vertex -4.70337 -18.6465 199
      vertex -8.31075 -24.8946 176.543
      vertex -6.07406 -21.0206 207.013
    endloop
  endfacet
  facet normal -0.866023 0.500003 1.65395e-07
    outer loop
      vertex -8.31075 -24.8946 176.543
      vertex -4.70337 -18.6465 199
      vertex -8.45336 -25.1416 160
    endloop
  endfacet
  facet normal -0.866069 0.499925 2.72053e-06
    outer loop
      vertex -8.53129 -25.2766 158.94
      vertex -8.61481 -25.4213 160.801
      vertex -8.45336 -25.1416 160
    endloop
  endfacet
  facet normal -0.866082 0.499902 -8.08985e-06
    outer loop
      vertex -8.93782 -25.9808 168
      vertex -8.45336 -25.1416 160
      vertex -8.61481 -25.4213 160.801
    endloop
  endfacet
  facet normal -0.866045 0.499966 9.11541e-07
    outer loop
      vertex -8.45336 -25.1416 160
      vertex -8.93782 -25.9808 168
      vertex -8.31075 -24.8946 176.543
    endloop
  endfacet
  facet normal -0.866025 0.500001 0
    outer loop
      vertex -7.43782 -23.3827 16
      vertex -4.70337 -18.6465 19
      vertex -7.43782 -23.3827 12.4373
    endloop
  endfacet
  facet normal -0.866025 0.500001 -9.56753e-07
    outer loop
      vertex -4.70337 -18.6465 19
      vertex -7.43782 -23.3827 16
      vertex -5.53408 -20.0853 33.7683
    endloop
  endfacet
  facet normal -0.866022 0.500005 3.77424e-06
    outer loop
      vertex -7.43782 -23.3827 8
      vertex -4.70337 -18.6465 0
      vertex -5.93782 -20.7846 0
    endloop
  endfacet
  facet normal -0.866025 0.500001 0
    outer loop
      vertex -4.70337 -18.6465 0
      vertex -7.43782 -23.3827 8
      vertex -4.70337 -18.6465 19
    endloop
  endfacet
  facet normal -0.866025 0.500001 0
    outer loop
      vertex -4.70337 -18.6465 19
      vertex -7.43782 -23.3827 8
      vertex -7.43782 -23.3827 12.4373
    endloop
  endfacet
  facet normal 0.866022 -0.500005 0
    outer loop
      vertex -13.7966 -13.3965 199
      vertex -17.5466 -19.8916 160
      vertex -13.7966 -13.3965 177
    endloop
  endfacet
  facet normal 0.866022 -0.500006 -8.00566e-07
    outer loop
      vertex -17.1927 -19.2786 179.421
      vertex -13.7966 -13.3965 199
      vertex -15.1673 -15.7706 207.013
    endloop
  endfacet
  facet normal 0.86601 -0.500026 7.52843e-06
    outer loop
      vertex -17.404 -19.6446 176.543
      vertex -13.7966 -13.3965 199
      vertex -17.1927 -19.2786 179.421
    endloop
  endfacet
  facet normal 0.866021 -0.500007 4.31526e-07
    outer loop
      vertex -13.7966 -13.3965 199
      vertex -17.404 -19.6446 176.543
      vertex -17.5466 -19.8916 160
    endloop
  endfacet
  facet normal 0.865968 -0.5001 -3.0177e-05
    outer loop
      vertex -17.5466 -19.8916 160
      vertex -17.7081 -20.1713 160.801
      vertex -17.6246 -20.0266 158.94
    endloop
  endfacet
  facet normal 0.866031 -0.49999 8.62816e-08
    outer loop
      vertex -18.0311 -20.7308 168
      vertex -17.5466 -19.8916 160
      vertex -17.404 -19.6446 176.543
    endloop
  endfacet
  facet normal 0.865994 -0.500054 -8.93433e-06
    outer loop
      vertex -17.5466 -19.8916 160
      vertex -18.0311 -20.7308 168
      vertex -17.7081 -20.1713 160.801
    endloop
  endfacet
  facet normal 0.866019 -0.500012 -1.01263e-06
    outer loop
      vertex -15.3653 -16.1135 26.8808
      vertex -13.7966 -13.3965 19
      vertex -14.6273 -14.8353 33.7683
    endloop
  endfacet
  facet normal 0.866021 -0.500008 7.70117e-07
    outer loop
      vertex -16.5311 -18.1327 16
      vertex -13.7966 -13.3965 19
      vertex -15.3653 -16.1135 26.8808
    endloop
  endfacet
  facet normal 0.866021 -0.500007 0
    outer loop
      vertex -13.7966 -13.3965 19
      vertex -16.5311 -18.1327 16
      vertex -16.5311 -18.1327 12.4373
    endloop
  endfacet
  facet normal 0.866021 -0.500007 0
    outer loop
      vertex -16.5311 -18.1327 8
      vertex -13.7966 -13.3965 0
      vertex -13.7966 -13.3965 19
    endloop
  endfacet
  facet normal 0.866014 -0.50002 6.3658e-06
    outer loop
      vertex -13.7966 -13.3965 0
      vertex -15.3679 -16.1179 1.7962
      vertex -15.0311 -15.5346 0
    endloop
  endfacet
  facet normal 0.866021 -0.500007 0
    outer loop
      vertex -16.5311 -18.1327 8
      vertex -13.7966 -13.3965 19
      vertex -16.5311 -18.1327 12.4373
    endloop
  endfacet
  facet normal 0.866006 -0.500034 -2.10729e-05
    outer loop
      vertex -13.7966 -13.3965 0
      vertex -16.5311 -18.1327 8
      vertex -15.3679 -16.1179 1.7962
    endloop
  endfacet
  facet normal -0.473041 -0.819393 -0.323771
    outer loop
      vertex -10.8329 -20.3516 212.275
      vertex -11.9417 -19.8482 212.621
      vertex -12.2086 -19.5574 212.275
    endloop
  endfacet
  facet normal -0.473054 -0.819336 -0.323896
    outer loop
      vertex -11.9417 -19.8482 212.621
      vertex -10.8329 -20.3516 212.275
      vertex -11.6457 -20.1709 213.005
    endloop
  endfacet
  facet normal -0.473052 -0.819413 -0.323705
    outer loop
      vertex -15.1673 -15.7706 207.013
      vertex -10.8329 -20.3516 212.275
      vertex -12.2086 -19.5574 212.275
    endloop
  endfacet
  facet normal -0.473086 -0.819406 -0.323671
    outer loop
      vertex -15.1673 -15.7706 207.013
      vertex -6.07406 -21.0206 207.013
      vertex -10.8329 -20.3516 212.275
    endloop
  endfacet
  facet normal -0.473081 -0.819399 -0.323697
    outer loop
      vertex -13.7966 -13.3965 199
      vertex -6.07406 -21.0206 207.013
      vertex -15.1673 -15.7706 207.013
    endloop
  endfacet
  facet normal -0.473082 -0.819399 -0.323697
    outer loop
      vertex -6.07406 -21.0206 207.013
      vertex -13.7966 -13.3965 199
      vertex -4.70337 -18.6465 199
    endloop
  endfacet
  facet normal -0.500002 -0.866025 0
    outer loop
      vertex -13.7966 -13.3965 177
      vertex -4.70337 -18.6465 199
      vertex -13.7966 -13.3965 199
    endloop
  endfacet
  facet normal -0.500002 -0.866025 -0
    outer loop
      vertex -4.70337 -18.6465 199
      vertex -13.7966 -13.3965 177
      vertex -4.70337 -18.6465 177
    endloop
  endfacet
  facet normal -0.457461 -0.792343 0.403637
    outer loop
      vertex -8.45336 -25.1416 160
      vertex -13.7966 -13.3965 177
      vertex -17.5466 -19.8916 160
    endloop
  endfacet
  facet normal -0.457461 -0.792343 0.403636
    outer loop
      vertex -13.7966 -13.3965 177
      vertex -8.45336 -25.1416 160
      vertex -4.70337 -18.6465 177
    endloop
  endfacet
  facet normal -0.494676 -0.856808 0.145522
    outer loop
      vertex -8.53129 -25.2766 158.94
      vertex -17.5466 -19.8916 160
      vertex -17.6246 -20.0266 158.94
    endloop
  endfacet
  facet normal -0.494681 -0.85681 0.14549
    outer loop
      vertex -17.5466 -19.8916 160
      vertex -8.53129 -25.2766 158.94
      vertex -8.45336 -25.1416 160
    endloop
  endfacet
  facet normal -0.494678 -0.856811 0.145495
    outer loop
      vertex -8.53129 -25.2766 158.94
      vertex -17.6246 -20.0266 158.94
      vertex -14.0191 -24.2818 146.14
    endloop
  endfacet
  facet normal -0.496867 -0.860595 -0.1118
    outer loop
      vertex -14.6273 -14.8353 33.7683
      vertex -5.53408 -20.0853 33.7683
      vertex -10.6025 -18.364 43.0437
    endloop
  endfacet
  facet normal -0.496868 -0.860596 -0.111792
    outer loop
      vertex -13.7966 -13.3965 19
      vertex -5.53408 -20.0853 33.7683
      vertex -14.6273 -14.8353 33.7683
    endloop
  endfacet
  facet normal -0.496867 -0.860596 -0.111792
    outer loop
      vertex -5.53408 -20.0853 33.7683
      vertex -13.7966 -13.3965 19
      vertex -4.70337 -18.6465 19
    endloop
  endfacet
  facet normal -0.500002 -0.866025 0
    outer loop
      vertex -13.7966 -13.3965 0
      vertex -4.70337 -18.6465 19
      vertex -13.7966 -13.3965 19
    endloop
  endfacet
  facet normal -0.500002 -0.866025 -0
    outer loop
      vertex -4.70337 -18.6465 19
      vertex -13.7966 -13.3965 0
      vertex -4.70337 -18.6465 0
    endloop
  endfacet
  facet normal -0.866022 -0.500005 -0
    outer loop
      vertex 13.7966 -13.3965 199
      vertex 13.7966 -13.3965 177
      vertex 17.5466 -19.8916 160
    endloop
  endfacet
  facet normal -0.866021 -0.500007 -1.46153e-06
    outer loop
      vertex 13.7966 -13.3965 199
      vertex 15.4378 -16.2391 203.328
      vertex 15.1673 -15.7706 207.013
    endloop
  endfacet
  facet normal -0.866022 -0.500006 -1.28839e-07
    outer loop
      vertex 13.7966 -13.3965 199
      vertex 17.404 -19.6446 176.543
      vertex 15.4378 -16.2391 203.328
    endloop
  endfacet
  facet normal -0.866021 -0.500007 4.31526e-07
    outer loop
      vertex 17.404 -19.6446 176.543
      vertex 13.7966 -13.3965 199
      vertex 17.5466 -19.8916 160
    endloop
  endfacet
  facet normal -0.865968 -0.5001 -3.0177e-05
    outer loop
      vertex 17.7081 -20.1713 160.801
      vertex 17.5466 -19.8916 160
      vertex 17.6246 -20.0266 158.94
    endloop
  endfacet
  facet normal -0.865994 -0.500054 -8.93433e-06
    outer loop
      vertex 18.0311 -20.7308 168
      vertex 17.5466 -19.8916 160
      vertex 17.7081 -20.1713 160.801
    endloop
  endfacet
  facet normal -0.866031 -0.49999 8.62816e-08
    outer loop
      vertex 17.5466 -19.8916 160
      vertex 18.0311 -20.7308 168
      vertex 17.404 -19.6446 176.543
    endloop
  endfacet
  facet normal -0.866021 -0.500007 -0
    outer loop
      vertex 16.5311 -18.1327 16
      vertex 13.7966 -13.3965 19
      vertex 16.5311 -18.1327 12.4373
    endloop
  endfacet
  facet normal -0.866021 -0.500007 -4.34515e-07
    outer loop
      vertex 13.7966 -13.3965 19
      vertex 16.5311 -18.1327 16
      vertex 14.6273 -14.8353 33.7683
    endloop
  endfacet
  facet normal -0.866014 -0.50002 -8.68366e-06
    outer loop
      vertex 16.1522 -17.4764 5.97927
      vertex 13.7966 -13.3965 0
      vertex 15.0311 -15.5346 0
    endloop
  endfacet
  facet normal -0.866019 -0.500011 0
    outer loop
      vertex 13.7966 -13.3965 0
      vertex 16.1522 -17.4764 5.97927
      vertex 13.7966 -13.3965 19
    endloop
  endfacet
  facet normal -0.866027 -0.499998 -5.47628e-06
    outer loop
      vertex 16.5311 -18.1327 8
      vertex 13.7966 -13.3965 19
      vertex 16.1522 -17.4764 5.97927
    endloop
  endfacet
  facet normal -0.866021 -0.500007 0
    outer loop
      vertex 13.7966 -13.3965 19
      vertex 16.5311 -18.1327 8
      vertex 16.5311 -18.1327 12.4373
    endloop
  endfacet
  facet normal 0.866023 0.500004 0
    outer loop
      vertex 8.45336 -25.1416 160
      vertex 4.70337 -18.6465 177
      vertex 4.70337 -18.6465 199
    endloop
  endfacet
  facet normal 0.866024 0.500002 6.08748e-07
    outer loop
      vertex 8.31075 -24.8946 176.543
      vertex 4.70337 -18.6465 199
      vertex 6.07406 -21.0206 207.013
    endloop
  endfacet
  facet normal 0.866023 0.500003 1.65395e-07
    outer loop
      vertex 4.70337 -18.6465 199
      vertex 8.31075 -24.8946 176.543
      vertex 8.45336 -25.1416 160
    endloop
  endfacet
  facet normal 0.866069 0.499925 2.72053e-06
    outer loop
      vertex 8.53129 -25.2766 158.94
      vertex 8.45336 -25.1416 160
      vertex 8.61481 -25.4213 160.801
    endloop
  endfacet
  facet normal 0.866045 0.499966 9.11541e-07
    outer loop
      vertex 8.93782 -25.9808 168
      vertex 8.45336 -25.1416 160
      vertex 8.31075 -24.8946 176.543
    endloop
  endfacet
  facet normal 0.866082 0.499902 -8.08985e-06
    outer loop
      vertex 8.45336 -25.1416 160
      vertex 8.93782 -25.9808 168
      vertex 8.61481 -25.4213 160.801
    endloop
  endfacet
  facet normal 0.866025 0.500001 -9.56753e-07
    outer loop
      vertex 7.43782 -23.3827 16
      vertex 4.70337 -18.6465 19
      vertex 5.53408 -20.0853 33.7683
    endloop
  endfacet
  facet normal 0.866025 0.500001 0
    outer loop
      vertex 4.70337 -18.6465 19
      vertex 7.43782 -23.3827 16
      vertex 7.43782 -23.3827 12.4373
    endloop
  endfacet
  facet normal 0.866025 0.500001 0
    outer loop
      vertex 7.43782 -23.3827 8
      vertex 4.70337 -18.6465 0
      vertex 4.70337 -18.6465 19
    endloop
  endfacet
  facet normal 0.866025 0.500001 -0
    outer loop
      vertex 7.43782 -23.3827 8
      vertex 4.70337 -18.6465 19
      vertex 7.43782 -23.3827 12.4373
    endloop
  endfacet
  facet normal 0.866022 0.500005 3.77424e-06
    outer loop
      vertex 4.70337 -18.6465 0
      vertex 7.43782 -23.3827 8
      vertex 5.93782 -20.7846 0
    endloop
  endfacet
  facet normal 0.473026 -0.819367 -0.323857
    outer loop
      vertex 10.8329 -20.3516 212.275
      vertex 12.2086 -19.5574 212.275
      vertex 11.6457 -20.1709 213.005
    endloop
  endfacet
  facet normal 0.473086 -0.819406 -0.323671
    outer loop
      vertex 15.1673 -15.7706 207.013
      vertex 10.8329 -20.3516 212.275
      vertex 6.07406 -21.0206 207.013
    endloop
  endfacet
  facet normal 0.473052 -0.819413 -0.323705
    outer loop
      vertex 10.8329 -20.3516 212.275
      vertex 15.1673 -15.7706 207.013
      vertex 12.2086 -19.5574 212.275
    endloop
  endfacet
  facet normal 0.473082 -0.819399 -0.323697
    outer loop
      vertex 13.7966 -13.3965 199
      vertex 6.07406 -21.0206 207.013
      vertex 4.70337 -18.6465 199
    endloop
  endfacet
  facet normal 0.473081 -0.819399 -0.323697
    outer loop
      vertex 6.07406 -21.0206 207.013
      vertex 13.7966 -13.3965 199
      vertex 15.1673 -15.7706 207.013
    endloop
  endfacet
  facet normal 0.500002 -0.866025 0
    outer loop
      vertex 4.70337 -18.6465 177
      vertex 13.7966 -13.3965 199
      vertex 4.70337 -18.6465 199
    endloop
  endfacet
  facet normal 0.500002 -0.866025 0
    outer loop
      vertex 13.7966 -13.3965 199
      vertex 4.70337 -18.6465 177
      vertex 13.7966 -13.3965 177
    endloop
  endfacet
  facet normal 0.457461 -0.792343 0.403636
    outer loop
      vertex 8.45336 -25.1416 160
      vertex 13.7966 -13.3965 177
      vertex 4.70337 -18.6465 177
    endloop
  endfacet
  facet normal 0.457461 -0.792343 0.403637
    outer loop
      vertex 13.7966 -13.3965 177
      vertex 8.45336 -25.1416 160
      vertex 17.5466 -19.8916 160
    endloop
  endfacet
  facet normal 0.494681 -0.85681 0.14549
    outer loop
      vertex 8.53129 -25.2766 158.94
      vertex 17.5466 -19.8916 160
      vertex 8.45336 -25.1416 160
    endloop
  endfacet
  facet normal 0.494676 -0.856808 0.145522
    outer loop
      vertex 8.53129 -25.2766 158.94
      vertex 17.6246 -20.0266 158.94
      vertex 17.5466 -19.8916 160
    endloop
  endfacet
  facet normal 0.494678 -0.856811 0.145495
    outer loop
      vertex 8.53129 -25.2766 158.94
      vertex 15.6219 -22.3902 151.83
      vertex 17.6246 -20.0266 158.94
    endloop
  endfacet
  facet normal 0.494679 -0.85681 0.145496
    outer loop
      vertex 15.6219 -22.3902 151.83
      vertex 8.53129 -25.2766 158.94
      vertex 14.0191 -24.2818 146.14
    endloop
  endfacet
  facet normal 0.496867 -0.860595 -0.1118
    outer loop
      vertex 5.53408 -20.0853 33.7683
      vertex 14.6273 -14.8353 33.7683
      vertex 10.6025 -18.364 43.0437
    endloop
  endfacet
  facet normal 0.496867 -0.860596 -0.111792
    outer loop
      vertex 13.7966 -13.3965 19
      vertex 5.53408 -20.0853 33.7683
      vertex 4.70337 -18.6465 19
    endloop
  endfacet
  facet normal 0.496868 -0.860596 -0.111792
    outer loop
      vertex 5.53408 -20.0853 33.7683
      vertex 13.7966 -13.3965 19
      vertex 14.6273 -14.8353 33.7683
    endloop
  endfacet
  facet normal 0.500002 -0.866025 0
    outer loop
      vertex 4.70337 -18.6465 0
      vertex 13.7966 -13.3965 19
      vertex 4.70337 -18.6465 19
    endloop
  endfacet
  facet normal 0.500002 -0.866025 0
    outer loop
      vertex 13.7966 -13.3965 19
      vertex 4.70337 -18.6465 0
      vertex 13.7966 -13.3965 0
    endloop
  endfacet
  facet normal -0.866026 0.499998 0
    outer loop
      vertex -23.9689 5.25 8
      vertex -16.5311 18.1327 12.4373
      vertex -16.5311 18.1327 8
    endloop
  endfacet
  facet normal -0.866026 0.499998 0
    outer loop
      vertex -23.9689 5.25 16
      vertex -16.5311 18.1327 12.4373
      vertex -23.9689 5.25 8
    endloop
  endfacet
  facet normal -0.866026 0.499998 0
    outer loop
      vertex -16.5311 18.1327 12.4373
      vertex -23.9689 5.25 16
      vertex -16.5311 18.1327 16
    endloop
  endfacet
  facet normal -0.851488 0.491604 0.182463
    outer loop
      vertex -20.1614 5.25 33.7683
      vertex -9.75 16.8875 51
      vertex -21.6373 5.25 26.8808
    endloop
  endfacet
  facet normal -0.851488 0.491606 0.182461
    outer loop
      vertex -21.2049 0 43.0437
      vertex -9.75 16.8875 51
      vertex -20.1614 5.25 33.7683
    endloop
  endfacet
  facet normal -0.851488 0.491607 0.182459
    outer loop
      vertex -9.75 16.8875 51
      vertex -21.2049 0 43.0437
      vertex -19.5 0 51
    endloop
  endfacet
  facet normal -0.851488 0.491605 0.182462
    outer loop
      vertex -21.6373 5.25 26.8808
      vertex -16.5311 18.1327 16
      vertex -23.9689 5.25 16
    endloop
  endfacet
  facet normal -0.851496 0.491591 0.182464
    outer loop
      vertex -14.6273 14.8353 33.7683
      vertex -9.75 16.8875 51
      vertex -10.6025 18.364 43.0437
    endloop
  endfacet
  facet normal -0.851487 0.491607 0.182465
    outer loop
      vertex -16.5311 18.1327 16
      vertex -21.6373 5.25 26.8808
      vertex -14.6273 14.8353 33.7683
    endloop
  endfacet
  facet normal -0.851486 0.49161 0.182458
    outer loop
      vertex -14.6273 14.8353 33.7683
      vertex -21.6373 5.25 26.8808
      vertex -9.75 16.8875 51
    endloop
  endfacet
  facet normal -0.863423 0.498493 -0.0774879
    outer loop
      vertex -15.6219 22.3902 151.83
      vertex -26.1558 5.25 158.94
      vertex -17.6246 20.0266 158.94
    endloop
  endfacet
  facet normal -0.863422 0.498495 -0.0774866
    outer loop
      vertex -28.0382 0 146.14
      vertex -15.6219 22.3902 151.83
      vertex -19.5 0 51
    endloop
  endfacet
  facet normal -0.863423 0.498495 -0.0774837
    outer loop
      vertex -15.6219 22.3902 151.83
      vertex -28.0382 0 146.14
      vertex -26.1558 5.25 158.94
    endloop
  endfacet
  facet normal -0.863423 0.498493 -0.0775001
    outer loop
      vertex -26.1558 5.25 158.94
      vertex -17.7081 20.1713 160.801
      vertex -17.6246 20.0266 158.94
    endloop
  endfacet
  facet normal -0.863424 0.498492 -0.077489
    outer loop
      vertex -26.9689 5.25 168
      vertex -17.7081 20.1713 160.801
      vertex -26.1558 5.25 158.94
    endloop
  endfacet
  facet normal -0.863423 0.498495 -0.0774821
    outer loop
      vertex -17.7081 20.1713 160.801
      vertex -26.9689 5.25 168
      vertex -18.0311 20.7308 168
    endloop
  endfacet
  facet normal -0.863422 0.498497 -0.0774865
    outer loop
      vertex -19.5 0 51
      vertex -14.0191 24.2818 146.14
      vertex -9.75 16.8875 51
    endloop
  endfacet
  facet normal -0.863417 0.498505 -0.0774889
    outer loop
      vertex -14.0191 24.2818 146.14
      vertex -19.5 0 51
      vertex -15.6219 22.3902 151.83
    endloop
  endfacet
  facet normal -0.859109 0.496009 0.126123
    outer loop
      vertex -21.2414 5.25 207.013
      vertex -15.4378 16.2391 203.328
      vertex -25.2921 5.25 179.421
    endloop
  endfacet
  facet normal -0.859109 0.496009 0.126125
    outer loop
      vertex -15.4378 16.2391 203.328
      vertex -21.2414 5.25 207.013
      vertex -15.1673 15.7706 207.013
    endloop
  endfacet
  facet normal -0.859111 0.49601 0.126104
    outer loop
      vertex -21.2414 5.25 207.013
      vertex -12.2086 19.5574 212.275
      vertex -15.1673 15.7706 207.013
    endloop
  endfacet
  facet normal -0.859112 0.496003 0.126125
    outer loop
      vertex -12.2086 19.5574 212.275
      vertex -21.2414 5.25 207.013
      vertex -23.0414 0.79424 212.275
    endloop
  endfacet
  facet normal -0.85911 0.496005 0.126128
    outer loop
      vertex -26.9689 5.25 168
      vertex -17.404 19.6446 176.543
      vertex -18.0311 20.7308 168
    endloop
  endfacet
  facet normal -0.859111 0.496003 0.126132
    outer loop
      vertex -25.2921 5.25 179.421
      vertex -17.404 19.6446 176.543
      vertex -26.9689 5.25 168
    endloop
  endfacet
  facet normal -0.859112 0.496002 0.126127
    outer loop
      vertex -17.404 19.6446 176.543
      vertex -25.2921 5.25 179.421
      vertex -15.4378 16.2391 203.328
    endloop
  endfacet
  facet normal -0.840712 0.485293 0.240195
    outer loop
      vertex -19.5 0 226.275
      vertex -23.1599 0.417695 212.621
      vertex -23.2913 0 213.005
    endloop
  endfacet
  facet normal -0.840674 0.485363 0.240187
    outer loop
      vertex -23.1599 0.417695 212.621
      vertex -19.5 0 226.275
      vertex -9.75 16.8875 226.275
    endloop
  endfacet
  facet normal -0.840612 0.485462 0.240205
    outer loop
      vertex -12.2086 19.5574 212.275
      vertex -9.75 16.8875 226.275
      vertex -11.6457 20.1709 213.005
    endloop
  endfacet
  facet normal -0.840674 0.485358 0.240196
    outer loop
      vertex -23.0414 0.79424 212.275
      vertex -9.75 16.8875 226.275
      vertex -12.2086 19.5574 212.275
    endloop
  endfacet
  facet normal -0.840681 0.485322 0.240245
    outer loop
      vertex -9.75 16.8875 226.275
      vertex -23.0414 0.79424 212.275
      vertex -23.1599 0.417695 212.621
    endloop
  endfacet
  facet normal -0.661692 0.382028 0.64515
    outer loop
      vertex 0 0 246.275
      vertex -9.75 16.8875 226.275
      vertex -19.5 0 226.275
    endloop
  endfacet
  facet normal 0 0 -1
    outer loop
      vertex 4.70337 -18.6465 0
      vertex 3.94352 -13 0
      vertex 4.57665 -12.7909 0
    endloop
  endfacet
  facet normal 0 0 -1
    outer loop
      vertex 4.70337 -18.6465 0
      vertex 3.30089 -13.1779 0
      vertex 3.94352 -13 0
    endloop
  endfacet
  facet normal 0 0 -1
    outer loop
      vertex 4.70337 -18.6465 0
      vertex 2.6503 -13.324 0
      vertex 3.30089 -13.1779 0
    endloop
  endfacet
  facet normal 0 0 -1
    outer loop
      vertex 4.70337 -18.6465 0
      vertex 1.99333 -13.438 0
      vertex 2.6503 -13.324 0
    endloop
  endfacet
  facet normal 0 0 -1
    outer loop
      vertex 4.70337 -18.6465 0
      vertex 1.33156 -13.5196 0
      vertex 1.99333 -13.438 0
    endloop
  endfacet
  facet normal 0 0 -1
    outer loop
      vertex -4.70337 -18.6465 0
      vertex 4.70337 -18.6465 0
      vertex 5.93782 -20.7846 0
    endloop
  endfacet
  facet normal 0 0 -1
    outer loop
      vertex 4.70337 -18.6465 0
      vertex 0.666584 -13.5686 0
      vertex 1.33156 -13.5196 0
    endloop
  endfacet
  facet normal 0 -0 -1
    outer loop
      vertex 0 -13.585 0
      vertex 4.70337 -18.6465 0
      vertex -4.70337 -18.6465 0
    endloop
  endfacet
  facet normal 0 0 -1
    outer loop
      vertex 4.70337 -18.6465 0
      vertex 0 -13.585 0
      vertex 0.666584 -13.5686 0
    endloop
  endfacet
  facet normal -0 0 -1
    outer loop
      vertex 0 -13.585 0
      vertex -4.70337 -18.6465 0
      vertex -0.666584 -13.5686 0
    endloop
  endfacet
  facet normal -0 0 -1
    outer loop
      vertex -0.666584 -13.5686 0
      vertex -4.70337 -18.6465 0
      vertex -1.33156 -13.5196 0
    endloop
  endfacet
  facet normal -0 0 -1
    outer loop
      vertex -1.33156 -13.5196 0
      vertex -4.70337 -18.6465 0
      vertex -1.99333 -13.438 0
    endloop
  endfacet
  facet normal -0 0 -1
    outer loop
      vertex -1.99333 -13.438 0
      vertex -4.70337 -18.6465 0
      vertex -2.6503 -13.324 0
    endloop
  endfacet
  facet normal -0 0 -1
    outer loop
      vertex -2.6503 -13.324 0
      vertex -4.70337 -18.6465 0
      vertex -3.30089 -13.1779 0
    endloop
  endfacet
  facet normal -0 0 -1
    outer loop
      vertex -3.30089 -13.1779 0
      vertex -4.70337 -18.6465 0
      vertex -3.94352 -13 0
    endloop
  endfacet
  facet normal -0 0 -1
    outer loop
      vertex -3.94352 -13 0
      vertex -4.70337 -18.6465 0
      vertex -4.57665 -12.7909 0
    endloop
  endfacet
  facet normal 0 -0 -1
    outer loop
      vertex -4.70337 -18.6465 0
      vertex 5.93782 -20.7846 0
      vertex -5.93782 -20.7846 0
    endloop
  endfacet
  facet normal 0 0 -1
    outer loop
      vertex 13.5196 1.33156 0
      vertex 18.5 5.25 0
      vertex 13.5686 0.666584 0
    endloop
  endfacet
  facet normal 0 0 -1
    outer loop
      vertex 13.438 1.99333 0
      vertex 18.5 5.25 0
      vertex 13.5196 1.33156 0
    endloop
  endfacet
  facet normal 0 0 -1
    outer loop
      vertex 13.324 2.6503 0
      vertex 18.5 5.25 0
      vertex 13.438 1.99333 0
    endloop
  endfacet
  facet normal 0 0 -1
    outer loop
      vertex 13.1779 3.30089 0
      vertex 18.5 5.25 0
      vertex 13.324 2.6503 0
    endloop
  endfacet
  facet normal 0 0 -1
    outer loop
      vertex 13 3.94352 0
      vertex 18.5 5.25 0
      vertex 13.1779 3.30089 0
    endloop
  endfacet
  facet normal 0 0 -1
    outer loop
      vertex 12.7909 4.57665 0
      vertex 18.5 5.25 0
      vertex 13 3.94352 0
    endloop
  endfacet
  facet normal 0 0 -1
    outer loop
      vertex 12.5509 5.19875 0
      vertex 18.5 5.25 0
      vertex 12.7909 4.57665 0
    endloop
  endfacet
  facet normal 0 0 -1
    outer loop
      vertex 12.2807 5.80834 0
      vertex 18.5 5.25 0
      vertex 12.5509 5.19875 0
    endloop
  endfacet
  facet normal 0 0 -1
    outer loop
      vertex 11.9809 6.40392 0
      vertex 18.5 5.25 0
      vertex 12.2807 5.80834 0
    endloop
  endfacet
  facet normal 0 0 -1
    outer loop
      vertex 11.6522 6.98409 0
      vertex 18.5 5.25 0
      vertex 11.9809 6.40392 0
    endloop
  endfacet
  facet normal 0 0 -1
    outer loop
      vertex 18.5 5.25 0
      vertex 11.6522 6.98409 0
      vertex 13.7966 13.3965 0
    endloop
  endfacet
  facet normal 0 0 -1
    outer loop
      vertex 11.2955 7.54742 0
      vertex 13.7966 13.3965 0
      vertex 11.6522 6.98409 0
    endloop
  endfacet
  facet normal 0 0 -1
    outer loop
      vertex 10.9116 8.09257 0
      vertex 13.7966 13.3965 0
      vertex 11.2955 7.54742 0
    endloop
  endfacet
  facet normal 0 0 -1
    outer loop
      vertex 10.5013 8.61823 0
      vertex 13.7966 13.3965 0
      vertex 10.9116 8.09257 0
    endloop
  endfacet
  facet normal 0 0 -1
    outer loop
      vertex 10.0658 9.12313 0
      vertex 13.7966 13.3965 0
      vertex 10.5013 8.61823 0
    endloop
  endfacet
  facet normal 0 0 -1
    outer loop
      vertex 9.60604 9.60604 0
      vertex 13.7966 13.3965 0
      vertex 10.0658 9.12313 0
    endloop
  endfacet
  facet normal 0 0 -1
    outer loop
      vertex 9.12313 10.0658 0
      vertex 13.7966 13.3965 0
      vertex 9.60604 9.60604 0
    endloop
  endfacet
  facet normal 0 0 -1
    outer loop
      vertex 8.61823 10.5013 0
      vertex 13.7966 13.3965 0
      vertex 9.12313 10.0658 0
    endloop
  endfacet
  facet normal 0 0 -1
    outer loop
      vertex 8.09257 10.9116 0
      vertex 13.7966 13.3965 0
      vertex 8.61823 10.5013 0
    endloop
  endfacet
  facet normal 0 0 -1
    outer loop
      vertex 7.54742 11.2955 0
      vertex 13.7966 13.3965 0
      vertex 8.09257 10.9116 0
    endloop
  endfacet
  facet normal 0 0 -1
    outer loop
      vertex 6.98409 11.6522 0
      vertex 13.7966 13.3965 0
      vertex 7.54742 11.2955 0
    endloop
  endfacet
  facet normal 0 0 -1
    outer loop
      vertex 4.70337 18.6465 0
      vertex 6.98409 11.6522 0
      vertex 6.40392 11.9809 0
    endloop
  endfacet
  facet normal 0 0 -1
    outer loop
      vertex 4.70337 18.6465 0
      vertex 6.40392 11.9809 0
      vertex 5.80834 12.2807 0
    endloop
  endfacet
  facet normal 0 0 -1
    outer loop
      vertex 4.70337 18.6465 0
      vertex 5.80834 12.2807 0
      vertex 5.19875 12.5509 0
    endloop
  endfacet
  facet normal 0 0 -1
    outer loop
      vertex 6.98409 11.6522 0
      vertex 4.70337 18.6465 0
      vertex 13.7966 13.3965 0
    endloop
  endfacet
  facet normal 0 -0 -1
    outer loop
      vertex 4.70337 18.6465 0
      vertex 5.19875 12.5509 0
      vertex 4.57665 12.7909 0
    endloop
  endfacet
  facet normal 0 0 -1
    outer loop
      vertex 13.7966 -13.3965 0
      vertex 18.5 -5.25 0
      vertex 15.0311 -15.5346 0
    endloop
  endfacet
  facet normal 0 0 -1
    outer loop
      vertex 15.0311 -15.5346 0
      vertex 18.5 -5.25 0
      vertex 20.9689 -5.25 0
    endloop
  endfacet
  facet normal 0 0 -1
    outer loop
      vertex 18.5 5.25 0
      vertex 15.0311 15.5346 0
      vertex 20.9689 5.25 0
    endloop
  endfacet
  facet normal 0 -0 -1
    outer loop
      vertex 13.324 -2.6503 0
      vertex 18.5 -5.25 0
      vertex 13.1779 -3.30089 0
    endloop
  endfacet
  facet normal 0 0 -1
    outer loop
      vertex 11.6522 -6.98409 0
      vertex 18.5 -5.25 0
      vertex 13.7966 -13.3965 0
    endloop
  endfacet
  facet normal 0 0 -1
    outer loop
      vertex 13.5686 0.666584 0
      vertex 18.5 5.25 0
      vertex 13.585 0 0
    endloop
  endfacet
  facet normal 0 0 -1
    outer loop
      vertex 18.5 5.25 0
      vertex 13.7966 13.3965 0
      vertex 15.0311 15.5346 0
    endloop
  endfacet
  facet normal 0 0 -1
    outer loop
      vertex 18.5 -5.25 0
      vertex 13.585 0 0
      vertex 18.5 5.25 0
    endloop
  endfacet
  facet normal 0 -0 -1
    outer loop
      vertex 13.585 0 0
      vertex 18.5 -5.25 0
      vertex 13.5686 -0.666584 0
    endloop
  endfacet
  facet normal 0 -0 -1
    outer loop
      vertex 13.5686 -0.666584 0
      vertex 18.5 -5.25 0
      vertex 13.5196 -1.33156 0
    endloop
  endfacet
  facet normal 0 -0 -1
    outer loop
      vertex 13.5196 -1.33156 0
      vertex 18.5 -5.25 0
      vertex 13.438 -1.99333 0
    endloop
  endfacet
  facet normal 0 -0 -1
    outer loop
      vertex 13.438 -1.99333 0
      vertex 18.5 -5.25 0
      vertex 13.324 -2.6503 0
    endloop
  endfacet
  facet normal 0 0 -1
    outer loop
      vertex 18.5 -5.25 0
      vertex 13 -3.94352 0
      vertex 13.1779 -3.30089 0
    endloop
  endfacet
  facet normal 0 0 -1
    outer loop
      vertex 18.5 -5.25 0
      vertex 12.7909 -4.57665 0
      vertex 13 -3.94352 0
    endloop
  endfacet
  facet normal 0 0 -1
    outer loop
      vertex 18.5 -5.25 0
      vertex 12.5509 -5.19875 0
      vertex 12.7909 -4.57665 0
    endloop
  endfacet
  facet normal -0 0 -1
    outer loop
      vertex 18.5 -5.25 0
      vertex 12.2807 -5.80834 0
      vertex 12.5509 -5.19875 0
    endloop
  endfacet
  facet normal 0 0 -1
    outer loop
      vertex 18.5 -5.25 0
      vertex 11.9809 -6.40392 0
      vertex 12.2807 -5.80834 0
    endloop
  endfacet
  facet normal 0 0 -1
    outer loop
      vertex 18.5 -5.25 0
      vertex 11.6522 -6.98409 0
      vertex 11.9809 -6.40392 0
    endloop
  endfacet
  facet normal 0 0 -1
    outer loop
      vertex 13.7966 -13.3965 0
      vertex 11.2955 -7.54742 0
      vertex 11.6522 -6.98409 0
    endloop
  endfacet
  facet normal 0 0 -1
    outer loop
      vertex 13.7966 -13.3965 0
      vertex 10.9116 -8.09257 0
      vertex 11.2955 -7.54742 0
    endloop
  endfacet
  facet normal 0 0 -1
    outer loop
      vertex 13.7966 -13.3965 0
      vertex 10.5013 -8.61823 0
      vertex 10.9116 -8.09257 0
    endloop
  endfacet
  facet normal 0 0 -1
    outer loop
      vertex 13.7966 -13.3965 0
      vertex 10.0658 -9.12313 0
      vertex 10.5013 -8.61823 0
    endloop
  endfacet
  facet normal 0 0 -1
    outer loop
      vertex 13.7966 -13.3965 0
      vertex 9.60604 -9.60604 0
      vertex 10.0658 -9.12313 0
    endloop
  endfacet
  facet normal 0 0 -1
    outer loop
      vertex 13.7966 -13.3965 0
      vertex 9.12313 -10.0658 0
      vertex 9.60604 -9.60604 0
    endloop
  endfacet
  facet normal 0 0 -1
    outer loop
      vertex 13.7966 -13.3965 0
      vertex 8.61823 -10.5013 0
      vertex 9.12313 -10.0658 0
    endloop
  endfacet
  facet normal 0 0 -1
    outer loop
      vertex 13.7966 -13.3965 0
      vertex 8.09257 -10.9116 0
      vertex 8.61823 -10.5013 0
    endloop
  endfacet
  facet normal 0 0 -1
    outer loop
      vertex 13.7966 -13.3965 0
      vertex 7.54742 -11.2955 0
      vertex 8.09257 -10.9116 0
    endloop
  endfacet
  facet normal 0 0 -1
    outer loop
      vertex 13.7966 -13.3965 0
      vertex 6.98409 -11.6522 0
      vertex 7.54742 -11.2955 0
    endloop
  endfacet
  facet normal 0 0 -1
    outer loop
      vertex 4.70337 -18.6465 0
      vertex 6.98409 -11.6522 0
      vertex 13.7966 -13.3965 0
    endloop
  endfacet
  facet normal 0 0 -1
    outer loop
      vertex 6.98409 -11.6522 0
      vertex 4.70337 -18.6465 0
      vertex 6.40392 -11.9809 0
    endloop
  endfacet
  facet normal 0 0 -1
    outer loop
      vertex 6.40392 -11.9809 0
      vertex 4.70337 -18.6465 0
      vertex 5.80834 -12.2807 0
    endloop
  endfacet
  facet normal 0 0 -1
    outer loop
      vertex 5.80834 -12.2807 0
      vertex 4.70337 -18.6465 0
      vertex 5.19875 -12.5509 0
    endloop
  endfacet
  facet normal 0 0 -1
    outer loop
      vertex 5.19875 -12.5509 0
      vertex 4.70337 -18.6465 0
      vertex 4.57665 -12.7909 0
    endloop
  endfacet
  facet normal 0 0 -1
    outer loop
      vertex 3.94352 13 0
      vertex 4.70337 18.6465 0
      vertex 4.57665 12.7909 0
    endloop
  endfacet
  facet normal 0 0 -1
    outer loop
      vertex 3.30089 13.1779 0
      vertex 4.70337 18.6465 0
      vertex 3.94352 13 0
    endloop
  endfacet
  facet normal 0 0 -1
    outer loop
      vertex 2.6503 13.324 0
      vertex 4.70337 18.6465 0
      vertex 3.30089 13.1779 0
    endloop
  endfacet
  facet normal 0 0 -1
    outer loop
      vertex 1.99333 13.438 0
      vertex 4.70337 18.6465 0
      vertex 2.6503 13.324 0
    endloop
  endfacet
  facet normal 0 0 -1
    outer loop
      vertex 1.33156 13.5196 0
      vertex 4.70337 18.6465 0
      vertex 1.99333 13.438 0
    endloop
  endfacet
  facet normal 0 0 -1
    outer loop
      vertex 0.666584 13.5686 0
      vertex 4.70337 18.6465 0
      vertex 1.33156 13.5196 0
    endloop
  endfacet
  facet normal 0 0 -1
    outer loop
      vertex 0 13.585 0
      vertex 4.70337 18.6465 0
      vertex 0.666584 13.5686 0
    endloop
  endfacet
  facet normal -0 0 -1
    outer loop
      vertex 4.70337 18.6465 0
      vertex 0 13.585 0
      vertex -4.70337 18.6465 0
    endloop
  endfacet
  facet normal 0 0 -1
    outer loop
      vertex -4.70337 18.6465 0
      vertex 0 13.585 0
      vertex -0.666584 13.5686 0
    endloop
  endfacet
  facet normal 0 0 -1
    outer loop
      vertex -4.70337 18.6465 0
      vertex -0.666584 13.5686 0
      vertex -1.33156 13.5196 0
    endloop
  endfacet
  facet normal 0 0 -1
    outer loop
      vertex -4.70337 18.6465 0
      vertex -1.33156 13.5196 0
      vertex -1.99333 13.438 0
    endloop
  endfacet
  facet normal 0 0 -1
    outer loop
      vertex -4.70337 18.6465 0
      vertex -1.99333 13.438 0
      vertex -2.6503 13.324 0
    endloop
  endfacet
  facet normal 0 0 -1
    outer loop
      vertex -4.70337 18.6465 0
      vertex -2.6503 13.324 0
      vertex -3.30089 13.1779 0
    endloop
  endfacet
  facet normal 0 0 -1
    outer loop
      vertex -4.70337 18.6465 0
      vertex -3.30089 13.1779 0
      vertex -3.94352 13 0
    endloop
  endfacet
  facet normal 0 0 -1
    outer loop
      vertex -4.70337 18.6465 0
      vertex -3.94352 13 0
      vertex -4.57665 12.7909 0
    endloop
  endfacet
  facet normal 0 0 -1
    outer loop
      vertex 4.70337 18.6465 0
      vertex -4.70337 18.6465 0
      vertex 5.93782 20.7846 0
    endloop
  endfacet
  facet normal -0 0 -1
    outer loop
      vertex 5.93782 20.7846 0
      vertex -4.70337 18.6465 0
      vertex -5.93782 20.7846 0
    endloop
  endfacet
  facet normal -0 0 -1
    outer loop
      vertex -13.7966 13.3965 0
      vertex -18.5 5.25 0
      vertex -15.0311 15.5346 0
    endloop
  endfacet
  facet normal 0 0 -1
    outer loop
      vertex -15.0311 15.5346 0
      vertex -18.5 5.25 0
      vertex -20.9689 5.25 0
    endloop
  endfacet
  facet normal 0 0 -1
    outer loop
      vertex -5.19875 12.5509 0
      vertex -4.70337 18.6465 0
      vertex -4.57665 12.7909 0
    endloop
  endfacet
  facet normal 0 0 -1
    outer loop
      vertex -5.80834 12.2807 0
      vertex -4.70337 18.6465 0
      vertex -5.19875 12.5509 0
    endloop
  endfacet
  facet normal 0 0 -1
    outer loop
      vertex -6.40392 11.9809 0
      vertex -4.70337 18.6465 0
      vertex -5.80834 12.2807 0
    endloop
  endfacet
  facet normal 0 0 -1
    outer loop
      vertex -6.98409 11.6522 0
      vertex -4.70337 18.6465 0
      vertex -6.40392 11.9809 0
    endloop
  endfacet
  facet normal 0 0 -1
    outer loop
      vertex -13.7966 13.3965 0
      vertex -6.98409 11.6522 0
      vertex -7.54742 11.2955 0
    endloop
  endfacet
  facet normal 0 0 -1
    outer loop
      vertex -13.7966 13.3965 0
      vertex -7.54742 11.2955 0
      vertex -8.09257 10.9116 0
    endloop
  endfacet
  facet normal 0 0 -1
    outer loop
      vertex -13.7966 13.3965 0
      vertex -8.09257 10.9116 0
      vertex -8.61823 10.5013 0
    endloop
  endfacet
  facet normal 0 0 -1
    outer loop
      vertex -13.7966 13.3965 0
      vertex -8.61823 10.5013 0
      vertex -9.12313 10.0658 0
    endloop
  endfacet
  facet normal 0 0 -1
    outer loop
      vertex -13.7966 13.3965 0
      vertex -9.12313 10.0658 0
      vertex -9.60604 9.60604 0
    endloop
  endfacet
  facet normal 0 0 -1
    outer loop
      vertex -13.7966 13.3965 0
      vertex -9.60604 9.60604 0
      vertex -10.0658 9.12313 0
    endloop
  endfacet
  facet normal 0 0 -1
    outer loop
      vertex -13.7966 13.3965 0
      vertex -10.0658 9.12313 0
      vertex -10.5013 8.61823 0
    endloop
  endfacet
  facet normal 0 0 -1
    outer loop
      vertex -13.7966 13.3965 0
      vertex -10.5013 8.61823 0
      vertex -10.9116 8.09257 0
    endloop
  endfacet
  facet normal 0 0 -1
    outer loop
      vertex -13.7966 13.3965 0
      vertex -10.9116 8.09257 0
      vertex -11.2955 7.54742 0
    endloop
  endfacet
  facet normal 0 0 -1
    outer loop
      vertex -13.7966 13.3965 0
      vertex -11.2955 7.54742 0
      vertex -11.6522 6.98409 0
    endloop
  endfacet
  facet normal 0 0 -1
    outer loop
      vertex -6.98409 11.6522 0
      vertex -13.7966 13.3965 0
      vertex -4.70337 18.6465 0
    endloop
  endfacet
  facet normal 0 0 -1
    outer loop
      vertex -18.5 5.25 0
      vertex -11.6522 6.98409 0
      vertex -11.9809 6.40392 0
    endloop
  endfacet
  facet normal 0 0 -1
    outer loop
      vertex -18.5 5.25 0
      vertex -11.9809 6.40392 0
      vertex -12.2807 5.80834 0
    endloop
  endfacet
  facet normal 0 0 -1
    outer loop
      vertex -18.5 5.25 0
      vertex -12.2807 5.80834 0
      vertex -12.5509 5.19875 0
    endloop
  endfacet
  facet normal 0 0 -1
    outer loop
      vertex -18.5 5.25 0
      vertex -12.5509 5.19875 0
      vertex -12.7909 4.57665 0
    endloop
  endfacet
  facet normal 0 0 -1
    outer loop
      vertex -18.5 5.25 0
      vertex -12.7909 4.57665 0
      vertex -13 3.94352 0
    endloop
  endfacet
  facet normal 0 0 -1
    outer loop
      vertex -18.5 5.25 0
      vertex -13 3.94352 0
      vertex -13.1779 3.30089 0
    endloop
  endfacet
  facet normal 0 0 -1
    outer loop
      vertex -13.438 1.99333 0
      vertex -18.5 5.25 0
      vertex -13.324 2.6503 0
    endloop
  endfacet
  facet normal 0 0 -1
    outer loop
      vertex -13.5196 1.33156 0
      vertex -18.5 5.25 0
      vertex -13.438 1.99333 0
    endloop
  endfacet
  facet normal 0 0 -1
    outer loop
      vertex -13.5686 0.666584 0
      vertex -18.5 5.25 0
      vertex -13.5196 1.33156 0
    endloop
  endfacet
  facet normal 0 0 -1
    outer loop
      vertex -13.585 0 0
      vertex -18.5 5.25 0
      vertex -13.5686 0.666584 0
    endloop
  endfacet
  facet normal 0 0 -1
    outer loop
      vertex -18.5 5.25 0
      vertex -13.585 0 0
      vertex -18.5 -5.25 0
    endloop
  endfacet
  facet normal -0 0 -1
    outer loop
      vertex -13.5686 -0.666584 0
      vertex -18.5 -5.25 0
      vertex -13.585 0 0
    endloop
  endfacet
  facet normal 0 0 -1
    outer loop
      vertex -18.5 -5.25 0
      vertex -13.7966 -13.3965 0
      vertex -15.0311 -15.5346 0
    endloop
  endfacet
  facet normal 0 0 -1
    outer loop
      vertex -13.324 2.6503 0
      vertex -18.5 5.25 0
      vertex -13.1779 3.30089 0
    endloop
  endfacet
  facet normal -0 0 -1
    outer loop
      vertex -11.6522 6.98409 0
      vertex -18.5 5.25 0
      vertex -13.7966 13.3965 0
    endloop
  endfacet
  facet normal -0 -0 -1
    outer loop
      vertex -18.5 -5.25 0
      vertex -15.0311 -15.5346 0
      vertex -20.9689 -5.25 0
    endloop
  endfacet
  facet normal 0 0 -1
    outer loop
      vertex -4.70337 -18.6465 0
      vertex -5.19875 -12.5509 0
      vertex -4.57665 -12.7909 0
    endloop
  endfacet
  facet normal 0 0 -1
    outer loop
      vertex -4.70337 -18.6465 0
      vertex -5.80834 -12.2807 0
      vertex -5.19875 -12.5509 0
    endloop
  endfacet
  facet normal 0 0 -1
    outer loop
      vertex -4.70337 -18.6465 0
      vertex -6.40392 -11.9809 0
      vertex -5.80834 -12.2807 0
    endloop
  endfacet
  facet normal 0 0 -1
    outer loop
      vertex -4.70337 -18.6465 0
      vertex -6.98409 -11.6522 0
      vertex -6.40392 -11.9809 0
    endloop
  endfacet
  facet normal 0 0 -1
    outer loop
      vertex -13.7966 -13.3965 0
      vertex -6.98409 -11.6522 0
      vertex -4.70337 -18.6465 0
    endloop
  endfacet
  facet normal -0 0 -1
    outer loop
      vertex -6.98409 -11.6522 0
      vertex -13.7966 -13.3965 0
      vertex -7.54742 -11.2955 0
    endloop
  endfacet
  facet normal -0 0 -1
    outer loop
      vertex -7.54742 -11.2955 0
      vertex -13.7966 -13.3965 0
      vertex -8.09257 -10.9116 0
    endloop
  endfacet
  facet normal -0 0 -1
    outer loop
      vertex -8.09257 -10.9116 0
      vertex -13.7966 -13.3965 0
      vertex -8.61823 -10.5013 0
    endloop
  endfacet
  facet normal -0 0 -1
    outer loop
      vertex -8.61823 -10.5013 0
      vertex -13.7966 -13.3965 0
      vertex -9.12313 -10.0658 0
    endloop
  endfacet
  facet normal -0 0 -1
    outer loop
      vertex -9.12313 -10.0658 0
      vertex -13.7966 -13.3965 0
      vertex -9.60604 -9.60604 0
    endloop
  endfacet
  facet normal -0 0 -1
    outer loop
      vertex -9.60604 -9.60604 0
      vertex -13.7966 -13.3965 0
      vertex -10.0658 -9.12313 0
    endloop
  endfacet
  facet normal -0 0 -1
    outer loop
      vertex -10.0658 -9.12313 0
      vertex -13.7966 -13.3965 0
      vertex -10.5013 -8.61823 0
    endloop
  endfacet
  facet normal -0 0 -1
    outer loop
      vertex -10.5013 -8.61823 0
      vertex -13.7966 -13.3965 0
      vertex -10.9116 -8.09257 0
    endloop
  endfacet
  facet normal -0 0 -1
    outer loop
      vertex -10.9116 -8.09257 0
      vertex -13.7966 -13.3965 0
      vertex -11.2955 -7.54742 0
    endloop
  endfacet
  facet normal -0 0 -1
    outer loop
      vertex -13.5196 -1.33156 0
      vertex -18.5 -5.25 0
      vertex -13.5686 -0.666584 0
    endloop
  endfacet
  facet normal -0 0 -1
    outer loop
      vertex -13.438 -1.99333 0
      vertex -18.5 -5.25 0
      vertex -13.5196 -1.33156 0
    endloop
  endfacet
  facet normal -0 0 -1
    outer loop
      vertex -13.324 -2.6503 0
      vertex -18.5 -5.25 0
      vertex -13.438 -1.99333 0
    endloop
  endfacet
  facet normal -0 0 -1
    outer loop
      vertex -13.1779 -3.30089 0
      vertex -18.5 -5.25 0
      vertex -13.324 -2.6503 0
    endloop
  endfacet
  facet normal -0 0 -1
    outer loop
      vertex -13 -3.94352 0
      vertex -18.5 -5.25 0
      vertex -13.1779 -3.30089 0
    endloop
  endfacet
  facet normal -0 0 -1
    outer loop
      vertex -12.7909 -4.57665 0
      vertex -18.5 -5.25 0
      vertex -13 -3.94352 0
    endloop
  endfacet
  facet normal -0 0 -1
    outer loop
      vertex -12.5509 -5.19875 0
      vertex -18.5 -5.25 0
      vertex -12.7909 -4.57665 0
    endloop
  endfacet
  facet normal 0 0 -1
    outer loop
      vertex -12.2807 -5.80834 0
      vertex -18.5 -5.25 0
      vertex -12.5509 -5.19875 0
    endloop
  endfacet
  facet normal 0 0 -1
    outer loop
      vertex -11.9809 -6.40392 0
      vertex -18.5 -5.25 0
      vertex -12.2807 -5.80834 0
    endloop
  endfacet
  facet normal 0 0 -1
    outer loop
      vertex -11.6522 -6.98409 0
      vertex -18.5 -5.25 0
      vertex -11.9809 -6.40392 0
    endloop
  endfacet
  facet normal 0 0 -1
    outer loop
      vertex -18.5 -5.25 0
      vertex -11.6522 -6.98409 0
      vertex -13.7966 -13.3965 0
    endloop
  endfacet
  facet normal -0 0 -1
    outer loop
      vertex -11.2955 -7.54742 0
      vertex -13.7966 -13.3965 0
      vertex -11.6522 -6.98409 0
    endloop
  endfacet
  facet normal -0.823678 0.475552 -0.308876
    outer loop
      vertex -23.9689 5.25 8
      vertex -16.1522 17.4764 5.97927
      vertex -21.6425 5.25 1.7962
    endloop
  endfacet
  facet normal -0.823675 0.475547 -0.308894
    outer loop
      vertex -16.1522 17.4764 5.97927
      vertex -23.9689 5.25 8
      vertex -16.5311 18.1327 8
    endloop
  endfacet
  facet normal -0.823675 0.475548 -0.30889
    outer loop
      vertex -21.6425 5.25 1.7962
      vertex -15.0311 15.5346 0
      vertex -20.9689 5.25 0
    endloop
  endfacet
  facet normal -0.823678 0.475552 -0.308876
    outer loop
      vertex -15.0311 15.5346 0
      vertex -21.6425 5.25 1.7962
      vertex -16.1522 17.4764 5.97927
    endloop
  endfacet
  facet normal 0 1 -0
    outer loop
      vertex 7.43782 23.3827 12.4373
      vertex -7.43782 23.3827 16
      vertex 7.43782 23.3827 16
    endloop
  endfacet
  facet normal 0 1 0
    outer loop
      vertex 7.43782 23.3827 12.4373
      vertex -7.43782 23.3827 12.4373
      vertex -7.43782 23.3827 16
    endloop
  endfacet
  facet normal 0 1 -0
    outer loop
      vertex 7.43782 23.3827 8
      vertex -7.43782 23.3827 12.4373
      vertex 7.43782 23.3827 12.4373
    endloop
  endfacet
  facet normal 0 1 0
    outer loop
      vertex -7.43782 23.3827 12.4373
      vertex 7.43782 23.3827 8
      vertex -7.43782 23.3827 8
    endloop
  endfacet
  facet normal 0 0.983213 0.182461
    outer loop
      vertex 10.6025 18.364 43.0437
      vertex -9.75 16.8875 51
      vertex 9.75 16.8875 51
    endloop
  endfacet
  facet normal 0 0.983213 0.182461
    outer loop
      vertex 10.6025 18.364 43.0437
      vertex -10.6025 18.364 43.0437
      vertex -9.75 16.8875 51
    endloop
  endfacet
  facet normal 0 0.983213 0.182462
    outer loop
      vertex 5.53408 20.0853 33.7683
      vertex -10.6025 18.364 43.0437
      vertex 10.6025 18.364 43.0437
    endloop
  endfacet
  facet normal 0 0.983213 0.182462
    outer loop
      vertex 5.53408 20.0853 33.7683
      vertex -5.53408 20.0853 33.7683
      vertex -10.6025 18.364 43.0437
    endloop
  endfacet
  facet normal 0 0.983213 0.182462
    outer loop
      vertex 7.43782 23.3827 16
      vertex -5.53408 20.0853 33.7683
      vertex 5.53408 20.0853 33.7683
    endloop
  endfacet
  facet normal 0 0.983213 0.182462
    outer loop
      vertex -5.53408 20.0853 33.7683
      vertex 7.43782 23.3827 16
      vertex -7.43782 23.3827 16
    endloop
  endfacet
  facet normal 0 0.996993 -0.0774855
    outer loop
      vertex 8.61481 25.4213 160.801
      vertex -8.93782 25.9808 168
      vertex 8.93782 25.9808 168
    endloop
  endfacet
  facet normal 0 0.996993 -0.0774855
    outer loop
      vertex 8.61481 25.4213 160.801
      vertex -8.61481 25.4213 160.801
      vertex -8.93782 25.9808 168
    endloop
  endfacet
  facet normal 0 0.996991 -0.0775199
    outer loop
      vertex 8.53129 25.2766 158.94
      vertex -8.61481 25.4213 160.801
      vertex 8.61481 25.4213 160.801
    endloop
  endfacet
  facet normal 0 0.996991 -0.0775199
    outer loop
      vertex 8.53129 25.2766 158.94
      vertex -8.53129 25.2766 158.94
      vertex -8.61481 25.4213 160.801
    endloop
  endfacet
  facet normal 0 0.996994 -0.0774851
    outer loop
      vertex 14.0191 24.2818 146.14
      vertex -8.53129 25.2766 158.94
      vertex 8.53129 25.2766 158.94
    endloop
  endfacet
  facet normal 0 0.996994 -0.0774851
    outer loop
      vertex 14.0191 24.2818 146.14
      vertex -14.0191 24.2818 146.14
      vertex -8.53129 25.2766 158.94
    endloop
  endfacet
  facet normal 0 0.996993 -0.0774865
    outer loop
      vertex 9.75 16.8875 51
      vertex -14.0191 24.2818 146.14
      vertex 14.0191 24.2818 146.14
    endloop
  endfacet
  facet normal 0 0.996993 -0.0774865
    outer loop
      vertex -14.0191 24.2818 146.14
      vertex 9.75 16.8875 51
      vertex -9.75 16.8875 51
    endloop
  endfacet
  facet normal 0 0.992015 0.126123
    outer loop
      vertex 6.07406 21.0206 207.013
      vertex -10.8329 20.3516 212.275
      vertex 10.8329 20.3516 212.275
    endloop
  endfacet
  facet normal 0 0.992015 0.126123
    outer loop
      vertex 6.07406 21.0206 207.013
      vertex -6.07406 21.0206 207.013
      vertex -10.8329 20.3516 212.275
    endloop
  endfacet
  facet normal 0 0.992014 0.126126
    outer loop
      vertex 8.31075 24.8946 176.543
      vertex -6.07406 21.0206 207.013
      vertex 6.07406 21.0206 207.013
    endloop
  endfacet
  facet normal 0 0.992014 0.126126
    outer loop
      vertex 8.31075 24.8946 176.543
      vertex -8.31075 24.8946 176.543
      vertex -6.07406 21.0206 207.013
    endloop
  endfacet
  facet normal 0 0.992014 0.12613
    outer loop
      vertex 8.93782 25.9808 168
      vertex -8.31075 24.8946 176.543
      vertex 8.31075 24.8946 176.543
    endloop
  endfacet
  facet normal 0 0.992014 0.12613
    outer loop
      vertex -8.31075 24.8946 176.543
      vertex 8.93782 25.9808 168
      vertex -8.93782 25.9808 168
    endloop
  endfacet
  facet normal 8.03239e-05 0.970724 0.240198
    outer loop
      vertex 10.8329 20.3516 212.275
      vertex 9.75 16.8875 226.275
      vertex 11.6457 20.1709 213.005
    endloop
  endfacet
  facet normal 0 0.970725 0.240192
    outer loop
      vertex 9.75 16.8875 226.275
      vertex 10.8329 20.3516 212.275
      vertex -9.75 16.8875 226.275
    endloop
  endfacet
  facet normal -0 0.970725 0.240192
    outer loop
      vertex -10.8329 20.3516 212.275
      vertex -9.75 16.8875 226.275
      vertex 10.8329 20.3516 212.275
    endloop
  endfacet
  facet normal -8.03239e-05 0.970724 0.240198
    outer loop
      vertex -9.75 16.8875 226.275
      vertex -10.8329 20.3516 212.275
      vertex -11.6457 20.1709 213.005
    endloop
  endfacet
  facet normal 0 0.764056 0.64515
    outer loop
      vertex 0 0 246.275
      vertex 9.75 16.8875 226.275
      vertex -9.75 16.8875 226.275
    endloop
  endfacet
  facet normal 0 0.9511 -0.308882
    outer loop
      vertex 5.93782 20.7846 0
      vertex -7.43782 23.3827 8
      vertex 7.43782 23.3827 8
    endloop
  endfacet
  facet normal 0 0.9511 -0.308882
    outer loop
      vertex -7.43782 23.3827 8
      vertex 5.93782 20.7846 0
      vertex -5.93782 20.7846 0
    endloop
  endfacet
  facet normal 0.866026 0.499998 0
    outer loop
      vertex 23.9689 5.25 16
      vertex 16.5311 18.1327 12.4373
      vertex 16.5311 18.1327 16
    endloop
  endfacet
  facet normal 0.866026 0.499998 -0
    outer loop
      vertex 23.9689 5.25 8
      vertex 16.5311 18.1327 12.4373
      vertex 23.9689 5.25 16
    endloop
  endfacet
  facet normal 0.866026 0.499998 0
    outer loop
      vertex 16.5311 18.1327 12.4373
      vertex 23.9689 5.25 8
      vertex 16.5311 18.1327 8
    endloop
  endfacet
  facet normal 0.851487 0.491606 0.182465
    outer loop
      vertex 19.5 0 51
      vertex 10.6025 18.364 43.0437
      vertex 9.75 16.8875 51
    endloop
  endfacet
  facet normal 0.85149 0.491604 0.182456
    outer loop
      vertex 10.6025 18.364 43.0437
      vertex 19.5 0 51
      vertex 14.6273 14.8353 33.7683
    endloop
  endfacet
  facet normal 0.851478 0.491618 0.182472
    outer loop
      vertex 15.3653 16.1135 26.8808
      vertex 14.6273 14.8353 33.7683
      vertex 19.5 0 51
    endloop
  endfacet
  facet normal 0.85149 0.491602 0.18246
    outer loop
      vertex 19.5 0 51
      vertex 20.1614 5.25 33.7683
      vertex 15.3653 16.1135 26.8808
    endloop
  endfacet
  facet normal 0.85149 0.491603 0.18246
    outer loop
      vertex 20.1614 5.25 33.7683
      vertex 19.5 0 51
      vertex 21.2049 0 43.0437
    endloop
  endfacet
  facet normal 0.851489 0.491604 0.182462
    outer loop
      vertex 23.9689 5.25 16
      vertex 15.3653 16.1135 26.8808
      vertex 20.1614 5.25 33.7683
    endloop
  endfacet
  facet normal 0.851488 0.491605 0.18246
    outer loop
      vertex 15.3653 16.1135 26.8808
      vertex 23.9689 5.25 16
      vertex 16.5311 18.1327 16
    endloop
  endfacet
  facet normal 0.863423 0.498495 -0.0774821
    outer loop
      vertex 26.9689 5.25 168
      vertex 17.7081 20.1713 160.801
      vertex 18.0311 20.7308 168
    endloop
  endfacet
  facet normal 0.863424 0.498492 -0.077489
    outer loop
      vertex 26.1558 5.25 158.94
      vertex 17.7081 20.1713 160.801
      vertex 26.9689 5.25 168
    endloop
  endfacet
  facet normal 0.863424 0.498494 -0.0774777
    outer loop
      vertex 27.2014 2.33389 151.83
      vertex 17.6246 20.0266 158.94
      vertex 26.1558 5.25 158.94
    endloop
  endfacet
  facet normal 0.863421 0.498497 -0.0774892
    outer loop
      vertex 17.6246 20.0266 158.94
      vertex 27.2014 2.33389 151.83
      vertex 14.0191 24.2818 146.14
    endloop
  endfacet
  facet normal 0.863421 0.498497 -0.0774866
    outer loop
      vertex 14.0191 24.2818 146.14
      vertex 27.2014 2.33389 151.83
      vertex 9.75 16.8875 51
    endloop
  endfacet
  facet normal 0.863423 0.498493 -0.0775001
    outer loop
      vertex 17.7081 20.1713 160.801
      vertex 26.1558 5.25 158.94
      vertex 17.6246 20.0266 158.94
    endloop
  endfacet
  facet normal 0.863425 0.498491 -0.0774882
    outer loop
      vertex 28.0382 0 146.14
      vertex 9.75 16.8875 51
      vertex 27.2014 2.33389 151.83
    endloop
  endfacet
  facet normal 0.863422 0.498497 -0.0774865
    outer loop
      vertex 9.75 16.8875 51
      vertex 28.0382 0 146.14
      vertex 19.5 0 51
    endloop
  endfacet
  facet normal 0.859111 0.49601 0.126104
    outer loop
      vertex 12.2086 19.5574 212.275
      vertex 21.2414 5.25 207.013
      vertex 15.1673 15.7706 207.013
    endloop
  endfacet
  facet normal 0.859112 0.496003 0.126125
    outer loop
      vertex 21.2414 5.25 207.013
      vertex 12.2086 19.5574 212.275
      vertex 23.0414 0.79424 212.275
    endloop
  endfacet
  facet normal 0.859108 0.496009 0.126127
    outer loop
      vertex 21.7824 5.25 203.328
      vertex 15.1673 15.7706 207.013
      vertex 21.2414 5.25 207.013
    endloop
  endfacet
  facet normal 0.859108 0.496009 0.126125
    outer loop
      vertex 15.1673 15.7706 207.013
      vertex 21.7824 5.25 203.328
      vertex 17.1927 19.2786 179.421
    endloop
  endfacet
  facet normal 0.859108 0.49601 0.126126
    outer loop
      vertex 26.9689 5.25 168
      vertex 17.1927 19.2786 179.421
      vertex 21.7824 5.25 203.328
    endloop
  endfacet
  facet normal 0.859114 0.495993 0.126152
    outer loop
      vertex 17.1927 19.2786 179.421
      vertex 26.9689 5.25 168
      vertex 17.404 19.6446 176.543
    endloop
  endfacet
  facet normal 0.85911 0.496005 0.126128
    outer loop
      vertex 17.404 19.6446 176.543
      vertex 26.9689 5.25 168
      vertex 18.0311 20.7308 168
    endloop
  endfacet
  facet normal 0.840695 0.485328 0.240183
    outer loop
      vertex 9.75 16.8875 226.275
      vertex 11.9417 19.8482 212.621
      vertex 11.6457 20.1709 213.005
    endloop
  endfacet
  facet normal 0.840674 0.485363 0.240187
    outer loop
      vertex 11.9417 19.8482 212.621
      vertex 9.75 16.8875 226.275
      vertex 19.5 0 226.275
    endloop
  endfacet
  facet normal 0.840561 0.485459 0.240389
    outer loop
      vertex 19.5 0 226.275
      vertex 12.2086 19.5574 212.275
      vertex 11.9417 19.8482 212.621
    endloop
  endfacet
  facet normal 0.840676 0.485359 0.24019
    outer loop
      vertex 12.2086 19.5574 212.275
      vertex 19.5 0 226.275
      vertex 23.0414 0.79424 212.275
    endloop
  endfacet
  facet normal 0.840713 0.485291 0.240196
    outer loop
      vertex 23.0414 0.79424 212.275
      vertex 19.5 0 226.275
      vertex 23.2913 0 213.005
    endloop
  endfacet
  facet normal 0.661692 0.382028 0.64515
    outer loop
      vertex 19.5 0 226.275
      vertex 9.75 16.8875 226.275
      vertex 0 0 246.275
    endloop
  endfacet
  facet normal 0.823676 0.475548 -0.308889
    outer loop
      vertex 23.2111 5.25 5.97927
      vertex 16.5311 18.1327 8
      vertex 23.9689 5.25 8
    endloop
  endfacet
  facet normal 0.823679 0.475548 -0.308881
    outer loop
      vertex 16.5311 18.1327 8
      vertex 23.2111 5.25 5.97927
      vertex 15.3679 16.1179 1.7962
    endloop
  endfacet
  facet normal 0.823679 0.47555 -0.308876
    outer loop
      vertex 20.9689 5.25 0
      vertex 15.3679 16.1179 1.7962
      vertex 23.2111 5.25 5.97927
    endloop
  endfacet
  facet normal 0.823679 0.47555 -0.308876
    outer loop
      vertex 15.3679 16.1179 1.7962
      vertex 20.9689 5.25 0
      vertex 15.0311 15.5346 0
    endloop
  endfacet
  facet normal 0.866026 -0.499998 0
    outer loop
      vertex 16.5311 -18.1327 12.4373
      vertex 23.9689 -5.25 16
      vertex 16.5311 -18.1327 16
    endloop
  endfacet
  facet normal 0.866026 -0.499998 0
    outer loop
      vertex 23.9689 -5.25 16
      vertex 16.5311 -18.1327 12.4373
      vertex 23.9689 -5.25 8
    endloop
  endfacet
  facet normal 0.866026 -0.499998 0
    outer loop
      vertex 23.9689 -5.25 8
      vertex 16.5311 -18.1327 12.4373
      vertex 16.5311 -18.1327 8
    endloop
  endfacet
  facet normal 0.851488 -0.491607 0.182459
    outer loop
      vertex 9.75 -16.8875 51
      vertex 21.2049 0 43.0437
      vertex 19.5 0 51
    endloop
  endfacet
  facet normal 0.851488 -0.491604 0.182463
    outer loop
      vertex 20.1614 -5.25 33.7683
      vertex 9.75 -16.8875 51
      vertex 21.6373 -5.25 26.8808
    endloop
  endfacet
  facet normal 0.851488 -0.491606 0.182461
    outer loop
      vertex 21.2049 0 43.0437
      vertex 9.75 -16.8875 51
      vertex 20.1614 -5.25 33.7683
    endloop
  endfacet
  facet normal 0.851487 -0.491607 0.182465
    outer loop
      vertex 16.5311 -18.1327 16
      vertex 21.6373 -5.25 26.8808
      vertex 14.6273 -14.8353 33.7683
    endloop
  endfacet
  facet normal 0.851486 -0.49161 0.182458
    outer loop
      vertex 9.75 -16.8875 51
      vertex 14.6273 -14.8353 33.7683
      vertex 21.6373 -5.25 26.8808
    endloop
  endfacet
  facet normal 0.851496 -0.491591 0.182464
    outer loop
      vertex 14.6273 -14.8353 33.7683
      vertex 9.75 -16.8875 51
      vertex 10.6025 -18.364 43.0437
    endloop
  endfacet
  facet normal 0.851488 -0.491605 0.182462
    outer loop
      vertex 21.6373 -5.25 26.8808
      vertex 16.5311 -18.1327 16
      vertex 23.9689 -5.25 16
    endloop
  endfacet
  facet normal 0.863424 -0.498492 -0.077489
    outer loop
      vertex 17.7081 -20.1713 160.801
      vertex 26.1558 -5.25 158.94
      vertex 26.9689 -5.25 168
    endloop
  endfacet
  facet normal 0.863423 -0.498493 -0.0775001
    outer loop
      vertex 26.1558 -5.25 158.94
      vertex 17.7081 -20.1713 160.801
      vertex 17.6246 -20.0266 158.94
    endloop
  endfacet
  facet normal 0.863423 -0.498495 -0.0774821
    outer loop
      vertex 17.7081 -20.1713 160.801
      vertex 26.9689 -5.25 168
      vertex 18.0311 -20.7308 168
    endloop
  endfacet
  facet normal 0.863423 -0.498495 -0.0774837
    outer loop
      vertex 15.6219 -22.3902 151.83
      vertex 28.0382 0 146.14
      vertex 26.1558 -5.25 158.94
    endloop
  endfacet
  facet normal 0.863423 -0.498493 -0.0774879
    outer loop
      vertex 15.6219 -22.3902 151.83
      vertex 26.1558 -5.25 158.94
      vertex 17.6246 -20.0266 158.94
    endloop
  endfacet
  facet normal 0.863422 -0.498495 -0.0774866
    outer loop
      vertex 28.0382 0 146.14
      vertex 15.6219 -22.3902 151.83
      vertex 19.5 0 51
    endloop
  endfacet
  facet normal 0.863417 -0.498505 -0.0774889
    outer loop
      vertex 14.0191 -24.2818 146.14
      vertex 19.5 0 51
      vertex 15.6219 -22.3902 151.83
    endloop
  endfacet
  facet normal 0.863422 -0.498497 -0.0774865
    outer loop
      vertex 19.5 0 51
      vertex 14.0191 -24.2818 146.14
      vertex 9.75 -16.8875 51
    endloop
  endfacet
  facet normal 0.859109 -0.496009 0.126125
    outer loop
      vertex 15.4378 -16.2391 203.328
      vertex 21.2414 -5.25 207.013
      vertex 15.1673 -15.7706 207.013
    endloop
  endfacet
  facet normal 0.859112 -0.496003 0.126125
    outer loop
      vertex 12.2086 -19.5574 212.275
      vertex 21.2414 -5.25 207.013
      vertex 23.0414 -0.79424 212.275
    endloop
  endfacet
  facet normal 0.859111 -0.49601 0.126104
    outer loop
      vertex 21.2414 -5.25 207.013
      vertex 12.2086 -19.5574 212.275
      vertex 15.1673 -15.7706 207.013
    endloop
  endfacet
  facet normal 0.859109 -0.496009 0.126123
    outer loop
      vertex 21.2414 -5.25 207.013
      vertex 15.4378 -16.2391 203.328
      vertex 25.2921 -5.25 179.421
    endloop
  endfacet
  facet normal 0.859112 -0.496002 0.126127
    outer loop
      vertex 17.404 -19.6446 176.543
      vertex 25.2921 -5.25 179.421
      vertex 15.4378 -16.2391 203.328
    endloop
  endfacet
  facet normal 0.859111 -0.496003 0.126132
    outer loop
      vertex 25.2921 -5.25 179.421
      vertex 17.404 -19.6446 176.543
      vertex 26.9689 -5.25 168
    endloop
  endfacet
  facet normal 0.85911 -0.496005 0.126128
    outer loop
      vertex 26.9689 -5.25 168
      vertex 17.404 -19.6446 176.543
      vertex 18.0311 -20.7308 168
    endloop
  endfacet
  facet normal 0.840712 -0.485293 0.240195
    outer loop
      vertex 19.5 0 226.275
      vertex 23.1599 -0.417695 212.621
      vertex 23.2913 0 213.005
    endloop
  endfacet
  facet normal 0.840674 -0.485363 0.240187
    outer loop
      vertex 23.1599 -0.417695 212.621
      vertex 19.5 0 226.275
      vertex 9.75 -16.8875 226.275
    endloop
  endfacet
  facet normal 0.840681 -0.485322 0.240245
    outer loop
      vertex 9.75 -16.8875 226.275
      vertex 23.0414 -0.79424 212.275
      vertex 23.1599 -0.417695 212.621
    endloop
  endfacet
  facet normal 0.840674 -0.485358 0.240196
    outer loop
      vertex 9.75 -16.8875 226.275
      vertex 12.2086 -19.5574 212.275
      vertex 23.0414 -0.79424 212.275
    endloop
  endfacet
  facet normal 0.840612 -0.485462 0.240205
    outer loop
      vertex 12.2086 -19.5574 212.275
      vertex 9.75 -16.8875 226.275
      vertex 11.6457 -20.1709 213.005
    endloop
  endfacet
  facet normal 0.661692 -0.382028 0.64515
    outer loop
      vertex 9.75 -16.8875 226.275
      vertex 19.5 0 226.275
      vertex 0 0 246.275
    endloop
  endfacet
  facet normal 0.823678 -0.475552 -0.308876
    outer loop
      vertex 23.9689 -5.25 8
      vertex 16.1522 -17.4764 5.97927
      vertex 21.6425 -5.25 1.7962
    endloop
  endfacet
  facet normal 0.823675 -0.475547 -0.308894
    outer loop
      vertex 16.1522 -17.4764 5.97927
      vertex 23.9689 -5.25 8
      vertex 16.5311 -18.1327 8
    endloop
  endfacet
  facet normal 0.823675 -0.475548 -0.30889
    outer loop
      vertex 21.6425 -5.25 1.7962
      vertex 15.0311 -15.5346 0
      vertex 20.9689 -5.25 0
    endloop
  endfacet
  facet normal 0.823678 -0.475552 -0.308876
    outer loop
      vertex 15.0311 -15.5346 0
      vertex 21.6425 -5.25 1.7962
      vertex 16.1522 -17.4764 5.97927
    endloop
  endfacet
  facet normal 0 -1 0
    outer loop
      vertex -7.43782 -23.3827 12.4373
      vertex 7.43782 -23.3827 16
      vertex -7.43782 -23.3827 16
    endloop
  endfacet
  facet normal 0 -1 0
    outer loop
      vertex -7.43782 -23.3827 12.4373
      vertex 7.43782 -23.3827 12.4373
      vertex 7.43782 -23.3827 16
    endloop
  endfacet
  facet normal 0 -1 0
    outer loop
      vertex -7.43782 -23.3827 8
      vertex 7.43782 -23.3827 12.4373
      vertex -7.43782 -23.3827 12.4373
    endloop
  endfacet
  facet normal 0 -1 -0
    outer loop
      vertex 7.43782 -23.3827 12.4373
      vertex -7.43782 -23.3827 8
      vertex 7.43782 -23.3827 8
    endloop
  endfacet
  facet normal 0 -0.983213 0.182461
    outer loop
      vertex -10.6025 -18.364 43.0437
      vertex 9.75 -16.8875 51
      vertex -9.75 -16.8875 51
    endloop
  endfacet
  facet normal 0 -0.983213 0.182461
    outer loop
      vertex -10.6025 -18.364 43.0437
      vertex 10.6025 -18.364 43.0437
      vertex 9.75 -16.8875 51
    endloop
  endfacet
  facet normal 0 -0.983213 0.182462
    outer loop
      vertex -5.53408 -20.0853 33.7683
      vertex 10.6025 -18.364 43.0437
      vertex -10.6025 -18.364 43.0437
    endloop
  endfacet
  facet normal 0 -0.983213 0.182462
    outer loop
      vertex -5.53408 -20.0853 33.7683
      vertex 5.53408 -20.0853 33.7683
      vertex 10.6025 -18.364 43.0437
    endloop
  endfacet
  facet normal 0 -0.983213 0.182462
    outer loop
      vertex -7.43782 -23.3827 16
      vertex 5.53408 -20.0853 33.7683
      vertex -5.53408 -20.0853 33.7683
    endloop
  endfacet
  facet normal 0 -0.983213 0.182462
    outer loop
      vertex 5.53408 -20.0853 33.7683
      vertex -7.43782 -23.3827 16
      vertex 7.43782 -23.3827 16
    endloop
  endfacet
  facet normal 0 -0.996993 -0.0774855
    outer loop
      vertex -8.61481 -25.4213 160.801
      vertex 8.93782 -25.9808 168
      vertex -8.93782 -25.9808 168
    endloop
  endfacet
  facet normal 0 -0.996993 -0.0774855
    outer loop
      vertex -8.61481 -25.4213 160.801
      vertex 8.61481 -25.4213 160.801
      vertex 8.93782 -25.9808 168
    endloop
  endfacet
  facet normal 0 -0.996991 -0.0775199
    outer loop
      vertex -8.53129 -25.2766 158.94
      vertex 8.61481 -25.4213 160.801
      vertex -8.61481 -25.4213 160.801
    endloop
  endfacet
  facet normal 0 -0.996991 -0.0775199
    outer loop
      vertex -8.53129 -25.2766 158.94
      vertex 8.53129 -25.2766 158.94
      vertex 8.61481 -25.4213 160.801
    endloop
  endfacet
  facet normal 0 -0.996994 -0.0774851
    outer loop
      vertex -14.0191 -24.2818 146.14
      vertex 8.53129 -25.2766 158.94
      vertex -8.53129 -25.2766 158.94
    endloop
  endfacet
  facet normal 0 -0.996994 -0.0774851
    outer loop
      vertex -14.0191 -24.2818 146.14
      vertex 14.0191 -24.2818 146.14
      vertex 8.53129 -25.2766 158.94
    endloop
  endfacet
  facet normal 0 -0.996993 -0.0774865
    outer loop
      vertex -9.75 -16.8875 51
      vertex 14.0191 -24.2818 146.14
      vertex -14.0191 -24.2818 146.14
    endloop
  endfacet
  facet normal 0 -0.996993 -0.0774865
    outer loop
      vertex 14.0191 -24.2818 146.14
      vertex -9.75 -16.8875 51
      vertex 9.75 -16.8875 51
    endloop
  endfacet
  facet normal 0 -0.992015 0.126123
    outer loop
      vertex -6.07406 -21.0206 207.013
      vertex 10.8329 -20.3516 212.275
      vertex -10.8329 -20.3516 212.275
    endloop
  endfacet
  facet normal 0 -0.992015 0.126123
    outer loop
      vertex -6.07406 -21.0206 207.013
      vertex 6.07406 -21.0206 207.013
      vertex 10.8329 -20.3516 212.275
    endloop
  endfacet
  facet normal 0 -0.992014 0.126126
    outer loop
      vertex -8.31075 -24.8946 176.543
      vertex 6.07406 -21.0206 207.013
      vertex -6.07406 -21.0206 207.013
    endloop
  endfacet
  facet normal 0 -0.992014 0.126126
    outer loop
      vertex -8.31075 -24.8946 176.543
      vertex 8.31075 -24.8946 176.543
      vertex 6.07406 -21.0206 207.013
    endloop
  endfacet
  facet normal 0 -0.992014 0.12613
    outer loop
      vertex -8.93782 -25.9808 168
      vertex 8.31075 -24.8946 176.543
      vertex -8.31075 -24.8946 176.543
    endloop
  endfacet
  facet normal 0 -0.992014 0.12613
    outer loop
      vertex 8.31075 -24.8946 176.543
      vertex -8.93782 -25.9808 168
      vertex 8.93782 -25.9808 168
    endloop
  endfacet
  facet normal -8.03239e-05 -0.970724 0.240198
    outer loop
      vertex -10.8329 -20.3516 212.275
      vertex -9.75 -16.8875 226.275
      vertex -11.6457 -20.1709 213.005
    endloop
  endfacet
  facet normal 0 -0.970725 0.240192
    outer loop
      vertex -9.75 -16.8875 226.275
      vertex -10.8329 -20.3516 212.275
      vertex 9.75 -16.8875 226.275
    endloop
  endfacet
  facet normal 0 -0.970725 0.240192
    outer loop
      vertex 10.8329 -20.3516 212.275
      vertex 9.75 -16.8875 226.275
      vertex -10.8329 -20.3516 212.275
    endloop
  endfacet
  facet normal 8.03239e-05 -0.970724 0.240198
    outer loop
      vertex 9.75 -16.8875 226.275
      vertex 10.8329 -20.3516 212.275
      vertex 11.6457 -20.1709 213.005
    endloop
  endfacet
  facet normal 0 -0.764056 0.64515
    outer loop
      vertex 9.75 -16.8875 226.275
      vertex 0 0 246.275
      vertex -9.75 -16.8875 226.275
    endloop
  endfacet
  facet normal 0 -0.9511 -0.308882
    outer loop
      vertex -5.93782 -20.7846 0
      vertex 7.43782 -23.3827 8
      vertex -7.43782 -23.3827 8
    endloop
  endfacet
  facet normal 0 -0.9511 -0.308882
    outer loop
      vertex 7.43782 -23.3827 8
      vertex -5.93782 -20.7846 0
      vertex 5.93782 -20.7846 0
    endloop
  endfacet
  facet normal -0.866026 -0.499998 -0
    outer loop
      vertex -16.5311 -18.1327 12.4373
      vertex -23.9689 -5.25 8
      vertex -16.5311 -18.1327 8
    endloop
  endfacet
  facet normal -0.866026 -0.499998 0
    outer loop
      vertex -23.9689 -5.25 8
      vertex -16.5311 -18.1327 12.4373
      vertex -23.9689 -5.25 16
    endloop
  endfacet
  facet normal -0.866026 -0.499998 0
    outer loop
      vertex -23.9689 -5.25 16
      vertex -16.5311 -18.1327 12.4373
      vertex -16.5311 -18.1327 16
    endloop
  endfacet
  facet normal -0.851478 -0.491618 0.182472
    outer loop
      vertex -19.5 0 51
      vertex -15.3653 -16.1135 26.8808
      vertex -14.6273 -14.8353 33.7683
    endloop
  endfacet
  facet normal -0.85149 -0.491604 0.182456
    outer loop
      vertex -10.6025 -18.364 43.0437
      vertex -19.5 0 51
      vertex -14.6273 -14.8353 33.7683
    endloop
  endfacet
  facet normal -0.851487 -0.491606 0.182465
    outer loop
      vertex -19.5 0 51
      vertex -10.6025 -18.364 43.0437
      vertex -9.75 -16.8875 51
    endloop
  endfacet
  facet normal -0.851489 -0.491604 0.182462
    outer loop
      vertex -23.9689 -5.25 16
      vertex -15.3653 -16.1135 26.8808
      vertex -20.1614 -5.25 33.7683
    endloop
  endfacet
  facet normal -0.851488 -0.491605 0.18246
    outer loop
      vertex -15.3653 -16.1135 26.8808
      vertex -23.9689 -5.25 16
      vertex -16.5311 -18.1327 16
    endloop
  endfacet
  facet normal -0.85149 -0.491603 0.18246
    outer loop
      vertex -20.1614 -5.25 33.7683
      vertex -19.5 0 51
      vertex -21.2049 0 43.0437
    endloop
  endfacet
  facet normal -0.85149 -0.491602 0.18246
    outer loop
      vertex -19.5 0 51
      vertex -20.1614 -5.25 33.7683
      vertex -15.3653 -16.1135 26.8808
    endloop
  endfacet
  facet normal -0.863421 -0.498497 -0.0774892
    outer loop
      vertex -27.2014 -2.33389 151.83
      vertex -14.0191 -24.2818 146.14
      vertex -17.6246 -20.0266 158.94
    endloop
  endfacet
  facet normal -0.863421 -0.498497 -0.0774866
    outer loop
      vertex -14.0191 -24.2818 146.14
      vertex -27.2014 -2.33389 151.83
      vertex -9.75 -16.8875 51
    endloop
  endfacet
  facet normal -0.863424 -0.498494 -0.0774777
    outer loop
      vertex -27.2014 -2.33389 151.83
      vertex -17.6246 -20.0266 158.94
      vertex -26.1558 -5.25 158.94
    endloop
  endfacet
  facet normal -0.863423 -0.498493 -0.0775001
    outer loop
      vertex -17.7081 -20.1713 160.801
      vertex -26.1558 -5.25 158.94
      vertex -17.6246 -20.0266 158.94
    endloop
  endfacet
  facet normal -0.863424 -0.498492 -0.077489
    outer loop
      vertex -26.1558 -5.25 158.94
      vertex -17.7081 -20.1713 160.801
      vertex -26.9689 -5.25 168
    endloop
  endfacet
  facet normal -0.863423 -0.498495 -0.0774821
    outer loop
      vertex -26.9689 -5.25 168
      vertex -17.7081 -20.1713 160.801
      vertex -18.0311 -20.7308 168
    endloop
  endfacet
  facet normal -0.863422 -0.498497 -0.0774865
    outer loop
      vertex -9.75 -16.8875 51
      vertex -28.0382 0 146.14
      vertex -19.5 0 51
    endloop
  endfacet
  facet normal -0.863425 -0.498491 -0.0774882
    outer loop
      vertex -28.0382 0 146.14
      vertex -9.75 -16.8875 51
      vertex -27.2014 -2.33389 151.83
    endloop
  endfacet
  facet normal -0.859108 -0.496009 0.126127
    outer loop
      vertex -21.7824 -5.25 203.328
      vertex -15.1673 -15.7706 207.013
      vertex -21.2414 -5.25 207.013
    endloop
  endfacet
  facet normal -0.859108 -0.496009 0.126125
    outer loop
      vertex -15.1673 -15.7706 207.013
      vertex -21.7824 -5.25 203.328
      vertex -17.1927 -19.2786 179.421
    endloop
  endfacet
  facet normal -0.859111 -0.49601 0.126104
    outer loop
      vertex -12.2086 -19.5574 212.275
      vertex -21.2414 -5.25 207.013
      vertex -15.1673 -15.7706 207.013
    endloop
  endfacet
  facet normal -0.859112 -0.496003 0.126125
    outer loop
      vertex -21.2414 -5.25 207.013
      vertex -12.2086 -19.5574 212.275
      vertex -23.0414 -0.79424 212.275
    endloop
  endfacet
  facet normal -0.859108 -0.49601 0.126126
    outer loop
      vertex -26.9689 -5.25 168
      vertex -17.1927 -19.2786 179.421
      vertex -21.7824 -5.25 203.328
    endloop
  endfacet
  facet normal -0.859114 -0.495993 0.126152
    outer loop
      vertex -26.9689 -5.25 168
      vertex -17.404 -19.6446 176.543
      vertex -17.1927 -19.2786 179.421
    endloop
  endfacet
  facet normal -0.85911 -0.496005 0.126128
    outer loop
      vertex -17.404 -19.6446 176.543
      vertex -26.9689 -5.25 168
      vertex -18.0311 -20.7308 168
    endloop
  endfacet
  facet normal -0.840674 -0.485363 0.240187
    outer loop
      vertex -11.9417 -19.8482 212.621
      vertex -9.75 -16.8875 226.275
      vertex -19.5 0 226.275
    endloop
  endfacet
  facet normal -0.840695 -0.485328 0.240183
    outer loop
      vertex -9.75 -16.8875 226.275
      vertex -11.9417 -19.8482 212.621
      vertex -11.6457 -20.1709 213.005
    endloop
  endfacet
  facet normal -0.840713 -0.485291 0.240196
    outer loop
      vertex -23.0414 -0.79424 212.275
      vertex -19.5 0 226.275
      vertex -23.2913 0 213.005
    endloop
  endfacet
  facet normal -0.840676 -0.485359 0.24019
    outer loop
      vertex -12.2086 -19.5574 212.275
      vertex -19.5 0 226.275
      vertex -23.0414 -0.79424 212.275
    endloop
  endfacet
  facet normal -0.840561 -0.485459 0.240389
    outer loop
      vertex -19.5 0 226.275
      vertex -12.2086 -19.5574 212.275
      vertex -11.9417 -19.8482 212.621
    endloop
  endfacet
  facet normal -0.661692 -0.382028 0.64515
    outer loop
      vertex -9.75 -16.8875 226.275
      vertex 0 0 246.275
      vertex -19.5 0 226.275
    endloop
  endfacet
  facet normal -0.823679 -0.475548 -0.308881
    outer loop
      vertex -16.5311 -18.1327 8
      vertex -23.2111 -5.25 5.97927
      vertex -15.3679 -16.1179 1.7962
    endloop
  endfacet
  facet normal -0.823676 -0.475548 -0.308889
    outer loop
      vertex -23.2111 -5.25 5.97927
      vertex -16.5311 -18.1327 8
      vertex -23.9689 -5.25 8
    endloop
  endfacet
  facet normal -0.823679 -0.47555 -0.308876
    outer loop
      vertex -15.3679 -16.1179 1.7962
      vertex -20.9689 -5.25 0
      vertex -15.0311 -15.5346 0
    endloop
  endfacet
  facet normal -0.823679 -0.47555 -0.308876
    outer loop
      vertex -20.9689 -5.25 0
      vertex -15.3679 -16.1179 1.7962
      vertex -23.2111 -5.25 5.97927
    endloop
  endfacet
  facet normal -0.615298 0.788295 0
    outer loop
      vertex 8.61823 -10.5013 0
      vertex 8.09257 -10.9116 224.275
      vertex 8.61823 -10.5013 224.275
    endloop
  endfacet
  facet normal -0.615298 0.788295 0
    outer loop
      vertex 8.09257 -10.9116 224.275
      vertex 8.61823 -10.5013 0
      vertex 8.09257 -10.9116 0
    endloop
  endfacet
  facet normal -0.997296 -0.0734876 0
    outer loop
      vertex 13.5686 0.666584 0
      vertex 13.5196 1.33156 224.275
      vertex 13.5196 1.33156 0
    endloop
  endfacet
  facet normal -0.997296 -0.0734876 0
    outer loop
      vertex 13.5196 1.33156 224.275
      vertex 13.5686 0.666584 0
      vertex 13.5686 0.666584 224.275
    endloop
  endfacet
  facet normal -0.999697 -0.0245956 0
    outer loop
      vertex 13.585 0 0
      vertex 13.5686 0.666584 224.275
      vertex 13.5686 0.666584 0
    endloop
  endfacet
  facet normal -0.999697 -0.0245956 0
    outer loop
      vertex 13.5686 0.666584 224.275
      vertex 13.585 0 0
      vertex 13.585 0 224.275
    endloop
  endfacet
  facet normal -0.992483 -0.122379 0
    outer loop
      vertex 13.5196 1.33156 0
      vertex 13.438 1.99333 224.275
      vertex 13.438 1.99333 0
    endloop
  endfacet
  facet normal -0.992483 -0.122379 0
    outer loop
      vertex 13.438 1.99333 224.275
      vertex 13.5196 1.33156 0
      vertex 13.5196 1.33156 224.275
    endloop
  endfacet
  facet normal 0.492941 -0.870063 0
    outer loop
      vertex -6.98409 11.6522 0
      vertex -6.40392 11.9809 224.275
      vertex -6.98409 11.6522 224.275
    endloop
  endfacet
  facet normal 0.492941 -0.870063 0
    outer loop
      vertex -6.40392 11.9809 224.275
      vertex -6.98409 11.6522 0
      vertex -6.40392 11.9809 0
    endloop
  endfacet
  facet normal 0.963753 -0.266797 0
    outer loop
      vertex -13.1779 3.30089 224.275
      vertex -13 3.94352 0
      vertex -13 3.94352 224.275
    endloop
  endfacet
  facet normal 0.963753 -0.266797 0
    outer loop
      vertex -13 3.94352 0
      vertex -13.1779 3.30089 224.275
      vertex -13.1779 3.30089 0
    endloop
  endfacet
  facet normal 0.817612 -0.57577 0
    outer loop
      vertex -11.2955 7.54742 224.275
      vertex -10.9116 8.09257 0
      vertex -10.9116 8.09257 224.275
    endloop
  endfacet
  facet normal 0.817612 -0.57577 0
    outer loop
      vertex -10.9116 8.09257 0
      vertex -11.2955 7.54742 224.275
      vertex -11.2955 7.54742 0
    endloop
  endfacet
  facet normal -0.963753 -0.266797 0
    outer loop
      vertex 13.1779 3.30089 0
      vertex 13 3.94352 224.275
      vertex 13 3.94352 0
    endloop
  endfacet
  facet normal -0.963753 -0.266797 0
    outer loop
      vertex 13 3.94352 224.275
      vertex 13.1779 3.30089 0
      vertex 13.1779 3.30089 224.275
    endloop
  endfacet
  facet normal -0.653147 -0.757231 0
    outer loop
      vertex 8.61823 10.5013 0
      vertex 9.12313 10.0658 224.275
      vertex 8.61823 10.5013 224.275
    endloop
  endfacet
  facet normal -0.653147 -0.757231 -0
    outer loop
      vertex 9.12313 10.0658 224.275
      vertex 8.61823 10.5013 0
      vertex 9.12313 10.0658 0
    endloop
  endfacet
  facet normal 0.914217 0.405225 0
    outer loop
      vertex -12.2807 -5.80834 224.275
      vertex -12.5509 -5.19875 0
      vertex -12.5509 -5.19875 224.275
    endloop
  endfacet
  facet normal 0.914217 0.405225 0
    outer loop
      vertex -12.5509 -5.19875 0
      vertex -12.2807 -5.80834 224.275
      vertex -12.2807 -5.80834 0
    endloop
  endfacet
  facet normal 0.219109 -0.9757 0
    outer loop
      vertex -3.30089 13.1779 0
      vertex -2.6503 13.324 224.275
      vertex -3.30089 13.1779 224.275
    endloop
  endfacet
  facet normal 0.219109 -0.9757 0
    outer loop
      vertex -2.6503 13.324 224.275
      vertex -3.30089 13.1779 0
      vertex -2.6503 13.324 0
    endloop
  endfacet
  facet normal 0.57577 -0.817612 0
    outer loop
      vertex -8.09257 10.9116 0
      vertex -7.54742 11.2955 224.275
      vertex -8.09257 10.9116 224.275
    endloop
  endfacet
  facet normal 0.57577 -0.817612 0
    outer loop
      vertex -7.54742 11.2955 224.275
      vertex -8.09257 10.9116 0
      vertex -7.54742 11.2955 0
    endloop
  endfacet
  facet normal -0.449624 -0.893218 0
    outer loop
      vertex 5.80834 12.2807 0
      vertex 6.40392 11.9809 224.275
      vertex 5.80834 12.2807 224.275
    endloop
  endfacet
  facet normal -0.449624 -0.893218 -0
    outer loop
      vertex 6.40392 11.9809 224.275
      vertex 5.80834 12.2807 0
      vertex 6.40392 11.9809 0
    endloop
  endfacet
  facet normal -0.9757 -0.219109 0
    outer loop
      vertex 13.324 2.6503 0
      vertex 13.1779 3.30089 224.275
      vertex 13.1779 3.30089 0
    endloop
  endfacet
  facet normal -0.9757 -0.219109 0
    outer loop
      vertex 13.1779 3.30089 224.275
      vertex 13.324 2.6503 0
      vertex 13.324 2.6503 224.275
    endloop
  endfacet
  facet normal -0.313603 0.949554 0
    outer loop
      vertex 4.57665 -12.7909 0
      vertex 3.94352 -13 224.275
      vertex 4.57665 -12.7909 224.275
    endloop
  endfacet
  facet normal -0.313603 0.949554 0
    outer loop
      vertex 3.94352 -13 224.275
      vertex 4.57665 -12.7909 0
      vertex 3.94352 -13 0
    endloop
  endfacet
  facet normal -0.757231 0.653147 0
    outer loop
      vertex 10.0658 -9.12313 0
      vertex 10.5013 -8.61823 224.275
      vertex 10.5013 -8.61823 0
    endloop
  endfacet
  facet normal -0.757231 0.653147 0
    outer loop
      vertex 10.5013 -8.61823 224.275
      vertex 10.0658 -9.12313 0
      vertex 10.0658 -9.12313 224.275
    endloop
  endfacet
  facet normal 0.757231 0.653147 0
    outer loop
      vertex -10.0658 -9.12313 224.275
      vertex -10.5013 -8.61823 0
      vertex -10.5013 -8.61823 224.275
    endloop
  endfacet
  facet normal 0.757231 0.653147 0
    outer loop
      vertex -10.5013 -8.61823 0
      vertex -10.0658 -9.12313 224.275
      vertex -10.0658 -9.12313 0
    endloop
  endfacet
  facet normal -0.914217 0.405225 0
    outer loop
      vertex 12.2807 -5.80834 0
      vertex 12.5509 -5.19875 224.275
      vertex 12.5509 -5.19875 0
    endloop
  endfacet
  facet normal -0.914217 0.405225 0
    outer loop
      vertex 12.5509 -5.19875 224.275
      vertex 12.2807 -5.80834 0
      vertex 12.2807 -5.80834 224.275
    endloop
  endfacet
  facet normal -0.788295 -0.615298 0
    outer loop
      vertex 10.9116 8.09257 0
      vertex 10.5013 8.61823 224.275
      vertex 10.5013 8.61823 0
    endloop
  endfacet
  facet normal -0.788295 -0.615298 0
    outer loop
      vertex 10.5013 8.61823 224.275
      vertex 10.9116 8.09257 0
      vertex 10.9116 8.09257 224.275
    endloop
  endfacet
  facet normal 0.170969 0.985276 -0
    outer loop
      vertex -1.99333 -13.438 0
      vertex -2.6503 -13.324 224.275
      vertex -1.99333 -13.438 224.275
    endloop
  endfacet
  facet normal 0.170969 0.985276 0
    outer loop
      vertex -2.6503 -13.324 224.275
      vertex -1.99333 -13.438 0
      vertex -2.6503 -13.324 0
    endloop
  endfacet
  facet normal -0.788295 0.615298 0
    outer loop
      vertex 10.5013 -8.61823 0
      vertex 10.9116 -8.09257 224.275
      vertex 10.9116 -8.09257 0
    endloop
  endfacet
  facet normal -0.788295 0.615298 0
    outer loop
      vertex 10.9116 -8.09257 224.275
      vertex 10.5013 -8.61823 0
      vertex 10.5013 -8.61823 224.275
    endloop
  endfacet
  facet normal 0.893218 -0.449624 0
    outer loop
      vertex -12.2807 5.80834 224.275
      vertex -11.9809 6.40392 0
      vertex -11.9809 6.40392 224.275
    endloop
  endfacet
  facet normal 0.893218 -0.449624 0
    outer loop
      vertex -11.9809 6.40392 0
      vertex -12.2807 5.80834 224.275
      vertex -12.2807 5.80834 0
    endloop
  endfacet
  facet normal -0.870063 0.492941 0
    outer loop
      vertex 11.6522 -6.98409 0
      vertex 11.9809 -6.40392 224.275
      vertex 11.9809 -6.40392 0
    endloop
  endfacet
  facet normal -0.870063 0.492941 0
    outer loop
      vertex 11.9809 -6.40392 224.275
      vertex 11.6522 -6.98409 0
      vertex 11.6522 -6.98409 224.275
    endloop
  endfacet
  facet normal 0.9757 -0.219109 0
    outer loop
      vertex -13.324 2.6503 224.275
      vertex -13.1779 3.30089 0
      vertex -13.1779 3.30089 224.275
    endloop
  endfacet
  facet normal 0.9757 -0.219109 0
    outer loop
      vertex -13.1779 3.30089 0
      vertex -13.324 2.6503 224.275
      vertex -13.324 2.6503 0
    endloop
  endfacet
  facet normal -0.914217 -0.405225 0
    outer loop
      vertex 12.5509 5.19875 0
      vertex 12.2807 5.80834 224.275
      vertex 12.2807 5.80834 0
    endloop
  endfacet
  facet normal -0.914217 -0.405225 0
    outer loop
      vertex 12.2807 5.80834 224.275
      vertex 12.5509 5.19875 0
      vertex 12.5509 5.19875 224.275
    endloop
  endfacet
  facet normal 0.999697 0.0245956 0
    outer loop
      vertex -13.5686 -0.666584 224.275
      vertex -13.585 0 0
      vertex -13.585 0 224.275
    endloop
  endfacet
  facet normal 0.999697 0.0245956 0
    outer loop
      vertex -13.585 0 0
      vertex -13.5686 -0.666584 224.275
      vertex -13.5686 -0.666584 0
    endloop
  endfacet
  facet normal -0.949554 0.313603 0
    outer loop
      vertex 12.7909 -4.57665 0
      vertex 13 -3.94352 224.275
      vertex 13 -3.94352 0
    endloop
  endfacet
  facet normal -0.949554 0.313603 0
    outer loop
      vertex 13 -3.94352 224.275
      vertex 12.7909 -4.57665 0
      vertex 12.7909 -4.57665 224.275
    endloop
  endfacet
  facet normal -0.870063 -0.492941 0
    outer loop
      vertex 11.9809 6.40392 0
      vertex 11.6522 6.98409 224.275
      vertex 11.6522 6.98409 0
    endloop
  endfacet
  facet normal -0.870063 -0.492941 0
    outer loop
      vertex 11.6522 6.98409 224.275
      vertex 11.9809 6.40392 0
      vertex 11.9809 6.40392 224.275
    endloop
  endfacet
  facet normal 0.689534 0.724253 -0
    outer loop
      vertex -9.12313 -10.0658 0
      vertex -9.60604 -9.60604 224.275
      vertex -9.12313 -10.0658 224.275
    endloop
  endfacet
  facet normal 0.689534 0.724253 0
    outer loop
      vertex -9.60604 -9.60604 224.275
      vertex -9.12313 -10.0658 0
      vertex -9.60604 -9.60604 0
    endloop
  endfacet
  facet normal 0.122379 0.992483 -0
    outer loop
      vertex -1.33156 -13.5196 0
      vertex -1.99333 -13.438 224.275
      vertex -1.33156 -13.5196 224.275
    endloop
  endfacet
  facet normal 0.122379 0.992483 0
    outer loop
      vertex -1.99333 -13.438 224.275
      vertex -1.33156 -13.5196 0
      vertex -1.99333 -13.438 0
    endloop
  endfacet
  facet normal 0.615298 -0.788295 0
    outer loop
      vertex -8.61823 10.5013 0
      vertex -8.09257 10.9116 224.275
      vertex -8.61823 10.5013 224.275
    endloop
  endfacet
  facet normal 0.615298 -0.788295 0
    outer loop
      vertex -8.09257 10.9116 224.275
      vertex -8.61823 10.5013 0
      vertex -8.09257 10.9116 0
    endloop
  endfacet
  facet normal 0.0245956 -0.999697 0
    outer loop
      vertex -0.666584 13.5686 0
      vertex 0 13.585 224.275
      vertex -0.666584 13.5686 224.275
    endloop
  endfacet
  facet normal 0.0245956 -0.999697 0
    outer loop
      vertex 0 13.585 224.275
      vertex -0.666584 13.5686 0
      vertex 0 13.585 0
    endloop
  endfacet
  facet normal -0.932978 -0.359934 0
    outer loop
      vertex 12.7909 4.57665 0
      vertex 12.5509 5.19875 224.275
      vertex 12.5509 5.19875 0
    endloop
  endfacet
  facet normal -0.932978 -0.359934 0
    outer loop
      vertex 12.5509 5.19875 224.275
      vertex 12.7909 4.57665 0
      vertex 12.7909 4.57665 224.275
    endloop
  endfacet
  facet normal -0.0734876 0.997296 0
    outer loop
      vertex 1.33156 -13.5196 0
      vertex 0.666584 -13.5686 224.275
      vertex 1.33156 -13.5196 224.275
    endloop
  endfacet
  facet normal -0.0734876 0.997296 0
    outer loop
      vertex 0.666584 -13.5686 224.275
      vertex 1.33156 -13.5196 0
      vertex 0.666584 -13.5686 0
    endloop
  endfacet
  facet normal -0.893218 -0.449624 0
    outer loop
      vertex 12.2807 5.80834 0
      vertex 11.9809 6.40392 224.275
      vertex 11.9809 6.40392 0
    endloop
  endfacet
  facet normal -0.893218 -0.449624 0
    outer loop
      vertex 11.9809 6.40392 224.275
      vertex 12.2807 5.80834 0
      vertex 12.2807 5.80834 224.275
    endloop
  endfacet
  facet normal -0.615298 -0.788295 0
    outer loop
      vertex 8.09257 10.9116 0
      vertex 8.61823 10.5013 224.275
      vertex 8.09257 10.9116 224.275
    endloop
  endfacet
  facet normal -0.615298 -0.788295 -0
    outer loop
      vertex 8.61823 10.5013 224.275
      vertex 8.09257 10.9116 0
      vertex 8.61823 10.5013 0
    endloop
  endfacet
  facet normal -0.122379 -0.992483 0
    outer loop
      vertex 1.33156 13.5196 0
      vertex 1.99333 13.438 224.275
      vertex 1.33156 13.5196 224.275
    endloop
  endfacet
  facet normal -0.122379 -0.992483 -0
    outer loop
      vertex 1.99333 13.438 224.275
      vertex 1.33156 13.5196 0
      vertex 1.99333 13.438 0
    endloop
  endfacet
  facet normal -0.405225 -0.914217 0
    outer loop
      vertex 5.19875 12.5509 0
      vertex 5.80834 12.2807 224.275
      vertex 5.19875 12.5509 224.275
    endloop
  endfacet
  facet normal -0.405225 -0.914217 -0
    outer loop
      vertex 5.80834 12.2807 224.275
      vertex 5.19875 12.5509 0
      vertex 5.80834 12.2807 0
    endloop
  endfacet
  facet normal -0.122379 0.992483 0
    outer loop
      vertex 1.99333 -13.438 0
      vertex 1.33156 -13.5196 224.275
      vertex 1.99333 -13.438 224.275
    endloop
  endfacet
  facet normal -0.122379 0.992483 0
    outer loop
      vertex 1.33156 -13.5196 224.275
      vertex 1.99333 -13.438 0
      vertex 1.33156 -13.5196 0
    endloop
  endfacet
  facet normal 0.57577 0.817612 -0
    outer loop
      vertex -7.54742 -11.2955 0
      vertex -8.09257 -10.9116 224.275
      vertex -7.54742 -11.2955 224.275
    endloop
  endfacet
  facet normal 0.57577 0.817612 0
    outer loop
      vertex -8.09257 -10.9116 224.275
      vertex -7.54742 -11.2955 0
      vertex -8.09257 -10.9116 0
    endloop
  endfacet
  facet normal -0.817612 0.57577 0
    outer loop
      vertex 10.9116 -8.09257 0
      vertex 11.2955 -7.54742 224.275
      vertex 11.2955 -7.54742 0
    endloop
  endfacet
  facet normal -0.817612 0.57577 0
    outer loop
      vertex 11.2955 -7.54742 224.275
      vertex 10.9116 -8.09257 0
      vertex 10.9116 -8.09257 224.275
    endloop
  endfacet
  facet normal -0.817612 -0.57577 0
    outer loop
      vertex 11.2955 7.54742 0
      vertex 10.9116 8.09257 224.275
      vertex 10.9116 8.09257 0
    endloop
  endfacet
  facet normal -0.817612 -0.57577 0
    outer loop
      vertex 10.9116 8.09257 224.275
      vertex 11.2955 7.54742 0
      vertex 11.2955 7.54742 224.275
    endloop
  endfacet
  facet normal -0.0734876 -0.997296 0
    outer loop
      vertex 0.666584 13.5686 0
      vertex 1.33156 13.5196 224.275
      vertex 0.666584 13.5686 224.275
    endloop
  endfacet
  facet normal -0.0734876 -0.997296 -0
    outer loop
      vertex 1.33156 13.5196 224.275
      vertex 0.666584 13.5686 0
      vertex 1.33156 13.5196 0
    endloop
  endfacet
  facet normal -0.689534 -0.724253 0
    outer loop
      vertex 9.12313 10.0658 0
      vertex 9.60604 9.60604 224.275
      vertex 9.12313 10.0658 224.275
    endloop
  endfacet
  facet normal -0.689534 -0.724253 -0
    outer loop
      vertex 9.60604 9.60604 224.275
      vertex 9.12313 10.0658 0
      vertex 9.60604 9.60604 0
    endloop
  endfacet
  facet normal 0.653147 0.757231 -0
    outer loop
      vertex -8.61823 -10.5013 0
      vertex -9.12313 -10.0658 224.275
      vertex -8.61823 -10.5013 224.275
    endloop
  endfacet
  facet normal 0.653147 0.757231 0
    outer loop
      vertex -9.12313 -10.0658 224.275
      vertex -8.61823 -10.5013 0
      vertex -9.12313 -10.0658 0
    endloop
  endfacet
  facet normal -0.999697 0.0245956 0
    outer loop
      vertex 13.5686 -0.666584 0
      vertex 13.585 0 224.275
      vertex 13.585 0 0
    endloop
  endfacet
  facet normal -0.999697 0.0245956 0
    outer loop
      vertex 13.585 0 224.275
      vertex 13.5686 -0.666584 0
      vertex 13.5686 -0.666584 224.275
    endloop
  endfacet
  facet normal 0.724253 -0.689534 0
    outer loop
      vertex -10.0658 9.12313 224.275
      vertex -9.60604 9.60604 0
      vertex -9.60604 9.60604 224.275
    endloop
  endfacet
  facet normal 0.724253 -0.689534 0
    outer loop
      vertex -9.60604 9.60604 0
      vertex -10.0658 9.12313 224.275
      vertex -10.0658 9.12313 0
    endloop
  endfacet
  facet normal -0.997296 0.0734876 0
    outer loop
      vertex 13.5196 -1.33156 0
      vertex 13.5686 -0.666584 224.275
      vertex 13.5686 -0.666584 0
    endloop
  endfacet
  facet normal -0.997296 0.0734876 0
    outer loop
      vertex 13.5686 -0.666584 224.275
      vertex 13.5196 -1.33156 0
      vertex 13.5196 -1.33156 224.275
    endloop
  endfacet
  facet normal 0.817612 0.57577 0
    outer loop
      vertex -10.9116 -8.09257 224.275
      vertex -11.2955 -7.54742 0
      vertex -11.2955 -7.54742 224.275
    endloop
  endfacet
  facet normal 0.817612 0.57577 0
    outer loop
      vertex -11.2955 -7.54742 0
      vertex -10.9116 -8.09257 224.275
      vertex -10.9116 -8.09257 0
    endloop
  endfacet
  facet normal -0.84487 -0.534971 0
    outer loop
      vertex 11.6522 6.98409 0
      vertex 11.2955 7.54742 224.275
      vertex 11.2955 7.54742 0
    endloop
  endfacet
  facet normal -0.84487 -0.534971 0
    outer loop
      vertex 11.2955 7.54742 224.275
      vertex 11.6522 6.98409 0
      vertex 11.6522 6.98409 224.275
    endloop
  endfacet
  facet normal 0.0245956 0.999697 -0
    outer loop
      vertex 0 -13.585 0
      vertex -0.666584 -13.5686 224.275
      vertex 0 -13.585 224.275
    endloop
  endfacet
  facet normal 0.0245956 0.999697 0
    outer loop
      vertex -0.666584 -13.5686 224.275
      vertex 0 -13.585 0
      vertex -0.666584 -13.5686 0
    endloop
  endfacet
  facet normal 0.405225 -0.914217 0
    outer loop
      vertex -5.80834 12.2807 0
      vertex -5.19875 12.5509 224.275
      vertex -5.80834 12.2807 224.275
    endloop
  endfacet
  facet normal 0.405225 -0.914217 0
    outer loop
      vertex -5.19875 12.5509 224.275
      vertex -5.80834 12.2807 0
      vertex -5.19875 12.5509 0
    endloop
  endfacet
  facet normal -0.405225 0.914217 0
    outer loop
      vertex 5.80834 -12.2807 0
      vertex 5.19875 -12.5509 224.275
      vertex 5.80834 -12.2807 224.275
    endloop
  endfacet
  facet normal -0.405225 0.914217 0
    outer loop
      vertex 5.19875 -12.5509 224.275
      vertex 5.80834 -12.2807 0
      vertex 5.19875 -12.5509 0
    endloop
  endfacet
  facet normal -0.57577 -0.817612 0
    outer loop
      vertex 7.54742 11.2955 0
      vertex 8.09257 10.9116 224.275
      vertex 7.54742 11.2955 224.275
    endloop
  endfacet
  facet normal -0.57577 -0.817612 -0
    outer loop
      vertex 8.09257 10.9116 224.275
      vertex 7.54742 11.2955 0
      vertex 8.09257 10.9116 0
    endloop
  endfacet
  facet normal -0.534971 0.84487 0
    outer loop
      vertex 7.54742 -11.2955 0
      vertex 6.98409 -11.6522 224.275
      vertex 7.54742 -11.2955 224.275
    endloop
  endfacet
  facet normal -0.534971 0.84487 0
    outer loop
      vertex 6.98409 -11.6522 224.275
      vertex 7.54742 -11.2955 0
      vertex 6.98409 -11.6522 0
    endloop
  endfacet
  facet normal -0.57577 0.817612 0
    outer loop
      vertex 8.09257 -10.9116 0
      vertex 7.54742 -11.2955 224.275
      vertex 8.09257 -10.9116 224.275
    endloop
  endfacet
  facet normal -0.57577 0.817612 0
    outer loop
      vertex 7.54742 -11.2955 224.275
      vertex 8.09257 -10.9116 0
      vertex 7.54742 -11.2955 0
    endloop
  endfacet
  facet normal -0.932978 0.359934 0
    outer loop
      vertex 12.5509 -5.19875 0
      vertex 12.7909 -4.57665 224.275
      vertex 12.7909 -4.57665 0
    endloop
  endfacet
  facet normal -0.932978 0.359934 0
    outer loop
      vertex 12.7909 -4.57665 224.275
      vertex 12.5509 -5.19875 0
      vertex 12.5509 -5.19875 224.275
    endloop
  endfacet
  facet normal -0.0245956 -0.999697 0
    outer loop
      vertex 0 13.585 0
      vertex 0.666584 13.5686 224.275
      vertex 0 13.585 224.275
    endloop
  endfacet
  facet normal -0.0245956 -0.999697 -0
    outer loop
      vertex 0.666584 13.5686 224.275
      vertex 0 13.585 0
      vertex 0.666584 13.5686 0
    endloop
  endfacet
  facet normal -0.9757 0.219109 0
    outer loop
      vertex 13.1779 -3.30089 0
      vertex 13.324 -2.6503 224.275
      vertex 13.324 -2.6503 0
    endloop
  endfacet
  facet normal -0.9757 0.219109 0
    outer loop
      vertex 13.324 -2.6503 224.275
      vertex 13.1779 -3.30089 0
      vertex 13.1779 -3.30089 224.275
    endloop
  endfacet
  facet normal -0.724253 -0.689534 0
    outer loop
      vertex 10.0658 9.12313 0
      vertex 9.60604 9.60604 224.275
      vertex 9.60604 9.60604 0
    endloop
  endfacet
  facet normal -0.724253 -0.689534 0
    outer loop
      vertex 9.60604 9.60604 224.275
      vertex 10.0658 9.12313 0
      vertex 10.0658 9.12313 224.275
    endloop
  endfacet
  facet normal -0.449624 0.893218 0
    outer loop
      vertex 6.40392 -11.9809 0
      vertex 5.80834 -12.2807 224.275
      vertex 6.40392 -11.9809 224.275
    endloop
  endfacet
  facet normal -0.449624 0.893218 0
    outer loop
      vertex 5.80834 -12.2807 224.275
      vertex 6.40392 -11.9809 0
      vertex 5.80834 -12.2807 0
    endloop
  endfacet
  facet normal -0.689534 0.724253 0
    outer loop
      vertex 9.60604 -9.60604 0
      vertex 9.12313 -10.0658 224.275
      vertex 9.60604 -9.60604 224.275
    endloop
  endfacet
  facet normal -0.689534 0.724253 0
    outer loop
      vertex 9.12313 -10.0658 224.275
      vertex 9.60604 -9.60604 0
      vertex 9.12313 -10.0658 0
    endloop
  endfacet
  facet normal 0.999697 -0.0245956 0
    outer loop
      vertex -13.585 0 224.275
      vertex -13.5686 0.666584 0
      vertex -13.5686 0.666584 224.275
    endloop
  endfacet
  facet normal 0.999697 -0.0245956 0
    outer loop
      vertex -13.5686 0.666584 0
      vertex -13.585 0 224.275
      vertex -13.585 0 0
    endloop
  endfacet
  facet normal -0.219109 0.9757 0
    outer loop
      vertex 3.30089 -13.1779 0
      vertex 2.6503 -13.324 224.275
      vertex 3.30089 -13.1779 224.275
    endloop
  endfacet
  facet normal -0.219109 0.9757 0
    outer loop
      vertex 2.6503 -13.324 224.275
      vertex 3.30089 -13.1779 0
      vertex 2.6503 -13.324 0
    endloop
  endfacet
  facet normal -0.949554 -0.313603 0
    outer loop
      vertex 13 3.94352 0
      vertex 12.7909 4.57665 224.275
      vertex 12.7909 4.57665 0
    endloop
  endfacet
  facet normal -0.949554 -0.313603 0
    outer loop
      vertex 12.7909 4.57665 224.275
      vertex 13 3.94352 0
      vertex 13 3.94352 224.275
    endloop
  endfacet
  facet normal 0.870063 0.492941 0
    outer loop
      vertex -11.6522 -6.98409 224.275
      vertex -11.9809 -6.40392 0
      vertex -11.9809 -6.40392 224.275
    endloop
  endfacet
  facet normal 0.870063 0.492941 0
    outer loop
      vertex -11.9809 -6.40392 0
      vertex -11.6522 -6.98409 224.275
      vertex -11.6522 -6.98409 0
    endloop
  endfacet
  facet normal -0.963753 0.266797 0
    outer loop
      vertex 13 -3.94352 0
      vertex 13.1779 -3.30089 224.275
      vertex 13.1779 -3.30089 0
    endloop
  endfacet
  facet normal -0.963753 0.266797 0
    outer loop
      vertex 13.1779 -3.30089 224.275
      vertex 13 -3.94352 0
      vertex 13 -3.94352 224.275
    endloop
  endfacet
  facet normal 0.757231 -0.653147 0
    outer loop
      vertex -10.5013 8.61823 224.275
      vertex -10.0658 9.12313 0
      vertex -10.0658 9.12313 224.275
    endloop
  endfacet
  facet normal 0.757231 -0.653147 0
    outer loop
      vertex -10.0658 9.12313 0
      vertex -10.5013 8.61823 224.275
      vertex -10.5013 8.61823 0
    endloop
  endfacet
  facet normal -0.492941 -0.870063 0
    outer loop
      vertex 6.40392 11.9809 0
      vertex 6.98409 11.6522 224.275
      vertex 6.40392 11.9809 224.275
    endloop
  endfacet
  facet normal -0.492941 -0.870063 -0
    outer loop
      vertex 6.98409 11.6522 224.275
      vertex 6.40392 11.9809 0
      vertex 6.98409 11.6522 0
    endloop
  endfacet
  facet normal -0.893218 0.449624 0
    outer loop
      vertex 11.9809 -6.40392 0
      vertex 12.2807 -5.80834 224.275
      vertex 12.2807 -5.80834 0
    endloop
  endfacet
  facet normal -0.893218 0.449624 0
    outer loop
      vertex 12.2807 -5.80834 224.275
      vertex 11.9809 -6.40392 0
      vertex 11.9809 -6.40392 224.275
    endloop
  endfacet
  facet normal 0.653147 -0.757231 0
    outer loop
      vertex -9.12313 10.0658 0
      vertex -8.61823 10.5013 224.275
      vertex -9.12313 10.0658 224.275
    endloop
  endfacet
  facet normal 0.653147 -0.757231 0
    outer loop
      vertex -8.61823 10.5013 224.275
      vertex -9.12313 10.0658 0
      vertex -8.61823 10.5013 0
    endloop
  endfacet
  facet normal -0.359934 -0.932978 0
    outer loop
      vertex 4.57665 12.7909 0
      vertex 5.19875 12.5509 224.275
      vertex 4.57665 12.7909 224.275
    endloop
  endfacet
  facet normal -0.359934 -0.932978 -0
    outer loop
      vertex 5.19875 12.5509 224.275
      vertex 4.57665 12.7909 0
      vertex 5.19875 12.5509 0
    endloop
  endfacet
  facet normal 0.985276 -0.170969 0
    outer loop
      vertex -13.438 1.99333 224.275
      vertex -13.324 2.6503 0
      vertex -13.324 2.6503 224.275
    endloop
  endfacet
  facet normal 0.985276 -0.170969 0
    outer loop
      vertex -13.324 2.6503 0
      vertex -13.438 1.99333 224.275
      vertex -13.438 1.99333 0
    endloop
  endfacet
  facet normal 0.359934 -0.932978 0
    outer loop
      vertex -5.19875 12.5509 0
      vertex -4.57665 12.7909 224.275
      vertex -5.19875 12.5509 224.275
    endloop
  endfacet
  facet normal 0.359934 -0.932978 0
    outer loop
      vertex -4.57665 12.7909 224.275
      vertex -5.19875 12.5509 0
      vertex -4.57665 12.7909 0
    endloop
  endfacet
  facet normal 0.170969 -0.985276 0
    outer loop
      vertex -2.6503 13.324 0
      vertex -1.99333 13.438 224.275
      vertex -2.6503 13.324 224.275
    endloop
  endfacet
  facet normal 0.170969 -0.985276 0
    outer loop
      vertex -1.99333 13.438 224.275
      vertex -2.6503 13.324 0
      vertex -1.99333 13.438 0
    endloop
  endfacet
  facet normal 0.985276 0.170969 0
    outer loop
      vertex -13.324 -2.6503 224.275
      vertex -13.438 -1.99333 0
      vertex -13.438 -1.99333 224.275
    endloop
  endfacet
  facet normal 0.985276 0.170969 0
    outer loop
      vertex -13.438 -1.99333 0
      vertex -13.324 -2.6503 224.275
      vertex -13.324 -2.6503 0
    endloop
  endfacet
  facet normal 0.949554 0.313603 0
    outer loop
      vertex -12.7909 -4.57665 224.275
      vertex -13 -3.94352 0
      vertex -13 -3.94352 224.275
    endloop
  endfacet
  facet normal 0.949554 0.313603 0
    outer loop
      vertex -13 -3.94352 0
      vertex -12.7909 -4.57665 224.275
      vertex -12.7909 -4.57665 0
    endloop
  endfacet
  facet normal 0.997296 -0.0734876 0
    outer loop
      vertex -13.5686 0.666584 224.275
      vertex -13.5196 1.33156 0
      vertex -13.5196 1.33156 224.275
    endloop
  endfacet
  facet normal 0.997296 -0.0734876 0
    outer loop
      vertex -13.5196 1.33156 0
      vertex -13.5686 0.666584 224.275
      vertex -13.5686 0.666584 0
    endloop
  endfacet
  facet normal -0.985276 0.170969 0
    outer loop
      vertex 13.324 -2.6503 0
      vertex 13.438 -1.99333 224.275
      vertex 13.438 -1.99333 0
    endloop
  endfacet
  facet normal -0.985276 0.170969 0
    outer loop
      vertex 13.438 -1.99333 224.275
      vertex 13.324 -2.6503 0
      vertex 13.324 -2.6503 224.275
    endloop
  endfacet
  facet normal 0.893218 0.449624 0
    outer loop
      vertex -11.9809 -6.40392 224.275
      vertex -12.2807 -5.80834 0
      vertex -12.2807 -5.80834 224.275
    endloop
  endfacet
  facet normal 0.893218 0.449624 0
    outer loop
      vertex -12.2807 -5.80834 0
      vertex -11.9809 -6.40392 224.275
      vertex -11.9809 -6.40392 0
    endloop
  endfacet
  facet normal -0.985276 -0.170969 0
    outer loop
      vertex 13.438 1.99333 0
      vertex 13.324 2.6503 224.275
      vertex 13.324 2.6503 0
    endloop
  endfacet
  facet normal -0.985276 -0.170969 0
    outer loop
      vertex 13.324 2.6503 224.275
      vertex 13.438 1.99333 0
      vertex 13.438 1.99333 224.275
    endloop
  endfacet
  facet normal -0.534971 -0.84487 0
    outer loop
      vertex 6.98409 11.6522 0
      vertex 7.54742 11.2955 224.275
      vertex 6.98409 11.6522 224.275
    endloop
  endfacet
  facet normal -0.534971 -0.84487 -0
    outer loop
      vertex 7.54742 11.2955 224.275
      vertex 6.98409 11.6522 0
      vertex 7.54742 11.2955 0
    endloop
  endfacet
  facet normal 0.0734876 0.997296 -0
    outer loop
      vertex -0.666584 -13.5686 0
      vertex -1.33156 -13.5196 224.275
      vertex -0.666584 -13.5686 224.275
    endloop
  endfacet
  facet normal 0.0734876 0.997296 0
    outer loop
      vertex -1.33156 -13.5196 224.275
      vertex -0.666584 -13.5686 0
      vertex -1.33156 -13.5196 0
    endloop
  endfacet
  facet normal -0.992483 0.122379 0
    outer loop
      vertex 13.438 -1.99333 0
      vertex 13.5196 -1.33156 224.275
      vertex 13.5196 -1.33156 0
    endloop
  endfacet
  facet normal -0.992483 0.122379 0
    outer loop
      vertex 13.5196 -1.33156 224.275
      vertex 13.438 -1.99333 0
      vertex 13.438 -1.99333 224.275
    endloop
  endfacet
  facet normal -0.313603 -0.949554 0
    outer loop
      vertex 3.94352 13 0
      vertex 4.57665 12.7909 224.275
      vertex 3.94352 13 224.275
    endloop
  endfacet
  facet normal -0.313603 -0.949554 -0
    outer loop
      vertex 4.57665 12.7909 224.275
      vertex 3.94352 13 0
      vertex 4.57665 12.7909 0
    endloop
  endfacet
  facet normal -0.266797 -0.963753 0
    outer loop
      vertex 3.30089 13.1779 0
      vertex 3.94352 13 224.275
      vertex 3.30089 13.1779 224.275
    endloop
  endfacet
  facet normal -0.266797 -0.963753 -0
    outer loop
      vertex 3.94352 13 224.275
      vertex 3.30089 13.1779 0
      vertex 3.94352 13 0
    endloop
  endfacet
  facet normal 0.122379 -0.992483 0
    outer loop
      vertex -1.99333 13.438 0
      vertex -1.33156 13.5196 224.275
      vertex -1.99333 13.438 224.275
    endloop
  endfacet
  facet normal 0.122379 -0.992483 0
    outer loop
      vertex -1.33156 13.5196 224.275
      vertex -1.99333 13.438 0
      vertex -1.33156 13.5196 0
    endloop
  endfacet
  facet normal 0.84487 0.534971 0
    outer loop
      vertex -11.2955 -7.54742 224.275
      vertex -11.6522 -6.98409 0
      vertex -11.6522 -6.98409 224.275
    endloop
  endfacet
  facet normal 0.84487 0.534971 0
    outer loop
      vertex -11.6522 -6.98409 0
      vertex -11.2955 -7.54742 224.275
      vertex -11.2955 -7.54742 0
    endloop
  endfacet
  facet normal -0.0245956 0.999697 0
    outer loop
      vertex 0.666584 -13.5686 0
      vertex 0 -13.585 224.275
      vertex 0.666584 -13.5686 224.275
    endloop
  endfacet
  facet normal -0.0245956 0.999697 0
    outer loop
      vertex 0 -13.585 224.275
      vertex 0.666584 -13.5686 0
      vertex 0 -13.585 0
    endloop
  endfacet
  facet normal 0.405225 0.914217 -0
    outer loop
      vertex -5.19875 -12.5509 0
      vertex -5.80834 -12.2807 224.275
      vertex -5.19875 -12.5509 224.275
    endloop
  endfacet
  facet normal 0.405225 0.914217 0
    outer loop
      vertex -5.80834 -12.2807 224.275
      vertex -5.19875 -12.5509 0
      vertex -5.80834 -12.2807 0
    endloop
  endfacet
  facet normal 0.689534 -0.724253 0
    outer loop
      vertex -9.60604 9.60604 0
      vertex -9.12313 10.0658 224.275
      vertex -9.60604 9.60604 224.275
    endloop
  endfacet
  facet normal 0.689534 -0.724253 0
    outer loop
      vertex -9.12313 10.0658 224.275
      vertex -9.60604 9.60604 0
      vertex -9.12313 10.0658 0
    endloop
  endfacet
  facet normal 0.788295 0.615298 0
    outer loop
      vertex -10.5013 -8.61823 224.275
      vertex -10.9116 -8.09257 0
      vertex -10.9116 -8.09257 224.275
    endloop
  endfacet
  facet normal 0.788295 0.615298 0
    outer loop
      vertex -10.9116 -8.09257 0
      vertex -10.5013 -8.61823 224.275
      vertex -10.5013 -8.61823 0
    endloop
  endfacet
  facet normal 0.0734876 -0.997296 0
    outer loop
      vertex -1.33156 13.5196 0
      vertex -0.666584 13.5686 224.275
      vertex -1.33156 13.5196 224.275
    endloop
  endfacet
  facet normal 0.0734876 -0.997296 0
    outer loop
      vertex -0.666584 13.5686 224.275
      vertex -1.33156 13.5196 0
      vertex -0.666584 13.5686 0
    endloop
  endfacet
  facet normal 0.449624 0.893218 -0
    outer loop
      vertex -5.80834 -12.2807 0
      vertex -6.40392 -11.9809 224.275
      vertex -5.80834 -12.2807 224.275
    endloop
  endfacet
  facet normal 0.449624 0.893218 0
    outer loop
      vertex -6.40392 -11.9809 224.275
      vertex -5.80834 -12.2807 0
      vertex -6.40392 -11.9809 0
    endloop
  endfacet
  facet normal -0.724253 0.689534 0
    outer loop
      vertex 9.60604 -9.60604 0
      vertex 10.0658 -9.12313 224.275
      vertex 10.0658 -9.12313 0
    endloop
  endfacet
  facet normal -0.724253 0.689534 0
    outer loop
      vertex 10.0658 -9.12313 224.275
      vertex 9.60604 -9.60604 0
      vertex 9.60604 -9.60604 224.275
    endloop
  endfacet
  facet normal 0.992483 0.122379 0
    outer loop
      vertex -13.438 -1.99333 224.275
      vertex -13.5196 -1.33156 0
      vertex -13.5196 -1.33156 224.275
    endloop
  endfacet
  facet normal 0.992483 0.122379 0
    outer loop
      vertex -13.5196 -1.33156 0
      vertex -13.438 -1.99333 224.275
      vertex -13.438 -1.99333 0
    endloop
  endfacet
  facet normal 0.534971 -0.84487 0
    outer loop
      vertex -7.54742 11.2955 0
      vertex -6.98409 11.6522 224.275
      vertex -7.54742 11.2955 224.275
    endloop
  endfacet
  facet normal 0.534971 -0.84487 0
    outer loop
      vertex -6.98409 11.6522 224.275
      vertex -7.54742 11.2955 0
      vertex -6.98409 11.6522 0
    endloop
  endfacet
  facet normal -0.170969 0.985276 0
    outer loop
      vertex 2.6503 -13.324 0
      vertex 1.99333 -13.438 224.275
      vertex 2.6503 -13.324 224.275
    endloop
  endfacet
  facet normal -0.170969 0.985276 0
    outer loop
      vertex 1.99333 -13.438 224.275
      vertex 2.6503 -13.324 0
      vertex 1.99333 -13.438 0
    endloop
  endfacet
  facet normal 0.266797 0.963753 -0
    outer loop
      vertex -3.30089 -13.1779 0
      vertex -3.94352 -13 224.275
      vertex -3.30089 -13.1779 224.275
    endloop
  endfacet
  facet normal 0.266797 0.963753 0
    outer loop
      vertex -3.94352 -13 224.275
      vertex -3.30089 -13.1779 0
      vertex -3.94352 -13 0
    endloop
  endfacet
  facet normal 0.724253 0.689534 0
    outer loop
      vertex -9.60604 -9.60604 224.275
      vertex -10.0658 -9.12313 0
      vertex -10.0658 -9.12313 224.275
    endloop
  endfacet
  facet normal 0.724253 0.689534 0
    outer loop
      vertex -10.0658 -9.12313 0
      vertex -9.60604 -9.60604 224.275
      vertex -9.60604 -9.60604 0
    endloop
  endfacet
  facet normal 0.266797 -0.963753 0
    outer loop
      vertex -3.94352 13 0
      vertex -3.30089 13.1779 224.275
      vertex -3.94352 13 224.275
    endloop
  endfacet
  facet normal 0.266797 -0.963753 0
    outer loop
      vertex -3.30089 13.1779 224.275
      vertex -3.94352 13 0
      vertex -3.30089 13.1779 0
    endloop
  endfacet
  facet normal -0.359934 0.932978 0
    outer loop
      vertex 5.19875 -12.5509 0
      vertex 4.57665 -12.7909 224.275
      vertex 5.19875 -12.5509 224.275
    endloop
  endfacet
  facet normal -0.359934 0.932978 0
    outer loop
      vertex 4.57665 -12.7909 224.275
      vertex 5.19875 -12.5509 0
      vertex 4.57665 -12.7909 0
    endloop
  endfacet
  facet normal -0.492941 0.870063 0
    outer loop
      vertex 6.98409 -11.6522 0
      vertex 6.40392 -11.9809 224.275
      vertex 6.98409 -11.6522 224.275
    endloop
  endfacet
  facet normal -0.492941 0.870063 0
    outer loop
      vertex 6.40392 -11.9809 224.275
      vertex 6.98409 -11.6522 0
      vertex 6.40392 -11.9809 0
    endloop
  endfacet
  facet normal 0.788295 -0.615298 0
    outer loop
      vertex -10.9116 8.09257 224.275
      vertex -10.5013 8.61823 0
      vertex -10.5013 8.61823 224.275
    endloop
  endfacet
  facet normal 0.788295 -0.615298 0
    outer loop
      vertex -10.5013 8.61823 0
      vertex -10.9116 8.09257 224.275
      vertex -10.9116 8.09257 0
    endloop
  endfacet
  facet normal 0.9757 0.219109 0
    outer loop
      vertex -13.1779 -3.30089 224.275
      vertex -13.324 -2.6503 0
      vertex -13.324 -2.6503 224.275
    endloop
  endfacet
  facet normal 0.9757 0.219109 0
    outer loop
      vertex -13.324 -2.6503 0
      vertex -13.1779 -3.30089 224.275
      vertex -13.1779 -3.30089 0
    endloop
  endfacet
  facet normal 0.997296 0.0734876 0
    outer loop
      vertex -13.5196 -1.33156 224.275
      vertex -13.5686 -0.666584 0
      vertex -13.5686 -0.666584 224.275
    endloop
  endfacet
  facet normal 0.997296 0.0734876 0
    outer loop
      vertex -13.5686 -0.666584 0
      vertex -13.5196 -1.33156 224.275
      vertex -13.5196 -1.33156 0
    endloop
  endfacet
  facet normal -0.170969 -0.985276 0
    outer loop
      vertex 1.99333 13.438 0
      vertex 2.6503 13.324 224.275
      vertex 1.99333 13.438 224.275
    endloop
  endfacet
  facet normal -0.170969 -0.985276 -0
    outer loop
      vertex 2.6503 13.324 224.275
      vertex 1.99333 13.438 0
      vertex 2.6503 13.324 0
    endloop
  endfacet
  facet normal 0.949554 -0.313603 0
    outer loop
      vertex -13 3.94352 224.275
      vertex -12.7909 4.57665 0
      vertex -12.7909 4.57665 224.275
    endloop
  endfacet
  facet normal 0.949554 -0.313603 0
    outer loop
      vertex -12.7909 4.57665 0
      vertex -13 3.94352 224.275
      vertex -13 3.94352 0
    endloop
  endfacet
  facet normal 0.932978 -0.359934 0
    outer loop
      vertex -12.7909 4.57665 224.275
      vertex -12.5509 5.19875 0
      vertex -12.5509 5.19875 224.275
    endloop
  endfacet
  facet normal 0.932978 -0.359934 0
    outer loop
      vertex -12.5509 5.19875 0
      vertex -12.7909 4.57665 224.275
      vertex -12.7909 4.57665 0
    endloop
  endfacet
  facet normal 0.313603 0.949554 -0
    outer loop
      vertex -3.94352 -13 0
      vertex -4.57665 -12.7909 224.275
      vertex -3.94352 -13 224.275
    endloop
  endfacet
  facet normal 0.313603 0.949554 0
    outer loop
      vertex -4.57665 -12.7909 224.275
      vertex -3.94352 -13 0
      vertex -4.57665 -12.7909 0
    endloop
  endfacet
  facet normal 0.992483 -0.122379 0
    outer loop
      vertex -13.5196 1.33156 224.275
      vertex -13.438 1.99333 0
      vertex -13.438 1.99333 224.275
    endloop
  endfacet
  facet normal 0.992483 -0.122379 0
    outer loop
      vertex -13.438 1.99333 0
      vertex -13.5196 1.33156 224.275
      vertex -13.5196 1.33156 0
    endloop
  endfacet
  facet normal -0.653147 0.757231 0
    outer loop
      vertex 9.12313 -10.0658 0
      vertex 8.61823 -10.5013 224.275
      vertex 9.12313 -10.0658 224.275
    endloop
  endfacet
  facet normal -0.653147 0.757231 0
    outer loop
      vertex 8.61823 -10.5013 224.275
      vertex 9.12313 -10.0658 0
      vertex 8.61823 -10.5013 0
    endloop
  endfacet
  facet normal -0.84487 0.534971 0
    outer loop
      vertex 11.2955 -7.54742 0
      vertex 11.6522 -6.98409 224.275
      vertex 11.6522 -6.98409 0
    endloop
  endfacet
  facet normal -0.84487 0.534971 0
    outer loop
      vertex 11.6522 -6.98409 224.275
      vertex 11.2955 -7.54742 0
      vertex 11.2955 -7.54742 224.275
    endloop
  endfacet
  facet normal 0.313603 -0.949554 0
    outer loop
      vertex -4.57665 12.7909 0
      vertex -3.94352 13 224.275
      vertex -4.57665 12.7909 224.275
    endloop
  endfacet
  facet normal 0.313603 -0.949554 0
    outer loop
      vertex -3.94352 13 224.275
      vertex -4.57665 12.7909 0
      vertex -3.94352 13 0
    endloop
  endfacet
  facet normal 0.963753 0.266797 0
    outer loop
      vertex -13 -3.94352 224.275
      vertex -13.1779 -3.30089 0
      vertex -13.1779 -3.30089 224.275
    endloop
  endfacet
  facet normal 0.963753 0.266797 0
    outer loop
      vertex -13.1779 -3.30089 0
      vertex -13 -3.94352 224.275
      vertex -13 -3.94352 0
    endloop
  endfacet
  facet normal 0.932978 0.359934 0
    outer loop
      vertex -12.5509 -5.19875 224.275
      vertex -12.7909 -4.57665 0
      vertex -12.7909 -4.57665 224.275
    endloop
  endfacet
  facet normal 0.932978 0.359934 0
    outer loop
      vertex -12.7909 -4.57665 0
      vertex -12.5509 -5.19875 224.275
      vertex -12.5509 -5.19875 0
    endloop
  endfacet
  facet normal 0.449624 -0.893218 0
    outer loop
      vertex -6.40392 11.9809 0
      vertex -5.80834 12.2807 224.275
      vertex -6.40392 11.9809 224.275
    endloop
  endfacet
  facet normal 0.449624 -0.893218 0
    outer loop
      vertex -5.80834 12.2807 224.275
      vertex -6.40392 11.9809 0
      vertex -5.80834 12.2807 0
    endloop
  endfacet
  facet normal -0.757231 -0.653147 0
    outer loop
      vertex 10.5013 8.61823 0
      vertex 10.0658 9.12313 224.275
      vertex 10.0658 9.12313 0
    endloop
  endfacet
  facet normal -0.757231 -0.653147 0
    outer loop
      vertex 10.0658 9.12313 224.275
      vertex 10.5013 8.61823 0
      vertex 10.5013 8.61823 224.275
    endloop
  endfacet
  facet normal 0.219109 0.9757 -0
    outer loop
      vertex -2.6503 -13.324 0
      vertex -3.30089 -13.1779 224.275
      vertex -2.6503 -13.324 224.275
    endloop
  endfacet
  facet normal 0.219109 0.9757 0
    outer loop
      vertex -3.30089 -13.1779 224.275
      vertex -2.6503 -13.324 0
      vertex -3.30089 -13.1779 0
    endloop
  endfacet
  facet normal -0.266797 0.963753 0
    outer loop
      vertex 3.94352 -13 0
      vertex 3.30089 -13.1779 224.275
      vertex 3.94352 -13 224.275
    endloop
  endfacet
  facet normal -0.266797 0.963753 0
    outer loop
      vertex 3.30089 -13.1779 224.275
      vertex 3.94352 -13 0
      vertex 3.30089 -13.1779 0
    endloop
  endfacet
  facet normal 0.914217 -0.405225 0
    outer loop
      vertex -12.5509 5.19875 224.275
      vertex -12.2807 5.80834 0
      vertex -12.2807 5.80834 224.275
    endloop
  endfacet
  facet normal 0.914217 -0.405225 0
    outer loop
      vertex -12.2807 5.80834 0
      vertex -12.5509 5.19875 224.275
      vertex -12.5509 5.19875 0
    endloop
  endfacet
  facet normal 0.615298 0.788295 -0
    outer loop
      vertex -8.09257 -10.9116 0
      vertex -8.61823 -10.5013 224.275
      vertex -8.09257 -10.9116 224.275
    endloop
  endfacet
  facet normal 0.615298 0.788295 0
    outer loop
      vertex -8.61823 -10.5013 224.275
      vertex -8.09257 -10.9116 0
      vertex -8.61823 -10.5013 0
    endloop
  endfacet
  facet normal 0.534971 0.84487 -0
    outer loop
      vertex -6.98409 -11.6522 0
      vertex -7.54742 -11.2955 224.275
      vertex -6.98409 -11.6522 224.275
    endloop
  endfacet
  facet normal 0.534971 0.84487 0
    outer loop
      vertex -7.54742 -11.2955 224.275
      vertex -6.98409 -11.6522 0
      vertex -7.54742 -11.2955 0
    endloop
  endfacet
  facet normal 0.84487 -0.534971 0
    outer loop
      vertex -11.6522 6.98409 224.275
      vertex -11.2955 7.54742 0
      vertex -11.2955 7.54742 224.275
    endloop
  endfacet
  facet normal 0.84487 -0.534971 0
    outer loop
      vertex -11.2955 7.54742 0
      vertex -11.6522 6.98409 224.275
      vertex -11.6522 6.98409 0
    endloop
  endfacet
  facet normal 0.359934 0.932978 -0
    outer loop
      vertex -4.57665 -12.7909 0
      vertex -5.19875 -12.5509 224.275
      vertex -4.57665 -12.7909 224.275
    endloop
  endfacet
  facet normal 0.359934 0.932978 0
    outer loop
      vertex -5.19875 -12.5509 224.275
      vertex -4.57665 -12.7909 0
      vertex -5.19875 -12.5509 0
    endloop
  endfacet
  facet normal 0.492941 0.870063 -0
    outer loop
      vertex -6.40392 -11.9809 0
      vertex -6.98409 -11.6522 224.275
      vertex -6.40392 -11.9809 224.275
    endloop
  endfacet
  facet normal 0.492941 0.870063 0
    outer loop
      vertex -6.98409 -11.6522 224.275
      vertex -6.40392 -11.9809 0
      vertex -6.98409 -11.6522 0
    endloop
  endfacet
  facet normal -0.219109 -0.9757 0
    outer loop
      vertex 2.6503 13.324 0
      vertex 3.30089 13.1779 224.275
      vertex 2.6503 13.324 224.275
    endloop
  endfacet
  facet normal -0.219109 -0.9757 -0
    outer loop
      vertex 3.30089 13.1779 224.275
      vertex 2.6503 13.324 0
      vertex 3.30089 13.1779 0
    endloop
  endfacet
  facet normal 0.870063 -0.492941 0
    outer loop
      vertex -11.9809 6.40392 224.275
      vertex -11.6522 6.98409 0
      vertex -11.6522 6.98409 224.275
    endloop
  endfacet
  facet normal 0.870063 -0.492941 0
    outer loop
      vertex -11.6522 6.98409 0
      vertex -11.9809 6.40392 224.275
      vertex -11.9809 6.40392 0
    endloop
  endfacet
  facet normal -0.707 -0.0173944 -0.707
    outer loop
      vertex 13.5686 0.666584 224.275
      vertex 13.585 0 224.275
      vertex 0 0 237.86
    endloop
  endfacet
  facet normal 0.188682 0.681579 -0.707
    outer loop
      vertex 0 0 237.86
      vertex -3.30089 -13.1779 224.275
      vertex -3.94352 -13 224.275
    endloop
  endfacet
  facet normal 0.188682 -0.681579 -0.707
    outer loop
      vertex -3.30089 13.1779 224.275
      vertex 0 0 237.86
      vertex -3.94352 13 224.275
    endloop
  endfacet
  facet normal -0.0173944 0.707 -0.707
    outer loop
      vertex 0 0 237.86
      vertex 0.666584 -13.5686 224.275
      vertex 0 -13.585 224.275
    endloop
  endfacet
  facet normal 0.25455 -0.659814 -0.707001
    outer loop
      vertex -4.57665 12.7909 224.275
      vertex 0 0 237.86
      vertex -5.19875 12.5509 224.275
    endloop
  endfacet
  facet normal 0.407192 -0.578226 -0.707
    outer loop
      vertex -7.54742 11.2955 224.275
      vertex 0 0 237.86
      vertex -8.09257 10.9116 224.275
    endloop
  endfacet
  facet normal -0.690028 -0.154956 -0.707001
    outer loop
      vertex 13.1779 3.30089 224.275
      vertex 13.324 2.6503 224.275
      vertex 0 0 237.86
    endloop
  endfacet
  facet normal -0.646546 0.286581 -0.707
    outer loop
      vertex 12.5509 -5.19875 224.275
      vertex 12.2807 -5.80834 224.275
      vertex 0 0 237.86
    endloop
  endfacet
  facet normal -0.631696 0.31798 -0.707
    outer loop
      vertex 12.2807 -5.80834 224.275
      vertex 11.9809 -6.40392 224.275
      vertex 0 0 237.86
    endloop
  endfacet
  facet normal -0.188682 -0.681579 -0.707
    outer loop
      vertex 3.30089 13.1779 224.275
      vertex 3.94352 13 224.275
      vertex 0 0 237.86
    endloop
  endfacet
  facet normal -0.348615 0.61532 -0.707
    outer loop
      vertex 6.98409 -11.6522 224.275
      vertex 6.40392 -11.9809 224.275
      vertex 0 0 237.86
    endloop
  endfacet
  facet normal 0.701897 -0.0865479 -0.707001
    outer loop
      vertex -13.438 1.99333 224.275
      vertex 0 0 237.86
      vertex -13.5196 1.33156 224.275
    endloop
  endfacet
  facet normal -0.120911 -0.6968 -0.707001
    outer loop
      vertex 1.99333 13.438 224.275
      vertex 2.6503 13.324 224.275
      vertex 0 0 237.86
    endloop
  endfacet
  facet normal 0.557493 0.435147 -0.707
    outer loop
      vertex 0 0 237.86
      vertex -10.5013 -8.61823 224.275
      vertex -10.9116 -8.09257 224.275
    endloop
  endfacet
  facet normal -0.286581 0.646546 -0.707
    outer loop
      vertex 5.80834 -12.2807 224.275
      vertex 5.19875 -12.5509 224.275
      vertex 0 0 237.86
    endloop
  endfacet
  facet normal -0.154956 -0.690028 -0.707001
    outer loop
      vertex 2.6503 13.324 224.275
      vertex 3.30089 13.1779 224.275
      vertex 0 0 237.86
    endloop
  endfacet
  facet normal -0.597504 0.378339 -0.707
    outer loop
      vertex 11.6522 -6.98409 224.275
      vertex 11.2955 -7.54742 224.275
      vertex 0 0 237.86
    endloop
  endfacet
  facet normal -0.535524 0.461915 -0.707
    outer loop
      vertex 10.5013 -8.61823 224.275
      vertex 10.0658 -9.12313 224.275
      vertex 0 0 237.86
    endloop
  endfacet
  facet normal -0.487648 -0.512202 -0.707
    outer loop
      vertex 9.12313 10.0658 224.275
      vertex 9.60604 9.60604 224.275
      vertex 0 0 237.86
    endloop
  endfacet
  facet normal -0.557493 0.435147 -0.707
    outer loop
      vertex 10.9116 -8.09257 224.275
      vertex 10.5013 -8.61823 224.275
      vertex 0 0 237.86
    endloop
  endfacet
  facet normal -0.705301 0.0519714 -0.707
    outer loop
      vertex 13.5686 -0.666584 224.275
      vertex 13.5196 -1.33156 224.275
      vertex 0 0 237.86
    endloop
  endfacet
  facet normal 0.120911 -0.6968 -0.707001
    outer loop
      vertex -1.99333 13.438 224.275
      vertex 0 0 237.86
      vertex -2.6503 13.324 224.275
    endloop
  endfacet
  facet normal 0.659814 -0.25455 -0.707001
    outer loop
      vertex -12.5509 5.19875 224.275
      vertex 0 0 237.86
      vertex -12.7909 4.57665 224.275
    endloop
  endfacet
  facet normal 0.61532 -0.348615 -0.707
    outer loop
      vertex -11.6522 6.98409 224.275
      vertex 0 0 237.86
      vertex -11.9809 6.40392 224.275
    endloop
  endfacet
  facet normal -0.407192 0.578226 -0.707
    outer loop
      vertex 8.09257 -10.9116 224.275
      vertex 7.54742 -11.2955 224.275
      vertex 0 0 237.86
    endloop
  endfacet
  facet normal 0.557493 -0.435147 -0.707
    outer loop
      vertex -10.5013 8.61823 224.275
      vertex 0 0 237.86
      vertex -10.9116 8.09257 224.275
    endloop
  endfacet
  facet normal -0.512202 0.487648 -0.707
    outer loop
      vertex 10.0658 -9.12313 224.275
      vertex 9.60604 -9.60604 224.275
      vertex 0 0 237.86
    endloop
  endfacet
  facet normal 0.535524 -0.461915 -0.707
    outer loop
      vertex -10.0658 9.12313 224.275
      vertex 0 0 237.86
      vertex -10.5013 8.61823 224.275
    endloop
  endfacet
  facet normal -0.188682 0.681579 -0.707
    outer loop
      vertex 3.94352 -13 224.275
      vertex 3.30089 -13.1779 224.275
      vertex 0 0 237.86
    endloop
  endfacet
  facet normal 0.348615 0.61532 -0.707
    outer loop
      vertex 0 0 237.86
      vertex -6.40392 -11.9809 224.275
      vertex -6.98409 -11.6522 224.275
    endloop
  endfacet
  facet normal 0.461915 -0.535524 -0.707
    outer loop
      vertex -8.61823 10.5013 224.275
      vertex 0 0 237.86
      vertex -9.12313 10.0658 224.275
    endloop
  endfacet
  facet normal 0.378339 0.597504 -0.707
    outer loop
      vertex 0 0 237.86
      vertex -6.98409 -11.6522 224.275
      vertex -7.54742 -11.2955 224.275
    endloop
  endfacet
  facet normal -0.348615 -0.61532 -0.707
    outer loop
      vertex 6.40392 11.9809 224.275
      vertex 6.98409 11.6522 224.275
      vertex 0 0 237.86
    endloop
  endfacet
  facet normal 0.705301 -0.0519714 -0.707
    outer loop
      vertex -13.5196 1.33156 224.275
      vertex 0 0 237.86
      vertex -13.5686 0.666584 224.275
    endloop
  endfacet
  facet normal -0.120911 0.6968 -0.707001
    outer loop
      vertex 2.6503 -13.324 224.275
      vertex 1.99333 -13.438 224.275
      vertex 0 0 237.86
    endloop
  endfacet
  facet normal -0.597504 -0.378339 -0.707
    outer loop
      vertex 11.2955 7.54742 224.275
      vertex 11.6522 6.98409 224.275
      vertex 0 0 237.86
    endloop
  endfacet
  facet normal 0.154956 -0.690028 -0.707001
    outer loop
      vertex -2.6503 13.324 224.275
      vertex 0 0 237.86
      vertex -3.30089 13.1779 224.275
    endloop
  endfacet
  facet normal -0.671537 -0.221785 -0.707
    outer loop
      vertex 12.7909 4.57665 224.275
      vertex 13 3.94352 224.275
      vertex 0 0 237.86
    endloop
  endfacet
  facet normal -0.681579 -0.188682 -0.707
    outer loop
      vertex 13 3.94352 224.275
      vertex 13.1779 3.30089 224.275
      vertex 0 0 237.86
    endloop
  endfacet
  facet normal -0.31798 -0.631696 -0.707
    outer loop
      vertex 5.80834 12.2807 224.275
      vertex 6.40392 11.9809 224.275
      vertex 0 0 237.86
    endloop
  endfacet
  facet normal -0.578226 0.407192 -0.707
    outer loop
      vertex 11.2955 -7.54742 224.275
      vertex 10.9116 -8.09257 224.275
      vertex 0 0 237.86
    endloop
  endfacet
  facet normal -0.0173944 -0.707 -0.707
    outer loop
      vertex 0 13.585 224.275
      vertex 0.666584 13.5686 224.275
      vertex 0 0 237.86
    endloop
  endfacet
  facet normal -0.378339 -0.597504 -0.707
    outer loop
      vertex 6.98409 11.6522 224.275
      vertex 7.54742 11.2955 224.275
      vertex 0 0 237.86
    endloop
  endfacet
  facet normal -0.707 0.0173944 -0.707
    outer loop
      vertex 13.585 0 224.275
      vertex 13.5686 -0.666584 224.275
      vertex 0 0 237.86
    endloop
  endfacet
  facet normal 0.6968 -0.120911 -0.707001
    outer loop
      vertex -13.324 2.6503 224.275
      vertex 0 0 237.86
      vertex -13.438 1.99333 224.275
    endloop
  endfacet
  facet normal 0.597504 -0.378339 -0.707
    outer loop
      vertex -11.2955 7.54742 224.275
      vertex 0 0 237.86
      vertex -11.6522 6.98409 224.275
    endloop
  endfacet
  facet normal -0.0519714 -0.705301 -0.707
    outer loop
      vertex 0.666584 13.5686 224.275
      vertex 1.33156 13.5196 224.275
      vertex 0 0 237.86
    endloop
  endfacet
  facet normal -0.221785 0.671537 -0.707
    outer loop
      vertex 4.57665 -12.7909 224.275
      vertex 3.94352 -13 224.275
      vertex 0 0 237.86
    endloop
  endfacet
  facet normal 0.25455 0.659814 -0.707001
    outer loop
      vertex 0 0 237.86
      vertex -4.57665 -12.7909 224.275
      vertex -5.19875 -12.5509 224.275
    endloop
  endfacet
  facet normal 0.646546 -0.286581 -0.707
    outer loop
      vertex -12.2807 5.80834 224.275
      vertex 0 0 237.86
      vertex -12.5509 5.19875 224.275
    endloop
  endfacet
  facet normal -0.671537 0.221785 -0.707
    outer loop
      vertex 13 -3.94352 224.275
      vertex 12.7909 -4.57665 224.275
      vertex 0 0 237.86
    endloop
  endfacet
  facet normal -0.659814 0.25455 -0.707001
    outer loop
      vertex 12.7909 -4.57665 224.275
      vertex 12.5509 -5.19875 224.275
      vertex 0 0 237.86
    endloop
  endfacet
  facet normal 0.631696 -0.31798 -0.707
    outer loop
      vertex -11.9809 6.40392 224.275
      vertex 0 0 237.86
      vertex -12.2807 5.80834 224.275
    endloop
  endfacet
  facet normal 0.646546 0.286581 -0.707
    outer loop
      vertex 0 0 237.86
      vertex -12.2807 -5.80834 224.275
      vertex -12.5509 -5.19875 224.275
    endloop
  endfacet
  facet normal -0.0865479 -0.701897 -0.707001
    outer loop
      vertex 1.33156 13.5196 224.275
      vertex 1.99333 13.438 224.275
      vertex 0 0 237.86
    endloop
  endfacet
  facet normal 0.578226 -0.407192 -0.707
    outer loop
      vertex -10.9116 8.09257 224.275
      vertex 0 0 237.86
      vertex -11.2955 7.54742 224.275
    endloop
  endfacet
  facet normal 0.120911 0.6968 -0.707001
    outer loop
      vertex 0 0 237.86
      vertex -1.99333 -13.438 224.275
      vertex -2.6503 -13.324 224.275
    endloop
  endfacet
  facet normal 0.701897 0.0865479 -0.707001
    outer loop
      vertex 0 0 237.86
      vertex -13.438 -1.99333 224.275
      vertex -13.5196 -1.33156 224.275
    endloop
  endfacet
  facet normal 0.690028 -0.154956 -0.707001
    outer loop
      vertex -13.1779 3.30089 224.275
      vertex 0 0 237.86
      vertex -13.324 2.6503 224.275
    endloop
  endfacet
  facet normal 0.681579 -0.188682 -0.707
    outer loop
      vertex -13 3.94352 224.275
      vertex 0 0 237.86
      vertex -13.1779 3.30089 224.275
    endloop
  endfacet
  facet normal 0.286581 -0.646546 -0.707
    outer loop
      vertex -5.19875 12.5509 224.275
      vertex 0 0 237.86
      vertex -5.80834 12.2807 224.275
    endloop
  endfacet
  facet normal 0.435147 -0.557493 -0.707
    outer loop
      vertex -8.09257 10.9116 224.275
      vertex 0 0 237.86
      vertex -8.61823 10.5013 224.275
    endloop
  endfacet
  facet normal 0.0865479 0.701897 -0.707001
    outer loop
      vertex 0 0 237.86
      vertex -1.33156 -13.5196 224.275
      vertex -1.99333 -13.438 224.275
    endloop
  endfacet
  facet normal 0.0865479 -0.701897 -0.707001
    outer loop
      vertex -1.33156 13.5196 224.275
      vertex 0 0 237.86
      vertex -1.99333 13.438 224.275
    endloop
  endfacet
  facet normal -0.6968 -0.120911 -0.707001
    outer loop
      vertex 13.324 2.6503 224.275
      vertex 13.438 1.99333 224.275
      vertex 0 0 237.86
    endloop
  endfacet
  facet normal 0.378339 -0.597504 -0.707
    outer loop
      vertex -6.98409 11.6522 224.275
      vertex 0 0 237.86
      vertex -7.54742 11.2955 224.275
    endloop
  endfacet
  facet normal 0.0519714 -0.705301 -0.707
    outer loop
      vertex -0.666584 13.5686 224.275
      vertex 0 0 237.86
      vertex -1.33156 13.5196 224.275
    endloop
  endfacet
  facet normal -0.512202 -0.487648 -0.707
    outer loop
      vertex 9.60604 9.60604 224.275
      vertex 10.0658 9.12313 224.275
      vertex 0 0 237.86
    endloop
  endfacet
  facet normal 0.461915 0.535524 -0.707
    outer loop
      vertex 0 0 237.86
      vertex -8.61823 -10.5013 224.275
      vertex -9.12313 -10.0658 224.275
    endloop
  endfacet
  facet normal 0.671537 -0.221785 -0.707
    outer loop
      vertex -12.7909 4.57665 224.275
      vertex 0 0 237.86
      vertex -13 3.94352 224.275
    endloop
  endfacet
  facet normal -0.701897 -0.0865479 -0.707001
    outer loop
      vertex 13.438 1.99333 224.275
      vertex 13.5196 1.33156 224.275
      vertex 0 0 237.86
    endloop
  endfacet
  facet normal -0.705301 -0.0519714 -0.707
    outer loop
      vertex 13.5196 1.33156 224.275
      vertex 13.5686 0.666584 224.275
      vertex 0 0 237.86
    endloop
  endfacet
  facet normal 0.512202 -0.487648 -0.707
    outer loop
      vertex -9.60604 9.60604 224.275
      vertex 0 0 237.86
      vertex -10.0658 9.12313 224.275
    endloop
  endfacet
  facet normal 0.487648 -0.512202 -0.707
    outer loop
      vertex -9.12313 10.0658 224.275
      vertex 0 0 237.86
      vertex -9.60604 9.60604 224.275
    endloop
  endfacet
  facet normal 0.707 -0.0173944 -0.707
    outer loop
      vertex -13.5686 0.666584 224.275
      vertex 0 0 237.86
      vertex -13.585 0 224.275
    endloop
  endfacet
  facet normal 0.659814 0.25455 -0.707001
    outer loop
      vertex 0 0 237.86
      vertex -12.5509 -5.19875 224.275
      vertex -12.7909 -4.57665 224.275
    endloop
  endfacet
  facet normal 0.671537 0.221785 -0.707
    outer loop
      vertex 0 0 237.86
      vertex -12.7909 -4.57665 224.275
      vertex -13 -3.94352 224.275
    endloop
  endfacet
  facet normal -0.61532 -0.348615 -0.707
    outer loop
      vertex 11.6522 6.98409 224.275
      vertex 11.9809 6.40392 224.275
      vertex 0 0 237.86
    endloop
  endfacet
  facet normal -0.631696 -0.31798 -0.707
    outer loop
      vertex 11.9809 6.40392 224.275
      vertex 12.2807 5.80834 224.275
      vertex 0 0 237.86
    endloop
  endfacet
  facet normal -0.535524 -0.461915 -0.707
    outer loop
      vertex 10.0658 9.12313 224.275
      vertex 10.5013 8.61823 224.275
      vertex 0 0 237.86
    endloop
  endfacet
  facet normal 0.487648 0.512202 -0.707
    outer loop
      vertex 0 0 237.86
      vertex -9.12313 -10.0658 224.275
      vertex -9.60604 -9.60604 224.275
    endloop
  endfacet
  facet normal -0.646546 -0.286581 -0.707
    outer loop
      vertex 12.2807 5.80834 224.275
      vertex 12.5509 5.19875 224.275
      vertex 0 0 237.86
    endloop
  endfacet
  facet normal 0.348615 -0.61532 -0.707
    outer loop
      vertex -6.40392 11.9809 224.275
      vertex 0 0 237.86
      vertex -6.98409 11.6522 224.275
    endloop
  endfacet
  facet normal 0.31798 -0.631696 -0.707
    outer loop
      vertex -5.80834 12.2807 224.275
      vertex 0 0 237.86
      vertex -6.40392 11.9809 224.275
    endloop
  endfacet
  facet normal -0.557493 -0.435147 -0.707
    outer loop
      vertex 10.5013 8.61823 224.275
      vertex 10.9116 8.09257 224.275
      vertex 0 0 237.86
    endloop
  endfacet
  facet normal 0.221785 -0.671537 -0.707
    outer loop
      vertex -3.94352 13 224.275
      vertex 0 0 237.86
      vertex -4.57665 12.7909 224.275
    endloop
  endfacet
  facet normal 0.0173944 -0.707 -0.707
    outer loop
      vertex 0 13.585 224.275
      vertex 0 0 237.86
      vertex -0.666584 13.5686 224.275
    endloop
  endfacet
  facet normal -0.701897 0.0865479 -0.707001
    outer loop
      vertex 13.5196 -1.33156 224.275
      vertex 13.438 -1.99333 224.275
      vertex 0 0 237.86
    endloop
  endfacet
  facet normal -0.6968 0.120911 -0.707001
    outer loop
      vertex 13.438 -1.99333 224.275
      vertex 13.324 -2.6503 224.275
      vertex 0 0 237.86
    endloop
  endfacet
  facet normal -0.659814 -0.25455 -0.707001
    outer loop
      vertex 12.5509 5.19875 224.275
      vertex 12.7909 4.57665 224.275
      vertex 0 0 237.86
    endloop
  endfacet
  facet normal -0.435147 0.557493 -0.707
    outer loop
      vertex 8.61823 -10.5013 224.275
      vertex 8.09257 -10.9116 224.275
      vertex 0 0 237.86
    endloop
  endfacet
  facet normal -0.154956 0.690028 -0.707001
    outer loop
      vertex 3.30089 -13.1779 224.275
      vertex 2.6503 -13.324 224.275
      vertex 0 0 237.86
    endloop
  endfacet
  facet normal -0.578226 -0.407192 -0.707
    outer loop
      vertex 10.9116 8.09257 224.275
      vertex 11.2955 7.54742 224.275
      vertex 0 0 237.86
    endloop
  endfacet
  facet normal 0.512202 0.487648 -0.707
    outer loop
      vertex 0 0 237.86
      vertex -9.60604 -9.60604 224.275
      vertex -10.0658 -9.12313 224.275
    endloop
  endfacet
  facet normal 0.535524 0.461915 -0.707
    outer loop
      vertex 0 0 237.86
      vertex -10.0658 -9.12313 224.275
      vertex -10.5013 -8.61823 224.275
    endloop
  endfacet
  facet normal -0.487648 0.512202 -0.707
    outer loop
      vertex 9.60604 -9.60604 224.275
      vertex 9.12313 -10.0658 224.275
      vertex 0 0 237.86
    endloop
  endfacet
  facet normal -0.461915 0.535524 -0.707
    outer loop
      vertex 9.12313 -10.0658 224.275
      vertex 8.61823 -10.5013 224.275
      vertex 0 0 237.86
    endloop
  endfacet
  facet normal -0.690028 0.154956 -0.707001
    outer loop
      vertex 13.324 -2.6503 224.275
      vertex 13.1779 -3.30089 224.275
      vertex 0 0 237.86
    endloop
  endfacet
  facet normal -0.681579 0.188682 -0.707
    outer loop
      vertex 13.1779 -3.30089 224.275
      vertex 13 -3.94352 224.275
      vertex 0 0 237.86
    endloop
  endfacet
  facet normal -0.435147 -0.557493 -0.707
    outer loop
      vertex 8.09257 10.9116 224.275
      vertex 8.61823 10.5013 224.275
      vertex 0 0 237.86
    endloop
  endfacet
  facet normal -0.461915 -0.535524 -0.707
    outer loop
      vertex 8.61823 10.5013 224.275
      vertex 9.12313 10.0658 224.275
      vertex 0 0 237.86
    endloop
  endfacet
  facet normal -0.407192 -0.578226 -0.707
    outer loop
      vertex 7.54742 11.2955 224.275
      vertex 8.09257 10.9116 224.275
      vertex 0 0 237.86
    endloop
  endfacet
  facet normal -0.378339 0.597504 -0.707
    outer loop
      vertex 7.54742 -11.2955 224.275
      vertex 6.98409 -11.6522 224.275
      vertex 0 0 237.86
    endloop
  endfacet
  facet normal -0.221785 -0.671537 -0.707
    outer loop
      vertex 3.94352 13 224.275
      vertex 4.57665 12.7909 224.275
      vertex 0 0 237.86
    endloop
  endfacet
  facet normal -0.25455 -0.659814 -0.707001
    outer loop
      vertex 4.57665 12.7909 224.275
      vertex 5.19875 12.5509 224.275
      vertex 0 0 237.86
    endloop
  endfacet
  facet normal -0.286581 -0.646546 -0.707
    outer loop
      vertex 5.19875 12.5509 224.275
      vertex 5.80834 12.2807 224.275
      vertex 0 0 237.86
    endloop
  endfacet
  facet normal 0.286581 0.646546 -0.707
    outer loop
      vertex 0 0 237.86
      vertex -5.19875 -12.5509 224.275
      vertex -5.80834 -12.2807 224.275
    endloop
  endfacet
  facet normal 0.31798 0.631696 -0.707
    outer loop
      vertex 0 0 237.86
      vertex -5.80834 -12.2807 224.275
      vertex -6.40392 -11.9809 224.275
    endloop
  endfacet
  facet normal 0.221785 0.671537 -0.707
    outer loop
      vertex 0 0 237.86
      vertex -3.94352 -13 224.275
      vertex -4.57665 -12.7909 224.275
    endloop
  endfacet
  facet normal 0.578226 0.407192 -0.707
    outer loop
      vertex 0 0 237.86
      vertex -10.9116 -8.09257 224.275
      vertex -11.2955 -7.54742 224.275
    endloop
  endfacet
  facet normal -0.25455 0.659814 -0.707001
    outer loop
      vertex 5.19875 -12.5509 224.275
      vertex 4.57665 -12.7909 224.275
      vertex 0 0 237.86
    endloop
  endfacet
  facet normal 0.407192 0.578226 -0.707
    outer loop
      vertex 0 0 237.86
      vertex -7.54742 -11.2955 224.275
      vertex -8.09257 -10.9116 224.275
    endloop
  endfacet
  facet normal -0.61532 0.348615 -0.707
    outer loop
      vertex 11.9809 -6.40392 224.275
      vertex 11.6522 -6.98409 224.275
      vertex 0 0 237.86
    endloop
  endfacet
  facet normal -0.0519714 0.705301 -0.707
    outer loop
      vertex 1.33156 -13.5196 224.275
      vertex 0.666584 -13.5686 224.275
      vertex 0 0 237.86
    endloop
  endfacet
  facet normal -0.0865479 0.701897 -0.707001
    outer loop
      vertex 1.99333 -13.438 224.275
      vertex 1.33156 -13.5196 224.275
      vertex 0 0 237.86
    endloop
  endfacet
  facet normal 0.154956 0.690028 -0.707001
    outer loop
      vertex 0 0 237.86
      vertex -2.6503 -13.324 224.275
      vertex -3.30089 -13.1779 224.275
    endloop
  endfacet
  facet normal 0.631696 0.31798 -0.707
    outer loop
      vertex 0 0 237.86
      vertex -11.9809 -6.40392 224.275
      vertex -12.2807 -5.80834 224.275
    endloop
  endfacet
  facet normal 0.681579 0.188682 -0.707
    outer loop
      vertex 0 0 237.86
      vertex -13 -3.94352 224.275
      vertex -13.1779 -3.30089 224.275
    endloop
  endfacet
  facet normal 0.435147 0.557493 -0.707
    outer loop
      vertex 0 0 237.86
      vertex -8.09257 -10.9116 224.275
      vertex -8.61823 -10.5013 224.275
    endloop
  endfacet
  facet normal 0.6968 0.120911 -0.707001
    outer loop
      vertex 0 0 237.86
      vertex -13.324 -2.6503 224.275
      vertex -13.438 -1.99333 224.275
    endloop
  endfacet
  facet normal 0.690028 0.154956 -0.707001
    outer loop
      vertex 0 0 237.86
      vertex -13.1779 -3.30089 224.275
      vertex -13.324 -2.6503 224.275
    endloop
  endfacet
  facet normal -0.31798 0.631696 -0.707
    outer loop
      vertex 6.40392 -11.9809 224.275
      vertex 5.80834 -12.2807 224.275
      vertex 0 0 237.86
    endloop
  endfacet
  facet normal 0.0173944 0.707 -0.707
    outer loop
      vertex 0 0 237.86
      vertex 0 -13.585 224.275
      vertex -0.666584 -13.5686 224.275
    endloop
  endfacet
  facet normal 0.0519714 0.705301 -0.707
    outer loop
      vertex 0 0 237.86
      vertex -0.666584 -13.5686 224.275
      vertex -1.33156 -13.5196 224.275
    endloop
  endfacet
  facet normal 0.597504 0.378339 -0.707
    outer loop
      vertex 0 0 237.86
      vertex -11.2955 -7.54742 224.275
      vertex -11.6522 -6.98409 224.275
    endloop
  endfacet
  facet normal 0.61532 0.348615 -0.707
    outer loop
      vertex 0 0 237.86
      vertex -11.6522 -6.98409 224.275
      vertex -11.9809 -6.40392 224.275
    endloop
  endfacet
  facet normal 0.705301 0.0519714 -0.707
    outer loop
      vertex 0 0 237.86
      vertex -13.5196 -1.33156 224.275
      vertex -13.5686 -0.666584 224.275
    endloop
  endfacet
  facet normal 0.707 0.0173944 -0.707
    outer loop
      vertex 0 0 237.86
      vertex -13.5686 -0.666584 224.275
      vertex -13.585 0 224.275
    endloop
  endfacet
endsolid OpenSCAD_Model
