solid OpenSCAD_Model
  facet normal 0 0 -1
    outer loop
      vertex 0.344131 0.491486 0
      vertex 48.2317 -4.16841 0
      vertex 34.6666 -23.5414 0
    endloop
  endfacet
  facet normal 0 0 -1
    outer loop
      vertex 48.2317 -4.16841 0
      vertex 0.344131 0.491486 0
      vertex 10.6326 22.1587 0
    endloop
  endfacet
  facet normal 0 0 -1
    outer loop
      vertex -24 3.73204 0
      vertex 0.344131 0.491486 0
      vertex 0 0 0
    endloop
  endfacet
  facet normal 0 0 -1
    outer loop
      vertex -24 3.73204 0
      vertex 0 0 0
      vertex -23 0 0
    endloop
  endfacet
  facet normal 0 0 -1
    outer loop
      vertex -24 3.73204 0
      vertex -23 0 0
      vertex -23.261 0.0171051 0
    endloop
  endfacet
  facet normal 0 0 -1
    outer loop
      vertex -24 3.73204 0
      vertex -23.261 0.0171051 0
      vertex -23.5176 0.0681458 0
    endloop
  endfacet
  facet normal 0 0 -1
    outer loop
      vertex -24 3.73204 0
      vertex -23.5176 0.0681458 0
      vertex -23.7654 0.152237 0
    endloop
  endfacet
  facet normal 0 0 -1
    outer loop
      vertex -24 3.73204 0
      vertex -23.7654 0.152237 0
      vertex -24 0.267944 0
    endloop
  endfacet
  facet normal 0 0 -1
    outer loop
      vertex 0.344131 0.491486 0
      vertex -24 3.73204 0
      vertex 10.6326 22.1587 0
    endloop
  endfacet
  facet normal 0 0 -1
    outer loop
      vertex -24.2175 0.413284 0
      vertex -24 3.73204 0
      vertex -24 0.267944 0
    endloop
  endfacet
  facet normal 0 0 -1
    outer loop
      vertex -24.2175 0.413284 0
      vertex -24.2175 3.5867 0
      vertex -24 3.73204 0
    endloop
  endfacet
  facet normal 0 0 -1
    outer loop
      vertex -24.4142 0.585785 0
      vertex -24.2175 3.5867 0
      vertex -24.2175 0.413284 0
    endloop
  endfacet
  facet normal 0 0 -1
    outer loop
      vertex -24.4142 0.585785 0
      vertex -24.4142 3.4142 0
      vertex -24.2175 3.5867 0
    endloop
  endfacet
  facet normal 0 0 -1
    outer loop
      vertex -24.5867 0.782471 0
      vertex -24.4142 3.4142 0
      vertex -24.4142 0.585785 0
    endloop
  endfacet
  facet normal 0 0 -1
    outer loop
      vertex -24.5867 0.782471 0
      vertex -24.5867 3.21751 0
      vertex -24.4142 3.4142 0
    endloop
  endfacet
  facet normal 0 0 -1
    outer loop
      vertex -24.732 1 0
      vertex -24.5867 3.21751 0
      vertex -24.5867 0.782471 0
    endloop
  endfacet
  facet normal 0 0 -1
    outer loop
      vertex -24.732 1 0
      vertex -24.732 3 0
      vertex -24.5867 3.21751 0
    endloop
  endfacet
  facet normal 0 0 -1
    outer loop
      vertex -24.8477 1.23462 0
      vertex -24.732 3 0
      vertex -24.732 1 0
    endloop
  endfacet
  facet normal 0 0 -1
    outer loop
      vertex -24.8477 1.23462 0
      vertex -24.8477 2.76537 0
      vertex -24.732 3 0
    endloop
  endfacet
  facet normal 0 0 -1
    outer loop
      vertex -24.9318 1.48236 0
      vertex -24.8477 2.76537 0
      vertex -24.8477 1.23462 0
    endloop
  endfacet
  facet normal 0 0 -1
    outer loop
      vertex -24.9318 1.48236 0
      vertex -24.9318 2.51762 0
      vertex -24.8477 2.76537 0
    endloop
  endfacet
  facet normal 0 0 -1
    outer loop
      vertex -24.9829 1.73894 0
      vertex -24.9318 2.51762 0
      vertex -24.9318 1.48236 0
    endloop
  endfacet
  facet normal 0 0 -1
    outer loop
      vertex -24.9829 1.73894 0
      vertex -24.9829 2.26105 0
      vertex -24.9318 2.51762 0
    endloop
  endfacet
  facet normal 0 -0 -1
    outer loop
      vertex -24.9829 2.26105 0
      vertex -24.9829 1.73894 0
      vertex -25 2 0
    endloop
  endfacet
  facet normal 0 0 1
    outer loop
      vertex 11.6149 16.5878 3
      vertex 34.6666 -23.5414 3
      vertex 45.9374 -7.44502 3
    endloop
  endfacet
  facet normal 0 0 1
    outer loop
      vertex 34.6666 -23.5414 3
      vertex 11.6149 16.5878 3
      vertex 0.344139 0.491481 3
    endloop
  endfacet
  facet normal 0.819152 -0.573576 0
    outer loop
      vertex 45.9374 -7.44502 3
      vertex 34.6666 -23.5414 3
      vertex 45.9374 -7.44502 2.99
    endloop
  endfacet
  facet normal 0.819153 -0.573575 0
    outer loop
      vertex 45.9374 -7.44502 2.99
      vertex 48.2317 -4.16841 0
      vertex 48.2317 -4.16841 2.99
    endloop
  endfacet
  facet normal 0.819152 -0.573576 0
    outer loop
      vertex 34.6666 -23.5414 0
      vertex 45.9374 -7.44502 2.99
      vertex 34.6666 -23.5414 3
    endloop
  endfacet
  facet normal 0.819152 -0.573576 -1.29189e-06
    outer loop
      vertex 45.9374 -7.44502 2.99
      vertex 34.6666 -23.5414 0
      vertex 48.2317 -4.16841 0
    endloop
  endfacet
  facet normal 0.573609 0.81913 -5.06538e-05
    outer loop
      vertex 38.8473 2.40262 19.1621
      vertex 48.2317 -4.16841 28
      vertex 39.2457 2.12364 19.2589
    endloop
  endfacet
  facet normal 0.573506 0.819201 0.00030513
    outer loop
      vertex 48.2317 -4.16841 28
      vertex 22.8952 13.5724 19.2589
      vertex 22.4898 13.8562 19.2913
    endloop
  endfacet
  facet normal 0.573551 0.81917 4.01211e-05
    outer loop
      vertex 38.4626 2.67198 19.0027
      vertex 48.2317 -4.16841 28
      vertex 38.8473 2.40262 19.1621
    endloop
  endfacet
  facet normal 0.573607 0.819131 -0.000130397
    outer loop
      vertex 48.2317 -4.16841 28
      vertex 23.2936 13.2934 19.1621
      vertex 22.8952 13.5724 19.2589
    endloop
  endfacet
  facet normal 0.573574 0.819154 2.82842e-06
    outer loop
      vertex 23.6783 13.024 19.0027
      vertex 48.2317 -4.16841 28
      vertex 38.4626 2.67198 19.0027
    endloop
  endfacet
  facet normal 0.573596 0.819138 -8.50599e-05
    outer loop
      vertex 48.2317 -4.16841 28
      vertex 23.6783 13.024 19.0027
      vertex 23.2936 13.2934 19.1621
    endloop
  endfacet
  facet normal 0.573574 0.819154 0.000133838
    outer loop
      vertex 38.0983 2.9271 18.7834
      vertex 23.6783 13.024 19.0027
      vertex 38.4626 2.67198 19.0027
    endloop
  endfacet
  facet normal 0.573575 0.819153 0.000204193
    outer loop
      vertex 38.0983 2.9271 18.7834
      vertex 24.0427 12.7689 18.7834
      vertex 23.6783 13.024 19.0027
    endloop
  endfacet
  facet normal 0.573575 0.819153 -5.7113e-05
    outer loop
      vertex 37.7605 3.16361 18.5078
      vertex 24.0427 12.7689 18.7834
      vertex 38.0983 2.9271 18.7834
    endloop
  endfacet
  facet normal 0.573574 0.819154 -0.000122903
    outer loop
      vertex 37.7605 3.16361 18.5078
      vertex 24.3804 12.5324 18.5078
      vertex 24.0427 12.7689 18.7834
    endloop
  endfacet
  facet normal 0.573574 0.819154 4.48947e-05
    outer loop
      vertex 37.4551 3.37747 18.1809
      vertex 24.3804 12.5324 18.5078
      vertex 37.7605 3.16361 18.5078
    endloop
  endfacet
  facet normal 0.573574 0.819154 2.99825e-05
    outer loop
      vertex 37.4551 3.37747 18.1809
      vertex 24.6859 12.3185 18.1809
      vertex 24.3804 12.5324 18.5078
    endloop
  endfacet
  facet normal 0.573574 0.819154 -7.54321e-05
    outer loop
      vertex 37.1872 3.56502 17.808
      vertex 24.6859 12.3185 18.1809
      vertex 37.4551 3.37747 18.1809
    endloop
  endfacet
  facet normal 0.573576 0.819152 3.3793e-05
    outer loop
      vertex 37.1872 3.56502 17.808
      vertex 24.9537 12.131 17.808
      vertex 24.6859 12.3185 18.1809
    endloop
  endfacet
  facet normal 0.573576 0.819152 6.60243e-06
    outer loop
      vertex 36.9615 3.72306 17.3957
      vertex 24.9537 12.131 17.808
      vertex 37.1872 3.56502 17.808
    endloop
  endfacet
  facet normal 0.573578 0.819151 7.41384e-05
    outer loop
      vertex 36.9615 3.72306 17.3957
      vertex 25.1794 11.973 17.3957
      vertex 24.9537 12.131 17.808
    endloop
  endfacet
  facet normal 0.573578 0.819151 -3.25456e-05
    outer loop
      vertex 36.7818 3.84887 16.9509
      vertex 25.1794 11.973 17.3957
      vertex 36.9615 3.72306 17.3957
    endloop
  endfacet
  facet normal 0.573575 0.819153 -0.000134784
    outer loop
      vertex 36.7818 3.84887 16.9509
      vertex 25.3591 11.8471 16.9509
      vertex 25.1794 11.973 17.3957
    endloop
  endfacet
  facet normal 0.573575 0.819153 -2.92252e-05
    outer loop
      vertex 36.6512 3.9403 16.4813
      vertex 25.3591 11.8471 16.9509
      vertex 36.7818 3.84887 16.9509
    endloop
  endfacet
  facet normal 0.573578 0.819151 8.28522e-05
    outer loop
      vertex 36.6512 3.9403 16.4813
      vertex 25.4897 11.7557 16.4813
      vertex 25.3591 11.8471 16.9509
    endloop
  endfacet
  facet normal 0.573578 0.819151 5.61227e-05
    outer loop
      vertex 36.572 3.99579 15.9949
      vertex 25.4897 11.7557 16.4813
      vertex 36.6512 3.9403 16.4813
    endloop
  endfacet
  facet normal 0.573574 0.819154 -7.38931e-05
    outer loop
      vertex 36.572 3.99579 15.9949
      vertex 25.5689 11.7002 15.9949
      vertex 25.4897 11.7557 16.4813
    endloop
  endfacet
  facet normal 0.573574 0.819154 -2.55151e-05
    outer loop
      vertex 36.5454 4.0144 15.5
      vertex 25.5689 11.7002 15.9949
      vertex 36.572 3.99579 15.9949
    endloop
  endfacet
  facet normal 0.573576 0.819152 4.22311e-05
    outer loop
      vertex 36.5454 4.0144 15.5
      vertex 25.5955 11.6816 15.5
      vertex 25.5689 11.7002 15.9949
    endloop
  endfacet
  facet normal 0.573576 0.819152 2.56792e-05
    outer loop
      vertex 36.572 3.99579 15.0051
      vertex 25.5955 11.6816 15.5
      vertex 36.5454 4.0144 15.5
    endloop
  endfacet
  facet normal 0.573574 0.819154 -4.2067e-05
    outer loop
      vertex 36.572 3.99579 15.0051
      vertex 25.5689 11.7002 15.0051
      vertex 25.5955 11.6816 15.5
    endloop
  endfacet
  facet normal 0.573574 0.819154 -5.7052e-05
    outer loop
      vertex 36.6512 3.9403 14.5187
      vertex 25.5689 11.7002 15.0051
      vertex 36.572 3.99579 15.0051
    endloop
  endfacet
  facet normal 0.573578 0.819151 7.29637e-05
    outer loop
      vertex 36.6512 3.9403 14.5187
      vertex 25.4897 11.7557 14.5187
      vertex 25.5689 11.7002 15.0051
    endloop
  endfacet
  facet normal 0.573578 0.819151 -8.28522e-05
    outer loop
      vertex 36.6512 3.9403 14.5187
      vertex 25.3591 11.8471 14.0491
      vertex 25.4897 11.7557 14.5187
    endloop
  endfacet
  facet normal 0.573575 0.819153 2.92252e-05
    outer loop
      vertex 36.7818 3.84887 14.0491
      vertex 25.3591 11.8471 14.0491
      vertex 36.6512 3.9403 14.5187
    endloop
  endfacet
  facet normal 0.573575 0.819153 0.000134784
    outer loop
      vertex 36.7818 3.84887 14.0491
      vertex 25.1794 11.973 13.6043
      vertex 25.3591 11.8471 14.0491
    endloop
  endfacet
  facet normal 0.573578 0.819151 3.25456e-05
    outer loop
      vertex 36.9615 3.72306 13.6043
      vertex 25.1794 11.973 13.6043
      vertex 36.7818 3.84887 14.0491
    endloop
  endfacet
  facet normal 0.573578 0.819151 -7.41384e-05
    outer loop
      vertex 36.9615 3.72306 13.6043
      vertex 24.9537 12.131 13.192
      vertex 25.1794 11.973 13.6043
    endloop
  endfacet
  facet normal 0.573576 0.819152 -6.60243e-06
    outer loop
      vertex 37.1872 3.56502 13.192
      vertex 24.9537 12.131 13.192
      vertex 36.9615 3.72306 13.6043
    endloop
  endfacet
  facet normal 0.573576 0.819152 -3.3793e-05
    outer loop
      vertex 37.1872 3.56502 13.192
      vertex 24.6859 12.3185 12.8191
      vertex 24.9537 12.131 13.192
    endloop
  endfacet
  facet normal 0.573574 0.819154 7.54321e-05
    outer loop
      vertex 37.4551 3.37747 12.8191
      vertex 24.6859 12.3185 12.8191
      vertex 37.1872 3.56502 13.192
    endloop
  endfacet
  facet normal 0.573574 0.819154 -2.99825e-05
    outer loop
      vertex 37.4551 3.37747 12.8191
      vertex 24.3804 12.5324 12.4922
      vertex 24.6859 12.3185 12.8191
    endloop
  endfacet
  facet normal 0.573574 0.819154 -4.48947e-05
    outer loop
      vertex 37.7605 3.16361 12.4922
      vertex 24.3804 12.5324 12.4922
      vertex 37.4551 3.37747 12.8191
    endloop
  endfacet
  facet normal 0.573574 0.819154 0.000122903
    outer loop
      vertex 37.7605 3.16361 12.4922
      vertex 24.0427 12.7689 12.2166
      vertex 24.3804 12.5324 12.4922
    endloop
  endfacet
  facet normal 0.573575 0.819153 5.7113e-05
    outer loop
      vertex 38.0983 2.9271 12.2166
      vertex 24.0427 12.7689 12.2166
      vertex 37.7605 3.16361 12.4922
    endloop
  endfacet
  facet normal 0.573575 0.819153 -0.000204193
    outer loop
      vertex 38.0983 2.9271 12.2166
      vertex 23.6783 13.024 11.9973
      vertex 24.0427 12.7689 12.2166
    endloop
  endfacet
  facet normal 0.573574 0.819154 -0.000133838
    outer loop
      vertex 38.4626 2.67198 11.9973
      vertex 23.6783 13.024 11.9973
      vertex 38.0983 2.9271 12.2166
    endloop
  endfacet
  facet normal 0.573574 0.819154 -2.12116e-06
    outer loop
      vertex 48.2317 -4.16841 0
      vertex 23.6783 13.024 11.9973
      vertex 38.4626 2.67198 11.9973
    endloop
  endfacet
  facet normal 0.573555 0.819167 -2.498e-05
    outer loop
      vertex 48.2317 -4.16841 0
      vertex 38.4626 2.67198 11.9973
      vertex 38.8473 2.40262 11.8379
    endloop
  endfacet
  facet normal 0.573599 0.819136 7.35501e-05
    outer loop
      vertex 23.6783 13.024 11.9973
      vertex 48.2317 -4.16841 0
      vertex 23.2936 13.2934 11.8379
    endloop
  endfacet
  facet normal 0.573606 0.819131 3.47546e-05
    outer loop
      vertex 48.2317 -4.16841 0
      vertex 38.8473 2.40262 11.8379
      vertex 39.2457 2.12364 11.7411
    endloop
  endfacet
  facet normal 0.573576 0.819153 -4.38899e-07
    outer loop
      vertex 10.6326 22.1587 0
      vertex 23.2936 13.2934 11.8379
      vertex 48.2317 -4.16841 0
    endloop
  endfacet
  facet normal 0.573556 0.819167 -3.04293e-05
    outer loop
      vertex 48.2317 -4.16841 2.99
      vertex 39.2457 2.12364 11.7411
      vertex 39.6511 1.83979 11.7087
    endloop
  endfacet
  facet normal 0.573556 0.819167 3.04672e-05
    outer loop
      vertex 39.2457 2.12364 19.2589
      vertex 48.2317 -4.16841 28
      vertex 39.6511 1.83979 19.2913
    endloop
  endfacet
  facet normal 0.573634 0.819112 -8.47678e-05
    outer loop
      vertex 48.2317 -4.16841 28
      vertex 40.0564 1.55595 19.2589
      vertex 39.6511 1.83979 19.2913
    endloop
  endfacet
  facet normal 0.573517 0.819194 7.90058e-05
    outer loop
      vertex 48.2317 -4.16841 28
      vertex 40.4549 1.27697 19.1621
      vertex 40.0564 1.55595 19.2589
    endloop
  endfacet
  facet normal 0.573566 0.819159 1.39196e-05
    outer loop
      vertex 48.2317 -4.16841 28
      vertex 40.8396 1.00761 19.0027
      vertex 40.4549 1.27697 19.1621
    endloop
  endfacet
  facet normal 0.573608 0.81913 -3.66019e-05
    outer loop
      vertex 48.2317 -4.16841 28
      vertex 41.2039 0.752494 18.7834
      vertex 40.8396 1.00761 19.0027
    endloop
  endfacet
  facet normal 0.573559 0.819164 1.87036e-05
    outer loop
      vertex 48.2317 -4.16841 28
      vertex 41.5417 0.515981 18.5078
      vertex 41.2039 0.752494 18.7834
    endloop
  endfacet
  facet normal 0.573596 0.819139 -1.99343e-05
    outer loop
      vertex 48.2317 -4.16841 28
      vertex 41.8471 0.302119 18.1809
      vertex 41.5417 0.515981 18.5078
    endloop
  endfacet
  facet normal 0.57354 0.819178 3.43635e-05
    outer loop
      vertex 48.2317 -4.16841 28
      vertex 42.115 0.114567 17.808
      vertex 41.8471 0.302119 18.1809
    endloop
  endfacet
  facet normal 0.573573 0.819154 4.14473e-06
    outer loop
      vertex 48.2317 -4.16841 28
      vertex 42.3407 -0.0434665 17.3957
      vertex 42.115 0.114567 17.808
    endloop
  endfacet
  facet normal 0.573645 0.819104 -5.50152e-05
    outer loop
      vertex 48.2317 -4.16841 28
      vertex 42.5203 -0.169276 16.9509
      vertex 42.3407 -0.0434665 17.3957
    endloop
  endfacet
  facet normal 0.573555 0.819167 1.40502e-05
    outer loop
      vertex 48.2317 -4.16841 28
      vertex 42.6509 -0.26071 16.4813
      vertex 42.5203 -0.169276 16.9509
    endloop
  endfacet
  facet normal 0.573518 0.819193 4.05753e-05
    outer loop
      vertex 48.2317 -4.16841 28
      vertex 42.7302 -0.316204 15.9949
      vertex 42.6509 -0.26071 16.4813
    endloop
  endfacet
  facet normal 0.573683 0.819077 -7.17702e-05
    outer loop
      vertex 48.2317 -4.16841 28
      vertex 42.7567 -0.334808 15.5
      vertex 42.7302 -0.316204 15.9949
    endloop
  endfacet
  facet normal 0.573573 0.819154 -0
    outer loop
      vertex 48.2317 -4.16841 2.99
      vertex 42.7567 -0.334808 15.5
      vertex 48.2317 -4.16841 28
    endloop
  endfacet
  facet normal 0.573683 0.819077 7.17639e-05
    outer loop
      vertex 42.7567 -0.334808 15.5
      vertex 48.2317 -4.16841 2.99
      vertex 42.7302 -0.316204 15.0051
    endloop
  endfacet
  facet normal 0.573518 0.819193 -4.05665e-05
    outer loop
      vertex 42.7302 -0.316204 15.0051
      vertex 48.2317 -4.16841 2.99
      vertex 42.6509 -0.26071 14.5187
    endloop
  endfacet
  facet normal 0.573555 0.819167 -1.40458e-05
    outer loop
      vertex 42.6509 -0.26071 14.5187
      vertex 48.2317 -4.16841 2.99
      vertex 42.5203 -0.169276 14.0491
    endloop
  endfacet
  facet normal 0.573634 0.819112 8.46777e-05
    outer loop
      vertex 40.0564 1.55595 11.7411
      vertex 48.2317 -4.16841 2.99
      vertex 39.6511 1.83979 11.7087
    endloop
  endfacet
  facet normal 0.573517 0.819194 -7.89322e-05
    outer loop
      vertex 40.4549 1.27697 11.8379
      vertex 48.2317 -4.16841 2.99
      vertex 40.0564 1.55595 11.7411
    endloop
  endfacet
  facet normal 0.573566 0.819159 -1.39081e-05
    outer loop
      vertex 40.8396 1.00761 11.9973
      vertex 48.2317 -4.16841 2.99
      vertex 40.4549 1.27697 11.8379
    endloop
  endfacet
  facet normal 0.573608 0.81913 3.65747e-05
    outer loop
      vertex 41.2039 0.752494 12.2166
      vertex 48.2317 -4.16841 2.99
      vertex 40.8396 1.00761 11.9973
    endloop
  endfacet
  facet normal 0.573559 0.819164 -1.86911e-05
    outer loop
      vertex 41.5417 0.515981 12.4922
      vertex 48.2317 -4.16841 2.99
      vertex 41.2039 0.752494 12.2166
    endloop
  endfacet
  facet normal 0.573596 0.819139 1.99224e-05
    outer loop
      vertex 41.8471 0.302119 12.8191
      vertex 48.2317 -4.16841 2.99
      vertex 41.5417 0.515981 12.4922
    endloop
  endfacet
  facet normal 0.57354 0.819178 -3.43451e-05
    outer loop
      vertex 42.115 0.114567 13.192
      vertex 48.2317 -4.16841 2.99
      vertex 41.8471 0.302119 12.8191
    endloop
  endfacet
  facet normal 0.573573 0.819154 -4.14279e-06
    outer loop
      vertex 42.3407 -0.0434665 13.6043
      vertex 48.2317 -4.16841 2.99
      vertex 42.115 0.114567 13.192
    endloop
  endfacet
  facet normal 0.573645 0.819104 5.49934e-05
    outer loop
      vertex 42.5203 -0.169276 14.0491
      vertex 48.2317 -4.16841 2.99
      vertex 42.3407 -0.0434665 13.6043
    endloop
  endfacet
  facet normal 0.573576 0.819153 -1.79886e-06
    outer loop
      vertex 48.2317 -4.16841 28
      vertex 22.4898 13.8562 19.2913
      vertex 10.6326 22.1587 28
    endloop
  endfacet
  facet normal 0.573706 0.819061 0.000262813
    outer loop
      vertex 22.0845 14.1401 19.2589
      vertex 10.6326 22.1587 28
      vertex 22.4898 13.8562 19.2913
    endloop
  endfacet
  facet normal 0.573436 0.81925 -0.00026355
    outer loop
      vertex 21.686 14.419 19.1621
      vertex 10.6326 22.1587 28
      vertex 22.0845 14.1401 19.2589
    endloop
  endfacet
  facet normal 0.573671 0.819086 0.000174156
    outer loop
      vertex 21.3014 14.6884 19.0027
      vertex 10.6326 22.1587 28
      vertex 21.686 14.419 19.1621
    endloop
  endfacet
  facet normal 0.573526 0.819187 -8.25912e-05
    outer loop
      vertex 20.937 14.9435 18.7834
      vertex 10.6326 22.1587 28
      vertex 21.3014 14.6884 19.0027
    endloop
  endfacet
  facet normal 0.57355 0.81917 -4.1825e-05
    outer loop
      vertex 20.5992 15.18 18.5078
      vertex 10.6326 22.1587 28
      vertex 20.937 14.9435 18.7834
    endloop
  endfacet
  facet normal 0.573625 0.819118 7.46027e-05
    outer loop
      vertex 20.2938 15.3939 18.1809
      vertex 10.6326 22.1587 28
      vertex 20.5992 15.18 18.5078
    endloop
  endfacet
  facet normal 0.573561 0.819163 -1.81966e-05
    outer loop
      vertex 20.026 15.5814 17.808
      vertex 10.6326 22.1587 28
      vertex 20.2938 15.3939 18.1809
    endloop
  endfacet
  facet normal 0.573633 0.819113 7.96034e-05
    outer loop
      vertex 19.8003 15.7395 17.3957
      vertex 10.6326 22.1587 28
      vertex 20.026 15.5814 17.808
    endloop
  endfacet
  facet normal 0.573546 0.819173 -3.1979e-05
    outer loop
      vertex 19.6206 15.8653 16.9509
      vertex 10.6326 22.1587 28
      vertex 19.8003 15.7395 17.3957
    endloop
  endfacet
  facet normal 0.573523 0.819189 -6.0001e-05
    outer loop
      vertex 19.49 15.9567 16.4813
      vertex 10.6326 22.1587 28
      vertex 19.6206 15.8653 16.9509
    endloop
  endfacet
  facet normal 0.573628 0.819116 6.07686e-05
    outer loop
      vertex 19.4108 16.0122 15.9949
      vertex 10.6326 22.1587 28
      vertex 19.49 15.9567 16.4813
    endloop
  endfacet
  facet normal 0.573537 0.81918 -3.90614e-05
    outer loop
      vertex 19.3842 16.0308 15.5
      vertex 10.6326 22.1587 28
      vertex 19.4108 16.0122 15.9949
    endloop
  endfacet
  facet normal 0.573618 0.819123 4.55543e-05
    outer loop
      vertex 19.4108 16.0122 15.0051
      vertex 10.6326 22.1587 28
      vertex 19.3842 16.0308 15.5
    endloop
  endfacet
  facet normal 0.573639 0.819108 -5.81227e-05
    outer loop
      vertex 10.6326 22.1587 0
      vertex 19.4108 16.0122 15.0051
      vertex 19.49 15.9567 14.5187
    endloop
  endfacet
  facet normal 0.573514 0.819196 5.61194e-05
    outer loop
      vertex 10.6326 22.1587 0
      vertex 19.49 15.9567 14.5187
      vertex 19.6206 15.8653 14.0491
    endloop
  endfacet
  facet normal 0.573542 0.819176 2.93359e-05
    outer loop
      vertex 10.6326 22.1587 0
      vertex 19.6206 15.8653 14.0491
      vertex 19.8003 15.7395 13.6043
    endloop
  endfacet
  facet normal 0.573642 0.819106 -7.17346e-05
    outer loop
      vertex 10.6326 22.1587 0
      vertex 19.8003 15.7395 13.6043
      vertex 20.026 15.5814 13.192
    endloop
  endfacet
  facet normal 0.573576 0.819153 0
    outer loop
      vertex 39.2457 2.12364 11.7411
      vertex 48.2317 -4.16841 2.99
      vertex 48.2317 -4.16841 0
    endloop
  endfacet
  facet normal 0.573646 0.819103 -0.000113452
    outer loop
      vertex 23.2936 13.2934 11.8379
      vertex 10.6326 22.1587 0
      vertex 22.8952 13.5724 11.7411
    endloop
  endfacet
  facet normal 0.573482 0.819218 0.000142743
    outer loop
      vertex 22.8952 13.5724 11.7411
      vertex 10.6326 22.1587 0
      vertex 22.4898 13.8562 11.7087
    endloop
  endfacet
  facet normal 0.573709 0.819059 -0.000200518
    outer loop
      vertex 22.4898 13.8562 11.7087
      vertex 10.6326 22.1587 0
      vertex 22.0845 14.1401 11.7411
    endloop
  endfacet
  facet normal 0.573427 0.819256 0.00020911
    outer loop
      vertex 22.0845 14.1401 11.7411
      vertex 10.6326 22.1587 0
      vertex 21.686 14.419 11.8379
    endloop
  endfacet
  facet normal 0.573573 0.819155 0
    outer loop
      vertex 19.4108 16.0122 15.0051
      vertex 10.6326 22.1587 0
      vertex 10.6326 22.1587 28
    endloop
  endfacet
  facet normal 0.57356 0.819164 1.61187e-05
    outer loop
      vertex 20.2938 15.3939 12.8191
      vertex 10.6326 22.1587 0
      vertex 20.026 15.5814 13.192
    endloop
  endfacet
  facet normal 0.573632 0.819113 -6.49389e-05
    outer loop
      vertex 20.5992 15.18 12.4922
      vertex 10.6326 22.1587 0
      vertex 20.2938 15.3939 12.8191
    endloop
  endfacet
  facet normal 0.573547 0.819173 3.5741e-05
    outer loop
      vertex 20.937 14.9435 12.2166
      vertex 10.6326 22.1587 0
      vertex 20.5992 15.18 12.4922
    endloop
  endfacet
  facet normal 0.57352 0.819191 6.91386e-05
    outer loop
      vertex 21.3014 14.6884 11.9973
      vertex 10.6326 22.1587 0
      vertex 20.937 14.9435 12.2166
    endloop
  endfacet
  facet normal 0.57368 0.81908 -0.000142334
    outer loop
      vertex 21.686 14.419 11.8379
      vertex 10.6326 22.1587 0
      vertex 21.3014 14.6884 11.9973
    endloop
  endfacet
  facet normal -0.469714 0.882819 0
    outer loop
      vertex 10.6326 22.1587 0
      vertex -24 3.73204 28
      vertex 10.6326 22.1587 28
    endloop
  endfacet
  facet normal -0.469714 0.882819 0
    outer loop
      vertex -24 3.73204 28
      vertex 10.6326 22.1587 0
      vertex -24 3.73204 0
    endloop
  endfacet
  facet normal -0.5556 0.83145 0
    outer loop
      vertex -24 3.73204 0
      vertex -24.2175 3.5867 28
      vertex -24 3.73204 28
    endloop
  endfacet
  facet normal -0.5556 0.83145 0
    outer loop
      vertex -24.2175 3.5867 28
      vertex -24 3.73204 0
      vertex -24.2175 3.5867 0
    endloop
  endfacet
  facet normal -0.659343 0.751842 0
    outer loop
      vertex -24.2175 3.5867 0
      vertex -24.4142 3.4142 28
      vertex -24.2175 3.5867 28
    endloop
  endfacet
  facet normal -0.659343 0.751842 0
    outer loop
      vertex -24.4142 3.4142 28
      vertex -24.2175 3.5867 0
      vertex -24.4142 3.4142 0
    endloop
  endfacet
  facet normal -0.751826 0.659362 0
    outer loop
      vertex -24.5867 3.21751 0
      vertex -24.4142 3.4142 28
      vertex -24.4142 3.4142 0
    endloop
  endfacet
  facet normal -0.751826 0.659362 0
    outer loop
      vertex -24.4142 3.4142 28
      vertex -24.5867 3.21751 0
      vertex -24.5867 3.21751 28
    endloop
  endfacet
  facet normal -0.831532 0.555476 0
    outer loop
      vertex -24.732 3 0
      vertex -24.5867 3.21751 28
      vertex -24.5867 3.21751 0
    endloop
  endfacet
  facet normal -0.831532 0.555476 0
    outer loop
      vertex -24.5867 3.21751 28
      vertex -24.732 3 0
      vertex -24.732 3 28
    endloop
  endfacet
  facet normal -0.896883 0.442268 0
    outer loop
      vertex -24.8477 2.76537 0
      vertex -24.732 3 28
      vertex -24.732 3 0
    endloop
  endfacet
  facet normal -0.896883 0.442268 0
    outer loop
      vertex -24.732 3 28
      vertex -24.8477 2.76537 0
      vertex -24.8477 2.76537 28
    endloop
  endfacet
  facet normal -0.94693 0.32144 0
    outer loop
      vertex -24.9318 2.51762 0
      vertex -24.8477 2.76537 28
      vertex -24.8477 2.76537 0
    endloop
  endfacet
  facet normal -0.94693 0.32144 0
    outer loop
      vertex -24.8477 2.76537 28
      vertex -24.9318 2.51762 0
      vertex -24.9318 2.51762 28
    endloop
  endfacet
  facet normal -0.980738 0.19533 0
    outer loop
      vertex -24.9829 2.26105 0
      vertex -24.9318 2.51762 28
      vertex -24.9318 2.51762 0
    endloop
  endfacet
  facet normal -0.980738 0.19533 0
    outer loop
      vertex -24.9318 2.51762 28
      vertex -24.9829 2.26105 0
      vertex -24.9829 2.26105 28
    endloop
  endfacet
  facet normal -0.997861 0.0653646 0
    outer loop
      vertex -25 2 0
      vertex -24.9829 2.26105 28
      vertex -24.9829 2.26105 0
    endloop
  endfacet
  facet normal -0.997861 0.0653646 0
    outer loop
      vertex -24.9829 2.26105 28
      vertex -25 2 0
      vertex -25 2 28
    endloop
  endfacet
  facet normal -0.997862 -0.0653621 0
    outer loop
      vertex -24.9829 1.73894 0
      vertex -25 2 28
      vertex -25 2 0
    endloop
  endfacet
  facet normal -0.997862 -0.0653621 0
    outer loop
      vertex -25 2 28
      vertex -24.9829 1.73894 0
      vertex -24.9829 1.73894 28
    endloop
  endfacet
  facet normal -0.980739 -0.195322 0
    outer loop
      vertex -24.9318 1.48236 0
      vertex -24.9829 1.73894 28
      vertex -24.9829 1.73894 0
    endloop
  endfacet
  facet normal -0.980739 -0.195322 0
    outer loop
      vertex -24.9829 1.73894 28
      vertex -24.9318 1.48236 0
      vertex -24.9318 1.48236 28
    endloop
  endfacet
  facet normal -0.946926 -0.321452 0
    outer loop
      vertex -24.8477 1.23462 0
      vertex -24.9318 1.48236 28
      vertex -24.9318 1.48236 0
    endloop
  endfacet
  facet normal -0.946926 -0.321452 0
    outer loop
      vertex -24.9318 1.48236 28
      vertex -24.8477 1.23462 0
      vertex -24.8477 1.23462 28
    endloop
  endfacet
  facet normal -0.896875 -0.442283 0
    outer loop
      vertex -24.732 1 0
      vertex -24.8477 1.23462 28
      vertex -24.8477 1.23462 0
    endloop
  endfacet
  facet normal -0.896875 -0.442283 0
    outer loop
      vertex -24.8477 1.23462 28
      vertex -24.732 1 0
      vertex -24.732 1 28
    endloop
  endfacet
  facet normal -0.831555 -0.555443 0
    outer loop
      vertex -24.5867 0.782471 0
      vertex -24.732 1 28
      vertex -24.732 1 0
    endloop
  endfacet
  facet normal -0.831555 -0.555443 0
    outer loop
      vertex -24.732 1 28
      vertex -24.5867 0.782471 0
      vertex -24.5867 0.782471 28
    endloop
  endfacet
  facet normal -0.751819 -0.65937 0
    outer loop
      vertex -24.4142 0.585785 0
      vertex -24.5867 0.782471 28
      vertex -24.5867 0.782471 0
    endloop
  endfacet
  facet normal -0.751819 -0.65937 0
    outer loop
      vertex -24.5867 0.782471 28
      vertex -24.4142 0.585785 0
      vertex -24.4142 0.585785 28
    endloop
  endfacet
  facet normal -0.659345 -0.75184 0
    outer loop
      vertex -24.4142 0.585785 0
      vertex -24.2175 0.413284 28
      vertex -24.4142 0.585785 28
    endloop
  endfacet
  facet normal -0.659345 -0.75184 -0
    outer loop
      vertex -24.2175 0.413284 28
      vertex -24.4142 0.585785 0
      vertex -24.2175 0.413284 0
    endloop
  endfacet
  facet normal -0.5556 -0.83145 0
    outer loop
      vertex -24.2175 0.413284 0
      vertex -24 0.267944 28
      vertex -24.2175 0.413284 28
    endloop
  endfacet
  facet normal -0.5556 -0.83145 -0
    outer loop
      vertex -24 0.267944 28
      vertex -24.2175 0.413284 0
      vertex -24 0.267944 0
    endloop
  endfacet
  facet normal -0.442335 -0.89685 0
    outer loop
      vertex -24 0.267944 0
      vertex -23.7654 0.152237 28
      vertex -24 0.267944 28
    endloop
  endfacet
  facet normal -0.442335 -0.89685 -0
    outer loop
      vertex -23.7654 0.152237 28
      vertex -24 0.267944 0
      vertex -23.7654 0.152237 0
    endloop
  endfacet
  facet normal -0.321352 -0.94696 0
    outer loop
      vertex -23.7654 0.152237 0
      vertex -23.5176 0.0681458 28
      vertex -23.7654 0.152237 28
    endloop
  endfacet
  facet normal -0.321352 -0.94696 -0
    outer loop
      vertex -23.5176 0.0681458 28
      vertex -23.7654 0.152237 0
      vertex -23.5176 0.0681458 0
    endloop
  endfacet
  facet normal -0.19509 -0.980785 0
    outer loop
      vertex -23.5176 0.0681458 0
      vertex -23.261 0.0171051 28
      vertex -23.5176 0.0681458 28
    endloop
  endfacet
  facet normal -0.19509 -0.980785 -0
    outer loop
      vertex -23.261 0.0171051 28
      vertex -23.5176 0.0681458 0
      vertex -23.261 0.0171051 0
    endloop
  endfacet
  facet normal -0.0653965 -0.997859 0
    outer loop
      vertex -23.261 0.0171051 0
      vertex -23 0 28
      vertex -23.261 0.0171051 28
    endloop
  endfacet
  facet normal -0.0653965 -0.997859 -0
    outer loop
      vertex -23 0 28
      vertex -23.261 0.0171051 0
      vertex -23 0 0
    endloop
  endfacet
  facet normal 0 -1 0
    outer loop
      vertex -23 0 28
      vertex 0 0 2.99
      vertex 0 0 28
    endloop
  endfacet
  facet normal 0 -1 0
    outer loop
      vertex -23 0 0
      vertex 0 0 2.99
      vertex -23 0 28
    endloop
  endfacet
  facet normal 0 -1 -0
    outer loop
      vertex 0 0 2.99
      vertex -23 0 0
      vertex 0 0 0
    endloop
  endfacet
  facet normal 0.819161 -0.573564 0
    outer loop
      vertex 0 0 2.99
      vertex 0.344131 0.491486 0
      vertex 0.344131 0.491486 2.99
    endloop
  endfacet
  facet normal 0.819161 -0.573564 0
    outer loop
      vertex 0.344131 0.491486 0
      vertex 0 0 2.99
      vertex 0 0 0
    endloop
  endfacet
  facet normal -0.529999 -0.847998 -0
    outer loop
      vertex 0.344131 0.491486 2.99
      vertex 0.344131 0.491486 0
      vertex 0.344139 0.491481 2.99
    endloop
  endfacet
  facet normal -0.573577 -0.819152 0
    outer loop
      vertex 0.344139 0.491481 2.99
      vertex 34.6666 -23.5414 3
      vertex 0.344139 0.491481 3
    endloop
  endfacet
  facet normal -0.573577 -0.819152 1.64835e-07
    outer loop
      vertex 0.344131 0.491486 0
      vertex 34.6666 -23.5414 3
      vertex 0.344139 0.491481 2.99
    endloop
  endfacet
  facet normal -0.573577 -0.819152 -0
    outer loop
      vertex 34.6666 -23.5414 3
      vertex 0.344131 0.491486 0
      vertex 34.6666 -23.5414 0
    endloop
  endfacet
  facet normal 0 -0 -1
    outer loop
      vertex 0.344131 0.491486 2.99
      vertex 0.344139 0.491481 2.99
      vertex 0 0 2.99
    endloop
  endfacet
  facet normal 0 0 1
    outer loop
      vertex 48.2317 -4.16841 28
      vertex 11.6149 16.5878 28
      vertex 45.9374 -7.44502 28
    endloop
  endfacet
  facet normal 0 0 1
    outer loop
      vertex 10.6326 22.1587 28
      vertex 11.6149 16.5878 28
      vertex 48.2317 -4.16841 28
    endloop
  endfacet
  facet normal 0 0 1
    outer loop
      vertex 10.6326 22.1587 28
      vertex 0 0 28
      vertex 11.6149 16.5878 28
    endloop
  endfacet
  facet normal -0 0 1
    outer loop
      vertex -24 3.73204 28
      vertex 0 0 28
      vertex 10.6326 22.1587 28
    endloop
  endfacet
  facet normal 0 0 1
    outer loop
      vertex 0 0 28
      vertex -24 3.73204 28
      vertex -23 0 28
    endloop
  endfacet
  facet normal 0 0 1
    outer loop
      vertex -23 0 28
      vertex -24 3.73204 28
      vertex -23.261 0.0171051 28
    endloop
  endfacet
  facet normal 0 0 1
    outer loop
      vertex -23.261 0.0171051 28
      vertex -24 3.73204 28
      vertex -23.5176 0.0681458 28
    endloop
  endfacet
  facet normal 0 0 1
    outer loop
      vertex -23.5176 0.0681458 28
      vertex -24 3.73204 28
      vertex -23.7654 0.152237 28
    endloop
  endfacet
  facet normal 0 0 1
    outer loop
      vertex -24 3.73204 28
      vertex -24 0.267944 28
      vertex -23.7654 0.152237 28
    endloop
  endfacet
  facet normal -0 0 1
    outer loop
      vertex -24.2175 3.5867 28
      vertex -24 0.267944 28
      vertex -24 3.73204 28
    endloop
  endfacet
  facet normal 0 0 1
    outer loop
      vertex -24.2175 3.5867 28
      vertex -24.2175 0.413284 28
      vertex -24 0.267944 28
    endloop
  endfacet
  facet normal -0 0 1
    outer loop
      vertex -24.4142 3.4142 28
      vertex -24.2175 0.413284 28
      vertex -24.2175 3.5867 28
    endloop
  endfacet
  facet normal 0 0 1
    outer loop
      vertex -24.4142 3.4142 28
      vertex -24.4142 0.585785 28
      vertex -24.2175 0.413284 28
    endloop
  endfacet
  facet normal -0 0 1
    outer loop
      vertex -24.5867 3.21751 28
      vertex -24.4142 0.585785 28
      vertex -24.4142 3.4142 28
    endloop
  endfacet
  facet normal 0 0 1
    outer loop
      vertex -24.5867 3.21751 28
      vertex -24.5867 0.782471 28
      vertex -24.4142 0.585785 28
    endloop
  endfacet
  facet normal -0 0 1
    outer loop
      vertex -24.732 3 28
      vertex -24.5867 0.782471 28
      vertex -24.5867 3.21751 28
    endloop
  endfacet
  facet normal 0 0 1
    outer loop
      vertex -24.732 3 28
      vertex -24.732 1 28
      vertex -24.5867 0.782471 28
    endloop
  endfacet
  facet normal -0 0 1
    outer loop
      vertex -24.8477 2.76537 28
      vertex -24.732 1 28
      vertex -24.732 3 28
    endloop
  endfacet
  facet normal 0 0 1
    outer loop
      vertex -24.8477 2.76537 28
      vertex -24.8477 1.23462 28
      vertex -24.732 1 28
    endloop
  endfacet
  facet normal -0 0 1
    outer loop
      vertex -24.9318 2.51762 28
      vertex -24.8477 1.23462 28
      vertex -24.8477 2.76537 28
    endloop
  endfacet
  facet normal 0 0 1
    outer loop
      vertex -24.9318 2.51762 28
      vertex -24.9318 1.48236 28
      vertex -24.8477 1.23462 28
    endloop
  endfacet
  facet normal -0 0 1
    outer loop
      vertex -24.9829 2.26105 28
      vertex -24.9318 1.48236 28
      vertex -24.9318 2.51762 28
    endloop
  endfacet
  facet normal 0 0 1
    outer loop
      vertex -24.9829 2.26105 28
      vertex -24.9829 1.73894 28
      vertex -24.9318 1.48236 28
    endloop
  endfacet
  facet normal 0 -0 1
    outer loop
      vertex -24.9829 1.73894 28
      vertex -24.9829 2.26105 28
      vertex -25 2 28
    endloop
  endfacet
  facet normal 0.819152 -0.573576 0
    outer loop
      vertex 11.6149 16.5878 28
      vertex 0.344139 0.491481 3
      vertex 11.6149 16.5878 3
    endloop
  endfacet
  facet normal 0.819152 -0.573576 1.23206e-08
    outer loop
      vertex 0 0 28
      vertex 0.344139 0.491481 3
      vertex 11.6149 16.5878 28
    endloop
  endfacet
  facet normal 0.819152 -0.573577 0
    outer loop
      vertex 0 0 2.99
      vertex 0.344139 0.491481 3
      vertex 0 0 28
    endloop
  endfacet
  facet normal 0.819152 -0.573577 0
    outer loop
      vertex 0.344139 0.491481 3
      vertex 0 0 2.99
      vertex 0.344139 0.491481 2.99
    endloop
  endfacet
  facet normal -0.573772 -0.819015 -0.000248353
    outer loop
      vertex 20.7598 10.1845 17.163
      vertex 11.6149 16.5878 28
      vertex 20.5772 10.3124 17.2387
    endloop
  endfacet
  facet normal -0.573485 -0.819216 -0.000109974
    outer loop
      vertex 45.9374 -7.44502 28
      vertex 37.1643 -1.30205 17.2846
      vertex 37.3568 -1.43681 17.3
    endloop
  endfacet
  facet normal -0.573576 -0.819153 -1.03809e-06
    outer loop
      vertex 11.6149 16.5878 28
      vertex 20.7598 10.1845 17.163
      vertex 45.9374 -7.44502 28
    endloop
  endfacet
  facet normal -0.573725 -0.819048 0.000182348
    outer loop
      vertex 45.9374 -7.44502 28
      vertex 36.9752 -1.1696 17.2387
      vertex 37.1643 -1.30205 17.2846
    endloop
  endfacet
  facet normal -0.573577 -0.819152 2.22233e-06
    outer loop
      vertex 36.7925 -1.04172 17.163
      vertex 45.9374 -7.44502 28
      vertex 20.7598 10.1845 17.163
    endloop
  endfacet
  facet normal -0.573356 -0.819307 -0.000275572
    outer loop
      vertex 45.9374 -7.44502 28
      vertex 36.7925 -1.04172 17.163
      vertex 36.9752 -1.1696 17.2387
    endloop
  endfacet
  facet normal -0.573577 -0.819152 -0.000282475
    outer loop
      vertex 20.9328 10.0634 17.0588
      vertex 36.7925 -1.04172 17.163
      vertex 20.7598 10.1845 17.163
    endloop
  endfacet
  facet normal -0.573578 -0.819151 9.00046e-05
    outer loop
      vertex 20.9328 10.0634 17.0588
      vertex 36.6195 -0.920595 17.0588
      vertex 36.7925 -1.04172 17.163
    endloop
  endfacet
  facet normal -0.573578 -0.819151 0.000352127
    outer loop
      vertex 21.0931 9.9511 16.928
      vertex 36.6195 -0.920595 17.0588
      vertex 20.9328 10.0634 17.0588
    endloop
  endfacet
  facet normal -0.573575 -0.819153 -0.000289867
    outer loop
      vertex 21.0931 9.9511 16.928
      vertex 36.4592 -0.808306 16.928
      vertex 36.6195 -0.920595 17.0588
    endloop
  endfacet
  facet normal -0.573575 -0.819153 5.49318e-05
    outer loop
      vertex 21.2381 9.84956 16.7728
      vertex 36.4592 -0.808306 16.928
      vertex 21.0931 9.9511 16.928
    endloop
  endfacet
  facet normal -0.573574 -0.819154 -2.93444e-05
    outer loop
      vertex 21.2381 9.84956 16.7728
      vertex 36.3142 -0.706771 16.7728
      vertex 36.4592 -0.808306 16.928
    endloop
  endfacet
  facet normal -0.573574 -0.819154 -0.000119524
    outer loop
      vertex 21.3653 9.76052 16.5958
      vertex 36.3142 -0.706771 16.7728
      vertex 21.2381 9.84956 16.7728
    endloop
  endfacet
  facet normal -0.573576 -0.819153 9.82364e-05
    outer loop
      vertex 21.3653 9.76052 16.5958
      vertex 36.187 -0.617726 16.5958
      vertex 36.3142 -0.706771 16.7728
    endloop
  endfacet
  facet normal -0.573576 -0.819153 -0.000134306
    outer loop
      vertex 21.4725 9.68549 16.4
      vertex 36.187 -0.617726 16.5958
      vertex 21.3653 9.76052 16.5958
    endloop
  endfacet
  facet normal -0.573578 -0.819151 0.000140492
    outer loop
      vertex 21.4725 9.68549 16.4
      vertex 36.0798 -0.542697 16.4
      vertex 36.187 -0.617726 16.5958
    endloop
  endfacet
  facet normal -0.573578 -0.819151 7.88013e-06
    outer loop
      vertex 21.5578 9.62576 16.1888
      vertex 36.0798 -0.542697 16.4
      vertex 21.4725 9.68549 16.4
    endloop
  endfacet
  facet normal -0.573578 -0.819151 -1.18747e-05
    outer loop
      vertex 21.5578 9.62576 16.1888
      vertex 35.9945 -0.482966 16.1888
      vertex 36.0798 -0.542697 16.4
    endloop
  endfacet
  facet normal -0.573578 -0.819151 -1.11662e-05
    outer loop
      vertex 21.6198 9.58235 15.9659
      vertex 35.9945 -0.482966 16.1888
      vertex 21.5578 9.62576 16.1888
    endloop
  endfacet
  facet normal -0.573578 -0.819151 1.49538e-05
    outer loop
      vertex 21.6198 9.58235 15.9659
      vertex 35.9325 -0.439557 15.9659
      vertex 35.9945 -0.482966 16.1888
    endloop
  endfacet
  facet normal -0.573578 -0.819151 7.82776e-05
    outer loop
      vertex 21.6574 9.556 15.7349
      vertex 35.9325 -0.439557 15.9659
      vertex 21.6198 9.58235 15.9659
    endloop
  endfacet
  facet normal -0.573577 -0.819152 -6.80247e-05
    outer loop
      vertex 21.6574 9.556 15.7349
      vertex 35.8949 -0.41321 15.7349
      vertex 35.9325 -0.439557 15.9659
    endloop
  endfacet
  facet normal -0.573577 -0.819152 2.57373e-05
    outer loop
      vertex 21.67 9.54717 15.5
      vertex 35.8949 -0.41321 15.7349
      vertex 21.6574 9.556 15.7349
    endloop
  endfacet
  facet normal -0.573576 -0.819152 -3.6254e-05
    outer loop
      vertex 21.67 9.54717 15.5
      vertex 35.8823 -0.404377 15.5
      vertex 35.8949 -0.41321 15.7349
    endloop
  endfacet
  facet normal -0.573576 -0.819152 -2.57923e-05
    outer loop
      vertex 21.6574 9.556 15.2651
      vertex 35.8823 -0.404377 15.5
      vertex 21.67 9.54717 15.5
    endloop
  endfacet
  facet normal -0.573577 -0.819152 3.6199e-05
    outer loop
      vertex 21.6574 9.556 15.2651
      vertex 35.8949 -0.41321 15.2651
      vertex 35.8823 -0.404377 15.5
    endloop
  endfacet
  facet normal -0.573577 -0.819152 -7.8663e-05
    outer loop
      vertex 21.6198 9.58235 15.0341
      vertex 35.8949 -0.41321 15.2651
      vertex 21.6574 9.556 15.2651
    endloop
  endfacet
  facet normal -0.573578 -0.819151 6.76393e-05
    outer loop
      vertex 21.6198 9.58235 15.0341
      vertex 35.9325 -0.439557 15.0341
      vertex 35.8949 -0.41321 15.2651
    endloop
  endfacet
  facet normal -0.573578 -0.819151 1.12788e-05
    outer loop
      vertex 21.5578 9.62576 14.8112
      vertex 35.9325 -0.439557 15.0341
      vertex 21.6198 9.58235 15.0341
    endloop
  endfacet
  facet normal -0.573578 -0.819151 -1.48411e-05
    outer loop
      vertex 21.5578 9.62576 14.8112
      vertex 35.9945 -0.482966 14.8112
      vertex 35.9325 -0.439557 15.0341
    endloop
  endfacet
  facet normal -0.573578 -0.819151 -7.99616e-06
    outer loop
      vertex 21.4725 9.68549 14.6
      vertex 35.9945 -0.482966 14.8112
      vertex 21.5578 9.62576 14.8112
    endloop
  endfacet
  facet normal -0.573578 -0.819151 1.17587e-05
    outer loop
      vertex 21.4725 9.68549 14.6
      vertex 36.0798 -0.542697 14.6
      vertex 35.9945 -0.482966 14.8112
    endloop
  endfacet
  facet normal -0.573578 -0.819151 0.000136308
    outer loop
      vertex 21.3653 9.76052 14.4042
      vertex 36.0798 -0.542697 14.6
      vertex 21.4725 9.68549 14.6
    endloop
  endfacet
  facet normal -0.573576 -0.819153 -0.00013849
    outer loop
      vertex 21.3653 9.76052 14.4042
      vertex 36.187 -0.617726 14.4042
      vertex 36.0798 -0.542697 14.6
    endloop
  endfacet
  facet normal -0.573576 -0.819153 0.000121376
    outer loop
      vertex 21.2381 9.84956 14.2272
      vertex 36.187 -0.617726 14.4042
      vertex 21.3653 9.76052 14.4042
    endloop
  endfacet
  facet normal -0.573574 -0.819154 -9.63836e-05
    outer loop
      vertex 21.2381 9.84956 14.2272
      vertex 36.3142 -0.706771 14.2272
      vertex 36.187 -0.617726 14.4042
    endloop
  endfacet
  facet normal -0.573574 -0.819154 -5.57346e-05
    outer loop
      vertex 21.0931 9.9511 14.072
      vertex 36.3142 -0.706771 14.2272
      vertex 21.2381 9.84956 14.2272
    endloop
  endfacet
  facet normal -0.573575 -0.819153 2.85415e-05
    outer loop
      vertex 21.0931 9.9511 14.072
      vertex 36.4592 -0.808306 14.072
      vertex 36.3142 -0.706771 14.2272
    endloop
  endfacet
  facet normal -0.573575 -0.819153 -0.000358756
    outer loop
      vertex 20.9328 10.0634 13.9412
      vertex 36.4592 -0.808306 14.072
      vertex 21.0931 9.9511 14.072
    endloop
  endfacet
  facet normal -0.573578 -0.819151 0.000283238
    outer loop
      vertex 20.9328 10.0634 13.9412
      vertex 36.6195 -0.920595 13.9412
      vertex 36.4592 -0.808306 14.072
    endloop
  endfacet
  facet normal -0.573578 -0.819151 0.000286538
    outer loop
      vertex 20.7598 10.1845 13.837
      vertex 36.6195 -0.920595 13.9412
      vertex 20.9328 10.0634 13.9412
    endloop
  endfacet
  facet normal -0.573577 -0.819152 -8.59417e-05
    outer loop
      vertex 20.7598 10.1845 13.837
      vertex 36.7925 -1.04172 13.837
      vertex 36.6195 -0.920595 13.9412
    endloop
  endfacet
  facet normal -0.573772 -0.819015 0.000248353
    outer loop
      vertex 11.6149 16.5878 3
      vertex 20.7598 10.1845 13.837
      vertex 20.5772 10.3124 13.7613
    endloop
  endfacet
  facet normal -0.573577 -0.819152 2.22233e-06
    outer loop
      vertex 20.7598 10.1845 13.837
      vertex 11.6149 16.5878 3
      vertex 36.7925 -1.04172 13.837
    endloop
  endfacet
  facet normal -0.573289 -0.819353 -0.000351592
    outer loop
      vertex 11.6149 16.5878 3
      vertex 20.5772 10.3124 13.7613
      vertex 20.388 10.4448 13.7154
    endloop
  endfacet
  facet normal -0.573576 -0.819153 -1.03809e-06
    outer loop
      vertex 45.9374 -7.44502 3
      vertex 36.7925 -1.04172 13.837
      vertex 11.6149 16.5878 3
    endloop
  endfacet
  facet normal -0.573607 -0.819131 3.67069e-05
    outer loop
      vertex 11.6149 16.5878 3
      vertex 20.388 10.4448 13.7154
      vertex 20.1955 10.5796 13.7
    endloop
  endfacet
  facet normal -0.573356 -0.819307 0.000275572
    outer loop
      vertex 36.7925 -1.04172 13.837
      vertex 45.9374 -7.44502 3
      vertex 36.9752 -1.1696 13.7613
    endloop
  endfacet
  facet normal -0.573607 -0.819131 -3.67069e-05
    outer loop
      vertex 20.388 10.4448 17.2846
      vertex 11.6149 16.5878 28
      vertex 20.1955 10.5796 17.3
    endloop
  endfacet
  facet normal -0.573791 -0.819002 -0.000256898
    outer loop
      vertex 11.6149 16.5878 28
      vertex 20.0031 10.7144 17.2846
      vertex 20.1955 10.5796 17.3
    endloop
  endfacet
  facet normal -0.573382 -0.819288 0.000220617
    outer loop
      vertex 11.6149 16.5878 28
      vertex 19.8139 10.8468 17.2387
      vertex 20.0031 10.7144 17.2846
    endloop
  endfacet
  facet normal -0.573673 -0.819085 -0.000109447
    outer loop
      vertex 11.6149 16.5878 28
      vertex 19.6313 10.9747 17.163
      vertex 19.8139 10.8468 17.2387
    endloop
  endfacet
  facet normal -0.573497 -0.819208 8.47166e-05
    outer loop
      vertex 11.6149 16.5878 28
      vertex 19.4583 11.0958 17.0588
      vertex 19.6313 10.9747 17.163
    endloop
  endfacet
  facet normal -0.573547 -0.819172 3.03351e-05
    outer loop
      vertex 11.6149 16.5878 28
      vertex 19.2979 11.2081 16.928
      vertex 19.4583 11.0958 17.0588
    endloop
  endfacet
  facet normal -0.573511 -0.819198 6.79287e-05
    outer loop
      vertex 11.6149 16.5878 28
      vertex 19.1529 11.3096 16.7728
      vertex 19.2979 11.2081 16.928
    endloop
  endfacet
  facet normal -0.573809 -0.818989 -0.000230338
    outer loop
      vertex 11.6149 16.5878 28
      vertex 19.0258 11.3987 16.5958
      vertex 19.1529 11.3096 16.7728
    endloop
  endfacet
  facet normal -0.573428 -0.819256 0.000139124
    outer loop
      vertex 11.6149 16.5878 28
      vertex 18.9186 11.4737 16.4
      vertex 19.0258 11.3987 16.5958
    endloop
  endfacet
  facet normal -0.573758 -0.819025 -0.000170962
    outer loop
      vertex 11.6149 16.5878 28
      vertex 18.8333 11.5335 16.1888
      vertex 18.9186 11.4737 16.4
    endloop
  endfacet
  facet normal -0.573537 -0.81918 3.0804e-05
    outer loop
      vertex 11.6149 16.5878 28
      vertex 18.7713 11.5769 15.9659
      vertex 18.8333 11.5335 16.1888
    endloop
  endfacet
  facet normal -0.573485 -0.819216 7.64587e-05
    outer loop
      vertex 11.6149 16.5878 28
      vertex 18.7337 11.6032 15.7349
      vertex 18.7713 11.5769 15.9659
    endloop
  endfacet
  facet normal -0.57349 -0.819212 7.19859e-05
    outer loop
      vertex 11.6149 16.5878 28
      vertex 18.7211 11.612 15.5
      vertex 18.7337 11.6032 15.7349
    endloop
  endfacet
  facet normal -0.573575 -0.819153 0
    outer loop
      vertex 11.6149 16.5878 3
      vertex 18.7211 11.612 15.5
      vertex 11.6149 16.5878 28
    endloop
  endfacet
  facet normal -0.57349 -0.819212 -7.19859e-05
    outer loop
      vertex 18.7211 11.612 15.5
      vertex 11.6149 16.5878 3
      vertex 18.7337 11.6032 15.2651
    endloop
  endfacet
  facet normal -0.573485 -0.819216 -7.64587e-05
    outer loop
      vertex 18.7337 11.6032 15.2651
      vertex 11.6149 16.5878 3
      vertex 18.7713 11.5769 15.0341
    endloop
  endfacet
  facet normal -0.573537 -0.81918 -3.0804e-05
    outer loop
      vertex 18.7713 11.5769 15.0341
      vertex 11.6149 16.5878 3
      vertex 18.8333 11.5335 14.8112
    endloop
  endfacet
  facet normal -0.573725 -0.819048 -0.000182348
    outer loop
      vertex 36.9752 -1.1696 13.7613
      vertex 45.9374 -7.44502 3
      vertex 37.1643 -1.30205 13.7154
    endloop
  endfacet
  facet normal -0.573791 -0.819002 0.000256898
    outer loop
      vertex 20.0031 10.7144 13.7154
      vertex 11.6149 16.5878 3
      vertex 20.1955 10.5796 13.7
    endloop
  endfacet
  facet normal -0.573382 -0.819288 -0.000220617
    outer loop
      vertex 19.8139 10.8468 13.7613
      vertex 11.6149 16.5878 3
      vertex 20.0031 10.7144 13.7154
    endloop
  endfacet
  facet normal -0.573673 -0.819085 0.000109447
    outer loop
      vertex 19.6313 10.9747 13.837
      vertex 11.6149 16.5878 3
      vertex 19.8139 10.8468 13.7613
    endloop
  endfacet
  facet normal -0.573497 -0.819208 -8.47166e-05
    outer loop
      vertex 19.4583 11.0958 13.9412
      vertex 11.6149 16.5878 3
      vertex 19.6313 10.9747 13.837
    endloop
  endfacet
  facet normal -0.573547 -0.819172 -3.03351e-05
    outer loop
      vertex 19.2979 11.2081 14.072
      vertex 11.6149 16.5878 3
      vertex 19.4583 11.0958 13.9412
    endloop
  endfacet
  facet normal -0.573511 -0.819198 -6.79287e-05
    outer loop
      vertex 19.1529 11.3096 14.2272
      vertex 11.6149 16.5878 3
      vertex 19.2979 11.2081 14.072
    endloop
  endfacet
  facet normal -0.573809 -0.818989 0.000230338
    outer loop
      vertex 19.0258 11.3987 14.4042
      vertex 11.6149 16.5878 3
      vertex 19.1529 11.3096 14.2272
    endloop
  endfacet
  facet normal -0.573428 -0.819256 -0.000139124
    outer loop
      vertex 18.9186 11.4737 14.6
      vertex 11.6149 16.5878 3
      vertex 19.0258 11.3987 14.4042
    endloop
  endfacet
  facet normal -0.573758 -0.819025 0.000170962
    outer loop
      vertex 18.8333 11.5335 14.8112
      vertex 11.6149 16.5878 3
      vertex 18.9186 11.4737 14.6
    endloop
  endfacet
  facet normal -0.573289 -0.819353 0.000351592
    outer loop
      vertex 20.5772 10.3124 17.2387
      vertex 11.6149 16.5878 28
      vertex 20.388 10.4448 17.2846
    endloop
  endfacet
  facet normal -0.573684 -0.819077 0.000127882
    outer loop
      vertex 37.5492 -1.57157 17.2846
      vertex 45.9374 -7.44502 28
      vertex 37.3568 -1.43681 17.3
    endloop
  endfacet
  facet normal -0.573529 -0.819185 -5.28952e-05
    outer loop
      vertex 37.7384 -1.70403 17.2387
      vertex 45.9374 -7.44502 28
      vertex 37.5492 -1.57157 17.2846
    endloop
  endfacet
  facet normal -0.573627 -0.819117 5.80822e-05
    outer loop
      vertex 37.921 -1.83191 17.163
      vertex 45.9374 -7.44502 28
      vertex 37.7384 -1.70403 17.2387
    endloop
  endfacet
  facet normal -0.573541 -0.819177 -3.67744e-05
    outer loop
      vertex 38.094 -1.95303 17.0588
      vertex 45.9374 -7.44502 28
      vertex 37.921 -1.83191 17.163
    endloop
  endfacet
  facet normal -0.573526 -0.819188 -5.29681e-05
    outer loop
      vertex 38.2544 -2.06532 16.928
      vertex 45.9374 -7.44502 28
      vertex 38.094 -1.95303 17.0588
    endloop
  endfacet
  facet normal -0.573598 -0.819137 2.20518e-05
    outer loop
      vertex 38.3994 -2.16686 16.7728
      vertex 45.9374 -7.44502 28
      vertex 38.2544 -2.06532 16.928
    endloop
  endfacet
  facet normal -0.573517 -0.819193 -5.88469e-05
    outer loop
      vertex 38.5266 -2.2559 16.5958
      vertex 45.9374 -7.44502 28
      vertex 38.3994 -2.16686 16.7728
    endloop
  endfacet
  facet normal -0.573666 -0.819089 8.50749e-05
    outer loop
      vertex 38.6337 -2.33093 16.4
      vertex 45.9374 -7.44502 28
      vertex 38.5266 -2.2559 16.5958
    endloop
  endfacet
  facet normal -0.573581 -0.819149 5.8634e-06
    outer loop
      vertex 38.719 -2.39066 16.1888
      vertex 45.9374 -7.44502 28
      vertex 38.6337 -2.33093 16.4
    endloop
  endfacet
  facet normal -0.573568 -0.819158 -6.84919e-06
    outer loop
      vertex 38.781 -2.43407 15.9659
      vertex 45.9374 -7.44502 28
      vertex 38.719 -2.39066 16.1888
    endloop
  endfacet
  facet normal -0.573645 -0.819104 6.2016e-05
    outer loop
      vertex 38.8186 -2.46042 15.7349
      vertex 45.9374 -7.44502 28
      vertex 38.781 -2.43407 15.9659
    endloop
  endfacet
  facet normal -0.573601 -0.819135 2.37856e-05
    outer loop
      vertex 38.8312 -2.46925 15.5
      vertex 45.9374 -7.44502 28
      vertex 38.8186 -2.46042 15.7349
    endloop
  endfacet
  facet normal -0.573601 -0.819135 -2.37856e-05
    outer loop
      vertex 45.9374 -7.44502 3
      vertex 38.8312 -2.46925 15.5
      vertex 38.8186 -2.46042 15.2651
    endloop
  endfacet
  facet normal -0.573645 -0.819104 -6.2016e-05
    outer loop
      vertex 45.9374 -7.44502 3
      vertex 38.8186 -2.46042 15.2651
      vertex 38.781 -2.43407 15.0341
    endloop
  endfacet
  facet normal -0.573568 -0.819158 6.84919e-06
    outer loop
      vertex 45.9374 -7.44502 3
      vertex 38.781 -2.43407 15.0341
      vertex 38.719 -2.39066 14.8112
    endloop
  endfacet
  facet normal -0.573581 -0.819149 -5.8634e-06
    outer loop
      vertex 45.9374 -7.44502 3
      vertex 38.719 -2.39066 14.8112
      vertex 38.6337 -2.33093 14.6
    endloop
  endfacet
  facet normal -0.573485 -0.819216 0.000109974
    outer loop
      vertex 37.1643 -1.30205 13.7154
      vertex 45.9374 -7.44502 3
      vertex 37.3568 -1.43681 13.7
    endloop
  endfacet
  facet normal -0.573684 -0.819077 -0.000127882
    outer loop
      vertex 37.3568 -1.43681 13.7
      vertex 45.9374 -7.44502 3
      vertex 37.5492 -1.57157 13.7154
    endloop
  endfacet
  facet normal -0.573529 -0.819185 5.28952e-05
    outer loop
      vertex 37.5492 -1.57157 13.7154
      vertex 45.9374 -7.44502 3
      vertex 37.7384 -1.70403 13.7613
    endloop
  endfacet
  facet normal -0.573627 -0.819117 -5.80822e-05
    outer loop
      vertex 45.9374 -7.44502 3
      vertex 37.921 -1.83191 13.837
      vertex 37.7384 -1.70403 13.7613
    endloop
  endfacet
  facet normal -0.573541 -0.819177 3.67744e-05
    outer loop
      vertex 45.9374 -7.44502 3
      vertex 38.094 -1.95303 13.9412
      vertex 37.921 -1.83191 13.837
    endloop
  endfacet
  facet normal -0.573526 -0.819188 5.29681e-05
    outer loop
      vertex 45.9374 -7.44502 3
      vertex 38.2544 -2.06532 14.072
      vertex 38.094 -1.95303 13.9412
    endloop
  endfacet
  facet normal -0.573598 -0.819137 -2.20518e-05
    outer loop
      vertex 45.9374 -7.44502 3
      vertex 38.3994 -2.16686 14.2272
      vertex 38.2544 -2.06532 14.072
    endloop
  endfacet
  facet normal -0.573517 -0.819193 5.88469e-05
    outer loop
      vertex 45.9374 -7.44502 3
      vertex 38.5266 -2.2559 14.4042
      vertex 38.3994 -2.16686 14.2272
    endloop
  endfacet
  facet normal -0.573666 -0.819089 -8.50749e-05
    outer loop
      vertex 45.9374 -7.44502 3
      vertex 38.6337 -2.33093 14.6
      vertex 38.5266 -2.2559 14.4042
    endloop
  endfacet
  facet normal -0.573573 -0.819154 0
    outer loop
      vertex 38.8312 -2.46925 15.5
      vertex 45.9374 -7.44502 3
      vertex 45.9374 -7.44502 28
    endloop
  endfacet
  facet normal 0 -0 0
    outer loop
      vertex 45.9374 -7.44502 3
      vertex 45.9374 -7.44502 2.99
      vertex 45.9374 -7.44502 28
    endloop
  endfacet
  facet normal 0.819153 -0.573575 0
    outer loop
      vertex 45.9374 -7.44502 28
      vertex 48.2317 -4.16841 2.99
      vertex 48.2317 -4.16841 28
    endloop
  endfacet
  facet normal 0.819153 -0.573575 0
    outer loop
      vertex 48.2317 -4.16841 2.99
      vertex 45.9374 -7.44502 28
      vertex 45.9374 -7.44502 2.99
    endloop
  endfacet
  facet normal -0.77566 0.543129 -0.321502
    outer loop
      vertex 22.6002 10.9825 15.9659
      vertex 21.5578 9.62576 16.1888
      vertex 22.5382 11.0259 16.1888
    endloop
  endfacet
  facet normal -0.775655 0.543122 -0.321523
    outer loop
      vertex 21.5578 9.62576 16.1888
      vertex 22.6002 10.9825 15.9659
      vertex 21.6198 9.58235 15.9659
    endloop
  endfacet
  facet normal 0.681104 -0.476899 -0.555576
    outer loop
      vertex 20.0062 12.7989 16.5958
      vertex 18.9186 11.4737 16.4
      vertex 19.899 12.8739 16.4
    endloop
  endfacet
  facet normal 0.681104 -0.476899 -0.555576
    outer loop
      vertex 18.9186 11.4737 16.4
      vertex 20.0062 12.7989 16.5958
      vertex 19.0258 11.3987 16.5958
    endloop
  endfacet
  facet normal -0.362388 0.253757 0.896818
    outer loop
      vertex 21.7402 11.5847 13.837
      vertex 20.9328 10.0634 13.9412
      vertex 21.9132 11.4635 13.9412
    endloop
  endfacet
  facet normal -0.362476 0.2538 0.89677
    outer loop
      vertex 20.9328 10.0634 13.9412
      vertex 21.7402 11.5847 13.837
      vertex 20.7598 10.1845 13.837
    endloop
  endfacet
  facet normal 0.362476 -0.2538 -0.89677
    outer loop
      vertex 19.6313 10.9747 17.163
      vertex 20.4387 12.496 17.0588
      vertex 20.6117 12.3749 17.163
    endloop
  endfacet
  facet normal 0.362476 -0.2538 -0.89677
    outer loop
      vertex 20.4387 12.496 17.0588
      vertex 19.6313 10.9747 17.163
      vertex 19.4583 11.0958 17.0588
    endloop
  endfacet
  facet normal 0.362476 -0.2538 0.89677
    outer loop
      vertex 20.4387 12.496 13.9412
      vertex 19.6313 10.9747 13.837
      vertex 20.6117 12.3749 13.837
    endloop
  endfacet
  facet normal 0.362476 -0.2538 0.89677
    outer loop
      vertex 19.6313 10.9747 13.837
      vertex 20.4387 12.496 13.9412
      vertex 19.4583 11.0958 13.9412
    endloop
  endfacet
  facet normal -0.615841 0.431209 0.659393
    outer loop
      vertex 22.2185 11.2497 14.2272
      vertex 21.3653 9.76052 14.4042
      vertex 22.3457 11.1607 14.4042
    endloop
  endfacet
  facet normal -0.615795 0.43119 0.659448
    outer loop
      vertex 21.3653 9.76052 14.4042
      vertex 22.2185 11.2497 14.2272
      vertex 21.2381 9.84956 14.2272
    endloop
  endfacet
  facet normal 0.803425 -0.562546 -0.195065
    outer loop
      vertex 18.7337 11.6032 15.7349
      vertex 19.7141 13.0034 15.7349
      vertex 19.7517 12.977 15.9659
    endloop
  endfacet
  facet normal 0.803444 -0.5626 -0.194831
    outer loop
      vertex 18.7337 11.6032 15.7349
      vertex 19.7517 12.977 15.9659
      vertex 18.7713 11.5769 15.9659
    endloop
  endfacet
  facet normal 0.159655 -0.111796 -0.980822
    outer loop
      vertex 20.0031 10.7144 17.2846
      vertex 20.7943 12.247 17.2387
      vertex 20.9835 12.1145 17.2846
    endloop
  endfacet
  facet normal 0.159697 -0.111818 -0.980813
    outer loop
      vertex 20.7943 12.247 17.2387
      vertex 20.0031 10.7144 17.2846
      vertex 19.8139 10.8468 17.2387
    endloop
  endfacet
  facet normal -0.362388 0.253757 -0.896818
    outer loop
      vertex 20.9328 10.0634 17.0588
      vertex 21.7402 11.5847 17.163
      vertex 21.9132 11.4635 17.0588
    endloop
  endfacet
  facet normal -0.362476 0.2538 -0.89677
    outer loop
      vertex 21.7402 11.5847 17.163
      vertex 20.9328 10.0634 17.0588
      vertex 20.7598 10.1845 17.163
    endloop
  endfacet
  facet normal -0.455247 0.318757 0.831351
    outer loop
      vertex 21.9132 11.4635 13.9412
      vertex 21.0931 9.9511 14.072
      vertex 22.0735 11.3513 14.072
    endloop
  endfacet
  facet normal -0.455144 0.318708 0.831426
    outer loop
      vertex 21.0931 9.9511 14.072
      vertex 21.9132 11.4635 13.9412
      vertex 20.9328 10.0634 13.9412
    endloop
  endfacet
  facet normal -0.803444 0.56256 -0.194948
    outer loop
      vertex 22.6378 10.9562 15.7349
      vertex 21.6574 9.556 15.7349
      vertex 21.6198 9.58235 15.9659
    endloop
  endfacet
  facet normal -0.803453 0.562587 -0.194831
    outer loop
      vertex 22.6002 10.9825 15.9659
      vertex 22.6378 10.9562 15.7349
      vertex 21.6198 9.58235 15.9659
    endloop
  endfacet
  facet normal -0.734717 0.514471 0.442165
    outer loop
      vertex 21.4725 9.68549 14.6
      vertex 22.5382 11.0259 14.8112
      vertex 22.4529 11.0856 14.6
    endloop
  endfacet
  facet normal -0.734698 0.514447 0.442224
    outer loop
      vertex 22.5382 11.0259 14.8112
      vertex 21.4725 9.68549 14.6
      vertex 21.5578 9.62576 14.8112
    endloop
  endfacet
  facet normal 0.54007 -0.378149 -0.751883
    outer loop
      vertex 19.2979 11.2081 16.928
      vertex 20.1333 12.7098 16.7728
      vertex 20.2783 12.6083 16.928
    endloop
  endfacet
  facet normal 0.54007 -0.378149 -0.751883
    outer loop
      vertex 20.1333 12.7098 16.7728
      vertex 19.2979 11.2081 16.928
      vertex 19.1529 11.3096 16.7728
    endloop
  endfacet
  facet normal 0.159655 -0.111796 0.980822
    outer loop
      vertex 20.7943 12.247 13.7613
      vertex 20.0031 10.7144 13.7154
      vertex 20.9835 12.1145 13.7154
    endloop
  endfacet
  facet normal 0.159697 -0.111818 0.980813
    outer loop
      vertex 20.0031 10.7144 13.7154
      vertex 20.7943 12.247 13.7613
      vertex 19.8139 10.8468 13.7613
    endloop
  endfacet
  facet normal 0.681104 -0.476899 0.555576
    outer loop
      vertex 18.9186 11.4737 14.6
      vertex 20.0062 12.7989 14.4042
      vertex 19.899 12.8739 14.6
    endloop
  endfacet
  facet normal 0.681104 -0.476899 0.555576
    outer loop
      vertex 20.0062 12.7989 14.4042
      vertex 18.9186 11.4737 14.6
      vertex 19.0258 11.3987 14.4042
    endloop
  endfacet
  facet normal 0.0535968 -0.0375277 0.997857
    outer loop
      vertex 20.9835 12.1145 13.7154
      vertex 20.1955 10.5796 13.7
      vertex 21.1759 11.9798 13.7
    endloop
  endfacet
  facet normal 0.0535825 -0.0375204 0.997858
    outer loop
      vertex 20.1955 10.5796 13.7
      vertex 20.9835 12.1145 13.7154
      vertex 20.0031 10.7144 13.7154
    endloop
  endfacet
  facet normal 0.455023 -0.318601 -0.831533
    outer loop
      vertex 19.4583 11.0958 17.0588
      vertex 20.2783 12.6083 16.928
      vertex 20.4387 12.496 17.0588
    endloop
  endfacet
  facet normal 0.455023 -0.318601 -0.831533
    outer loop
      vertex 20.2783 12.6083 16.928
      vertex 19.4583 11.0958 17.0588
      vertex 19.2979 11.2081 16.928
    endloop
  endfacet
  facet normal -0.539963 0.378091 -0.751989
    outer loop
      vertex 21.2381 9.84956 16.7728
      vertex 22.0735 11.3513 16.928
      vertex 22.2185 11.2497 16.7728
    endloop
  endfacet
  facet normal -0.54003 0.378121 -0.751925
    outer loop
      vertex 22.0735 11.3513 16.928
      vertex 21.2381 9.84956 16.7728
      vertex 21.0931 9.9511 16.928
    endloop
  endfacet
  facet normal 0.0535968 -0.0375277 -0.997857
    outer loop
      vertex 20.1955 10.5796 17.3
      vertex 20.9835 12.1145 17.2846
      vertex 21.1759 11.9798 17.3
    endloop
  endfacet
  facet normal 0.0535825 -0.0375204 -0.997858
    outer loop
      vertex 20.9835 12.1145 17.2846
      vertex 20.1955 10.5796 17.3
      vertex 20.0031 10.7144 17.2846
    endloop
  endfacet
  facet normal 0 0 1
    outer loop
      vertex 19.0258 11.3987 14.4042
      vertex 20.0062 12.7988 14.4042
      vertex 20.0062 12.7989 14.4042
    endloop
  endfacet
  facet normal 0.615871 -0.431255 0.659334
    outer loop
      vertex 20.0062 12.7988 14.4042
      vertex 19.0258 11.3987 14.4042
      vertex 19.1529 11.3096 14.2272
    endloop
  endfacet
  facet normal 0.615985 -0.431304 0.659196
    outer loop
      vertex 20.1333 12.7098 14.2272
      vertex 20.0062 12.7988 14.4042
      vertex 19.1529 11.3096 14.2272
    endloop
  endfacet
  facet normal -0.455247 0.318757 -0.831351
    outer loop
      vertex 21.0931 9.9511 16.928
      vertex 21.9132 11.4635 17.0588
      vertex 22.0735 11.3513 16.928
    endloop
  endfacet
  facet normal -0.455144 0.318708 -0.831426
    outer loop
      vertex 21.9132 11.4635 17.0588
      vertex 21.0931 9.9511 16.928
      vertex 20.9328 10.0634 17.0588
    endloop
  endfacet
  facet normal -0.77566 0.543129 0.321502
    outer loop
      vertex 21.5578 9.62576 14.8112
      vertex 22.6002 10.9825 15.0341
      vertex 22.5382 11.0259 14.8112
    endloop
  endfacet
  facet normal -0.775655 0.543122 0.321523
    outer loop
      vertex 22.6002 10.9825 15.0341
      vertex 21.5578 9.62576 14.8112
      vertex 21.6198 9.58235 15.0341
    endloop
  endfacet
  facet normal 0.615985 -0.431304 -0.659196
    outer loop
      vertex 19.1529 11.3096 16.7728
      vertex 20.0062 12.7988 16.5958
      vertex 20.1333 12.7098 16.7728
    endloop
  endfacet
  facet normal 0.615871 -0.431255 -0.659334
    outer loop
      vertex 19.0258 11.3987 16.5958
      vertex 20.0062 12.7988 16.5958
      vertex 19.1529 11.3096 16.7728
    endloop
  endfacet
  facet normal -0 0 -1
    outer loop
      vertex 20.0062 12.7988 16.5958
      vertex 19.0258 11.3987 16.5958
      vertex 20.0062 12.7989 16.5958
    endloop
  endfacet
  facet normal -0.0535652 0.0375056 -0.99786
    outer loop
      vertex 20.388 10.4448 17.2846
      vertex 21.1759 11.9798 17.3
      vertex 21.3684 11.845 17.2846
    endloop
  endfacet
  facet normal -0.0535652 0.0375056 -0.99786
    outer loop
      vertex 21.1759 11.9798 17.3
      vertex 20.388 10.4448 17.2846
      vertex 20.1955 10.5796 17.3
    endloop
  endfacet
  facet normal -0.159655 0.111796 -0.980822
    outer loop
      vertex 20.5772 10.3124 17.2387
      vertex 21.3684 11.845 17.2846
      vertex 21.5576 11.7125 17.2387
    endloop
  endfacet
  facet normal -0.159697 0.111818 -0.980813
    outer loop
      vertex 21.3684 11.845 17.2846
      vertex 20.5772 10.3124 17.2387
      vertex 20.388 10.4448 17.2846
    endloop
  endfacet
  facet normal -0.681009 0.476839 -0.555744
    outer loop
      vertex 22.4529 11.0856 16.4
      vertex 21.3653 9.76052 16.5958
      vertex 22.3457 11.1607 16.5958
    endloop
  endfacet
  facet normal -0.681062 0.4769 -0.555626
    outer loop
      vertex 21.3653 9.76052 16.5958
      vertex 22.4529 11.0856 16.4
      vertex 21.4725 9.68549 16.4
    endloop
  endfacet
  facet normal 0.263382 -0.184416 -0.946901
    outer loop
      vertex 19.8139 10.8468 17.2387
      vertex 20.6117 12.3749 17.163
      vertex 20.7943 12.247 17.2387
    endloop
  endfacet
  facet normal 0.263382 -0.184416 -0.946901
    outer loop
      vertex 20.6117 12.3749 17.163
      vertex 19.8139 10.8468 17.2387
      vertex 19.6313 10.9747 17.163
    endloop
  endfacet
  facet normal -0.8174 0.572332 -0.06553
    outer loop
      vertex 22.6504 10.9473 15.5
      vertex 21.6574 9.556 15.7349
      vertex 22.6378 10.9562 15.7349
    endloop
  endfacet
  facet normal -0.817395 0.572357 -0.0653601
    outer loop
      vertex 21.6574 9.556 15.7349
      vertex 22.6504 10.9473 15.5
      vertex 21.67 9.54717 15.5
    endloop
  endfacet
  facet normal 0.803425 -0.562546 0.195065
    outer loop
      vertex 19.7141 13.0034 15.2651
      vertex 18.7337 11.6032 15.2651
      vertex 19.7517 12.977 15.0341
    endloop
  endfacet
  facet normal 0.803444 -0.5626 0.194831
    outer loop
      vertex 19.7517 12.977 15.0341
      vertex 18.7337 11.6032 15.2651
      vertex 18.7713 11.5769 15.0341
    endloop
  endfacet
  facet normal 0.54007 -0.378149 0.751883
    outer loop
      vertex 20.1333 12.7098 14.2272
      vertex 19.2979 11.2081 14.072
      vertex 20.2783 12.6083 14.072
    endloop
  endfacet
  facet normal 0.54007 -0.378149 0.751883
    outer loop
      vertex 19.2979 11.2081 14.072
      vertex 20.1333 12.7098 14.2272
      vertex 19.1529 11.3096 14.2272
    endloop
  endfacet
  facet normal -0.734717 0.514471 -0.442165
    outer loop
      vertex 22.5382 11.0259 16.1888
      vertex 21.4725 9.68549 16.4
      vertex 22.4529 11.0856 16.4
    endloop
  endfacet
  facet normal -0.734698 0.514447 -0.442224
    outer loop
      vertex 21.4725 9.68549 16.4
      vertex 22.5382 11.0259 16.1888
      vertex 21.5578 9.62576 16.1888
    endloop
  endfacet
  facet normal -0.8174 0.572332 0.06553
    outer loop
      vertex 21.6574 9.556 15.2651
      vertex 22.6504 10.9473 15.5
      vertex 22.6378 10.9562 15.2651
    endloop
  endfacet
  facet normal -0.817395 0.572357 0.0653601
    outer loop
      vertex 22.6504 10.9473 15.5
      vertex 21.6574 9.556 15.2651
      vertex 21.67 9.54717 15.5
    endloop
  endfacet
  facet normal 0.734715 -0.514474 0.442165
    outer loop
      vertex 18.8333 11.5335 14.8112
      vertex 19.899 12.8739 14.6
      vertex 19.8137 12.9336 14.8112
    endloop
  endfacet
  facet normal 0.734653 -0.514394 0.442361
    outer loop
      vertex 19.899 12.8739 14.6
      vertex 18.8333 11.5335 14.8112
      vertex 18.9186 11.4737 14.6
    endloop
  endfacet
  facet normal -0.159655 0.111796 0.980822
    outer loop
      vertex 21.3684 11.845 13.7154
      vertex 20.5772 10.3124 13.7613
      vertex 21.5576 11.7125 13.7613
    endloop
  endfacet
  facet normal -0.159697 0.111818 0.980813
    outer loop
      vertex 20.5772 10.3124 13.7613
      vertex 21.3684 11.845 13.7154
      vertex 20.388 10.4448 13.7154
    endloop
  endfacet
  facet normal 0.263382 -0.184416 0.946901
    outer loop
      vertex 20.6117 12.3749 13.837
      vertex 19.8139 10.8468 13.7613
      vertex 20.7943 12.247 13.7613
    endloop
  endfacet
  facet normal 0.263382 -0.184416 0.946901
    outer loop
      vertex 19.8139 10.8468 13.7613
      vertex 20.6117 12.3749 13.837
      vertex 19.6313 10.9747 13.837
    endloop
  endfacet
  facet normal -0.0535652 0.0375056 0.99786
    outer loop
      vertex 21.1759 11.9798 13.7
      vertex 20.388 10.4448 13.7154
      vertex 21.3684 11.845 13.7154
    endloop
  endfacet
  facet normal -0.0535652 0.0375056 0.99786
    outer loop
      vertex 20.388 10.4448 13.7154
      vertex 21.1759 11.9798 13.7
      vertex 20.1955 10.5796 13.7
    endloop
  endfacet
  facet normal 0.775652 -0.543139 -0.321502
    outer loop
      vertex 19.8137 12.9336 16.1888
      vertex 18.7713 11.5769 15.9659
      vertex 19.7517 12.977 15.9659
    endloop
  endfacet
  facet normal 0.775652 -0.543139 -0.321502
    outer loop
      vertex 18.7713 11.5769 15.9659
      vertex 19.8137 12.9336 16.1888
      vertex 18.8333 11.5335 16.1888
    endloop
  endfacet
  facet normal -0.539963 0.378091 0.751989
    outer loop
      vertex 22.0735 11.3513 14.072
      vertex 21.2381 9.84956 14.2272
      vertex 22.2185 11.2497 14.2272
    endloop
  endfacet
  facet normal -0.54003 0.378121 0.751925
    outer loop
      vertex 21.2381 9.84956 14.2272
      vertex 22.0735 11.3513 14.072
      vertex 21.0931 9.9511 14.072
    endloop
  endfacet
  facet normal 0.817413 -0.572341 0.0652874
    outer loop
      vertex 18.7211 11.612 15.5
      vertex 19.7141 13.0034 15.2651
      vertex 19.7015 13.0122 15.5
    endloop
  endfacet
  facet normal 0.817413 -0.572341 0.0652874
    outer loop
      vertex 19.7141 13.0034 15.2651
      vertex 18.7211 11.612 15.5
      vertex 18.7337 11.6032 15.2651
    endloop
  endfacet
  facet normal 0.734715 -0.514474 -0.442165
    outer loop
      vertex 19.899 12.8739 16.4
      vertex 18.8333 11.5335 16.1888
      vertex 19.8137 12.9336 16.1888
    endloop
  endfacet
  facet normal 0.734653 -0.514394 -0.442361
    outer loop
      vertex 18.8333 11.5335 16.1888
      vertex 19.899 12.8739 16.4
      vertex 18.9186 11.4737 16.4
    endloop
  endfacet
  facet normal 0.775652 -0.543139 0.321502
    outer loop
      vertex 18.7713 11.5769 15.0341
      vertex 19.8137 12.9336 14.8112
      vertex 19.7517 12.977 15.0341
    endloop
  endfacet
  facet normal 0.775652 -0.543139 0.321502
    outer loop
      vertex 19.8137 12.9336 14.8112
      vertex 18.7713 11.5769 15.0341
      vertex 18.8333 11.5335 14.8112
    endloop
  endfacet
  facet normal -0.615841 0.431209 -0.659393
    outer loop
      vertex 21.3653 9.76052 16.5958
      vertex 22.2185 11.2497 16.7728
      vertex 22.3457 11.1607 16.5958
    endloop
  endfacet
  facet normal -0.615795 0.43119 -0.659448
    outer loop
      vertex 22.2185 11.2497 16.7728
      vertex 21.3653 9.76052 16.5958
      vertex 21.2381 9.84956 16.7728
    endloop
  endfacet
  facet normal -0.263443 0.184459 -0.946875
    outer loop
      vertex 20.7598 10.1845 17.163
      vertex 21.5576 11.7125 17.2387
      vertex 21.7402 11.5847 17.163
    endloop
  endfacet
  facet normal -0.263376 0.184425 -0.946901
    outer loop
      vertex 21.5576 11.7125 17.2387
      vertex 20.7598 10.1845 17.163
      vertex 20.5772 10.3124 17.2387
    endloop
  endfacet
  facet normal -0.681009 0.476839 0.555744
    outer loop
      vertex 21.3653 9.76052 14.4042
      vertex 22.4529 11.0856 14.6
      vertex 22.3457 11.1607 14.4042
    endloop
  endfacet
  facet normal -0.681062 0.4769 0.555626
    outer loop
      vertex 22.4529 11.0856 14.6
      vertex 21.3653 9.76052 14.4042
      vertex 21.4725 9.68549 14.6
    endloop
  endfacet
  facet normal -0.263443 0.184459 0.946875
    outer loop
      vertex 21.5576 11.7125 13.7613
      vertex 20.7598 10.1845 13.837
      vertex 21.7402 11.5847 13.837
    endloop
  endfacet
  facet normal -0.263376 0.184425 0.946901
    outer loop
      vertex 20.7598 10.1845 13.837
      vertex 21.5576 11.7125 13.7613
      vertex 20.5772 10.3124 13.7613
    endloop
  endfacet
  facet normal 0.817413 -0.572341 -0.0652874
    outer loop
      vertex 19.7141 13.0034 15.7349
      vertex 18.7211 11.612 15.5
      vertex 19.7015 13.0122 15.5
    endloop
  endfacet
  facet normal 0.817413 -0.572341 -0.0652874
    outer loop
      vertex 18.7211 11.612 15.5
      vertex 19.7141 13.0034 15.7349
      vertex 18.7337 11.6032 15.7349
    endloop
  endfacet
  facet normal -0.803453 0.562587 0.194831
    outer loop
      vertex 21.6198 9.58235 15.0341
      vertex 22.6378 10.9562 15.2651
      vertex 22.6002 10.9825 15.0341
    endloop
  endfacet
  facet normal -0.803444 0.56256 0.194948
    outer loop
      vertex 21.6574 9.556 15.2651
      vertex 22.6378 10.9562 15.2651
      vertex 21.6198 9.58235 15.0341
    endloop
  endfacet
  facet normal 0.455023 -0.318601 0.831533
    outer loop
      vertex 20.2783 12.6083 14.072
      vertex 19.4583 11.0958 13.9412
      vertex 20.4387 12.496 13.9412
    endloop
  endfacet
  facet normal 0.455023 -0.318601 0.831533
    outer loop
      vertex 19.4583 11.0958 13.9412
      vertex 20.2783 12.6083 14.072
      vertex 19.2979 11.2081 14.072
    endloop
  endfacet
  facet normal 0.416295 0.50844 -0.753782
    outer loop
      vertex 20.9835 12.1145 17.2846
      vertex 22.4898 13.8562 19.2913
      vertex 21.1759 11.9798 17.3
    endloop
  endfacet
  facet normal 0.416364 0.508382 -0.753783
    outer loop
      vertex 22.4898 13.8562 19.2913
      vertex 20.9835 12.1145 17.2846
      vertex 22.0845 14.1401 19.2589
    endloop
  endfacet
  facet normal -0.210093 0.947045 -0.242833
    outer loop
      vertex 25.3591 11.8471 16.9509
      vertex 22.6002 10.9825 15.9659
      vertex 22.5382 11.0259 16.1888
    endloop
  endfacet
  facet normal -0.21012 0.947056 -0.242765
    outer loop
      vertex 22.6002 10.9825 15.9659
      vertex 25.3591 11.8471 16.9509
      vertex 25.4897 11.7557 16.4813
    endloop
  endfacet
  facet normal 0.0319927 0.777536 0.628024
    outer loop
      vertex 24.0427 12.7689 12.2166
      vertex 22.0735 11.3513 14.072
      vertex 24.3804 12.5324 12.4922
    endloop
  endfacet
  facet normal 0.0318803 0.777599 0.627952
    outer loop
      vertex 22.0735 11.3513 14.072
      vertex 24.0427 12.7689 12.2166
      vertex 21.9132 11.4635 13.9412
    endloop
  endfacet
  facet normal 0.89028 0.176533 0.419806
    outer loop
      vertex 20.0062 12.7989 14.4042
      vertex 19.8003 15.7395 13.6043
      vertex 19.899 12.8739 14.6
    endloop
  endfacet
  facet normal 0.890335 0.176508 0.419701
    outer loop
      vertex 19.8003 15.7395 13.6043
      vertex 20.0062 12.7989 14.4042
      vertex 20.026 15.5814 13.192
    endloop
  endfacet
  facet normal 0.999867 0 0.0163318
    outer loop
      vertex 20.026 15.5814 13.192
      vertex 20.0062 12.7989 14.4042
      vertex 20.0062 12.7988 14.4042
    endloop
  endfacet
  facet normal 0.98276 0.111786 -0.147267
    outer loop
      vertex 19.7517 12.977 15.9659
      vertex 19.4108 16.0122 15.9949
      vertex 19.49 15.9567 16.4813
    endloop
  endfacet
  facet normal 0.982771 0.111787 -0.147191
    outer loop
      vertex 19.4108 16.0122 15.9949
      vertex 19.7517 12.977 15.9659
      vertex 19.7141 13.0034 15.7349
    endloop
  endfacet
  facet normal 0.649425 0.345209 0.677553
    outer loop
      vertex 20.4387 12.496 13.9412
      vertex 21.3014 14.6884 11.9973
      vertex 20.937 14.9435 12.2166
    endloop
  endfacet
  facet normal 0.649592 0.345066 0.677466
    outer loop
      vertex 21.3014 14.6884 11.9973
      vertex 20.4387 12.496 13.9412
      vertex 20.6117 12.3749 13.837
    endloop
  endfacet
  facet normal 0.783815 0.251091 0.567968
    outer loop
      vertex 20.1333 12.7098 14.2272
      vertex 20.5992 15.18 12.4922
      vertex 20.2938 15.3939 12.8191
    endloop
  endfacet
  facet normal 0.783766 0.251134 0.568016
    outer loop
      vertex 20.5992 15.18 12.4922
      vertex 20.1333 12.7098 14.2272
      vertex 20.2783 12.6083 14.072
    endloop
  endfacet
  facet normal -0.179069 0.925316 0.334253
    outer loop
      vertex 25.1794 11.973 13.6043
      vertex 22.5382 11.0259 14.8112
      vertex 25.3591 11.8471 14.0491
    endloop
  endfacet
  facet normal -0.179226 0.925389 0.333966
    outer loop
      vertex 22.5382 11.0259 14.8112
      vertex 25.1794 11.973 13.6043
      vertex 22.4529 11.0856 14.6
    endloop
  endfacet
  facet normal 0.176995 0.675998 0.715332
    outer loop
      vertex 23.2936 13.2934 11.8379
      vertex 21.7402 11.5847 13.837
      vertex 23.6783 13.024 11.9973
    endloop
  endfacet
  facet normal 0.176716 0.676156 0.715251
    outer loop
      vertex 21.5576 11.7125 13.7613
      vertex 21.7402 11.5847 13.837
      vertex 23.2936 13.2934 11.8379
    endloop
  endfacet
  facet normal -0.241628 0.96911 0.0494095
    outer loop
      vertex 25.5689 11.7002 15.0051
      vertex 22.6504 10.9473 15.5
      vertex 25.5955 11.6816 15.5
    endloop
  endfacet
  facet normal -0.241582 0.969108 0.0496764
    outer loop
      vertex 22.6504 10.9473 15.5
      vertex 25.5689 11.7002 15.0051
      vertex 22.6378 10.9562 15.2651
    endloop
  endfacet
  facet normal -0.179069 0.925316 -0.334253
    outer loop
      vertex 22.5382 11.0259 16.1888
      vertex 25.1794 11.973 17.3957
      vertex 25.3591 11.8471 16.9509
    endloop
  endfacet
  facet normal -0.179226 0.925389 -0.333966
    outer loop
      vertex 25.1794 11.973 17.3957
      vertex 22.5382 11.0259 16.1888
      vertex 22.4529 11.0856 16.4
    endloop
  endfacet
  facet normal 0.416364 0.508382 0.753783
    outer loop
      vertex 20.9835 12.1145 13.7154
      vertex 22.4898 13.8562 11.7087
      vertex 22.0845 14.1401 11.7411
    endloop
  endfacet
  facet normal 0.416295 0.50844 0.753782
    outer loop
      vertex 22.4898 13.8562 11.7087
      vertex 20.9835 12.1145 13.7154
      vertex 21.1759 11.9798 13.7
    endloop
  endfacet
  facet normal -0.0320486 0.82237 -0.56805
    outer loop
      vertex 22.2185 11.2497 16.7728
      vertex 24.3804 12.5324 18.5078
      vertex 24.6859 12.3185 18.1809
    endloop
  endfacet
  facet normal -0.0319328 0.822306 -0.568148
    outer loop
      vertex 24.3804 12.5324 18.5078
      vertex 22.2185 11.2497 16.7728
      vertex 22.0735 11.3513 16.928
    endloop
  endfacet
  facet normal -0.0320486 0.82237 0.56805
    outer loop
      vertex 24.3804 12.5324 12.4922
      vertex 22.2185 11.2497 14.2272
      vertex 24.6859 12.3185 12.8191
    endloop
  endfacet
  facet normal -0.0319328 0.822306 0.568148
    outer loop
      vertex 22.2185 11.2497 14.2272
      vertex 24.3804 12.5324 12.4922
      vertex 22.0735 11.3513 14.072
    endloop
  endfacet
  facet normal 0.10218 0.728386 0.677505
    outer loop
      vertex 23.6783 13.024 11.9973
      vertex 21.9132 11.4635 13.9412
      vertex 24.0427 12.7689 12.2166
    endloop
  endfacet
  facet normal 0.102205 0.728372 0.677517
    outer loop
      vertex 21.9132 11.4635 13.9412
      vertex 23.6783 13.024 11.9973
      vertex 21.7402 11.5847 13.837
    endloop
  endfacet
  facet normal 0.961772 0.126483 0.242891
    outer loop
      vertex 19.8137 12.9336 14.8112
      vertex 19.49 15.9567 14.5187
      vertex 19.7517 12.977 15.0341
    endloop
  endfacet
  facet normal 0.96178 0.126481 0.242862
    outer loop
      vertex 19.49 15.9567 14.5187
      vertex 19.8137 12.9336 14.8112
      vertex 19.6206 15.8653 14.0491
    endloop
  endfacet
  facet normal 0.982771 0.111787 0.147191
    outer loop
      vertex 19.7517 12.977 15.0341
      vertex 19.4108 16.0122 15.0051
      vertex 19.7141 13.0034 15.2651
    endloop
  endfacet
  facet normal 0.98276 0.111786 0.147267
    outer loop
      vertex 19.4108 16.0122 15.0051
      vertex 19.7517 12.977 15.0341
      vertex 19.49 15.9567 14.5187
    endloop
  endfacet
  facet normal 0.719662 0.296018 -0.62806
    outer loop
      vertex 20.937 14.9435 18.7834
      vertex 20.2783 12.6083 16.928
      vertex 20.5992 15.18 18.5078
    endloop
  endfacet
  facet normal 0.719547 0.296118 -0.628145
    outer loop
      vertex 20.2783 12.6083 16.928
      vertex 20.937 14.9435 18.7834
      vertex 20.4387 12.496 17.0588
    endloop
  endfacet
  facet normal 0.719662 0.296018 0.62806
    outer loop
      vertex 20.2783 12.6083 14.072
      vertex 20.937 14.9435 12.2166
      vertex 20.5992 15.18 12.4922
    endloop
  endfacet
  facet normal 0.719547 0.296118 0.628145
    outer loop
      vertex 20.937 14.9435 12.2166
      vertex 20.2783 12.6083 14.072
      vertex 20.4387 12.496 13.9412
    endloop
  endfacet
  facet normal 0.841132 0.210957 -0.49799
    outer loop
      vertex 20.2938 15.3939 18.1809
      vertex 20.0062 12.7988 16.5958
      vertex 20.026 15.5814 17.808
    endloop
  endfacet
  facet normal 0.841158 0.210933 -0.497956
    outer loop
      vertex 20.0062 12.7988 16.5958
      vertex 20.2938 15.3939 18.1809
      vertex 20.1333 12.7098 16.7728
    endloop
  endfacet
  facet normal 0.930832 0.148152 0.334069
    outer loop
      vertex 19.899 12.8739 14.6
      vertex 19.6206 15.8653 14.0491
      vertex 19.8137 12.9336 14.8112
    endloop
  endfacet
  facet normal 0.930804 0.148163 0.334143
    outer loop
      vertex 19.6206 15.8653 14.0491
      vertex 19.899 12.8739 14.6
      vertex 19.8003 15.7395 13.6043
    endloop
  endfacet
  facet normal 0.890335 0.176508 -0.419701
    outer loop
      vertex 20.0062 12.7989 16.5958
      vertex 19.8003 15.7395 17.3957
      vertex 20.026 15.5814 17.808
    endloop
  endfacet
  facet normal 0.89028 0.176533 -0.419806
    outer loop
      vertex 19.8003 15.7395 17.3957
      vertex 20.0062 12.7989 16.5958
      vertex 19.899 12.8739 16.4
    endloop
  endfacet
  facet normal 0.999867 0 -0.0163318
    outer loop
      vertex 20.0062 12.7989 16.5958
      vertex 20.026 15.5814 17.808
      vertex 20.0062 12.7988 16.5958
    endloop
  endfacet
  facet normal -0.0894638 0.862571 0.497963
    outer loop
      vertex 24.6859 12.3185 12.8191
      vertex 22.3457 11.1607 14.4042
      vertex 24.9537 12.131 13.192
    endloop
  endfacet
  facet normal -0.089439 0.862558 0.49799
    outer loop
      vertex 22.3457 11.1607 14.4042
      vertex 24.6859 12.3185 12.8191
      vertex 22.2185 11.2497 14.2272
    endloop
  endfacet
  facet normal -0.241628 0.96911 -0.0494095
    outer loop
      vertex 22.6504 10.9473 15.5
      vertex 25.5689 11.7002 15.9949
      vertex 25.5955 11.6816 15.5
    endloop
  endfacet
  facet normal -0.241582 0.969108 -0.0496764
    outer loop
      vertex 25.5689 11.7002 15.9949
      vertex 22.6504 10.9473 15.5
      vertex 22.6378 10.9562 15.7349
    endloop
  endfacet
  facet normal 0.255081 0.621299 0.740892
    outer loop
      vertex 22.8952 13.5724 11.7411
      vertex 21.5576 11.7125 13.7613
      vertex 23.2936 13.2934 11.8379
    endloop
  endfacet
  facet normal 0.25528 0.621185 0.740919
    outer loop
      vertex 21.5576 11.7125 13.7613
      vertex 22.8952 13.5724 11.7411
      vertex 21.3684 11.845 13.7154
    endloop
  endfacet
  facet normal 0.841132 0.210957 0.49799
    outer loop
      vertex 20.0062 12.7988 14.4042
      vertex 20.2938 15.3939 12.8191
      vertex 20.026 15.5814 13.192
    endloop
  endfacet
  facet normal 0.841158 0.210933 0.497956
    outer loop
      vertex 20.2938 15.3939 12.8191
      vertex 20.0062 12.7988 14.4042
      vertex 20.1333 12.7098 14.2272
    endloop
  endfacet
  facet normal 0.993304 0.104404 -0.0494645
    outer loop
      vertex 19.7141 13.0034 15.7349
      vertex 19.3842 16.0308 15.5
      vertex 19.4108 16.0122 15.9949
    endloop
  endfacet
  facet normal 0.993308 0.104412 -0.0493693
    outer loop
      vertex 19.3842 16.0308 15.5
      vertex 19.7141 13.0034 15.7349
      vertex 19.7015 13.0122 15.5
    endloop
  endfacet
  facet normal 0.10218 0.728386 -0.677505
    outer loop
      vertex 21.9132 11.4635 17.0588
      vertex 23.6783 13.024 19.0027
      vertex 24.0427 12.7689 18.7834
    endloop
  endfacet
  facet normal 0.102205 0.728372 -0.677517
    outer loop
      vertex 23.6783 13.024 19.0027
      vertex 21.9132 11.4635 17.0588
      vertex 21.7402 11.5847 17.163
    endloop
  endfacet
  facet normal -0.231042 0.96172 0.147356
    outer loop
      vertex 25.4897 11.7557 14.5187
      vertex 22.6378 10.9562 15.2651
      vertex 25.5689 11.7002 15.0051
    endloop
  endfacet
  facet normal -0.231111 0.961741 0.147115
    outer loop
      vertex 22.6378 10.9562 15.2651
      vertex 25.4897 11.7557 14.5187
      vertex 22.6002 10.9825 15.0341
    endloop
  endfacet
  facet normal 0.33536 0.565107 -0.753783
    outer loop
      vertex 21.3684 11.845 17.2846
      vertex 22.4898 13.8562 19.2913
      vertex 22.8952 13.5724 19.2589
    endloop
  endfacet
  facet normal 0.335402 0.565083 -0.753782
    outer loop
      vertex 21.3684 11.845 17.2846
      vertex 21.1759 11.9798 17.3
      vertex 22.4898 13.8562 19.2913
    endloop
  endfacet
  facet normal 0.649592 0.345066 -0.677466
    outer loop
      vertex 20.4387 12.496 17.0588
      vertex 21.3014 14.6884 19.0027
      vertex 20.6117 12.3749 17.163
    endloop
  endfacet
  facet normal 0.649425 0.345209 -0.677553
    outer loop
      vertex 21.3014 14.6884 19.0027
      vertex 20.4387 12.496 17.0588
      vertex 20.937 14.9435 18.7834
    endloop
  endfacet
  facet normal 0.496504 0.452267 0.740904
    outer loop
      vertex 20.7943 12.247 13.7613
      vertex 22.0845 14.1401 11.7411
      vertex 21.686 14.419 11.8379
    endloop
  endfacet
  facet normal 0.496485 0.452282 0.740907
    outer loop
      vertex 22.0845 14.1401 11.7411
      vertex 20.7943 12.247 13.7613
      vertex 20.9835 12.1145 13.7154
    endloop
  endfacet
  facet normal 0.574833 0.397422 0.715278
    outer loop
      vertex 20.6117 12.3749 13.837
      vertex 21.686 14.419 11.8379
      vertex 21.3014 14.6884 11.9973
    endloop
  endfacet
  facet normal 0.574872 0.397389 0.715265
    outer loop
      vertex 21.686 14.419 11.8379
      vertex 20.6117 12.3749 13.837
      vertex 20.7943 12.247 13.7613
    endloop
  endfacet
  facet normal 0.993308 0.104412 0.0493693
    outer loop
      vertex 19.7141 13.0034 15.2651
      vertex 19.3842 16.0308 15.5
      vertex 19.7015 13.0122 15.5
    endloop
  endfacet
  facet normal 0.993304 0.104404 0.0494645
    outer loop
      vertex 19.3842 16.0308 15.5
      vertex 19.7141 13.0034 15.2651
      vertex 19.4108 16.0122 15.0051
    endloop
  endfacet
  facet normal 0.33536 0.565107 0.753783
    outer loop
      vertex 22.4898 13.8562 11.7087
      vertex 21.3684 11.845 13.7154
      vertex 22.8952 13.5724 11.7411
    endloop
  endfacet
  facet normal 0.335402 0.565083 0.753782
    outer loop
      vertex 21.1759 11.9798 13.7
      vertex 21.3684 11.845 13.7154
      vertex 22.4898 13.8562 11.7087
    endloop
  endfacet
  facet normal 0.783815 0.251091 -0.567968
    outer loop
      vertex 20.5992 15.18 18.5078
      vertex 20.1333 12.7098 16.7728
      vertex 20.2938 15.3939 18.1809
    endloop
  endfacet
  facet normal 0.783766 0.251134 -0.568016
    outer loop
      vertex 20.1333 12.7098 16.7728
      vertex 20.5992 15.18 18.5078
      vertex 20.2783 12.6083 16.928
    endloop
  endfacet
  facet normal 0.96178 0.126481 -0.242862
    outer loop
      vertex 19.8137 12.9336 16.1888
      vertex 19.49 15.9567 16.4813
      vertex 19.6206 15.8653 16.9509
    endloop
  endfacet
  facet normal 0.961772 0.126483 -0.242891
    outer loop
      vertex 19.49 15.9567 16.4813
      vertex 19.8137 12.9336 16.1888
      vertex 19.7517 12.977 15.9659
    endloop
  endfacet
  facet normal 0.930804 0.148163 -0.334143
    outer loop
      vertex 19.899 12.8739 16.4
      vertex 19.6206 15.8653 16.9509
      vertex 19.8003 15.7395 17.3957
    endloop
  endfacet
  facet normal 0.930832 0.148152 -0.334069
    outer loop
      vertex 19.6206 15.8653 16.9509
      vertex 19.899 12.8739 16.4
      vertex 19.8137 12.9336 16.1888
    endloop
  endfacet
  facet normal -0.231042 0.96172 -0.147356
    outer loop
      vertex 22.6378 10.9562 15.7349
      vertex 25.4897 11.7557 16.4813
      vertex 25.5689 11.7002 15.9949
    endloop
  endfacet
  facet normal -0.231111 0.961741 -0.147115
    outer loop
      vertex 25.4897 11.7557 16.4813
      vertex 22.6378 10.9562 15.7349
      vertex 22.6002 10.9825 15.9659
    endloop
  endfacet
  facet normal -0.0894638 0.862571 -0.497963
    outer loop
      vertex 22.3457 11.1607 16.5958
      vertex 24.6859 12.3185 18.1809
      vertex 24.9537 12.131 17.808
    endloop
  endfacet
  facet normal -0.089439 0.862558 -0.49799
    outer loop
      vertex 24.6859 12.3185 18.1809
      vertex 22.3457 11.1607 16.5958
      vertex 22.2185 11.2497 16.7728
    endloop
  endfacet
  facet normal -0.138545 0.896943 -0.41988
    outer loop
      vertex 24.9537 12.131 17.808
      vertex 22.4529 11.0856 16.4
      vertex 22.3457 11.1607 16.5958
    endloop
  endfacet
  facet normal -0.138692 0.897017 -0.419674
    outer loop
      vertex 22.4529 11.0856 16.4
      vertex 24.9537 12.131 17.808
      vertex 25.1794 11.973 17.3957
    endloop
  endfacet
  facet normal 0.0319927 0.777536 -0.628024
    outer loop
      vertex 22.0735 11.3513 16.928
      vertex 24.0427 12.7689 18.7834
      vertex 24.3804 12.5324 18.5078
    endloop
  endfacet
  facet normal 0.0318803 0.777599 -0.627952
    outer loop
      vertex 24.0427 12.7689 18.7834
      vertex 22.0735 11.3513 16.928
      vertex 21.9132 11.4635 17.0588
    endloop
  endfacet
  facet normal 0.255081 0.621299 -0.740892
    outer loop
      vertex 21.5576 11.7125 17.2387
      vertex 22.8952 13.5724 19.2589
      vertex 23.2936 13.2934 19.1621
    endloop
  endfacet
  facet normal 0.25528 0.621185 -0.740919
    outer loop
      vertex 22.8952 13.5724 19.2589
      vertex 21.5576 11.7125 17.2387
      vertex 21.3684 11.845 17.2846
    endloop
  endfacet
  facet normal 0.176995 0.675998 -0.715332
    outer loop
      vertex 21.7402 11.5847 17.163
      vertex 23.2936 13.2934 19.1621
      vertex 23.6783 13.024 19.0027
    endloop
  endfacet
  facet normal 0.176716 0.676156 -0.715251
    outer loop
      vertex 21.7402 11.5847 17.163
      vertex 21.5576 11.7125 17.2387
      vertex 23.2936 13.2934 19.1621
    endloop
  endfacet
  facet normal 0.574872 0.397389 -0.715265
    outer loop
      vertex 20.6117 12.3749 17.163
      vertex 21.686 14.419 19.1621
      vertex 20.7943 12.247 17.2387
    endloop
  endfacet
  facet normal 0.574833 0.397422 -0.715278
    outer loop
      vertex 21.686 14.419 19.1621
      vertex 20.6117 12.3749 17.163
      vertex 21.3014 14.6884 19.0027
    endloop
  endfacet
  facet normal 0.496485 0.452282 -0.740907
    outer loop
      vertex 20.7943 12.247 17.2387
      vertex 22.0845 14.1401 19.2589
      vertex 20.9835 12.1145 17.2846
    endloop
  endfacet
  facet normal 0.496504 0.452267 -0.740904
    outer loop
      vertex 22.0845 14.1401 19.2589
      vertex 20.7943 12.247 17.2387
      vertex 21.686 14.419 19.1621
    endloop
  endfacet
  facet normal -0.21012 0.947056 0.242765
    outer loop
      vertex 25.3591 11.8471 14.0491
      vertex 22.6002 10.9825 15.0341
      vertex 25.4897 11.7557 14.5187
    endloop
  endfacet
  facet normal -0.210093 0.947045 0.242833
    outer loop
      vertex 22.6002 10.9825 15.0341
      vertex 25.3591 11.8471 14.0491
      vertex 22.5382 11.0259 14.8112
    endloop
  endfacet
  facet normal -0.138692 0.897017 0.419674
    outer loop
      vertex 24.9537 12.131 13.192
      vertex 22.4529 11.0856 14.6
      vertex 25.1794 11.973 13.6043
    endloop
  endfacet
  facet normal -0.138545 0.896943 0.41988
    outer loop
      vertex 22.4529 11.0856 14.6
      vertex 24.9537 12.131 13.192
      vertex 22.3457 11.1607 14.4042
    endloop
  endfacet
  facet normal -0.775657 0.543124 -0.321517
    outer loop
      vertex 39.7614 -1.03392 15.9659
      vertex 38.719 -2.39066 16.1888
      vertex 39.6994 -0.990513 16.1888
    endloop
  endfacet
  facet normal -0.775655 0.543122 -0.321523
    outer loop
      vertex 38.719 -2.39066 16.1888
      vertex 39.7614 -1.03392 15.9659
      vertex 38.781 -2.43407 15.9659
    endloop
  endfacet
  facet normal 0.681069 -0.476892 -0.555625
    outer loop
      vertex 37.1674 0.782423 16.5958
      vertex 36.0798 -0.542697 16.4
      vertex 37.0602 0.857452 16.4
    endloop
  endfacet
  facet normal 0.681069 -0.476892 -0.555625
    outer loop
      vertex 36.0798 -0.542697 16.4
      vertex 37.1674 0.782423 16.5958
      vertex 36.187 -0.617726 16.5958
    endloop
  endfacet
  facet normal 0 0 -1
    outer loop
      vertex 36.0798 -0.542697 16.4
      vertex 37.0602 0.857453 16.4
      vertex 37.0602 0.857452 16.4
    endloop
  endfacet
  facet normal -0.362455 0.253795 0.89678
    outer loop
      vertex 38.9014 -0.431761 13.837
      vertex 37.921 -1.83191 13.837
      vertex 38.094 -1.95303 13.9412
    endloop
  endfacet
  facet normal -0.362454 0.253794 0.896781
    outer loop
      vertex 39.0744 -0.552883 13.9412
      vertex 38.9014 -0.431761 13.837
      vertex 38.094 -1.95303 13.9412
    endloop
  endfacet
  facet normal 0.362454 -0.253794 -0.896781
    outer loop
      vertex 36.7925 -1.04172 17.163
      vertex 37.5999 0.479554 17.0588
      vertex 37.7729 0.358432 17.163
    endloop
  endfacet
  facet normal 0.362451 -0.253793 -0.896782
    outer loop
      vertex 37.5999 0.479554 17.0588
      vertex 36.7925 -1.04172 17.163
      vertex 36.6195 -0.920595 17.0588
    endloop
  endfacet
  facet normal 0.362454 -0.253794 0.896781
    outer loop
      vertex 37.5999 0.479554 13.9412
      vertex 36.7925 -1.04172 13.837
      vertex 37.7729 0.358432 13.837
    endloop
  endfacet
  facet normal 0.362451 -0.253793 0.896782
    outer loop
      vertex 36.7925 -1.04172 13.837
      vertex 37.5999 0.479554 13.9412
      vertex 36.6195 -0.920595 13.9412
    endloop
  endfacet
  facet normal -0.615955 0.431255 0.659257
    outer loop
      vertex 39.3798 -0.766708 14.2272
      vertex 38.5266 -2.2559 14.4042
      vertex 39.5069 -0.855752 14.4042
    endloop
  endfacet
  facet normal -0.615797 0.431187 0.659448
    outer loop
      vertex 38.5266 -2.2559 14.4042
      vertex 39.3798 -0.766708 14.2272
      vertex 38.3994 -2.16686 14.2272
    endloop
  endfacet
  facet normal 0.803435 -0.562574 -0.194943
    outer loop
      vertex 36.9129 0.960592 15.9659
      vertex 35.8949 -0.41321 15.7349
      vertex 36.8753 0.98694 15.7349
    endloop
  endfacet
  facet normal 0.803435 -0.562574 -0.194941
    outer loop
      vertex 35.8949 -0.41321 15.7349
      vertex 36.9129 0.960592 15.9659
      vertex 35.9325 -0.439557 15.9659
    endloop
  endfacet
  facet normal 0.235762 0 -0.971811
    outer loop
      vertex 38.1447 0.0980948 17.2846
      vertex 37.9555 0.230549 17.2387
      vertex 38.1447 0.0980951 17.2846
    endloop
  endfacet
  facet normal 0.159674 -0.111806 -0.980818
    outer loop
      vertex 37.1643 -1.30205 17.2846
      vertex 37.9555 0.230549 17.2387
      vertex 38.1447 0.0980948 17.2846
    endloop
  endfacet
  facet normal 0.159736 -0.111837 -0.980804
    outer loop
      vertex 37.9555 0.230549 17.2387
      vertex 37.1643 -1.30205 17.2846
      vertex 36.9752 -1.1696 17.2387
    endloop
  endfacet
  facet normal -0.362454 0.253794 -0.896781
    outer loop
      vertex 38.094 -1.95303 17.0588
      vertex 38.9014 -0.431761 17.163
      vertex 39.0744 -0.552883 17.0588
    endloop
  endfacet
  facet normal -0.362455 0.253795 -0.89678
    outer loop
      vertex 37.921 -1.83191 17.163
      vertex 38.9014 -0.431761 17.163
      vertex 38.094 -1.95303 17.0588
    endloop
  endfacet
  facet normal -0.455027 0.318615 0.831526
    outer loop
      vertex 39.0744 -0.552883 13.9412
      vertex 38.094 -1.95303 13.9412
      vertex 38.2544 -2.06532 14.072
    endloop
  endfacet
  facet normal -0.455028 0.318616 0.831525
    outer loop
      vertex 39.2348 -0.665172 14.072
      vertex 39.0744 -0.552883 13.9412
      vertex 38.2544 -2.06532 14.072
    endloop
  endfacet
  facet normal -0.803434 0.562573 -0.194948
    outer loop
      vertex 39.799 -1.06027 15.7349
      vertex 38.8186 -2.46042 15.7349
      vertex 38.781 -2.43407 15.9659
    endloop
  endfacet
  facet normal -0.803434 0.562573 -0.194948
    outer loop
      vertex 39.7614 -1.03392 15.9659
      vertex 39.799 -1.06027 15.7349
      vertex 38.781 -2.43407 15.9659
    endloop
  endfacet
  facet normal -0.7347 0.514445 0.442224
    outer loop
      vertex 38.6337 -2.33093 14.6
      vertex 39.6994 -0.990512 14.8112
      vertex 39.6141 -0.930782 14.6
    endloop
  endfacet
  facet normal -0.194399 0 0.980923
    outer loop
      vertex 38.6337 -2.33093 14.6
      vertex 39.6994 -0.990513 14.8112
      vertex 39.6994 -0.990512 14.8112
    endloop
  endfacet
  facet normal -0.7347 0.514446 0.442224
    outer loop
      vertex 39.6994 -0.990513 14.8112
      vertex 38.6337 -2.33093 14.6
      vertex 38.719 -2.39066 14.8112
    endloop
  endfacet
  facet normal 0.540028 -0.378133 -0.751921
    outer loop
      vertex 36.4592 -0.808306 16.928
      vertex 37.2946 0.693379 16.7728
      vertex 37.4396 0.591843 16.928
    endloop
  endfacet
  facet normal 0.540029 -0.378134 -0.75192
    outer loop
      vertex 37.2946 0.693379 16.7728
      vertex 36.4592 -0.808306 16.928
      vertex 36.3142 -0.706771 16.7728
    endloop
  endfacet
  facet normal 0.235762 0 0.971811
    outer loop
      vertex 37.9555 0.230549 13.7613
      vertex 38.1447 0.0980948 13.7154
      vertex 38.1447 0.0980951 13.7154
    endloop
  endfacet
  facet normal 0.159674 -0.111806 0.980818
    outer loop
      vertex 37.9555 0.230549 13.7613
      vertex 37.1643 -1.30205 13.7154
      vertex 38.1447 0.0980948 13.7154
    endloop
  endfacet
  facet normal 0.159736 -0.111837 0.980804
    outer loop
      vertex 37.1643 -1.30205 13.7154
      vertex 37.9555 0.230549 13.7613
      vertex 36.9752 -1.1696 13.7613
    endloop
  endfacet
  facet normal 0.681069 -0.476892 0.555625
    outer loop
      vertex 36.0798 -0.542697 14.6
      vertex 37.1674 0.782423 14.4042
      vertex 37.0602 0.857452 14.6
    endloop
  endfacet
  facet normal 0.681069 -0.476892 0.555625
    outer loop
      vertex 37.1674 0.782423 14.4042
      vertex 36.0798 -0.542697 14.6
      vertex 36.187 -0.617726 14.4042
    endloop
  endfacet
  facet normal 0 0 1
    outer loop
      vertex 36.0798 -0.542697 14.6
      vertex 37.0602 0.857452 14.6
      vertex 37.0602 0.857453 14.6
    endloop
  endfacet
  facet normal 0.0535697 -0.0375102 0.997859
    outer loop
      vertex 38.1447 0.0980948 13.7154
      vertex 37.3568 -1.43681 13.7
      vertex 38.3372 -0.0366647 13.7
    endloop
  endfacet
  facet normal 0.0535697 -0.0375102 0.997859
    outer loop
      vertex 37.3568 -1.43681 13.7
      vertex 38.1447 0.0980948 13.7154
      vertex 37.1643 -1.30205 13.7154
    endloop
  endfacet
  facet normal 0.455159 -0.318708 -0.831418
    outer loop
      vertex 36.6195 -0.920595 17.0588
      vertex 37.4396 0.591843 16.928
      vertex 37.5999 0.479554 17.0588
    endloop
  endfacet
  facet normal 0.455159 -0.318708 -0.831418
    outer loop
      vertex 37.4396 0.591843 16.928
      vertex 36.6195 -0.920595 17.0588
      vertex 36.4592 -0.808306 16.928
    endloop
  endfacet
  facet normal -0.540028 0.378133 -0.751921
    outer loop
      vertex 38.3994 -2.16686 16.7728
      vertex 39.2348 -0.665172 16.928
      vertex 39.3798 -0.766708 16.7728
    endloop
  endfacet
  facet normal -0.540024 0.378131 -0.751925
    outer loop
      vertex 38.2544 -2.06532 16.928
      vertex 39.2348 -0.665172 16.928
      vertex 38.3994 -2.16686 16.7728
    endloop
  endfacet
  facet normal 0.0535697 -0.0375102 -0.997859
    outer loop
      vertex 37.3568 -1.43681 17.3
      vertex 38.1447 0.0980948 17.2846
      vertex 38.3372 -0.0366647 17.3
    endloop
  endfacet
  facet normal 0.0535697 -0.0375102 -0.997859
    outer loop
      vertex 38.1447 0.0980948 17.2846
      vertex 37.3568 -1.43681 17.3
      vertex 37.1643 -1.30205 17.2846
    endloop
  endfacet
  facet normal 0.615792 -0.431184 0.659455
    outer loop
      vertex 37.1674 0.782423 14.4042
      vertex 36.187 -0.617726 14.4042
      vertex 36.3142 -0.706771 14.2272
    endloop
  endfacet
  facet normal 0.615793 -0.431185 0.659453
    outer loop
      vertex 37.2946 0.693379 14.2272
      vertex 37.1674 0.782423 14.4042
      vertex 36.3142 -0.706771 14.2272
    endloop
  endfacet
  facet normal -0.455028 0.318616 -0.831525
    outer loop
      vertex 38.2544 -2.06532 16.928
      vertex 39.0744 -0.552883 17.0588
      vertex 39.2348 -0.665172 16.928
    endloop
  endfacet
  facet normal -0.455027 0.318615 -0.831526
    outer loop
      vertex 38.094 -1.95303 17.0588
      vertex 39.0744 -0.552883 17.0588
      vertex 38.2544 -2.06532 16.928
    endloop
  endfacet
  facet normal -0.775657 0.543124 0.321517
    outer loop
      vertex 38.719 -2.39066 14.8112
      vertex 39.7614 -1.03392 15.0341
      vertex 39.6994 -0.990513 14.8112
    endloop
  endfacet
  facet normal -0.775655 0.543122 0.321523
    outer loop
      vertex 39.7614 -1.03392 15.0341
      vertex 38.719 -2.39066 14.8112
      vertex 38.781 -2.43407 15.0341
    endloop
  endfacet
  facet normal 0.615793 -0.431185 -0.659453
    outer loop
      vertex 36.3142 -0.706771 16.7728
      vertex 37.1674 0.782423 16.5958
      vertex 37.2946 0.693379 16.7728
    endloop
  endfacet
  facet normal 0.615792 -0.431184 -0.659455
    outer loop
      vertex 36.187 -0.617726 16.5958
      vertex 37.1674 0.782423 16.5958
      vertex 36.3142 -0.706771 16.7728
    endloop
  endfacet
  facet normal -0.0535884 0.0375233 -0.997858
    outer loop
      vertex 37.5492 -1.57157 17.2846
      vertex 38.3372 -0.0366647 17.3
      vertex 38.5296 -0.171424 17.2846
    endloop
  endfacet
  facet normal -0.0535883 0.0375232 -0.997858
    outer loop
      vertex 38.3372 -0.0366647 17.3
      vertex 37.5492 -1.57157 17.2846
      vertex 37.3568 -1.43681 17.3
    endloop
  endfacet
  facet normal -0.159675 0.111806 -0.980818
    outer loop
      vertex 37.7384 -1.70403 17.2387
      vertex 38.5296 -0.171425 17.2846
      vertex 38.7188 -0.303879 17.2387
    endloop
  endfacet
  facet normal -0.159672 0.111804 -0.980818
    outer loop
      vertex 37.5492 -1.57157 17.2846
      vertex 38.5296 -0.171425 17.2846
      vertex 37.7384 -1.70403 17.2387
    endloop
  endfacet
  facet normal -0 0 -1
    outer loop
      vertex 38.5296 -0.171425 17.2846
      vertex 37.5492 -1.57157 17.2846
      vertex 38.5296 -0.171424 17.2846
    endloop
  endfacet
  facet normal -0.681091 0.476859 -0.555626
    outer loop
      vertex 39.6141 -0.930782 16.4
      vertex 38.5266 -2.2559 16.5958
      vertex 39.5069 -0.855752 16.5958
    endloop
  endfacet
  facet normal -0.6812 0.476984 -0.555386
    outer loop
      vertex 38.5266 -2.2559 16.5958
      vertex 39.6141 -0.930782 16.4
      vertex 38.6337 -2.33093 16.4
    endloop
  endfacet
  facet normal 0.263398 -0.184415 -0.946896
    outer loop
      vertex 36.9752 -1.1696 17.2387
      vertex 37.7729 0.358432 17.163
      vertex 37.9555 0.230549 17.2387
    endloop
  endfacet
  facet normal 0.263304 -0.184368 -0.946931
    outer loop
      vertex 37.7729 0.358432 17.163
      vertex 36.9752 -1.1696 17.2387
      vertex 36.7925 -1.04172 17.163
    endloop
  endfacet
  facet normal -0.817399 0.572352 -0.0653601
    outer loop
      vertex 39.8116 -1.0691 15.5
      vertex 38.8186 -2.46042 15.7349
      vertex 39.799 -1.06027 15.7349
    endloop
  endfacet
  facet normal -0.817399 0.572352 -0.0653601
    outer loop
      vertex 38.8186 -2.46042 15.7349
      vertex 39.8116 -1.0691 15.5
      vertex 38.8312 -2.46925 15.5
    endloop
  endfacet
  facet normal 0.803435 -0.562574 0.194943
    outer loop
      vertex 35.8949 -0.41321 15.2651
      vertex 36.9129 0.960592 15.0341
      vertex 36.8753 0.98694 15.2651
    endloop
  endfacet
  facet normal 0.803435 -0.562574 0.194941
    outer loop
      vertex 36.9129 0.960592 15.0341
      vertex 35.8949 -0.41321 15.2651
      vertex 35.9325 -0.439557 15.0341
    endloop
  endfacet
  facet normal 0.540028 -0.378133 0.751921
    outer loop
      vertex 37.2946 0.693379 14.2272
      vertex 36.4592 -0.808306 14.072
      vertex 37.4396 0.591843 14.072
    endloop
  endfacet
  facet normal 0.540029 -0.378134 0.75192
    outer loop
      vertex 36.4592 -0.808306 14.072
      vertex 37.2946 0.693379 14.2272
      vertex 36.3142 -0.706771 14.2272
    endloop
  endfacet
  facet normal -0.92723 0 -0.374492
    outer loop
      vertex 39.6994 -0.990513 16.1888
      vertex 39.6141 -0.930782 16.4
      vertex 39.6994 -0.990512 16.1888
    endloop
  endfacet
  facet normal -0.734699 0.514445 -0.442226
    outer loop
      vertex 39.6994 -0.990513 16.1888
      vertex 38.6337 -2.33093 16.4
      vertex 39.6141 -0.930782 16.4
    endloop
  endfacet
  facet normal -0.7347 0.514446 -0.442224
    outer loop
      vertex 38.6337 -2.33093 16.4
      vertex 39.6994 -0.990513 16.1888
      vertex 38.719 -2.39066 16.1888
    endloop
  endfacet
  facet normal -0.817399 0.572352 0.0653601
    outer loop
      vertex 38.8186 -2.46042 15.2651
      vertex 39.8116 -1.0691 15.5
      vertex 39.799 -1.06027 15.2651
    endloop
  endfacet
  facet normal -0.817399 0.572352 0.0653601
    outer loop
      vertex 39.8116 -1.0691 15.5
      vertex 38.8186 -2.46042 15.2651
      vertex 38.8312 -2.46925 15.5
    endloop
  endfacet
  facet normal 0.7347 -0.514445 0.442224
    outer loop
      vertex 36.9749 0.917183 14.8112
      vertex 35.9945 -0.482966 14.8112
      vertex 37.0602 0.857453 14.6
    endloop
  endfacet
  facet normal 0.734699 -0.514444 0.442226
    outer loop
      vertex 37.0602 0.857453 14.6
      vertex 35.9945 -0.482966 14.8112
      vertex 36.0798 -0.542697 14.6
    endloop
  endfacet
  facet normal 0 0 1
    outer loop
      vertex 37.5492 -1.57157 13.7154
      vertex 38.5296 -0.171425 13.7154
      vertex 38.5296 -0.171424 13.7154
    endloop
  endfacet
  facet normal -0.159672 0.111804 0.980818
    outer loop
      vertex 38.5296 -0.171425 13.7154
      vertex 37.5492 -1.57157 13.7154
      vertex 37.7384 -1.70403 13.7613
    endloop
  endfacet
  facet normal -0.159675 0.111806 0.980818
    outer loop
      vertex 38.7188 -0.303879 13.7613
      vertex 38.5296 -0.171425 13.7154
      vertex 37.7384 -1.70403 13.7613
    endloop
  endfacet
  facet normal 0.263398 -0.184415 0.946896
    outer loop
      vertex 37.7729 0.358432 13.837
      vertex 36.9752 -1.1696 13.7613
      vertex 37.9555 0.230549 13.7613
    endloop
  endfacet
  facet normal 0.263304 -0.184368 0.946931
    outer loop
      vertex 36.9752 -1.1696 13.7613
      vertex 37.7729 0.358432 13.837
      vertex 36.7925 -1.04172 13.837
    endloop
  endfacet
  facet normal -0.0535884 0.0375233 0.997858
    outer loop
      vertex 38.3372 -0.0366647 13.7
      vertex 37.5492 -1.57157 13.7154
      vertex 38.5296 -0.171424 13.7154
    endloop
  endfacet
  facet normal -0.0535883 0.0375232 0.997858
    outer loop
      vertex 37.5492 -1.57157 13.7154
      vertex 38.3372 -0.0366647 13.7
      vertex 37.3568 -1.43681 13.7
    endloop
  endfacet
  facet normal 0.775656 -0.543123 -0.321521
    outer loop
      vertex 36.9749 0.917183 16.1888
      vertex 35.9325 -0.439557 15.9659
      vertex 36.9129 0.960592 15.9659
    endloop
  endfacet
  facet normal 0.775656 -0.543123 -0.321521
    outer loop
      vertex 35.9325 -0.439557 15.9659
      vertex 36.9749 0.917183 16.1888
      vertex 35.9945 -0.482966 16.1888
    endloop
  endfacet
  facet normal -0.540024 0.378131 0.751925
    outer loop
      vertex 39.2348 -0.665172 14.072
      vertex 38.2544 -2.06532 14.072
      vertex 38.3994 -2.16686 14.2272
    endloop
  endfacet
  facet normal -0.540028 0.378133 0.751921
    outer loop
      vertex 39.3798 -0.766708 14.2272
      vertex 39.2348 -0.665172 14.072
      vertex 38.3994 -2.16686 14.2272
    endloop
  endfacet
  facet normal 0.817399 -0.572352 0.065365
    outer loop
      vertex 35.8823 -0.404377 15.5
      vertex 36.8753 0.98694 15.2651
      vertex 36.8627 0.995772 15.5
    endloop
  endfacet
  facet normal 0.817399 -0.572351 0.0653674
    outer loop
      vertex 36.8753 0.98694 15.2651
      vertex 35.8823 -0.404377 15.5
      vertex 35.8949 -0.41321 15.2651
    endloop
  endfacet
  facet normal 0.7347 -0.514445 -0.442224
    outer loop
      vertex 37.0602 0.857453 16.4
      vertex 35.9945 -0.482966 16.1888
      vertex 36.9749 0.917183 16.1888
    endloop
  endfacet
  facet normal 0.734699 -0.514444 -0.442226
    outer loop
      vertex 35.9945 -0.482966 16.1888
      vertex 37.0602 0.857453 16.4
      vertex 36.0798 -0.542697 16.4
    endloop
  endfacet
  facet normal 0.775656 -0.543123 0.321521
    outer loop
      vertex 35.9325 -0.439557 15.0341
      vertex 36.9749 0.917183 14.8112
      vertex 36.9129 0.960592 15.0341
    endloop
  endfacet
  facet normal 0.775656 -0.543123 0.321521
    outer loop
      vertex 36.9749 0.917183 14.8112
      vertex 35.9325 -0.439557 15.0341
      vertex 35.9945 -0.482966 14.8112
    endloop
  endfacet
  facet normal -0.615955 0.431255 -0.659257
    outer loop
      vertex 38.5266 -2.2559 16.5958
      vertex 39.3798 -0.766708 16.7728
      vertex 39.5069 -0.855752 16.5958
    endloop
  endfacet
  facet normal -0.615797 0.431187 -0.659448
    outer loop
      vertex 39.3798 -0.766708 16.7728
      vertex 38.5266 -2.2559 16.5958
      vertex 38.3994 -2.16686 16.7728
    endloop
  endfacet
  facet normal -0.26339 0.184428 -0.946896
    outer loop
      vertex 37.921 -1.83191 17.163
      vertex 38.7188 -0.303879 17.2387
      vertex 38.9014 -0.431761 17.163
    endloop
  endfacet
  facet normal -0.263391 0.184429 -0.946896
    outer loop
      vertex 37.7384 -1.70403 17.2387
      vertex 38.7188 -0.303879 17.2387
      vertex 37.921 -1.83191 17.163
    endloop
  endfacet
  facet normal -0.681091 0.476859 0.555626
    outer loop
      vertex 38.5266 -2.2559 14.4042
      vertex 39.6141 -0.930782 14.6
      vertex 39.5069 -0.855752 14.4042
    endloop
  endfacet
  facet normal -0.6812 0.476984 0.555386
    outer loop
      vertex 39.6141 -0.930782 14.6
      vertex 38.5266 -2.2559 14.4042
      vertex 38.6337 -2.33093 14.6
    endloop
  endfacet
  facet normal -0.263391 0.184429 0.946896
    outer loop
      vertex 38.7188 -0.303879 13.7613
      vertex 37.7384 -1.70403 13.7613
      vertex 37.921 -1.83191 13.837
    endloop
  endfacet
  facet normal -0.26339 0.184428 0.946896
    outer loop
      vertex 38.9014 -0.431761 13.837
      vertex 38.7188 -0.303879 13.7613
      vertex 37.921 -1.83191 13.837
    endloop
  endfacet
  facet normal 0.817399 -0.572352 -0.065365
    outer loop
      vertex 36.8753 0.98694 15.7349
      vertex 35.8823 -0.404377 15.5
      vertex 36.8627 0.995772 15.5
    endloop
  endfacet
  facet normal 0.817399 -0.572351 -0.0653674
    outer loop
      vertex 35.8823 -0.404377 15.5
      vertex 36.8753 0.98694 15.7349
      vertex 35.8949 -0.41321 15.7349
    endloop
  endfacet
  facet normal -0.803434 0.562573 0.194948
    outer loop
      vertex 38.781 -2.43407 15.0341
      vertex 39.799 -1.06027 15.2651
      vertex 39.7614 -1.03392 15.0341
    endloop
  endfacet
  facet normal -0.803434 0.562573 0.194948
    outer loop
      vertex 38.8186 -2.46042 15.2651
      vertex 39.799 -1.06027 15.2651
      vertex 38.781 -2.43407 15.0341
    endloop
  endfacet
  facet normal 0.455159 -0.318708 0.831418
    outer loop
      vertex 37.4396 0.591843 14.072
      vertex 36.6195 -0.920595 13.9412
      vertex 37.5999 0.479554 13.9412
    endloop
  endfacet
  facet normal 0.455159 -0.318708 0.831418
    outer loop
      vertex 36.6195 -0.920595 13.9412
      vertex 37.4396 0.591843 14.072
      vertex 36.4592 -0.808306 14.072
    endloop
  endfacet
  facet normal 0.416253 0.508463 -0.75379
    outer loop
      vertex 38.1447 0.0980951 17.2846
      vertex 39.6511 1.83979 19.2913
      vertex 38.3372 -0.0366647 17.3
    endloop
  endfacet
  facet normal 0.0797452 0 -0.996815
    outer loop
      vertex 38.1447 0.0980951 17.2846
      vertex 38.3372 -0.0366647 17.3
      vertex 38.1447 0.0980948 17.2846
    endloop
  endfacet
  facet normal 0.416254 0.508461 -0.75379
    outer loop
      vertex 39.6511 1.83979 19.2913
      vertex 38.1447 0.0980951 17.2846
      vertex 39.2457 2.12364 19.2589
    endloop
  endfacet
  facet normal -0.210109 0.947042 -0.242828
    outer loop
      vertex 39.7614 -1.03392 15.9659
      vertex 42.5203 -0.169276 16.9509
      vertex 42.6509 -0.26071 16.4813
    endloop
  endfacet
  facet normal -0.210095 0.947037 -0.242862
    outer loop
      vertex 42.5203 -0.169276 16.9509
      vertex 39.7614 -1.03392 15.9659
      vertex 39.6994 -0.990513 16.1888
    endloop
  endfacet
  facet normal 0.260812 0 -0.96539
    outer loop
      vertex 42.5203 -0.169276 16.9509
      vertex 39.6994 -0.990513 16.1888
      vertex 39.6994 -0.990512 16.1888
    endloop
  endfacet
  facet normal 0.0319918 0.777524 0.628039
    outer loop
      vertex 41.2039 0.752494 12.2166
      vertex 39.2348 -0.665172 14.072
      vertex 41.5417 0.515981 12.4922
    endloop
  endfacet
  facet normal 0.0320844 0.777472 0.628098
    outer loop
      vertex 39.2348 -0.665172 14.072
      vertex 41.2039 0.752494 12.2166
      vertex 39.0744 -0.552883 13.9412
    endloop
  endfacet
  facet normal 0.89029 0.176526 0.419788
    outer loop
      vertex 37.1674 0.782423 14.4042
      vertex 36.9615 3.72306 13.6043
      vertex 37.0602 0.857452 14.6
    endloop
  endfacet
  facet normal 0.890325 0.17651 0.41972
    outer loop
      vertex 36.9615 3.72306 13.6043
      vertex 37.1674 0.782423 14.4042
      vertex 37.1872 3.56502 13.192
    endloop
  endfacet
  facet normal 0.982759 0.111786 -0.147269
    outer loop
      vertex 36.9129 0.960592 15.9659
      vertex 36.572 3.99579 15.9949
      vertex 36.6512 3.9403 16.4813
    endloop
  endfacet
  facet normal 0.982767 0.111787 -0.147215
    outer loop
      vertex 36.572 3.99579 15.9949
      vertex 36.9129 0.960592 15.9659
      vertex 36.8753 0.98694 15.7349
    endloop
  endfacet
  facet normal 0.649527 0.345119 0.677501
    outer loop
      vertex 37.5999 0.479554 13.9412
      vertex 38.4626 2.67198 11.9973
      vertex 38.0983 2.9271 12.2166
    endloop
  endfacet
  facet normal 0.649614 0.345044 0.677455
    outer loop
      vertex 38.4626 2.67198 11.9973
      vertex 37.5999 0.479554 13.9412
      vertex 37.7729 0.358432 13.837
    endloop
  endfacet
  facet normal 0.783802 0.2511 0.567981
    outer loop
      vertex 37.2946 0.693379 14.2272
      vertex 37.7605 3.16361 12.4922
      vertex 37.4551 3.37747 12.8191
    endloop
  endfacet
  facet normal 0.78379 0.251111 0.567994
    outer loop
      vertex 37.7605 3.16361 12.4922
      vertex 37.2946 0.693379 14.2272
      vertex 37.4396 0.591843 14.072
    endloop
  endfacet
  facet normal -0.179145 0.925367 0.33407
    outer loop
      vertex 42.3407 -0.0434665 13.6043
      vertex 39.6994 -0.990512 14.8112
      vertex 42.5203 -0.169276 14.0491
    endloop
  endfacet
  facet normal -0.17915 0.925369 0.334061
    outer loop
      vertex 39.6994 -0.990512 14.8112
      vertex 42.3407 -0.0434665 13.6043
      vertex 39.6141 -0.930782 14.6
    endloop
  endfacet
  facet normal 0.176908 0.676036 0.715317
    outer loop
      vertex 40.4549 1.27697 11.8379
      vertex 38.7188 -0.303879 13.7613
      vertex 38.9014 -0.431761 13.837
    endloop
  endfacet
  facet normal 0.176941 0.676018 0.715327
    outer loop
      vertex 38.9014 -0.431761 13.837
      vertex 40.8396 1.00761 11.9973
      vertex 40.4549 1.27697 11.8379
    endloop
  endfacet
  facet normal -0.241626 0.969113 0.0493685
    outer loop
      vertex 42.7302 -0.316204 15.0051
      vertex 39.8116 -1.0691 15.5
      vertex 42.7567 -0.334808 15.5
    endloop
  endfacet
  facet normal -0.241622 0.969113 0.04939
    outer loop
      vertex 39.8116 -1.0691 15.5
      vertex 42.7302 -0.316204 15.0051
      vertex 39.799 -1.06027 15.2651
    endloop
  endfacet
  facet normal -0.179145 0.925367 -0.33407
    outer loop
      vertex 39.6994 -0.990512 16.1888
      vertex 42.3407 -0.0434665 17.3957
      vertex 42.5203 -0.169276 16.9509
    endloop
  endfacet
  facet normal -0.17915 0.925369 -0.334061
    outer loop
      vertex 42.3407 -0.0434665 17.3957
      vertex 39.6994 -0.990512 16.1888
      vertex 39.6141 -0.930782 16.4
    endloop
  endfacet
  facet normal 0.416254 0.508461 0.75379
    outer loop
      vertex 38.1447 0.0980951 13.7154
      vertex 39.6511 1.83979 11.7087
      vertex 39.2457 2.12364 11.7411
    endloop
  endfacet
  facet normal 0.416253 0.508463 0.75379
    outer loop
      vertex 39.6511 1.83979 11.7087
      vertex 38.1447 0.0980951 13.7154
      vertex 38.3372 -0.0366647 13.7
    endloop
  endfacet
  facet normal 0.0797452 0 0.996815
    outer loop
      vertex 38.3372 -0.0366647 13.7
      vertex 38.1447 0.0980951 13.7154
      vertex 38.1447 0.0980948 13.7154
    endloop
  endfacet
  facet normal -0.0320956 0.822397 -0.568007
    outer loop
      vertex 39.3798 -0.766708 16.7728
      vertex 41.5417 0.515981 18.5078
      vertex 41.8471 0.302119 18.1809
    endloop
  endfacet
  facet normal -0.0320893 0.822394 -0.568013
    outer loop
      vertex 41.5417 0.515981 18.5078
      vertex 39.3798 -0.766708 16.7728
      vertex 39.2348 -0.665172 16.928
    endloop
  endfacet
  facet normal -0.0320956 0.822397 0.568007
    outer loop
      vertex 41.5417 0.515981 12.4922
      vertex 39.3798 -0.766708 14.2272
      vertex 41.8471 0.302119 12.8191
    endloop
  endfacet
  facet normal -0.0320893 0.822394 0.568013
    outer loop
      vertex 39.3798 -0.766708 14.2272
      vertex 41.5417 0.515981 12.4922
      vertex 39.2348 -0.665172 14.072
    endloop
  endfacet
  facet normal 0.102214 0.728365 0.677523
    outer loop
      vertex 40.8396 1.00761 11.9973
      vertex 39.0744 -0.552883 13.9412
      vertex 41.2039 0.752494 12.2166
    endloop
  endfacet
  facet normal 0.102007 0.728482 0.677428
    outer loop
      vertex 39.0744 -0.552883 13.9412
      vertex 40.8396 1.00761 11.9973
      vertex 38.9014 -0.431761 13.837
    endloop
  endfacet
  facet normal 0.961773 0.126482 0.242887
    outer loop
      vertex 36.9749 0.917183 14.8112
      vertex 36.6512 3.9403 14.5187
      vertex 36.9129 0.960592 15.0341
    endloop
  endfacet
  facet normal 0.961782 0.12648 0.242855
    outer loop
      vertex 36.6512 3.9403 14.5187
      vertex 36.9749 0.917183 14.8112
      vertex 36.7818 3.84887 14.0491
    endloop
  endfacet
  facet normal 0.982767 0.111787 0.147215
    outer loop
      vertex 36.9129 0.960592 15.0341
      vertex 36.572 3.99579 15.0051
      vertex 36.8753 0.98694 15.2651
    endloop
  endfacet
  facet normal 0.982759 0.111786 0.147269
    outer loop
      vertex 36.572 3.99579 15.0051
      vertex 36.9129 0.960592 15.0341
      vertex 36.6512 3.9403 14.5187
    endloop
  endfacet
  facet normal 0.719665 0.29601 -0.628061
    outer loop
      vertex 38.0983 2.9271 18.7834
      vertex 37.4396 0.591843 16.928
      vertex 37.7605 3.16361 18.5078
    endloop
  endfacet
  facet normal 0.719741 0.295945 -0.628005
    outer loop
      vertex 37.5999 0.479554 17.0588
      vertex 37.4396 0.591843 16.928
      vertex 38.0983 2.9271 18.7834
    endloop
  endfacet
  facet normal 0.719665 0.29601 0.628061
    outer loop
      vertex 37.4396 0.591843 14.072
      vertex 38.0983 2.9271 12.2166
      vertex 37.7605 3.16361 12.4922
    endloop
  endfacet
  facet normal 0.719741 0.295945 0.628005
    outer loop
      vertex 37.4396 0.591843 14.072
      vertex 37.5999 0.479554 13.9412
      vertex 38.0983 2.9271 12.2166
    endloop
  endfacet
  facet normal 0.841051 0.211008 -0.498105
    outer loop
      vertex 37.4551 3.37747 18.1809
      vertex 37.1674 0.782423 16.5958
      vertex 37.1872 3.56502 17.808
    endloop
  endfacet
  facet normal 0.840987 0.211066 -0.498189
    outer loop
      vertex 37.1674 0.782423 16.5958
      vertex 37.4551 3.37747 18.1809
      vertex 37.2946 0.693379 16.7728
    endloop
  endfacet
  facet normal 0.930839 0.148149 0.334051
    outer loop
      vertex 37.0602 0.857453 14.6
      vertex 36.7818 3.84887 14.0491
      vertex 36.9749 0.917183 14.8112
    endloop
  endfacet
  facet normal 0.930805 0.148162 0.33414
    outer loop
      vertex 36.7818 3.84887 14.0491
      vertex 37.0602 0.857453 14.6
      vertex 36.9615 3.72306 13.6043
    endloop
  endfacet
  facet normal 0.995123 0 -0.0986428
    outer loop
      vertex 36.9615 3.72306 13.6043
      vertex 37.0602 0.857453 14.6
      vertex 37.0602 0.857452 14.6
    endloop
  endfacet
  facet normal 0.890325 0.17651 -0.41972
    outer loop
      vertex 37.1674 0.782423 16.5958
      vertex 36.9615 3.72306 17.3957
      vertex 37.1872 3.56502 17.808
    endloop
  endfacet
  facet normal 0.89029 0.176526 -0.419788
    outer loop
      vertex 36.9615 3.72306 17.3957
      vertex 37.1674 0.782423 16.5958
      vertex 37.0602 0.857452 16.4
    endloop
  endfacet
  facet normal -0.0894112 0.862528 0.498048
    outer loop
      vertex 41.8471 0.302119 12.8191
      vertex 39.5069 -0.855752 14.4042
      vertex 42.115 0.114567 13.192
    endloop
  endfacet
  facet normal -0.0893769 0.86251 0.498085
    outer loop
      vertex 39.5069 -0.855752 14.4042
      vertex 41.8471 0.302119 12.8191
      vertex 39.3798 -0.766708 14.2272
    endloop
  endfacet
  facet normal -0.241626 0.969113 -0.0493685
    outer loop
      vertex 39.8116 -1.0691 15.5
      vertex 42.7302 -0.316204 15.9949
      vertex 42.7567 -0.334808 15.5
    endloop
  endfacet
  facet normal -0.241622 0.969113 -0.04939
    outer loop
      vertex 42.7302 -0.316204 15.9949
      vertex 39.8116 -1.0691 15.5
      vertex 39.799 -1.06027 15.7349
    endloop
  endfacet
  facet normal 0.255182 0.621254 0.740895
    outer loop
      vertex 40.0564 1.55595 11.7411
      vertex 38.5296 -0.171425 13.7154
      vertex 38.7188 -0.303879 13.7613
    endloop
  endfacet
  facet normal 0.255022 0.621345 0.740874
    outer loop
      vertex 38.7188 -0.303879 13.7613
      vertex 40.4549 1.27697 11.8379
      vertex 40.0564 1.55595 11.7411
    endloop
  endfacet
  facet normal 0.841051 0.211008 0.498105
    outer loop
      vertex 37.1674 0.782423 14.4042
      vertex 37.4551 3.37747 12.8191
      vertex 37.1872 3.56502 13.192
    endloop
  endfacet
  facet normal 0.840987 0.211066 0.498189
    outer loop
      vertex 37.4551 3.37747 12.8191
      vertex 37.1674 0.782423 14.4042
      vertex 37.2946 0.693379 14.2272
    endloop
  endfacet
  facet normal 0.993304 0.104402 -0.0494625
    outer loop
      vertex 36.8753 0.98694 15.7349
      vertex 36.5454 4.0144 15.5
      vertex 36.572 3.99579 15.9949
    endloop
  endfacet
  facet normal 0.993309 0.104411 -0.0493552
    outer loop
      vertex 36.5454 4.0144 15.5
      vertex 36.8753 0.98694 15.7349
      vertex 36.8627 0.995772 15.5
    endloop
  endfacet
  facet normal 0.102214 0.728365 -0.677523
    outer loop
      vertex 39.0744 -0.552883 17.0588
      vertex 40.8396 1.00761 19.0027
      vertex 41.2039 0.752494 18.7834
    endloop
  endfacet
  facet normal 0.102007 0.728482 -0.677428
    outer loop
      vertex 40.8396 1.00761 19.0027
      vertex 39.0744 -0.552883 17.0588
      vertex 38.9014 -0.431761 17.163
    endloop
  endfacet
  facet normal -0.231051 0.961713 0.147392
    outer loop
      vertex 42.6509 -0.26071 14.5187
      vertex 39.799 -1.06027 15.2651
      vertex 42.7302 -0.316204 15.0051
    endloop
  endfacet
  facet normal -0.231073 0.961719 0.147314
    outer loop
      vertex 39.799 -1.06027 15.2651
      vertex 42.6509 -0.26071 14.5187
      vertex 39.7614 -1.03392 15.0341
    endloop
  endfacet
  facet normal 0.791051 0 -0.61175
    outer loop
      vertex 38.5296 -0.171424 17.2846
      vertex 40.0564 1.55595 19.2589
      vertex 38.5296 -0.171425 17.2846
    endloop
  endfacet
  facet normal 0.335452 0.565042 -0.75379
    outer loop
      vertex 40.0564 1.55595 19.2589
      vertex 38.5296 -0.171424 17.2846
      vertex 39.6511 1.83979 19.2913
    endloop
  endfacet
  facet normal 0.335435 0.565052 -0.75379
    outer loop
      vertex 39.6511 1.83979 19.2913
      vertex 38.5296 -0.171424 17.2846
      vertex 38.3372 -0.0366647 17.3
    endloop
  endfacet
  facet normal 0.649614 0.345044 -0.677455
    outer loop
      vertex 37.5999 0.479554 17.0588
      vertex 38.4626 2.67198 19.0027
      vertex 37.7729 0.358432 17.163
    endloop
  endfacet
  facet normal 0.649527 0.345119 -0.677501
    outer loop
      vertex 38.4626 2.67198 19.0027
      vertex 37.5999 0.479554 17.0588
      vertex 38.0983 2.9271 18.7834
    endloop
  endfacet
  facet normal 0.496636 0.452156 0.740883
    outer loop
      vertex 37.9555 0.230549 13.7613
      vertex 39.2457 2.12364 11.7411
      vertex 38.8473 2.40262 11.8379
    endloop
  endfacet
  facet normal 0.496418 0.45234 0.740917
    outer loop
      vertex 39.2457 2.12364 11.7411
      vertex 37.9555 0.230549 13.7613
      vertex 38.1447 0.0980951 13.7154
    endloop
  endfacet
  facet normal 0.574715 0.397493 0.715334
    outer loop
      vertex 37.7729 0.358432 13.837
      vertex 38.8473 2.40262 11.8379
      vertex 38.4626 2.67198 11.9973
    endloop
  endfacet
  facet normal 0.574843 0.397384 0.715291
    outer loop
      vertex 38.8473 2.40262 11.8379
      vertex 37.7729 0.358432 13.837
      vertex 37.9555 0.230549 13.7613
    endloop
  endfacet
  facet normal 0.993309 0.104411 0.0493552
    outer loop
      vertex 36.8753 0.98694 15.2651
      vertex 36.5454 4.0144 15.5
      vertex 36.8627 0.995772 15.5
    endloop
  endfacet
  facet normal 0.993304 0.104402 0.0494625
    outer loop
      vertex 36.5454 4.0144 15.5
      vertex 36.8753 0.98694 15.2651
      vertex 36.572 3.99579 15.0051
    endloop
  endfacet
  facet normal 0.335435 0.565052 0.75379
    outer loop
      vertex 39.6511 1.83979 11.7087
      vertex 38.3372 -0.0366647 13.7
      vertex 38.5296 -0.171424 13.7154
    endloop
  endfacet
  facet normal 0.335452 0.565042 0.75379
    outer loop
      vertex 38.5296 -0.171424 13.7154
      vertex 40.0564 1.55595 11.7411
      vertex 39.6511 1.83979 11.7087
    endloop
  endfacet
  facet normal 0.791051 0 0.61175
    outer loop
      vertex 40.0564 1.55595 11.7411
      vertex 38.5296 -0.171424 13.7154
      vertex 38.5296 -0.171425 13.7154
    endloop
  endfacet
  facet normal 0.783802 0.2511 -0.567981
    outer loop
      vertex 37.7605 3.16361 18.5078
      vertex 37.2946 0.693379 16.7728
      vertex 37.4551 3.37747 18.1809
    endloop
  endfacet
  facet normal 0.78379 0.251111 -0.567994
    outer loop
      vertex 37.2946 0.693379 16.7728
      vertex 37.7605 3.16361 18.5078
      vertex 37.4396 0.591843 16.928
    endloop
  endfacet
  facet normal 0.961782 0.12648 -0.242855
    outer loop
      vertex 36.9749 0.917183 16.1888
      vertex 36.6512 3.9403 16.4813
      vertex 36.7818 3.84887 16.9509
    endloop
  endfacet
  facet normal 0.961773 0.126482 -0.242887
    outer loop
      vertex 36.6512 3.9403 16.4813
      vertex 36.9749 0.917183 16.1888
      vertex 36.9129 0.960592 15.9659
    endloop
  endfacet
  facet normal 0.930805 0.148162 -0.33414
    outer loop
      vertex 37.0602 0.857453 16.4
      vertex 36.7818 3.84887 16.9509
      vertex 36.9615 3.72306 17.3957
    endloop
  endfacet
  facet normal 0.930839 0.148149 -0.334051
    outer loop
      vertex 36.7818 3.84887 16.9509
      vertex 37.0602 0.857453 16.4
      vertex 36.9749 0.917183 16.1888
    endloop
  endfacet
  facet normal 0.995123 0 0.0986428
    outer loop
      vertex 37.0602 0.857453 16.4
      vertex 36.9615 3.72306 17.3957
      vertex 37.0602 0.857452 16.4
    endloop
  endfacet
  facet normal -0.231051 0.961713 -0.147392
    outer loop
      vertex 39.799 -1.06027 15.7349
      vertex 42.6509 -0.26071 16.4813
      vertex 42.7302 -0.316204 15.9949
    endloop
  endfacet
  facet normal -0.231073 0.961719 -0.147314
    outer loop
      vertex 42.6509 -0.26071 16.4813
      vertex 39.799 -1.06027 15.7349
      vertex 39.7614 -1.03392 15.9659
    endloop
  endfacet
  facet normal -0.0894112 0.862528 -0.498048
    outer loop
      vertex 39.5069 -0.855752 16.5958
      vertex 41.8471 0.302119 18.1809
      vertex 42.115 0.114567 17.808
    endloop
  endfacet
  facet normal -0.0893769 0.86251 -0.498085
    outer loop
      vertex 41.8471 0.302119 18.1809
      vertex 39.5069 -0.855752 16.5958
      vertex 39.3798 -0.766708 16.7728
    endloop
  endfacet
  facet normal -0.138641 0.897006 -0.419714
    outer loop
      vertex 39.6141 -0.930782 16.4
      vertex 42.115 0.114567 17.808
      vertex 42.3407 -0.0434665 17.3957
    endloop
  endfacet
  facet normal -0.138677 0.897024 -0.419663
    outer loop
      vertex 42.115 0.114567 17.808
      vertex 39.6141 -0.930782 16.4
      vertex 39.5069 -0.855752 16.5958
    endloop
  endfacet
  facet normal 0.0319918 0.777524 -0.628039
    outer loop
      vertex 39.2348 -0.665172 16.928
      vertex 41.2039 0.752494 18.7834
      vertex 41.5417 0.515981 18.5078
    endloop
  endfacet
  facet normal 0.0320844 0.777472 -0.628098
    outer loop
      vertex 41.2039 0.752494 18.7834
      vertex 39.2348 -0.665172 16.928
      vertex 39.0744 -0.552883 17.0588
    endloop
  endfacet
  facet normal 0.255022 0.621345 -0.740874
    outer loop
      vertex 40.4549 1.27697 19.1621
      vertex 38.7188 -0.303879 17.2387
      vertex 40.0564 1.55595 19.2589
    endloop
  endfacet
  facet normal 0.255182 0.621254 -0.740895
    outer loop
      vertex 40.0564 1.55595 19.2589
      vertex 38.7188 -0.303879 17.2387
      vertex 38.5296 -0.171425 17.2846
    endloop
  endfacet
  facet normal 0.176941 0.676018 -0.715327
    outer loop
      vertex 40.8396 1.00761 19.0027
      vertex 38.9014 -0.431761 17.163
      vertex 40.4549 1.27697 19.1621
    endloop
  endfacet
  facet normal 0.176908 0.676036 -0.715317
    outer loop
      vertex 40.4549 1.27697 19.1621
      vertex 38.9014 -0.431761 17.163
      vertex 38.7188 -0.303879 17.2387
    endloop
  endfacet
  facet normal 0.574843 0.397384 -0.715291
    outer loop
      vertex 37.7729 0.358432 17.163
      vertex 38.8473 2.40262 19.1621
      vertex 37.9555 0.230549 17.2387
    endloop
  endfacet
  facet normal 0.574715 0.397493 -0.715334
    outer loop
      vertex 38.8473 2.40262 19.1621
      vertex 37.7729 0.358432 17.163
      vertex 38.4626 2.67198 19.0027
    endloop
  endfacet
  facet normal 0.496418 0.45234 -0.740917
    outer loop
      vertex 37.9555 0.230549 17.2387
      vertex 39.2457 2.12364 19.2589
      vertex 38.1447 0.0980951 17.2846
    endloop
  endfacet
  facet normal 0.496636 0.452156 -0.740883
    outer loop
      vertex 39.2457 2.12364 19.2589
      vertex 37.9555 0.230549 17.2387
      vertex 38.8473 2.40262 19.1621
    endloop
  endfacet
  facet normal -0.963425 0 0.267978
    outer loop
      vertex 39.7614 -1.03392 15.0341
      vertex 39.6994 -0.990512 14.8112
      vertex 39.6994 -0.990513 14.8112
    endloop
  endfacet
  facet normal -0.210109 0.947042 0.242828
    outer loop
      vertex 42.5203 -0.169276 14.0491
      vertex 39.7614 -1.03392 15.0341
      vertex 42.6509 -0.26071 14.5187
    endloop
  endfacet
  facet normal -0.210093 0.947036 0.242866
    outer loop
      vertex 39.7614 -1.03392 15.0341
      vertex 42.5203 -0.169276 14.0491
      vertex 39.6994 -0.990512 14.8112
    endloop
  endfacet
  facet normal -0.138641 0.897006 0.419714
    outer loop
      vertex 42.115 0.114567 13.192
      vertex 39.6141 -0.930782 14.6
      vertex 42.3407 -0.0434665 13.6043
    endloop
  endfacet
  facet normal -0.138677 0.897024 0.419663
    outer loop
      vertex 39.6141 -0.930782 14.6
      vertex 42.115 0.114567 13.192
      vertex 39.5069 -0.855752 14.4042
    endloop
  endfacet
endsolid OpenSCAD_Model
