solid OpenSCAD_Model
  facet normal 0 -1 0
    outer loop
      vertex 21.0391 5.15 84.8824
      vertex 21.8151 5.15 80.3611
      vertex 21.1288 5.15 85.0362
    endloop
  endfacet
  facet normal 0 -1 0
    outer loop
      vertex 18.5 5.15 81.8625
      vertex 21.8151 5.15 80.3611
      vertex 21.0391 5.15 84.8824
    endloop
  endfacet
  facet normal 0 -1 0
    outer loop
      vertex 18.5 5.15 47.8625
      vertex 21.8151 5.15 80.3611
      vertex 18.5 5.15 81.8625
    endloop
  endfacet
  facet normal 0 -1 0
    outer loop
      vertex 22.6411 5.15 47.3173
      vertex 21.8151 5.15 80.3611
      vertex 18.5 5.15 47.8625
    endloop
  endfacet
  facet normal 0 -1 0
    outer loop
      vertex 26.5 5.15 45.7189
      vertex 21.8151 5.15 80.3611
      vertex 22.6411 5.15 47.3173
    endloop
  endfacet
  facet normal 0 -1 0
    outer loop
      vertex 21.8151 5.15 80.3611
      vertex 26.5 5.15 45.7189
      vertex 26.9518 5.15 45.3722
    endloop
  endfacet
  facet normal 0 -1 0
    outer loop
      vertex 22.6411 5.15 16.4077
      vertex 23.8246 5.15 9.18226
      vertex 24.5437 5.15 17.1958
    endloop
  endfacet
  facet normal 0 -1 0
    outer loop
      vertex 18.5 5.15 15.8625
      vertex 23.8246 5.15 9.18226
      vertex 22.6411 5.15 16.4077
    endloop
  endfacet
  facet normal 0 -1 0
    outer loop
      vertex 18.5 5.15 -1.90735e-07
      vertex 23.8246 5.15 9.18226
      vertex 18.5 5.15 15.8625
    endloop
  endfacet
  facet normal 0 -1 0
    outer loop
      vertex 23.8246 5.15 9.18226
      vertex 18.5 5.15 -1.90735e-07
      vertex 23.0005 5.15 -1.90735e-07
    endloop
  endfacet
  facet normal 0 1 0
    outer loop
      vertex 25.3818 -5.15 56.0663
      vertex 21.0391 -5.15 84.8824
      vertex 21.1288 -5.15 85.0362
    endloop
  endfacet
  facet normal 0 1 0
    outer loop
      vertex 25.3818 -5.15 56.0663
      vertex 18.5 -5.15 81.8625
      vertex 21.0391 -5.15 84.8824
    endloop
  endfacet
  facet normal 0 1 0
    outer loop
      vertex 25.3818 -5.15 56.0663
      vertex 18.5 -5.15 47.8625
      vertex 18.5 -5.15 81.8625
    endloop
  endfacet
  facet normal 0 1 0
    outer loop
      vertex 25.3818 -5.15 56.0663
      vertex 22.6411 -5.15 47.3173
      vertex 18.5 -5.15 47.8625
    endloop
  endfacet
  facet normal 0 1 0
    outer loop
      vertex 25.3818 -5.15 56.0663
      vertex 26.5 -5.15 45.7189
      vertex 22.6411 -5.15 47.3173
    endloop
  endfacet
  facet normal -0 1 -0
    outer loop
      vertex 26.5 -5.15 45.7189
      vertex 25.3818 -5.15 56.0663
      vertex 26.9518 -5.15 45.3722
    endloop
  endfacet
  facet normal 0 1 -0
    outer loop
      vertex 23.0005 -5.15 -1.90735e-07
      vertex 22.6411 -5.15 16.4077
      vertex 24.5437 -5.15 17.1958
    endloop
  endfacet
  facet normal 0 1 0
    outer loop
      vertex 23.0005 -5.15 -1.90735e-07
      vertex 18.5 -5.15 15.8625
      vertex 22.6411 -5.15 16.4077
    endloop
  endfacet
  facet normal 0 1 0
    outer loop
      vertex 18.5 -5.15 15.8625
      vertex 23.0005 -5.15 -1.90735e-07
      vertex 18.5 -5.15 -1.90735e-07
    endloop
  endfacet
  facet normal 0.920736 0.0043628 -0.390162
    outer loop
      vertex 23.4933 -0.00825778 89.1443
      vertex 23.4903 0.01675 89.1375
      vertex 23.4961 0 89.151
    endloop
  endfacet
  facet normal 0.914918 0 -0.40364
    outer loop
      vertex 23.4903 -0.01675 89.1375
      vertex 23.4903 0.01675 89.1375
      vertex 23.4933 -0.00825778 89.1443
    endloop
  endfacet
  facet normal 0.918463 0 -0.395508
    outer loop
      vertex 23.4903 0.01675 89.1375
      vertex 23.4903 -0.01675 89.1375
      vertex 23.4062 0.212044 88.9422
    endloop
  endfacet
  facet normal 0.918463 0 -0.395508
    outer loop
      vertex 23.4062 0.212044 88.9422
      vertex 23.4903 -0.01675 89.1375
      vertex 23.4062 -0.212044 88.9422
    endloop
  endfacet
  facet normal 0.86382 -0.000118382 -0.503801
    outer loop
      vertex 23.4062 0.212044 88.9422
      vertex 21.0391 5.15 84.8824
      vertex 21.1288 5.15 85.0362
    endloop
  endfacet
  facet normal 0.863882 0 -0.503694
    outer loop
      vertex 23.4062 -0.212044 88.9422
      vertex 21.0391 5.15 84.8824
      vertex 23.4062 0.212044 88.9422
    endloop
  endfacet
  facet normal 0.86382 0.000118382 -0.503801
    outer loop
      vertex 21.0391 -5.15 84.8824
      vertex 23.4062 -0.212044 88.9422
      vertex 21.1288 -5.15 85.0362
    endloop
  endfacet
  facet normal 0.863882 0 -0.503694
    outer loop
      vertex 23.4062 -0.212044 88.9422
      vertex 21.0391 -5.15 84.8824
      vertex 21.0391 5.15 84.8824
    endloop
  endfacet
  facet normal 0.765407 0 -0.643546
    outer loop
      vertex 21.0391 -5.15 84.8824
      vertex 18.5 5.15 81.8625
      vertex 21.0391 5.15 84.8824
    endloop
  endfacet
  facet normal 0.765407 0 -0.643546
    outer loop
      vertex 18.5 5.15 81.8625
      vertex 21.0391 -5.15 84.8824
      vertex 18.5 -5.15 81.8625
    endloop
  endfacet
  facet normal 1 -0 0
    outer loop
      vertex 18.5 -5.15 81.8625
      vertex 18.5 5.15 47.8625
      vertex 18.5 5.15 81.8625
    endloop
  endfacet
  facet normal 1 0 0
    outer loop
      vertex 18.5 5.15 47.8625
      vertex 18.5 -5.15 81.8625
      vertex 18.5 -5.15 47.8625
    endloop
  endfacet
  facet normal 0.130529 0 0.991444
    outer loop
      vertex 18.5 5.15 47.8625
      vertex 22.6411 -5.15 47.3173
      vertex 22.6411 5.15 47.3173
    endloop
  endfacet
  facet normal 0.130529 0 0.991444
    outer loop
      vertex 22.6411 -5.15 47.3173
      vertex 18.5 5.15 47.8625
      vertex 18.5 -5.15 47.8625
    endloop
  endfacet
  facet normal 0.382682 0 0.92388
    outer loop
      vertex 22.6411 5.15 47.3173
      vertex 26.5 -5.15 45.7189
      vertex 26.5 5.15 45.7189
    endloop
  endfacet
  facet normal 0.382682 0 0.92388
    outer loop
      vertex 26.5 -5.15 45.7189
      vertex 22.6411 5.15 47.3173
      vertex 22.6411 -5.15 47.3173
    endloop
  endfacet
  facet normal 0.608682 0 0.793414
    outer loop
      vertex 29.7205 0.233075 43.2477
      vertex 29.8137 -0.0605532 43.1762
      vertex 29.8137 0.0605532 43.1762
    endloop
  endfacet
  facet normal 0.60877 -0 0.793347
    outer loop
      vertex 27.6161 -4.12907 44.8625
      vertex 29.7205 0.233075 43.2477
      vertex 27.6161 4.12907 44.8625
    endloop
  endfacet
  facet normal 0.608735 2.69191e-05 0.793374
    outer loop
      vertex 29.7205 0.233075 43.2477
      vertex 27.6161 -4.12907 44.8625
      vertex 29.8137 -0.0605532 43.1762
    endloop
  endfacet
  facet normal 0.608785 5.22003e-05 0.793335
    outer loop
      vertex 26.5 5.15 45.7189
      vertex 27.6161 4.12907 44.8625
      vertex 26.9518 5.15 45.3722
    endloop
  endfacet
  facet normal 0.608755 0 0.793358
    outer loop
      vertex 27.6161 4.12907 44.8625
      vertex 26.5 5.15 45.7189
      vertex 27.6161 -4.12907 44.8625
    endloop
  endfacet
  facet normal 0.608755 -0 0.793358
    outer loop
      vertex 26.5 -5.15 45.7189
      vertex 27.6161 -4.12907 44.8625
      vertex 26.5 5.15 45.7189
    endloop
  endfacet
  facet normal 0.608785 -5.22003e-05 0.793335
    outer loop
      vertex 27.6161 -4.12907 44.8625
      vertex 26.5 -5.15 45.7189
      vertex 26.9518 -5.15 45.3722
    endloop
  endfacet
  facet normal 0.793419 0 0.608676
    outer loop
      vertex 29.8137 0.0605532 43.1762
      vertex 29.8137 -0.0605532 43.1762
      vertex 29.845 0 43.1354
    endloop
  endfacet
  facet normal 0.60877 0 -0.793347
    outer loop
      vertex 27.6704 0 18.9042
      vertex 26.5 -1.8876 18.0061
      vertex 26.5 1.8876 18.0061
    endloop
  endfacet
  facet normal 0.382682 0 -0.92388
    outer loop
      vertex 22.6411 5.15 16.4077
      vertex 26.5 1.8876 18.0061
      vertex 26.5 -1.8876 18.0061
    endloop
  endfacet
  facet normal 0.382691 -1.23912e-05 -0.923877
    outer loop
      vertex 22.6411 -5.15 16.4077
      vertex 26.5 -1.8876 18.0061
      vertex 24.5437 -5.15 17.1958
    endloop
  endfacet
  facet normal 0.382682 0 -0.92388
    outer loop
      vertex 22.6411 5.15 16.4077
      vertex 26.5 -1.8876 18.0061
      vertex 22.6411 -5.15 16.4077
    endloop
  endfacet
  facet normal 0.382641 -5.63569e-05 -0.923897
    outer loop
      vertex 26.5 1.8876 18.0061
      vertex 22.6411 5.15 16.4077
      vertex 25.2631 3.95034 17.4937
    endloop
  endfacet
  facet normal 0.382691 7.06728e-05 -0.923877
    outer loop
      vertex 25.2631 3.95034 17.4937
      vertex 22.6411 5.15 16.4077
      vertex 24.5437 5.15 17.1958
    endloop
  endfacet
  facet normal 0.130529 0 -0.991444
    outer loop
      vertex 18.5 -5.15 15.8625
      vertex 22.6411 5.15 16.4077
      vertex 22.6411 -5.15 16.4077
    endloop
  endfacet
  facet normal 0.130529 0 -0.991444
    outer loop
      vertex 22.6411 5.15 16.4077
      vertex 18.5 -5.15 15.8625
      vertex 18.5 5.15 15.8625
    endloop
  endfacet
  facet normal 1 -0 0
    outer loop
      vertex 18.5 -5.15 15.8625
      vertex 18.5 5.15 -1.90735e-07
      vertex 18.5 5.15 15.8625
    endloop
  endfacet
  facet normal 1 0 0
    outer loop
      vertex 18.5 5.15 -1.90735e-07
      vertex 18.5 -5.15 15.8625
      vertex 18.5 -5.15 -1.90735e-07
    endloop
  endfacet
  facet normal 0.866026 -0.499999 3.64478e-07
    outer loop
      vertex 6.0595 20.7954 84.8824
      vertex 4.78997 18.5965 81.8625
      vertex 8.78997 25.5247 45.7189
    endloop
  endfacet
  facet normal 0.866025 -0.500001 -1.2227e-07
    outer loop
      vertex 8.78997 25.5247 45.7189
      vertex 4.78997 18.5965 81.8625
      vertex 6.86052 22.1828 47.3173
    endloop
  endfacet
  facet normal 0.866033 -0.499987 1.85159e-06
    outer loop
      vertex 6.24525 21.1171 83.1166
      vertex 8.78997 25.5247 45.7189
      vertex 9.01588 25.916 45.3722
    endloop
  endfacet
  facet normal 0.86597 -0.500096 -1.53456e-05
    outer loop
      vertex 8.78997 25.5247 45.7189
      vertex 6.24525 21.1171 83.1166
      vertex 6.0595 20.7954 84.8824
    endloop
  endfacet
  facet normal 0.866026 -0.5 0
    outer loop
      vertex 4.78997 18.5965 81.8625
      vertex 4.78997 18.5965 47.8625
      vertex 6.86052 22.1828 47.3173
    endloop
  endfacet
  facet normal 0.866032 -0.499989 -6.58022e-07
    outer loop
      vertex 6.86052 22.1828 16.4077
      vertex 6.28023 21.1777 -1.90735e-07
      vertex 6.66687 21.8474 -1.90735e-07
    endloop
  endfacet
  facet normal 0.865887 -0.50024 -5.02715e-05
    outer loop
      vertex 6.10434 20.873 85.0362
      vertex 6.0595 20.7954 84.8824
      vertex 6.24525 21.1171 83.1166
    endloop
  endfacet
  facet normal 0.86602 -0.500009 1.82164e-06
    outer loop
      vertex 6.86052 22.1828 16.4077
      vertex 7.04023 22.494 -1.90735e-07
      vertex 7.81184 23.8305 17.1958
    endloop
  endfacet
  facet normal 0.865901 -0.500215 -3.40566e-06
    outer loop
      vertex 7.04023 22.494 -1.90735e-07
      vertex 6.86052 22.1828 16.4077
      vertex 7.00684 22.4362 -1.90735e-07
    endloop
  endfacet
  facet normal 0.866009 -0.500029 4.3189e-07
    outer loop
      vertex 6.86052 22.1828 16.4077
      vertex 6.66687 21.8474 -1.90735e-07
      vertex 7.00684 22.4362 -1.90735e-07
    endloop
  endfacet
  facet normal 0.866026 -0.5 2.34397e-07
    outer loop
      vertex 4.78997 18.5965 15.8625
      vertex 6.28023 21.1777 -1.90735e-07
      vertex 6.86052 22.1828 16.4077
    endloop
  endfacet
  facet normal 0.866025 -0.500001 0
    outer loop
      vertex 6.28023 21.1777 -1.90735e-07
      vertex 4.78997 18.5965 15.8625
      vertex 4.78997 18.5965 -1.90735e-07
    endloop
  endfacet
  facet normal -0.866017 0.500015 3.81881e-06
    outer loop
      vertex 17.71 20.3747 45.7189
      vertex 13.71 13.4465 81.8625
      vertex 14.9796 15.6454 84.8824
    endloop
  endfacet
  facet normal -0.866031 0.49999 -2.61212e-06
    outer loop
      vertex 15.7806 17.0328 47.3173
      vertex 13.71 13.4465 81.8625
      vertex 17.71 20.3747 45.7189
    endloop
  endfacet
  facet normal -0.866043 0.499969 -3.32825e-06
    outer loop
      vertex 17.71 20.3747 45.7189
      vertex 17.1509 19.4063 56.0663
      vertex 17.9359 20.766 45.3722
    endloop
  endfacet
  facet normal -0.866039 0.499976 -2.53833e-06
    outer loop
      vertex 14.9796 15.6454 84.8824
      vertex 17.1509 19.4063 56.0663
      vertex 17.71 20.3747 45.7189
    endloop
  endfacet
  facet normal -0.866149 0.499786 -3.56061e-05
    outer loop
      vertex 17.1509 19.4063 56.0663
      vertex 14.9796 15.6454 84.8824
      vertex 15.1653 15.9671 83.1166
    endloop
  endfacet
  facet normal -0.86602 0.500009 0
    outer loop
      vertex 15.7806 17.0328 47.3173
      vertex 13.71 13.4465 47.8625
      vertex 13.71 13.4465 81.8625
    endloop
  endfacet
  facet normal -0.866054 0.49995 4.35461e-06
    outer loop
      vertex 15.5869 16.6974 -1.90735e-07
      vertex 15.2003 16.0277 -1.90735e-07
      vertex 15.7806 17.0328 16.4077
    endloop
  endfacet
  facet normal -0.866044 0.499967 8.54419e-06
    outer loop
      vertex 15.1653 15.9671 83.1166
      vertex 14.9796 15.6454 84.8824
      vertex 15.0244 15.723 85.0362
    endloop
  endfacet
  facet normal -0.865836 0.500328 6.7743e-06
    outer loop
      vertex 15.7806 17.0328 16.4077
      vertex 15.9603 17.344 -1.90735e-07
      vertex 15.9269 17.2862 -1.90735e-07
    endloop
  endfacet
  facet normal -0.866025 0.500001 -1.49617e-06
    outer loop
      vertex 15.9603 17.344 -1.90735e-07
      vertex 15.7806 17.0328 16.4077
      vertex 16.7319 18.6805 17.1958
    endloop
  endfacet
  facet normal -0.86599 0.500062 1.30514e-06
    outer loop
      vertex 15.9269 17.2862 -1.90735e-07
      vertex 15.5869 16.6974 -1.90735e-07
      vertex 15.7806 17.0328 16.4077
    endloop
  endfacet
  facet normal -0.866019 0.500011 0
    outer loop
      vertex 13.71 13.4465 15.8625
      vertex 15.2003 16.0277 -1.90735e-07
      vertex 13.71 13.4465 -1.90735e-07
    endloop
  endfacet
  facet normal -0.86602 0.500009 -4.48201e-07
    outer loop
      vertex 15.2003 16.0277 -1.90735e-07
      vertex 13.71 13.4465 15.8625
      vertex 15.7806 17.0328 16.4077
    endloop
  endfacet
  facet normal 0.460745 0.792181 -0.400204
    outer loop
      vertex 11.7538 20.3416 89.1443
      vertex 11.7307 20.3516 89.1375
      vertex 11.7481 20.3483 89.151
    endloop
  endfacet
  facet normal 0.460442 0.79481 -0.395309
    outer loop
      vertex 11.7597 20.3348 89.1375
      vertex 11.7307 20.3516 89.1375
      vertex 11.7538 20.3416 89.1443
    endloop
  endfacet
  facet normal 0.460712 0.795277 -0.394054
    outer loop
      vertex 11.8868 20.1644 88.9422
      vertex 11.7307 20.3516 89.1375
      vertex 11.7597 20.3348 89.1375
    endloop
  endfacet
  facet normal 0.459134 0.795471 -0.395501
    outer loop
      vertex 11.7307 20.3516 89.1375
      vertex 11.8868 20.1644 88.9422
      vertex 11.5195 20.3764 88.9422
    endloop
  endfacet
  facet normal 0.43181 0.748131 -0.503826
    outer loop
      vertex 12.9303 18.6873 87.6432
      vertex 11.5195 20.3764 88.9422
      vertex 11.8868 20.1644 88.9422
    endloop
  endfacet
  facet normal 0.431935 0.748141 -0.503704
    outer loop
      vertex 12.9303 18.6873 87.6432
      vertex 6.10434 20.873 85.0362
      vertex 11.5195 20.3764 88.9422
    endloop
  endfacet
  facet normal 0.431903 0.748309 -0.503481
    outer loop
      vertex 6.10434 20.873 85.0362
      vertex 12.9303 18.6873 87.6432
      vertex 6.0595 20.7954 84.8824
    endloop
  endfacet
  facet normal 0.432317 0.748127 -0.503397
    outer loop
      vertex 14.9796 15.6454 84.8824
      vertex 12.9303 18.6873 87.6432
      vertex 15.0244 15.723 85.0362
    endloop
  endfacet
  facet normal 0.431939 0.748143 -0.503696
    outer loop
      vertex 12.9303 18.6873 87.6432
      vertex 14.9796 15.6454 84.8824
      vertex 6.0595 20.7954 84.8824
    endloop
  endfacet
  facet normal 0.382702 0.662862 -0.643547
    outer loop
      vertex 13.71 13.4465 81.8625
      vertex 6.0595 20.7954 84.8824
      vertex 14.9796 15.6454 84.8824
    endloop
  endfacet
  facet normal 0.382707 0.662865 -0.643542
    outer loop
      vertex 6.0595 20.7954 84.8824
      vertex 13.71 13.4465 81.8625
      vertex 4.78997 18.5965 81.8625
    endloop
  endfacet
  facet normal 0.500001 0.866025 -0
    outer loop
      vertex 13.71 13.4465 47.8625
      vertex 4.78997 18.5965 81.8625
      vertex 13.71 13.4465 81.8625
    endloop
  endfacet
  facet normal 0.500001 0.866025 0
    outer loop
      vertex 4.78997 18.5965 81.8625
      vertex 13.71 13.4465 47.8625
      vertex 4.78997 18.5965 47.8625
    endloop
  endfacet
  facet normal 0.0652642 0.113041 0.991445
    outer loop
      vertex 6.86052 22.1828 47.3173
      vertex 13.71 13.4465 47.8625
      vertex 15.7806 17.0328 47.3173
    endloop
  endfacet
  facet normal 0.0652649 0.113042 0.991444
    outer loop
      vertex 13.71 13.4465 47.8625
      vertex 6.86052 22.1828 47.3173
      vertex 4.78997 18.5965 47.8625
    endloop
  endfacet
  facet normal 0.191341 0.331413 0.92388
    outer loop
      vertex 8.78997 25.5247 45.7189
      vertex 6.86052 22.1828 47.3173
      vertex 15.7806 17.0328 47.3173
    endloop
  endfacet
  facet normal 0.191343 0.331414 0.923879
    outer loop
      vertex 17.71 20.3747 45.7189
      vertex 8.78997 25.5247 45.7189
      vertex 15.7806 17.0328 47.3173
    endloop
  endfacet
  facet normal 0.304378 0.527207 0.793352
    outer loop
      vertex 17.3839 21.8517 44.8625
      vertex 17.71 20.3747 45.7189
      vertex 17.9359 20.766 45.3722
    endloop
  endfacet
  facet normal 0.30439 0.527211 0.793344
    outer loop
      vertex 10.2322 25.9808 44.8625
      vertex 17.3839 21.8517 44.8625
      vertex 14.9593 25.7891 43.1762
    endloop
  endfacet
  facet normal 0.304431 0.526977 0.793485
    outer loop
      vertex 10.2322 25.9808 44.8625
      vertex 14.9593 25.7891 43.1762
      vertex 14.8544 25.8497 43.1762
    endloop
  endfacet
  facet normal 0.304388 0.527207 0.793348
    outer loop
      vertex 17.3839 21.8517 44.8625
      vertex 10.2322 25.9808 44.8625
      vertex 17.71 20.3747 45.7189
    endloop
  endfacet
  facet normal 0.304369 0.527207 0.793355
    outer loop
      vertex 8.78997 25.5247 45.7189
      vertex 10.2322 25.9808 44.8625
      vertex 9.01588 25.916 45.3722
    endloop
  endfacet
  facet normal 0.304377 0.527194 0.793361
    outer loop
      vertex 10.2322 25.9808 44.8625
      vertex 8.78997 25.5247 45.7189
      vertex 17.71 20.3747 45.7189
    endloop
  endfacet
  facet normal 0.396913 0.687065 0.608607
    outer loop
      vertex 14.9225 25.8465 43.1354
      vertex 14.8544 25.8497 43.1762
      vertex 14.9593 25.7891 43.1762
    endloop
  endfacet
  facet normal 0.304386 0.527209 -0.793347
    outer loop
      vertex 14.8847 22.0059 18.0061
      vertex 11.6153 23.8935 18.0061
      vertex 13.8352 23.9633 18.9042
    endloop
  endfacet
  facet normal 0.191331 0.331394 -0.923889
    outer loop
      vertex 15.595 20.7271 17.6945
      vertex 11.6153 23.8935 18.0061
      vertex 14.8847 22.0059 18.0061
    endloop
  endfacet
  facet normal 0.191343 0.331408 -0.923881
    outer loop
      vertex 6.86052 22.1828 16.4077
      vertex 11.6153 23.8935 18.0061
      vertex 15.595 20.7271 17.6945
    endloop
  endfacet
  facet normal 0.191336 0.331423 -0.923877
    outer loop
      vertex 11.6153 23.8935 18.0061
      vertex 6.86052 22.1828 16.4077
      vertex 7.81184 23.8305 17.1958
    endloop
  endfacet
  facet normal 0.191348 0.331418 -0.923877
    outer loop
      vertex 15.7806 17.0328 16.4077
      vertex 15.595 20.7271 17.6945
      vertex 16.7319 18.6805 17.1958
    endloop
  endfacet
  facet normal 0.191344 0.331418 -0.923877
    outer loop
      vertex 15.595 20.7271 17.6945
      vertex 15.7806 17.0328 16.4077
      vertex 6.86052 22.1828 16.4077
    endloop
  endfacet
  facet normal 0.0652642 0.113041 -0.991445
    outer loop
      vertex 13.71 13.4465 15.8625
      vertex 6.86052 22.1828 16.4077
      vertex 15.7806 17.0328 16.4077
    endloop
  endfacet
  facet normal 0.0652649 0.113042 -0.991444
    outer loop
      vertex 6.86052 22.1828 16.4077
      vertex 13.71 13.4465 15.8625
      vertex 4.78997 18.5965 15.8625
    endloop
  endfacet
  facet normal 0.500001 0.866025 -0
    outer loop
      vertex 13.71 13.4465 -1.90735e-07
      vertex 4.78997 18.5965 15.8625
      vertex 13.71 13.4465 15.8625
    endloop
  endfacet
  facet normal 0.500001 0.866025 0
    outer loop
      vertex 4.78997 18.5965 15.8625
      vertex 13.71 13.4465 -1.90735e-07
      vertex 4.78997 18.5965 -1.90735e-07
    endloop
  endfacet
  facet normal 0.866017 0.500015 3.81881e-06
    outer loop
      vertex -13.71 13.4465 81.8625
      vertex -17.71 20.3747 45.7189
      vertex -14.9796 15.6454 84.8824
    endloop
  endfacet
  facet normal 0.866031 0.49999 -2.61212e-06
    outer loop
      vertex -15.7806 17.0328 47.3173
      vertex -17.71 20.3747 45.7189
      vertex -13.71 13.4465 81.8625
    endloop
  endfacet
  facet normal 0.866043 0.49997 -2.64115e-06
    outer loop
      vertex -15.3676 16.3174 80.3611
      vertex -17.71 20.3747 45.7189
      vertex -17.9359 20.766 45.3722
    endloop
  endfacet
  facet normal 0.866289 0.499543 -9.44274e-05
    outer loop
      vertex -14.9796 15.6454 84.8824
      vertex -15.3676 16.3174 80.3611
      vertex -15.1653 15.9671 83.1166
    endloop
  endfacet
  facet normal 0.865943 0.500144 2.44941e-05
    outer loop
      vertex -15.3676 16.3174 80.3611
      vertex -14.9796 15.6454 84.8824
      vertex -17.71 20.3747 45.7189
    endloop
  endfacet
  facet normal 0.86602 0.500009 -0
    outer loop
      vertex -13.71 13.4465 47.8625
      vertex -15.7806 17.0328 47.3173
      vertex -13.71 13.4465 81.8625
    endloop
  endfacet
  facet normal 0.866054 0.49995 4.35461e-06
    outer loop
      vertex -15.5869 16.6974 -1.90735e-07
      vertex -15.7806 17.0328 16.4077
      vertex -15.2003 16.0277 -1.90735e-07
    endloop
  endfacet
  facet normal 0.866044 0.499967 8.54419e-06
    outer loop
      vertex -14.9796 15.6454 84.8824
      vertex -15.1653 15.9671 83.1166
      vertex -15.0244 15.723 85.0362
    endloop
  endfacet
  facet normal 0.866026 0.499999 2.94827e-06
    outer loop
      vertex -15.7806 17.0328 16.4077
      vertex -16.3723 18.0577 9.18225
      vertex -16.7319 18.6805 17.1958
    endloop
  endfacet
  facet normal 0.866036 0.499981 -3.51955e-07
    outer loop
      vertex -15.9269 17.2862 -1.90735e-07
      vertex -16.3723 18.0577 9.18225
      vertex -15.7806 17.0328 16.4077
    endloop
  endfacet
  facet normal 0.865836 0.500328 -3.91208e-05
    outer loop
      vertex -16.3723 18.0577 9.18225
      vertex -15.9269 17.2862 -1.90735e-07
      vertex -15.9603 17.344 -1.90735e-07
    endloop
  endfacet
  facet normal 0.86599 0.500062 1.30514e-06
    outer loop
      vertex -15.5869 16.6974 -1.90735e-07
      vertex -15.9269 17.2862 -1.90735e-07
      vertex -15.7806 17.0328 16.4077
    endloop
  endfacet
  facet normal 0.86602 0.500009 -4.48201e-07
    outer loop
      vertex -13.71 13.4465 15.8625
      vertex -15.2003 16.0277 -1.90735e-07
      vertex -15.7806 17.0328 16.4077
    endloop
  endfacet
  facet normal 0.866019 0.500011 0
    outer loop
      vertex -15.2003 16.0277 -1.90735e-07
      vertex -13.71 13.4465 15.8625
      vertex -13.71 13.4465 -1.90735e-07
    endloop
  endfacet
  facet normal -0.866026 -0.499999 3.64478e-07
    outer loop
      vertex -6.0595 20.7954 84.8824
      vertex -8.78997 25.5247 45.7189
      vertex -4.78997 18.5965 81.8625
    endloop
  endfacet
  facet normal -0.866025 -0.500001 -1.2227e-07
    outer loop
      vertex -4.78997 18.5965 81.8625
      vertex -8.78997 25.5247 45.7189
      vertex -6.86052 22.1828 47.3173
    endloop
  endfacet
  facet normal -0.866033 -0.499987 1.85159e-06
    outer loop
      vertex -8.78997 25.5247 45.7189
      vertex -6.24525 21.1171 83.1166
      vertex -9.01588 25.916 45.3722
    endloop
  endfacet
  facet normal -0.86597 -0.500096 -1.53456e-05
    outer loop
      vertex -6.24525 21.1171 83.1166
      vertex -8.78997 25.5247 45.7189
      vertex -6.0595 20.7954 84.8824
    endloop
  endfacet
  facet normal -0.866026 -0.5 -0
    outer loop
      vertex -4.78997 18.5965 81.8625
      vertex -6.86052 22.1828 47.3173
      vertex -4.78997 18.5965 47.8625
    endloop
  endfacet
  facet normal -0.866032 -0.499989 -6.58022e-07
    outer loop
      vertex -6.28023 21.1777 -1.90735e-07
      vertex -6.86052 22.1828 16.4077
      vertex -6.66687 21.8474 -1.90735e-07
    endloop
  endfacet
  facet normal -0.865887 -0.50024 -5.02715e-05
    outer loop
      vertex -6.10434 20.873 85.0362
      vertex -6.24525 21.1171 83.1166
      vertex -6.0595 20.7954 84.8824
    endloop
  endfacet
  facet normal -0.865901 -0.500215 -3.40566e-06
    outer loop
      vertex -6.86052 22.1828 16.4077
      vertex -7.04023 22.494 -1.90735e-07
      vertex -7.00684 22.4362 -1.90735e-07
    endloop
  endfacet
  facet normal -0.86602 -0.500009 1.82164e-06
    outer loop
      vertex -7.04023 22.494 -1.90735e-07
      vertex -6.86052 22.1828 16.4077
      vertex -7.81184 23.8305 17.1958
    endloop
  endfacet
  facet normal -0.866009 -0.500029 4.3189e-07
    outer loop
      vertex -6.86052 22.1828 16.4077
      vertex -7.00684 22.4362 -1.90735e-07
      vertex -6.66687 21.8474 -1.90735e-07
    endloop
  endfacet
  facet normal -0.866025 -0.500001 -0
    outer loop
      vertex -4.78997 18.5965 15.8625
      vertex -6.28023 21.1777 -1.90735e-07
      vertex -4.78997 18.5965 -1.90735e-07
    endloop
  endfacet
  facet normal -0.866026 -0.5 2.34397e-07
    outer loop
      vertex -6.28023 21.1777 -1.90735e-07
      vertex -4.78997 18.5965 15.8625
      vertex -6.86052 22.1828 16.4077
    endloop
  endfacet
  facet normal -0.459737 0.793594 -0.39856
    outer loop
      vertex -11.7307 20.3516 89.1375
      vertex -11.7597 20.3348 89.1375
      vertex -11.7481 20.3483 89.151
    endloop
  endfacet
  facet normal -0.459134 0.795471 -0.395501
    outer loop
      vertex -11.8868 20.1644 88.9422
      vertex -11.7307 20.3516 89.1375
      vertex -11.5195 20.3764 88.9422
    endloop
  endfacet
  facet normal -0.460712 0.795277 -0.394054
    outer loop
      vertex -11.7307 20.3516 89.1375
      vertex -11.8868 20.1644 88.9422
      vertex -11.7597 20.3348 89.1375
    endloop
  endfacet
  facet normal -0.431876 0.748245 -0.5036
    outer loop
      vertex -9.71855 20.5416 87.6432
      vertex -11.8868 20.1644 88.9422
      vertex -11.5195 20.3764 88.9422
    endloop
  endfacet
  facet normal -0.431929 0.748132 -0.503721
    outer loop
      vertex -9.71855 20.5416 87.6432
      vertex -15.0244 15.723 85.0362
      vertex -11.8868 20.1644 88.9422
    endloop
  endfacet
  facet normal -0.432164 0.748215 -0.503397
    outer loop
      vertex -15.0244 15.723 85.0362
      vertex -9.71855 20.5416 87.6432
      vertex -14.9796 15.6454 84.8824
    endloop
  endfacet
  facet normal -0.431792 0.748374 -0.503481
    outer loop
      vertex -6.0595 20.7954 84.8824
      vertex -9.71855 20.5416 87.6432
      vertex -6.10434 20.873 85.0362
    endloop
  endfacet
  facet normal -0.431939 0.748143 -0.503697
    outer loop
      vertex -9.71855 20.5416 87.6432
      vertex -6.0595 20.7954 84.8824
      vertex -14.9796 15.6454 84.8824
    endloop
  endfacet
  facet normal -0.382707 0.662865 -0.643542
    outer loop
      vertex -13.71 13.4465 81.8625
      vertex -6.0595 20.7954 84.8824
      vertex -4.78997 18.5965 81.8625
    endloop
  endfacet
  facet normal -0.382702 0.662862 -0.643547
    outer loop
      vertex -6.0595 20.7954 84.8824
      vertex -13.71 13.4465 81.8625
      vertex -14.9796 15.6454 84.8824
    endloop
  endfacet
  facet normal -0.500001 0.866025 0
    outer loop
      vertex -4.78997 18.5965 47.8625
      vertex -13.71 13.4465 81.8625
      vertex -4.78997 18.5965 81.8625
    endloop
  endfacet
  facet normal -0.500001 0.866025 0
    outer loop
      vertex -13.71 13.4465 81.8625
      vertex -4.78997 18.5965 47.8625
      vertex -13.71 13.4465 47.8625
    endloop
  endfacet
  facet normal -0.0652649 0.113042 0.991444
    outer loop
      vertex -6.86052 22.1828 47.3173
      vertex -13.71 13.4465 47.8625
      vertex -4.78997 18.5965 47.8625
    endloop
  endfacet
  facet normal -0.0652642 0.113041 0.991445
    outer loop
      vertex -13.71 13.4465 47.8625
      vertex -6.86052 22.1828 47.3173
      vertex -15.7806 17.0328 47.3173
    endloop
  endfacet
  facet normal -0.191342 0.331414 0.923879
    outer loop
      vertex -6.86052 22.1828 47.3173
      vertex -17.71 20.3747 45.7189
      vertex -15.7806 17.0328 47.3173
    endloop
  endfacet
  facet normal -0.191342 0.331412 0.92388
    outer loop
      vertex -8.78997 25.5247 45.7189
      vertex -17.71 20.3747 45.7189
      vertex -6.86052 22.1828 47.3173
    endloop
  endfacet
  facet normal -0.304369 0.527207 0.793355
    outer loop
      vertex -10.2322 25.9808 44.8625
      vertex -8.78997 25.5247 45.7189
      vertex -9.01588 25.916 45.3722
    endloop
  endfacet
  facet normal -0.304384 0.527227 0.793336
    outer loop
      vertex -15.0621 25.6222 43.2477
      vertex -10.2322 25.9808 44.8625
      vertex -14.8544 25.8497 43.1762
    endloop
  endfacet
  facet normal -0.304692 0.527428 0.793084
    outer loop
      vertex -15.0621 25.6222 43.2477
      vertex -14.8544 25.8497 43.1762
      vertex -14.9593 25.7891 43.1762
    endloop
  endfacet
  facet normal -0.304387 0.527205 0.79335
    outer loop
      vertex -17.3839 21.8517 44.8625
      vertex -10.2322 25.9808 44.8625
      vertex -15.0621 25.6222 43.2477
    endloop
  endfacet
  facet normal -0.304378 0.527191 0.793362
    outer loop
      vertex -10.2322 25.9808 44.8625
      vertex -17.3839 21.8517 44.8625
      vertex -8.78997 25.5247 45.7189
    endloop
  endfacet
  facet normal -0.304384 0.527207 0.79335
    outer loop
      vertex -17.3839 21.8517 44.8625
      vertex -17.71 20.3747 45.7189
      vertex -8.78997 25.5247 45.7189
    endloop
  endfacet
  facet normal -0.304378 0.527207 0.793352
    outer loop
      vertex -17.71 20.3747 45.7189
      vertex -17.3839 21.8517 44.8625
      vertex -17.9359 20.766 45.3722
    endloop
  endfacet
  facet normal -0.396913 0.687065 0.608607
    outer loop
      vertex -14.9225 25.8465 43.1354
      vertex -14.9593 25.7891 43.1762
      vertex -14.8544 25.8497 43.1762
    endloop
  endfacet
  facet normal -0.304386 0.527209 -0.793347
    outer loop
      vertex -11.6153 23.8935 18.0061
      vertex -14.8847 22.0059 18.0061
      vertex -13.8352 23.9633 18.9042
    endloop
  endfacet
  facet normal -0.191344 0.331416 -0.923878
    outer loop
      vertex -10.1527 23.8693 17.6945
      vertex -14.8847 22.0059 18.0061
      vertex -11.6153 23.8935 18.0061
    endloop
  endfacet
  facet normal -0.191343 0.331414 -0.923879
    outer loop
      vertex -15.7806 17.0328 16.4077
      vertex -14.8847 22.0059 18.0061
      vertex -10.1527 23.8693 17.6945
    endloop
  endfacet
  facet normal -0.191301 0.331409 -0.92389
    outer loop
      vertex -15.7806 17.0328 16.4077
      vertex -16.0526 19.9033 17.4937
      vertex -14.8847 22.0059 18.0061
    endloop
  endfacet
  facet normal -0.191386 0.331396 -0.923877
    outer loop
      vertex -16.0526 19.9033 17.4937
      vertex -15.7806 17.0328 16.4077
      vertex -16.7319 18.6805 17.1958
    endloop
  endfacet
  facet normal -0.191331 0.331426 -0.923877
    outer loop
      vertex -6.86052 22.1828 16.4077
      vertex -10.1527 23.8693 17.6945
      vertex -7.81184 23.8305 17.1958
    endloop
  endfacet
  facet normal -0.19134 0.331411 -0.923881
    outer loop
      vertex -10.1527 23.8693 17.6945
      vertex -6.86052 22.1828 16.4077
      vertex -15.7806 17.0328 16.4077
    endloop
  endfacet
  facet normal -0.0652649 0.113042 -0.991444
    outer loop
      vertex -13.71 13.4465 15.8625
      vertex -6.86052 22.1828 16.4077
      vertex -4.78997 18.5965 15.8625
    endloop
  endfacet
  facet normal -0.0652642 0.113041 -0.991445
    outer loop
      vertex -6.86052 22.1828 16.4077
      vertex -13.71 13.4465 15.8625
      vertex -15.7806 17.0328 16.4077
    endloop
  endfacet
  facet normal -0.500001 0.866025 0
    outer loop
      vertex -4.78997 18.5965 -1.90735e-07
      vertex -13.71 13.4465 15.8625
      vertex -4.78997 18.5965 15.8625
    endloop
  endfacet
  facet normal -0.500001 0.866025 0
    outer loop
      vertex -13.71 13.4465 15.8625
      vertex -4.78997 18.5965 -1.90735e-07
      vertex -13.71 13.4465 -1.90735e-07
    endloop
  endfacet
  facet normal 0 1 0
    outer loop
      vertex -21.0391 -5.15 84.8824
      vertex -21.8151 -5.15 80.3611
      vertex -21.1288 -5.15 85.0362
    endloop
  endfacet
  facet normal 0 1 0
    outer loop
      vertex -18.5 -5.15 81.8625
      vertex -21.8151 -5.15 80.3611
      vertex -21.0391 -5.15 84.8824
    endloop
  endfacet
  facet normal 0 1 -0
    outer loop
      vertex -18.5 -5.15 47.8625
      vertex -21.8151 -5.15 80.3611
      vertex -18.5 -5.15 81.8625
    endloop
  endfacet
  facet normal 0 1 0
    outer loop
      vertex -22.6411 -5.15 47.3173
      vertex -21.8151 -5.15 80.3611
      vertex -18.5 -5.15 47.8625
    endloop
  endfacet
  facet normal 0 1 0
    outer loop
      vertex -26.5 -5.15 45.7189
      vertex -21.8151 -5.15 80.3611
      vertex -22.6411 -5.15 47.3173
    endloop
  endfacet
  facet normal 0 1 0
    outer loop
      vertex -21.8151 -5.15 80.3611
      vertex -26.5 -5.15 45.7189
      vertex -26.9518 -5.15 45.3722
    endloop
  endfacet
  facet normal 0 1 0
    outer loop
      vertex -22.6411 -5.15 16.4077
      vertex -23.8246 -5.15 9.18226
      vertex -24.5437 -5.15 17.1958
    endloop
  endfacet
  facet normal 0 1 0
    outer loop
      vertex -18.5 -5.15 15.8625
      vertex -23.8246 -5.15 9.18226
      vertex -22.6411 -5.15 16.4077
    endloop
  endfacet
  facet normal 0 1 -0
    outer loop
      vertex -18.5 -5.15 -1.90735e-07
      vertex -23.8246 -5.15 9.18226
      vertex -18.5 -5.15 15.8625
    endloop
  endfacet
  facet normal 0 1 0
    outer loop
      vertex -23.8246 -5.15 9.18226
      vertex -18.5 -5.15 -1.90735e-07
      vertex -23.0005 -5.15 -1.90735e-07
    endloop
  endfacet
  facet normal 0 -1 0
    outer loop
      vertex -25.3818 5.15 56.0663
      vertex -21.0391 5.15 84.8824
      vertex -21.1288 5.15 85.0362
    endloop
  endfacet
  facet normal 0 -1 0
    outer loop
      vertex -25.3818 5.15 56.0663
      vertex -18.5 5.15 81.8625
      vertex -21.0391 5.15 84.8824
    endloop
  endfacet
  facet normal 0 -1 0
    outer loop
      vertex -25.3818 5.15 56.0663
      vertex -18.5 5.15 47.8625
      vertex -18.5 5.15 81.8625
    endloop
  endfacet
  facet normal 0 -1 0
    outer loop
      vertex -25.3818 5.15 56.0663
      vertex -22.6411 5.15 47.3173
      vertex -18.5 5.15 47.8625
    endloop
  endfacet
  facet normal 0 -1 -0
    outer loop
      vertex -25.3818 5.15 56.0663
      vertex -26.5 5.15 45.7189
      vertex -22.6411 5.15 47.3173
    endloop
  endfacet
  facet normal -0 -1 0
    outer loop
      vertex -26.5 5.15 45.7189
      vertex -25.3818 5.15 56.0663
      vertex -26.9518 5.15 45.3722
    endloop
  endfacet
  facet normal 0 -1 0
    outer loop
      vertex -23.0005 5.15 -1.90735e-07
      vertex -22.6411 5.15 16.4077
      vertex -24.5437 5.15 17.1958
    endloop
  endfacet
  facet normal 0 -1 0
    outer loop
      vertex -23.0005 5.15 -1.90735e-07
      vertex -18.5 5.15 15.8625
      vertex -22.6411 5.15 16.4077
    endloop
  endfacet
  facet normal 0 -1 -0
    outer loop
      vertex -18.5 5.15 15.8625
      vertex -23.0005 5.15 -1.90735e-07
      vertex -18.5 5.15 -1.90735e-07
    endloop
  endfacet
  facet normal -0.918463 0 -0.395508
    outer loop
      vertex -23.4903 -0.01675 89.1375
      vertex -23.4903 0.01675 89.1375
      vertex -23.4062 0.212044 88.9422
    endloop
  endfacet
  facet normal -0.914918 -0 -0.40364
    outer loop
      vertex -23.4903 0.01675 89.1375
      vertex -23.4903 -0.01675 89.1375
      vertex -23.4933 0.00825778 89.1443
    endloop
  endfacet
  facet normal -0.920736 -0.0043628 -0.390162
    outer loop
      vertex -23.4933 0.00825778 89.1443
      vertex -23.4903 -0.01675 89.1375
      vertex -23.4961 0 89.151
    endloop
  endfacet
  facet normal -0.918463 0 -0.395508
    outer loop
      vertex -23.4903 -0.01675 89.1375
      vertex -23.4062 0.212044 88.9422
      vertex -23.4062 -0.212044 88.9422
    endloop
  endfacet
  facet normal -0.86382 -0.000118382 -0.503801
    outer loop
      vertex -21.0391 5.15 84.8824
      vertex -23.4062 0.212044 88.9422
      vertex -21.1288 5.15 85.0362
    endloop
  endfacet
  facet normal -0.863882 0 -0.503694
    outer loop
      vertex -21.0391 5.15 84.8824
      vertex -23.4062 -0.212044 88.9422
      vertex -23.4062 0.212044 88.9422
    endloop
  endfacet
  facet normal -0.863882 0 -0.503694
    outer loop
      vertex -21.0391 -5.15 84.8824
      vertex -23.4062 -0.212044 88.9422
      vertex -21.0391 5.15 84.8824
    endloop
  endfacet
  facet normal -0.86382 0.000118382 -0.503801
    outer loop
      vertex -23.4062 -0.212044 88.9422
      vertex -21.0391 -5.15 84.8824
      vertex -21.1288 -5.15 85.0362
    endloop
  endfacet
  facet normal -0.765407 0 -0.643546
    outer loop
      vertex -18.5 -5.15 81.8625
      vertex -21.0391 5.15 84.8824
      vertex -18.5 5.15 81.8625
    endloop
  endfacet
  facet normal -0.765407 -0 -0.643546
    outer loop
      vertex -21.0391 5.15 84.8824
      vertex -18.5 -5.15 81.8625
      vertex -21.0391 -5.15 84.8824
    endloop
  endfacet
  facet normal -1 0 0
    outer loop
      vertex -18.5 -5.15 47.8625
      vertex -18.5 5.15 81.8625
      vertex -18.5 5.15 47.8625
    endloop
  endfacet
  facet normal -1 -0 0
    outer loop
      vertex -18.5 5.15 81.8625
      vertex -18.5 -5.15 47.8625
      vertex -18.5 -5.15 81.8625
    endloop
  endfacet
  facet normal -0.130529 0 0.991444
    outer loop
      vertex -22.6411 5.15 47.3173
      vertex -18.5 -5.15 47.8625
      vertex -18.5 5.15 47.8625
    endloop
  endfacet
  facet normal -0.130529 0 0.991444
    outer loop
      vertex -18.5 -5.15 47.8625
      vertex -22.6411 5.15 47.3173
      vertex -22.6411 -5.15 47.3173
    endloop
  endfacet
  facet normal -0.382682 0 0.92388
    outer loop
      vertex -26.5 5.15 45.7189
      vertex -22.6411 -5.15 47.3173
      vertex -22.6411 5.15 47.3173
    endloop
  endfacet
  facet normal -0.382682 0 0.92388
    outer loop
      vertex -22.6411 -5.15 47.3173
      vertex -26.5 5.15 45.7189
      vertex -26.5 -5.15 45.7189
    endloop
  endfacet
  facet normal -0.608785 5.22003e-05 0.793335
    outer loop
      vertex -27.6161 4.12907 44.8625
      vertex -26.5 5.15 45.7189
      vertex -26.9518 5.15 45.3722
    endloop
  endfacet
  facet normal -0.608755 0 0.793358
    outer loop
      vertex -26.5 5.15 45.7189
      vertex -27.6161 4.12907 44.8625
      vertex -26.5 -5.15 45.7189
    endloop
  endfacet
  facet normal -0.608755 0 0.793358
    outer loop
      vertex -27.6161 -4.12907 44.8625
      vertex -26.5 -5.15 45.7189
      vertex -27.6161 4.12907 44.8625
    endloop
  endfacet
  facet normal -0.608785 -5.22003e-05 0.793335
    outer loop
      vertex -26.5 -5.15 45.7189
      vertex -27.6161 -4.12907 44.8625
      vertex -26.9518 -5.15 45.3722
    endloop
  endfacet
  facet normal -0.60877 0 0.793347
    outer loop
      vertex -27.6161 4.12907 44.8625
      vertex -29.7205 -0.233075 43.2477
      vertex -27.6161 -4.12907 44.8625
    endloop
  endfacet
  facet normal -0.608735 -2.69191e-05 0.793374
    outer loop
      vertex -29.8137 0.0605532 43.1762
      vertex -29.7205 -0.233075 43.2477
      vertex -27.6161 4.12907 44.8625
    endloop
  endfacet
  facet normal -0.608682 0 0.793414
    outer loop
      vertex -29.7205 -0.233075 43.2477
      vertex -29.8137 0.0605532 43.1762
      vertex -29.8137 -0.0605532 43.1762
    endloop
  endfacet
  facet normal -0.793419 0 0.608676
    outer loop
      vertex -29.8137 0.0605532 43.1762
      vertex -29.845 0 43.1354
      vertex -29.8137 -0.0605532 43.1762
    endloop
  endfacet
  facet normal -0.60877 0 -0.793347
    outer loop
      vertex -26.5 -1.8876 18.0061
      vertex -27.6704 0 18.9042
      vertex -26.5 1.8876 18.0061
    endloop
  endfacet
  facet normal -0.382691 -7.06728e-05 -0.923877
    outer loop
      vertex -25.2631 -3.95034 17.4937
      vertex -22.6411 -5.15 16.4077
      vertex -24.5437 -5.15 17.1958
    endloop
  endfacet
  facet normal -0.382641 5.63569e-05 -0.923897
    outer loop
      vertex -26.5 -1.8876 18.0061
      vertex -22.6411 -5.15 16.4077
      vertex -25.2631 -3.95034 17.4937
    endloop
  endfacet
  facet normal -0.382682 0 -0.92388
    outer loop
      vertex -22.6411 -5.15 16.4077
      vertex -26.5 -1.8876 18.0061
      vertex -22.6411 5.15 16.4077
    endloop
  endfacet
  facet normal -0.382682 0 -0.92388
    outer loop
      vertex -22.6411 5.15 16.4077
      vertex -26.5 -1.8876 18.0061
      vertex -26.5 1.8876 18.0061
    endloop
  endfacet
  facet normal -0.382691 1.23912e-05 -0.923877
    outer loop
      vertex -22.6411 5.15 16.4077
      vertex -26.5 1.8876 18.0061
      vertex -24.5437 5.15 17.1958
    endloop
  endfacet
  facet normal -0.130529 0 -0.991444
    outer loop
      vertex -22.6411 -5.15 16.4077
      vertex -18.5 5.15 15.8625
      vertex -18.5 -5.15 15.8625
    endloop
  endfacet
  facet normal -0.130529 0 -0.991444
    outer loop
      vertex -18.5 5.15 15.8625
      vertex -22.6411 -5.15 16.4077
      vertex -22.6411 5.15 16.4077
    endloop
  endfacet
  facet normal -1 0 0
    outer loop
      vertex -18.5 -5.15 -1.90735e-07
      vertex -18.5 5.15 15.8625
      vertex -18.5 5.15 -1.90735e-07
    endloop
  endfacet
  facet normal -1 -0 0
    outer loop
      vertex -18.5 5.15 15.8625
      vertex -18.5 -5.15 -1.90735e-07
      vertex -18.5 -5.15 15.8625
    endloop
  endfacet
  facet normal -0.866026 0.499999 3.64478e-07
    outer loop
      vertex -4.78997 -18.5965 81.8625
      vertex -8.78997 -25.5247 45.7189
      vertex -6.0595 -20.7954 84.8824
    endloop
  endfacet
  facet normal -0.866025 0.500001 -1.2227e-07
    outer loop
      vertex -6.86052 -22.1828 47.3173
      vertex -8.78997 -25.5247 45.7189
      vertex -4.78997 -18.5965 81.8625
    endloop
  endfacet
  facet normal -0.86597 0.500096 -1.53456e-05
    outer loop
      vertex -8.78997 -25.5247 45.7189
      vertex -6.24525 -21.1171 83.1166
      vertex -6.0595 -20.7954 84.8824
    endloop
  endfacet
  facet normal -0.866033 0.499987 1.85159e-06
    outer loop
      vertex -6.24525 -21.1171 83.1166
      vertex -8.78997 -25.5247 45.7189
      vertex -9.01588 -25.916 45.3722
    endloop
  endfacet
  facet normal -0.866026 0.5 0
    outer loop
      vertex -4.78997 -18.5965 47.8625
      vertex -6.86052 -22.1828 47.3173
      vertex -4.78997 -18.5965 81.8625
    endloop
  endfacet
  facet normal -0.866032 0.499989 -6.58022e-07
    outer loop
      vertex -6.66687 -21.8474 -1.90735e-07
      vertex -6.86052 -22.1828 16.4077
      vertex -6.28023 -21.1777 -1.90735e-07
    endloop
  endfacet
  facet normal -0.865887 0.50024 -5.02715e-05
    outer loop
      vertex -6.0595 -20.7954 84.8824
      vertex -6.24525 -21.1171 83.1166
      vertex -6.10434 -20.873 85.0362
    endloop
  endfacet
  facet normal -0.865901 0.500215 -3.40566e-06
    outer loop
      vertex -7.04023 -22.494 -1.90735e-07
      vertex -6.86052 -22.1828 16.4077
      vertex -7.00684 -22.4362 -1.90735e-07
    endloop
  endfacet
  facet normal -0.86602 0.500009 1.82164e-06
    outer loop
      vertex -6.86052 -22.1828 16.4077
      vertex -7.04023 -22.494 -1.90735e-07
      vertex -7.81184 -23.8305 17.1958
    endloop
  endfacet
  facet normal -0.866009 0.500029 4.3189e-07
    outer loop
      vertex -6.66687 -21.8474 -1.90735e-07
      vertex -7.00684 -22.4362 -1.90735e-07
      vertex -6.86052 -22.1828 16.4077
    endloop
  endfacet
  facet normal -0.866025 0.500001 0
    outer loop
      vertex -6.28023 -21.1777 -1.90735e-07
      vertex -4.78997 -18.5965 15.8625
      vertex -4.78997 -18.5965 -1.90735e-07
    endloop
  endfacet
  facet normal -0.866026 0.5 2.34397e-07
    outer loop
      vertex -4.78997 -18.5965 15.8625
      vertex -6.28023 -21.1777 -1.90735e-07
      vertex -6.86052 -22.1828 16.4077
    endloop
  endfacet
  facet normal 0.866017 -0.500015 3.81881e-06
    outer loop
      vertex -14.9796 -15.6454 84.8824
      vertex -17.71 -20.3747 45.7189
      vertex -13.71 -13.4465 81.8625
    endloop
  endfacet
  facet normal 0.866031 -0.49999 -2.61212e-06
    outer loop
      vertex -13.71 -13.4465 81.8625
      vertex -17.71 -20.3747 45.7189
      vertex -15.7806 -17.0328 47.3173
    endloop
  endfacet
  facet normal 0.866149 -0.499786 -3.56061e-05
    outer loop
      vertex -17.1509 -19.4063 56.0663
      vertex -14.9796 -15.6454 84.8824
      vertex -15.1653 -15.9671 83.1166
    endloop
  endfacet
  facet normal 0.866039 -0.499976 -2.53833e-06
    outer loop
      vertex -17.1509 -19.4063 56.0663
      vertex -17.71 -20.3747 45.7189
      vertex -14.9796 -15.6454 84.8824
    endloop
  endfacet
  facet normal 0.866043 -0.499969 -3.32825e-06
    outer loop
      vertex -17.71 -20.3747 45.7189
      vertex -17.1509 -19.4063 56.0663
      vertex -17.9359 -20.766 45.3722
    endloop
  endfacet
  facet normal 0.86602 -0.500009 0
    outer loop
      vertex -13.71 -13.4465 81.8625
      vertex -15.7806 -17.0328 47.3173
      vertex -13.71 -13.4465 47.8625
    endloop
  endfacet
  facet normal 0.866054 -0.49995 4.35461e-06
    outer loop
      vertex -15.2003 -16.0277 -1.90735e-07
      vertex -15.7806 -17.0328 16.4077
      vertex -15.5869 -16.6974 -1.90735e-07
    endloop
  endfacet
  facet normal 0.866044 -0.499967 8.54419e-06
    outer loop
      vertex -15.0244 -15.723 85.0362
      vertex -15.1653 -15.9671 83.1166
      vertex -14.9796 -15.6454 84.8824
    endloop
  endfacet
  facet normal 0.865836 -0.500328 6.7743e-06
    outer loop
      vertex -15.7806 -17.0328 16.4077
      vertex -15.9603 -17.344 -1.90735e-07
      vertex -15.9269 -17.2862 -1.90735e-07
    endloop
  endfacet
  facet normal 0.866025 -0.500001 -1.49617e-06
    outer loop
      vertex -15.9603 -17.344 -1.90735e-07
      vertex -15.7806 -17.0328 16.4077
      vertex -16.7319 -18.6805 17.1958
    endloop
  endfacet
  facet normal 0.86599 -0.500062 1.30514e-06
    outer loop
      vertex -15.7806 -17.0328 16.4077
      vertex -15.9269 -17.2862 -1.90735e-07
      vertex -15.5869 -16.6974 -1.90735e-07
    endloop
  endfacet
  facet normal 0.866019 -0.500011 0
    outer loop
      vertex -13.71 -13.4465 15.8625
      vertex -15.2003 -16.0277 -1.90735e-07
      vertex -13.71 -13.4465 -1.90735e-07
    endloop
  endfacet
  facet normal 0.86602 -0.500009 -4.48201e-07
    outer loop
      vertex -15.2003 -16.0277 -1.90735e-07
      vertex -13.71 -13.4465 15.8625
      vertex -15.7806 -17.0328 16.4077
    endloop
  endfacet
  facet normal -0.460745 -0.792181 -0.400204
    outer loop
      vertex -11.7538 -20.3416 89.1443
      vertex -11.7307 -20.3516 89.1375
      vertex -11.7481 -20.3483 89.151
    endloop
  endfacet
  facet normal -0.460442 -0.79481 -0.395309
    outer loop
      vertex -11.7597 -20.3348 89.1375
      vertex -11.7307 -20.3516 89.1375
      vertex -11.7538 -20.3416 89.1443
    endloop
  endfacet
  facet normal -0.460712 -0.795277 -0.394054
    outer loop
      vertex -11.8868 -20.1644 88.9422
      vertex -11.7307 -20.3516 89.1375
      vertex -11.7597 -20.3348 89.1375
    endloop
  endfacet
  facet normal -0.459134 -0.795471 -0.395501
    outer loop
      vertex -11.7307 -20.3516 89.1375
      vertex -11.8868 -20.1644 88.9422
      vertex -11.5195 -20.3764 88.9422
    endloop
  endfacet
  facet normal -0.43181 -0.748131 -0.503826
    outer loop
      vertex -12.9303 -18.6873 87.6432
      vertex -11.5195 -20.3764 88.9422
      vertex -11.8868 -20.1644 88.9422
    endloop
  endfacet
  facet normal -0.431935 -0.748141 -0.503704
    outer loop
      vertex -12.9303 -18.6873 87.6432
      vertex -6.10434 -20.873 85.0362
      vertex -11.5195 -20.3764 88.9422
    endloop
  endfacet
  facet normal -0.431903 -0.748309 -0.503481
    outer loop
      vertex -6.10434 -20.873 85.0362
      vertex -12.9303 -18.6873 87.6432
      vertex -6.0595 -20.7954 84.8824
    endloop
  endfacet
  facet normal -0.432317 -0.748127 -0.503397
    outer loop
      vertex -14.9796 -15.6454 84.8824
      vertex -12.9303 -18.6873 87.6432
      vertex -15.0244 -15.723 85.0362
    endloop
  endfacet
  facet normal -0.431939 -0.748143 -0.503696
    outer loop
      vertex -12.9303 -18.6873 87.6432
      vertex -14.9796 -15.6454 84.8824
      vertex -6.0595 -20.7954 84.8824
    endloop
  endfacet
  facet normal -0.382702 -0.662862 -0.643547
    outer loop
      vertex -13.71 -13.4465 81.8625
      vertex -6.0595 -20.7954 84.8824
      vertex -14.9796 -15.6454 84.8824
    endloop
  endfacet
  facet normal -0.382707 -0.662865 -0.643542
    outer loop
      vertex -6.0595 -20.7954 84.8824
      vertex -13.71 -13.4465 81.8625
      vertex -4.78997 -18.5965 81.8625
    endloop
  endfacet
  facet normal -0.500001 -0.866025 0
    outer loop
      vertex -13.71 -13.4465 47.8625
      vertex -4.78997 -18.5965 81.8625
      vertex -13.71 -13.4465 81.8625
    endloop
  endfacet
  facet normal -0.500001 -0.866025 -0
    outer loop
      vertex -4.78997 -18.5965 81.8625
      vertex -13.71 -13.4465 47.8625
      vertex -4.78997 -18.5965 47.8625
    endloop
  endfacet
  facet normal -0.0652649 -0.113042 0.991444
    outer loop
      vertex -13.71 -13.4465 47.8625
      vertex -6.86052 -22.1828 47.3173
      vertex -4.78997 -18.5965 47.8625
    endloop
  endfacet
  facet normal -0.0652642 -0.113041 0.991445
    outer loop
      vertex -6.86052 -22.1828 47.3173
      vertex -13.71 -13.4465 47.8625
      vertex -15.7806 -17.0328 47.3173
    endloop
  endfacet
  facet normal -0.191341 -0.331413 0.92388
    outer loop
      vertex -6.86052 -22.1828 47.3173
      vertex -15.7806 -17.0328 47.3173
      vertex -8.78997 -25.5247 45.7189
    endloop
  endfacet
  facet normal -0.191343 -0.331414 0.923879
    outer loop
      vertex -15.7806 -17.0328 47.3173
      vertex -17.71 -20.3747 45.7189
      vertex -8.78997 -25.5247 45.7189
    endloop
  endfacet
  facet normal -0.304369 -0.527207 0.793355
    outer loop
      vertex -8.78997 -25.5247 45.7189
      vertex -10.2322 -25.9808 44.8625
      vertex -9.01588 -25.916 45.3722
    endloop
  endfacet
  facet normal -0.304378 -0.527191 0.793362
    outer loop
      vertex -17.3839 -21.8517 44.8625
      vertex -10.2322 -25.9808 44.8625
      vertex -8.78997 -25.5247 45.7189
    endloop
  endfacet
  facet normal -0.304388 -0.527206 0.793348
    outer loop
      vertex -10.2322 -25.9808 44.8625
      vertex -17.3839 -21.8517 44.8625
      vertex -14.8544 -25.8497 43.1762
    endloop
  endfacet
  facet normal -0.304611 -0.527289 0.793208
    outer loop
      vertex -14.8544 -25.8497 43.1762
      vertex -17.3839 -21.8517 44.8625
      vertex -14.9593 -25.7891 43.1762
    endloop
  endfacet
  facet normal -0.304384 -0.527207 0.79335
    outer loop
      vertex -17.71 -20.3747 45.7189
      vertex -17.3839 -21.8517 44.8625
      vertex -8.78997 -25.5247 45.7189
    endloop
  endfacet
  facet normal -0.304378 -0.527207 0.793352
    outer loop
      vertex -17.3839 -21.8517 44.8625
      vertex -17.71 -20.3747 45.7189
      vertex -17.9359 -20.766 45.3722
    endloop
  endfacet
  facet normal -0.396913 -0.687065 0.608607
    outer loop
      vertex -14.8544 -25.8497 43.1762
      vertex -14.9593 -25.7891 43.1762
      vertex -14.9225 -25.8465 43.1354
    endloop
  endfacet
  facet normal -0.304386 -0.527209 -0.793347
    outer loop
      vertex -13.8352 -23.9633 18.9042
      vertex -14.8847 -22.0059 18.0061
      vertex -11.6153 -23.8935 18.0061
    endloop
  endfacet
  facet normal -0.191336 -0.331423 -0.923877
    outer loop
      vertex -11.6153 -23.8935 18.0061
      vertex -6.86052 -22.1828 16.4077
      vertex -7.81184 -23.8305 17.1958
    endloop
  endfacet
  facet normal -0.191331 -0.331394 -0.923889
    outer loop
      vertex -15.595 -20.7271 17.6945
      vertex -11.6153 -23.8935 18.0061
      vertex -14.8847 -22.0059 18.0061
    endloop
  endfacet
  facet normal -0.191343 -0.331408 -0.923881
    outer loop
      vertex -11.6153 -23.8935 18.0061
      vertex -15.595 -20.7271 17.6945
      vertex -6.86052 -22.1828 16.4077
    endloop
  endfacet
  facet normal -0.191344 -0.331418 -0.923877
    outer loop
      vertex -15.595 -20.7271 17.6945
      vertex -15.7806 -17.0328 16.4077
      vertex -6.86052 -22.1828 16.4077
    endloop
  endfacet
  facet normal -0.191348 -0.331418 -0.923877
    outer loop
      vertex -15.7806 -17.0328 16.4077
      vertex -15.595 -20.7271 17.6945
      vertex -16.7319 -18.6805 17.1958
    endloop
  endfacet
  facet normal -0.0652649 -0.113042 -0.991444
    outer loop
      vertex -6.86052 -22.1828 16.4077
      vertex -13.71 -13.4465 15.8625
      vertex -4.78997 -18.5965 15.8625
    endloop
  endfacet
  facet normal -0.0652642 -0.113041 -0.991445
    outer loop
      vertex -13.71 -13.4465 15.8625
      vertex -6.86052 -22.1828 16.4077
      vertex -15.7806 -17.0328 16.4077
    endloop
  endfacet
  facet normal -0.500001 -0.866025 0
    outer loop
      vertex -13.71 -13.4465 -1.90735e-07
      vertex -4.78997 -18.5965 15.8625
      vertex -13.71 -13.4465 15.8625
    endloop
  endfacet
  facet normal -0.500001 -0.866025 -0
    outer loop
      vertex -4.78997 -18.5965 15.8625
      vertex -13.71 -13.4465 -1.90735e-07
      vertex -4.78997 -18.5965 -1.90735e-07
    endloop
  endfacet
  facet normal -0.866017 -0.500015 3.81881e-06
    outer loop
      vertex 14.9796 -15.6454 84.8824
      vertex 13.71 -13.4465 81.8625
      vertex 17.71 -20.3747 45.7189
    endloop
  endfacet
  facet normal -0.866031 -0.49999 -2.61212e-06
    outer loop
      vertex 17.71 -20.3747 45.7189
      vertex 13.71 -13.4465 81.8625
      vertex 15.7806 -17.0328 47.3173
    endloop
  endfacet
  facet normal -0.866289 -0.499543 -9.44274e-05
    outer loop
      vertex 14.9796 -15.6454 84.8824
      vertex 15.3676 -16.3174 80.3611
      vertex 15.1653 -15.9671 83.1166
    endloop
  endfacet
  facet normal -0.865943 -0.500144 2.44941e-05
    outer loop
      vertex 17.71 -20.3747 45.7189
      vertex 15.3676 -16.3174 80.3611
      vertex 14.9796 -15.6454 84.8824
    endloop
  endfacet
  facet normal -0.866043 -0.49997 -2.64115e-06
    outer loop
      vertex 15.3676 -16.3174 80.3611
      vertex 17.71 -20.3747 45.7189
      vertex 17.9359 -20.766 45.3722
    endloop
  endfacet
  facet normal -0.86602 -0.500009 -0
    outer loop
      vertex 13.71 -13.4465 81.8625
      vertex 13.71 -13.4465 47.8625
      vertex 15.7806 -17.0328 47.3173
    endloop
  endfacet
  facet normal -0.866054 -0.49995 4.35461e-06
    outer loop
      vertex 15.7806 -17.0328 16.4077
      vertex 15.2003 -16.0277 -1.90735e-07
      vertex 15.5869 -16.6974 -1.90735e-07
    endloop
  endfacet
  facet normal -0.866044 -0.499967 8.54419e-06
    outer loop
      vertex 15.0244 -15.723 85.0362
      vertex 14.9796 -15.6454 84.8824
      vertex 15.1653 -15.9671 83.1166
    endloop
  endfacet
  facet normal -0.865836 -0.500328 -3.91208e-05
    outer loop
      vertex 16.3723 -18.0577 9.18225
      vertex 15.9269 -17.2862 -1.90735e-07
      vertex 15.9603 -17.344 -1.90735e-07
    endloop
  endfacet
  facet normal -0.866036 -0.499981 -3.51955e-07
    outer loop
      vertex 15.9269 -17.2862 -1.90735e-07
      vertex 16.3723 -18.0577 9.18225
      vertex 15.7806 -17.0328 16.4077
    endloop
  endfacet
  facet normal -0.866026 -0.499999 2.94827e-06
    outer loop
      vertex 15.7806 -17.0328 16.4077
      vertex 16.3723 -18.0577 9.18225
      vertex 16.7319 -18.6805 17.1958
    endloop
  endfacet
  facet normal -0.86599 -0.500062 1.30514e-06
    outer loop
      vertex 15.7806 -17.0328 16.4077
      vertex 15.5869 -16.6974 -1.90735e-07
      vertex 15.9269 -17.2862 -1.90735e-07
    endloop
  endfacet
  facet normal -0.866019 -0.500011 0
    outer loop
      vertex 15.2003 -16.0277 -1.90735e-07
      vertex 13.71 -13.4465 15.8625
      vertex 13.71 -13.4465 -1.90735e-07
    endloop
  endfacet
  facet normal -0.86602 -0.500009 -4.48201e-07
    outer loop
      vertex 13.71 -13.4465 15.8625
      vertex 15.2003 -16.0277 -1.90735e-07
      vertex 15.7806 -17.0328 16.4077
    endloop
  endfacet
  facet normal 0.866026 0.499999 3.64478e-07
    outer loop
      vertex 8.78997 -25.5247 45.7189
      vertex 4.78997 -18.5965 81.8625
      vertex 6.0595 -20.7954 84.8824
    endloop
  endfacet
  facet normal 0.866025 0.500001 -1.2227e-07
    outer loop
      vertex 6.86052 -22.1828 47.3173
      vertex 4.78997 -18.5965 81.8625
      vertex 8.78997 -25.5247 45.7189
    endloop
  endfacet
  facet normal 0.86597 0.500096 -1.53456e-05
    outer loop
      vertex 6.24525 -21.1171 83.1166
      vertex 8.78997 -25.5247 45.7189
      vertex 6.0595 -20.7954 84.8824
    endloop
  endfacet
  facet normal 0.866033 0.499987 1.85159e-06
    outer loop
      vertex 8.78997 -25.5247 45.7189
      vertex 6.24525 -21.1171 83.1166
      vertex 9.01588 -25.916 45.3722
    endloop
  endfacet
  facet normal 0.866026 0.5 0
    outer loop
      vertex 6.86052 -22.1828 47.3173
      vertex 4.78997 -18.5965 47.8625
      vertex 4.78997 -18.5965 81.8625
    endloop
  endfacet
  facet normal 0.866032 0.499989 -6.58022e-07
    outer loop
      vertex 6.66687 -21.8474 -1.90735e-07
      vertex 6.28023 -21.1777 -1.90735e-07
      vertex 6.86052 -22.1828 16.4077
    endloop
  endfacet
  facet normal 0.865887 0.50024 -5.02715e-05
    outer loop
      vertex 6.24525 -21.1171 83.1166
      vertex 6.0595 -20.7954 84.8824
      vertex 6.10434 -20.873 85.0362
    endloop
  endfacet
  facet normal 0.865901 0.500215 -3.40566e-06
    outer loop
      vertex 6.86052 -22.1828 16.4077
      vertex 7.04023 -22.494 -1.90735e-07
      vertex 7.00684 -22.4362 -1.90735e-07
    endloop
  endfacet
  facet normal 0.86602 0.500009 1.82164e-06
    outer loop
      vertex 7.04023 -22.494 -1.90735e-07
      vertex 6.86052 -22.1828 16.4077
      vertex 7.81184 -23.8305 17.1958
    endloop
  endfacet
  facet normal 0.866009 0.500029 4.3189e-07
    outer loop
      vertex 7.00684 -22.4362 -1.90735e-07
      vertex 6.66687 -21.8474 -1.90735e-07
      vertex 6.86052 -22.1828 16.4077
    endloop
  endfacet
  facet normal 0.866025 0.500001 0
    outer loop
      vertex 4.78997 -18.5965 15.8625
      vertex 6.28023 -21.1777 -1.90735e-07
      vertex 4.78997 -18.5965 -1.90735e-07
    endloop
  endfacet
  facet normal 0.866026 0.5 2.34397e-07
    outer loop
      vertex 6.28023 -21.1777 -1.90735e-07
      vertex 4.78997 -18.5965 15.8625
      vertex 6.86052 -22.1828 16.4077
    endloop
  endfacet
  facet normal 0.459737 -0.793594 -0.39856
    outer loop
      vertex 11.7307 -20.3516 89.1375
      vertex 11.7597 -20.3348 89.1375
      vertex 11.7481 -20.3483 89.151
    endloop
  endfacet
  facet normal 0.459134 -0.795471 -0.395501
    outer loop
      vertex 11.8868 -20.1644 88.9422
      vertex 11.7307 -20.3516 89.1375
      vertex 11.5195 -20.3764 88.9422
    endloop
  endfacet
  facet normal 0.460712 -0.795277 -0.394054
    outer loop
      vertex 11.7307 -20.3516 89.1375
      vertex 11.8868 -20.1644 88.9422
      vertex 11.7597 -20.3348 89.1375
    endloop
  endfacet
  facet normal 0.431876 -0.748245 -0.5036
    outer loop
      vertex 9.71855 -20.5416 87.6432
      vertex 11.8868 -20.1644 88.9422
      vertex 11.5195 -20.3764 88.9422
    endloop
  endfacet
  facet normal 0.431929 -0.748132 -0.503721
    outer loop
      vertex 9.71855 -20.5416 87.6432
      vertex 15.0244 -15.723 85.0362
      vertex 11.8868 -20.1644 88.9422
    endloop
  endfacet
  facet normal 0.432164 -0.748215 -0.503397
    outer loop
      vertex 15.0244 -15.723 85.0362
      vertex 9.71855 -20.5416 87.6432
      vertex 14.9796 -15.6454 84.8824
    endloop
  endfacet
  facet normal 0.431792 -0.748374 -0.503481
    outer loop
      vertex 6.0595 -20.7954 84.8824
      vertex 9.71855 -20.5416 87.6432
      vertex 6.10434 -20.873 85.0362
    endloop
  endfacet
  facet normal 0.431939 -0.748143 -0.503697
    outer loop
      vertex 9.71855 -20.5416 87.6432
      vertex 6.0595 -20.7954 84.8824
      vertex 14.9796 -15.6454 84.8824
    endloop
  endfacet
  facet normal 0.382707 -0.662865 -0.643542
    outer loop
      vertex 13.71 -13.4465 81.8625
      vertex 6.0595 -20.7954 84.8824
      vertex 4.78997 -18.5965 81.8625
    endloop
  endfacet
  facet normal 0.382702 -0.662862 -0.643547
    outer loop
      vertex 6.0595 -20.7954 84.8824
      vertex 13.71 -13.4465 81.8625
      vertex 14.9796 -15.6454 84.8824
    endloop
  endfacet
  facet normal 0.500001 -0.866025 0
    outer loop
      vertex 4.78997 -18.5965 47.8625
      vertex 13.71 -13.4465 81.8625
      vertex 4.78997 -18.5965 81.8625
    endloop
  endfacet
  facet normal 0.500001 -0.866025 0
    outer loop
      vertex 13.71 -13.4465 81.8625
      vertex 4.78997 -18.5965 47.8625
      vertex 13.71 -13.4465 47.8625
    endloop
  endfacet
  facet normal 0.0652642 -0.113041 0.991445
    outer loop
      vertex 13.71 -13.4465 47.8625
      vertex 6.86052 -22.1828 47.3173
      vertex 15.7806 -17.0328 47.3173
    endloop
  endfacet
  facet normal 0.0652649 -0.113042 0.991444
    outer loop
      vertex 6.86052 -22.1828 47.3173
      vertex 13.71 -13.4465 47.8625
      vertex 4.78997 -18.5965 47.8625
    endloop
  endfacet
  facet normal 0.191342 -0.331414 0.923879
    outer loop
      vertex 15.7806 -17.0328 47.3173
      vertex 6.86052 -22.1828 47.3173
      vertex 17.71 -20.3747 45.7189
    endloop
  endfacet
  facet normal 0.191342 -0.331412 0.92388
    outer loop
      vertex 17.71 -20.3747 45.7189
      vertex 6.86052 -22.1828 47.3173
      vertex 8.78997 -25.5247 45.7189
    endloop
  endfacet
  facet normal 0.304378 -0.527207 0.793352
    outer loop
      vertex 17.71 -20.3747 45.7189
      vertex 17.3839 -21.8517 44.8625
      vertex 17.9359 -20.766 45.3722
    endloop
  endfacet
  facet normal 0.304388 -0.527207 0.793348
    outer loop
      vertex 10.2322 -25.9808 44.8625
      vertex 17.3839 -21.8517 44.8625
      vertex 17.71 -20.3747 45.7189
    endloop
  endfacet
  facet normal 0.304387 -0.527205 0.79335
    outer loop
      vertex 17.3839 -21.8517 44.8625
      vertex 10.2322 -25.9808 44.8625
      vertex 15.0621 -25.6222 43.2477
    endloop
  endfacet
  facet normal 0.304384 -0.527227 0.793336
    outer loop
      vertex 14.8544 -25.8497 43.1762
      vertex 15.0621 -25.6222 43.2477
      vertex 10.2322 -25.9808 44.8625
    endloop
  endfacet
  facet normal 0.304692 -0.527428 0.793084
    outer loop
      vertex 15.0621 -25.6222 43.2477
      vertex 14.8544 -25.8497 43.1762
      vertex 14.9593 -25.7891 43.1762
    endloop
  endfacet
  facet normal 0.304377 -0.527194 0.793361
    outer loop
      vertex 8.78997 -25.5247 45.7189
      vertex 10.2322 -25.9808 44.8625
      vertex 17.71 -20.3747 45.7189
    endloop
  endfacet
  facet normal 0.304369 -0.527207 0.793355
    outer loop
      vertex 10.2322 -25.9808 44.8625
      vertex 8.78997 -25.5247 45.7189
      vertex 9.01588 -25.916 45.3722
    endloop
  endfacet
  facet normal 0.396913 -0.687065 0.608607
    outer loop
      vertex 14.9593 -25.7891 43.1762
      vertex 14.8544 -25.8497 43.1762
      vertex 14.9225 -25.8465 43.1354
    endloop
  endfacet
  facet normal 0.304386 -0.527209 -0.793347
    outer loop
      vertex 13.8352 -23.9633 18.9042
      vertex 11.6153 -23.8935 18.0061
      vertex 14.8847 -22.0059 18.0061
    endloop
  endfacet
  facet normal 0.191386 -0.331396 -0.923877
    outer loop
      vertex 16.0526 -19.9033 17.4937
      vertex 15.7806 -17.0328 16.4077
      vertex 16.7319 -18.6805 17.1958
    endloop
  endfacet
  facet normal 0.191301 -0.331409 -0.92389
    outer loop
      vertex 14.8847 -22.0059 18.0061
      vertex 15.7806 -17.0328 16.4077
      vertex 16.0526 -19.9033 17.4937
    endloop
  endfacet
  facet normal 0.191344 -0.331416 -0.923878
    outer loop
      vertex 10.1527 -23.8693 17.6945
      vertex 14.8847 -22.0059 18.0061
      vertex 11.6153 -23.8935 18.0061
    endloop
  endfacet
  facet normal 0.191343 -0.331414 -0.923879
    outer loop
      vertex 14.8847 -22.0059 18.0061
      vertex 10.1527 -23.8693 17.6945
      vertex 15.7806 -17.0328 16.4077
    endloop
  endfacet
  facet normal 0.191331 -0.331426 -0.923877
    outer loop
      vertex 6.86052 -22.1828 16.4077
      vertex 10.1527 -23.8693 17.6945
      vertex 7.81184 -23.8305 17.1958
    endloop
  endfacet
  facet normal 0.19134 -0.331411 -0.923881
    outer loop
      vertex 10.1527 -23.8693 17.6945
      vertex 6.86052 -22.1828 16.4077
      vertex 15.7806 -17.0328 16.4077
    endloop
  endfacet
  facet normal 0.0652642 -0.113041 -0.991445
    outer loop
      vertex 6.86052 -22.1828 16.4077
      vertex 13.71 -13.4465 15.8625
      vertex 15.7806 -17.0328 16.4077
    endloop
  endfacet
  facet normal 0.0652649 -0.113042 -0.991444
    outer loop
      vertex 13.71 -13.4465 15.8625
      vertex 6.86052 -22.1828 16.4077
      vertex 4.78997 -18.5965 15.8625
    endloop
  endfacet
  facet normal 0.500001 -0.866025 0
    outer loop
      vertex 4.78997 -18.5965 -1.90735e-07
      vertex 13.71 -13.4465 15.8625
      vertex 4.78997 -18.5965 15.8625
    endloop
  endfacet
  facet normal 0.500001 -0.866025 0
    outer loop
      vertex 13.71 -13.4465 15.8625
      vertex 4.78997 -18.5965 -1.90735e-07
      vertex 13.71 -13.4465 -1.90735e-07
    endloop
  endfacet
  facet normal -0.863423 0.498493 -0.0774875
    outer loop
      vertex -16.0526 19.9033 17.4937
      vertex -17.3839 21.8517 44.8625
      vertex -15.0621 25.6222 43.2477
    endloop
  endfacet
  facet normal -0.863406 0.498524 -0.0774888
    outer loop
      vertex -16.7319 18.6805 17.1958
      vertex -17.3839 21.8517 44.8625
      vertex -16.0526 19.9033 17.4937
    endloop
  endfacet
  facet normal -0.863423 0.498494 -0.077483
    outer loop
      vertex -23.0005 5.15 -1.90735e-07
      vertex -16.3723 18.0577 9.18225
      vertex -16.7255 16.0187 -1.90735e-07
    endloop
  endfacet
  facet normal -0.863423 0.498495 -0.0774874
    outer loop
      vertex -16.3723 18.0577 9.18225
      vertex -24.5437 5.15 17.1958
      vertex -16.7319 18.6805 17.1958
    endloop
  endfacet
  facet normal -0.863422 0.498496 -0.077486
    outer loop
      vertex -16.3723 18.0577 9.18225
      vertex -23.0005 5.15 -1.90735e-07
      vertex -24.5437 5.15 17.1958
    endloop
  endfacet
  facet normal -0.863423 0.498495 -0.0774885
    outer loop
      vertex -27.6161 4.12907 44.8625
      vertex -16.7319 18.6805 17.1958
      vertex -24.5437 5.15 17.1958
    endloop
  endfacet
  facet normal -0.863421 0.498498 -0.0774862
    outer loop
      vertex -16.7319 18.6805 17.1958
      vertex -27.6161 4.12907 44.8625
      vertex -17.3839 21.8517 44.8625
    endloop
  endfacet
  facet normal -0.863418 0.498503 -0.0774855
    outer loop
      vertex -29.845 0 43.1354
      vertex -24.5437 5.15 17.1958
      vertex -26.5 1.8876 18.0061
    endloop
  endfacet
  facet normal -0.863423 0.498494 -0.0774886
    outer loop
      vertex -24.5437 5.15 17.1958
      vertex -29.845 0 43.1354
      vertex -27.6161 4.12907 44.8625
    endloop
  endfacet
  facet normal -0.863423 0.498495 -0.0774868
    outer loop
      vertex -29.845 0 43.1354
      vertex -26.5 1.8876 18.0061
      vertex -27.6704 0 18.9042
    endloop
  endfacet
  facet normal -0.863444 0.49847 -0.0774061
    outer loop
      vertex -27.6161 4.12907 44.8625
      vertex -29.845 0 43.1354
      vertex -29.8137 0.0605532 43.1762
    endloop
  endfacet
  facet normal -0.863411 0.498515 -0.0774881
    outer loop
      vertex -16.3723 18.0577 9.18225
      vertex -15.9603 17.344 -1.90735e-07
      vertex -16.7255 16.0187 -1.90735e-07
    endloop
  endfacet
  facet normal -0.863309 0.498772 -0.0769678
    outer loop
      vertex -14.9225 25.8465 43.1354
      vertex -15.0621 25.6222 43.2477
      vertex -14.9593 25.7891 43.1762
    endloop
  endfacet
  facet normal -0.863386 0.498558 -0.0774887
    outer loop
      vertex -13.8352 23.9633 18.9042
      vertex -15.0621 25.6222 43.2477
      vertex -14.9225 25.8465 43.1354
    endloop
  endfacet
  facet normal -0.863446 0.498468 -0.0774031
    outer loop
      vertex -16.0526 19.9033 17.4937
      vertex -13.8352 23.9633 18.9042
      vertex -14.8847 22.0059 18.0061
    endloop
  endfacet
  facet normal -0.863427 0.498487 -0.0774859
    outer loop
      vertex -13.8352 23.9633 18.9042
      vertex -16.0526 19.9033 17.4937
      vertex -15.0621 25.6222 43.2477
    endloop
  endfacet
  facet normal -0.859107 0.496011 0.12613
    outer loop
      vertex -21.1288 5.15 85.0362
      vertex -15.1653 15.9671 83.1166
      vertex -15.3676 16.3174 80.3611
    endloop
  endfacet
  facet normal -0.859109 0.496009 0.126124
    outer loop
      vertex -21.1288 5.15 85.0362
      vertex -15.3676 16.3174 80.3611
      vertex -25.3818 5.15 56.0663
    endloop
  endfacet
  facet normal -0.85911 0.496013 0.126101
    outer loop
      vertex -21.1288 5.15 85.0362
      vertex -11.8868 20.1644 88.9422
      vertex -15.0244 15.723 85.0362
    endloop
  endfacet
  facet normal -0.859106 0.496011 0.126133
    outer loop
      vertex -15.1653 15.9671 83.1166
      vertex -21.1288 5.15 85.0362
      vertex -15.0244 15.723 85.0362
    endloop
  endfacet
  facet normal -0.85911 0.496003 0.12614
    outer loop
      vertex -23.4062 0.212044 88.9422
      vertex -11.8868 20.1644 88.9422
      vertex -21.1288 5.15 85.0362
    endloop
  endfacet
  facet normal -0.859088 0.495991 0.126335
    outer loop
      vertex -11.8868 20.1644 88.9422
      vertex -23.4062 0.212044 88.9422
      vertex -11.7597 20.3348 89.1375
    endloop
  endfacet
  facet normal -0.859119 0.496011 0.126043
    outer loop
      vertex -11.7597 20.3348 89.1375
      vertex -23.4062 0.212044 88.9422
      vertex -23.4903 0.01675 89.1375
    endloop
  endfacet
  facet normal -0.85911 0.496007 0.126126
    outer loop
      vertex -25.3818 5.15 56.0663
      vertex -17.9359 20.766 45.3722
      vertex -26.9518 5.15 45.3722
    endloop
  endfacet
  facet normal -0.859108 0.496008 0.12613
    outer loop
      vertex -27.6161 4.12907 44.8625
      vertex -17.9359 20.766 45.3722
      vertex -17.3839 21.8517 44.8625
    endloop
  endfacet
  facet normal -0.859103 0.496003 0.126187
    outer loop
      vertex -17.9359 20.766 45.3722
      vertex -27.6161 4.12907 44.8625
      vertex -26.9518 5.15 45.3722
    endloop
  endfacet
  facet normal -0.85911 0.496007 0.126125
    outer loop
      vertex -17.9359 20.766 45.3722
      vertex -25.3818 5.15 56.0663
      vertex -15.3676 16.3174 80.3611
    endloop
  endfacet
  facet normal -0.842882 0.481198 0.240829
    outer loop
      vertex -19.5 0 103.137
      vertex -23.4933 0.00825778 89.1443
      vertex -23.4961 0 89.151
    endloop
  endfacet
  facet normal -0.840671 0.485361 0.240201
    outer loop
      vertex -23.4933 0.00825778 89.1443
      vertex -19.5 0 103.137
      vertex -9.75 16.8875 103.137
    endloop
  endfacet
  facet normal -0.841849 0.483464 0.239902
    outer loop
      vertex -11.7597 20.3348 89.1375
      vertex -9.75 16.8875 103.137
      vertex -11.7481 20.3483 89.151
    endloop
  endfacet
  facet normal -0.840672 0.485361 0.2402
    outer loop
      vertex -23.4903 0.01675 89.1375
      vertex -9.75 16.8875 103.137
      vertex -11.7597 20.3348 89.1375
    endloop
  endfacet
  facet normal -0.840336 0.487179 0.23768
    outer loop
      vertex -9.75 16.8875 103.137
      vertex -23.4903 0.01675 89.1375
      vertex -23.4933 0.00825778 89.1443
    endloop
  endfacet
  facet normal -0.661692 0.382028 0.64515
    outer loop
      vertex 0 0 123.137
      vertex -9.75 16.8875 103.137
      vertex -19.5 0 103.137
    endloop
  endfacet
  facet normal 8.95282e-06 0.996993 -0.0774859
    outer loop
      vertex 13.8352 23.9633 18.9042
      vertex 10.2322 25.9808 44.8625
      vertex 14.8544 25.8497 43.1762
    endloop
  endfacet
  facet normal 0 0.996993 -0.0774879
    outer loop
      vertex 10.2322 25.9808 44.8625
      vertex 7.81184 23.8305 17.1958
      vertex -10.2322 25.9808 44.8625
    endloop
  endfacet
  facet normal 0.000414964 0.996992 -0.0775028
    outer loop
      vertex 13.8352 23.9633 18.9042
      vertex 14.8544 25.8497 43.1762
      vertex 14.9225 25.8465 43.1354
    endloop
  endfacet
  facet normal 0 0.996993 -0.0774879
    outer loop
      vertex -7.81184 23.8305 17.1958
      vertex -10.2322 25.9808 44.8625
      vertex 7.81184 23.8305 17.1958
    endloop
  endfacet
  facet normal 4.49019e-07 0.996993 -0.0774871
    outer loop
      vertex 10.2322 25.9808 44.8625
      vertex 13.8352 23.9633 18.9042
      vertex 11.6153 23.8935 18.0061
    endloop
  endfacet
  facet normal 1.74647e-05 0.996993 -0.0774864
    outer loop
      vertex -10.1527 23.8693 17.6945
      vertex -10.2322 25.9808 44.8625
      vertex -7.81184 23.8305 17.1958
    endloop
  endfacet
  facet normal -5.92792e-06 0.996993 -0.0774874
    outer loop
      vertex 10.2322 25.9808 44.8625
      vertex 11.6153 23.8935 18.0061
      vertex 7.81184 23.8305 17.1958
    endloop
  endfacet
  facet normal -8.74263e-06 0.996993 -0.0774865
    outer loop
      vertex -10.2322 25.9808 44.8625
      vertex -10.1527 23.8693 17.6945
      vertex -14.8544 25.8497 43.1762
    endloop
  endfacet
  facet normal -2.51075e-05 0.996989 -0.0775476
    outer loop
      vertex -13.8352 23.9633 18.9042
      vertex -10.1527 23.8693 17.6945
      vertex -11.6153 23.8935 18.0061
    endloop
  endfacet
  facet normal -0.000383413 0.996988 -0.0775552
    outer loop
      vertex -14.8544 25.8497 43.1762
      vertex -10.1527 23.8693 17.6945
      vertex -14.9225 25.8465 43.1354
    endloop
  endfacet
  facet normal -4.24399e-06 0.996994 -0.0774845
    outer loop
      vertex -14.9225 25.8465 43.1354
      vertex -10.1527 23.8693 17.6945
      vertex -13.8352 23.9633 18.9042
    endloop
  endfacet
  facet normal 0 0.996993 -0.0774888
    outer loop
      vertex 7.04023 22.494 -1.90735e-07
      vertex -7.81184 23.8305 17.1958
      vertex 7.81184 23.8305 17.1958
    endloop
  endfacet
  facet normal 0 0.996993 -0.0774888
    outer loop
      vertex -7.81184 23.8305 17.1958
      vertex 7.04023 22.494 -1.90735e-07
      vertex -7.04023 22.494 -1.90735e-07
    endloop
  endfacet
  facet normal 1.23856e-05 0.992035 0.125959
    outer loop
      vertex -9.71855 20.5416 87.6432
      vertex 11.7307 20.3516 89.1375
      vertex 11.5195 20.3764 88.9422
    endloop
  endfacet
  facet normal 0 0.992013 0.126134
    outer loop
      vertex 11.7307 20.3516 89.1375
      vertex -9.71855 20.5416 87.6432
      vertex -11.7307 20.3516 89.1375
    endloop
  endfacet
  facet normal -0.000620067 0.992117 0.125313
    outer loop
      vertex -11.7307 20.3516 89.1375
      vertex -9.71855 20.5416 87.6432
      vertex -11.5195 20.3764 88.9422
    endloop
  endfacet
  facet normal 2.45386e-06 0.992015 0.126119
    outer loop
      vertex 6.10434 20.873 85.0362
      vertex -9.71855 20.5416 87.6432
      vertex 11.5195 20.3764 88.9422
    endloop
  endfacet
  facet normal 0 0.992017 0.126104
    outer loop
      vertex 6.10434 20.873 85.0362
      vertex -6.10434 20.873 85.0362
      vertex -9.71855 20.5416 87.6432
    endloop
  endfacet
  facet normal 0 0.992012 0.126146
    outer loop
      vertex 6.24525 21.1171 83.1166
      vertex -6.10434 20.873 85.0362
      vertex 6.10434 20.873 85.0362
    endloop
  endfacet
  facet normal 0 0.992012 0.126146
    outer loop
      vertex 6.24525 21.1171 83.1166
      vertex -6.24525 21.1171 83.1166
      vertex -6.10434 20.873 85.0362
    endloop
  endfacet
  facet normal 0 0.992014 0.126127
    outer loop
      vertex 9.01588 25.916 45.3722
      vertex -6.24525 21.1171 83.1166
      vertex 6.24525 21.1171 83.1166
    endloop
  endfacet
  facet normal 0 0.992014 0.126127
    outer loop
      vertex 9.01588 25.916 45.3722
      vertex -9.01588 25.916 45.3722
      vertex -6.24525 21.1171 83.1166
    endloop
  endfacet
  facet normal 0 0.992015 0.126118
    outer loop
      vertex 10.2322 25.9808 44.8625
      vertex -9.01588 25.916 45.3722
      vertex 9.01588 25.916 45.3722
    endloop
  endfacet
  facet normal 0 0.992015 0.126118
    outer loop
      vertex -9.01588 25.916 45.3722
      vertex 10.2322 25.9808 44.8625
      vertex -10.2322 25.9808 44.8625
    endloop
  endfacet
  facet normal -0.00203616 0.970788 0.239928
    outer loop
      vertex 11.7307 20.3516 89.1375
      vertex 9.75 16.8875 103.137
      vertex 11.7481 20.3483 89.151
    endloop
  endfacet
  facet normal 0 0.970723 0.2402
    outer loop
      vertex 9.75 16.8875 103.137
      vertex 11.7307 20.3516 89.1375
      vertex -9.75 16.8875 103.137
    endloop
  endfacet
  facet normal -0 0.970723 0.2402
    outer loop
      vertex -11.7307 20.3516 89.1375
      vertex -9.75 16.8875 103.137
      vertex 11.7307 20.3516 89.1375
    endloop
  endfacet
  facet normal 0.00203616 0.970788 0.239928
    outer loop
      vertex -9.75 16.8875 103.137
      vertex -11.7307 20.3516 89.1375
      vertex -11.7481 20.3483 89.151
    endloop
  endfacet
  facet normal 0 0.764056 0.64515
    outer loop
      vertex 0 0 123.137
      vertex 9.75 16.8875 103.137
      vertex -9.75 16.8875 103.137
    endloop
  endfacet
  facet normal 0.863411 0.498527 -0.0774038
    outer loop
      vertex 17.3839 21.8517 44.8625
      vertex 14.9225 25.8465 43.1354
      vertex 14.9593 25.7891 43.1762
    endloop
  endfacet
  facet normal 0.863421 0.498498 -0.0774856
    outer loop
      vertex 14.9225 25.8465 43.1354
      vertex 17.3839 21.8517 44.8625
      vertex 13.8352 23.9633 18.9042
    endloop
  endfacet
  facet normal 0.863428 0.498485 -0.0774876
    outer loop
      vertex 15.595 20.7271 17.6945
      vertex 13.8352 23.9633 18.9042
      vertex 17.3839 21.8517 44.8625
    endloop
  endfacet
  facet normal 0.863462 0.498449 -0.0773425
    outer loop
      vertex 13.8352 23.9633 18.9042
      vertex 15.595 20.7271 17.6945
      vertex 14.8847 22.0059 18.0061
    endloop
  endfacet
  facet normal 0.863412 0.498513 -0.0774877
    outer loop
      vertex 17.3839 21.8517 44.8625
      vertex 16.7319 18.6805 17.1958
      vertex 15.595 20.7271 17.6945
    endloop
  endfacet
  facet normal 0.863421 0.498498 -0.0774874
    outer loop
      vertex 23.8246 5.15 9.18226
      vertex 15.9603 17.344 -1.90735e-07
      vertex 16.7319 18.6805 17.1958
    endloop
  endfacet
  facet normal 0.863421 0.498498 -0.0774862
    outer loop
      vertex 27.6161 4.12907 44.8625
      vertex 16.7319 18.6805 17.1958
      vertex 17.3839 21.8517 44.8625
    endloop
  endfacet
  facet normal 0.863423 0.498495 -0.0774798
    outer loop
      vertex 16.7319 18.6805 17.1958
      vertex 24.5437 5.15 17.1958
      vertex 23.8246 5.15 9.18226
    endloop
  endfacet
  facet normal 0.863423 0.498495 -0.0774885
    outer loop
      vertex 16.7319 18.6805 17.1958
      vertex 27.6161 4.12907 44.8625
      vertex 24.5437 5.15 17.1958
    endloop
  endfacet
  facet normal 0.863409 0.498519 -0.0774861
    outer loop
      vertex 27.6161 4.12907 44.8625
      vertex 25.2631 3.95034 17.4937
      vertex 24.5437 5.15 17.1958
    endloop
  endfacet
  facet normal 0.863425 0.498491 -0.0774873
    outer loop
      vertex 25.2631 3.95034 17.4937
      vertex 27.6161 4.12907 44.8625
      vertex 29.7205 0.233075 43.2477
    endloop
  endfacet
  facet normal 0.863422 0.498495 -0.077493
    outer loop
      vertex 15.9603 17.344 -1.90735e-07
      vertex 23.8246 5.15 9.18226
      vertex 22.2353 6.47534 -1.90735e-07
    endloop
  endfacet
  facet normal 0.863417 0.498504 -0.077491
    outer loop
      vertex 23.8246 5.15 9.18226
      vertex 23.0005 5.15 -1.90735e-07
      vertex 22.2353 6.47534 -1.90735e-07
    endloop
  endfacet
  facet normal 0.863423 0.498495 -0.0774864
    outer loop
      vertex 27.6704 0 18.9042
      vertex 25.2631 3.95034 17.4937
      vertex 29.7205 0.233075 43.2477
    endloop
  endfacet
  facet normal 0.86336 0.49858 -0.0776341
    outer loop
      vertex 29.845 0 43.1354
      vertex 29.7205 0.233075 43.2477
      vertex 29.8137 0.0605532 43.1762
    endloop
  endfacet
  facet normal 0.863402 0.498531 -0.077485
    outer loop
      vertex 27.6704 0 18.9042
      vertex 29.7205 0.233075 43.2477
      vertex 29.845 0 43.1354
    endloop
  endfacet
  facet normal 0.863423 0.498493 -0.0774914
    outer loop
      vertex 25.2631 3.95034 17.4937
      vertex 27.6704 0 18.9042
      vertex 26.5 1.8876 18.0061
    endloop
  endfacet
  facet normal 0.859357 0.495334 0.127083
    outer loop
      vertex 11.7597 20.3348 89.1375
      vertex 12.9303 18.6873 87.6432
      vertex 11.8868 20.1644 88.9422
    endloop
  endfacet
  facet normal 0.859108 0.496004 0.12615
    outer loop
      vertex 23.4062 0.212044 88.9422
      vertex 12.9303 18.6873 87.6432
      vertex 11.7597 20.3348 89.1375
    endloop
  endfacet
  facet normal 0.85911 0.496014 0.126095
    outer loop
      vertex 12.9303 18.6873 87.6432
      vertex 21.1288 5.15 85.0362
      vertex 15.0244 15.723 85.0362
    endloop
  endfacet
  facet normal 0.859109 0.496004 0.126142
    outer loop
      vertex 12.9303 18.6873 87.6432
      vertex 23.4062 0.212044 88.9422
      vertex 21.1288 5.15 85.0362
    endloop
  endfacet
  facet normal 0.859119 0.496011 0.126043
    outer loop
      vertex 23.4062 0.212044 88.9422
      vertex 11.7597 20.3348 89.1375
      vertex 23.4903 0.01675 89.1375
    endloop
  endfacet
  facet normal 0.859106 0.496011 0.126133
    outer loop
      vertex 21.1288 5.15 85.0362
      vertex 15.1653 15.9671 83.1166
      vertex 15.0244 15.723 85.0362
    endloop
  endfacet
  facet normal 0.859109 0.49601 0.126116
    outer loop
      vertex 15.1653 15.9671 83.1166
      vertex 21.1288 5.15 85.0362
      vertex 21.8151 5.15 80.3611
    endloop
  endfacet
  facet normal 0.859109 0.496008 0.126125
    outer loop
      vertex 15.1653 15.9671 83.1166
      vertex 21.8151 5.15 80.3611
      vertex 17.1509 19.4063 56.0663
    endloop
  endfacet
  facet normal 0.859109 0.496008 0.126125
    outer loop
      vertex 26.9518 5.15 45.3722
      vertex 17.1509 19.4063 56.0663
      vertex 21.8151 5.15 80.3611
    endloop
  endfacet
  facet normal 0.859109 0.496007 0.126128
    outer loop
      vertex 17.1509 19.4063 56.0663
      vertex 26.9518 5.15 45.3722
      vertex 17.9359 20.766 45.3722
    endloop
  endfacet
  facet normal 0.859103 0.496003 0.126187
    outer loop
      vertex 27.6161 4.12907 44.8625
      vertex 17.9359 20.766 45.3722
      vertex 26.9518 5.15 45.3722
    endloop
  endfacet
  facet normal 0.859108 0.496008 0.12613
    outer loop
      vertex 17.9359 20.766 45.3722
      vertex 27.6161 4.12907 44.8625
      vertex 17.3839 21.8517 44.8625
    endloop
  endfacet
  facet normal 0.844472 0.479208 0.239224
    outer loop
      vertex 9.75 16.8875 103.137
      vertex 11.7538 20.3416 89.1443
      vertex 11.7481 20.3483 89.151
    endloop
  endfacet
  facet normal 0.840672 0.485362 0.240199
    outer loop
      vertex 11.7538 20.3416 89.1443
      vertex 9.75 16.8875 103.137
      vertex 19.5 0 103.137
    endloop
  endfacet
  facet normal 0.839571 0.486292 0.24216
    outer loop
      vertex 19.5 0 103.137
      vertex 11.7597 20.3348 89.1375
      vertex 11.7538 20.3416 89.1443
    endloop
  endfacet
  facet normal 0.840672 0.485361 0.240199
    outer loop
      vertex 11.7597 20.3348 89.1375
      vertex 19.5 0 103.137
      vertex 23.4903 0.01675 89.1375
    endloop
  endfacet
  facet normal 0.840945 0.484848 0.240276
    outer loop
      vertex 23.4903 0.01675 89.1375
      vertex 19.5 0 103.137
      vertex 23.4961 0 89.151
    endloop
  endfacet
  facet normal 0.661692 0.382028 0.64515
    outer loop
      vertex 19.5 0 103.137
      vertex 9.75 16.8875 103.137
      vertex 0 0 123.137
    endloop
  endfacet
  facet normal 0.863444 -0.49847 -0.0774061
    outer loop
      vertex 27.6161 -4.12907 44.8625
      vertex 29.845 0 43.1354
      vertex 29.8137 -0.0605532 43.1762
    endloop
  endfacet
  facet normal 0.863423 -0.498495 -0.0774868
    outer loop
      vertex 29.845 0 43.1354
      vertex 26.5 -1.8876 18.0061
      vertex 27.6704 0 18.9042
    endloop
  endfacet
  facet normal 0.863423 -0.498494 -0.0774886
    outer loop
      vertex 29.845 0 43.1354
      vertex 27.6161 -4.12907 44.8625
      vertex 24.5437 -5.15 17.1958
    endloop
  endfacet
  facet normal 0.863418 -0.498503 -0.0774855
    outer loop
      vertex 29.845 0 43.1354
      vertex 24.5437 -5.15 17.1958
      vertex 26.5 -1.8876 18.0061
    endloop
  endfacet
  facet normal 0.863422 -0.498496 -0.077486
    outer loop
      vertex 16.3723 -18.0577 9.18225
      vertex 23.0005 -5.15 -1.90735e-07
      vertex 24.5437 -5.15 17.1958
    endloop
  endfacet
  facet normal 0.863423 -0.498495 -0.0774885
    outer loop
      vertex 16.7319 -18.6805 17.1958
      vertex 24.5437 -5.15 17.1958
      vertex 27.6161 -4.12907 44.8625
    endloop
  endfacet
  facet normal 0.863423 -0.498494 -0.077483
    outer loop
      vertex 23.0005 -5.15 -1.90735e-07
      vertex 16.3723 -18.0577 9.18225
      vertex 16.7255 -16.0187 -1.90735e-07
    endloop
  endfacet
  facet normal 0.863423 -0.498495 -0.0774874
    outer loop
      vertex 24.5437 -5.15 17.1958
      vertex 16.7319 -18.6805 17.1958
      vertex 16.3723 -18.0577 9.18225
    endloop
  endfacet
  facet normal 0.863421 -0.498498 -0.0774862
    outer loop
      vertex 17.3839 -21.8517 44.8625
      vertex 16.7319 -18.6805 17.1958
      vertex 27.6161 -4.12907 44.8625
    endloop
  endfacet
  facet normal 0.863406 -0.498524 -0.0774888
    outer loop
      vertex 16.7319 -18.6805 17.1958
      vertex 17.3839 -21.8517 44.8625
      vertex 16.0526 -19.9033 17.4937
    endloop
  endfacet
  facet normal 0.863423 -0.498493 -0.0774875
    outer loop
      vertex 16.0526 -19.9033 17.4937
      vertex 17.3839 -21.8517 44.8625
      vertex 15.0621 -25.6222 43.2477
    endloop
  endfacet
  facet normal 0.863411 -0.498515 -0.0774881
    outer loop
      vertex 16.7255 -16.0187 -1.90735e-07
      vertex 16.3723 -18.0577 9.18225
      vertex 15.9603 -17.344 -1.90735e-07
    endloop
  endfacet
  facet normal 0.863446 -0.498468 -0.0774031
    outer loop
      vertex 16.0526 -19.9033 17.4937
      vertex 13.8352 -23.9633 18.9042
      vertex 14.8847 -22.0059 18.0061
    endloop
  endfacet
  facet normal 0.863427 -0.498487 -0.0774859
    outer loop
      vertex 15.0621 -25.6222 43.2477
      vertex 13.8352 -23.9633 18.9042
      vertex 16.0526 -19.9033 17.4937
    endloop
  endfacet
  facet normal 0.863309 -0.498772 -0.0769678
    outer loop
      vertex 14.9225 -25.8465 43.1354
      vertex 15.0621 -25.6222 43.2477
      vertex 14.9593 -25.7891 43.1762
    endloop
  endfacet
  facet normal 0.863386 -0.498558 -0.0774887
    outer loop
      vertex 15.0621 -25.6222 43.2477
      vertex 14.9225 -25.8465 43.1354
      vertex 13.8352 -23.9633 18.9042
    endloop
  endfacet
  facet normal 0.859119 -0.496011 0.126043
    outer loop
      vertex 11.7597 -20.3348 89.1375
      vertex 23.4062 -0.212044 88.9422
      vertex 23.4903 -0.01675 89.1375
    endloop
  endfacet
  facet normal 0.859106 -0.496011 0.126133
    outer loop
      vertex 15.1653 -15.9671 83.1166
      vertex 21.1288 -5.15 85.0362
      vertex 15.0244 -15.723 85.0362
    endloop
  endfacet
  facet normal 0.85911 -0.496003 0.12614
    outer loop
      vertex 23.4062 -0.212044 88.9422
      vertex 11.8868 -20.1644 88.9422
      vertex 21.1288 -5.15 85.0362
    endloop
  endfacet
  facet normal 0.85911 -0.496013 0.126101
    outer loop
      vertex 21.1288 -5.15 85.0362
      vertex 11.8868 -20.1644 88.9422
      vertex 15.0244 -15.723 85.0362
    endloop
  endfacet
  facet normal 0.859088 -0.495991 0.126335
    outer loop
      vertex 23.4062 -0.212044 88.9422
      vertex 11.7597 -20.3348 89.1375
      vertex 11.8868 -20.1644 88.9422
    endloop
  endfacet
  facet normal 0.859107 -0.496011 0.12613
    outer loop
      vertex 15.3676 -16.3174 80.3611
      vertex 21.1288 -5.15 85.0362
      vertex 15.1653 -15.9671 83.1166
    endloop
  endfacet
  facet normal 0.859109 -0.496009 0.126124
    outer loop
      vertex 21.1288 -5.15 85.0362
      vertex 15.3676 -16.3174 80.3611
      vertex 25.3818 -5.15 56.0663
    endloop
  endfacet
  facet normal 0.85911 -0.496007 0.126125
    outer loop
      vertex 17.9359 -20.766 45.3722
      vertex 25.3818 -5.15 56.0663
      vertex 15.3676 -16.3174 80.3611
    endloop
  endfacet
  facet normal 0.85911 -0.496007 0.126126
    outer loop
      vertex 25.3818 -5.15 56.0663
      vertex 17.9359 -20.766 45.3722
      vertex 26.9518 -5.15 45.3722
    endloop
  endfacet
  facet normal 0.859103 -0.496003 0.126187
    outer loop
      vertex 17.9359 -20.766 45.3722
      vertex 27.6161 -4.12907 44.8625
      vertex 26.9518 -5.15 45.3722
    endloop
  endfacet
  facet normal 0.859108 -0.496008 0.12613
    outer loop
      vertex 27.6161 -4.12907 44.8625
      vertex 17.9359 -20.766 45.3722
      vertex 17.3839 -21.8517 44.8625
    endloop
  endfacet
  facet normal 0.842882 -0.481198 0.240829
    outer loop
      vertex 19.5 0 103.137
      vertex 23.4933 -0.00825778 89.1443
      vertex 23.4961 0 89.151
    endloop
  endfacet
  facet normal 0.840671 -0.485361 0.240201
    outer loop
      vertex 23.4933 -0.00825778 89.1443
      vertex 19.5 0 103.137
      vertex 9.75 -16.8875 103.137
    endloop
  endfacet
  facet normal 0.840336 -0.487179 0.23768
    outer loop
      vertex 9.75 -16.8875 103.137
      vertex 23.4903 -0.01675 89.1375
      vertex 23.4933 -0.00825778 89.1443
    endloop
  endfacet
  facet normal 0.840672 -0.485361 0.2402
    outer loop
      vertex 9.75 -16.8875 103.137
      vertex 11.7597 -20.3348 89.1375
      vertex 23.4903 -0.01675 89.1375
    endloop
  endfacet
  facet normal 0.841849 -0.483464 0.239902
    outer loop
      vertex 11.7597 -20.3348 89.1375
      vertex 9.75 -16.8875 103.137
      vertex 11.7481 -20.3483 89.151
    endloop
  endfacet
  facet normal 0.661692 -0.382028 0.64515
    outer loop
      vertex 9.75 -16.8875 103.137
      vertex 19.5 0 103.137
      vertex 0 0 123.137
    endloop
  endfacet
  facet normal -8.95282e-06 -0.996993 -0.0774859
    outer loop
      vertex -13.8352 -23.9633 18.9042
      vertex -10.2322 -25.9808 44.8625
      vertex -14.8544 -25.8497 43.1762
    endloop
  endfacet
  facet normal 0 -0.996993 -0.0774879
    outer loop
      vertex -10.2322 -25.9808 44.8625
      vertex -7.81184 -23.8305 17.1958
      vertex 10.2322 -25.9808 44.8625
    endloop
  endfacet
  facet normal -0.000414964 -0.996992 -0.0775028
    outer loop
      vertex -13.8352 -23.9633 18.9042
      vertex -14.8544 -25.8497 43.1762
      vertex -14.9225 -25.8465 43.1354
    endloop
  endfacet
  facet normal -0 -0.996993 -0.0774879
    outer loop
      vertex 7.81184 -23.8305 17.1958
      vertex 10.2322 -25.9808 44.8625
      vertex -7.81184 -23.8305 17.1958
    endloop
  endfacet
  facet normal -4.49019e-07 -0.996993 -0.0774871
    outer loop
      vertex -10.2322 -25.9808 44.8625
      vertex -13.8352 -23.9633 18.9042
      vertex -11.6153 -23.8935 18.0061
    endloop
  endfacet
  facet normal -1.74647e-05 -0.996993 -0.0774864
    outer loop
      vertex 10.1527 -23.8693 17.6945
      vertex 10.2322 -25.9808 44.8625
      vertex 7.81184 -23.8305 17.1958
    endloop
  endfacet
  facet normal 5.92792e-06 -0.996993 -0.0774874
    outer loop
      vertex -10.2322 -25.9808 44.8625
      vertex -11.6153 -23.8935 18.0061
      vertex -7.81184 -23.8305 17.1958
    endloop
  endfacet
  facet normal 8.74263e-06 -0.996993 -0.0774865
    outer loop
      vertex 10.2322 -25.9808 44.8625
      vertex 10.1527 -23.8693 17.6945
      vertex 14.8544 -25.8497 43.1762
    endloop
  endfacet
  facet normal 2.51075e-05 -0.996989 -0.0775476
    outer loop
      vertex 13.8352 -23.9633 18.9042
      vertex 10.1527 -23.8693 17.6945
      vertex 11.6153 -23.8935 18.0061
    endloop
  endfacet
  facet normal 0.000383413 -0.996988 -0.0775552
    outer loop
      vertex 14.8544 -25.8497 43.1762
      vertex 10.1527 -23.8693 17.6945
      vertex 14.9225 -25.8465 43.1354
    endloop
  endfacet
  facet normal 4.24399e-06 -0.996994 -0.0774845
    outer loop
      vertex 14.9225 -25.8465 43.1354
      vertex 10.1527 -23.8693 17.6945
      vertex 13.8352 -23.9633 18.9042
    endloop
  endfacet
  facet normal 0 -0.996993 -0.0774888
    outer loop
      vertex -7.04023 -22.494 -1.90735e-07
      vertex 7.81184 -23.8305 17.1958
      vertex -7.81184 -23.8305 17.1958
    endloop
  endfacet
  facet normal 0 -0.996993 -0.0774888
    outer loop
      vertex 7.81184 -23.8305 17.1958
      vertex -7.04023 -22.494 -1.90735e-07
      vertex 7.04023 -22.494 -1.90735e-07
    endloop
  endfacet
  facet normal -1.23856e-05 -0.992035 0.125959
    outer loop
      vertex 9.71855 -20.5416 87.6432
      vertex -11.7307 -20.3516 89.1375
      vertex -11.5195 -20.3764 88.9422
    endloop
  endfacet
  facet normal 0 -0.992013 0.126134
    outer loop
      vertex -11.7307 -20.3516 89.1375
      vertex 9.71855 -20.5416 87.6432
      vertex 11.7307 -20.3516 89.1375
    endloop
  endfacet
  facet normal 0.000620067 -0.992117 0.125313
    outer loop
      vertex 11.7307 -20.3516 89.1375
      vertex 9.71855 -20.5416 87.6432
      vertex 11.5195 -20.3764 88.9422
    endloop
  endfacet
  facet normal -2.45386e-06 -0.992015 0.126119
    outer loop
      vertex -6.10434 -20.873 85.0362
      vertex 9.71855 -20.5416 87.6432
      vertex -11.5195 -20.3764 88.9422
    endloop
  endfacet
  facet normal 0 -0.992017 0.126104
    outer loop
      vertex -6.10434 -20.873 85.0362
      vertex 6.10434 -20.873 85.0362
      vertex 9.71855 -20.5416 87.6432
    endloop
  endfacet
  facet normal 0 -0.992012 0.126146
    outer loop
      vertex -6.24525 -21.1171 83.1166
      vertex 6.10434 -20.873 85.0362
      vertex -6.10434 -20.873 85.0362
    endloop
  endfacet
  facet normal 0 -0.992012 0.126146
    outer loop
      vertex -6.24525 -21.1171 83.1166
      vertex 6.24525 -21.1171 83.1166
      vertex 6.10434 -20.873 85.0362
    endloop
  endfacet
  facet normal 0 -0.992014 0.126127
    outer loop
      vertex -9.01588 -25.916 45.3722
      vertex 6.24525 -21.1171 83.1166
      vertex -6.24525 -21.1171 83.1166
    endloop
  endfacet
  facet normal 0 -0.992014 0.126127
    outer loop
      vertex -9.01588 -25.916 45.3722
      vertex 9.01588 -25.916 45.3722
      vertex 6.24525 -21.1171 83.1166
    endloop
  endfacet
  facet normal 0 -0.992015 0.126118
    outer loop
      vertex -10.2322 -25.9808 44.8625
      vertex 9.01588 -25.916 45.3722
      vertex -9.01588 -25.916 45.3722
    endloop
  endfacet
  facet normal 0 -0.992015 0.126118
    outer loop
      vertex 9.01588 -25.916 45.3722
      vertex -10.2322 -25.9808 44.8625
      vertex 10.2322 -25.9808 44.8625
    endloop
  endfacet
  facet normal 0.00203616 -0.970788 0.239928
    outer loop
      vertex -11.7307 -20.3516 89.1375
      vertex -9.75 -16.8875 103.137
      vertex -11.7481 -20.3483 89.151
    endloop
  endfacet
  facet normal 0 -0.970723 0.2402
    outer loop
      vertex -9.75 -16.8875 103.137
      vertex -11.7307 -20.3516 89.1375
      vertex 9.75 -16.8875 103.137
    endloop
  endfacet
  facet normal 0 -0.970723 0.2402
    outer loop
      vertex 11.7307 -20.3516 89.1375
      vertex 9.75 -16.8875 103.137
      vertex -11.7307 -20.3516 89.1375
    endloop
  endfacet
  facet normal -0.00203616 -0.970788 0.239928
    outer loop
      vertex 9.75 -16.8875 103.137
      vertex 11.7307 -20.3516 89.1375
      vertex 11.7481 -20.3483 89.151
    endloop
  endfacet
  facet normal 0 -0.764056 0.64515
    outer loop
      vertex 9.75 -16.8875 103.137
      vertex 0 0 123.137
      vertex -9.75 -16.8875 103.137
    endloop
  endfacet
  facet normal -0.863422 -0.498495 -0.077493
    outer loop
      vertex -15.9603 -17.344 -1.90735e-07
      vertex -23.8246 -5.15 9.18226
      vertex -22.2353 -6.47534 -1.90735e-07
    endloop
  endfacet
  facet normal -0.863425 -0.498491 -0.0774873
    outer loop
      vertex -25.2631 -3.95034 17.4937
      vertex -27.6161 -4.12907 44.8625
      vertex -29.7205 -0.233075 43.2477
    endloop
  endfacet
  facet normal -0.863409 -0.498519 -0.0774861
    outer loop
      vertex -24.5437 -5.15 17.1958
      vertex -27.6161 -4.12907 44.8625
      vertex -25.2631 -3.95034 17.4937
    endloop
  endfacet
  facet normal -0.863423 -0.498495 -0.0774798
    outer loop
      vertex -23.8246 -5.15 9.18226
      vertex -16.7319 -18.6805 17.1958
      vertex -24.5437 -5.15 17.1958
    endloop
  endfacet
  facet normal -0.863421 -0.498498 -0.0774874
    outer loop
      vertex -23.8246 -5.15 9.18226
      vertex -15.9603 -17.344 -1.90735e-07
      vertex -16.7319 -18.6805 17.1958
    endloop
  endfacet
  facet normal -0.863423 -0.498495 -0.0774885
    outer loop
      vertex -24.5437 -5.15 17.1958
      vertex -16.7319 -18.6805 17.1958
      vertex -27.6161 -4.12907 44.8625
    endloop
  endfacet
  facet normal -0.863412 -0.498513 -0.0774877
    outer loop
      vertex -17.3839 -21.8517 44.8625
      vertex -16.7319 -18.6805 17.1958
      vertex -15.595 -20.7271 17.6945
    endloop
  endfacet
  facet normal -0.863421 -0.498498 -0.0774862
    outer loop
      vertex -16.7319 -18.6805 17.1958
      vertex -17.3839 -21.8517 44.8625
      vertex -27.6161 -4.12907 44.8625
    endloop
  endfacet
  facet normal -0.863462 -0.498449 -0.0773425
    outer loop
      vertex -13.8352 -23.9633 18.9042
      vertex -15.595 -20.7271 17.6945
      vertex -14.8847 -22.0059 18.0061
    endloop
  endfacet
  facet normal -0.863428 -0.498485 -0.0774876
    outer loop
      vertex -15.595 -20.7271 17.6945
      vertex -13.8352 -23.9633 18.9042
      vertex -17.3839 -21.8517 44.8625
    endloop
  endfacet
  facet normal -0.863421 -0.498498 -0.0774856
    outer loop
      vertex -14.9225 -25.8465 43.1354
      vertex -17.3839 -21.8517 44.8625
      vertex -13.8352 -23.9633 18.9042
    endloop
  endfacet
  facet normal -0.863411 -0.498527 -0.0774038
    outer loop
      vertex -17.3839 -21.8517 44.8625
      vertex -14.9225 -25.8465 43.1354
      vertex -14.9593 -25.7891 43.1762
    endloop
  endfacet
  facet normal -0.863417 -0.498504 -0.077491
    outer loop
      vertex -23.0005 -5.15 -1.90735e-07
      vertex -22.2353 -6.47534 -1.90735e-07
      vertex -23.8246 -5.15 9.18226
    endloop
  endfacet
  facet normal -0.863402 -0.498531 -0.077485
    outer loop
      vertex -29.7205 -0.233075 43.2477
      vertex -29.845 0 43.1354
      vertex -27.6704 0 18.9042
    endloop
  endfacet
  facet normal -0.86336 -0.49858 -0.0776341
    outer loop
      vertex -29.845 0 43.1354
      vertex -29.7205 -0.233075 43.2477
      vertex -29.8137 -0.0605532 43.1762
    endloop
  endfacet
  facet normal -0.863423 -0.498493 -0.0774914
    outer loop
      vertex -25.2631 -3.95034 17.4937
      vertex -27.6704 0 18.9042
      vertex -26.5 -1.8876 18.0061
    endloop
  endfacet
  facet normal -0.863423 -0.498495 -0.0774864
    outer loop
      vertex -27.6704 0 18.9042
      vertex -25.2631 -3.95034 17.4937
      vertex -29.7205 -0.233075 43.2477
    endloop
  endfacet
  facet normal -0.859109 -0.49601 0.126116
    outer loop
      vertex -15.1653 -15.9671 83.1166
      vertex -21.1288 -5.15 85.0362
      vertex -21.8151 -5.15 80.3611
    endloop
  endfacet
  facet normal -0.859106 -0.496011 0.126133
    outer loop
      vertex -21.1288 -5.15 85.0362
      vertex -15.1653 -15.9671 83.1166
      vertex -15.0244 -15.723 85.0362
    endloop
  endfacet
  facet normal -0.859109 -0.496008 0.126125
    outer loop
      vertex -15.1653 -15.9671 83.1166
      vertex -21.8151 -5.15 80.3611
      vertex -17.1509 -19.4063 56.0663
    endloop
  endfacet
  facet normal -0.859109 -0.496004 0.126142
    outer loop
      vertex -12.9303 -18.6873 87.6432
      vertex -23.4062 -0.212044 88.9422
      vertex -21.1288 -5.15 85.0362
    endloop
  endfacet
  facet normal -0.85911 -0.496014 0.126095
    outer loop
      vertex -12.9303 -18.6873 87.6432
      vertex -21.1288 -5.15 85.0362
      vertex -15.0244 -15.723 85.0362
    endloop
  endfacet
  facet normal -0.859108 -0.496004 0.12615
    outer loop
      vertex -11.7597 -20.3348 89.1375
      vertex -23.4062 -0.212044 88.9422
      vertex -12.9303 -18.6873 87.6432
    endloop
  endfacet
  facet normal -0.859357 -0.495334 0.127083
    outer loop
      vertex -11.7597 -20.3348 89.1375
      vertex -12.9303 -18.6873 87.6432
      vertex -11.8868 -20.1644 88.9422
    endloop
  endfacet
  facet normal -0.859119 -0.496011 0.126043
    outer loop
      vertex -23.4062 -0.212044 88.9422
      vertex -11.7597 -20.3348 89.1375
      vertex -23.4903 -0.01675 89.1375
    endloop
  endfacet
  facet normal -0.859109 -0.496008 0.126125
    outer loop
      vertex -26.9518 -5.15 45.3722
      vertex -17.1509 -19.4063 56.0663
      vertex -21.8151 -5.15 80.3611
    endloop
  endfacet
  facet normal -0.859109 -0.496007 0.126128
    outer loop
      vertex -26.9518 -5.15 45.3722
      vertex -17.9359 -20.766 45.3722
      vertex -17.1509 -19.4063 56.0663
    endloop
  endfacet
  facet normal -0.859103 -0.496003 0.126187
    outer loop
      vertex -27.6161 -4.12907 44.8625
      vertex -17.9359 -20.766 45.3722
      vertex -26.9518 -5.15 45.3722
    endloop
  endfacet
  facet normal -0.859108 -0.496008 0.12613
    outer loop
      vertex -17.9359 -20.766 45.3722
      vertex -27.6161 -4.12907 44.8625
      vertex -17.3839 -21.8517 44.8625
    endloop
  endfacet
  facet normal -0.840672 -0.485362 0.240199
    outer loop
      vertex -11.7538 -20.3416 89.1443
      vertex -9.75 -16.8875 103.137
      vertex -19.5 0 103.137
    endloop
  endfacet
  facet normal -0.844472 -0.479208 0.239224
    outer loop
      vertex -9.75 -16.8875 103.137
      vertex -11.7538 -20.3416 89.1443
      vertex -11.7481 -20.3483 89.151
    endloop
  endfacet
  facet normal -0.840945 -0.484848 0.240276
    outer loop
      vertex -23.4903 -0.01675 89.1375
      vertex -19.5 0 103.137
      vertex -23.4961 0 89.151
    endloop
  endfacet
  facet normal -0.840672 -0.485361 0.240199
    outer loop
      vertex -11.7597 -20.3348 89.1375
      vertex -19.5 0 103.137
      vertex -23.4903 -0.01675 89.1375
    endloop
  endfacet
  facet normal -0.839571 -0.486292 0.24216
    outer loop
      vertex -19.5 0 103.137
      vertex -11.7597 -20.3348 89.1375
      vertex -11.7538 -20.3416 89.1443
    endloop
  endfacet
  facet normal -0.661692 -0.382028 0.64515
    outer loop
      vertex -9.75 -16.8875 103.137
      vertex 0 0 123.137
      vertex -19.5 0 103.137
    endloop
  endfacet
  facet normal -0.615298 0.788295 0
    outer loop
      vertex 8.61823 -10.5013 -1.90735e-07
      vertex 8.09257 -10.9116 101.137
      vertex 8.61823 -10.5013 101.137
    endloop
  endfacet
  facet normal -0.615298 0.788295 0
    outer loop
      vertex 8.09257 -10.9116 101.137
      vertex 8.61823 -10.5013 -1.90735e-07
      vertex 8.09257 -10.9116 -1.90735e-07
    endloop
  endfacet
  facet normal -0.997296 -0.0734876 0
    outer loop
      vertex 13.5686 0.666584 -1.90735e-07
      vertex 13.5196 1.33156 101.137
      vertex 13.5196 1.33156 -1.90735e-07
    endloop
  endfacet
  facet normal -0.997296 -0.0734876 0
    outer loop
      vertex 13.5196 1.33156 101.137
      vertex 13.5686 0.666584 -1.90735e-07
      vertex 13.5686 0.666584 101.137
    endloop
  endfacet
  facet normal -0.999697 -0.0245956 0
    outer loop
      vertex 13.585 0 -1.90735e-07
      vertex 13.5686 0.666584 101.137
      vertex 13.5686 0.666584 -1.90735e-07
    endloop
  endfacet
  facet normal -0.999697 -0.0245956 0
    outer loop
      vertex 13.5686 0.666584 101.137
      vertex 13.585 0 -1.90735e-07
      vertex 13.585 0 101.137
    endloop
  endfacet
  facet normal -0.992483 -0.122379 0
    outer loop
      vertex 13.5196 1.33156 -1.90735e-07
      vertex 13.438 1.99333 101.137
      vertex 13.438 1.99333 -1.90735e-07
    endloop
  endfacet
  facet normal -0.992483 -0.122379 0
    outer loop
      vertex 13.438 1.99333 101.137
      vertex 13.5196 1.33156 -1.90735e-07
      vertex 13.5196 1.33156 101.137
    endloop
  endfacet
  facet normal 0.492941 -0.870063 0
    outer loop
      vertex -6.98409 11.6522 -1.90735e-07
      vertex -6.40392 11.9809 101.137
      vertex -6.98409 11.6522 101.137
    endloop
  endfacet
  facet normal 0.492941 -0.870063 0
    outer loop
      vertex -6.40392 11.9809 101.137
      vertex -6.98409 11.6522 -1.90735e-07
      vertex -6.40392 11.9809 -1.90735e-07
    endloop
  endfacet
  facet normal 0.963753 -0.266797 0
    outer loop
      vertex -13.1779 3.30089 101.137
      vertex -13 3.94352 -1.90735e-07
      vertex -13 3.94352 101.137
    endloop
  endfacet
  facet normal 0.963753 -0.266797 0
    outer loop
      vertex -13 3.94352 -1.90735e-07
      vertex -13.1779 3.30089 101.137
      vertex -13.1779 3.30089 -1.90735e-07
    endloop
  endfacet
  facet normal 0.817612 -0.57577 0
    outer loop
      vertex -11.2955 7.54742 101.137
      vertex -10.9116 8.09257 -1.90735e-07
      vertex -10.9116 8.09257 101.137
    endloop
  endfacet
  facet normal 0.817612 -0.57577 0
    outer loop
      vertex -10.9116 8.09257 -1.90735e-07
      vertex -11.2955 7.54742 101.137
      vertex -11.2955 7.54742 -1.90735e-07
    endloop
  endfacet
  facet normal -0.653147 -0.757231 0
    outer loop
      vertex 8.61823 10.5013 -1.90735e-07
      vertex 9.12313 10.0658 101.137
      vertex 8.61823 10.5013 101.137
    endloop
  endfacet
  facet normal -0.653147 -0.757231 -0
    outer loop
      vertex 9.12313 10.0658 101.137
      vertex 8.61823 10.5013 -1.90735e-07
      vertex 9.12313 10.0658 -1.90735e-07
    endloop
  endfacet
  facet normal 0.914217 0.405225 0
    outer loop
      vertex -12.2807 -5.80834 101.137
      vertex -12.5509 -5.19875 -1.90735e-07
      vertex -12.5509 -5.19875 101.137
    endloop
  endfacet
  facet normal 0.914217 0.405225 0
    outer loop
      vertex -12.5509 -5.19875 -1.90735e-07
      vertex -12.2807 -5.80834 101.137
      vertex -12.2807 -5.80834 -1.90735e-07
    endloop
  endfacet
  facet normal 0.219109 -0.9757 0
    outer loop
      vertex -3.30089 13.1779 -1.90735e-07
      vertex -2.6503 13.324 101.137
      vertex -3.30089 13.1779 101.137
    endloop
  endfacet
  facet normal 0.219109 -0.9757 0
    outer loop
      vertex -2.6503 13.324 101.137
      vertex -3.30089 13.1779 -1.90735e-07
      vertex -2.6503 13.324 -1.90735e-07
    endloop
  endfacet
  facet normal 0.57577 -0.817612 0
    outer loop
      vertex -8.09257 10.9116 -1.90735e-07
      vertex -7.54742 11.2955 101.137
      vertex -8.09257 10.9116 101.137
    endloop
  endfacet
  facet normal 0.57577 -0.817612 0
    outer loop
      vertex -7.54742 11.2955 101.137
      vertex -8.09257 10.9116 -1.90735e-07
      vertex -7.54742 11.2955 -1.90735e-07
    endloop
  endfacet
  facet normal -0.449624 -0.893218 0
    outer loop
      vertex 5.80834 12.2807 -1.90735e-07
      vertex 6.40392 11.9809 101.137
      vertex 5.80834 12.2807 101.137
    endloop
  endfacet
  facet normal -0.449624 -0.893218 -0
    outer loop
      vertex 6.40392 11.9809 101.137
      vertex 5.80834 12.2807 -1.90735e-07
      vertex 6.40392 11.9809 -1.90735e-07
    endloop
  endfacet
  facet normal -0.9757 -0.219109 0
    outer loop
      vertex 13.324 2.6503 -1.90735e-07
      vertex 13.1779 3.30089 101.137
      vertex 13.1779 3.30089 -1.90735e-07
    endloop
  endfacet
  facet normal -0.9757 -0.219109 0
    outer loop
      vertex 13.1779 3.30089 101.137
      vertex 13.324 2.6503 -1.90735e-07
      vertex 13.324 2.6503 101.137
    endloop
  endfacet
  facet normal -0.313603 0.949554 0
    outer loop
      vertex 4.57665 -12.7909 -1.90735e-07
      vertex 3.94352 -13 101.137
      vertex 4.57665 -12.7909 101.137
    endloop
  endfacet
  facet normal -0.313603 0.949554 0
    outer loop
      vertex 3.94352 -13 101.137
      vertex 4.57665 -12.7909 -1.90735e-07
      vertex 3.94352 -13 -1.90735e-07
    endloop
  endfacet
  facet normal -0.757231 0.653147 0
    outer loop
      vertex 10.0658 -9.12313 -1.90735e-07
      vertex 10.5013 -8.61823 101.137
      vertex 10.5013 -8.61823 -1.90735e-07
    endloop
  endfacet
  facet normal -0.757231 0.653147 0
    outer loop
      vertex 10.5013 -8.61823 101.137
      vertex 10.0658 -9.12313 -1.90735e-07
      vertex 10.0658 -9.12313 101.137
    endloop
  endfacet
  facet normal 0.757231 0.653147 0
    outer loop
      vertex -10.0658 -9.12313 101.137
      vertex -10.5013 -8.61823 -1.90735e-07
      vertex -10.5013 -8.61823 101.137
    endloop
  endfacet
  facet normal 0.757231 0.653147 0
    outer loop
      vertex -10.5013 -8.61823 -1.90735e-07
      vertex -10.0658 -9.12313 101.137
      vertex -10.0658 -9.12313 -1.90735e-07
    endloop
  endfacet
  facet normal -0.914217 0.405225 0
    outer loop
      vertex 12.2807 -5.80834 -1.90735e-07
      vertex 12.5509 -5.19875 101.137
      vertex 12.5509 -5.19875 -1.90735e-07
    endloop
  endfacet
  facet normal -0.914217 0.405225 0
    outer loop
      vertex 12.5509 -5.19875 101.137
      vertex 12.2807 -5.80834 -1.90735e-07
      vertex 12.2807 -5.80834 101.137
    endloop
  endfacet
  facet normal -0.788295 -0.615298 0
    outer loop
      vertex 10.9116 8.09257 -1.90735e-07
      vertex 10.5013 8.61823 101.137
      vertex 10.5013 8.61823 -1.90735e-07
    endloop
  endfacet
  facet normal -0.788295 -0.615298 0
    outer loop
      vertex 10.5013 8.61823 101.137
      vertex 10.9116 8.09257 -1.90735e-07
      vertex 10.9116 8.09257 101.137
    endloop
  endfacet
  facet normal 0.170969 0.985276 -0
    outer loop
      vertex -1.99333 -13.438 -1.90735e-07
      vertex -2.6503 -13.324 101.137
      vertex -1.99333 -13.438 101.137
    endloop
  endfacet
  facet normal 0.170969 0.985276 0
    outer loop
      vertex -2.6503 -13.324 101.137
      vertex -1.99333 -13.438 -1.90735e-07
      vertex -2.6503 -13.324 -1.90735e-07
    endloop
  endfacet
  facet normal -0.788295 0.615298 0
    outer loop
      vertex 10.5013 -8.61823 -1.90735e-07
      vertex 10.9116 -8.09257 101.137
      vertex 10.9116 -8.09257 -1.90735e-07
    endloop
  endfacet
  facet normal -0.788295 0.615298 0
    outer loop
      vertex 10.9116 -8.09257 101.137
      vertex 10.5013 -8.61823 -1.90735e-07
      vertex 10.5013 -8.61823 101.137
    endloop
  endfacet
  facet normal 0.893218 -0.449624 0
    outer loop
      vertex -12.2807 5.80834 101.137
      vertex -11.9809 6.40392 -1.90735e-07
      vertex -11.9809 6.40392 101.137
    endloop
  endfacet
  facet normal 0.893218 -0.449624 0
    outer loop
      vertex -11.9809 6.40392 -1.90735e-07
      vertex -12.2807 5.80834 101.137
      vertex -12.2807 5.80834 -1.90735e-07
    endloop
  endfacet
  facet normal -0.870063 0.492941 0
    outer loop
      vertex 11.6522 -6.98409 -1.90735e-07
      vertex 11.9809 -6.40392 101.137
      vertex 11.9809 -6.40392 -1.90735e-07
    endloop
  endfacet
  facet normal -0.870063 0.492941 0
    outer loop
      vertex 11.9809 -6.40392 101.137
      vertex 11.6522 -6.98409 -1.90735e-07
      vertex 11.6522 -6.98409 101.137
    endloop
  endfacet
  facet normal 0.9757 -0.219109 0
    outer loop
      vertex -13.324 2.6503 101.137
      vertex -13.1779 3.30089 -1.90735e-07
      vertex -13.1779 3.30089 101.137
    endloop
  endfacet
  facet normal 0.9757 -0.219109 0
    outer loop
      vertex -13.1779 3.30089 -1.90735e-07
      vertex -13.324 2.6503 101.137
      vertex -13.324 2.6503 -1.90735e-07
    endloop
  endfacet
  facet normal -0.914217 -0.405225 0
    outer loop
      vertex 12.5509 5.19875 -1.90735e-07
      vertex 12.2807 5.80834 101.137
      vertex 12.2807 5.80834 -1.90735e-07
    endloop
  endfacet
  facet normal -0.914217 -0.405225 0
    outer loop
      vertex 12.2807 5.80834 101.137
      vertex 12.5509 5.19875 -1.90735e-07
      vertex 12.5509 5.19875 101.137
    endloop
  endfacet
  facet normal 0.999697 0.0245956 0
    outer loop
      vertex -13.5686 -0.666584 101.137
      vertex -13.585 0 -1.90735e-07
      vertex -13.585 0 101.137
    endloop
  endfacet
  facet normal 0.999697 0.0245956 0
    outer loop
      vertex -13.585 0 -1.90735e-07
      vertex -13.5686 -0.666584 101.137
      vertex -13.5686 -0.666584 -1.90735e-07
    endloop
  endfacet
  facet normal -0.949554 0.313603 0
    outer loop
      vertex 12.7909 -4.57665 -1.90735e-07
      vertex 13 -3.94352 101.137
      vertex 13 -3.94352 -1.90735e-07
    endloop
  endfacet
  facet normal -0.949554 0.313603 0
    outer loop
      vertex 13 -3.94352 101.137
      vertex 12.7909 -4.57665 -1.90735e-07
      vertex 12.7909 -4.57665 101.137
    endloop
  endfacet
  facet normal -0.870063 -0.492941 0
    outer loop
      vertex 11.9809 6.40392 -1.90735e-07
      vertex 11.6522 6.98409 101.137
      vertex 11.6522 6.98409 -1.90735e-07
    endloop
  endfacet
  facet normal -0.870063 -0.492941 0
    outer loop
      vertex 11.6522 6.98409 101.137
      vertex 11.9809 6.40392 -1.90735e-07
      vertex 11.9809 6.40392 101.137
    endloop
  endfacet
  facet normal 0.689534 0.724253 -0
    outer loop
      vertex -9.12313 -10.0658 -1.90735e-07
      vertex -9.60604 -9.60604 101.137
      vertex -9.12313 -10.0658 101.137
    endloop
  endfacet
  facet normal 0.689534 0.724253 0
    outer loop
      vertex -9.60604 -9.60604 101.137
      vertex -9.12313 -10.0658 -1.90735e-07
      vertex -9.60604 -9.60604 -1.90735e-07
    endloop
  endfacet
  facet normal 0.122379 0.992483 -0
    outer loop
      vertex -1.33156 -13.5196 -1.90735e-07
      vertex -1.99333 -13.438 101.137
      vertex -1.33156 -13.5196 101.137
    endloop
  endfacet
  facet normal 0.122379 0.992483 0
    outer loop
      vertex -1.99333 -13.438 101.137
      vertex -1.33156 -13.5196 -1.90735e-07
      vertex -1.99333 -13.438 -1.90735e-07
    endloop
  endfacet
  facet normal 0.615298 -0.788295 0
    outer loop
      vertex -8.61823 10.5013 -1.90735e-07
      vertex -8.09257 10.9116 101.137
      vertex -8.61823 10.5013 101.137
    endloop
  endfacet
  facet normal 0.615298 -0.788295 0
    outer loop
      vertex -8.09257 10.9116 101.137
      vertex -8.61823 10.5013 -1.90735e-07
      vertex -8.09257 10.9116 -1.90735e-07
    endloop
  endfacet
  facet normal 0.0245956 -0.999697 0
    outer loop
      vertex -0.666584 13.5686 -1.90735e-07
      vertex 0 13.585 101.137
      vertex -0.666584 13.5686 101.137
    endloop
  endfacet
  facet normal 0.0245956 -0.999697 0
    outer loop
      vertex 0 13.585 101.137
      vertex -0.666584 13.5686 -1.90735e-07
      vertex 0 13.585 -1.90735e-07
    endloop
  endfacet
  facet normal -0.932978 -0.359934 0
    outer loop
      vertex 12.7909 4.57665 -1.90735e-07
      vertex 12.5509 5.19875 101.137
      vertex 12.5509 5.19875 -1.90735e-07
    endloop
  endfacet
  facet normal -0.932978 -0.359934 0
    outer loop
      vertex 12.5509 5.19875 101.137
      vertex 12.7909 4.57665 -1.90735e-07
      vertex 12.7909 4.57665 101.137
    endloop
  endfacet
  facet normal -0.0734876 0.997296 0
    outer loop
      vertex 1.33156 -13.5196 -1.90735e-07
      vertex 0.666584 -13.5686 101.137
      vertex 1.33156 -13.5196 101.137
    endloop
  endfacet
  facet normal -0.0734876 0.997296 0
    outer loop
      vertex 0.666584 -13.5686 101.137
      vertex 1.33156 -13.5196 -1.90735e-07
      vertex 0.666584 -13.5686 -1.90735e-07
    endloop
  endfacet
  facet normal -0.893218 -0.449624 0
    outer loop
      vertex 12.2807 5.80834 -1.90735e-07
      vertex 11.9809 6.40392 101.137
      vertex 11.9809 6.40392 -1.90735e-07
    endloop
  endfacet
  facet normal -0.893218 -0.449624 0
    outer loop
      vertex 11.9809 6.40392 101.137
      vertex 12.2807 5.80834 -1.90735e-07
      vertex 12.2807 5.80834 101.137
    endloop
  endfacet
  facet normal -0.615298 -0.788295 0
    outer loop
      vertex 8.09257 10.9116 -1.90735e-07
      vertex 8.61823 10.5013 101.137
      vertex 8.09257 10.9116 101.137
    endloop
  endfacet
  facet normal -0.615298 -0.788295 -0
    outer loop
      vertex 8.61823 10.5013 101.137
      vertex 8.09257 10.9116 -1.90735e-07
      vertex 8.61823 10.5013 -1.90735e-07
    endloop
  endfacet
  facet normal -0.122379 -0.992483 0
    outer loop
      vertex 1.33156 13.5196 -1.90735e-07
      vertex 1.99333 13.438 101.137
      vertex 1.33156 13.5196 101.137
    endloop
  endfacet
  facet normal -0.122379 -0.992483 -0
    outer loop
      vertex 1.99333 13.438 101.137
      vertex 1.33156 13.5196 -1.90735e-07
      vertex 1.99333 13.438 -1.90735e-07
    endloop
  endfacet
  facet normal -0.405225 -0.914217 0
    outer loop
      vertex 5.19875 12.5509 -1.90735e-07
      vertex 5.80834 12.2807 101.137
      vertex 5.19875 12.5509 101.137
    endloop
  endfacet
  facet normal -0.405225 -0.914217 -0
    outer loop
      vertex 5.80834 12.2807 101.137
      vertex 5.19875 12.5509 -1.90735e-07
      vertex 5.80834 12.2807 -1.90735e-07
    endloop
  endfacet
  facet normal -0.122379 0.992483 0
    outer loop
      vertex 1.99333 -13.438 -1.90735e-07
      vertex 1.33156 -13.5196 101.137
      vertex 1.99333 -13.438 101.137
    endloop
  endfacet
  facet normal -0.122379 0.992483 0
    outer loop
      vertex 1.33156 -13.5196 101.137
      vertex 1.99333 -13.438 -1.90735e-07
      vertex 1.33156 -13.5196 -1.90735e-07
    endloop
  endfacet
  facet normal 0.57577 0.817612 -0
    outer loop
      vertex -7.54742 -11.2955 -1.90735e-07
      vertex -8.09257 -10.9116 101.137
      vertex -7.54742 -11.2955 101.137
    endloop
  endfacet
  facet normal 0.57577 0.817612 0
    outer loop
      vertex -8.09257 -10.9116 101.137
      vertex -7.54742 -11.2955 -1.90735e-07
      vertex -8.09257 -10.9116 -1.90735e-07
    endloop
  endfacet
  facet normal -0.817612 0.57577 0
    outer loop
      vertex 10.9116 -8.09257 -1.90735e-07
      vertex 11.2955 -7.54742 101.137
      vertex 11.2955 -7.54742 -1.90735e-07
    endloop
  endfacet
  facet normal -0.817612 0.57577 0
    outer loop
      vertex 11.2955 -7.54742 101.137
      vertex 10.9116 -8.09257 -1.90735e-07
      vertex 10.9116 -8.09257 101.137
    endloop
  endfacet
  facet normal -0.817612 -0.57577 0
    outer loop
      vertex 11.2955 7.54742 -1.90735e-07
      vertex 10.9116 8.09257 101.137
      vertex 10.9116 8.09257 -1.90735e-07
    endloop
  endfacet
  facet normal -0.817612 -0.57577 0
    outer loop
      vertex 10.9116 8.09257 101.137
      vertex 11.2955 7.54742 -1.90735e-07
      vertex 11.2955 7.54742 101.137
    endloop
  endfacet
  facet normal -0.0734876 -0.997296 0
    outer loop
      vertex 0.666584 13.5686 -1.90735e-07
      vertex 1.33156 13.5196 101.137
      vertex 0.666584 13.5686 101.137
    endloop
  endfacet
  facet normal -0.0734876 -0.997296 -0
    outer loop
      vertex 1.33156 13.5196 101.137
      vertex 0.666584 13.5686 -1.90735e-07
      vertex 1.33156 13.5196 -1.90735e-07
    endloop
  endfacet
  facet normal -0.689534 -0.724253 0
    outer loop
      vertex 9.12313 10.0658 -1.90735e-07
      vertex 9.60604 9.60604 101.137
      vertex 9.12313 10.0658 101.137
    endloop
  endfacet
  facet normal -0.689534 -0.724253 -0
    outer loop
      vertex 9.60604 9.60604 101.137
      vertex 9.12313 10.0658 -1.90735e-07
      vertex 9.60604 9.60604 -1.90735e-07
    endloop
  endfacet
  facet normal 0.653147 0.757231 -0
    outer loop
      vertex -8.61823 -10.5013 -1.90735e-07
      vertex -9.12313 -10.0658 101.137
      vertex -8.61823 -10.5013 101.137
    endloop
  endfacet
  facet normal 0.653147 0.757231 0
    outer loop
      vertex -9.12313 -10.0658 101.137
      vertex -8.61823 -10.5013 -1.90735e-07
      vertex -9.12313 -10.0658 -1.90735e-07
    endloop
  endfacet
  facet normal -0.999697 0.0245956 0
    outer loop
      vertex 13.5686 -0.666584 -1.90735e-07
      vertex 13.585 0 101.137
      vertex 13.585 0 -1.90735e-07
    endloop
  endfacet
  facet normal -0.999697 0.0245956 0
    outer loop
      vertex 13.585 0 101.137
      vertex 13.5686 -0.666584 -1.90735e-07
      vertex 13.5686 -0.666584 101.137
    endloop
  endfacet
  facet normal 0.724253 -0.689534 0
    outer loop
      vertex -10.0658 9.12313 101.137
      vertex -9.60604 9.60604 -1.90735e-07
      vertex -9.60604 9.60604 101.137
    endloop
  endfacet
  facet normal 0.724253 -0.689534 0
    outer loop
      vertex -9.60604 9.60604 -1.90735e-07
      vertex -10.0658 9.12313 101.137
      vertex -10.0658 9.12313 -1.90735e-07
    endloop
  endfacet
  facet normal -0.997296 0.0734876 0
    outer loop
      vertex 13.5196 -1.33156 -1.90735e-07
      vertex 13.5686 -0.666584 101.137
      vertex 13.5686 -0.666584 -1.90735e-07
    endloop
  endfacet
  facet normal -0.997296 0.0734876 0
    outer loop
      vertex 13.5686 -0.666584 101.137
      vertex 13.5196 -1.33156 -1.90735e-07
      vertex 13.5196 -1.33156 101.137
    endloop
  endfacet
  facet normal -0.0245956 0.999697 0
    outer loop
      vertex 0.666584 -13.5686 -1.90735e-07
      vertex 0 -13.585 101.137
      vertex 0.666584 -13.5686 101.137
    endloop
  endfacet
  facet normal -0.0245956 0.999697 0
    outer loop
      vertex 0 -13.585 101.137
      vertex 0.666584 -13.5686 -1.90735e-07
      vertex 0 -13.585 -1.90735e-07
    endloop
  endfacet
  facet normal 0.817612 0.57577 0
    outer loop
      vertex -10.9116 -8.09257 101.137
      vertex -11.2955 -7.54742 -1.90735e-07
      vertex -11.2955 -7.54742 101.137
    endloop
  endfacet
  facet normal 0.817612 0.57577 0
    outer loop
      vertex -11.2955 -7.54742 -1.90735e-07
      vertex -10.9116 -8.09257 101.137
      vertex -10.9116 -8.09257 -1.90735e-07
    endloop
  endfacet
  facet normal -0.84487 -0.534971 0
    outer loop
      vertex 11.6522 6.98409 -1.90735e-07
      vertex 11.2955 7.54742 101.137
      vertex 11.2955 7.54742 -1.90735e-07
    endloop
  endfacet
  facet normal -0.84487 -0.534971 0
    outer loop
      vertex 11.2955 7.54742 101.137
      vertex 11.6522 6.98409 -1.90735e-07
      vertex 11.6522 6.98409 101.137
    endloop
  endfacet
  facet normal 0.0245956 0.999697 -0
    outer loop
      vertex 0 -13.585 -1.90735e-07
      vertex -0.666584 -13.5686 101.137
      vertex 0 -13.585 101.137
    endloop
  endfacet
  facet normal 0.0245956 0.999697 0
    outer loop
      vertex -0.666584 -13.5686 101.137
      vertex 0 -13.585 -1.90735e-07
      vertex -0.666584 -13.5686 -1.90735e-07
    endloop
  endfacet
  facet normal 0.405225 -0.914217 0
    outer loop
      vertex -5.80834 12.2807 -1.90735e-07
      vertex -5.19875 12.5509 101.137
      vertex -5.80834 12.2807 101.137
    endloop
  endfacet
  facet normal 0.405225 -0.914217 0
    outer loop
      vertex -5.19875 12.5509 101.137
      vertex -5.80834 12.2807 -1.90735e-07
      vertex -5.19875 12.5509 -1.90735e-07
    endloop
  endfacet
  facet normal -0.405225 0.914217 0
    outer loop
      vertex 5.80834 -12.2807 -1.90735e-07
      vertex 5.19875 -12.5509 101.137
      vertex 5.80834 -12.2807 101.137
    endloop
  endfacet
  facet normal -0.405225 0.914217 0
    outer loop
      vertex 5.19875 -12.5509 101.137
      vertex 5.80834 -12.2807 -1.90735e-07
      vertex 5.19875 -12.5509 -1.90735e-07
    endloop
  endfacet
  facet normal -0.57577 -0.817612 0
    outer loop
      vertex 7.54742 11.2955 -1.90735e-07
      vertex 8.09257 10.9116 101.137
      vertex 7.54742 11.2955 101.137
    endloop
  endfacet
  facet normal -0.57577 -0.817612 -0
    outer loop
      vertex 8.09257 10.9116 101.137
      vertex 7.54742 11.2955 -1.90735e-07
      vertex 8.09257 10.9116 -1.90735e-07
    endloop
  endfacet
  facet normal -0.534971 0.84487 0
    outer loop
      vertex 7.54742 -11.2955 -1.90735e-07
      vertex 6.98409 -11.6522 101.137
      vertex 7.54742 -11.2955 101.137
    endloop
  endfacet
  facet normal -0.534971 0.84487 0
    outer loop
      vertex 6.98409 -11.6522 101.137
      vertex 7.54742 -11.2955 -1.90735e-07
      vertex 6.98409 -11.6522 -1.90735e-07
    endloop
  endfacet
  facet normal -0.57577 0.817612 0
    outer loop
      vertex 8.09257 -10.9116 -1.90735e-07
      vertex 7.54742 -11.2955 101.137
      vertex 8.09257 -10.9116 101.137
    endloop
  endfacet
  facet normal -0.57577 0.817612 0
    outer loop
      vertex 7.54742 -11.2955 101.137
      vertex 8.09257 -10.9116 -1.90735e-07
      vertex 7.54742 -11.2955 -1.90735e-07
    endloop
  endfacet
  facet normal -0.932978 0.359934 0
    outer loop
      vertex 12.5509 -5.19875 -1.90735e-07
      vertex 12.7909 -4.57665 101.137
      vertex 12.7909 -4.57665 -1.90735e-07
    endloop
  endfacet
  facet normal -0.932978 0.359934 0
    outer loop
      vertex 12.7909 -4.57665 101.137
      vertex 12.5509 -5.19875 -1.90735e-07
      vertex 12.5509 -5.19875 101.137
    endloop
  endfacet
  facet normal -0.0245956 -0.999697 0
    outer loop
      vertex 0 13.585 -1.90735e-07
      vertex 0.666584 13.5686 101.137
      vertex 0 13.585 101.137
    endloop
  endfacet
  facet normal -0.0245956 -0.999697 -0
    outer loop
      vertex 0.666584 13.5686 101.137
      vertex 0 13.585 -1.90735e-07
      vertex 0.666584 13.5686 -1.90735e-07
    endloop
  endfacet
  facet normal -0.9757 0.219109 0
    outer loop
      vertex 13.1779 -3.30089 -1.90735e-07
      vertex 13.324 -2.6503 101.137
      vertex 13.324 -2.6503 -1.90735e-07
    endloop
  endfacet
  facet normal -0.9757 0.219109 0
    outer loop
      vertex 13.324 -2.6503 101.137
      vertex 13.1779 -3.30089 -1.90735e-07
      vertex 13.1779 -3.30089 101.137
    endloop
  endfacet
  facet normal -0.724253 -0.689534 0
    outer loop
      vertex 10.0658 9.12313 -1.90735e-07
      vertex 9.60604 9.60604 101.137
      vertex 9.60604 9.60604 -1.90735e-07
    endloop
  endfacet
  facet normal -0.724253 -0.689534 0
    outer loop
      vertex 9.60604 9.60604 101.137
      vertex 10.0658 9.12313 -1.90735e-07
      vertex 10.0658 9.12313 101.137
    endloop
  endfacet
  facet normal -0.449624 0.893218 0
    outer loop
      vertex 6.40392 -11.9809 -1.90735e-07
      vertex 5.80834 -12.2807 101.137
      vertex 6.40392 -11.9809 101.137
    endloop
  endfacet
  facet normal -0.449624 0.893218 0
    outer loop
      vertex 5.80834 -12.2807 101.137
      vertex 6.40392 -11.9809 -1.90735e-07
      vertex 5.80834 -12.2807 -1.90735e-07
    endloop
  endfacet
  facet normal -0.689534 0.724253 0
    outer loop
      vertex 9.60604 -9.60604 -1.90735e-07
      vertex 9.12313 -10.0658 101.137
      vertex 9.60604 -9.60604 101.137
    endloop
  endfacet
  facet normal -0.689534 0.724253 0
    outer loop
      vertex 9.12313 -10.0658 101.137
      vertex 9.60604 -9.60604 -1.90735e-07
      vertex 9.12313 -10.0658 -1.90735e-07
    endloop
  endfacet
  facet normal 0.999697 -0.0245956 0
    outer loop
      vertex -13.585 0 101.137
      vertex -13.5686 0.666584 -1.90735e-07
      vertex -13.5686 0.666584 101.137
    endloop
  endfacet
  facet normal 0.999697 -0.0245956 0
    outer loop
      vertex -13.5686 0.666584 -1.90735e-07
      vertex -13.585 0 101.137
      vertex -13.585 0 -1.90735e-07
    endloop
  endfacet
  facet normal -0.219109 0.9757 0
    outer loop
      vertex 3.30089 -13.1779 -1.90735e-07
      vertex 2.6503 -13.324 101.137
      vertex 3.30089 -13.1779 101.137
    endloop
  endfacet
  facet normal -0.219109 0.9757 0
    outer loop
      vertex 2.6503 -13.324 101.137
      vertex 3.30089 -13.1779 -1.90735e-07
      vertex 2.6503 -13.324 -1.90735e-07
    endloop
  endfacet
  facet normal -0.949554 -0.313603 0
    outer loop
      vertex 13 3.94352 -1.90735e-07
      vertex 12.7909 4.57665 101.137
      vertex 12.7909 4.57665 -1.90735e-07
    endloop
  endfacet
  facet normal -0.949554 -0.313603 0
    outer loop
      vertex 12.7909 4.57665 101.137
      vertex 13 3.94352 -1.90735e-07
      vertex 13 3.94352 101.137
    endloop
  endfacet
  facet normal 0.870063 0.492941 0
    outer loop
      vertex -11.6522 -6.98409 101.137
      vertex -11.9809 -6.40392 -1.90735e-07
      vertex -11.9809 -6.40392 101.137
    endloop
  endfacet
  facet normal 0.870063 0.492941 0
    outer loop
      vertex -11.9809 -6.40392 -1.90735e-07
      vertex -11.6522 -6.98409 101.137
      vertex -11.6522 -6.98409 -1.90735e-07
    endloop
  endfacet
  facet normal -0.963753 0.266797 0
    outer loop
      vertex 13 -3.94352 -1.90735e-07
      vertex 13.1779 -3.30089 101.137
      vertex 13.1779 -3.30089 -1.90735e-07
    endloop
  endfacet
  facet normal -0.963753 0.266797 0
    outer loop
      vertex 13.1779 -3.30089 101.137
      vertex 13 -3.94352 -1.90735e-07
      vertex 13 -3.94352 101.137
    endloop
  endfacet
  facet normal 0.757231 -0.653147 0
    outer loop
      vertex -10.5013 8.61823 101.137
      vertex -10.0658 9.12313 -1.90735e-07
      vertex -10.0658 9.12313 101.137
    endloop
  endfacet
  facet normal 0.757231 -0.653147 0
    outer loop
      vertex -10.0658 9.12313 -1.90735e-07
      vertex -10.5013 8.61823 101.137
      vertex -10.5013 8.61823 -1.90735e-07
    endloop
  endfacet
  facet normal -0.492941 -0.870063 0
    outer loop
      vertex 6.40392 11.9809 -1.90735e-07
      vertex 6.98409 11.6522 101.137
      vertex 6.40392 11.9809 101.137
    endloop
  endfacet
  facet normal -0.492941 -0.870063 -0
    outer loop
      vertex 6.98409 11.6522 101.137
      vertex 6.40392 11.9809 -1.90735e-07
      vertex 6.98409 11.6522 -1.90735e-07
    endloop
  endfacet
  facet normal -0.893218 0.449624 0
    outer loop
      vertex 11.9809 -6.40392 -1.90735e-07
      vertex 12.2807 -5.80834 101.137
      vertex 12.2807 -5.80834 -1.90735e-07
    endloop
  endfacet
  facet normal -0.893218 0.449624 0
    outer loop
      vertex 12.2807 -5.80834 101.137
      vertex 11.9809 -6.40392 -1.90735e-07
      vertex 11.9809 -6.40392 101.137
    endloop
  endfacet
  facet normal 0.653147 -0.757231 0
    outer loop
      vertex -9.12313 10.0658 -1.90735e-07
      vertex -8.61823 10.5013 101.137
      vertex -9.12313 10.0658 101.137
    endloop
  endfacet
  facet normal 0.653147 -0.757231 0
    outer loop
      vertex -8.61823 10.5013 101.137
      vertex -9.12313 10.0658 -1.90735e-07
      vertex -8.61823 10.5013 -1.90735e-07
    endloop
  endfacet
  facet normal -0.359934 -0.932978 0
    outer loop
      vertex 4.57665 12.7909 -1.90735e-07
      vertex 5.19875 12.5509 101.137
      vertex 4.57665 12.7909 101.137
    endloop
  endfacet
  facet normal -0.359934 -0.932978 -0
    outer loop
      vertex 5.19875 12.5509 101.137
      vertex 4.57665 12.7909 -1.90735e-07
      vertex 5.19875 12.5509 -1.90735e-07
    endloop
  endfacet
  facet normal 0.985276 -0.170969 0
    outer loop
      vertex -13.438 1.99333 101.137
      vertex -13.324 2.6503 -1.90735e-07
      vertex -13.324 2.6503 101.137
    endloop
  endfacet
  facet normal 0.985276 -0.170969 0
    outer loop
      vertex -13.324 2.6503 -1.90735e-07
      vertex -13.438 1.99333 101.137
      vertex -13.438 1.99333 -1.90735e-07
    endloop
  endfacet
  facet normal 0.359934 -0.932978 0
    outer loop
      vertex -5.19875 12.5509 -1.90735e-07
      vertex -4.57665 12.7909 101.137
      vertex -5.19875 12.5509 101.137
    endloop
  endfacet
  facet normal 0.359934 -0.932978 0
    outer loop
      vertex -4.57665 12.7909 101.137
      vertex -5.19875 12.5509 -1.90735e-07
      vertex -4.57665 12.7909 -1.90735e-07
    endloop
  endfacet
  facet normal 0.985276 0.170969 0
    outer loop
      vertex -13.324 -2.6503 101.137
      vertex -13.438 -1.99333 -1.90735e-07
      vertex -13.438 -1.99333 101.137
    endloop
  endfacet
  facet normal 0.985276 0.170969 0
    outer loop
      vertex -13.438 -1.99333 -1.90735e-07
      vertex -13.324 -2.6503 101.137
      vertex -13.324 -2.6503 -1.90735e-07
    endloop
  endfacet
  facet normal 0.949554 0.313603 0
    outer loop
      vertex -12.7909 -4.57665 101.137
      vertex -13 -3.94352 -1.90735e-07
      vertex -13 -3.94352 101.137
    endloop
  endfacet
  facet normal 0.949554 0.313603 0
    outer loop
      vertex -13 -3.94352 -1.90735e-07
      vertex -12.7909 -4.57665 101.137
      vertex -12.7909 -4.57665 -1.90735e-07
    endloop
  endfacet
  facet normal 0.997296 -0.0734876 0
    outer loop
      vertex -13.5686 0.666584 101.137
      vertex -13.5196 1.33156 -1.90735e-07
      vertex -13.5196 1.33156 101.137
    endloop
  endfacet
  facet normal 0.997296 -0.0734876 0
    outer loop
      vertex -13.5196 1.33156 -1.90735e-07
      vertex -13.5686 0.666584 101.137
      vertex -13.5686 0.666584 -1.90735e-07
    endloop
  endfacet
  facet normal -0.985276 0.170969 0
    outer loop
      vertex 13.324 -2.6503 -1.90735e-07
      vertex 13.438 -1.99333 101.137
      vertex 13.438 -1.99333 -1.90735e-07
    endloop
  endfacet
  facet normal -0.985276 0.170969 0
    outer loop
      vertex 13.438 -1.99333 101.137
      vertex 13.324 -2.6503 -1.90735e-07
      vertex 13.324 -2.6503 101.137
    endloop
  endfacet
  facet normal 0.893218 0.449624 0
    outer loop
      vertex -11.9809 -6.40392 101.137
      vertex -12.2807 -5.80834 -1.90735e-07
      vertex -12.2807 -5.80834 101.137
    endloop
  endfacet
  facet normal 0.893218 0.449624 0
    outer loop
      vertex -12.2807 -5.80834 -1.90735e-07
      vertex -11.9809 -6.40392 101.137
      vertex -11.9809 -6.40392 -1.90735e-07
    endloop
  endfacet
  facet normal -0.985276 -0.170969 0
    outer loop
      vertex 13.438 1.99333 -1.90735e-07
      vertex 13.324 2.6503 101.137
      vertex 13.324 2.6503 -1.90735e-07
    endloop
  endfacet
  facet normal -0.985276 -0.170969 0
    outer loop
      vertex 13.324 2.6503 101.137
      vertex 13.438 1.99333 -1.90735e-07
      vertex 13.438 1.99333 101.137
    endloop
  endfacet
  facet normal -0.534971 -0.84487 0
    outer loop
      vertex 6.98409 11.6522 -1.90735e-07
      vertex 7.54742 11.2955 101.137
      vertex 6.98409 11.6522 101.137
    endloop
  endfacet
  facet normal -0.534971 -0.84487 -0
    outer loop
      vertex 7.54742 11.2955 101.137
      vertex 6.98409 11.6522 -1.90735e-07
      vertex 7.54742 11.2955 -1.90735e-07
    endloop
  endfacet
  facet normal -0.963753 -0.266797 0
    outer loop
      vertex 13.1779 3.30089 -1.90735e-07
      vertex 13 3.94352 101.137
      vertex 13 3.94352 -1.90735e-07
    endloop
  endfacet
  facet normal -0.963753 -0.266797 0
    outer loop
      vertex 13 3.94352 101.137
      vertex 13.1779 3.30089 -1.90735e-07
      vertex 13.1779 3.30089 101.137
    endloop
  endfacet
  facet normal 0.0734876 0.997296 -0
    outer loop
      vertex -0.666584 -13.5686 -1.90735e-07
      vertex -1.33156 -13.5196 101.137
      vertex -0.666584 -13.5686 101.137
    endloop
  endfacet
  facet normal 0.0734876 0.997296 0
    outer loop
      vertex -1.33156 -13.5196 101.137
      vertex -0.666584 -13.5686 -1.90735e-07
      vertex -1.33156 -13.5196 -1.90735e-07
    endloop
  endfacet
  facet normal -0.992483 0.122379 0
    outer loop
      vertex 13.438 -1.99333 -1.90735e-07
      vertex 13.5196 -1.33156 101.137
      vertex 13.5196 -1.33156 -1.90735e-07
    endloop
  endfacet
  facet normal -0.992483 0.122379 0
    outer loop
      vertex 13.5196 -1.33156 101.137
      vertex 13.438 -1.99333 -1.90735e-07
      vertex 13.438 -1.99333 101.137
    endloop
  endfacet
  facet normal -0.266797 -0.963753 0
    outer loop
      vertex 3.30089 13.1779 -1.90735e-07
      vertex 3.94352 13 101.137
      vertex 3.30089 13.1779 101.137
    endloop
  endfacet
  facet normal -0.266797 -0.963753 -0
    outer loop
      vertex 3.94352 13 101.137
      vertex 3.30089 13.1779 -1.90735e-07
      vertex 3.94352 13 -1.90735e-07
    endloop
  endfacet
  facet normal 0.122379 -0.992483 0
    outer loop
      vertex -1.99333 13.438 -1.90735e-07
      vertex -1.33156 13.5196 101.137
      vertex -1.99333 13.438 101.137
    endloop
  endfacet
  facet normal 0.122379 -0.992483 0
    outer loop
      vertex -1.33156 13.5196 101.137
      vertex -1.99333 13.438 -1.90735e-07
      vertex -1.33156 13.5196 -1.90735e-07
    endloop
  endfacet
  facet normal 0.84487 0.534971 0
    outer loop
      vertex -11.2955 -7.54742 101.137
      vertex -11.6522 -6.98409 -1.90735e-07
      vertex -11.6522 -6.98409 101.137
    endloop
  endfacet
  facet normal 0.84487 0.534971 0
    outer loop
      vertex -11.6522 -6.98409 -1.90735e-07
      vertex -11.2955 -7.54742 101.137
      vertex -11.2955 -7.54742 -1.90735e-07
    endloop
  endfacet
  facet normal 0.170969 -0.985276 0
    outer loop
      vertex -2.6503 13.324 -1.90735e-07
      vertex -1.99333 13.438 101.137
      vertex -2.6503 13.324 101.137
    endloop
  endfacet
  facet normal 0.170969 -0.985276 0
    outer loop
      vertex -1.99333 13.438 101.137
      vertex -2.6503 13.324 -1.90735e-07
      vertex -1.99333 13.438 -1.90735e-07
    endloop
  endfacet
  facet normal 0.405225 0.914217 -0
    outer loop
      vertex -5.19875 -12.5509 -1.90735e-07
      vertex -5.80834 -12.2807 101.137
      vertex -5.19875 -12.5509 101.137
    endloop
  endfacet
  facet normal 0.405225 0.914217 0
    outer loop
      vertex -5.80834 -12.2807 101.137
      vertex -5.19875 -12.5509 -1.90735e-07
      vertex -5.80834 -12.2807 -1.90735e-07
    endloop
  endfacet
  facet normal 0.689534 -0.724253 0
    outer loop
      vertex -9.60604 9.60604 -1.90735e-07
      vertex -9.12313 10.0658 101.137
      vertex -9.60604 9.60604 101.137
    endloop
  endfacet
  facet normal 0.689534 -0.724253 0
    outer loop
      vertex -9.12313 10.0658 101.137
      vertex -9.60604 9.60604 -1.90735e-07
      vertex -9.12313 10.0658 -1.90735e-07
    endloop
  endfacet
  facet normal 0.788295 0.615298 0
    outer loop
      vertex -10.5013 -8.61823 101.137
      vertex -10.9116 -8.09257 -1.90735e-07
      vertex -10.9116 -8.09257 101.137
    endloop
  endfacet
  facet normal 0.788295 0.615298 0
    outer loop
      vertex -10.9116 -8.09257 -1.90735e-07
      vertex -10.5013 -8.61823 101.137
      vertex -10.5013 -8.61823 -1.90735e-07
    endloop
  endfacet
  facet normal 0.0734876 -0.997296 0
    outer loop
      vertex -1.33156 13.5196 -1.90735e-07
      vertex -0.666584 13.5686 101.137
      vertex -1.33156 13.5196 101.137
    endloop
  endfacet
  facet normal 0.0734876 -0.997296 0
    outer loop
      vertex -0.666584 13.5686 101.137
      vertex -1.33156 13.5196 -1.90735e-07
      vertex -0.666584 13.5686 -1.90735e-07
    endloop
  endfacet
  facet normal 0.449624 0.893218 -0
    outer loop
      vertex -5.80834 -12.2807 -1.90735e-07
      vertex -6.40392 -11.9809 101.137
      vertex -5.80834 -12.2807 101.137
    endloop
  endfacet
  facet normal 0.449624 0.893218 0
    outer loop
      vertex -6.40392 -11.9809 101.137
      vertex -5.80834 -12.2807 -1.90735e-07
      vertex -6.40392 -11.9809 -1.90735e-07
    endloop
  endfacet
  facet normal -0.724253 0.689534 0
    outer loop
      vertex 9.60604 -9.60604 -1.90735e-07
      vertex 10.0658 -9.12313 101.137
      vertex 10.0658 -9.12313 -1.90735e-07
    endloop
  endfacet
  facet normal -0.724253 0.689534 0
    outer loop
      vertex 10.0658 -9.12313 101.137
      vertex 9.60604 -9.60604 -1.90735e-07
      vertex 9.60604 -9.60604 101.137
    endloop
  endfacet
  facet normal 0.992483 0.122379 0
    outer loop
      vertex -13.438 -1.99333 101.137
      vertex -13.5196 -1.33156 -1.90735e-07
      vertex -13.5196 -1.33156 101.137
    endloop
  endfacet
  facet normal 0.992483 0.122379 0
    outer loop
      vertex -13.5196 -1.33156 -1.90735e-07
      vertex -13.438 -1.99333 101.137
      vertex -13.438 -1.99333 -1.90735e-07
    endloop
  endfacet
  facet normal 0.534971 -0.84487 0
    outer loop
      vertex -7.54742 11.2955 -1.90735e-07
      vertex -6.98409 11.6522 101.137
      vertex -7.54742 11.2955 101.137
    endloop
  endfacet
  facet normal 0.534971 -0.84487 0
    outer loop
      vertex -6.98409 11.6522 101.137
      vertex -7.54742 11.2955 -1.90735e-07
      vertex -6.98409 11.6522 -1.90735e-07
    endloop
  endfacet
  facet normal -0.170969 0.985276 0
    outer loop
      vertex 2.6503 -13.324 -1.90735e-07
      vertex 1.99333 -13.438 101.137
      vertex 2.6503 -13.324 101.137
    endloop
  endfacet
  facet normal -0.170969 0.985276 0
    outer loop
      vertex 1.99333 -13.438 101.137
      vertex 2.6503 -13.324 -1.90735e-07
      vertex 1.99333 -13.438 -1.90735e-07
    endloop
  endfacet
  facet normal 0.266797 0.963753 -0
    outer loop
      vertex -3.30089 -13.1779 -1.90735e-07
      vertex -3.94352 -13 101.137
      vertex -3.30089 -13.1779 101.137
    endloop
  endfacet
  facet normal 0.266797 0.963753 0
    outer loop
      vertex -3.94352 -13 101.137
      vertex -3.30089 -13.1779 -1.90735e-07
      vertex -3.94352 -13 -1.90735e-07
    endloop
  endfacet
  facet normal 0.724253 0.689534 0
    outer loop
      vertex -9.60604 -9.60604 101.137
      vertex -10.0658 -9.12313 -1.90735e-07
      vertex -10.0658 -9.12313 101.137
    endloop
  endfacet
  facet normal 0.724253 0.689534 0
    outer loop
      vertex -10.0658 -9.12313 -1.90735e-07
      vertex -9.60604 -9.60604 101.137
      vertex -9.60604 -9.60604 -1.90735e-07
    endloop
  endfacet
  facet normal 0.266797 -0.963753 0
    outer loop
      vertex -3.94352 13 -1.90735e-07
      vertex -3.30089 13.1779 101.137
      vertex -3.94352 13 101.137
    endloop
  endfacet
  facet normal 0.266797 -0.963753 0
    outer loop
      vertex -3.30089 13.1779 101.137
      vertex -3.94352 13 -1.90735e-07
      vertex -3.30089 13.1779 -1.90735e-07
    endloop
  endfacet
  facet normal -0.359934 0.932978 0
    outer loop
      vertex 5.19875 -12.5509 -1.90735e-07
      vertex 4.57665 -12.7909 101.137
      vertex 5.19875 -12.5509 101.137
    endloop
  endfacet
  facet normal -0.359934 0.932978 0
    outer loop
      vertex 4.57665 -12.7909 101.137
      vertex 5.19875 -12.5509 -1.90735e-07
      vertex 4.57665 -12.7909 -1.90735e-07
    endloop
  endfacet
  facet normal -0.492941 0.870063 0
    outer loop
      vertex 6.98409 -11.6522 -1.90735e-07
      vertex 6.40392 -11.9809 101.137
      vertex 6.98409 -11.6522 101.137
    endloop
  endfacet
  facet normal -0.492941 0.870063 0
    outer loop
      vertex 6.40392 -11.9809 101.137
      vertex 6.98409 -11.6522 -1.90735e-07
      vertex 6.40392 -11.9809 -1.90735e-07
    endloop
  endfacet
  facet normal 0.788295 -0.615298 0
    outer loop
      vertex -10.9116 8.09257 101.137
      vertex -10.5013 8.61823 -1.90735e-07
      vertex -10.5013 8.61823 101.137
    endloop
  endfacet
  facet normal 0.788295 -0.615298 0
    outer loop
      vertex -10.5013 8.61823 -1.90735e-07
      vertex -10.9116 8.09257 101.137
      vertex -10.9116 8.09257 -1.90735e-07
    endloop
  endfacet
  facet normal 0.9757 0.219109 0
    outer loop
      vertex -13.1779 -3.30089 101.137
      vertex -13.324 -2.6503 -1.90735e-07
      vertex -13.324 -2.6503 101.137
    endloop
  endfacet
  facet normal 0.9757 0.219109 0
    outer loop
      vertex -13.324 -2.6503 -1.90735e-07
      vertex -13.1779 -3.30089 101.137
      vertex -13.1779 -3.30089 -1.90735e-07
    endloop
  endfacet
  facet normal 0.84487 -0.534971 0
    outer loop
      vertex -11.6522 6.98409 101.137
      vertex -11.2955 7.54742 -1.90735e-07
      vertex -11.2955 7.54742 101.137
    endloop
  endfacet
  facet normal 0.84487 -0.534971 0
    outer loop
      vertex -11.2955 7.54742 -1.90735e-07
      vertex -11.6522 6.98409 101.137
      vertex -11.6522 6.98409 -1.90735e-07
    endloop
  endfacet
  facet normal 0.997296 0.0734876 0
    outer loop
      vertex -13.5196 -1.33156 101.137
      vertex -13.5686 -0.666584 -1.90735e-07
      vertex -13.5686 -0.666584 101.137
    endloop
  endfacet
  facet normal 0.997296 0.0734876 0
    outer loop
      vertex -13.5686 -0.666584 -1.90735e-07
      vertex -13.5196 -1.33156 101.137
      vertex -13.5196 -1.33156 -1.90735e-07
    endloop
  endfacet
  facet normal -0.170969 -0.985276 0
    outer loop
      vertex 1.99333 13.438 -1.90735e-07
      vertex 2.6503 13.324 101.137
      vertex 1.99333 13.438 101.137
    endloop
  endfacet
  facet normal -0.170969 -0.985276 -0
    outer loop
      vertex 2.6503 13.324 101.137
      vertex 1.99333 13.438 -1.90735e-07
      vertex 2.6503 13.324 -1.90735e-07
    endloop
  endfacet
  facet normal 0.949554 -0.313603 0
    outer loop
      vertex -13 3.94352 101.137
      vertex -12.7909 4.57665 -1.90735e-07
      vertex -12.7909 4.57665 101.137
    endloop
  endfacet
  facet normal 0.949554 -0.313603 0
    outer loop
      vertex -12.7909 4.57665 -1.90735e-07
      vertex -13 3.94352 101.137
      vertex -13 3.94352 -1.90735e-07
    endloop
  endfacet
  facet normal 0.932978 -0.359934 0
    outer loop
      vertex -12.7909 4.57665 101.137
      vertex -12.5509 5.19875 -1.90735e-07
      vertex -12.5509 5.19875 101.137
    endloop
  endfacet
  facet normal 0.932978 -0.359934 0
    outer loop
      vertex -12.5509 5.19875 -1.90735e-07
      vertex -12.7909 4.57665 101.137
      vertex -12.7909 4.57665 -1.90735e-07
    endloop
  endfacet
  facet normal 0.313603 0.949554 -0
    outer loop
      vertex -3.94352 -13 -1.90735e-07
      vertex -4.57665 -12.7909 101.137
      vertex -3.94352 -13 101.137
    endloop
  endfacet
  facet normal 0.313603 0.949554 0
    outer loop
      vertex -4.57665 -12.7909 101.137
      vertex -3.94352 -13 -1.90735e-07
      vertex -4.57665 -12.7909 -1.90735e-07
    endloop
  endfacet
  facet normal 0.992483 -0.122379 0
    outer loop
      vertex -13.5196 1.33156 101.137
      vertex -13.438 1.99333 -1.90735e-07
      vertex -13.438 1.99333 101.137
    endloop
  endfacet
  facet normal 0.992483 -0.122379 0
    outer loop
      vertex -13.438 1.99333 -1.90735e-07
      vertex -13.5196 1.33156 101.137
      vertex -13.5196 1.33156 -1.90735e-07
    endloop
  endfacet
  facet normal -0.653147 0.757231 0
    outer loop
      vertex 9.12313 -10.0658 -1.90735e-07
      vertex 8.61823 -10.5013 101.137
      vertex 9.12313 -10.0658 101.137
    endloop
  endfacet
  facet normal -0.653147 0.757231 0
    outer loop
      vertex 8.61823 -10.5013 101.137
      vertex 9.12313 -10.0658 -1.90735e-07
      vertex 8.61823 -10.5013 -1.90735e-07
    endloop
  endfacet
  facet normal -0.84487 0.534971 0
    outer loop
      vertex 11.2955 -7.54742 -1.90735e-07
      vertex 11.6522 -6.98409 101.137
      vertex 11.6522 -6.98409 -1.90735e-07
    endloop
  endfacet
  facet normal -0.84487 0.534971 0
    outer loop
      vertex 11.6522 -6.98409 101.137
      vertex 11.2955 -7.54742 -1.90735e-07
      vertex 11.2955 -7.54742 101.137
    endloop
  endfacet
  facet normal 0.313603 -0.949554 0
    outer loop
      vertex -4.57665 12.7909 -1.90735e-07
      vertex -3.94352 13 101.137
      vertex -4.57665 12.7909 101.137
    endloop
  endfacet
  facet normal 0.313603 -0.949554 0
    outer loop
      vertex -3.94352 13 101.137
      vertex -4.57665 12.7909 -1.90735e-07
      vertex -3.94352 13 -1.90735e-07
    endloop
  endfacet
  facet normal 0.963753 0.266797 0
    outer loop
      vertex -13 -3.94352 101.137
      vertex -13.1779 -3.30089 -1.90735e-07
      vertex -13.1779 -3.30089 101.137
    endloop
  endfacet
  facet normal 0.963753 0.266797 0
    outer loop
      vertex -13.1779 -3.30089 -1.90735e-07
      vertex -13 -3.94352 101.137
      vertex -13 -3.94352 -1.90735e-07
    endloop
  endfacet
  facet normal 0.932978 0.359934 0
    outer loop
      vertex -12.5509 -5.19875 101.137
      vertex -12.7909 -4.57665 -1.90735e-07
      vertex -12.7909 -4.57665 101.137
    endloop
  endfacet
  facet normal 0.932978 0.359934 0
    outer loop
      vertex -12.7909 -4.57665 -1.90735e-07
      vertex -12.5509 -5.19875 101.137
      vertex -12.5509 -5.19875 -1.90735e-07
    endloop
  endfacet
  facet normal 0.449624 -0.893218 0
    outer loop
      vertex -6.40392 11.9809 -1.90735e-07
      vertex -5.80834 12.2807 101.137
      vertex -6.40392 11.9809 101.137
    endloop
  endfacet
  facet normal 0.449624 -0.893218 0
    outer loop
      vertex -5.80834 12.2807 101.137
      vertex -6.40392 11.9809 -1.90735e-07
      vertex -5.80834 12.2807 -1.90735e-07
    endloop
  endfacet
  facet normal -0.313603 -0.949554 0
    outer loop
      vertex 3.94352 13 -1.90735e-07
      vertex 4.57665 12.7909 101.137
      vertex 3.94352 13 101.137
    endloop
  endfacet
  facet normal -0.313603 -0.949554 -0
    outer loop
      vertex 4.57665 12.7909 101.137
      vertex 3.94352 13 -1.90735e-07
      vertex 4.57665 12.7909 -1.90735e-07
    endloop
  endfacet
  facet normal -0.757231 -0.653147 0
    outer loop
      vertex 10.5013 8.61823 -1.90735e-07
      vertex 10.0658 9.12313 101.137
      vertex 10.0658 9.12313 -1.90735e-07
    endloop
  endfacet
  facet normal -0.757231 -0.653147 0
    outer loop
      vertex 10.0658 9.12313 101.137
      vertex 10.5013 8.61823 -1.90735e-07
      vertex 10.5013 8.61823 101.137
    endloop
  endfacet
  facet normal 0.219109 0.9757 -0
    outer loop
      vertex -2.6503 -13.324 -1.90735e-07
      vertex -3.30089 -13.1779 101.137
      vertex -2.6503 -13.324 101.137
    endloop
  endfacet
  facet normal 0.219109 0.9757 0
    outer loop
      vertex -3.30089 -13.1779 101.137
      vertex -2.6503 -13.324 -1.90735e-07
      vertex -3.30089 -13.1779 -1.90735e-07
    endloop
  endfacet
  facet normal -0.266797 0.963753 0
    outer loop
      vertex 3.94352 -13 -1.90735e-07
      vertex 3.30089 -13.1779 101.137
      vertex 3.94352 -13 101.137
    endloop
  endfacet
  facet normal -0.266797 0.963753 0
    outer loop
      vertex 3.30089 -13.1779 101.137
      vertex 3.94352 -13 -1.90735e-07
      vertex 3.30089 -13.1779 -1.90735e-07
    endloop
  endfacet
  facet normal 0.914217 -0.405225 0
    outer loop
      vertex -12.5509 5.19875 101.137
      vertex -12.2807 5.80834 -1.90735e-07
      vertex -12.2807 5.80834 101.137
    endloop
  endfacet
  facet normal 0.914217 -0.405225 0
    outer loop
      vertex -12.2807 5.80834 -1.90735e-07
      vertex -12.5509 5.19875 101.137
      vertex -12.5509 5.19875 -1.90735e-07
    endloop
  endfacet
  facet normal 0.615298 0.788295 -0
    outer loop
      vertex -8.09257 -10.9116 -1.90735e-07
      vertex -8.61823 -10.5013 101.137
      vertex -8.09257 -10.9116 101.137
    endloop
  endfacet
  facet normal 0.615298 0.788295 0
    outer loop
      vertex -8.61823 -10.5013 101.137
      vertex -8.09257 -10.9116 -1.90735e-07
      vertex -8.61823 -10.5013 -1.90735e-07
    endloop
  endfacet
  facet normal 0.534971 0.84487 -0
    outer loop
      vertex -6.98409 -11.6522 -1.90735e-07
      vertex -7.54742 -11.2955 101.137
      vertex -6.98409 -11.6522 101.137
    endloop
  endfacet
  facet normal 0.534971 0.84487 0
    outer loop
      vertex -7.54742 -11.2955 101.137
      vertex -6.98409 -11.6522 -1.90735e-07
      vertex -7.54742 -11.2955 -1.90735e-07
    endloop
  endfacet
  facet normal 0.359934 0.932978 -0
    outer loop
      vertex -4.57665 -12.7909 -1.90735e-07
      vertex -5.19875 -12.5509 101.137
      vertex -4.57665 -12.7909 101.137
    endloop
  endfacet
  facet normal 0.359934 0.932978 0
    outer loop
      vertex -5.19875 -12.5509 101.137
      vertex -4.57665 -12.7909 -1.90735e-07
      vertex -5.19875 -12.5509 -1.90735e-07
    endloop
  endfacet
  facet normal 0.492941 0.870063 -0
    outer loop
      vertex -6.40392 -11.9809 -1.90735e-07
      vertex -6.98409 -11.6522 101.137
      vertex -6.40392 -11.9809 101.137
    endloop
  endfacet
  facet normal 0.492941 0.870063 0
    outer loop
      vertex -6.98409 -11.6522 101.137
      vertex -6.40392 -11.9809 -1.90735e-07
      vertex -6.98409 -11.6522 -1.90735e-07
    endloop
  endfacet
  facet normal -0.219109 -0.9757 0
    outer loop
      vertex 2.6503 13.324 -1.90735e-07
      vertex 3.30089 13.1779 101.137
      vertex 2.6503 13.324 101.137
    endloop
  endfacet
  facet normal -0.219109 -0.9757 -0
    outer loop
      vertex 3.30089 13.1779 101.137
      vertex 2.6503 13.324 -1.90735e-07
      vertex 3.30089 13.1779 -1.90735e-07
    endloop
  endfacet
  facet normal 0.870063 -0.492941 0
    outer loop
      vertex -11.9809 6.40392 101.137
      vertex -11.6522 6.98409 -1.90735e-07
      vertex -11.6522 6.98409 101.137
    endloop
  endfacet
  facet normal 0.870063 -0.492941 0
    outer loop
      vertex -11.6522 6.98409 -1.90735e-07
      vertex -11.9809 6.40392 101.137
      vertex -11.9809 6.40392 -1.90735e-07
    endloop
  endfacet
  facet normal -0.707 -0.0173944 -0.707
    outer loop
      vertex 13.5686 0.666584 101.137
      vertex 13.585 0 101.137
      vertex 0 0 114.722
    endloop
  endfacet
  facet normal -0.461915 0.535524 -0.707
    outer loop
      vertex 9.12313 -10.0658 101.137
      vertex 8.61823 -10.5013 101.137
      vertex 0 0 114.722
    endloop
  endfacet
  facet normal -0.188682 -0.681579 -0.707
    outer loop
      vertex 3.30089 13.1779 101.137
      vertex 3.94352 13 101.137
      vertex 0 0 114.722
    endloop
  endfacet
  facet normal -0.435147 -0.557493 -0.707
    outer loop
      vertex 8.09257 10.9116 101.137
      vertex 8.61823 10.5013 101.137
      vertex 0 0 114.722
    endloop
  endfacet
  facet normal -0.487648 -0.512202 -0.707
    outer loop
      vertex 9.12313 10.0658 101.137
      vertex 9.60604 9.60604 101.137
      vertex 0 0 114.722
    endloop
  endfacet
  facet normal -0.154956 -0.690028 -0.707001
    outer loop
      vertex 2.6503 13.324 101.137
      vertex 3.30089 13.1779 101.137
      vertex 0 0 114.722
    endloop
  endfacet
  facet normal 0.671537 0.221785 -0.707
    outer loop
      vertex 0 0 114.722
      vertex -12.7909 -4.57665 101.137
      vertex -13 -3.94352 101.137
    endloop
  endfacet
  facet normal -0.0865479 0.701897 -0.707001
    outer loop
      vertex 1.99333 -13.438 101.137
      vertex 1.33156 -13.5196 101.137
      vertex 0 0 114.722
    endloop
  endfacet
  facet normal -0.646546 0.286581 -0.707
    outer loop
      vertex 12.5509 -5.19875 101.137
      vertex 12.2807 -5.80834 101.137
      vertex 0 0 114.722
    endloop
  endfacet
  facet normal -0.0865479 -0.701897 -0.707001
    outer loop
      vertex 1.33156 13.5196 101.137
      vertex 1.99333 13.438 101.137
      vertex 0 0 114.722
    endloop
  endfacet
  facet normal 0.6968 -0.120911 -0.707001
    outer loop
      vertex -13.324 2.6503 101.137
      vertex 0 0 114.722
      vertex -13.438 1.99333 101.137
    endloop
  endfacet
  facet normal 0.701897 0.0865479 -0.707001
    outer loop
      vertex 0 0 114.722
      vertex -13.438 -1.99333 101.137
      vertex -13.5196 -1.33156 101.137
    endloop
  endfacet
  facet normal 0.120911 0.6968 -0.707001
    outer loop
      vertex 0 0 114.722
      vertex -1.99333 -13.438 101.137
      vertex -2.6503 -13.324 101.137
    endloop
  endfacet
  facet normal 0.659814 -0.25455 -0.707001
    outer loop
      vertex -12.5509 5.19875 101.137
      vertex 0 0 114.722
      vertex -12.7909 4.57665 101.137
    endloop
  endfacet
  facet normal 0.407192 -0.578226 -0.707
    outer loop
      vertex -7.54742 11.2955 101.137
      vertex 0 0 114.722
      vertex -8.09257 10.9116 101.137
    endloop
  endfacet
  facet normal 0.31798 0.631696 -0.707
    outer loop
      vertex 0 0 114.722
      vertex -5.80834 -12.2807 101.137
      vertex -6.40392 -11.9809 101.137
    endloop
  endfacet
  facet normal -0.221785 -0.671537 -0.707
    outer loop
      vertex 3.94352 13 101.137
      vertex 4.57665 12.7909 101.137
      vertex 0 0 114.722
    endloop
  endfacet
  facet normal -0.348615 -0.61532 -0.707
    outer loop
      vertex 6.40392 11.9809 101.137
      vertex 6.98409 11.6522 101.137
      vertex 0 0 114.722
    endloop
  endfacet
  facet normal 0.407192 0.578226 -0.707
    outer loop
      vertex 0 0 114.722
      vertex -7.54742 -11.2955 101.137
      vertex -8.09257 -10.9116 101.137
    endloop
  endfacet
  facet normal 0.6968 0.120911 -0.707001
    outer loop
      vertex 0 0 114.722
      vertex -13.324 -2.6503 101.137
      vertex -13.438 -1.99333 101.137
    endloop
  endfacet
  facet normal 0.690028 -0.154956 -0.707001
    outer loop
      vertex -13.1779 3.30089 101.137
      vertex 0 0 114.722
      vertex -13.324 2.6503 101.137
    endloop
  endfacet
  facet normal -0.512202 0.487648 -0.707
    outer loop
      vertex 10.0658 -9.12313 101.137
      vertex 9.60604 -9.60604 101.137
      vertex 0 0 114.722
    endloop
  endfacet
  facet normal -0.6968 -0.120911 -0.707001
    outer loop
      vertex 13.324 2.6503 101.137
      vertex 13.438 1.99333 101.137
      vertex 0 0 114.722
    endloop
  endfacet
  facet normal 0.188682 -0.681579 -0.707
    outer loop
      vertex -3.30089 13.1779 101.137
      vertex 0 0 114.722
      vertex -3.94352 13 101.137
    endloop
  endfacet
  facet normal -0.61532 -0.348615 -0.707
    outer loop
      vertex 11.6522 6.98409 101.137
      vertex 11.9809 6.40392 101.137
      vertex 0 0 114.722
    endloop
  endfacet
  facet normal -0.25455 0.659814 -0.707001
    outer loop
      vertex 5.19875 -12.5509 101.137
      vertex 4.57665 -12.7909 101.137
      vertex 0 0 114.722
    endloop
  endfacet
  facet normal 0.535524 -0.461915 -0.707
    outer loop
      vertex -10.0658 9.12313 101.137
      vertex 0 0 114.722
      vertex -10.5013 8.61823 101.137
    endloop
  endfacet
  facet normal -0.221785 0.671537 -0.707
    outer loop
      vertex 4.57665 -12.7909 101.137
      vertex 3.94352 -13 101.137
      vertex 0 0 114.722
    endloop
  endfacet
  facet normal -0.707 0.0173944 -0.707
    outer loop
      vertex 13.585 0 101.137
      vertex 13.5686 -0.666584 101.137
      vertex 0 0 114.722
    endloop
  endfacet
  facet normal -0.286581 -0.646546 -0.707
    outer loop
      vertex 5.19875 12.5509 101.137
      vertex 5.80834 12.2807 101.137
      vertex 0 0 114.722
    endloop
  endfacet
  facet normal 0.701897 -0.0865479 -0.707001
    outer loop
      vertex -13.438 1.99333 101.137
      vertex 0 0 114.722
      vertex -13.5196 1.33156 101.137
    endloop
  endfacet
  facet normal 0.512202 -0.487648 -0.707
    outer loop
      vertex -9.60604 9.60604 101.137
      vertex 0 0 114.722
      vertex -10.0658 9.12313 101.137
    endloop
  endfacet
  facet normal 0.557493 -0.435147 -0.707
    outer loop
      vertex -10.5013 8.61823 101.137
      vertex 0 0 114.722
      vertex -10.9116 8.09257 101.137
    endloop
  endfacet
  facet normal -0.120911 -0.6968 -0.707001
    outer loop
      vertex 1.99333 13.438 101.137
      vertex 2.6503 13.324 101.137
      vertex 0 0 114.722
    endloop
  endfacet
  facet normal 0.378339 -0.597504 -0.707
    outer loop
      vertex -6.98409 11.6522 101.137
      vertex 0 0 114.722
      vertex -7.54742 11.2955 101.137
    endloop
  endfacet
  facet normal -0.705301 0.0519714 -0.707
    outer loop
      vertex 13.5686 -0.666584 101.137
      vertex 13.5196 -1.33156 101.137
      vertex 0 0 114.722
    endloop
  endfacet
  facet normal 0.31798 -0.631696 -0.707
    outer loop
      vertex -5.80834 12.2807 101.137
      vertex 0 0 114.722
      vertex -6.40392 11.9809 101.137
    endloop
  endfacet
  facet normal 0.512202 0.487648 -0.707
    outer loop
      vertex 0 0 114.722
      vertex -9.60604 -9.60604 101.137
      vertex -10.0658 -9.12313 101.137
    endloop
  endfacet
  facet normal -0.25455 -0.659814 -0.707001
    outer loop
      vertex 4.57665 12.7909 101.137
      vertex 5.19875 12.5509 101.137
      vertex 0 0 114.722
    endloop
  endfacet
  facet normal 0.597504 -0.378339 -0.707
    outer loop
      vertex -11.2955 7.54742 101.137
      vertex 0 0 114.722
      vertex -11.6522 6.98409 101.137
    endloop
  endfacet
  facet normal 0.631696 -0.31798 -0.707
    outer loop
      vertex -11.9809 6.40392 101.137
      vertex 0 0 114.722
      vertex -12.2807 5.80834 101.137
    endloop
  endfacet
  facet normal -0.535524 -0.461915 -0.707
    outer loop
      vertex 10.0658 9.12313 101.137
      vertex 10.5013 8.61823 101.137
      vertex 0 0 114.722
    endloop
  endfacet
  facet normal -0.557493 -0.435147 -0.707
    outer loop
      vertex 10.5013 8.61823 101.137
      vertex 10.9116 8.09257 101.137
      vertex 0 0 114.722
    endloop
  endfacet
  facet normal -0.461915 -0.535524 -0.707
    outer loop
      vertex 8.61823 10.5013 101.137
      vertex 9.12313 10.0658 101.137
      vertex 0 0 114.722
    endloop
  endfacet
  facet normal 0.681579 0.188682 -0.707
    outer loop
      vertex 0 0 114.722
      vertex -13 -3.94352 101.137
      vertex -13.1779 -3.30089 101.137
    endloop
  endfacet
  facet normal 0.487648 -0.512202 -0.707
    outer loop
      vertex -9.12313 10.0658 101.137
      vertex 0 0 114.722
      vertex -9.60604 9.60604 101.137
    endloop
  endfacet
  facet normal -0.701897 0.0865479 -0.707001
    outer loop
      vertex 13.5196 -1.33156 101.137
      vertex 13.438 -1.99333 101.137
      vertex 0 0 114.722
    endloop
  endfacet
  facet normal 0.487648 0.512202 -0.707
    outer loop
      vertex 0 0 114.722
      vertex -9.12313 -10.0658 101.137
      vertex -9.60604 -9.60604 101.137
    endloop
  endfacet
  facet normal -0.597504 -0.378339 -0.707
    outer loop
      vertex 11.2955 7.54742 101.137
      vertex 11.6522 6.98409 101.137
      vertex 0 0 114.722
    endloop
  endfacet
  facet normal -0.435147 0.557493 -0.707
    outer loop
      vertex 8.61823 -10.5013 101.137
      vertex 8.09257 -10.9116 101.137
      vertex 0 0 114.722
    endloop
  endfacet
  facet normal 0.0519714 0.705301 -0.707
    outer loop
      vertex 0 0 114.722
      vertex -0.666584 -13.5686 101.137
      vertex -1.33156 -13.5196 101.137
    endloop
  endfacet
  facet normal -0.378339 -0.597504 -0.707
    outer loop
      vertex 6.98409 11.6522 101.137
      vertex 7.54742 11.2955 101.137
      vertex 0 0 114.722
    endloop
  endfacet
  facet normal 0.221785 -0.671537 -0.707
    outer loop
      vertex -3.94352 13 101.137
      vertex 0 0 114.722
      vertex -4.57665 12.7909 101.137
    endloop
  endfacet
  facet normal 0.154956 -0.690028 -0.707001
    outer loop
      vertex -2.6503 13.324 101.137
      vertex 0 0 114.722
      vertex -3.30089 13.1779 101.137
    endloop
  endfacet
  facet normal 0.120911 -0.6968 -0.707001
    outer loop
      vertex -1.99333 13.438 101.137
      vertex 0 0 114.722
      vertex -2.6503 13.324 101.137
    endloop
  endfacet
  facet normal -0.0519714 0.705301 -0.707
    outer loop
      vertex 1.33156 -13.5196 101.137
      vertex 0.666584 -13.5686 101.137
      vertex 0 0 114.722
    endloop
  endfacet
  facet normal 0.188682 0.681579 -0.707
    outer loop
      vertex 0 0 114.722
      vertex -3.30089 -13.1779 101.137
      vertex -3.94352 -13 101.137
    endloop
  endfacet
  facet normal 0.681579 -0.188682 -0.707
    outer loop
      vertex -13 3.94352 101.137
      vertex 0 0 114.722
      vertex -13.1779 3.30089 101.137
    endloop
  endfacet
  facet normal -0.631696 -0.31798 -0.707
    outer loop
      vertex 11.9809 6.40392 101.137
      vertex 12.2807 5.80834 101.137
      vertex 0 0 114.722
    endloop
  endfacet
  facet normal 0.154956 0.690028 -0.707001
    outer loop
      vertex 0 0 114.722
      vertex -2.6503 -13.324 101.137
      vertex -3.30089 -13.1779 101.137
    endloop
  endfacet
  facet normal 0.435147 0.557493 -0.707
    outer loop
      vertex 0 0 114.722
      vertex -8.09257 -10.9116 101.137
      vertex -8.61823 -10.5013 101.137
    endloop
  endfacet
  facet normal 0.646546 0.286581 -0.707
    outer loop
      vertex 0 0 114.722
      vertex -12.2807 -5.80834 101.137
      vertex -12.5509 -5.19875 101.137
    endloop
  endfacet
  facet normal -0.671537 -0.221785 -0.707
    outer loop
      vertex 12.7909 4.57665 101.137
      vertex 13 3.94352 101.137
      vertex 0 0 114.722
    endloop
  endfacet
  facet normal -0.61532 0.348615 -0.707
    outer loop
      vertex 11.9809 -6.40392 101.137
      vertex 11.6522 -6.98409 101.137
      vertex 0 0 114.722
    endloop
  endfacet
  facet normal -0.631696 0.31798 -0.707
    outer loop
      vertex 12.2807 -5.80834 101.137
      vertex 11.9809 -6.40392 101.137
      vertex 0 0 114.722
    endloop
  endfacet
  facet normal -0.690028 -0.154956 -0.707001
    outer loop
      vertex 13.1779 3.30089 101.137
      vertex 13.324 2.6503 101.137
      vertex 0 0 114.722
    endloop
  endfacet
  facet normal -0.31798 -0.631696 -0.707
    outer loop
      vertex 5.80834 12.2807 101.137
      vertex 6.40392 11.9809 101.137
      vertex 0 0 114.722
    endloop
  endfacet
  facet normal 0.0173944 -0.707 -0.707
    outer loop
      vertex 0 13.585 101.137
      vertex 0 0 114.722
      vertex -0.666584 13.5686 101.137
    endloop
  endfacet
  facet normal -0.0173944 -0.707 -0.707
    outer loop
      vertex 0 13.585 101.137
      vertex 0.666584 13.5686 101.137
      vertex 0 0 114.722
    endloop
  endfacet
  facet normal 0.0865479 -0.701897 -0.707001
    outer loop
      vertex -1.33156 13.5196 101.137
      vertex 0 0 114.722
      vertex -1.99333 13.438 101.137
    endloop
  endfacet
  facet normal 0.0519714 -0.705301 -0.707
    outer loop
      vertex -0.666584 13.5686 101.137
      vertex 0 0 114.722
      vertex -1.33156 13.5196 101.137
    endloop
  endfacet
  facet normal 0.597504 0.378339 -0.707
    outer loop
      vertex 0 0 114.722
      vertex -11.2955 -7.54742 101.137
      vertex -11.6522 -6.98409 101.137
    endloop
  endfacet
  facet normal 0.461915 -0.535524 -0.707
    outer loop
      vertex -8.61823 10.5013 101.137
      vertex 0 0 114.722
      vertex -9.12313 10.0658 101.137
    endloop
  endfacet
  facet normal 0.435147 -0.557493 -0.707
    outer loop
      vertex -8.09257 10.9116 101.137
      vertex 0 0 114.722
      vertex -8.61823 10.5013 101.137
    endloop
  endfacet
  facet normal -0.31798 0.631696 -0.707
    outer loop
      vertex 6.40392 -11.9809 101.137
      vertex 5.80834 -12.2807 101.137
      vertex 0 0 114.722
    endloop
  endfacet
  facet normal 0.348615 -0.61532 -0.707
    outer loop
      vertex -6.40392 11.9809 101.137
      vertex 0 0 114.722
      vertex -6.98409 11.6522 101.137
    endloop
  endfacet
  facet normal 0.707 -0.0173944 -0.707
    outer loop
      vertex -13.5686 0.666584 101.137
      vertex 0 0 114.722
      vertex -13.585 0 101.137
    endloop
  endfacet
  facet normal 0.705301 -0.0519714 -0.707
    outer loop
      vertex -13.5196 1.33156 101.137
      vertex 0 0 114.722
      vertex -13.5686 0.666584 101.137
    endloop
  endfacet
  facet normal -0.646546 -0.286581 -0.707
    outer loop
      vertex 12.2807 5.80834 101.137
      vertex 12.5509 5.19875 101.137
      vertex 0 0 114.722
    endloop
  endfacet
  facet normal -0.659814 -0.25455 -0.707001
    outer loop
      vertex 12.5509 5.19875 101.137
      vertex 12.7909 4.57665 101.137
      vertex 0 0 114.722
    endloop
  endfacet
  facet normal 0.61532 0.348615 -0.707
    outer loop
      vertex 0 0 114.722
      vertex -11.6522 -6.98409 101.137
      vertex -11.9809 -6.40392 101.137
    endloop
  endfacet
  facet normal -0.701897 -0.0865479 -0.707001
    outer loop
      vertex 13.438 1.99333 101.137
      vertex 13.5196 1.33156 101.137
      vertex 0 0 114.722
    endloop
  endfacet
  facet normal 0.578226 -0.407192 -0.707
    outer loop
      vertex -10.9116 8.09257 101.137
      vertex 0 0 114.722
      vertex -11.2955 7.54742 101.137
    endloop
  endfacet
  facet normal 0.61532 -0.348615 -0.707
    outer loop
      vertex -11.6522 6.98409 101.137
      vertex 0 0 114.722
      vertex -11.9809 6.40392 101.137
    endloop
  endfacet
  facet normal 0.646546 -0.286581 -0.707
    outer loop
      vertex -12.2807 5.80834 101.137
      vertex 0 0 114.722
      vertex -12.5509 5.19875 101.137
    endloop
  endfacet
  facet normal 0.671537 -0.221785 -0.707
    outer loop
      vertex -12.7909 4.57665 101.137
      vertex 0 0 114.722
      vertex -13 3.94352 101.137
    endloop
  endfacet
  facet normal 0.690028 0.154956 -0.707001
    outer loop
      vertex 0 0 114.722
      vertex -13.1779 -3.30089 101.137
      vertex -13.324 -2.6503 101.137
    endloop
  endfacet
  facet normal 0.659814 0.25455 -0.707001
    outer loop
      vertex 0 0 114.722
      vertex -12.5509 -5.19875 101.137
      vertex -12.7909 -4.57665 101.137
    endloop
  endfacet
  facet normal -0.705301 -0.0519714 -0.707
    outer loop
      vertex 13.5196 1.33156 101.137
      vertex 13.5686 0.666584 101.137
      vertex 0 0 114.722
    endloop
  endfacet
  facet normal 0.286581 -0.646546 -0.707
    outer loop
      vertex -5.19875 12.5509 101.137
      vertex 0 0 114.722
      vertex -5.80834 12.2807 101.137
    endloop
  endfacet
  facet normal 0.25455 -0.659814 -0.707001
    outer loop
      vertex -4.57665 12.7909 101.137
      vertex 0 0 114.722
      vertex -5.19875 12.5509 101.137
    endloop
  endfacet
  facet normal -0.0519714 -0.705301 -0.707
    outer loop
      vertex 0.666584 13.5686 101.137
      vertex 1.33156 13.5196 101.137
      vertex 0 0 114.722
    endloop
  endfacet
  facet normal -0.286581 0.646546 -0.707
    outer loop
      vertex 5.80834 -12.2807 101.137
      vertex 5.19875 -12.5509 101.137
      vertex 0 0 114.722
    endloop
  endfacet
  facet normal 0.286581 0.646546 -0.707
    outer loop
      vertex 0 0 114.722
      vertex -5.19875 -12.5509 101.137
      vertex -5.80834 -12.2807 101.137
    endloop
  endfacet
  facet normal -0.407192 -0.578226 -0.707
    outer loop
      vertex 7.54742 11.2955 101.137
      vertex 8.09257 10.9116 101.137
      vertex 0 0 114.722
    endloop
  endfacet
  facet normal -0.6968 0.120911 -0.707001
    outer loop
      vertex 13.438 -1.99333 101.137
      vertex 13.324 -2.6503 101.137
      vertex 0 0 114.722
    endloop
  endfacet
  facet normal -0.512202 -0.487648 -0.707
    outer loop
      vertex 9.60604 9.60604 101.137
      vertex 10.0658 9.12313 101.137
      vertex 0 0 114.722
    endloop
  endfacet
  facet normal -0.578226 -0.407192 -0.707
    outer loop
      vertex 10.9116 8.09257 101.137
      vertex 11.2955 7.54742 101.137
      vertex 0 0 114.722
    endloop
  endfacet
  facet normal -0.681579 -0.188682 -0.707
    outer loop
      vertex 13 3.94352 101.137
      vertex 13.1779 3.30089 101.137
      vertex 0 0 114.722
    endloop
  endfacet
  facet normal -0.487648 0.512202 -0.707
    outer loop
      vertex 9.60604 -9.60604 101.137
      vertex 9.12313 -10.0658 101.137
      vertex 0 0 114.722
    endloop
  endfacet
  facet normal -0.407192 0.578226 -0.707
    outer loop
      vertex 8.09257 -10.9116 101.137
      vertex 7.54742 -11.2955 101.137
      vertex 0 0 114.722
    endloop
  endfacet
  facet normal -0.0173944 0.707 -0.707
    outer loop
      vertex 0 0 114.722
      vertex 0.666584 -13.5686 101.137
      vertex 0 -13.585 101.137
    endloop
  endfacet
  facet normal 0.348615 0.61532 -0.707
    outer loop
      vertex 0 0 114.722
      vertex -6.40392 -11.9809 101.137
      vertex -6.98409 -11.6522 101.137
    endloop
  endfacet
  facet normal -0.690028 0.154956 -0.707001
    outer loop
      vertex 13.324 -2.6503 101.137
      vertex 13.1779 -3.30089 101.137
      vertex 0 0 114.722
    endloop
  endfacet
  facet normal 0.0865479 0.701897 -0.707001
    outer loop
      vertex 0 0 114.722
      vertex -1.33156 -13.5196 101.137
      vertex -1.99333 -13.438 101.137
    endloop
  endfacet
  facet normal 0.705301 0.0519714 -0.707
    outer loop
      vertex 0 0 114.722
      vertex -13.5196 -1.33156 101.137
      vertex -13.5686 -0.666584 101.137
    endloop
  endfacet
  facet normal 0.707 0.0173944 -0.707
    outer loop
      vertex 0 0 114.722
      vertex -13.5686 -0.666584 101.137
      vertex -13.585 0 101.137
    endloop
  endfacet
  facet normal 0.0173944 0.707 -0.707
    outer loop
      vertex 0 0 114.722
      vertex 0 -13.585 101.137
      vertex -0.666584 -13.5686 101.137
    endloop
  endfacet
  facet normal -0.378339 0.597504 -0.707
    outer loop
      vertex 7.54742 -11.2955 101.137
      vertex 6.98409 -11.6522 101.137
      vertex 0 0 114.722
    endloop
  endfacet
  facet normal -0.348615 0.61532 -0.707
    outer loop
      vertex 6.98409 -11.6522 101.137
      vertex 6.40392 -11.9809 101.137
      vertex 0 0 114.722
    endloop
  endfacet
  facet normal 0.557493 0.435147 -0.707
    outer loop
      vertex 0 0 114.722
      vertex -10.5013 -8.61823 101.137
      vertex -10.9116 -8.09257 101.137
    endloop
  endfacet
  facet normal 0.578226 0.407192 -0.707
    outer loop
      vertex 0 0 114.722
      vertex -10.9116 -8.09257 101.137
      vertex -11.2955 -7.54742 101.137
    endloop
  endfacet
  facet normal -0.535524 0.461915 -0.707
    outer loop
      vertex 10.5013 -8.61823 101.137
      vertex 10.0658 -9.12313 101.137
      vertex 0 0 114.722
    endloop
  endfacet
  facet normal -0.578226 0.407192 -0.707
    outer loop
      vertex 11.2955 -7.54742 101.137
      vertex 10.9116 -8.09257 101.137
      vertex 0 0 114.722
    endloop
  endfacet
  facet normal -0.557493 0.435147 -0.707
    outer loop
      vertex 10.9116 -8.09257 101.137
      vertex 10.5013 -8.61823 101.137
      vertex 0 0 114.722
    endloop
  endfacet
  facet normal -0.597504 0.378339 -0.707
    outer loop
      vertex 11.6522 -6.98409 101.137
      vertex 11.2955 -7.54742 101.137
      vertex 0 0 114.722
    endloop
  endfacet
  facet normal 0.631696 0.31798 -0.707
    outer loop
      vertex 0 0 114.722
      vertex -11.9809 -6.40392 101.137
      vertex -12.2807 -5.80834 101.137
    endloop
  endfacet
  facet normal -0.681579 0.188682 -0.707
    outer loop
      vertex 13.1779 -3.30089 101.137
      vertex 13 -3.94352 101.137
      vertex 0 0 114.722
    endloop
  endfacet
  facet normal -0.671537 0.221785 -0.707
    outer loop
      vertex 13 -3.94352 101.137
      vertex 12.7909 -4.57665 101.137
      vertex 0 0 114.722
    endloop
  endfacet
  facet normal -0.659814 0.25455 -0.707001
    outer loop
      vertex 12.7909 -4.57665 101.137
      vertex 12.5509 -5.19875 101.137
      vertex 0 0 114.722
    endloop
  endfacet
  facet normal -0.188682 0.681579 -0.707
    outer loop
      vertex 3.94352 -13 101.137
      vertex 3.30089 -13.1779 101.137
      vertex 0 0 114.722
    endloop
  endfacet
  facet normal -0.154956 0.690028 -0.707001
    outer loop
      vertex 3.30089 -13.1779 101.137
      vertex 2.6503 -13.324 101.137
      vertex 0 0 114.722
    endloop
  endfacet
  facet normal -0.120911 0.6968 -0.707001
    outer loop
      vertex 2.6503 -13.324 101.137
      vertex 1.99333 -13.438 101.137
      vertex 0 0 114.722
    endloop
  endfacet
  facet normal 0.378339 0.597504 -0.707
    outer loop
      vertex 0 0 114.722
      vertex -6.98409 -11.6522 101.137
      vertex -7.54742 -11.2955 101.137
    endloop
  endfacet
  facet normal 0.221785 0.671537 -0.707
    outer loop
      vertex 0 0 114.722
      vertex -3.94352 -13 101.137
      vertex -4.57665 -12.7909 101.137
    endloop
  endfacet
  facet normal 0.25455 0.659814 -0.707001
    outer loop
      vertex 0 0 114.722
      vertex -4.57665 -12.7909 101.137
      vertex -5.19875 -12.5509 101.137
    endloop
  endfacet
  facet normal 0.461915 0.535524 -0.707
    outer loop
      vertex 0 0 114.722
      vertex -8.61823 -10.5013 101.137
      vertex -9.12313 -10.0658 101.137
    endloop
  endfacet
  facet normal 0.535524 0.461915 -0.707
    outer loop
      vertex 0 0 114.722
      vertex -10.0658 -9.12313 101.137
      vertex -10.5013 -8.61823 101.137
    endloop
  endfacet
  facet normal 0 0 -1
    outer loop
      vertex 1.22225 -19.8688 -1.90735e-07
      vertex 6.28023 -21.1777 -1.90735e-07
      vertex 6.66687 -21.8474 -1.90735e-07
    endloop
  endfacet
  facet normal 0 0 -1
    outer loop
      vertex 4.78997 -18.5965 -1.90735e-07
      vertex 3.94352 -13 -1.90735e-07
      vertex 4.57665 -12.7909 -1.90735e-07
    endloop
  endfacet
  facet normal 0 0 -1
    outer loop
      vertex 2.03253 -17.1976 -1.90735e-07
      vertex 3.94352 -13 -1.90735e-07
      vertex 4.78997 -18.5965 -1.90735e-07
    endloop
  endfacet
  facet normal 0 0 -1
    outer loop
      vertex 3.94352 -13 -1.90735e-07
      vertex 2.03253 -17.1976 -1.90735e-07
      vertex 3.30089 -13.1779 -1.90735e-07
    endloop
  endfacet
  facet normal 0 0 -1
    outer loop
      vertex 2.15773 -17.6103 -1.90735e-07
      vertex 4.78997 -18.5965 -1.90735e-07
      vertex 2.2 -18.0395 -1.90735e-07
    endloop
  endfacet
  facet normal 0 -0 -1
    outer loop
      vertex 1.82923 -19.2618 -1.90735e-07
      vertex 6.28023 -21.1777 -1.90735e-07
      vertex 1.55563 -19.5952 -1.90735e-07
    endloop
  endfacet
  facet normal 0 0 -1
    outer loop
      vertex 0.841903 -20.0721 -1.90735e-07
      vertex 6.66687 -21.8474 -1.90735e-07
      vertex 7.00684 -22.4362 -1.90735e-07
    endloop
  endfacet
  facet normal 0 0 -1
    outer loop
      vertex 0.841903 -20.0721 -1.90735e-07
      vertex 7.00684 -22.4362 -1.90735e-07
      vertex 7.04023 -22.494 -1.90735e-07
    endloop
  endfacet
  facet normal 0 0 -1
    outer loop
      vertex 4.78997 -18.5965 -1.90735e-07
      vertex 2.15773 -18.4687 -1.90735e-07
      vertex 2.2 -18.0395 -1.90735e-07
    endloop
  endfacet
  facet normal -0 0 -1
    outer loop
      vertex 4.78997 -18.5965 -1.90735e-07
      vertex 2.03253 -18.8814 -1.90735e-07
      vertex 2.15773 -18.4687 -1.90735e-07
    endloop
  endfacet
  facet normal 0 0 -1
    outer loop
      vertex 4.78997 -18.5965 -1.90735e-07
      vertex 1.82923 -19.2618 -1.90735e-07
      vertex 2.03253 -18.8814 -1.90735e-07
    endloop
  endfacet
  facet normal 0 0 -1
    outer loop
      vertex 6.28023 -21.1777 -1.90735e-07
      vertex 1.82923 -19.2618 -1.90735e-07
      vertex 4.78997 -18.5965 -1.90735e-07
    endloop
  endfacet
  facet normal 0 0 -1
    outer loop
      vertex 6.28023 -21.1777 -1.90735e-07
      vertex 1.22225 -19.8688 -1.90735e-07
      vertex 1.55563 -19.5952 -1.90735e-07
    endloop
  endfacet
  facet normal 0 0 -1
    outer loop
      vertex 6.66687 -21.8474 -1.90735e-07
      vertex 0.841903 -20.0721 -1.90735e-07
      vertex 1.22225 -19.8688 -1.90735e-07
    endloop
  endfacet
  facet normal 0 0 -1
    outer loop
      vertex 7.04023 -22.494 -1.90735e-07
      vertex 0.429198 -20.1972 -1.90735e-07
      vertex 0.841903 -20.0721 -1.90735e-07
    endloop
  endfacet
  facet normal 0 0 -1
    outer loop
      vertex 7.04023 -22.494 -1.90735e-07
      vertex 0 -20.2395 -1.90735e-07
      vertex 0.429198 -20.1972 -1.90735e-07
    endloop
  endfacet
  facet normal 0 0 -1
    outer loop
      vertex -7.04023 -22.494 -1.90735e-07
      vertex 0 -20.2395 -1.90735e-07
      vertex 7.04023 -22.494 -1.90735e-07
    endloop
  endfacet
  facet normal -0 0 -1
    outer loop
      vertex 0 -20.2395 -1.90735e-07
      vertex -7.04023 -22.494 -1.90735e-07
      vertex -0.429198 -20.1972 -1.90735e-07
    endloop
  endfacet
  facet normal 0 0 -1
    outer loop
      vertex -1.82923 -16.8173 -1.90735e-07
      vertex -3.30089 -13.1779 -1.90735e-07
      vertex -2.6503 -13.324 -1.90735e-07
    endloop
  endfacet
  facet normal 0 0 -1
    outer loop
      vertex -4.78997 -18.5965 -1.90735e-07
      vertex -2.2 -18.0395 -1.90735e-07
      vertex -2.15773 -18.4687 -1.90735e-07
    endloop
  endfacet
  facet normal -0 0 -1
    outer loop
      vertex -2.15773 -17.6103 -1.90735e-07
      vertex -4.78997 -18.5965 -1.90735e-07
      vertex -3.30089 -13.1779 -1.90735e-07
    endloop
  endfacet
  facet normal 0 0 -1
    outer loop
      vertex -4.78997 -18.5965 -1.90735e-07
      vertex -2.15773 -18.4687 -1.90735e-07
      vertex -2.03253 -18.8814 -1.90735e-07
    endloop
  endfacet
  facet normal -0 0 -1
    outer loop
      vertex -3.30089 -13.1779 -1.90735e-07
      vertex -4.78997 -18.5965 -1.90735e-07
      vertex -3.94352 -13 -1.90735e-07
    endloop
  endfacet
  facet normal -0 0 -1
    outer loop
      vertex -3.94352 -13 -1.90735e-07
      vertex -4.78997 -18.5965 -1.90735e-07
      vertex -4.57665 -12.7909 -1.90735e-07
    endloop
  endfacet
  facet normal 0 0 -1
    outer loop
      vertex -1.82923 -19.2618 -1.90735e-07
      vertex -4.78997 -18.5965 -1.90735e-07
      vertex -2.03253 -18.8814 -1.90735e-07
    endloop
  endfacet
  facet normal 0 0 -1
    outer loop
      vertex -6.28023 -21.1777 -1.90735e-07
      vertex -1.82923 -19.2618 -1.90735e-07
      vertex -1.55563 -19.5952 -1.90735e-07
    endloop
  endfacet
  facet normal 0 0 -1
    outer loop
      vertex -6.28023 -21.1777 -1.90735e-07
      vertex -1.55563 -19.5952 -1.90735e-07
      vertex -1.22225 -19.8688 -1.90735e-07
    endloop
  endfacet
  facet normal 0 0 -1
    outer loop
      vertex -6.28023 -21.1777 -1.90735e-07
      vertex -1.22225 -19.8688 -1.90735e-07
      vertex -0.841903 -20.0721 -1.90735e-07
    endloop
  endfacet
  facet normal -0 0 -1
    outer loop
      vertex -1.82923 -19.2618 -1.90735e-07
      vertex -6.28023 -21.1777 -1.90735e-07
      vertex -4.78997 -18.5965 -1.90735e-07
    endloop
  endfacet
  facet normal -0 0 -1
    outer loop
      vertex -0.429198 -20.1972 -1.90735e-07
      vertex -7.04023 -22.494 -1.90735e-07
      vertex -0.841903 -20.0721 -1.90735e-07
    endloop
  endfacet
  facet normal 0 0 -1
    outer loop
      vertex -0.841903 -20.0721 -1.90735e-07
      vertex -6.66687 -21.8474 -1.90735e-07
      vertex -6.28023 -21.1777 -1.90735e-07
    endloop
  endfacet
  facet normal 0 0 -1
    outer loop
      vertex -0.841903 -20.0721 -1.90735e-07
      vertex -7.00684 -22.4362 -1.90735e-07
      vertex -6.66687 -21.8474 -1.90735e-07
    endloop
  endfacet
  facet normal 0 0 -1
    outer loop
      vertex -0.841903 -20.0721 -1.90735e-07
      vertex -7.04023 -22.494 -1.90735e-07
      vertex -7.00684 -22.4362 -1.90735e-07
    endloop
  endfacet
  facet normal 0 0 -1
    outer loop
      vertex -6.28023 21.1777 -1.90735e-07
      vertex 6.28023 21.1777 -1.90735e-07
      vertex 4.78997 18.5965 -1.90735e-07
    endloop
  endfacet
  facet normal 0 0 -1
    outer loop
      vertex 3.94352 13 -1.90735e-07
      vertex 4.78997 18.5965 -1.90735e-07
      vertex 4.57665 12.7909 -1.90735e-07
    endloop
  endfacet
  facet normal 0 0 -1
    outer loop
      vertex 3.30089 13.1779 -1.90735e-07
      vertex 4.78997 18.5965 -1.90735e-07
      vertex 3.94352 13 -1.90735e-07
    endloop
  endfacet
  facet normal 0 0 -1
    outer loop
      vertex 2.6503 13.324 -1.90735e-07
      vertex 4.78997 18.5965 -1.90735e-07
      vertex 3.30089 13.1779 -1.90735e-07
    endloop
  endfacet
  facet normal 0 0 -1
    outer loop
      vertex 1.99333 13.438 -1.90735e-07
      vertex 4.78997 18.5965 -1.90735e-07
      vertex 2.6503 13.324 -1.90735e-07
    endloop
  endfacet
  facet normal 0 0 -1
    outer loop
      vertex 1.33156 13.5196 -1.90735e-07
      vertex 4.78997 18.5965 -1.90735e-07
      vertex 1.99333 13.438 -1.90735e-07
    endloop
  endfacet
  facet normal 0 0 -1
    outer loop
      vertex 0.666584 13.5686 -1.90735e-07
      vertex 4.78997 18.5965 -1.90735e-07
      vertex 1.33156 13.5196 -1.90735e-07
    endloop
  endfacet
  facet normal 0 0 -1
    outer loop
      vertex 0 13.585 -1.90735e-07
      vertex 4.78997 18.5965 -1.90735e-07
      vertex 0.666584 13.5686 -1.90735e-07
    endloop
  endfacet
  facet normal 0 0 -1
    outer loop
      vertex -6.28023 21.1777 -1.90735e-07
      vertex 4.78997 18.5965 -1.90735e-07
      vertex -4.78997 18.5965 -1.90735e-07
    endloop
  endfacet
  facet normal 0 0 -1
    outer loop
      vertex 6.28023 21.1777 -1.90735e-07
      vertex -6.28023 21.1777 -1.90735e-07
      vertex 6.66687 21.8474 -1.90735e-07
    endloop
  endfacet
  facet normal -0 0 -1
    outer loop
      vertex 4.78997 18.5965 -1.90735e-07
      vertex 0 13.585 -1.90735e-07
      vertex -4.78997 18.5965 -1.90735e-07
    endloop
  endfacet
  facet normal 0 0 -1
    outer loop
      vertex -4.78997 18.5965 -1.90735e-07
      vertex 0 13.585 -1.90735e-07
      vertex -0.666584 13.5686 -1.90735e-07
    endloop
  endfacet
  facet normal 0 0 -1
    outer loop
      vertex -4.78997 18.5965 -1.90735e-07
      vertex -0.666584 13.5686 -1.90735e-07
      vertex -1.33156 13.5196 -1.90735e-07
    endloop
  endfacet
  facet normal 0 0 -1
    outer loop
      vertex -4.78997 18.5965 -1.90735e-07
      vertex -1.33156 13.5196 -1.90735e-07
      vertex -1.99333 13.438 -1.90735e-07
    endloop
  endfacet
  facet normal 0 0 -1
    outer loop
      vertex -4.78997 18.5965 -1.90735e-07
      vertex -1.99333 13.438 -1.90735e-07
      vertex -2.6503 13.324 -1.90735e-07
    endloop
  endfacet
  facet normal 0 0 -1
    outer loop
      vertex -4.78997 18.5965 -1.90735e-07
      vertex -2.6503 13.324 -1.90735e-07
      vertex -3.30089 13.1779 -1.90735e-07
    endloop
  endfacet
  facet normal 0 0 -1
    outer loop
      vertex -4.78997 18.5965 -1.90735e-07
      vertex -3.30089 13.1779 -1.90735e-07
      vertex -3.94352 13 -1.90735e-07
    endloop
  endfacet
  facet normal 0 0 -1
    outer loop
      vertex -4.78997 18.5965 -1.90735e-07
      vertex -3.94352 13 -1.90735e-07
      vertex -4.57665 12.7909 -1.90735e-07
    endloop
  endfacet
  facet normal 0 0 -1
    outer loop
      vertex -6.66687 21.8474 -1.90735e-07
      vertex 6.66687 21.8474 -1.90735e-07
      vertex -6.28023 21.1777 -1.90735e-07
    endloop
  endfacet
  facet normal 0 0 -1
    outer loop
      vertex 6.66687 21.8474 -1.90735e-07
      vertex -6.66687 21.8474 -1.90735e-07
      vertex 7.00684 22.4362 -1.90735e-07
    endloop
  endfacet
  facet normal 0 0 -1
    outer loop
      vertex -7.00684 22.4362 -1.90735e-07
      vertex 7.00684 22.4362 -1.90735e-07
      vertex -6.66687 21.8474 -1.90735e-07
    endloop
  endfacet
  facet normal 0 0 -1
    outer loop
      vertex 7.00684 22.4362 -1.90735e-07
      vertex -7.00684 22.4362 -1.90735e-07
      vertex 7.04023 22.494 -1.90735e-07
    endloop
  endfacet
  facet normal -0 0 -1
    outer loop
      vertex 7.04023 22.494 -1.90735e-07
      vertex -7.00684 22.4362 -1.90735e-07
      vertex -7.04023 22.494 -1.90735e-07
    endloop
  endfacet
  facet normal 0 0 -1
    outer loop
      vertex -18.5 5.15 -1.90735e-07
      vertex -13.324 2.6503 -1.90735e-07
      vertex -13.438 1.99333 -1.90735e-07
    endloop
  endfacet
  facet normal 0 0 -1
    outer loop
      vertex -13.324 2.6503 -1.90735e-07
      vertex -13.4415 8.7326 -1.90735e-07
      vertex -13.4274 9.16365 -1.90735e-07
    endloop
  endfacet
  facet normal 0 0 -1
    outer loop
      vertex -18.5 5.15 -1.90735e-07
      vertex -13.438 1.99333 -1.90735e-07
      vertex -13.5196 1.33156 -1.90735e-07
    endloop
  endfacet
  facet normal 0 0 -1
    outer loop
      vertex -13.324 2.6503 -1.90735e-07
      vertex -13.5394 8.31259 -1.90735e-07
      vertex -13.4415 8.7326 -1.90735e-07
    endloop
  endfacet
  facet normal 0 0 -1
    outer loop
      vertex -18.5 5.15 -1.90735e-07
      vertex -13.5196 1.33156 -1.90735e-07
      vertex -13.5686 0.666584 -1.90735e-07
    endloop
  endfacet
  facet normal 0 0 -1
    outer loop
      vertex -18.5 5.15 -1.90735e-07
      vertex -13.5686 0.666584 -1.90735e-07
      vertex -13.585 0 -1.90735e-07
    endloop
  endfacet
  facet normal -0 0 -1
    outer loop
      vertex -13.5686 -0.666584 -1.90735e-07
      vertex -18.5 -5.15 -1.90735e-07
      vertex -13.585 0 -1.90735e-07
    endloop
  endfacet
  facet normal 0 0 -1
    outer loop
      vertex -13.324 2.6503 -1.90735e-07
      vertex -13.7174 7.91976 -1.90735e-07
      vertex -13.5394 8.31259 -1.90735e-07
    endloop
  endfacet
  facet normal 0 0 -1
    outer loop
      vertex -13.324 2.6503 -1.90735e-07
      vertex -13.9686 7.5692 -1.90735e-07
      vertex -13.7174 7.91976 -1.90735e-07
    endloop
  endfacet
  facet normal 0 0 -1
    outer loop
      vertex -13.324 2.6503 -1.90735e-07
      vertex -14.2834 7.27438 -1.90735e-07
      vertex -13.9686 7.5692 -1.90735e-07
    endloop
  endfacet
  facet normal 0 0 -1
    outer loop
      vertex -18.5 5.15 -1.90735e-07
      vertex -13.585 0 -1.90735e-07
      vertex -18.5 -5.15 -1.90735e-07
    endloop
  endfacet
  facet normal 0 0 -1
    outer loop
      vertex -13.324 2.6503 -1.90735e-07
      vertex -14.6496 7.04664 -1.90735e-07
      vertex -14.2834 7.27438 -1.90735e-07
    endloop
  endfacet
  facet normal 0 0 -1
    outer loop
      vertex -22.2353 -6.47534 -1.90735e-07
      vertex -13.71 -13.4465 -1.90735e-07
      vertex -15.2003 -16.0277 -1.90735e-07
    endloop
  endfacet
  facet normal 0 0 -1
    outer loop
      vertex -13.324 2.6503 -1.90735e-07
      vertex -15.0533 6.89472 -1.90735e-07
      vertex -14.6496 7.04664 -1.90735e-07
    endloop
  endfacet
  facet normal 0 0 -1
    outer loop
      vertex -22.2353 -6.47534 -1.90735e-07
      vertex -15.2003 -16.0277 -1.90735e-07
      vertex -15.5869 -16.6974 -1.90735e-07
    endloop
  endfacet
  facet normal 0 -0 -1
    outer loop
      vertex -15.9098 6.83858 -1.90735e-07
      vertex -13.324 2.6503 -1.90735e-07
      vertex -18.5 5.15 -1.90735e-07
    endloop
  endfacet
  facet normal 0 0 -1
    outer loop
      vertex -22.2353 -6.47534 -1.90735e-07
      vertex -15.5869 -16.6974 -1.90735e-07
      vertex -15.9269 -17.2862 -1.90735e-07
    endloop
  endfacet
  facet normal 0 0 -1
    outer loop
      vertex -22.2353 -6.47534 -1.90735e-07
      vertex -15.9269 -17.2862 -1.90735e-07
      vertex -15.9603 -17.344 -1.90735e-07
    endloop
  endfacet
  facet normal 0 0 -1
    outer loop
      vertex -13.324 2.6503 -1.90735e-07
      vertex -15.4788 6.82447 -1.90735e-07
      vertex -15.0533 6.89472 -1.90735e-07
    endloop
  endfacet
  facet normal 0 0 -1
    outer loop
      vertex -13.324 2.6503 -1.90735e-07
      vertex -15.9098 6.83858 -1.90735e-07
      vertex -15.4788 6.82447 -1.90735e-07
    endloop
  endfacet
  facet normal -0 0 -1
    outer loop
      vertex -15.9098 6.83858 -1.90735e-07
      vertex -18.5 5.15 -1.90735e-07
      vertex -16.3298 6.93651 -1.90735e-07
    endloop
  endfacet
  facet normal -0 0 -1
    outer loop
      vertex -16.3298 6.93651 -1.90735e-07
      vertex -18.5 5.15 -1.90735e-07
      vertex -16.7227 7.1145 -1.90735e-07
    endloop
  endfacet
  facet normal -0 0 -1
    outer loop
      vertex -16.7227 7.1145 -1.90735e-07
      vertex -18.5 5.15 -1.90735e-07
      vertex -17.0732 7.36571 -1.90735e-07
    endloop
  endfacet
  facet normal -0 0 -1
    outer loop
      vertex -17.0732 7.36571 -1.90735e-07
      vertex -18.5 5.15 -1.90735e-07
      vertex -17.3681 7.68048 -1.90735e-07
    endloop
  endfacet
  facet normal -0 0 -1
    outer loop
      vertex -17.3681 7.68048 -1.90735e-07
      vertex -18.5 5.15 -1.90735e-07
      vertex -17.5958 8.04672 -1.90735e-07
    endloop
  endfacet
  facet normal -0 0 -1
    outer loop
      vertex -17.5958 8.04672 -1.90735e-07
      vertex -18.5 5.15 -1.90735e-07
      vertex -17.7477 8.45036 -1.90735e-07
    endloop
  endfacet
  facet normal 0 0 -1
    outer loop
      vertex -13.71 -13.4465 -1.90735e-07
      vertex -22.2353 -6.47534 -1.90735e-07
      vertex -18.5 -5.15 -1.90735e-07
    endloop
  endfacet
  facet normal -0 0 -1
    outer loop
      vertex -18.5 -5.15 -1.90735e-07
      vertex -22.2353 -6.47534 -1.90735e-07
      vertex -23.0005 -5.15 -1.90735e-07
    endloop
  endfacet
  facet normal 0 0 -1
    outer loop
      vertex -5.19875 12.5509 -1.90735e-07
      vertex -4.78997 18.5965 -1.90735e-07
      vertex -4.57665 12.7909 -1.90735e-07
    endloop
  endfacet
  facet normal 0 0 -1
    outer loop
      vertex -5.80834 12.2807 -1.90735e-07
      vertex -4.78997 18.5965 -1.90735e-07
      vertex -5.19875 12.5509 -1.90735e-07
    endloop
  endfacet
  facet normal 0 0 -1
    outer loop
      vertex -6.40392 11.9809 -1.90735e-07
      vertex -4.78997 18.5965 -1.90735e-07
      vertex -5.80834 12.2807 -1.90735e-07
    endloop
  endfacet
  facet normal 0 0 -1
    outer loop
      vertex -6.98409 11.6522 -1.90735e-07
      vertex -4.78997 18.5965 -1.90735e-07
      vertex -6.40392 11.9809 -1.90735e-07
    endloop
  endfacet
  facet normal 0 0 -1
    outer loop
      vertex -13.71 13.4465 -1.90735e-07
      vertex -6.98409 11.6522 -1.90735e-07
      vertex -7.54742 11.2955 -1.90735e-07
    endloop
  endfacet
  facet normal 0 0 -1
    outer loop
      vertex -13.71 13.4465 -1.90735e-07
      vertex -7.54742 11.2955 -1.90735e-07
      vertex -8.09257 10.9116 -1.90735e-07
    endloop
  endfacet
  facet normal 0 0 -1
    outer loop
      vertex -13.71 13.4465 -1.90735e-07
      vertex -8.09257 10.9116 -1.90735e-07
      vertex -8.61823 10.5013 -1.90735e-07
    endloop
  endfacet
  facet normal 0 0 -1
    outer loop
      vertex -13.71 13.4465 -1.90735e-07
      vertex -8.61823 10.5013 -1.90735e-07
      vertex -9.12313 10.0658 -1.90735e-07
    endloop
  endfacet
  facet normal 0 0 -1
    outer loop
      vertex -13.71 13.4465 -1.90735e-07
      vertex -9.12313 10.0658 -1.90735e-07
      vertex -9.60604 9.60604 -1.90735e-07
    endloop
  endfacet
  facet normal 0 0 -1
    outer loop
      vertex -13.6496 9.99279 -1.90735e-07
      vertex -9.60604 9.60604 -1.90735e-07
      vertex -10.0658 9.12313 -1.90735e-07
    endloop
  endfacet
  facet normal 0 0 -1
    outer loop
      vertex -13.4976 9.58916 -1.90735e-07
      vertex -10.0658 9.12313 -1.90735e-07
      vertex -10.5013 8.61823 -1.90735e-07
    endloop
  endfacet
  facet normal 0 0 -1
    outer loop
      vertex -13.4274 9.16365 -1.90735e-07
      vertex -10.5013 8.61823 -1.90735e-07
      vertex -10.9116 8.09257 -1.90735e-07
    endloop
  endfacet
  facet normal 0 0 -1
    outer loop
      vertex -13.4274 9.16365 -1.90735e-07
      vertex -10.9116 8.09257 -1.90735e-07
      vertex -11.2955 7.54742 -1.90735e-07
    endloop
  endfacet
  facet normal 0 0 -1
    outer loop
      vertex -13.4274 9.16365 -1.90735e-07
      vertex -11.2955 7.54742 -1.90735e-07
      vertex -11.6522 6.98409 -1.90735e-07
    endloop
  endfacet
  facet normal 0 0 -1
    outer loop
      vertex -13.4274 9.16365 -1.90735e-07
      vertex -13.1779 3.30089 -1.90735e-07
      vertex -13.324 2.6503 -1.90735e-07
    endloop
  endfacet
  facet normal 0 0 -1
    outer loop
      vertex -13.4274 9.16365 -1.90735e-07
      vertex -13 3.94352 -1.90735e-07
      vertex -13.1779 3.30089 -1.90735e-07
    endloop
  endfacet
  facet normal 0 0 -1
    outer loop
      vertex -13.4274 9.16365 -1.90735e-07
      vertex -12.7909 4.57665 -1.90735e-07
      vertex -13 3.94352 -1.90735e-07
    endloop
  endfacet
  facet normal 0 0 -1
    outer loop
      vertex -13.4274 9.16365 -1.90735e-07
      vertex -12.5509 5.19875 -1.90735e-07
      vertex -12.7909 4.57665 -1.90735e-07
    endloop
  endfacet
  facet normal 0 0 -1
    outer loop
      vertex -13.4274 9.16365 -1.90735e-07
      vertex -12.2807 5.80834 -1.90735e-07
      vertex -12.5509 5.19875 -1.90735e-07
    endloop
  endfacet
  facet normal 0 0 -1
    outer loop
      vertex -13.4274 9.16365 -1.90735e-07
      vertex -11.9809 6.40392 -1.90735e-07
      vertex -12.2807 5.80834 -1.90735e-07
    endloop
  endfacet
  facet normal 0 0 -1
    outer loop
      vertex -13.4274 9.16365 -1.90735e-07
      vertex -11.6522 6.98409 -1.90735e-07
      vertex -11.9809 6.40392 -1.90735e-07
    endloop
  endfacet
  facet normal 0 0 -1
    outer loop
      vertex -10.5013 8.61823 -1.90735e-07
      vertex -13.4274 9.16365 -1.90735e-07
      vertex -13.4976 9.58916 -1.90735e-07
    endloop
  endfacet
  facet normal 0 0 -1
    outer loop
      vertex -10.0658 9.12313 -1.90735e-07
      vertex -13.4976 9.58916 -1.90735e-07
      vertex -13.6496 9.99279 -1.90735e-07
    endloop
  endfacet
  facet normal 0 0 -1
    outer loop
      vertex -9.60604 9.60604 -1.90735e-07
      vertex -13.6496 9.99279 -1.90735e-07
      vertex -13.8773 10.359 -1.90735e-07
    endloop
  endfacet
  facet normal 0 0 -1
    outer loop
      vertex -6.98409 11.6522 -1.90735e-07
      vertex -13.71 13.4465 -1.90735e-07
      vertex -4.78997 18.5965 -1.90735e-07
    endloop
  endfacet
  facet normal 0 0 -1
    outer loop
      vertex -9.60604 9.60604 -1.90735e-07
      vertex -13.8773 10.359 -1.90735e-07
      vertex -13.71 13.4465 -1.90735e-07
    endloop
  endfacet
  facet normal 0 0 -1
    outer loop
      vertex -14.1721 10.6738 -1.90735e-07
      vertex -13.71 13.4465 -1.90735e-07
      vertex -13.8773 10.359 -1.90735e-07
    endloop
  endfacet
  facet normal 0 0 -1
    outer loop
      vertex -14.5227 10.925 -1.90735e-07
      vertex -13.71 13.4465 -1.90735e-07
      vertex -14.1721 10.6738 -1.90735e-07
    endloop
  endfacet
  facet normal 0 0 -1
    outer loop
      vertex -14.9155 11.103 -1.90735e-07
      vertex -13.71 13.4465 -1.90735e-07
      vertex -14.5227 10.925 -1.90735e-07
    endloop
  endfacet
  facet normal 0 0 -1
    outer loop
      vertex -15.3355 11.2009 -1.90735e-07
      vertex -13.71 13.4465 -1.90735e-07
      vertex -14.9155 11.103 -1.90735e-07
    endloop
  endfacet
  facet normal 0 0 -1
    outer loop
      vertex -15.7666 11.215 -1.90735e-07
      vertex -13.71 13.4465 -1.90735e-07
      vertex -15.3355 11.2009 -1.90735e-07
    endloop
  endfacet
  facet normal 0 0 -1
    outer loop
      vertex -16.7255 16.0187 -1.90735e-07
      vertex -13.71 13.4465 -1.90735e-07
      vertex -15.7666 11.215 -1.90735e-07
    endloop
  endfacet
  facet normal 0 0 -1
    outer loop
      vertex -13.71 13.4465 -1.90735e-07
      vertex -16.7255 16.0187 -1.90735e-07
      vertex -15.2003 16.0277 -1.90735e-07
    endloop
  endfacet
  facet normal -0 0 -1
    outer loop
      vertex -15.2003 16.0277 -1.90735e-07
      vertex -16.7255 16.0187 -1.90735e-07
      vertex -15.5869 16.6974 -1.90735e-07
    endloop
  endfacet
  facet normal -0 0 -1
    outer loop
      vertex -15.5869 16.6974 -1.90735e-07
      vertex -16.7255 16.0187 -1.90735e-07
      vertex -15.9269 17.2862 -1.90735e-07
    endloop
  endfacet
  facet normal 0 0 -1
    outer loop
      vertex -16.7255 16.0187 -1.90735e-07
      vertex -15.7666 11.215 -1.90735e-07
      vertex -16.1921 11.1448 -1.90735e-07
    endloop
  endfacet
  facet normal 0 0 -1
    outer loop
      vertex -16.7255 16.0187 -1.90735e-07
      vertex -16.1921 11.1448 -1.90735e-07
      vertex -16.5957 10.9929 -1.90735e-07
    endloop
  endfacet
  facet normal -0 0 -1
    outer loop
      vertex -15.9269 17.2862 -1.90735e-07
      vertex -16.7255 16.0187 -1.90735e-07
      vertex -15.9603 17.344 -1.90735e-07
    endloop
  endfacet
  facet normal 0 0 -1
    outer loop
      vertex -16.962 10.7651 -1.90735e-07
      vertex -16.7255 16.0187 -1.90735e-07
      vertex -16.5957 10.9929 -1.90735e-07
    endloop
  endfacet
  facet normal 0 0 -1
    outer loop
      vertex -17.2767 10.4703 -1.90735e-07
      vertex -16.7255 16.0187 -1.90735e-07
      vertex -16.962 10.7651 -1.90735e-07
    endloop
  endfacet
  facet normal 0 0 -1
    outer loop
      vertex -17.5279 10.1198 -1.90735e-07
      vertex -16.7255 16.0187 -1.90735e-07
      vertex -17.2767 10.4703 -1.90735e-07
    endloop
  endfacet
  facet normal 0 0 -1
    outer loop
      vertex -23.0005 5.15 -1.90735e-07
      vertex -17.5279 10.1198 -1.90735e-07
      vertex -17.7059 9.72693 -1.90735e-07
    endloop
  endfacet
  facet normal 0 0 -1
    outer loop
      vertex -23.0005 5.15 -1.90735e-07
      vertex -17.7059 9.72693 -1.90735e-07
      vertex -17.8039 9.30692 -1.90735e-07
    endloop
  endfacet
  facet normal 0 0 -1
    outer loop
      vertex -23.0005 5.15 -1.90735e-07
      vertex -17.7477 8.45036 -1.90735e-07
      vertex -18.5 5.15 -1.90735e-07
    endloop
  endfacet
  facet normal -0 0 -1
    outer loop
      vertex -17.7477 8.45036 -1.90735e-07
      vertex -23.0005 5.15 -1.90735e-07
      vertex -17.818 8.87587 -1.90735e-07
    endloop
  endfacet
  facet normal -0 0 -1
    outer loop
      vertex -17.818 8.87587 -1.90735e-07
      vertex -23.0005 5.15 -1.90735e-07
      vertex -17.8039 9.30692 -1.90735e-07
    endloop
  endfacet
  facet normal -0 0 -1
    outer loop
      vertex -17.5279 10.1198 -1.90735e-07
      vertex -23.0005 5.15 -1.90735e-07
      vertex -16.7255 16.0187 -1.90735e-07
    endloop
  endfacet
  facet normal 0 0 -1
    outer loop
      vertex 2.03253 -17.1976 -1.90735e-07
      vertex 4.78997 -18.5965 -1.90735e-07
      vertex 2.15773 -17.6103 -1.90735e-07
    endloop
  endfacet
  facet normal 0 0 -1
    outer loop
      vertex 1.82923 -16.8173 -1.90735e-07
      vertex 3.30089 -13.1779 -1.90735e-07
      vertex 2.03253 -17.1976 -1.90735e-07
    endloop
  endfacet
  facet normal 0 0 -1
    outer loop
      vertex 3.30089 -13.1779 -1.90735e-07
      vertex 1.82923 -16.8173 -1.90735e-07
      vertex 2.6503 -13.324 -1.90735e-07
    endloop
  endfacet
  facet normal 0 0 -1
    outer loop
      vertex 1.55563 -16.4839 -1.90735e-07
      vertex 2.6503 -13.324 -1.90735e-07
      vertex 1.82923 -16.8173 -1.90735e-07
    endloop
  endfacet
  facet normal 0 0 -1
    outer loop
      vertex 2.6503 -13.324 -1.90735e-07
      vertex 1.55563 -16.4839 -1.90735e-07
      vertex 1.99333 -13.438 -1.90735e-07
    endloop
  endfacet
  facet normal 0 0 -1
    outer loop
      vertex 1.22225 -16.2103 -1.90735e-07
      vertex 1.99333 -13.438 -1.90735e-07
      vertex 1.55563 -16.4839 -1.90735e-07
    endloop
  endfacet
  facet normal 0 0 -1
    outer loop
      vertex 1.99333 -13.438 -1.90735e-07
      vertex 1.22225 -16.2103 -1.90735e-07
      vertex 1.33156 -13.5196 -1.90735e-07
    endloop
  endfacet
  facet normal 0 0 -1
    outer loop
      vertex 0.841903 -16.007 -1.90735e-07
      vertex 1.33156 -13.5196 -1.90735e-07
      vertex 1.22225 -16.2103 -1.90735e-07
    endloop
  endfacet
  facet normal 0 0 -1
    outer loop
      vertex 0.841903 -16.007 -1.90735e-07
      vertex 0.666584 -13.5686 -1.90735e-07
      vertex 1.33156 -13.5196 -1.90735e-07
    endloop
  endfacet
  facet normal 0 0 -1
    outer loop
      vertex 0.429198 -15.8818 -1.90735e-07
      vertex 0.666584 -13.5686 -1.90735e-07
      vertex 0.841903 -16.007 -1.90735e-07
    endloop
  endfacet
  facet normal 0 0 -1
    outer loop
      vertex 0 -13.585 -1.90735e-07
      vertex 0.429198 -15.8818 -1.90735e-07
      vertex 0 -15.8395 -1.90735e-07
    endloop
  endfacet
  facet normal 0 0 -1
    outer loop
      vertex 0.429198 -15.8818 -1.90735e-07
      vertex 0 -13.585 -1.90735e-07
      vertex 0.666584 -13.5686 -1.90735e-07
    endloop
  endfacet
  facet normal 0 0 -1
    outer loop
      vertex -0.429198 -15.8818 -1.90735e-07
      vertex 0 -13.585 -1.90735e-07
      vertex 0 -15.8395 -1.90735e-07
    endloop
  endfacet
  facet normal 0 0 -1
    outer loop
      vertex -0.429198 -15.8818 -1.90735e-07
      vertex -0.666584 -13.5686 -1.90735e-07
      vertex 0 -13.585 -1.90735e-07
    endloop
  endfacet
  facet normal 0 0 -1
    outer loop
      vertex -0.841903 -16.007 -1.90735e-07
      vertex -0.666584 -13.5686 -1.90735e-07
      vertex -0.429198 -15.8818 -1.90735e-07
    endloop
  endfacet
  facet normal 0 0 -1
    outer loop
      vertex -1.33156 -13.5196 -1.90735e-07
      vertex -0.841903 -16.007 -1.90735e-07
      vertex -1.22225 -16.2103 -1.90735e-07
    endloop
  endfacet
  facet normal 0 0 -1
    outer loop
      vertex -0.841903 -16.007 -1.90735e-07
      vertex -1.33156 -13.5196 -1.90735e-07
      vertex -0.666584 -13.5686 -1.90735e-07
    endloop
  endfacet
  facet normal 0 0 -1
    outer loop
      vertex -1.99333 -13.438 -1.90735e-07
      vertex -1.22225 -16.2103 -1.90735e-07
      vertex -1.55563 -16.4839 -1.90735e-07
    endloop
  endfacet
  facet normal 0 0 -1
    outer loop
      vertex -2.6503 -13.324 -1.90735e-07
      vertex -1.55563 -16.4839 -1.90735e-07
      vertex -1.82923 -16.8173 -1.90735e-07
    endloop
  endfacet
  facet normal 0 0 -1
    outer loop
      vertex -1.22225 -16.2103 -1.90735e-07
      vertex -1.99333 -13.438 -1.90735e-07
      vertex -1.33156 -13.5196 -1.90735e-07
    endloop
  endfacet
  facet normal 0 0 -1
    outer loop
      vertex -3.30089 -13.1779 -1.90735e-07
      vertex -1.82923 -16.8173 -1.90735e-07
      vertex -2.03253 -17.1976 -1.90735e-07
    endloop
  endfacet
  facet normal 0 0 -1
    outer loop
      vertex -3.30089 -13.1779 -1.90735e-07
      vertex -2.03253 -17.1976 -1.90735e-07
      vertex -2.15773 -17.6103 -1.90735e-07
    endloop
  endfacet
  facet normal 0 0 -1
    outer loop
      vertex -4.78997 -18.5965 -1.90735e-07
      vertex -2.15773 -17.6103 -1.90735e-07
      vertex -2.2 -18.0395 -1.90735e-07
    endloop
  endfacet
  facet normal 0 0 -1
    outer loop
      vertex -1.55563 -16.4839 -1.90735e-07
      vertex -2.6503 -13.324 -1.90735e-07
      vertex -1.99333 -13.438 -1.90735e-07
    endloop
  endfacet
  facet normal 0 0 -1
    outer loop
      vertex -4.78997 -18.5965 -1.90735e-07
      vertex -5.19875 -12.5509 -1.90735e-07
      vertex -4.57665 -12.7909 -1.90735e-07
    endloop
  endfacet
  facet normal 0 0 -1
    outer loop
      vertex -4.78997 -18.5965 -1.90735e-07
      vertex -5.80834 -12.2807 -1.90735e-07
      vertex -5.19875 -12.5509 -1.90735e-07
    endloop
  endfacet
  facet normal 0 0 -1
    outer loop
      vertex -4.78997 -18.5965 -1.90735e-07
      vertex -6.40392 -11.9809 -1.90735e-07
      vertex -5.80834 -12.2807 -1.90735e-07
    endloop
  endfacet
  facet normal 0 0 -1
    outer loop
      vertex -4.78997 -18.5965 -1.90735e-07
      vertex -6.98409 -11.6522 -1.90735e-07
      vertex -6.40392 -11.9809 -1.90735e-07
    endloop
  endfacet
  facet normal 0 0 -1
    outer loop
      vertex -13.71 -13.4465 -1.90735e-07
      vertex -6.98409 -11.6522 -1.90735e-07
      vertex -4.78997 -18.5965 -1.90735e-07
    endloop
  endfacet
  facet normal -0 0 -1
    outer loop
      vertex -6.98409 -11.6522 -1.90735e-07
      vertex -13.71 -13.4465 -1.90735e-07
      vertex -7.54742 -11.2955 -1.90735e-07
    endloop
  endfacet
  facet normal -0 0 -1
    outer loop
      vertex -7.54742 -11.2955 -1.90735e-07
      vertex -13.71 -13.4465 -1.90735e-07
      vertex -8.09257 -10.9116 -1.90735e-07
    endloop
  endfacet
  facet normal -0 0 -1
    outer loop
      vertex -8.09257 -10.9116 -1.90735e-07
      vertex -13.71 -13.4465 -1.90735e-07
      vertex -8.61823 -10.5013 -1.90735e-07
    endloop
  endfacet
  facet normal -0 0 -1
    outer loop
      vertex -8.61823 -10.5013 -1.90735e-07
      vertex -13.71 -13.4465 -1.90735e-07
      vertex -9.12313 -10.0658 -1.90735e-07
    endloop
  endfacet
  facet normal -0 0 -1
    outer loop
      vertex -9.12313 -10.0658 -1.90735e-07
      vertex -13.71 -13.4465 -1.90735e-07
      vertex -9.60604 -9.60604 -1.90735e-07
    endloop
  endfacet
  facet normal -0 0 -1
    outer loop
      vertex -9.60604 -9.60604 -1.90735e-07
      vertex -13.71 -13.4465 -1.90735e-07
      vertex -10.0658 -9.12313 -1.90735e-07
    endloop
  endfacet
  facet normal -0 0 -1
    outer loop
      vertex -10.0658 -9.12313 -1.90735e-07
      vertex -13.71 -13.4465 -1.90735e-07
      vertex -10.5013 -8.61823 -1.90735e-07
    endloop
  endfacet
  facet normal -0 0 -1
    outer loop
      vertex -10.5013 -8.61823 -1.90735e-07
      vertex -13.71 -13.4465 -1.90735e-07
      vertex -10.9116 -8.09257 -1.90735e-07
    endloop
  endfacet
  facet normal -0 0 -1
    outer loop
      vertex -10.9116 -8.09257 -1.90735e-07
      vertex -13.71 -13.4465 -1.90735e-07
      vertex -11.2955 -7.54742 -1.90735e-07
    endloop
  endfacet
  facet normal -0 0 -1
    outer loop
      vertex -13.5196 -1.33156 -1.90735e-07
      vertex -18.5 -5.15 -1.90735e-07
      vertex -13.5686 -0.666584 -1.90735e-07
    endloop
  endfacet
  facet normal -0 0 -1
    outer loop
      vertex -13.438 -1.99333 -1.90735e-07
      vertex -18.5 -5.15 -1.90735e-07
      vertex -13.5196 -1.33156 -1.90735e-07
    endloop
  endfacet
  facet normal -0 0 -1
    outer loop
      vertex -13.324 -2.6503 -1.90735e-07
      vertex -18.5 -5.15 -1.90735e-07
      vertex -13.438 -1.99333 -1.90735e-07
    endloop
  endfacet
  facet normal -0 0 -1
    outer loop
      vertex -13.1779 -3.30089 -1.90735e-07
      vertex -18.5 -5.15 -1.90735e-07
      vertex -13.324 -2.6503 -1.90735e-07
    endloop
  endfacet
  facet normal -0 0 -1
    outer loop
      vertex -13 -3.94352 -1.90735e-07
      vertex -18.5 -5.15 -1.90735e-07
      vertex -13.1779 -3.30089 -1.90735e-07
    endloop
  endfacet
  facet normal -0 0 -1
    outer loop
      vertex -12.7909 -4.57665 -1.90735e-07
      vertex -18.5 -5.15 -1.90735e-07
      vertex -13 -3.94352 -1.90735e-07
    endloop
  endfacet
  facet normal 0 0 -1
    outer loop
      vertex -12.5509 -5.19875 -1.90735e-07
      vertex -18.5 -5.15 -1.90735e-07
      vertex -12.7909 -4.57665 -1.90735e-07
    endloop
  endfacet
  facet normal 0 0 -1
    outer loop
      vertex -12.2807 -5.80834 -1.90735e-07
      vertex -18.5 -5.15 -1.90735e-07
      vertex -12.5509 -5.19875 -1.90735e-07
    endloop
  endfacet
  facet normal 0 0 -1
    outer loop
      vertex -11.9809 -6.40392 -1.90735e-07
      vertex -18.5 -5.15 -1.90735e-07
      vertex -12.2807 -5.80834 -1.90735e-07
    endloop
  endfacet
  facet normal 0 0 -1
    outer loop
      vertex -11.6522 -6.98409 -1.90735e-07
      vertex -18.5 -5.15 -1.90735e-07
      vertex -11.9809 -6.40392 -1.90735e-07
    endloop
  endfacet
  facet normal 0 0 -1
    outer loop
      vertex -18.5 -5.15 -1.90735e-07
      vertex -11.6522 -6.98409 -1.90735e-07
      vertex -13.71 -13.4465 -1.90735e-07
    endloop
  endfacet
  facet normal -0 0 -1
    outer loop
      vertex -11.2955 -7.54742 -1.90735e-07
      vertex -13.71 -13.4465 -1.90735e-07
      vertex -11.6522 -6.98409 -1.90735e-07
    endloop
  endfacet
  facet normal 0 0 -1
    outer loop
      vertex 18.5 -5.15 -1.90735e-07
      vertex 13.5686 -0.666584 -1.90735e-07
      vertex 13.585 0 -1.90735e-07
    endloop
  endfacet
  facet normal 0 0 -1
    outer loop
      vertex 18.5 -5.15 -1.90735e-07
      vertex 13.5196 -1.33156 -1.90735e-07
      vertex 13.5686 -0.666584 -1.90735e-07
    endloop
  endfacet
  facet normal 0 0 -1
    outer loop
      vertex 18.5 -5.15 -1.90735e-07
      vertex 13.438 -1.99333 -1.90735e-07
      vertex 13.5196 -1.33156 -1.90735e-07
    endloop
  endfacet
  facet normal 0 0 -1
    outer loop
      vertex 18.5 -5.15 -1.90735e-07
      vertex 13.324 -2.6503 -1.90735e-07
      vertex 13.438 -1.99333 -1.90735e-07
    endloop
  endfacet
  facet normal 0 0 -1
    outer loop
      vertex 18.5 -5.15 -1.90735e-07
      vertex 13.1779 -3.30089 -1.90735e-07
      vertex 13.324 -2.6503 -1.90735e-07
    endloop
  endfacet
  facet normal 0 0 -1
    outer loop
      vertex 18.5 -5.15 -1.90735e-07
      vertex 13 -3.94352 -1.90735e-07
      vertex 13.1779 -3.30089 -1.90735e-07
    endloop
  endfacet
  facet normal 0 0 -1
    outer loop
      vertex 18.5 -5.15 -1.90735e-07
      vertex 12.7909 -4.57665 -1.90735e-07
      vertex 13 -3.94352 -1.90735e-07
    endloop
  endfacet
  facet normal -0 0 -1
    outer loop
      vertex 18.5 -5.15 -1.90735e-07
      vertex 12.5509 -5.19875 -1.90735e-07
      vertex 12.7909 -4.57665 -1.90735e-07
    endloop
  endfacet
  facet normal 0 0 -1
    outer loop
      vertex 18.5 -5.15 -1.90735e-07
      vertex 12.2807 -5.80834 -1.90735e-07
      vertex 12.5509 -5.19875 -1.90735e-07
    endloop
  endfacet
  facet normal 0 0 -1
    outer loop
      vertex 18.5 -5.15 -1.90735e-07
      vertex 11.9809 -6.40392 -1.90735e-07
      vertex 12.2807 -5.80834 -1.90735e-07
    endloop
  endfacet
  facet normal 0 0 -1
    outer loop
      vertex 18.5 -5.15 -1.90735e-07
      vertex 11.6522 -6.98409 -1.90735e-07
      vertex 11.9809 -6.40392 -1.90735e-07
    endloop
  endfacet
  facet normal 0 0 -1
    outer loop
      vertex 13.71 -13.4465 -1.90735e-07
      vertex 11.2955 -7.54742 -1.90735e-07
      vertex 11.6522 -6.98409 -1.90735e-07
    endloop
  endfacet
  facet normal 0 0 -1
    outer loop
      vertex 13.71 -13.4465 -1.90735e-07
      vertex 10.9116 -8.09257 -1.90735e-07
      vertex 11.2955 -7.54742 -1.90735e-07
    endloop
  endfacet
  facet normal 0 0 -1
    outer loop
      vertex 13.71 -13.4465 -1.90735e-07
      vertex 10.5013 -8.61823 -1.90735e-07
      vertex 10.9116 -8.09257 -1.90735e-07
    endloop
  endfacet
  facet normal 0 0 -1
    outer loop
      vertex 13.71 -13.4465 -1.90735e-07
      vertex 10.0658 -9.12313 -1.90735e-07
      vertex 10.5013 -8.61823 -1.90735e-07
    endloop
  endfacet
  facet normal 0 0 -1
    outer loop
      vertex 13.71 -13.4465 -1.90735e-07
      vertex 9.60604 -9.60604 -1.90735e-07
      vertex 10.0658 -9.12313 -1.90735e-07
    endloop
  endfacet
  facet normal 0 0 -1
    outer loop
      vertex 13.71 -13.4465 -1.90735e-07
      vertex 9.12313 -10.0658 -1.90735e-07
      vertex 9.60604 -9.60604 -1.90735e-07
    endloop
  endfacet
  facet normal 0 0 -1
    outer loop
      vertex 13.71 -13.4465 -1.90735e-07
      vertex 8.61823 -10.5013 -1.90735e-07
      vertex 9.12313 -10.0658 -1.90735e-07
    endloop
  endfacet
  facet normal 0 0 -1
    outer loop
      vertex 13.71 -13.4465 -1.90735e-07
      vertex 8.09257 -10.9116 -1.90735e-07
      vertex 8.61823 -10.5013 -1.90735e-07
    endloop
  endfacet
  facet normal 0 0 -1
    outer loop
      vertex 13.71 -13.4465 -1.90735e-07
      vertex 7.54742 -11.2955 -1.90735e-07
      vertex 8.09257 -10.9116 -1.90735e-07
    endloop
  endfacet
  facet normal 0 0 -1
    outer loop
      vertex 13.71 -13.4465 -1.90735e-07
      vertex 6.98409 -11.6522 -1.90735e-07
      vertex 7.54742 -11.2955 -1.90735e-07
    endloop
  endfacet
  facet normal 0 0 -1
    outer loop
      vertex 4.78997 -18.5965 -1.90735e-07
      vertex 6.98409 -11.6522 -1.90735e-07
      vertex 13.71 -13.4465 -1.90735e-07
    endloop
  endfacet
  facet normal 0 0 -1
    outer loop
      vertex 6.98409 -11.6522 -1.90735e-07
      vertex 4.78997 -18.5965 -1.90735e-07
      vertex 6.40392 -11.9809 -1.90735e-07
    endloop
  endfacet
  facet normal 0 0 -1
    outer loop
      vertex 6.40392 -11.9809 -1.90735e-07
      vertex 4.78997 -18.5965 -1.90735e-07
      vertex 5.80834 -12.2807 -1.90735e-07
    endloop
  endfacet
  facet normal 0 0 -1
    outer loop
      vertex 5.80834 -12.2807 -1.90735e-07
      vertex 4.78997 -18.5965 -1.90735e-07
      vertex 5.19875 -12.5509 -1.90735e-07
    endloop
  endfacet
  facet normal 0 0 -1
    outer loop
      vertex 5.19875 -12.5509 -1.90735e-07
      vertex 4.78997 -18.5965 -1.90735e-07
      vertex 4.57665 -12.7909 -1.90735e-07
    endloop
  endfacet
  facet normal 0 0 -1
    outer loop
      vertex 13.585 0 -1.90735e-07
      vertex 18.5 5.15 -1.90735e-07
      vertex 18.5 -5.15 -1.90735e-07
    endloop
  endfacet
  facet normal 0 0 -1
    outer loop
      vertex 18.5 5.15 -1.90735e-07
      vertex 17.7477 8.45036 -1.90735e-07
      vertex 17.818 8.87587 -1.90735e-07
    endloop
  endfacet
  facet normal 0 0 -1
    outer loop
      vertex 18.5 5.15 -1.90735e-07
      vertex 17.5958 8.04672 -1.90735e-07
      vertex 17.7477 8.45036 -1.90735e-07
    endloop
  endfacet
  facet normal 0 0 -1
    outer loop
      vertex 18.5 5.15 -1.90735e-07
      vertex 17.3681 7.68048 -1.90735e-07
      vertex 17.5958 8.04672 -1.90735e-07
    endloop
  endfacet
  facet normal 0 0 -1
    outer loop
      vertex 18.5 5.15 -1.90735e-07
      vertex 17.0732 7.36571 -1.90735e-07
      vertex 17.3681 7.68048 -1.90735e-07
    endloop
  endfacet
  facet normal 0 0 -1
    outer loop
      vertex 16.7255 -16.0187 -1.90735e-07
      vertex 18.5 -5.15 -1.90735e-07
      vertex 23.0005 -5.15 -1.90735e-07
    endloop
  endfacet
  facet normal 0 0 -1
    outer loop
      vertex 13.71 -13.4465 -1.90735e-07
      vertex 18.5 -5.15 -1.90735e-07
      vertex 16.7255 -16.0187 -1.90735e-07
    endloop
  endfacet
  facet normal 0 0 -1
    outer loop
      vertex 18.5 5.15 -1.90735e-07
      vertex 13.585 0 -1.90735e-07
      vertex 13.5686 0.666584 -1.90735e-07
    endloop
  endfacet
  facet normal 0 0 -1
    outer loop
      vertex 13.5196 1.33156 -1.90735e-07
      vertex 18.5 5.15 -1.90735e-07
      vertex 13.5686 0.666584 -1.90735e-07
    endloop
  endfacet
  facet normal 0 0 -1
    outer loop
      vertex 15.9269 -17.2862 -1.90735e-07
      vertex 16.7255 -16.0187 -1.90735e-07
      vertex 15.9603 -17.344 -1.90735e-07
    endloop
  endfacet
  facet normal 0 0 -1
    outer loop
      vertex 15.5869 -16.6974 -1.90735e-07
      vertex 16.7255 -16.0187 -1.90735e-07
      vertex 15.9269 -17.2862 -1.90735e-07
    endloop
  endfacet
  facet normal 0 0 -1
    outer loop
      vertex 18.5 5.15 -1.90735e-07
      vertex 16.7227 7.1145 -1.90735e-07
      vertex 17.0732 7.36571 -1.90735e-07
    endloop
  endfacet
  facet normal 0 0 -1
    outer loop
      vertex 15.2003 -16.0277 -1.90735e-07
      vertex 16.7255 -16.0187 -1.90735e-07
      vertex 15.5869 -16.6974 -1.90735e-07
    endloop
  endfacet
  facet normal 0 0 -1
    outer loop
      vertex 13.438 1.99333 -1.90735e-07
      vertex 18.5 5.15 -1.90735e-07
      vertex 13.5196 1.33156 -1.90735e-07
    endloop
  endfacet
  facet normal 0 0 -1
    outer loop
      vertex 13.71 -13.4465 -1.90735e-07
      vertex 16.7255 -16.0187 -1.90735e-07
      vertex 15.2003 -16.0277 -1.90735e-07
    endloop
  endfacet
  facet normal 0 0 -1
    outer loop
      vertex 18.5 5.15 -1.90735e-07
      vertex 16.3298 6.93651 -1.90735e-07
      vertex 16.7227 7.1145 -1.90735e-07
    endloop
  endfacet
  facet normal 0 0 -1
    outer loop
      vertex 13.324 2.6503 -1.90735e-07
      vertex 18.5 5.15 -1.90735e-07
      vertex 13.438 1.99333 -1.90735e-07
    endloop
  endfacet
  facet normal 0 0 -1
    outer loop
      vertex 13.1779 3.30089 -1.90735e-07
      vertex 18.5 5.15 -1.90735e-07
      vertex 13.324 2.6503 -1.90735e-07
    endloop
  endfacet
  facet normal 0 0 -1
    outer loop
      vertex 18.5 5.15 -1.90735e-07
      vertex 15.9098 6.83858 -1.90735e-07
      vertex 16.3298 6.93651 -1.90735e-07
    endloop
  endfacet
  facet normal -0 0 -1
    outer loop
      vertex 18.5 5.15 -1.90735e-07
      vertex 13.1779 3.30089 -1.90735e-07
      vertex 15.9098 6.83858 -1.90735e-07
    endloop
  endfacet
  facet normal 0 0 -1
    outer loop
      vertex 11.6522 -6.98409 -1.90735e-07
      vertex 18.5 -5.15 -1.90735e-07
      vertex 13.71 -13.4465 -1.90735e-07
    endloop
  endfacet
  facet normal 0 0 -1
    outer loop
      vertex 15.9098 6.83858 -1.90735e-07
      vertex 13.1779 3.30089 -1.90735e-07
      vertex 15.4788 6.82447 -1.90735e-07
    endloop
  endfacet
  facet normal 0 0 -1
    outer loop
      vertex 13 3.94352 -1.90735e-07
      vertex 15.4788 6.82447 -1.90735e-07
      vertex 13.1779 3.30089 -1.90735e-07
    endloop
  endfacet
  facet normal -0 0 -1
    outer loop
      vertex 15.4788 6.82447 -1.90735e-07
      vertex 13 3.94352 -1.90735e-07
      vertex 15.0533 6.89472 -1.90735e-07
    endloop
  endfacet
  facet normal 0 0 -1
    outer loop
      vertex 12.7909 4.57665 -1.90735e-07
      vertex 15.0533 6.89472 -1.90735e-07
      vertex 13 3.94352 -1.90735e-07
    endloop
  endfacet
  facet normal -0 0 -1
    outer loop
      vertex 15.0533 6.89472 -1.90735e-07
      vertex 12.7909 4.57665 -1.90735e-07
      vertex 14.6496 7.04664 -1.90735e-07
    endloop
  endfacet
  facet normal 0 0 -1
    outer loop
      vertex 12.5509 5.19875 -1.90735e-07
      vertex 14.6496 7.04664 -1.90735e-07
      vertex 12.7909 4.57665 -1.90735e-07
    endloop
  endfacet
  facet normal -0 0 -1
    outer loop
      vertex 14.6496 7.04664 -1.90735e-07
      vertex 12.5509 5.19875 -1.90735e-07
      vertex 14.2834 7.27438 -1.90735e-07
    endloop
  endfacet
  facet normal 0 0 -1
    outer loop
      vertex 12.2807 5.80834 -1.90735e-07
      vertex 14.2834 7.27438 -1.90735e-07
      vertex 12.5509 5.19875 -1.90735e-07
    endloop
  endfacet
  facet normal 0 0 -1
    outer loop
      vertex 18.5 5.15 -1.90735e-07
      vertex 22.2353 6.47534 -1.90735e-07
      vertex 23.0005 5.15 -1.90735e-07
    endloop
  endfacet
  facet normal 0 0 -1
    outer loop
      vertex 17.818 8.87587 -1.90735e-07
      vertex 22.2353 6.47534 -1.90735e-07
      vertex 18.5 5.15 -1.90735e-07
    endloop
  endfacet
  facet normal 0 0 -1
    outer loop
      vertex 17.8039 9.30692 -1.90735e-07
      vertex 22.2353 6.47534 -1.90735e-07
      vertex 17.818 8.87587 -1.90735e-07
    endloop
  endfacet
  facet normal 0 0 -1
    outer loop
      vertex 17.7059 9.72693 -1.90735e-07
      vertex 22.2353 6.47534 -1.90735e-07
      vertex 17.8039 9.30692 -1.90735e-07
    endloop
  endfacet
  facet normal 0 0 -1
    outer loop
      vertex 17.5279 10.1198 -1.90735e-07
      vertex 22.2353 6.47534 -1.90735e-07
      vertex 17.7059 9.72693 -1.90735e-07
    endloop
  endfacet
  facet normal 0 0 -1
    outer loop
      vertex 15.9603 17.344 -1.90735e-07
      vertex 17.5279 10.1198 -1.90735e-07
      vertex 17.2767 10.4703 -1.90735e-07
    endloop
  endfacet
  facet normal 0 0 -1
    outer loop
      vertex 15.9603 17.344 -1.90735e-07
      vertex 17.2767 10.4703 -1.90735e-07
      vertex 16.962 10.7651 -1.90735e-07
    endloop
  endfacet
  facet normal 0 0 -1
    outer loop
      vertex 17.5279 10.1198 -1.90735e-07
      vertex 15.9603 17.344 -1.90735e-07
      vertex 22.2353 6.47534 -1.90735e-07
    endloop
  endfacet
  facet normal 0 0 -1
    outer loop
      vertex 15.5869 16.6974 -1.90735e-07
      vertex 16.962 10.7651 -1.90735e-07
      vertex 16.5957 10.9929 -1.90735e-07
    endloop
  endfacet
  facet normal 0 0 -1
    outer loop
      vertex 15.2003 16.0277 -1.90735e-07
      vertex 16.5957 10.9929 -1.90735e-07
      vertex 16.1921 11.1448 -1.90735e-07
    endloop
  endfacet
  facet normal 0 0 -1
    outer loop
      vertex 16.962 10.7651 -1.90735e-07
      vertex 15.9269 17.2862 -1.90735e-07
      vertex 15.9603 17.344 -1.90735e-07
    endloop
  endfacet
  facet normal 0 0 -1
    outer loop
      vertex 15.2003 16.0277 -1.90735e-07
      vertex 16.1921 11.1448 -1.90735e-07
      vertex 15.7666 11.215 -1.90735e-07
    endloop
  endfacet
  facet normal 0 0 -1
    outer loop
      vertex 16.962 10.7651 -1.90735e-07
      vertex 15.5869 16.6974 -1.90735e-07
      vertex 15.9269 17.2862 -1.90735e-07
    endloop
  endfacet
  facet normal 0 0 -1
    outer loop
      vertex 13.71 13.4465 -1.90735e-07
      vertex 15.7666 11.215 -1.90735e-07
      vertex 15.3355 11.2009 -1.90735e-07
    endloop
  endfacet
  facet normal 0 0 -1
    outer loop
      vertex 16.5957 10.9929 -1.90735e-07
      vertex 15.2003 16.0277 -1.90735e-07
      vertex 15.5869 16.6974 -1.90735e-07
    endloop
  endfacet
  facet normal 0 0 -1
    outer loop
      vertex 13.71 13.4465 -1.90735e-07
      vertex 15.3355 11.2009 -1.90735e-07
      vertex 14.9155 11.103 -1.90735e-07
    endloop
  endfacet
  facet normal 0 0 -1
    outer loop
      vertex 13.71 13.4465 -1.90735e-07
      vertex 14.9155 11.103 -1.90735e-07
      vertex 14.5227 10.925 -1.90735e-07
    endloop
  endfacet
  facet normal 0 0 -1
    outer loop
      vertex 13.71 13.4465 -1.90735e-07
      vertex 14.5227 10.925 -1.90735e-07
      vertex 14.1721 10.6738 -1.90735e-07
    endloop
  endfacet
  facet normal 0 0 -1
    outer loop
      vertex 13.71 13.4465 -1.90735e-07
      vertex 14.1721 10.6738 -1.90735e-07
      vertex 13.8773 10.359 -1.90735e-07
    endloop
  endfacet
  facet normal 0 0 -1
    outer loop
      vertex 15.7666 11.215 -1.90735e-07
      vertex 13.71 13.4465 -1.90735e-07
      vertex 15.2003 16.0277 -1.90735e-07
    endloop
  endfacet
  facet normal 0 0 -1
    outer loop
      vertex 9.60604 9.60604 -1.90735e-07
      vertex 13.8773 10.359 -1.90735e-07
      vertex 13.6496 9.99279 -1.90735e-07
    endloop
  endfacet
  facet normal 0 0 -1
    outer loop
      vertex 10.0658 9.12313 -1.90735e-07
      vertex 13.6496 9.99279 -1.90735e-07
      vertex 13.4976 9.58916 -1.90735e-07
    endloop
  endfacet
  facet normal 0 0 -1
    outer loop
      vertex 10.5013 8.61823 -1.90735e-07
      vertex 13.4976 9.58916 -1.90735e-07
      vertex 13.4274 9.16365 -1.90735e-07
    endloop
  endfacet
  facet normal -0 0 -1
    outer loop
      vertex 14.2834 7.27438 -1.90735e-07
      vertex 12.2807 5.80834 -1.90735e-07
      vertex 13.9686 7.5692 -1.90735e-07
    endloop
  endfacet
  facet normal 0 0 -1
    outer loop
      vertex 11.9809 6.40392 -1.90735e-07
      vertex 13.9686 7.5692 -1.90735e-07
      vertex 12.2807 5.80834 -1.90735e-07
    endloop
  endfacet
  facet normal -0 0 -1
    outer loop
      vertex 13.9686 7.5692 -1.90735e-07
      vertex 11.9809 6.40392 -1.90735e-07
      vertex 13.7174 7.91976 -1.90735e-07
    endloop
  endfacet
  facet normal 0 0 -1
    outer loop
      vertex 11.6522 6.98409 -1.90735e-07
      vertex 13.7174 7.91976 -1.90735e-07
      vertex 11.9809 6.40392 -1.90735e-07
    endloop
  endfacet
  facet normal -0 0 -1
    outer loop
      vertex 13.7174 7.91976 -1.90735e-07
      vertex 11.6522 6.98409 -1.90735e-07
      vertex 13.5394 8.31259 -1.90735e-07
    endloop
  endfacet
  facet normal 0 0 -1
    outer loop
      vertex 11.2955 7.54742 -1.90735e-07
      vertex 13.5394 8.31259 -1.90735e-07
      vertex 11.6522 6.98409 -1.90735e-07
    endloop
  endfacet
  facet normal -0 0 -1
    outer loop
      vertex 13.5394 8.31259 -1.90735e-07
      vertex 11.2955 7.54742 -1.90735e-07
      vertex 13.4415 8.7326 -1.90735e-07
    endloop
  endfacet
  facet normal 0 0 -1
    outer loop
      vertex 10.9116 8.09257 -1.90735e-07
      vertex 13.4415 8.7326 -1.90735e-07
      vertex 11.2955 7.54742 -1.90735e-07
    endloop
  endfacet
  facet normal -0 0 -1
    outer loop
      vertex 13.4415 8.7326 -1.90735e-07
      vertex 10.9116 8.09257 -1.90735e-07
      vertex 13.4274 9.16365 -1.90735e-07
    endloop
  endfacet
  facet normal 0 0 -1
    outer loop
      vertex 10.5013 8.61823 -1.90735e-07
      vertex 13.4274 9.16365 -1.90735e-07
      vertex 10.9116 8.09257 -1.90735e-07
    endloop
  endfacet
  facet normal 0 0 -1
    outer loop
      vertex 13.4976 9.58916 -1.90735e-07
      vertex 10.5013 8.61823 -1.90735e-07
      vertex 10.0658 9.12313 -1.90735e-07
    endloop
  endfacet
  facet normal 0 0 -1
    outer loop
      vertex 13.6496 9.99279 -1.90735e-07
      vertex 10.0658 9.12313 -1.90735e-07
      vertex 9.60604 9.60604 -1.90735e-07
    endloop
  endfacet
  facet normal -0 0 -1
    outer loop
      vertex 13.8773 10.359 -1.90735e-07
      vertex 9.60604 9.60604 -1.90735e-07
      vertex 13.71 13.4465 -1.90735e-07
    endloop
  endfacet
  facet normal 0 0 -1
    outer loop
      vertex 9.12313 10.0658 -1.90735e-07
      vertex 13.71 13.4465 -1.90735e-07
      vertex 9.60604 9.60604 -1.90735e-07
    endloop
  endfacet
  facet normal 0 0 -1
    outer loop
      vertex 8.61823 10.5013 -1.90735e-07
      vertex 13.71 13.4465 -1.90735e-07
      vertex 9.12313 10.0658 -1.90735e-07
    endloop
  endfacet
  facet normal 0 0 -1
    outer loop
      vertex 8.09257 10.9116 -1.90735e-07
      vertex 13.71 13.4465 -1.90735e-07
      vertex 8.61823 10.5013 -1.90735e-07
    endloop
  endfacet
  facet normal 0 0 -1
    outer loop
      vertex 7.54742 11.2955 -1.90735e-07
      vertex 13.71 13.4465 -1.90735e-07
      vertex 8.09257 10.9116 -1.90735e-07
    endloop
  endfacet
  facet normal 0 0 -1
    outer loop
      vertex 6.98409 11.6522 -1.90735e-07
      vertex 13.71 13.4465 -1.90735e-07
      vertex 7.54742 11.2955 -1.90735e-07
    endloop
  endfacet
  facet normal 0 0 -1
    outer loop
      vertex 4.78997 18.5965 -1.90735e-07
      vertex 6.98409 11.6522 -1.90735e-07
      vertex 6.40392 11.9809 -1.90735e-07
    endloop
  endfacet
  facet normal 0 0 -1
    outer loop
      vertex 4.78997 18.5965 -1.90735e-07
      vertex 6.40392 11.9809 -1.90735e-07
      vertex 5.80834 12.2807 -1.90735e-07
    endloop
  endfacet
  facet normal 0 0 -1
    outer loop
      vertex 4.78997 18.5965 -1.90735e-07
      vertex 5.80834 12.2807 -1.90735e-07
      vertex 5.19875 12.5509 -1.90735e-07
    endloop
  endfacet
  facet normal 0 0 -1
    outer loop
      vertex 6.98409 11.6522 -1.90735e-07
      vertex 4.78997 18.5965 -1.90735e-07
      vertex 13.71 13.4465 -1.90735e-07
    endloop
  endfacet
  facet normal 0 -0 -1
    outer loop
      vertex 4.78997 18.5965 -1.90735e-07
      vertex 5.19875 12.5509 -1.90735e-07
      vertex 4.57665 12.7909 -1.90735e-07
    endloop
  endfacet
  facet normal -0.528101 -0.849181 0
    outer loop
      vertex 16.5957 10.9929 -1.90735e-07
      vertex 16.962 10.7651 6.5
      vertex 16.5957 10.9929 6.5
    endloop
  endfacet
  facet normal -0.528101 -0.849181 -0
    outer loop
      vertex 16.962 10.7651 6.5
      vertex 16.5957 10.9929 -1.90735e-07
      vertex 16.962 10.7651 -1.90735e-07
    endloop
  endfacet
  facet normal -0.683656 -0.729805 0
    outer loop
      vertex 16.962 10.7651 -1.90735e-07
      vertex 17.2767 10.4703 6.5
      vertex 16.962 10.7651 6.5
    endloop
  endfacet
  facet normal -0.683656 -0.729805 -0
    outer loop
      vertex 17.2767 10.4703 6.5
      vertex 16.962 10.7651 -1.90735e-07
      vertex 17.2767 10.4703 -1.90735e-07
    endloop
  endfacet
  facet normal -0.812808 -0.582532 0
    outer loop
      vertex 17.5279 10.1198 -1.90735e-07
      vertex 17.2767 10.4703 6.5
      vertex 17.2767 10.4703 -1.90735e-07
    endloop
  endfacet
  facet normal -0.812808 -0.582532 0
    outer loop
      vertex 17.2767 10.4703 6.5
      vertex 17.5279 10.1198 -1.90735e-07
      vertex 17.5279 10.1198 6.5
    endloop
  endfacet
  facet normal -0.91087 -0.412693 0
    outer loop
      vertex 17.7059 9.72693 -1.90735e-07
      vertex 17.5279 10.1198 6.5
      vertex 17.5279 10.1198 -1.90735e-07
    endloop
  endfacet
  facet normal -0.91087 -0.412693 0
    outer loop
      vertex 17.5279 10.1198 6.5
      vertex 17.7059 9.72693 -1.90735e-07
      vertex 17.7059 9.72693 6.5
    endloop
  endfacet
  facet normal -0.729765 0.683698 0
    outer loop
      vertex 17.0732 7.36571 -1.90735e-07
      vertex 17.3681 7.68048 6.5
      vertex 17.3681 7.68048 -1.90735e-07
    endloop
  endfacet
  facet normal -0.729765 0.683698 0
    outer loop
      vertex 17.3681 7.68048 6.5
      vertex 17.0732 7.36571 -1.90735e-07
      vertex 17.0732 7.36571 6.5
    endloop
  endfacet
  facet normal 0.0326895 -0.999466 0
    outer loop
      vertex 15.3355 11.2009 -1.90735e-07
      vertex 15.7666 11.215 6.5
      vertex 15.3355 11.2009 6.5
    endloop
  endfacet
  facet normal 0.0326895 -0.999466 0
    outer loop
      vertex 15.7666 11.215 6.5
      vertex 15.3355 11.2009 -1.90735e-07
      vertex 15.7666 11.215 -1.90735e-07
    endloop
  endfacet
  facet normal 0.935841 -0.352421 0
    outer loop
      vertex 13.4976 9.58916 6.5
      vertex 13.6496 9.99279 -1.90735e-07
      vertex 13.6496 9.99279 6.5
    endloop
  endfacet
  facet normal 0.935841 -0.352421 0
    outer loop
      vertex 13.6496 9.99279 -1.90735e-07
      vertex 13.4976 9.58916 6.5
      vertex 13.4976 9.58916 -1.90735e-07
    endloop
  endfacet
  facet normal 0.412754 -0.910842 0
    outer loop
      vertex 14.5227 10.925 -1.90735e-07
      vertex 14.9155 11.103 6.5
      vertex 14.5227 10.925 6.5
    endloop
  endfacet
  facet normal 0.412754 -0.910842 0
    outer loop
      vertex 14.9155 11.103 6.5
      vertex 14.5227 10.925 -1.90735e-07
      vertex 14.9155 11.103 -1.90735e-07
    endloop
  endfacet
  facet normal 0.582422 -0.812887 0
    outer loop
      vertex 14.1721 10.6738 -1.90735e-07
      vertex 14.5227 10.925 6.5
      vertex 14.1721 10.6738 6.5
    endloop
  endfacet
  facet normal 0.582422 -0.812887 0
    outer loop
      vertex 14.5227 10.925 6.5
      vertex 14.1721 10.6738 -1.90735e-07
      vertex 14.5227 10.925 -1.90735e-07
    endloop
  endfacet
  facet normal -0.973842 -0.227224 0
    outer loop
      vertex 17.8039 9.30692 -1.90735e-07
      vertex 17.7059 9.72693 6.5
      vertex 17.7059 9.72693 -1.90735e-07
    endloop
  endfacet
  facet normal -0.973842 -0.227224 0
    outer loop
      vertex 17.7059 9.72693 6.5
      vertex 17.8039 9.30692 -1.90735e-07
      vertex 17.8039 9.30692 6.5
    endloop
  endfacet
  facet normal 0.910854 0.412728 0
    outer loop
      vertex 13.7174 7.91976 6.5
      vertex 13.5394 8.31259 -1.90735e-07
      vertex 13.5394 8.31259 6.5
    endloop
  endfacet
  facet normal 0.910854 0.412728 0
    outer loop
      vertex 13.5394 8.31259 -1.90735e-07
      vertex 13.7174 7.91976 6.5
      vertex 13.7174 7.91976 -1.90735e-07
    endloop
  endfacet
  facet normal -0.227076 0.973877 0
    outer loop
      vertex 16.3298 6.93651 -1.90735e-07
      vertex 15.9098 6.83858 6.5
      vertex 16.3298 6.93651 6.5
    endloop
  endfacet
  facet normal -0.227076 0.973877 0
    outer loop
      vertex 15.9098 6.83858 6.5
      vertex 16.3298 6.93651 -1.90735e-07
      vertex 15.9098 6.83858 -1.90735e-07
    endloop
  endfacet
  facet normal 0.162895 0.986643 -0
    outer loop
      vertex 15.4788 6.82447 -1.90735e-07
      vertex 15.0533 6.89472 6.5
      vertex 15.4788 6.82447 6.5
    endloop
  endfacet
  facet normal 0.162895 0.986643 0
    outer loop
      vertex 15.0533 6.89472 6.5
      vertex 15.4788 6.82447 -1.90735e-07
      vertex 15.0533 6.89472 -1.90735e-07
    endloop
  endfacet
  facet normal 0.973894 0.227005 0
    outer loop
      vertex 13.5394 8.31259 6.5
      vertex 13.4415 8.7326 -1.90735e-07
      vertex 13.4415 8.7326 6.5
    endloop
  endfacet
  facet normal 0.973894 0.227005 0
    outer loop
      vertex 13.4415 8.7326 -1.90735e-07
      vertex 13.5394 8.31259 6.5
      vertex 13.5394 8.31259 -1.90735e-07
    endloop
  endfacet
  facet normal 0.22701 -0.973892 0
    outer loop
      vertex 14.9155 11.103 -1.90735e-07
      vertex 15.3355 11.2009 6.5
      vertex 14.9155 11.103 6.5
    endloop
  endfacet
  facet normal 0.22701 -0.973892 0
    outer loop
      vertex 15.3355 11.2009 6.5
      vertex 14.9155 11.103 -1.90735e-07
      vertex 15.3355 11.2009 -1.90735e-07
    endloop
  endfacet
  facet normal 0.729913 -0.68354 0
    outer loop
      vertex 13.8773 10.359 6.5
      vertex 14.1721 10.6738 -1.90735e-07
      vertex 14.1721 10.6738 6.5
    endloop
  endfacet
  facet normal 0.729913 -0.68354 0
    outer loop
      vertex 14.1721 10.6738 -1.90735e-07
      vertex 13.8773 10.359 6.5
      vertex 13.8773 10.359 -1.90735e-07
    endloop
  endfacet
  facet normal 0.812855 0.582466 0
    outer loop
      vertex 13.9686 7.5692 6.5
      vertex 13.7174 7.91976 -1.90735e-07
      vertex 13.7174 7.91976 6.5
    endloop
  endfacet
  facet normal 0.812855 0.582466 0
    outer loop
      vertex 13.7174 7.91976 -1.90735e-07
      vertex 13.9686 7.5692 6.5
      vertex 13.9686 7.5692 -1.90735e-07
    endloop
  endfacet
  facet normal 0.849227 -0.528028 0
    outer loop
      vertex 13.6496 9.99279 6.5
      vertex 13.8773 10.359 -1.90735e-07
      vertex 13.8773 10.359 6.5
    endloop
  endfacet
  facet normal 0.849227 -0.528028 0
    outer loop
      vertex 13.8773 10.359 -1.90735e-07
      vertex 13.6496 9.99279 6.5
      vertex 13.6496 9.99279 -1.90735e-07
    endloop
  endfacet
  facet normal -0.849247 0.527997 0
    outer loop
      vertex 17.3681 7.68048 -1.90735e-07
      vertex 17.5958 8.04672 6.5
      vertex 17.5958 8.04672 -1.90735e-07
    endloop
  endfacet
  facet normal -0.849247 0.527997 0
    outer loop
      vertex 17.5958 8.04672 6.5
      vertex 17.3681 7.68048 -1.90735e-07
      vertex 17.3681 7.68048 6.5
    endloop
  endfacet
  facet normal -0.999465 -0.0326933 0
    outer loop
      vertex 17.818 8.87587 -1.90735e-07
      vertex 17.8039 9.30692 6.5
      vertex 17.8039 9.30692 -1.90735e-07
    endloop
  endfacet
  facet normal -0.999465 -0.0326933 0
    outer loop
      vertex 17.8039 9.30692 6.5
      vertex 17.818 8.87587 -1.90735e-07
      vertex 17.818 8.87587 6.5
    endloop
  endfacet
  facet normal -0.412648 0.910891 0
    outer loop
      vertex 16.7227 7.1145 -1.90735e-07
      vertex 16.3298 6.93651 6.5
      vertex 16.7227 7.1145 6.5
    endloop
  endfacet
  facet normal -0.412648 0.910891 0
    outer loop
      vertex 16.3298 6.93651 6.5
      vertex 16.7227 7.1145 -1.90735e-07
      vertex 16.3298 6.93651 -1.90735e-07
    endloop
  endfacet
  facet normal 0.683565 0.72989 -0
    outer loop
      vertex 14.2834 7.27438 -1.90735e-07
      vertex 13.9686 7.5692 6.5
      vertex 14.2834 7.27438 6.5
    endloop
  endfacet
  facet normal 0.683565 0.72989 0
    outer loop
      vertex 13.9686 7.5692 6.5
      vertex 14.2834 7.27438 -1.90735e-07
      vertex 13.9686 7.5692 -1.90735e-07
    endloop
  endfacet
  facet normal -0.162782 -0.986662 0
    outer loop
      vertex 15.7666 11.215 -1.90735e-07
      vertex 16.1921 11.1448 6.5
      vertex 15.7666 11.215 6.5
    endloop
  endfacet
  facet normal -0.162782 -0.986662 -0
    outer loop
      vertex 16.1921 11.1448 6.5
      vertex 15.7666 11.215 -1.90735e-07
      vertex 16.1921 11.1448 -1.90735e-07
    endloop
  endfacet
  facet normal -0.352241 -0.935909 0
    outer loop
      vertex 16.1921 11.1448 -1.90735e-07
      vertex 16.5957 10.9929 6.5
      vertex 16.1921 11.1448 6.5
    endloop
  endfacet
  facet normal -0.352241 -0.935909 -0
    outer loop
      vertex 16.5957 10.9929 6.5
      vertex 16.1921 11.1448 -1.90735e-07
      vertex 16.5957 10.9929 -1.90735e-07
    endloop
  endfacet
  facet normal -0.935921 0.352211 0
    outer loop
      vertex 17.5958 8.04672 -1.90735e-07
      vertex 17.7477 8.45036 6.5
      vertex 17.7477 8.45036 -1.90735e-07
    endloop
  endfacet
  facet normal -0.935921 0.352211 0
    outer loop
      vertex 17.7477 8.45036 6.5
      vertex 17.5958 8.04672 -1.90735e-07
      vertex 17.5958 8.04672 6.5
    endloop
  endfacet
  facet normal 0.999465 0.0326933 0
    outer loop
      vertex 13.4415 8.7326 6.5
      vertex 13.4274 9.16365 -1.90735e-07
      vertex 13.4274 9.16365 6.5
    endloop
  endfacet
  facet normal 0.999465 0.0326933 0
    outer loop
      vertex 13.4274 9.16365 -1.90735e-07
      vertex 13.4415 8.7326 6.5
      vertex 13.4415 8.7326 -1.90735e-07
    endloop
  endfacet
  facet normal -0.986625 0.163004 0
    outer loop
      vertex 17.7477 8.45036 -1.90735e-07
      vertex 17.818 8.87587 6.5
      vertex 17.818 8.87587 -1.90735e-07
    endloop
  endfacet
  facet normal -0.986625 0.163004 0
    outer loop
      vertex 17.818 8.87587 6.5
      vertex 17.7477 8.45036 -1.90735e-07
      vertex 17.7477 8.45036 6.5
    endloop
  endfacet
  facet normal 0.986663 -0.162778 0
    outer loop
      vertex 13.4274 9.16365 6.5
      vertex 13.4976 9.58916 -1.90735e-07
      vertex 13.4976 9.58916 6.5
    endloop
  endfacet
  facet normal 0.986663 -0.162778 0
    outer loop
      vertex 13.4976 9.58916 -1.90735e-07
      vertex 13.4274 9.16365 6.5
      vertex 13.4274 9.16365 -1.90735e-07
    endloop
  endfacet
  facet normal -0.582547 0.812797 0
    outer loop
      vertex 17.0732 7.36571 -1.90735e-07
      vertex 16.7227 7.1145 6.5
      vertex 17.0732 7.36571 6.5
    endloop
  endfacet
  facet normal -0.582547 0.812797 0
    outer loop
      vertex 16.7227 7.1145 6.5
      vertex 17.0732 7.36571 -1.90735e-07
      vertex 16.7227 7.1145 -1.90735e-07
    endloop
  endfacet
  facet normal 0.528105 0.849179 -0
    outer loop
      vertex 14.6496 7.04664 -1.90735e-07
      vertex 14.2834 7.27438 6.5
      vertex 14.6496 7.04664 6.5
    endloop
  endfacet
  facet normal 0.528105 0.849179 0
    outer loop
      vertex 14.2834 7.27438 6.5
      vertex 14.6496 7.04664 -1.90735e-07
      vertex 14.2834 7.27438 -1.90735e-07
    endloop
  endfacet
  facet normal 0.352206 0.935923 -0
    outer loop
      vertex 15.0533 6.89472 -1.90735e-07
      vertex 14.6496 7.04664 6.5
      vertex 15.0533 6.89472 6.5
    endloop
  endfacet
  facet normal 0.352206 0.935923 0
    outer loop
      vertex 14.6496 7.04664 6.5
      vertex 15.0533 6.89472 -1.90735e-07
      vertex 14.6496 7.04664 -1.90735e-07
    endloop
  endfacet
  facet normal -0.0327203 0.999465 0
    outer loop
      vertex 15.9098 6.83858 -1.90735e-07
      vertex 15.4788 6.82447 6.5
      vertex 15.9098 6.83858 6.5
    endloop
  endfacet
  facet normal -0.0327203 0.999465 0
    outer loop
      vertex 15.4788 6.82447 6.5
      vertex 15.9098 6.83858 -1.90735e-07
      vertex 15.4788 6.82447 -1.90735e-07
    endloop
  endfacet
  facet normal 0 0 -1
    outer loop
      vertex 17.7477 8.45036 6.5
      vertex 17.8039 9.30692 6.5
      vertex 17.818 8.87587 6.5
    endloop
  endfacet
  facet normal 0 0 -1
    outer loop
      vertex 17.7477 8.45036 6.5
      vertex 17.7059 9.72693 6.5
      vertex 17.8039 9.30692 6.5
    endloop
  endfacet
  facet normal 0 0 -1
    outer loop
      vertex 17.5958 8.04672 6.5
      vertex 17.7059 9.72693 6.5
      vertex 17.7477 8.45036 6.5
    endloop
  endfacet
  facet normal 0 0 -1
    outer loop
      vertex 17.5958 8.04672 6.5
      vertex 17.5279 10.1198 6.5
      vertex 17.7059 9.72693 6.5
    endloop
  endfacet
  facet normal 0 0 -1
    outer loop
      vertex 17.3681 7.68048 6.5
      vertex 17.5279 10.1198 6.5
      vertex 17.5958 8.04672 6.5
    endloop
  endfacet
  facet normal 0 0 -1
    outer loop
      vertex 17.3681 7.68048 6.5
      vertex 17.2767 10.4703 6.5
      vertex 17.5279 10.1198 6.5
    endloop
  endfacet
  facet normal 0 0 -1
    outer loop
      vertex 17.0732 7.36571 6.5
      vertex 17.2767 10.4703 6.5
      vertex 17.3681 7.68048 6.5
    endloop
  endfacet
  facet normal 0 0 -1
    outer loop
      vertex 17.0732 7.36571 6.5
      vertex 16.962 10.7651 6.5
      vertex 17.2767 10.4703 6.5
    endloop
  endfacet
  facet normal 0 0 -1
    outer loop
      vertex 16.7227 7.1145 6.5
      vertex 16.962 10.7651 6.5
      vertex 17.0732 7.36571 6.5
    endloop
  endfacet
  facet normal 0 0 -1
    outer loop
      vertex 16.7227 7.1145 6.5
      vertex 16.5957 10.9929 6.5
      vertex 16.962 10.7651 6.5
    endloop
  endfacet
  facet normal 0 0 -1
    outer loop
      vertex 16.3298 6.93651 6.5
      vertex 16.5957 10.9929 6.5
      vertex 16.7227 7.1145 6.5
    endloop
  endfacet
  facet normal 0 0 -1
    outer loop
      vertex 16.3298 6.93651 6.5
      vertex 16.1921 11.1448 6.5
      vertex 16.5957 10.9929 6.5
    endloop
  endfacet
  facet normal 0 0 -1
    outer loop
      vertex 15.9098 6.83858 6.5
      vertex 16.1921 11.1448 6.5
      vertex 16.3298 6.93651 6.5
    endloop
  endfacet
  facet normal 0 0 -1
    outer loop
      vertex 15.9098 6.83858 6.5
      vertex 15.7666 11.215 6.5
      vertex 16.1921 11.1448 6.5
    endloop
  endfacet
  facet normal 0 0 -1
    outer loop
      vertex 15.4788 6.82447 6.5
      vertex 15.7666 11.215 6.5
      vertex 15.9098 6.83858 6.5
    endloop
  endfacet
  facet normal 0 0 -1
    outer loop
      vertex 15.4788 6.82447 6.5
      vertex 15.3355 11.2009 6.5
      vertex 15.7666 11.215 6.5
    endloop
  endfacet
  facet normal 0 0 -1
    outer loop
      vertex 15.0533 6.89472 6.5
      vertex 15.3355 11.2009 6.5
      vertex 15.4788 6.82447 6.5
    endloop
  endfacet
  facet normal 0 0 -1
    outer loop
      vertex 15.0533 6.89472 6.5
      vertex 14.9155 11.103 6.5
      vertex 15.3355 11.2009 6.5
    endloop
  endfacet
  facet normal 0 0 -1
    outer loop
      vertex 14.6496 7.04664 6.5
      vertex 14.9155 11.103 6.5
      vertex 15.0533 6.89472 6.5
    endloop
  endfacet
  facet normal 0 0 -1
    outer loop
      vertex 14.6496 7.04664 6.5
      vertex 14.5227 10.925 6.5
      vertex 14.9155 11.103 6.5
    endloop
  endfacet
  facet normal 0 0 -1
    outer loop
      vertex 14.2834 7.27438 6.5
      vertex 14.5227 10.925 6.5
      vertex 14.6496 7.04664 6.5
    endloop
  endfacet
  facet normal 0 0 -1
    outer loop
      vertex 14.2834 7.27438 6.5
      vertex 14.1721 10.6738 6.5
      vertex 14.5227 10.925 6.5
    endloop
  endfacet
  facet normal 0 0 -1
    outer loop
      vertex 13.9686 7.5692 6.5
      vertex 14.1721 10.6738 6.5
      vertex 14.2834 7.27438 6.5
    endloop
  endfacet
  facet normal 0 0 -1
    outer loop
      vertex 13.9686 7.5692 6.5
      vertex 13.8773 10.359 6.5
      vertex 14.1721 10.6738 6.5
    endloop
  endfacet
  facet normal 0 0 -1
    outer loop
      vertex 13.7174 7.91976 6.5
      vertex 13.8773 10.359 6.5
      vertex 13.9686 7.5692 6.5
    endloop
  endfacet
  facet normal 0 0 -1
    outer loop
      vertex 13.7174 7.91976 6.5
      vertex 13.6496 9.99279 6.5
      vertex 13.8773 10.359 6.5
    endloop
  endfacet
  facet normal 0 0 -1
    outer loop
      vertex 13.5394 8.31259 6.5
      vertex 13.6496 9.99279 6.5
      vertex 13.7174 7.91976 6.5
    endloop
  endfacet
  facet normal 0 0 -1
    outer loop
      vertex 13.5394 8.31259 6.5
      vertex 13.4976 9.58916 6.5
      vertex 13.6496 9.99279 6.5
    endloop
  endfacet
  facet normal 0 0 -1
    outer loop
      vertex 13.4415 8.7326 6.5
      vertex 13.4976 9.58916 6.5
      vertex 13.5394 8.31259 6.5
    endloop
  endfacet
  facet normal 0 0 -1
    outer loop
      vertex 13.4976 9.58916 6.5
      vertex 13.4415 8.7326 6.5
      vertex 13.4274 9.16365 6.5
    endloop
  endfacet
  facet normal -0.412754 -0.910842 0
    outer loop
      vertex -14.9155 11.103 -1.90735e-07
      vertex -14.5227 10.925 6.5
      vertex -14.9155 11.103 6.5
    endloop
  endfacet
  facet normal -0.412754 -0.910842 -0
    outer loop
      vertex -14.5227 10.925 6.5
      vertex -14.9155 11.103 -1.90735e-07
      vertex -14.5227 10.925 -1.90735e-07
    endloop
  endfacet
  facet normal 0.973842 -0.227224 0
    outer loop
      vertex -17.8039 9.30692 6.5
      vertex -17.7059 9.72693 -1.90735e-07
      vertex -17.7059 9.72693 6.5
    endloop
  endfacet
  facet normal 0.973842 -0.227224 0
    outer loop
      vertex -17.7059 9.72693 -1.90735e-07
      vertex -17.8039 9.30692 6.5
      vertex -17.8039 9.30692 -1.90735e-07
    endloop
  endfacet
  facet normal 0.91087 -0.412693 0
    outer loop
      vertex -17.7059 9.72693 6.5
      vertex -17.5279 10.1198 -1.90735e-07
      vertex -17.5279 10.1198 6.5
    endloop
  endfacet
  facet normal 0.91087 -0.412693 0
    outer loop
      vertex -17.5279 10.1198 -1.90735e-07
      vertex -17.7059 9.72693 6.5
      vertex -17.7059 9.72693 -1.90735e-07
    endloop
  endfacet
  facet normal 0.999465 -0.0326933 0
    outer loop
      vertex -17.818 8.87587 6.5
      vertex -17.8039 9.30692 -1.90735e-07
      vertex -17.8039 9.30692 6.5
    endloop
  endfacet
  facet normal 0.999465 -0.0326933 0
    outer loop
      vertex -17.8039 9.30692 -1.90735e-07
      vertex -17.818 8.87587 6.5
      vertex -17.818 8.87587 -1.90735e-07
    endloop
  endfacet
  facet normal -0.162895 0.986643 0
    outer loop
      vertex -15.0533 6.89472 -1.90735e-07
      vertex -15.4788 6.82447 6.5
      vertex -15.0533 6.89472 6.5
    endloop
  endfacet
  facet normal -0.162895 0.986643 0
    outer loop
      vertex -15.4788 6.82447 6.5
      vertex -15.0533 6.89472 -1.90735e-07
      vertex -15.4788 6.82447 -1.90735e-07
    endloop
  endfacet
  facet normal -0.973894 0.227005 0
    outer loop
      vertex -13.5394 8.31259 -1.90735e-07
      vertex -13.4415 8.7326 6.5
      vertex -13.4415 8.7326 -1.90735e-07
    endloop
  endfacet
  facet normal -0.973894 0.227005 0
    outer loop
      vertex -13.4415 8.7326 6.5
      vertex -13.5394 8.31259 -1.90735e-07
      vertex -13.5394 8.31259 6.5
    endloop
  endfacet
  facet normal -0.0326895 -0.999466 0
    outer loop
      vertex -15.7666 11.215 -1.90735e-07
      vertex -15.3355 11.2009 6.5
      vertex -15.7666 11.215 6.5
    endloop
  endfacet
  facet normal -0.0326895 -0.999466 -0
    outer loop
      vertex -15.3355 11.2009 6.5
      vertex -15.7666 11.215 -1.90735e-07
      vertex -15.3355 11.2009 -1.90735e-07
    endloop
  endfacet
  facet normal 0.986625 0.163004 0
    outer loop
      vertex -17.7477 8.45036 6.5
      vertex -17.818 8.87587 -1.90735e-07
      vertex -17.818 8.87587 6.5
    endloop
  endfacet
  facet normal 0.986625 0.163004 0
    outer loop
      vertex -17.818 8.87587 -1.90735e-07
      vertex -17.7477 8.45036 6.5
      vertex -17.7477 8.45036 -1.90735e-07
    endloop
  endfacet
  facet normal 0.729765 0.683698 0
    outer loop
      vertex -17.0732 7.36571 6.5
      vertex -17.3681 7.68048 -1.90735e-07
      vertex -17.3681 7.68048 6.5
    endloop
  endfacet
  facet normal 0.729765 0.683698 0
    outer loop
      vertex -17.3681 7.68048 -1.90735e-07
      vertex -17.0732 7.36571 6.5
      vertex -17.0732 7.36571 -1.90735e-07
    endloop
  endfacet
  facet normal 0.528101 -0.849181 0
    outer loop
      vertex -16.962 10.7651 -1.90735e-07
      vertex -16.5957 10.9929 6.5
      vertex -16.962 10.7651 6.5
    endloop
  endfacet
  facet normal 0.528101 -0.849181 0
    outer loop
      vertex -16.5957 10.9929 6.5
      vertex -16.962 10.7651 -1.90735e-07
      vertex -16.5957 10.9929 -1.90735e-07
    endloop
  endfacet
  facet normal 0.935921 0.352211 0
    outer loop
      vertex -17.5958 8.04672 6.5
      vertex -17.7477 8.45036 -1.90735e-07
      vertex -17.7477 8.45036 6.5
    endloop
  endfacet
  facet normal 0.935921 0.352211 0
    outer loop
      vertex -17.7477 8.45036 -1.90735e-07
      vertex -17.5958 8.04672 6.5
      vertex -17.5958 8.04672 -1.90735e-07
    endloop
  endfacet
  facet normal -0.999465 0.0326933 0
    outer loop
      vertex -13.4415 8.7326 -1.90735e-07
      vertex -13.4274 9.16365 6.5
      vertex -13.4274 9.16365 -1.90735e-07
    endloop
  endfacet
  facet normal -0.999465 0.0326933 0
    outer loop
      vertex -13.4274 9.16365 6.5
      vertex -13.4415 8.7326 -1.90735e-07
      vertex -13.4415 8.7326 6.5
    endloop
  endfacet
  facet normal 0.582547 0.812797 -0
    outer loop
      vertex -16.7227 7.1145 -1.90735e-07
      vertex -17.0732 7.36571 6.5
      vertex -16.7227 7.1145 6.5
    endloop
  endfacet
  facet normal 0.582547 0.812797 0
    outer loop
      vertex -17.0732 7.36571 6.5
      vertex -16.7227 7.1145 -1.90735e-07
      vertex -17.0732 7.36571 -1.90735e-07
    endloop
  endfacet
  facet normal -0.22701 -0.973892 0
    outer loop
      vertex -15.3355 11.2009 -1.90735e-07
      vertex -14.9155 11.103 6.5
      vertex -15.3355 11.2009 6.5
    endloop
  endfacet
  facet normal -0.22701 -0.973892 -0
    outer loop
      vertex -14.9155 11.103 6.5
      vertex -15.3355 11.2009 -1.90735e-07
      vertex -14.9155 11.103 -1.90735e-07
    endloop
  endfacet
  facet normal -0.812855 0.582466 0
    outer loop
      vertex -13.9686 7.5692 -1.90735e-07
      vertex -13.7174 7.91976 6.5
      vertex -13.7174 7.91976 -1.90735e-07
    endloop
  endfacet
  facet normal -0.812855 0.582466 0
    outer loop
      vertex -13.7174 7.91976 6.5
      vertex -13.9686 7.5692 -1.90735e-07
      vertex -13.9686 7.5692 6.5
    endloop
  endfacet
  facet normal 0.849247 0.527997 0
    outer loop
      vertex -17.3681 7.68048 6.5
      vertex -17.5958 8.04672 -1.90735e-07
      vertex -17.5958 8.04672 6.5
    endloop
  endfacet
  facet normal 0.849247 0.527997 0
    outer loop
      vertex -17.5958 8.04672 -1.90735e-07
      vertex -17.3681 7.68048 6.5
      vertex -17.3681 7.68048 -1.90735e-07
    endloop
  endfacet
  facet normal -0.849227 -0.528028 0
    outer loop
      vertex -13.6496 9.99279 -1.90735e-07
      vertex -13.8773 10.359 6.5
      vertex -13.8773 10.359 -1.90735e-07
    endloop
  endfacet
  facet normal -0.849227 -0.528028 0
    outer loop
      vertex -13.8773 10.359 6.5
      vertex -13.6496 9.99279 -1.90735e-07
      vertex -13.6496 9.99279 6.5
    endloop
  endfacet
  facet normal 0.352241 -0.935909 0
    outer loop
      vertex -16.5957 10.9929 -1.90735e-07
      vertex -16.1921 11.1448 6.5
      vertex -16.5957 10.9929 6.5
    endloop
  endfacet
  facet normal 0.352241 -0.935909 0
    outer loop
      vertex -16.1921 11.1448 6.5
      vertex -16.5957 10.9929 -1.90735e-07
      vertex -16.1921 11.1448 -1.90735e-07
    endloop
  endfacet
  facet normal -0.683565 0.72989 0
    outer loop
      vertex -13.9686 7.5692 -1.90735e-07
      vertex -14.2834 7.27438 6.5
      vertex -13.9686 7.5692 6.5
    endloop
  endfacet
  facet normal -0.683565 0.72989 0
    outer loop
      vertex -14.2834 7.27438 6.5
      vertex -13.9686 7.5692 -1.90735e-07
      vertex -14.2834 7.27438 -1.90735e-07
    endloop
  endfacet
  facet normal 0.0327203 0.999465 -0
    outer loop
      vertex -15.4788 6.82447 -1.90735e-07
      vertex -15.9098 6.83858 6.5
      vertex -15.4788 6.82447 6.5
    endloop
  endfacet
  facet normal 0.0327203 0.999465 0
    outer loop
      vertex -15.9098 6.83858 6.5
      vertex -15.4788 6.82447 -1.90735e-07
      vertex -15.9098 6.83858 -1.90735e-07
    endloop
  endfacet
  facet normal -0.935841 -0.352421 0
    outer loop
      vertex -13.4976 9.58916 -1.90735e-07
      vertex -13.6496 9.99279 6.5
      vertex -13.6496 9.99279 -1.90735e-07
    endloop
  endfacet
  facet normal -0.935841 -0.352421 0
    outer loop
      vertex -13.6496 9.99279 6.5
      vertex -13.4976 9.58916 -1.90735e-07
      vertex -13.4976 9.58916 6.5
    endloop
  endfacet
  facet normal 0 0 -1
    outer loop
      vertex -13.4415 8.7326 6.5
      vertex -13.4976 9.58916 6.5
      vertex -13.4274 9.16365 6.5
    endloop
  endfacet
  facet normal 0 0 -1
    outer loop
      vertex -13.5394 8.31259 6.5
      vertex -13.4976 9.58916 6.5
      vertex -13.4415 8.7326 6.5
    endloop
  endfacet
  facet normal 0 0 -1
    outer loop
      vertex -13.5394 8.31259 6.5
      vertex -13.6496 9.99279 6.5
      vertex -13.4976 9.58916 6.5
    endloop
  endfacet
  facet normal 0 0 -1
    outer loop
      vertex -13.7174 7.91976 6.5
      vertex -13.6496 9.99279 6.5
      vertex -13.5394 8.31259 6.5
    endloop
  endfacet
  facet normal 0 0 -1
    outer loop
      vertex -13.7174 7.91976 6.5
      vertex -13.8773 10.359 6.5
      vertex -13.6496 9.99279 6.5
    endloop
  endfacet
  facet normal 0 0 -1
    outer loop
      vertex -13.9686 7.5692 6.5
      vertex -13.8773 10.359 6.5
      vertex -13.7174 7.91976 6.5
    endloop
  endfacet
  facet normal 0 0 -1
    outer loop
      vertex -13.9686 7.5692 6.5
      vertex -14.1721 10.6738 6.5
      vertex -13.8773 10.359 6.5
    endloop
  endfacet
  facet normal 0 0 -1
    outer loop
      vertex -14.2834 7.27438 6.5
      vertex -14.1721 10.6738 6.5
      vertex -13.9686 7.5692 6.5
    endloop
  endfacet
  facet normal 0 0 -1
    outer loop
      vertex -14.2834 7.27438 6.5
      vertex -14.5227 10.925 6.5
      vertex -14.1721 10.6738 6.5
    endloop
  endfacet
  facet normal 0 0 -1
    outer loop
      vertex -14.6496 7.04664 6.5
      vertex -14.5227 10.925 6.5
      vertex -14.2834 7.27438 6.5
    endloop
  endfacet
  facet normal 0 0 -1
    outer loop
      vertex -14.6496 7.04664 6.5
      vertex -14.9155 11.103 6.5
      vertex -14.5227 10.925 6.5
    endloop
  endfacet
  facet normal 0 0 -1
    outer loop
      vertex -15.0533 6.89472 6.5
      vertex -14.9155 11.103 6.5
      vertex -14.6496 7.04664 6.5
    endloop
  endfacet
  facet normal 0 0 -1
    outer loop
      vertex -15.0533 6.89472 6.5
      vertex -15.3355 11.2009 6.5
      vertex -14.9155 11.103 6.5
    endloop
  endfacet
  facet normal 0 0 -1
    outer loop
      vertex -15.4788 6.82447 6.5
      vertex -15.3355 11.2009 6.5
      vertex -15.0533 6.89472 6.5
    endloop
  endfacet
  facet normal 0 0 -1
    outer loop
      vertex -15.4788 6.82447 6.5
      vertex -15.7666 11.215 6.5
      vertex -15.3355 11.2009 6.5
    endloop
  endfacet
  facet normal 0 0 -1
    outer loop
      vertex -15.9098 6.83858 6.5
      vertex -15.7666 11.215 6.5
      vertex -15.4788 6.82447 6.5
    endloop
  endfacet
  facet normal 0 0 -1
    outer loop
      vertex -15.9098 6.83858 6.5
      vertex -16.1921 11.1448 6.5
      vertex -15.7666 11.215 6.5
    endloop
  endfacet
  facet normal 0 0 -1
    outer loop
      vertex -16.3298 6.93651 6.5
      vertex -16.1921 11.1448 6.5
      vertex -15.9098 6.83858 6.5
    endloop
  endfacet
  facet normal 0 0 -1
    outer loop
      vertex -16.3298 6.93651 6.5
      vertex -16.5957 10.9929 6.5
      vertex -16.1921 11.1448 6.5
    endloop
  endfacet
  facet normal 0 0 -1
    outer loop
      vertex -16.7227 7.1145 6.5
      vertex -16.5957 10.9929 6.5
      vertex -16.3298 6.93651 6.5
    endloop
  endfacet
  facet normal 0 0 -1
    outer loop
      vertex -16.7227 7.1145 6.5
      vertex -16.962 10.7651 6.5
      vertex -16.5957 10.9929 6.5
    endloop
  endfacet
  facet normal 0 0 -1
    outer loop
      vertex -17.0732 7.36571 6.5
      vertex -16.962 10.7651 6.5
      vertex -16.7227 7.1145 6.5
    endloop
  endfacet
  facet normal 0 0 -1
    outer loop
      vertex -17.0732 7.36571 6.5
      vertex -17.2767 10.4703 6.5
      vertex -16.962 10.7651 6.5
    endloop
  endfacet
  facet normal 0 0 -1
    outer loop
      vertex -17.3681 7.68048 6.5
      vertex -17.2767 10.4703 6.5
      vertex -17.0732 7.36571 6.5
    endloop
  endfacet
  facet normal 0 0 -1
    outer loop
      vertex -17.3681 7.68048 6.5
      vertex -17.5279 10.1198 6.5
      vertex -17.2767 10.4703 6.5
    endloop
  endfacet
  facet normal 0 0 -1
    outer loop
      vertex -17.5958 8.04672 6.5
      vertex -17.5279 10.1198 6.5
      vertex -17.3681 7.68048 6.5
    endloop
  endfacet
  facet normal 0 0 -1
    outer loop
      vertex -17.5958 8.04672 6.5
      vertex -17.7059 9.72693 6.5
      vertex -17.5279 10.1198 6.5
    endloop
  endfacet
  facet normal 0 0 -1
    outer loop
      vertex -17.7477 8.45036 6.5
      vertex -17.7059 9.72693 6.5
      vertex -17.5958 8.04672 6.5
    endloop
  endfacet
  facet normal 0 0 -1
    outer loop
      vertex -17.7477 8.45036 6.5
      vertex -17.8039 9.30692 6.5
      vertex -17.7059 9.72693 6.5
    endloop
  endfacet
  facet normal 0 -0 -1
    outer loop
      vertex -17.8039 9.30692 6.5
      vertex -17.7477 8.45036 6.5
      vertex -17.818 8.87587 6.5
    endloop
  endfacet
  facet normal 0.412648 0.910891 -0
    outer loop
      vertex -16.3298 6.93651 -1.90735e-07
      vertex -16.7227 7.1145 6.5
      vertex -16.3298 6.93651 6.5
    endloop
  endfacet
  facet normal 0.412648 0.910891 0
    outer loop
      vertex -16.7227 7.1145 6.5
      vertex -16.3298 6.93651 -1.90735e-07
      vertex -16.7227 7.1145 -1.90735e-07
    endloop
  endfacet
  facet normal 0.227076 0.973877 -0
    outer loop
      vertex -15.9098 6.83858 -1.90735e-07
      vertex -16.3298 6.93651 6.5
      vertex -15.9098 6.83858 6.5
    endloop
  endfacet
  facet normal 0.227076 0.973877 0
    outer loop
      vertex -16.3298 6.93651 6.5
      vertex -15.9098 6.83858 -1.90735e-07
      vertex -16.3298 6.93651 -1.90735e-07
    endloop
  endfacet
  facet normal 0.162782 -0.986662 0
    outer loop
      vertex -16.1921 11.1448 -1.90735e-07
      vertex -15.7666 11.215 6.5
      vertex -16.1921 11.1448 6.5
    endloop
  endfacet
  facet normal 0.162782 -0.986662 0
    outer loop
      vertex -15.7666 11.215 6.5
      vertex -16.1921 11.1448 -1.90735e-07
      vertex -15.7666 11.215 -1.90735e-07
    endloop
  endfacet
  facet normal -0.352206 0.935923 0
    outer loop
      vertex -14.6496 7.04664 -1.90735e-07
      vertex -15.0533 6.89472 6.5
      vertex -14.6496 7.04664 6.5
    endloop
  endfacet
  facet normal -0.352206 0.935923 0
    outer loop
      vertex -15.0533 6.89472 6.5
      vertex -14.6496 7.04664 -1.90735e-07
      vertex -15.0533 6.89472 -1.90735e-07
    endloop
  endfacet
  facet normal 0.683656 -0.729805 0
    outer loop
      vertex -17.2767 10.4703 -1.90735e-07
      vertex -16.962 10.7651 6.5
      vertex -17.2767 10.4703 6.5
    endloop
  endfacet
  facet normal 0.683656 -0.729805 0
    outer loop
      vertex -16.962 10.7651 6.5
      vertex -17.2767 10.4703 -1.90735e-07
      vertex -16.962 10.7651 -1.90735e-07
    endloop
  endfacet
  facet normal -0.528105 0.849179 0
    outer loop
      vertex -14.2834 7.27438 -1.90735e-07
      vertex -14.6496 7.04664 6.5
      vertex -14.2834 7.27438 6.5
    endloop
  endfacet
  facet normal -0.528105 0.849179 0
    outer loop
      vertex -14.6496 7.04664 6.5
      vertex -14.2834 7.27438 -1.90735e-07
      vertex -14.6496 7.04664 -1.90735e-07
    endloop
  endfacet
  facet normal -0.986663 -0.162778 0
    outer loop
      vertex -13.4274 9.16365 -1.90735e-07
      vertex -13.4976 9.58916 6.5
      vertex -13.4976 9.58916 -1.90735e-07
    endloop
  endfacet
  facet normal -0.986663 -0.162778 0
    outer loop
      vertex -13.4976 9.58916 6.5
      vertex -13.4274 9.16365 -1.90735e-07
      vertex -13.4274 9.16365 6.5
    endloop
  endfacet
  facet normal -0.729913 -0.68354 0
    outer loop
      vertex -13.8773 10.359 -1.90735e-07
      vertex -14.1721 10.6738 6.5
      vertex -14.1721 10.6738 -1.90735e-07
    endloop
  endfacet
  facet normal -0.729913 -0.68354 0
    outer loop
      vertex -14.1721 10.6738 6.5
      vertex -13.8773 10.359 -1.90735e-07
      vertex -13.8773 10.359 6.5
    endloop
  endfacet
  facet normal -0.910854 0.412728 0
    outer loop
      vertex -13.7174 7.91976 -1.90735e-07
      vertex -13.5394 8.31259 6.5
      vertex -13.5394 8.31259 -1.90735e-07
    endloop
  endfacet
  facet normal -0.910854 0.412728 0
    outer loop
      vertex -13.5394 8.31259 6.5
      vertex -13.7174 7.91976 -1.90735e-07
      vertex -13.7174 7.91976 6.5
    endloop
  endfacet
  facet normal 0.812808 -0.582532 0
    outer loop
      vertex -17.5279 10.1198 6.5
      vertex -17.2767 10.4703 -1.90735e-07
      vertex -17.2767 10.4703 6.5
    endloop
  endfacet
  facet normal 0.812808 -0.582532 0
    outer loop
      vertex -17.2767 10.4703 -1.90735e-07
      vertex -17.5279 10.1198 6.5
      vertex -17.5279 10.1198 -1.90735e-07
    endloop
  endfacet
  facet normal -0.582422 -0.812887 0
    outer loop
      vertex -14.5227 10.925 -1.90735e-07
      vertex -14.1721 10.6738 6.5
      vertex -14.5227 10.925 6.5
    endloop
  endfacet
  facet normal -0.582422 -0.812887 -0
    outer loop
      vertex -14.1721 10.6738 6.5
      vertex -14.5227 10.925 -1.90735e-07
      vertex -14.1721 10.6738 -1.90735e-07
    endloop
  endfacet
  facet normal -0.995185 0.0980114 0
    outer loop
      vertex 2.15773 -18.4687 -1.90735e-07
      vertex 2.2 -18.0395 6.5
      vertex 2.2 -18.0395 -1.90735e-07
    endloop
  endfacet
  facet normal -0.995185 0.0980114 0
    outer loop
      vertex 2.2 -18.0395 6.5
      vertex 2.15773 -18.4687 -1.90735e-07
      vertex 2.15773 -18.4687 6.5
    endloop
  endfacet
  facet normal 0.773027 0.634373 0
    outer loop
      vertex -1.55563 -19.5952 6.5
      vertex -1.82923 -19.2618 -1.90735e-07
      vertex -1.82923 -19.2618 6.5
    endloop
  endfacet
  facet normal 0.773027 0.634373 0
    outer loop
      vertex -1.82923 -19.2618 -1.90735e-07
      vertex -1.55563 -19.5952 6.5
      vertex -1.55563 -19.5952 -1.90735e-07
    endloop
  endfacet
  facet normal 0.956935 0.290303 0
    outer loop
      vertex -2.03253 -18.8814 6.5
      vertex -2.15773 -18.4687 -1.90735e-07
      vertex -2.15773 -18.4687 6.5
    endloop
  endfacet
  facet normal 0.956935 0.290303 0
    outer loop
      vertex -2.15773 -18.4687 -1.90735e-07
      vertex -2.03253 -18.8814 6.5
      vertex -2.03253 -18.8814 -1.90735e-07
    endloop
  endfacet
  facet normal 0 0 -1
    outer loop
      vertex 2.15773 -18.4687 6.5
      vertex 2.15773 -17.6103 6.5
      vertex 2.2 -18.0395 6.5
    endloop
  endfacet
  facet normal 0 0 -1
    outer loop
      vertex 2.03253 -18.8814 6.5
      vertex 2.15773 -17.6103 6.5
      vertex 2.15773 -18.4687 6.5
    endloop
  endfacet
  facet normal 0 0 -1
    outer loop
      vertex 2.03253 -18.8814 6.5
      vertex 2.03253 -17.1976 6.5
      vertex 2.15773 -17.6103 6.5
    endloop
  endfacet
  facet normal 0 0 -1
    outer loop
      vertex 1.82923 -19.2618 6.5
      vertex 2.03253 -17.1976 6.5
      vertex 2.03253 -18.8814 6.5
    endloop
  endfacet
  facet normal 0 0 -1
    outer loop
      vertex 1.82923 -19.2618 6.5
      vertex 1.82923 -16.8173 6.5
      vertex 2.03253 -17.1976 6.5
    endloop
  endfacet
  facet normal 0 0 -1
    outer loop
      vertex 1.55563 -19.5952 6.5
      vertex 1.82923 -16.8173 6.5
      vertex 1.82923 -19.2618 6.5
    endloop
  endfacet
  facet normal 0 0 -1
    outer loop
      vertex 1.55563 -19.5952 6.5
      vertex 1.55563 -16.4839 6.5
      vertex 1.82923 -16.8173 6.5
    endloop
  endfacet
  facet normal 0 0 -1
    outer loop
      vertex 1.22225 -19.8688 6.5
      vertex 1.55563 -16.4839 6.5
      vertex 1.55563 -19.5952 6.5
    endloop
  endfacet
  facet normal 0 0 -1
    outer loop
      vertex 1.22225 -19.8688 6.5
      vertex 1.22225 -16.2103 6.5
      vertex 1.55563 -16.4839 6.5
    endloop
  endfacet
  facet normal 0 0 -1
    outer loop
      vertex 0.841903 -20.0721 6.5
      vertex 1.22225 -16.2103 6.5
      vertex 1.22225 -19.8688 6.5
    endloop
  endfacet
  facet normal 0 0 -1
    outer loop
      vertex 0.841903 -20.0721 6.5
      vertex 0.841903 -16.007 6.5
      vertex 1.22225 -16.2103 6.5
    endloop
  endfacet
  facet normal 0 0 -1
    outer loop
      vertex 0.429198 -20.1972 6.5
      vertex 0.841903 -16.007 6.5
      vertex 0.841903 -20.0721 6.5
    endloop
  endfacet
  facet normal 0 0 -1
    outer loop
      vertex 0.429198 -20.1972 6.5
      vertex 0.429198 -15.8818 6.5
      vertex 0.841903 -16.007 6.5
    endloop
  endfacet
  facet normal 0 0 -1
    outer loop
      vertex 0 -20.2395 6.5
      vertex 0.429198 -15.8818 6.5
      vertex 0.429198 -20.1972 6.5
    endloop
  endfacet
  facet normal 0 0 -1
    outer loop
      vertex 0 -20.2395 6.5
      vertex 0 -15.8395 6.5
      vertex 0.429198 -15.8818 6.5
    endloop
  endfacet
  facet normal 0 0 -1
    outer loop
      vertex -0.429198 -20.1972 6.5
      vertex 0 -15.8395 6.5
      vertex 0 -20.2395 6.5
    endloop
  endfacet
  facet normal 0 0 -1
    outer loop
      vertex -0.429198 -20.1972 6.5
      vertex -0.429198 -15.8818 6.5
      vertex 0 -15.8395 6.5
    endloop
  endfacet
  facet normal 0 0 -1
    outer loop
      vertex -0.841903 -20.0721 6.5
      vertex -0.429198 -15.8818 6.5
      vertex -0.429198 -20.1972 6.5
    endloop
  endfacet
  facet normal 0 0 -1
    outer loop
      vertex -0.841903 -20.0721 6.5
      vertex -0.841903 -16.007 6.5
      vertex -0.429198 -15.8818 6.5
    endloop
  endfacet
  facet normal 0 0 -1
    outer loop
      vertex -1.22225 -19.8688 6.5
      vertex -0.841903 -16.007 6.5
      vertex -0.841903 -20.0721 6.5
    endloop
  endfacet
  facet normal 0 0 -1
    outer loop
      vertex -1.22225 -19.8688 6.5
      vertex -1.22225 -16.2103 6.5
      vertex -0.841903 -16.007 6.5
    endloop
  endfacet
  facet normal 0 0 -1
    outer loop
      vertex -1.55563 -19.5952 6.5
      vertex -1.22225 -16.2103 6.5
      vertex -1.22225 -19.8688 6.5
    endloop
  endfacet
  facet normal 0 0 -1
    outer loop
      vertex -1.55563 -19.5952 6.5
      vertex -1.55563 -16.4839 6.5
      vertex -1.22225 -16.2103 6.5
    endloop
  endfacet
  facet normal 0 0 -1
    outer loop
      vertex -1.82923 -19.2618 6.5
      vertex -1.55563 -16.4839 6.5
      vertex -1.55563 -19.5952 6.5
    endloop
  endfacet
  facet normal 0 0 -1
    outer loop
      vertex -1.82923 -19.2618 6.5
      vertex -1.82923 -16.8173 6.5
      vertex -1.55563 -16.4839 6.5
    endloop
  endfacet
  facet normal 0 0 -1
    outer loop
      vertex -2.03253 -18.8814 6.5
      vertex -1.82923 -16.8173 6.5
      vertex -1.82923 -19.2618 6.5
    endloop
  endfacet
  facet normal 0 0 -1
    outer loop
      vertex -2.03253 -18.8814 6.5
      vertex -2.03253 -17.1976 6.5
      vertex -1.82923 -16.8173 6.5
    endloop
  endfacet
  facet normal 0 0 -1
    outer loop
      vertex -2.15773 -18.4687 6.5
      vertex -2.03253 -17.1976 6.5
      vertex -2.03253 -18.8814 6.5
    endloop
  endfacet
  facet normal 0 0 -1
    outer loop
      vertex -2.15773 -18.4687 6.5
      vertex -2.15773 -17.6103 6.5
      vertex -2.03253 -17.1976 6.5
    endloop
  endfacet
  facet normal 0 -0 -1
    outer loop
      vertex -2.15773 -17.6103 6.5
      vertex -2.15773 -18.4687 6.5
      vertex -2.2 -18.0395 6.5
    endloop
  endfacet
  facet normal 0.995185 0.0980114 0
    outer loop
      vertex -2.15773 -18.4687 6.5
      vertex -2.2 -18.0395 -1.90735e-07
      vertex -2.2 -18.0395 6.5
    endloop
  endfacet
  facet normal 0.995185 0.0980114 0
    outer loop
      vertex -2.2 -18.0395 -1.90735e-07
      vertex -2.15773 -18.4687 6.5
      vertex -2.15773 -18.4687 -1.90735e-07
    endloop
  endfacet
  facet normal 0.881897 -0.471443 0
    outer loop
      vertex -2.03253 -17.1976 6.5
      vertex -1.82923 -16.8173 -1.90735e-07
      vertex -1.82923 -16.8173 6.5
    endloop
  endfacet
  facet normal 0.881897 -0.471443 0
    outer loop
      vertex -1.82923 -16.8173 -1.90735e-07
      vertex -2.03253 -17.1976 6.5
      vertex -2.03253 -17.1976 -1.90735e-07
    endloop
  endfacet
  facet normal -0.0980807 0.995178 0
    outer loop
      vertex 0.429198 -20.1972 -1.90735e-07
      vertex 0 -20.2395 6.5
      vertex 0.429198 -20.1972 6.5
    endloop
  endfacet
  facet normal -0.0980807 0.995178 0
    outer loop
      vertex 0 -20.2395 6.5
      vertex 0.429198 -20.1972 -1.90735e-07
      vertex 0 -20.2395 -1.90735e-07
    endloop
  endfacet
  facet normal -0.0980807 -0.995178 0
    outer loop
      vertex 0 -15.8395 -1.90735e-07
      vertex 0.429198 -15.8818 6.5
      vertex 0 -15.8395 6.5
    endloop
  endfacet
  facet normal -0.0980807 -0.995178 -0
    outer loop
      vertex 0.429198 -15.8818 6.5
      vertex 0 -15.8395 -1.90735e-07
      vertex 0.429198 -15.8818 -1.90735e-07
    endloop
  endfacet
  facet normal 0.773027 -0.634373 0
    outer loop
      vertex -1.82923 -16.8173 6.5
      vertex -1.55563 -16.4839 -1.90735e-07
      vertex -1.55563 -16.4839 6.5
    endloop
  endfacet
  facet normal 0.773027 -0.634373 0
    outer loop
      vertex -1.55563 -16.4839 -1.90735e-07
      vertex -1.82923 -16.8173 6.5
      vertex -1.82923 -16.8173 -1.90735e-07
    endloop
  endfacet
  facet normal -0.956935 0.290303 0
    outer loop
      vertex 2.03253 -18.8814 -1.90735e-07
      vertex 2.15773 -18.4687 6.5
      vertex 2.15773 -18.4687 -1.90735e-07
    endloop
  endfacet
  facet normal -0.956935 0.290303 0
    outer loop
      vertex 2.15773 -18.4687 6.5
      vertex 2.03253 -18.8814 -1.90735e-07
      vertex 2.03253 -18.8814 6.5
    endloop
  endfacet
  facet normal -0.773027 -0.634373 0
    outer loop
      vertex 1.82923 -16.8173 -1.90735e-07
      vertex 1.55563 -16.4839 6.5
      vertex 1.55563 -16.4839 -1.90735e-07
    endloop
  endfacet
  facet normal -0.773027 -0.634373 0
    outer loop
      vertex 1.55563 -16.4839 6.5
      vertex 1.82923 -16.8173 -1.90735e-07
      vertex 1.82923 -16.8173 6.5
    endloop
  endfacet
  facet normal -0.881948 0.471346 0
    outer loop
      vertex 1.82923 -19.2618 -1.90735e-07
      vertex 2.03253 -18.8814 6.5
      vertex 2.03253 -18.8814 -1.90735e-07
    endloop
  endfacet
  facet normal -0.881948 0.471346 0
    outer loop
      vertex 2.03253 -18.8814 6.5
      vertex 1.82923 -19.2618 -1.90735e-07
      vertex 1.82923 -19.2618 6.5
    endloop
  endfacet
  facet normal -0.290088 0.957 0
    outer loop
      vertex 0.841903 -20.0721 -1.90735e-07
      vertex 0.429198 -20.1972 6.5
      vertex 0.841903 -20.0721 6.5
    endloop
  endfacet
  facet normal -0.290088 0.957 0
    outer loop
      vertex 0.429198 -20.1972 6.5
      vertex 0.841903 -20.0721 -1.90735e-07
      vertex 0.429198 -20.1972 -1.90735e-07
    endloop
  endfacet
  facet normal 0.2903 -0.956936 0
    outer loop
      vertex -0.841903 -16.007 -1.90735e-07
      vertex -0.429198 -15.8818 6.5
      vertex -0.841903 -16.007 6.5
    endloop
  endfacet
  facet normal 0.2903 -0.956936 0
    outer loop
      vertex -0.429198 -15.8818 6.5
      vertex -0.841903 -16.007 -1.90735e-07
      vertex -0.429198 -15.8818 -1.90735e-07
    endloop
  endfacet
  facet normal 0.290088 0.957 -0
    outer loop
      vertex -0.429198 -20.1972 -1.90735e-07
      vertex -0.841903 -20.0721 6.5
      vertex -0.429198 -20.1972 6.5
    endloop
  endfacet
  facet normal 0.290088 0.957 0
    outer loop
      vertex -0.841903 -20.0721 6.5
      vertex -0.429198 -20.1972 -1.90735e-07
      vertex -0.841903 -20.0721 -1.90735e-07
    endloop
  endfacet
  facet normal -0.634396 -0.773008 0
    outer loop
      vertex 1.22225 -16.2103 -1.90735e-07
      vertex 1.55563 -16.4839 6.5
      vertex 1.22225 -16.2103 6.5
    endloop
  endfacet
  facet normal -0.634396 -0.773008 -0
    outer loop
      vertex 1.55563 -16.4839 6.5
      vertex 1.22225 -16.2103 -1.90735e-07
      vertex 1.55563 -16.4839 -1.90735e-07
    endloop
  endfacet
  facet normal 0.471397 -0.881921 0
    outer loop
      vertex -1.22225 -16.2103 -1.90735e-07
      vertex -0.841903 -16.007 6.5
      vertex -1.22225 -16.2103 6.5
    endloop
  endfacet
  facet normal 0.471397 -0.881921 0
    outer loop
      vertex -0.841903 -16.007 6.5
      vertex -1.22225 -16.2103 -1.90735e-07
      vertex -0.841903 -16.007 -1.90735e-07
    endloop
  endfacet
  facet normal 0.0980807 -0.995178 0
    outer loop
      vertex -0.429198 -15.8818 -1.90735e-07
      vertex 0 -15.8395 6.5
      vertex -0.429198 -15.8818 6.5
    endloop
  endfacet
  facet normal 0.0980807 -0.995178 0
    outer loop
      vertex 0 -15.8395 6.5
      vertex -0.429198 -15.8818 -1.90735e-07
      vertex 0 -15.8395 -1.90735e-07
    endloop
  endfacet
  facet normal 0.634396 -0.773008 0
    outer loop
      vertex -1.55563 -16.4839 -1.90735e-07
      vertex -1.22225 -16.2103 6.5
      vertex -1.55563 -16.4839 6.5
    endloop
  endfacet
  facet normal 0.634396 -0.773008 0
    outer loop
      vertex -1.22225 -16.2103 6.5
      vertex -1.55563 -16.4839 -1.90735e-07
      vertex -1.22225 -16.2103 -1.90735e-07
    endloop
  endfacet
  facet normal -0.881897 -0.471443 0
    outer loop
      vertex 2.03253 -17.1976 -1.90735e-07
      vertex 1.82923 -16.8173 6.5
      vertex 1.82923 -16.8173 -1.90735e-07
    endloop
  endfacet
  facet normal -0.881897 -0.471443 0
    outer loop
      vertex 1.82923 -16.8173 6.5
      vertex 2.03253 -17.1976 -1.90735e-07
      vertex 2.03253 -17.1976 6.5
    endloop
  endfacet
  facet normal -0.773027 0.634373 0
    outer loop
      vertex 1.55563 -19.5952 -1.90735e-07
      vertex 1.82923 -19.2618 6.5
      vertex 1.82923 -19.2618 -1.90735e-07
    endloop
  endfacet
  facet normal -0.773027 0.634373 0
    outer loop
      vertex 1.82923 -19.2618 6.5
      vertex 1.55563 -19.5952 -1.90735e-07
      vertex 1.55563 -19.5952 6.5
    endloop
  endfacet
  facet normal -0.634396 0.773008 0
    outer loop
      vertex 1.55563 -19.5952 -1.90735e-07
      vertex 1.22225 -19.8688 6.5
      vertex 1.55563 -19.5952 6.5
    endloop
  endfacet
  facet normal -0.634396 0.773008 0
    outer loop
      vertex 1.22225 -19.8688 6.5
      vertex 1.55563 -19.5952 -1.90735e-07
      vertex 1.22225 -19.8688 -1.90735e-07
    endloop
  endfacet
  facet normal 0.471397 0.881921 -0
    outer loop
      vertex -0.841903 -20.0721 -1.90735e-07
      vertex -1.22225 -19.8688 6.5
      vertex -0.841903 -20.0721 6.5
    endloop
  endfacet
  facet normal 0.471397 0.881921 0
    outer loop
      vertex -1.22225 -19.8688 6.5
      vertex -0.841903 -20.0721 -1.90735e-07
      vertex -1.22225 -19.8688 -1.90735e-07
    endloop
  endfacet
  facet normal 0.634396 0.773008 -0
    outer loop
      vertex -1.22225 -19.8688 -1.90735e-07
      vertex -1.55563 -19.5952 6.5
      vertex -1.22225 -19.8688 6.5
    endloop
  endfacet
  facet normal 0.634396 0.773008 0
    outer loop
      vertex -1.55563 -19.5952 6.5
      vertex -1.22225 -19.8688 -1.90735e-07
      vertex -1.55563 -19.5952 -1.90735e-07
    endloop
  endfacet
  facet normal 0.881948 0.471346 0
    outer loop
      vertex -1.82923 -19.2618 6.5
      vertex -2.03253 -18.8814 -1.90735e-07
      vertex -2.03253 -18.8814 6.5
    endloop
  endfacet
  facet normal 0.881948 0.471346 0
    outer loop
      vertex -2.03253 -18.8814 -1.90735e-07
      vertex -1.82923 -19.2618 6.5
      vertex -1.82923 -19.2618 -1.90735e-07
    endloop
  endfacet
  facet normal -0.2903 -0.956936 0
    outer loop
      vertex 0.429198 -15.8818 -1.90735e-07
      vertex 0.841903 -16.007 6.5
      vertex 0.429198 -15.8818 6.5
    endloop
  endfacet
  facet normal -0.2903 -0.956936 -0
    outer loop
      vertex 0.841903 -16.007 6.5
      vertex 0.429198 -15.8818 -1.90735e-07
      vertex 0.841903 -16.007 -1.90735e-07
    endloop
  endfacet
  facet normal 0.0980807 0.995178 -0
    outer loop
      vertex 0 -20.2395 -1.90735e-07
      vertex -0.429198 -20.1972 6.5
      vertex 0 -20.2395 6.5
    endloop
  endfacet
  facet normal 0.0980807 0.995178 0
    outer loop
      vertex -0.429198 -20.1972 6.5
      vertex 0 -20.2395 -1.90735e-07
      vertex -0.429198 -20.1972 -1.90735e-07
    endloop
  endfacet
  facet normal -0.471397 0.881921 0
    outer loop
      vertex 1.22225 -19.8688 -1.90735e-07
      vertex 0.841903 -20.0721 6.5
      vertex 1.22225 -19.8688 6.5
    endloop
  endfacet
  facet normal -0.471397 0.881921 0
    outer loop
      vertex 0.841903 -20.0721 6.5
      vertex 1.22225 -19.8688 -1.90735e-07
      vertex 0.841903 -20.0721 -1.90735e-07
    endloop
  endfacet
  facet normal -0.956935 -0.290303 0
    outer loop
      vertex 2.15773 -17.6103 -1.90735e-07
      vertex 2.03253 -17.1976 6.5
      vertex 2.03253 -17.1976 -1.90735e-07
    endloop
  endfacet
  facet normal -0.956935 -0.290303 0
    outer loop
      vertex 2.03253 -17.1976 6.5
      vertex 2.15773 -17.6103 -1.90735e-07
      vertex 2.15773 -17.6103 6.5
    endloop
  endfacet
  facet normal -0.995185 -0.0980114 0
    outer loop
      vertex 2.2 -18.0395 -1.90735e-07
      vertex 2.15773 -17.6103 6.5
      vertex 2.15773 -17.6103 -1.90735e-07
    endloop
  endfacet
  facet normal -0.995185 -0.0980114 0
    outer loop
      vertex 2.15773 -17.6103 6.5
      vertex 2.2 -18.0395 -1.90735e-07
      vertex 2.2 -18.0395 6.5
    endloop
  endfacet
  facet normal -0.471397 -0.881921 0
    outer loop
      vertex 0.841903 -16.007 -1.90735e-07
      vertex 1.22225 -16.2103 6.5
      vertex 0.841903 -16.007 6.5
    endloop
  endfacet
  facet normal -0.471397 -0.881921 -0
    outer loop
      vertex 1.22225 -16.2103 6.5
      vertex 0.841903 -16.007 -1.90735e-07
      vertex 1.22225 -16.2103 -1.90735e-07
    endloop
  endfacet
  facet normal 0.956935 -0.290303 0
    outer loop
      vertex -2.15773 -17.6103 6.5
      vertex -2.03253 -17.1976 -1.90735e-07
      vertex -2.03253 -17.1976 6.5
    endloop
  endfacet
  facet normal 0.956935 -0.290303 0
    outer loop
      vertex -2.03253 -17.1976 -1.90735e-07
      vertex -2.15773 -17.6103 6.5
      vertex -2.15773 -17.6103 -1.90735e-07
    endloop
  endfacet
  facet normal 0.995185 -0.0980114 0
    outer loop
      vertex -2.2 -18.0395 6.5
      vertex -2.15773 -17.6103 -1.90735e-07
      vertex -2.15773 -17.6103 6.5
    endloop
  endfacet
  facet normal 0.995185 -0.0980114 0
    outer loop
      vertex -2.15773 -17.6103 -1.90735e-07
      vertex -2.2 -18.0395 6.5
      vertex -2.2 -18.0395 -1.90735e-07
    endloop
  endfacet
endsolid OpenSCAD_Model
