solid OpenSCAD_Model
  facet normal 0 -1 0
    outer loop
      vertex 21.0391 5.15 208.02
      vertex 21.8151 5.15 203.499
      vertex 21.1288 5.15 208.174
    endloop
  endfacet
  facet normal 0 -1 0
    outer loop
      vertex 18.5 5.15 205
      vertex 21.8151 5.15 203.499
      vertex 21.0391 5.15 208.02
    endloop
  endfacet
  facet normal 0 -1 0
    outer loop
      vertex 18.5 5.15 171
      vertex 21.8151 5.15 203.499
      vertex 18.5 5.15 205
    endloop
  endfacet
  facet normal 0 -1 0
    outer loop
      vertex 22.6411 5.15 170.455
      vertex 21.8151 5.15 203.499
      vertex 18.5 5.15 171
    endloop
  endfacet
  facet normal 0 -1 0
    outer loop
      vertex 26.5 5.15 168.856
      vertex 21.8151 5.15 203.499
      vertex 22.6411 5.15 170.455
    endloop
  endfacet
  facet normal 0 -1 0
    outer loop
      vertex 21.8151 5.15 203.499
      vertex 26.5 5.15 168.856
      vertex 26.9518 5.15 168.51
    endloop
  endfacet
  facet normal 0 -1 0
    outer loop
      vertex 22.6411 5.15 139.545
      vertex 23.8246 5.15 132.32
      vertex 24.5437 5.15 140.333
    endloop
  endfacet
  facet normal 0 -1 0
    outer loop
      vertex 18.5 5.15 139
      vertex 23.8246 5.15 132.32
      vertex 22.6411 5.15 139.545
    endloop
  endfacet
  facet normal 0 -1 0
    outer loop
      vertex 18.5 5.15 81
      vertex 23.8246 5.15 132.32
      vertex 18.5 5.15 139
    endloop
  endfacet
  facet normal 0 -1 0
    outer loop
      vertex 23.8246 5.15 132.32
      vertex 18.5 5.15 81
      vertex 19.2024 5.15 80.8159
    endloop
  endfacet
  facet normal 0 -1 0
    outer loop
      vertex 18.5 5.15 25
      vertex 24.0266 5.15 16
      vertex 21.4575 5.15 27.9894
    endloop
  endfacet
  facet normal 0 -1 0
    outer loop
      vertex 18.5 5.15 0
      vertex 24.0266 5.15 16
      vertex 18.5 5.15 25
    endloop
  endfacet
  facet normal 0 -1 -0
    outer loop
      vertex 24.0266 5.15 16
      vertex 23.2833 5.15 6.01776
      vertex 24.0266 5.15 8
    endloop
  endfacet
  facet normal 0 -1 0
    outer loop
      vertex 24.0266 5.15 16
      vertex 18.5 5.15 0
      vertex 23.2833 5.15 6.01776
    endloop
  endfacet
  facet normal 0 -1 0
    outer loop
      vertex 23.2833 5.15 6.01776
      vertex 18.5 5.15 0
      vertex 21.0266 5.15 0
    endloop
  endfacet
  facet normal 0 1 0
    outer loop
      vertex 25.3818 -5.15 179.204
      vertex 21.0391 -5.15 208.02
      vertex 21.1288 -5.15 208.174
    endloop
  endfacet
  facet normal 0 1 0
    outer loop
      vertex 25.3818 -5.15 179.204
      vertex 18.5 -5.15 205
      vertex 21.0391 -5.15 208.02
    endloop
  endfacet
  facet normal 0 1 0
    outer loop
      vertex 25.3818 -5.15 179.204
      vertex 18.5 -5.15 171
      vertex 18.5 -5.15 205
    endloop
  endfacet
  facet normal 0 1 0
    outer loop
      vertex 25.3818 -5.15 179.204
      vertex 22.6411 -5.15 170.455
      vertex 18.5 -5.15 171
    endloop
  endfacet
  facet normal 0 1 0
    outer loop
      vertex 25.3818 -5.15 179.204
      vertex 26.5 -5.15 168.856
      vertex 22.6411 -5.15 170.455
    endloop
  endfacet
  facet normal -0 1 -0
    outer loop
      vertex 26.5 -5.15 168.856
      vertex 25.3818 -5.15 179.204
      vertex 26.9518 -5.15 168.51
    endloop
  endfacet
  facet normal 0 1 0
    outer loop
      vertex 22.6411 -5.15 139.545
      vertex 18.5 -5.15 81
      vertex 18.5 -5.15 139
    endloop
  endfacet
  facet normal 0 1 0
    outer loop
      vertex 19.2024 -5.15 80.8159
      vertex 22.6411 -5.15 139.545
      vertex 24.5437 -5.15 140.333
    endloop
  endfacet
  facet normal 0 1 0
    outer loop
      vertex 22.6411 -5.15 139.545
      vertex 19.2024 -5.15 80.8159
      vertex 18.5 -5.15 81
    endloop
  endfacet
  facet normal 0 1 0
    outer loop
      vertex 21.7395 -5.15 26.6736
      vertex 18.5 -5.15 25
      vertex 21.4575 -5.15 27.9894
    endloop
  endfacet
  facet normal 0 1 0
    outer loop
      vertex 24.0266 -5.15 16
      vertex 18.5 -5.15 25
      vertex 21.7395 -5.15 26.6736
    endloop
  endfacet
  facet normal 0 1 0
    outer loop
      vertex 18.5 -5.15 0
      vertex 24.0266 -5.15 16
      vertex 24.0266 -5.15 8
    endloop
  endfacet
  facet normal 0 1 0
    outer loop
      vertex 18.5 -5.15 0
      vertex 24.0266 -5.15 8
      vertex 21.6874 -5.15 1.76199
    endloop
  endfacet
  facet normal 0 1 0
    outer loop
      vertex 18.5 -5.15 0
      vertex 21.6874 -5.15 1.76199
      vertex 21.0266 -5.15 0
    endloop
  endfacet
  facet normal 0 1 0
    outer loop
      vertex 24.0266 -5.15 16
      vertex 18.5 -5.15 0
      vertex 18.5 -5.15 25
    endloop
  endfacet
  facet normal 0.90982 -0.00700363 -0.414944
    outer loop
      vertex 23.4933 -0.00825778 212.282
      vertex 23.4903 0.01675 212.275
      vertex 23.4961 0 212.288
    endloop
  endfacet
  facet normal 0.919145 0 -0.393919
    outer loop
      vertex 23.4903 -0.01675 212.275
      vertex 23.4903 0.01675 212.275
      vertex 23.4933 -0.00825778 212.282
    endloop
  endfacet
  facet normal 0.918241 0 -0.396021
    outer loop
      vertex 23.4903 0.01675 212.275
      vertex 23.4903 -0.01675 212.275
      vertex 23.4062 0.212044 212.08
    endloop
  endfacet
  facet normal 0.918241 0 -0.396021
    outer loop
      vertex 23.4062 0.212044 212.08
      vertex 23.4903 -0.01675 212.275
      vertex 23.4062 -0.212044 212.08
    endloop
  endfacet
  facet normal 0.864104 0.000399301 -0.503313
    outer loop
      vertex 23.4062 0.212044 212.08
      vertex 21.0391 5.15 208.02
      vertex 21.1288 5.15 208.174
    endloop
  endfacet
  facet normal 0.863893 0 -0.503675
    outer loop
      vertex 23.4062 -0.212044 212.08
      vertex 21.0391 5.15 208.02
      vertex 23.4062 0.212044 212.08
    endloop
  endfacet
  facet normal 0.864104 -0.000399301 -0.503313
    outer loop
      vertex 21.0391 -5.15 208.02
      vertex 23.4062 -0.212044 212.08
      vertex 21.1288 -5.15 208.174
    endloop
  endfacet
  facet normal 0.863893 0 -0.503675
    outer loop
      vertex 23.4062 -0.212044 212.08
      vertex 21.0391 -5.15 208.02
      vertex 21.0391 5.15 208.02
    endloop
  endfacet
  facet normal 0.765418 0 -0.643534
    outer loop
      vertex 21.0391 -5.15 208.02
      vertex 18.5 5.15 205
      vertex 21.0391 5.15 208.02
    endloop
  endfacet
  facet normal 0.765418 0 -0.643534
    outer loop
      vertex 18.5 5.15 205
      vertex 21.0391 -5.15 208.02
      vertex 18.5 -5.15 205
    endloop
  endfacet
  facet normal 1 -0 0
    outer loop
      vertex 18.5 -5.15 205
      vertex 18.5 5.15 171
      vertex 18.5 5.15 205
    endloop
  endfacet
  facet normal 1 0 0
    outer loop
      vertex 18.5 5.15 171
      vertex 18.5 -5.15 205
      vertex 18.5 -5.15 171
    endloop
  endfacet
  facet normal 0.130482 0 0.991451
    outer loop
      vertex 18.5 5.15 171
      vertex 22.6411 -5.15 170.455
      vertex 22.6411 5.15 170.455
    endloop
  endfacet
  facet normal 0.130482 0 0.991451
    outer loop
      vertex 22.6411 -5.15 170.455
      vertex 18.5 5.15 171
      vertex 18.5 -5.15 171
    endloop
  endfacet
  facet normal 0.382804 0 0.923829
    outer loop
      vertex 22.6411 5.15 170.455
      vertex 26.5 -5.15 168.856
      vertex 26.5 5.15 168.856
    endloop
  endfacet
  facet normal 0.382804 0 0.923829
    outer loop
      vertex 26.5 -5.15 168.856
      vertex 22.6411 5.15 170.455
      vertex 22.6411 -5.15 170.455
    endloop
  endfacet
  facet normal 0.605992 0 0.795471
    outer loop
      vertex 29.7205 0.233075 166.385
      vertex 29.8137 -0.0605532 166.314
      vertex 29.8137 0.0605532 166.314
    endloop
  endfacet
  facet normal 0.608818 -0 0.79331
    outer loop
      vertex 27.6161 -4.12907 168
      vertex 29.7205 0.233075 166.385
      vertex 27.6161 4.12907 168
    endloop
  endfacet
  facet normal 0.607699 0.000857065 0.794167
    outer loop
      vertex 29.7205 0.233075 166.385
      vertex 27.6161 -4.12907 168
      vertex 29.8137 -0.0605532 166.314
    endloop
  endfacet
  facet normal 0.608011 -0.000981446 0.793928
    outer loop
      vertex 26.5 5.15 168.856
      vertex 27.6161 4.12907 168
      vertex 26.9518 5.15 168.51
    endloop
  endfacet
  facet normal 0.608576 0 0.793495
    outer loop
      vertex 27.6161 4.12907 168
      vertex 26.5 5.15 168.856
      vertex 27.6161 -4.12907 168
    endloop
  endfacet
  facet normal 0.608576 -0 0.793495
    outer loop
      vertex 26.5 -5.15 168.856
      vertex 27.6161 -4.12907 168
      vertex 26.5 5.15 168.856
    endloop
  endfacet
  facet normal 0.608011 0.000981446 0.793928
    outer loop
      vertex 27.6161 -4.12907 168
      vertex 26.5 -5.15 168.856
      vertex 26.9518 -5.15 168.51
    endloop
  endfacet
  facet normal 0.794853 0 0.606802
    outer loop
      vertex 29.8137 0.0605532 166.314
      vertex 29.8137 -0.0605532 166.314
      vertex 29.845 0 166.273
    endloop
  endfacet
  facet normal 0.608728 0 -0.793379
    outer loop
      vertex 27.6704 0 142.042
      vertex 26.5 -1.8876 141.144
      vertex 26.5 1.8876 141.144
    endloop
  endfacet
  facet normal 0.382804 0 -0.923829
    outer loop
      vertex 22.6411 5.15 139.545
      vertex 26.5 1.8876 141.144
      vertex 26.5 -1.8876 141.144
    endloop
  endfacet
  facet normal 0.382649 0.000214963 -0.923894
    outer loop
      vertex 22.6411 -5.15 139.545
      vertex 26.5 -1.8876 141.144
      vertex 24.5437 -5.15 140.333
    endloop
  endfacet
  facet normal 0.382804 0 -0.923829
    outer loop
      vertex 22.6411 5.15 139.545
      vertex 26.5 -1.8876 141.144
      vertex 22.6411 -5.15 139.545
    endloop
  endfacet
  facet normal 0.382496 -0.00042673 -0.923957
    outer loop
      vertex 26.5 1.8876 141.144
      vertex 22.6411 5.15 139.545
      vertex 25.2631 3.95034 140.631
    endloop
  endfacet
  facet normal 0.382649 -3.54585e-05 -0.923894
    outer loop
      vertex 25.2631 3.95034 140.631
      vertex 22.6411 5.15 139.545
      vertex 24.5437 5.15 140.333
    endloop
  endfacet
  facet normal 0.130482 0 -0.991451
    outer loop
      vertex 18.5 -5.15 139
      vertex 22.6411 5.15 139.545
      vertex 22.6411 -5.15 139.545
    endloop
  endfacet
  facet normal 0.130482 0 -0.991451
    outer loop
      vertex 22.6411 5.15 139.545
      vertex 18.5 -5.15 139
      vertex 18.5 5.15 139
    endloop
  endfacet
  facet normal 1 -0 0
    outer loop
      vertex 18.5 -5.15 139
      vertex 18.5 5.15 81
      vertex 18.5 5.15 139
    endloop
  endfacet
  facet normal 1 0 0
    outer loop
      vertex 18.5 5.15 81
      vertex 18.5 -5.15 139
      vertex 18.5 -5.15 81
    endloop
  endfacet
  facet normal 0.253537 -1.75571e-05 0.967326
    outer loop
      vertex 18.5 5.15 81
      vertex 21.2422 1.53393 80.2812
      vertex 19.2024 5.15 80.8159
    endloop
  endfacet
  facet normal 0.253559 0 0.96732
    outer loop
      vertex 21.2422 1.53393 80.2812
      vertex 18.5 5.15 81
      vertex 21.2422 -1.53393 80.2812
    endloop
  endfacet
  facet normal 0.253559 -0 0.96732
    outer loop
      vertex 18.5 -5.15 81
      vertex 21.2422 -1.53393 80.2812
      vertex 18.5 5.15 81
    endloop
  endfacet
  facet normal 0.253537 1.75571e-05 0.967326
    outer loop
      vertex 21.2422 -1.53393 80.2812
      vertex 18.5 -5.15 81
      vertex 19.2024 -5.15 80.8159
    endloop
  endfacet
  facet normal 0.423002 0 0.906129
    outer loop
      vertex 21.2422 1.53393 80.2812
      vertex 21.2422 -1.53393 80.2812
      vertex 22.0922 0 79.8844
    endloop
  endfacet
  facet normal 0.787941 0 -0.615751
    outer loop
      vertex 23.8208 0 30.8362
      vertex 22.1172 -3.75986 28.6562
      vertex 22.1172 3.75986 28.6562
    endloop
  endfacet
  facet normal 0.71089 7.89975e-06 -0.703304
    outer loop
      vertex 22.1172 3.75986 28.6562
      vertex 18.5 5.15 25
      vertex 21.4575 5.15 27.9894
    endloop
  endfacet
  facet normal 0.710888 0 -0.703305
    outer loop
      vertex 22.1172 -3.75986 28.6562
      vertex 18.5 5.15 25
      vertex 22.1172 3.75986 28.6562
    endloop
  endfacet
  facet normal 0.71089 -7.89975e-06 -0.703304
    outer loop
      vertex 18.5 -5.15 25
      vertex 22.1172 -3.75986 28.6562
      vertex 21.4575 -5.15 27.9894
    endloop
  endfacet
  facet normal 0.710888 0 -0.703305
    outer loop
      vertex 22.1172 -3.75986 28.6562
      vertex 18.5 -5.15 25
      vertex 18.5 5.15 25
    endloop
  endfacet
  facet normal 1 -0 0
    outer loop
      vertex 18.5 -5.15 25
      vertex 18.5 5.15 0
      vertex 18.5 5.15 25
    endloop
  endfacet
  facet normal 1 0 0
    outer loop
      vertex 18.5 5.15 0
      vertex 18.5 -5.15 25
      vertex 18.5 -5.15 0
    endloop
  endfacet
  facet normal 0.866026 -0.499999 3.64472e-07
    outer loop
      vertex 6.0595 20.7954 208.02
      vertex 4.78997 18.5965 205
      vertex 8.78997 25.5247 168.856
    endloop
  endfacet
  facet normal 0.866025 -0.500001 -1.22273e-07
    outer loop
      vertex 8.78997 25.5247 168.856
      vertex 4.78997 18.5965 205
      vertex 6.86052 22.1828 170.455
    endloop
  endfacet
  facet normal 0.866033 -0.499987 1.85114e-06
    outer loop
      vertex 6.24525 21.1171 206.254
      vertex 8.78997 25.5247 168.856
      vertex 9.01588 25.916 168.51
    endloop
  endfacet
  facet normal 0.86597 -0.500096 -1.53485e-05
    outer loop
      vertex 8.78997 25.5247 168.856
      vertex 6.24525 21.1171 206.254
      vertex 6.0595 20.7954 208.02
    endloop
  endfacet
  facet normal 0.866026 -0.5 0
    outer loop
      vertex 4.78997 18.5965 205
      vertex 4.78997 18.5965 171
      vertex 6.86052 22.1828 170.455
    endloop
  endfacet
  facet normal 0.866027 -0.499997 -2.10144e-07
    outer loop
      vertex 4.78997 18.5965 81
      vertex 6.53362 21.6166 111.847
      vertex 6.86052 22.1828 139.545
    endloop
  endfacet
  facet normal 0.866021 -0.500008 1.21143e-06
    outer loop
      vertex 6.53362 21.6166 111.847
      vertex 4.78997 18.5965 81
      vertex 5.14118 19.2048 80.8159
    endloop
  endfacet
  facet normal 0.865887 -0.50024 -5.025e-05
    outer loop
      vertex 6.10434 20.873 208.174
      vertex 6.0595 20.7954 208.02
      vertex 6.24525 21.1171 206.254
    endloop
  endfacet
  facet normal 0.866021 -0.500008 6.91302e-07
    outer loop
      vertex 7.81184 23.8305 140.333
      vertex 6.86052 22.1828 139.545
      vertex 7.01238 22.4458 122.517
    endloop
  endfacet
  facet normal 0.866013 -0.500021 4.31425e-07
    outer loop
      vertex 6.86052 22.1828 139.545
      vertex 6.53362 21.6166 111.847
      vertex 7.01238 22.4458 122.517
    endloop
  endfacet
  facet normal 0.866026 -0.5 0
    outer loop
      vertex 4.78997 18.5965 139
      vertex 4.78997 18.5965 81
      vertex 6.86052 22.1828 139.545
    endloop
  endfacet
  facet normal 0.866021 -0.500007 -9.59477e-07
    outer loop
      vertex 6.26871 21.1577 27.9894
      vertex 4.78997 18.5965 25
      vertex 7.30333 22.9497 18.333
    endloop
  endfacet
  facet normal 0.866009 -0.500028 -1.89433e-05
    outer loop
      vertex 4.78997 18.5965 25
      vertex 7.55329 23.3827 16
      vertex 7.30333 22.9497 18.333
    endloop
  endfacet
  facet normal 0.866025 -0.500001 0
    outer loop
      vertex 7.55329 23.3827 16
      vertex 4.78997 18.5965 0
      vertex 7.55329 23.3827 8
    endloop
  endfacet
  facet normal 0.866025 -0.500001 0
    outer loop
      vertex 7.55329 23.3827 16
      vertex 4.78997 18.5965 25
      vertex 4.78997 18.5965 0
    endloop
  endfacet
  facet normal 0.866022 -0.500006 4.04158e-06
    outer loop
      vertex 7.55329 23.3827 8
      vertex 4.78997 18.5965 0
      vertex 6.05329 20.7846 0
    endloop
  endfacet
  facet normal -0.866017 0.500015 3.81875e-06
    outer loop
      vertex 17.71 20.3747 168.856
      vertex 13.71 13.4465 205
      vertex 14.9796 15.6454 208.02
    endloop
  endfacet
  facet normal -0.866031 0.49999 -2.61219e-06
    outer loop
      vertex 15.7806 17.0328 170.455
      vertex 13.71 13.4465 205
      vertex 17.71 20.3747 168.856
    endloop
  endfacet
  facet normal -0.866043 0.499969 -3.32743e-06
    outer loop
      vertex 17.71 20.3747 168.856
      vertex 17.1509 19.4063 179.204
      vertex 17.9359 20.766 168.51
    endloop
  endfacet
  facet normal -0.866039 0.499976 -2.53779e-06
    outer loop
      vertex 14.9796 15.6454 208.02
      vertex 17.1509 19.4063 179.204
      vertex 17.71 20.3747 168.856
    endloop
  endfacet
  facet normal -0.866149 0.499786 -3.56167e-05
    outer loop
      vertex 17.1509 19.4063 179.204
      vertex 14.9796 15.6454 208.02
      vertex 15.1653 15.9671 206.254
    endloop
  endfacet
  facet normal -0.86602 0.500009 0
    outer loop
      vertex 15.7806 17.0328 170.455
      vertex 13.71 13.4465 171
      vertex 13.71 13.4465 205
    endloop
  endfacet
  facet normal -0.866027 0.499998 1.50567e-06
    outer loop
      vertex 13.71 13.4465 81
      vertex 15.4537 16.4666 111.847
      vertex 14.0612 14.0548 80.8159
    endloop
  endfacet
  facet normal -0.866019 0.500011 -1.60289e-07
    outer loop
      vertex 15.4537 16.4666 111.847
      vertex 13.71 13.4465 81
      vertex 15.7806 17.0328 139.545
    endloop
  endfacet
  facet normal -0.866044 0.499967 8.54053e-06
    outer loop
      vertex 15.1653 15.9671 206.254
      vertex 14.9796 15.6454 208.02
      vertex 15.0244 15.723 208.174
    endloop
  endfacet
  facet normal -0.866026 0.499999 2.17669e-06
    outer loop
      vertex 15.9324 17.2958 122.517
      vertex 15.7806 17.0328 139.545
      vertex 16.7319 18.6805 140.333
    endloop
  endfacet
  facet normal -0.86605 0.499957 1.30681e-06
    outer loop
      vertex 15.9324 17.2958 122.517
      vertex 15.4537 16.4666 111.847
      vertex 15.7806 17.0328 139.545
    endloop
  endfacet
  facet normal -0.86602 0.500009 0
    outer loop
      vertex 15.7806 17.0328 139.545
      vertex 13.71 13.4465 81
      vertex 13.71 13.4465 139
    endloop
  endfacet
  facet normal -0.866011 0.500024 -1.31801e-06
    outer loop
      vertex 15.3298 16.2519 26.6736
      vertex 13.71 13.4465 25
      vertex 15.1888 16.0077 27.9894
    endloop
  endfacet
  facet normal -0.866014 0.50002 7.3642e-06
    outer loop
      vertex 13.71 13.4465 25
      vertex 15.3298 16.2519 26.6736
      vertex 16.2234 17.7997 18.333
    endloop
  endfacet
  facet normal -0.866019 0.500012 0
    outer loop
      vertex 13.71 13.4465 0
      vertex 16.4734 18.2327 16
      vertex 16.4734 18.2327 8
    endloop
  endfacet
  facet normal -0.866021 0.500008 2.92371e-06
    outer loop
      vertex 13.71 13.4465 0
      vertex 16.4734 18.2327 8
      vertex 15.3037 16.2068 1.76199
    endloop
  endfacet
  facet normal -0.866008 0.50003 -4.22401e-05
    outer loop
      vertex 13.71 13.4465 0
      vertex 15.3037 16.2068 1.76199
      vertex 14.9734 15.6346 0
    endloop
  endfacet
  facet normal -0.866019 0.500012 0
    outer loop
      vertex 13.71 13.4465 25
      vertex 16.4734 18.2327 16
      vertex 13.71 13.4465 0
    endloop
  endfacet
  facet normal -0.866018 0.500012 2.62098e-07
    outer loop
      vertex 16.4734 18.2327 16
      vertex 13.71 13.4465 25
      vertex 16.2234 17.7997 18.333
    endloop
  endfacet
  facet normal 0.462482 0.798332 -0.385716
    outer loop
      vertex 11.7307 20.3516 212.275
      vertex 11.7538 20.3416 212.282
      vertex 11.7597 20.3348 212.275
    endloop
  endfacet
  facet normal 0.465008 0.776463 -0.425293
    outer loop
      vertex 11.7538 20.3416 212.282
      vertex 11.7307 20.3516 212.275
      vertex 11.7481 20.3483 212.288
    endloop
  endfacet
  facet normal 0.460602 0.795087 -0.394566
    outer loop
      vertex 11.8868 20.1644 212.08
      vertex 11.7307 20.3516 212.275
      vertex 11.7597 20.3348 212.275
    endloop
  endfacet
  facet normal 0.459023 0.79528 -0.396014
    outer loop
      vertex 11.7307 20.3516 212.275
      vertex 11.8868 20.1644 212.08
      vertex 11.5195 20.3764 212.08
    endloop
  endfacet
  facet normal 0.43181 0.748131 -0.503826
    outer loop
      vertex 12.9303 18.6873 210.781
      vertex 11.5195 20.3764 212.08
      vertex 11.8868 20.1644 212.08
    endloop
  endfacet
  facet normal 0.431935 0.748141 -0.503704
    outer loop
      vertex 12.9303 18.6873 210.781
      vertex 6.10434 20.873 208.174
      vertex 11.5195 20.3764 212.08
    endloop
  endfacet
  facet normal 0.431834 0.748677 -0.502992
    outer loop
      vertex 6.10434 20.873 208.174
      vertex 12.9303 18.6873 210.781
      vertex 6.0595 20.7954 208.02
    endloop
  endfacet
  facet normal 0.432908 0.748114 -0.502908
    outer loop
      vertex 14.9796 15.6454 208.02
      vertex 12.9303 18.6873 210.781
      vertex 15.0244 15.723 208.174
    endloop
  endfacet
  facet normal 0.431947 0.748157 -0.503669
    outer loop
      vertex 12.9303 18.6873 210.781
      vertex 14.9796 15.6454 208.02
      vertex 6.0595 20.7954 208.02
    endloop
  endfacet
  facet normal 0.382707 0.662872 -0.643534
    outer loop
      vertex 13.71 13.4465 205
      vertex 6.0595 20.7954 208.02
      vertex 14.9796 15.6454 208.02
    endloop
  endfacet
  facet normal 0.382712 0.662874 -0.643529
    outer loop
      vertex 6.0595 20.7954 208.02
      vertex 13.71 13.4465 205
      vertex 4.78997 18.5965 205
    endloop
  endfacet
  facet normal 0.500001 0.866025 -0
    outer loop
      vertex 13.71 13.4465 171
      vertex 4.78997 18.5965 205
      vertex 13.71 13.4465 205
    endloop
  endfacet
  facet normal 0.500001 0.866025 0
    outer loop
      vertex 4.78997 18.5965 205
      vertex 13.71 13.4465 171
      vertex 4.78997 18.5965 171
    endloop
  endfacet
  facet normal 0.0652407 0.113 0.991451
    outer loop
      vertex 6.86052 22.1828 170.455
      vertex 13.71 13.4465 171
      vertex 15.7806 17.0328 170.455
    endloop
  endfacet
  facet normal 0.0652413 0.113001 0.991451
    outer loop
      vertex 13.71 13.4465 171
      vertex 6.86052 22.1828 170.455
      vertex 4.78997 18.5965 171
    endloop
  endfacet
  facet normal 0.191402 0.331519 0.923829
    outer loop
      vertex 8.78997 25.5247 168.856
      vertex 6.86052 22.1828 170.455
      vertex 15.7806 17.0328 170.455
    endloop
  endfacet
  facet normal 0.191404 0.33152 0.923828
    outer loop
      vertex 17.71 20.3747 168.856
      vertex 8.78997 25.5247 168.856
      vertex 15.7806 17.0328 170.455
    endloop
  endfacet
  facet normal 0.303096 0.527052 0.793945
    outer loop
      vertex 17.3839 21.8517 168
      vertex 17.71 20.3747 168.856
      vertex 17.9359 20.766 168.51
    endloop
  endfacet
  facet normal 0.304356 0.527152 0.793397
    outer loop
      vertex 10.2322 25.9808 168
      vertex 17.3839 21.8517 168
      vertex 14.9593 25.7891 166.314
    endloop
  endfacet
  facet normal 0.304397 0.526918 0.793537
    outer loop
      vertex 10.2322 25.9808 168
      vertex 14.9593 25.7891 166.314
      vertex 14.8544 25.8497 166.314
    endloop
  endfacet
  facet normal 0.304298 0.527052 0.793486
    outer loop
      vertex 17.3839 21.8517 168
      vertex 10.2322 25.9808 168
      vertex 17.71 20.3747 168.856
    endloop
  endfacet
  facet normal 0.304877 0.526019 0.793948
    outer loop
      vertex 8.78997 25.5247 168.856
      vertex 10.2322 25.9808 168
      vertex 9.01588 25.916 168.51
    endloop
  endfacet
  facet normal 0.304287 0.527039 0.793498
    outer loop
      vertex 10.2322 25.9808 168
      vertex 8.78997 25.5247 168.856
      vertex 17.71 20.3747 168.856
    endloop
  endfacet
  facet normal 0.39763 0.688307 0.606732
    outer loop
      vertex 14.9225 25.8465 166.273
      vertex 14.8544 25.8497 166.314
      vertex 14.9593 25.7891 166.314
    endloop
  endfacet
  facet normal 0.304365 0.527172 -0.79338
    outer loop
      vertex 14.8847 22.0059 141.144
      vertex 11.6153 23.8935 141.144
      vertex 13.8352 23.9633 142.042
    endloop
  endfacet
  facet normal 0.191541 0.331757 -0.923715
    outer loop
      vertex 15.595 20.7271 140.832
      vertex 11.6153 23.8935 141.144
      vertex 14.8847 22.0059 141.144
    endloop
  endfacet
  facet normal 0.191381 0.331566 -0.923817
    outer loop
      vertex 6.86052 22.1828 139.545
      vertex 11.6153 23.8935 141.144
      vertex 15.595 20.7271 140.832
    endloop
  endfacet
  facet normal 0.191512 0.331274 -0.923894
    outer loop
      vertex 11.6153 23.8935 141.144
      vertex 6.86052 22.1828 139.545
      vertex 7.81184 23.8305 140.333
    endloop
  endfacet
  facet normal 0.191182 0.331466 -0.923894
    outer loop
      vertex 15.7806 17.0328 139.545
      vertex 15.595 20.7271 140.832
      vertex 16.7319 18.6805 140.333
    endloop
  endfacet
  facet normal 0.191369 0.331462 -0.923856
    outer loop
      vertex 15.595 20.7271 140.832
      vertex 15.7806 17.0328 139.545
      vertex 6.86052 22.1828 139.545
    endloop
  endfacet
  facet normal 0.0652407 0.113 -0.991451
    outer loop
      vertex 13.71 13.4465 139
      vertex 6.86052 22.1828 139.545
      vertex 15.7806 17.0328 139.545
    endloop
  endfacet
  facet normal 0.0652413 0.113001 -0.991451
    outer loop
      vertex 6.86052 22.1828 139.545
      vertex 13.71 13.4465 139
      vertex 4.78997 18.5965 139
    endloop
  endfacet
  facet normal 0.500001 0.866025 -0
    outer loop
      vertex 13.71 13.4465 81
      vertex 4.78997 18.5965 139
      vertex 13.71 13.4465 139
    endloop
  endfacet
  facet normal 0.500001 0.866025 0
    outer loop
      vertex 4.78997 18.5965 139
      vertex 13.71 13.4465 81
      vertex 4.78997 18.5965 81
    endloop
  endfacet
  facet normal 0.126766 0.219568 0.967326
    outer loop
      vertex 4.78997 18.5965 81
      vertex 7.96154 19.1766 80.4527
      vertex 5.14118 19.2048 80.8159
    endloop
  endfacet
  facet normal 0.126766 0.219565 0.967327
    outer loop
      vertex 7.96154 19.1766 80.4527
      vertex 4.78997 18.5965 81
      vertex 13.71 13.4465 81
    endloop
  endfacet
  facet normal 0.12675 0.219579 0.967326
    outer loop
      vertex 11.9495 17.6293 80.2812
      vertex 13.71 13.4465 81
      vertex 14.0612 14.0548 80.8159
    endloop
  endfacet
  facet normal 0.126835 0.219688 0.96729
    outer loop
      vertex 7.96154 19.1766 80.4527
      vertex 11.9495 17.6293 80.2812
      vertex 9.29267 19.1632 80.2812
    endloop
  endfacet
  facet normal 0.126802 0.219599 0.967315
    outer loop
      vertex 11.9495 17.6293 80.2812
      vertex 7.96154 19.1766 80.4527
      vertex 13.71 13.4465 81
    endloop
  endfacet
  facet normal 0.211492 0.366321 0.906135
    outer loop
      vertex 11.0461 19.1324 79.8844
      vertex 9.29267 19.1632 80.2812
      vertex 11.9495 17.6293 80.2812
    endloop
  endfacet
  facet normal 0.393945 0.682487 -0.615645
    outer loop
      vertex 12.04 20.4486 30.7187
      vertex 10.8117 20.7376 30.2531
      vertex 11.9104 20.6294 30.8362
    endloop
  endfacet
  facet normal 0.393963 0.682366 -0.615768
    outer loop
      vertex 14.3147 17.2741 28.6562
      vertex 10.8117 20.7376 30.2531
      vertex 12.04 20.4486 30.7187
    endloop
  endfacet
  facet normal 0.393972 0.682369 -0.615758
    outer loop
      vertex 10.8117 20.7376 30.2531
      vertex 14.3147 17.2741 28.6562
      vertex 7.80245 21.034 28.6562
    endloop
  endfacet
  facet normal 0.35545 0.61565 -0.703299
    outer loop
      vertex 13.71 13.4465 25
      vertex 14.3147 17.2741 28.6562
      vertex 15.1888 16.0077 27.9894
    endloop
  endfacet
  facet normal 0.355451 0.61565 -0.703299
    outer loop
      vertex 13.71 13.4465 25
      vertex 7.80245 21.034 28.6562
      vertex 14.3147 17.2741 28.6562
    endloop
  endfacet
  facet normal 0.355446 0.615648 -0.703303
    outer loop
      vertex 4.78997 18.5965 25
      vertex 7.80245 21.034 28.6562
      vertex 13.71 13.4465 25
    endloop
  endfacet
  facet normal 0.355416 0.615674 -0.703296
    outer loop
      vertex 7.80245 21.034 28.6562
      vertex 4.78997 18.5965 25
      vertex 6.26871 21.1577 27.9894
    endloop
  endfacet
  facet normal 0.500001 0.866025 -0
    outer loop
      vertex 13.71 13.4465 0
      vertex 4.78997 18.5965 25
      vertex 13.71 13.4465 25
    endloop
  endfacet
  facet normal 0.500001 0.866025 0
    outer loop
      vertex 4.78997 18.5965 25
      vertex 13.71 13.4465 0
      vertex 4.78997 18.5965 0
    endloop
  endfacet
  facet normal 0.866017 0.500015 3.81875e-06
    outer loop
      vertex -13.71 13.4465 205
      vertex -17.71 20.3747 168.856
      vertex -14.9796 15.6454 208.02
    endloop
  endfacet
  facet normal 0.866031 0.49999 -2.61219e-06
    outer loop
      vertex -15.7806 17.0328 170.455
      vertex -17.71 20.3747 168.856
      vertex -13.71 13.4465 205
    endloop
  endfacet
  facet normal 0.866043 0.49997 -2.64047e-06
    outer loop
      vertex -15.3676 16.3174 203.499
      vertex -17.71 20.3747 168.856
      vertex -17.9359 20.766 168.51
    endloop
  endfacet
  facet normal 0.866289 0.499543 -9.45088e-05
    outer loop
      vertex -14.9796 15.6454 208.02
      vertex -15.3676 16.3174 203.499
      vertex -15.1653 15.9671 206.254
    endloop
  endfacet
  facet normal 0.865943 0.500143 2.44854e-05
    outer loop
      vertex -15.3676 16.3174 203.499
      vertex -14.9796 15.6454 208.02
      vertex -17.71 20.3747 168.856
    endloop
  endfacet
  facet normal 0.86602 0.500009 -0
    outer loop
      vertex -13.71 13.4465 171
      vertex -15.7806 17.0328 170.455
      vertex -13.71 13.4465 205
    endloop
  endfacet
  facet normal 0.866019 0.500011 -1.60289e-07
    outer loop
      vertex -13.71 13.4465 81
      vertex -15.4537 16.4666 111.847
      vertex -15.7806 17.0328 139.545
    endloop
  endfacet
  facet normal 0.866027 0.499998 1.50567e-06
    outer loop
      vertex -15.4537 16.4666 111.847
      vertex -13.71 13.4465 81
      vertex -14.0612 14.0548 80.8159
    endloop
  endfacet
  facet normal 0.866044 0.499967 8.54053e-06
    outer loop
      vertex -14.9796 15.6454 208.02
      vertex -15.1653 15.9671 206.254
      vertex -15.0244 15.723 208.174
    endloop
  endfacet
  facet normal 0.866026 0.499999 2.94846e-06
    outer loop
      vertex -15.7806 17.0328 139.545
      vertex -16.3723 18.0577 132.32
      vertex -16.7319 18.6805 140.333
    endloop
  endfacet
  facet normal 0.866029 0.499994 2.076e-06
    outer loop
      vertex -16.3723 18.0577 132.32
      vertex -15.7806 17.0328 139.545
      vertex -15.9324 17.2958 122.517
    endloop
  endfacet
  facet normal 0.86605 0.499957 1.30681e-06
    outer loop
      vertex -15.4537 16.4666 111.847
      vertex -15.9324 17.2958 122.517
      vertex -15.7806 17.0328 139.545
    endloop
  endfacet
  facet normal 0.86602 0.500009 -0
    outer loop
      vertex -13.71 13.4465 81
      vertex -15.7806 17.0328 139.545
      vertex -13.71 13.4465 139
    endloop
  endfacet
  facet normal 0.866015 0.500018 5.52841e-06
    outer loop
      vertex -13.71 13.4465 25
      vertex -16.2234 17.7997 18.333
      vertex -15.1888 16.0077 27.9894
    endloop
  endfacet
  facet normal 0.866018 0.500012 2.62098e-07
    outer loop
      vertex -13.71 13.4465 25
      vertex -16.4734 18.2327 16
      vertex -16.2234 17.7997 18.333
    endloop
  endfacet
  facet normal 0.866019 0.500012 0
    outer loop
      vertex -16.4734 18.2327 16
      vertex -13.71 13.4465 0
      vertex -16.4734 18.2327 8
    endloop
  endfacet
  facet normal 0.866012 0.500023 -9.26116e-06
    outer loop
      vertex -16.4734 18.2327 8
      vertex -13.71 13.4465 0
      vertex -16.1017 17.5889 6.01776
    endloop
  endfacet
  facet normal 0.866019 0.500012 0
    outer loop
      vertex -16.4734 18.2327 16
      vertex -13.71 13.4465 25
      vertex -13.71 13.4465 0
    endloop
  endfacet
  facet normal 0.866008 0.50003 -1.50867e-05
    outer loop
      vertex -16.1017 17.5889 6.01776
      vertex -13.71 13.4465 0
      vertex -14.9734 15.6346 0
    endloop
  endfacet
  facet normal -0.866026 -0.499999 3.64472e-07
    outer loop
      vertex -6.0595 20.7954 208.02
      vertex -8.78997 25.5247 168.856
      vertex -4.78997 18.5965 205
    endloop
  endfacet
  facet normal -0.866025 -0.500001 -1.22273e-07
    outer loop
      vertex -4.78997 18.5965 205
      vertex -8.78997 25.5247 168.856
      vertex -6.86052 22.1828 170.455
    endloop
  endfacet
  facet normal -0.866033 -0.499987 1.85114e-06
    outer loop
      vertex -8.78997 25.5247 168.856
      vertex -6.24525 21.1171 206.254
      vertex -9.01588 25.916 168.51
    endloop
  endfacet
  facet normal -0.86597 -0.500096 -1.53485e-05
    outer loop
      vertex -6.24525 21.1171 206.254
      vertex -8.78997 25.5247 168.856
      vertex -6.0595 20.7954 208.02
    endloop
  endfacet
  facet normal -0.866026 -0.5 -0
    outer loop
      vertex -4.78997 18.5965 205
      vertex -6.86052 22.1828 170.455
      vertex -4.78997 18.5965 171
    endloop
  endfacet
  facet normal -0.866021 -0.500008 1.21143e-06
    outer loop
      vertex -4.78997 18.5965 81
      vertex -6.53362 21.6166 111.847
      vertex -5.14118 19.2048 80.8159
    endloop
  endfacet
  facet normal -0.866027 -0.499997 -2.10144e-07
    outer loop
      vertex -6.53362 21.6166 111.847
      vertex -4.78997 18.5965 81
      vertex -6.86052 22.1828 139.545
    endloop
  endfacet
  facet normal -0.865887 -0.50024 -5.025e-05
    outer loop
      vertex -6.10434 20.873 208.174
      vertex -6.24525 21.1171 206.254
      vertex -6.0595 20.7954 208.02
    endloop
  endfacet
  facet normal -0.866021 -0.500008 6.91302e-07
    outer loop
      vertex -6.86052 22.1828 139.545
      vertex -7.81184 23.8305 140.333
      vertex -7.01238 22.4458 122.517
    endloop
  endfacet
  facet normal -0.866013 -0.500021 4.31425e-07
    outer loop
      vertex -6.86052 22.1828 139.545
      vertex -7.01238 22.4458 122.517
      vertex -6.53362 21.6166 111.847
    endloop
  endfacet
  facet normal -0.866026 -0.5 -0
    outer loop
      vertex -4.78997 18.5965 139
      vertex -6.86052 22.1828 139.545
      vertex -4.78997 18.5965 81
    endloop
  endfacet
  facet normal -0.866021 -0.500007 -9.59477e-07
    outer loop
      vertex -6.26871 21.1577 27.9894
      vertex -7.30333 22.9497 18.333
      vertex -4.78997 18.5965 25
    endloop
  endfacet
  facet normal -0.866025 -0.500001 0
    outer loop
      vertex -4.78997 18.5965 0
      vertex -7.55329 23.3827 16
      vertex -7.55329 23.3827 8
    endloop
  endfacet
  facet normal -0.866022 -0.500006 4.04158e-06
    outer loop
      vertex -4.78997 18.5965 0
      vertex -7.55329 23.3827 8
      vertex -6.05329 20.7846 0
    endloop
  endfacet
  facet normal -0.866025 -0.500001 -0
    outer loop
      vertex -4.78997 18.5965 25
      vertex -7.55329 23.3827 16
      vertex -4.78997 18.5965 0
    endloop
  endfacet
  facet normal -0.866009 -0.500028 -1.89433e-05
    outer loop
      vertex -7.55329 23.3827 16
      vertex -4.78997 18.5965 25
      vertex -7.30333 22.9497 18.333
    endloop
  endfacet
  facet normal -0.456901 0.788698 -0.411336
    outer loop
      vertex -11.7307 20.3516 212.275
      vertex -11.7597 20.3348 212.275
      vertex -11.7481 20.3483 212.288
    endloop
  endfacet
  facet normal -0.459023 0.79528 -0.396014
    outer loop
      vertex -11.8868 20.1644 212.08
      vertex -11.7307 20.3516 212.275
      vertex -11.5195 20.3764 212.08
    endloop
  endfacet
  facet normal -0.460602 0.795087 -0.394566
    outer loop
      vertex -11.7307 20.3516 212.275
      vertex -11.8868 20.1644 212.08
      vertex -11.7597 20.3348 212.275
    endloop
  endfacet
  facet normal -0.431876 0.748245 -0.5036
    outer loop
      vertex -9.71855 20.5416 210.781
      vertex -11.8868 20.1644 212.08
      vertex -11.5195 20.3764 212.08
    endloop
  endfacet
  facet normal -0.431929 0.748132 -0.503721
    outer loop
      vertex -9.71855 20.5416 210.781
      vertex -15.0244 15.723 208.174
      vertex -11.8868 20.1644 212.08
    endloop
  endfacet
  facet normal -0.432517 0.74834 -0.502909
    outer loop
      vertex -15.0244 15.723 208.174
      vertex -9.71855 20.5416 210.781
      vertex -14.9796 15.6454 208.02
    endloop
  endfacet
  facet normal -0.431485 0.748879 -0.502992
    outer loop
      vertex -6.0595 20.7954 208.02
      vertex -9.71855 20.5416 210.781
      vertex -6.10434 20.873 208.174
    endloop
  endfacet
  facet normal -0.431947 0.748157 -0.50367
    outer loop
      vertex -9.71855 20.5416 210.781
      vertex -6.0595 20.7954 208.02
      vertex -14.9796 15.6454 208.02
    endloop
  endfacet
  facet normal -0.382712 0.662874 -0.643529
    outer loop
      vertex -13.71 13.4465 205
      vertex -6.0595 20.7954 208.02
      vertex -4.78997 18.5965 205
    endloop
  endfacet
  facet normal -0.382707 0.662872 -0.643534
    outer loop
      vertex -6.0595 20.7954 208.02
      vertex -13.71 13.4465 205
      vertex -14.9796 15.6454 208.02
    endloop
  endfacet
  facet normal -0.500001 0.866025 0
    outer loop
      vertex -4.78997 18.5965 171
      vertex -13.71 13.4465 205
      vertex -4.78997 18.5965 205
    endloop
  endfacet
  facet normal -0.500001 0.866025 0
    outer loop
      vertex -13.71 13.4465 205
      vertex -4.78997 18.5965 171
      vertex -13.71 13.4465 171
    endloop
  endfacet
  facet normal -0.0652413 0.113001 0.991451
    outer loop
      vertex -6.86052 22.1828 170.455
      vertex -13.71 13.4465 171
      vertex -4.78997 18.5965 171
    endloop
  endfacet
  facet normal -0.0652407 0.113 0.991451
    outer loop
      vertex -13.71 13.4465 171
      vertex -6.86052 22.1828 170.455
      vertex -15.7806 17.0328 170.455
    endloop
  endfacet
  facet normal -0.191403 0.331521 0.923828
    outer loop
      vertex -6.86052 22.1828 170.455
      vertex -17.71 20.3747 168.856
      vertex -15.7806 17.0328 170.455
    endloop
  endfacet
  facet normal -0.191403 0.331518 0.923829
    outer loop
      vertex -8.78997 25.5247 168.856
      vertex -17.71 20.3747 168.856
      vertex -6.86052 22.1828 170.455
    endloop
  endfacet
  facet normal -0.304877 0.526019 0.793948
    outer loop
      vertex -10.2322 25.9808 168
      vertex -8.78997 25.5247 168.856
      vertex -9.01588 25.916 168.51
    endloop
  endfacet
  facet normal -0.304585 0.525914 0.79413
    outer loop
      vertex -15.0621 25.6222 166.385
      vertex -10.2322 25.9808 168
      vertex -14.8544 25.8497 166.314
    endloop
  endfacet
  facet normal -0.303346 0.5251 0.795142
    outer loop
      vertex -15.0621 25.6222 166.385
      vertex -14.8544 25.8497 166.314
      vertex -14.9593 25.7891 166.314
    endloop
  endfacet
  facet normal -0.30441 0.527246 0.793313
    outer loop
      vertex -17.3839 21.8517 168
      vertex -10.2322 25.9808 168
      vertex -15.0621 25.6222 166.385
    endloop
  endfacet
  facet normal -0.304289 0.527036 0.7935
    outer loop
      vertex -10.2322 25.9808 168
      vertex -17.3839 21.8517 168
      vertex -8.78997 25.5247 168.856
    endloop
  endfacet
  facet normal -0.304294 0.527052 0.793487
    outer loop
      vertex -17.3839 21.8517 168
      vertex -17.71 20.3747 168.856
      vertex -8.78997 25.5247 168.856
    endloop
  endfacet
  facet normal -0.303096 0.527052 0.793945
    outer loop
      vertex -17.71 20.3747 168.856
      vertex -17.3839 21.8517 168
      vertex -17.9359 20.766 168.51
    endloop
  endfacet
  facet normal -0.39763 0.688307 0.606732
    outer loop
      vertex -14.9225 25.8465 166.273
      vertex -14.9593 25.7891 166.314
      vertex -14.8544 25.8497 166.314
    endloop
  endfacet
  facet normal -0.304365 0.527172 -0.79338
    outer loop
      vertex -11.6153 23.8935 141.144
      vertex -14.8847 22.0059 141.144
      vertex -13.8352 23.9633 142.042
    endloop
  endfacet
  facet normal -0.191554 0.331779 -0.923704
    outer loop
      vertex -10.1527 23.8693 140.832
      vertex -14.8847 22.0059 141.144
      vertex -11.6153 23.8935 141.144
    endloop
  endfacet
  facet normal -0.191461 0.331526 -0.923815
    outer loop
      vertex -15.7806 17.0328 139.545
      vertex -14.8847 22.0059 141.144
      vertex -10.1527 23.8693 140.832
    endloop
  endfacet
  facet normal -0.190908 0.331469 -0.923949
    outer loop
      vertex -15.7806 17.0328 139.545
      vertex -16.0526 19.9033 140.631
      vertex -14.8847 22.0059 141.144
    endloop
  endfacet
  facet normal -0.191273 0.331413 -0.923894
    outer loop
      vertex -16.0526 19.9033 140.631
      vertex -15.7806 17.0328 139.545
      vertex -16.7319 18.6805 140.333
    endloop
  endfacet
  facet normal -0.191455 0.331307 -0.923894
    outer loop
      vertex -6.86052 22.1828 139.545
      vertex -10.1527 23.8693 140.832
      vertex -7.81184 23.8305 140.333
    endloop
  endfacet
  facet normal -0.191365 0.331455 -0.92386
    outer loop
      vertex -10.1527 23.8693 140.832
      vertex -6.86052 22.1828 139.545
      vertex -15.7806 17.0328 139.545
    endloop
  endfacet
  facet normal -0.0652413 0.113001 -0.991451
    outer loop
      vertex -13.71 13.4465 139
      vertex -6.86052 22.1828 139.545
      vertex -4.78997 18.5965 139
    endloop
  endfacet
  facet normal -0.0652407 0.113 -0.991451
    outer loop
      vertex -6.86052 22.1828 139.545
      vertex -13.71 13.4465 139
      vertex -15.7806 17.0328 139.545
    endloop
  endfacet
  facet normal -0.500001 0.866025 0
    outer loop
      vertex -4.78997 18.5965 81
      vertex -13.71 13.4465 139
      vertex -4.78997 18.5965 139
    endloop
  endfacet
  facet normal -0.500001 0.866025 0
    outer loop
      vertex -13.71 13.4465 139
      vertex -4.78997 18.5965 81
      vertex -13.71 13.4465 81
    endloop
  endfacet
  facet normal -0.126767 0.219566 0.967327
    outer loop
      vertex -12.6266 16.4832 80.4527
      vertex -13.71 13.4465 81
      vertex -4.78997 18.5965 81
    endloop
  endfacet
  facet normal -0.12677 0.219567 0.967326
    outer loop
      vertex -13.71 13.4465 81
      vertex -12.6266 16.4832 80.4527
      vertex -14.0612 14.0548 80.8159
    endloop
  endfacet
  facet normal -0.126789 0.219555 0.967326
    outer loop
      vertex -9.29267 19.1632 80.2812
      vertex -4.78997 18.5965 81
      vertex -5.14118 19.2048 80.8159
    endloop
  endfacet
  facet normal -0.126825 0.219671 0.967295
    outer loop
      vertex -12.6266 16.4832 80.4527
      vertex -9.29267 19.1632 80.2812
      vertex -11.9495 17.6293 80.2812
    endloop
  endfacet
  facet normal -0.126779 0.219615 0.967314
    outer loop
      vertex -9.29267 19.1632 80.2812
      vertex -12.6266 16.4832 80.4527
      vertex -4.78997 18.5965 81
    endloop
  endfacet
  facet normal -0.211492 0.366321 0.906135
    outer loop
      vertex -11.0461 19.1324 79.8844
      vertex -11.9495 17.6293 80.2812
      vertex -9.29267 19.1632 80.2812
    endloop
  endfacet
  facet normal -0.393966 0.682403 -0.615725
    outer loop
      vertex -11.689 20.6512 30.7187
      vertex -12.5535 19.732 30.2531
      vertex -11.9104 20.6294 30.8362
    endloop
  endfacet
  facet normal -0.393964 0.682402 -0.615727
    outer loop
      vertex -7.80245 21.034 28.6562
      vertex -12.5535 19.732 30.2531
      vertex -11.689 20.6512 30.7187
    endloop
  endfacet
  facet normal -0.393967 0.682362 -0.61577
    outer loop
      vertex -12.5535 19.732 30.2531
      vertex -7.80245 21.034 28.6562
      vertex -14.3147 17.2741 28.6562
    endloop
  endfacet
  facet normal -0.355416 0.615674 -0.703296
    outer loop
      vertex -4.78997 18.5965 25
      vertex -7.80245 21.034 28.6562
      vertex -6.26871 21.1577 27.9894
    endloop
  endfacet
  facet normal -0.355446 0.615648 -0.703303
    outer loop
      vertex -13.71 13.4465 25
      vertex -7.80245 21.034 28.6562
      vertex -4.78997 18.5965 25
    endloop
  endfacet
  facet normal -0.355451 0.61565 -0.703299
    outer loop
      vertex -13.71 13.4465 25
      vertex -14.3147 17.2741 28.6562
      vertex -7.80245 21.034 28.6562
    endloop
  endfacet
  facet normal -0.35545 0.61565 -0.703299
    outer loop
      vertex -14.3147 17.2741 28.6562
      vertex -13.71 13.4465 25
      vertex -15.1888 16.0077 27.9894
    endloop
  endfacet
  facet normal -0.500001 0.866025 0
    outer loop
      vertex -4.78997 18.5965 0
      vertex -13.71 13.4465 25
      vertex -4.78997 18.5965 25
    endloop
  endfacet
  facet normal -0.500001 0.866025 0
    outer loop
      vertex -13.71 13.4465 25
      vertex -4.78997 18.5965 0
      vertex -13.71 13.4465 0
    endloop
  endfacet
  facet normal 0 1 0
    outer loop
      vertex -21.0391 -5.15 208.02
      vertex -21.8151 -5.15 203.499
      vertex -21.1288 -5.15 208.174
    endloop
  endfacet
  facet normal 0 1 0
    outer loop
      vertex -18.5 -5.15 205
      vertex -21.8151 -5.15 203.499
      vertex -21.0391 -5.15 208.02
    endloop
  endfacet
  facet normal 0 1 -0
    outer loop
      vertex -18.5 -5.15 171
      vertex -21.8151 -5.15 203.499
      vertex -18.5 -5.15 205
    endloop
  endfacet
  facet normal 0 1 0
    outer loop
      vertex -22.6411 -5.15 170.455
      vertex -21.8151 -5.15 203.499
      vertex -18.5 -5.15 171
    endloop
  endfacet
  facet normal 0 1 0
    outer loop
      vertex -26.5 -5.15 168.856
      vertex -21.8151 -5.15 203.499
      vertex -22.6411 -5.15 170.455
    endloop
  endfacet
  facet normal 0 1 0
    outer loop
      vertex -21.8151 -5.15 203.499
      vertex -26.5 -5.15 168.856
      vertex -26.9518 -5.15 168.51
    endloop
  endfacet
  facet normal 0 1 0
    outer loop
      vertex -22.6411 -5.15 139.545
      vertex -23.8246 -5.15 132.32
      vertex -24.5437 -5.15 140.333
    endloop
  endfacet
  facet normal 0 1 0
    outer loop
      vertex -18.5 -5.15 139
      vertex -23.8246 -5.15 132.32
      vertex -22.6411 -5.15 139.545
    endloop
  endfacet
  facet normal 0 1 -0
    outer loop
      vertex -18.5 -5.15 81
      vertex -23.8246 -5.15 132.32
      vertex -18.5 -5.15 139
    endloop
  endfacet
  facet normal 0 1 0
    outer loop
      vertex -23.8246 -5.15 132.32
      vertex -18.5 -5.15 81
      vertex -19.2024 -5.15 80.8159
    endloop
  endfacet
  facet normal 0 1 0
    outer loop
      vertex -18.5 -5.15 25
      vertex -24.0266 -5.15 16
      vertex -21.4575 -5.15 27.9894
    endloop
  endfacet
  facet normal 0 1 -0
    outer loop
      vertex -18.5 -5.15 0
      vertex -24.0266 -5.15 16
      vertex -18.5 -5.15 25
    endloop
  endfacet
  facet normal 0 1 0
    outer loop
      vertex -24.0266 -5.15 16
      vertex -23.2833 -5.15 6.01776
      vertex -24.0266 -5.15 8
    endloop
  endfacet
  facet normal 0 1 0
    outer loop
      vertex -24.0266 -5.15 16
      vertex -18.5 -5.15 0
      vertex -23.2833 -5.15 6.01776
    endloop
  endfacet
  facet normal 0 1 0
    outer loop
      vertex -23.2833 -5.15 6.01776
      vertex -18.5 -5.15 0
      vertex -21.0266 -5.15 0
    endloop
  endfacet
  facet normal 0 -1 0
    outer loop
      vertex -25.3818 5.15 179.204
      vertex -21.0391 5.15 208.02
      vertex -21.1288 5.15 208.174
    endloop
  endfacet
  facet normal 0 -1 0
    outer loop
      vertex -25.3818 5.15 179.204
      vertex -18.5 5.15 205
      vertex -21.0391 5.15 208.02
    endloop
  endfacet
  facet normal 0 -1 0
    outer loop
      vertex -25.3818 5.15 179.204
      vertex -18.5 5.15 171
      vertex -18.5 5.15 205
    endloop
  endfacet
  facet normal 0 -1 0
    outer loop
      vertex -25.3818 5.15 179.204
      vertex -22.6411 5.15 170.455
      vertex -18.5 5.15 171
    endloop
  endfacet
  facet normal 0 -1 -0
    outer loop
      vertex -25.3818 5.15 179.204
      vertex -26.5 5.15 168.856
      vertex -22.6411 5.15 170.455
    endloop
  endfacet
  facet normal -0 -1 0
    outer loop
      vertex -26.5 5.15 168.856
      vertex -25.3818 5.15 179.204
      vertex -26.9518 5.15 168.51
    endloop
  endfacet
  facet normal 0 -1 0
    outer loop
      vertex -22.6411 5.15 139.545
      vertex -18.5 5.15 81
      vertex -18.5 5.15 139
    endloop
  endfacet
  facet normal 0 -1 0
    outer loop
      vertex -19.2024 5.15 80.8159
      vertex -22.6411 5.15 139.545
      vertex -24.5437 5.15 140.333
    endloop
  endfacet
  facet normal 0 -1 0
    outer loop
      vertex -22.6411 5.15 139.545
      vertex -19.2024 5.15 80.8159
      vertex -18.5 5.15 81
    endloop
  endfacet
  facet normal 0 -1 0
    outer loop
      vertex -21.7395 5.15 26.6736
      vertex -18.5 5.15 25
      vertex -21.4575 5.15 27.9894
    endloop
  endfacet
  facet normal 0 -1 0
    outer loop
      vertex -24.0266 5.15 16
      vertex -18.5 5.15 25
      vertex -21.7395 5.15 26.6736
    endloop
  endfacet
  facet normal 0 -1 0
    outer loop
      vertex -18.5 5.15 0
      vertex -24.0266 5.15 16
      vertex -24.0266 5.15 8
    endloop
  endfacet
  facet normal 0 -1 0
    outer loop
      vertex -18.5 5.15 0
      vertex -24.0266 5.15 8
      vertex -21.6874 5.15 1.76199
    endloop
  endfacet
  facet normal 0 -1 0
    outer loop
      vertex -18.5 5.15 0
      vertex -21.6874 5.15 1.76199
      vertex -21.0266 5.15 0
    endloop
  endfacet
  facet normal 0 -1 0
    outer loop
      vertex -24.0266 5.15 16
      vertex -18.5 5.15 0
      vertex -18.5 5.15 25
    endloop
  endfacet
  facet normal -0.918241 0 -0.396021
    outer loop
      vertex -23.4903 -0.01675 212.275
      vertex -23.4903 0.01675 212.275
      vertex -23.4062 0.212044 212.08
    endloop
  endfacet
  facet normal -0.919145 -0 -0.393919
    outer loop
      vertex -23.4903 0.01675 212.275
      vertex -23.4903 -0.01675 212.275
      vertex -23.4933 0.00825778 212.282
    endloop
  endfacet
  facet normal -0.90982 0.00700363 -0.414944
    outer loop
      vertex -23.4933 0.00825778 212.282
      vertex -23.4903 -0.01675 212.275
      vertex -23.4961 0 212.288
    endloop
  endfacet
  facet normal -0.918241 0 -0.396021
    outer loop
      vertex -23.4903 -0.01675 212.275
      vertex -23.4062 0.212044 212.08
      vertex -23.4062 -0.212044 212.08
    endloop
  endfacet
  facet normal -0.864104 0.000399301 -0.503313
    outer loop
      vertex -21.0391 5.15 208.02
      vertex -23.4062 0.212044 212.08
      vertex -21.1288 5.15 208.174
    endloop
  endfacet
  facet normal -0.863893 0 -0.503675
    outer loop
      vertex -21.0391 5.15 208.02
      vertex -23.4062 -0.212044 212.08
      vertex -23.4062 0.212044 212.08
    endloop
  endfacet
  facet normal -0.863893 0 -0.503675
    outer loop
      vertex -21.0391 -5.15 208.02
      vertex -23.4062 -0.212044 212.08
      vertex -21.0391 5.15 208.02
    endloop
  endfacet
  facet normal -0.864104 -0.000399301 -0.503313
    outer loop
      vertex -23.4062 -0.212044 212.08
      vertex -21.0391 -5.15 208.02
      vertex -21.1288 -5.15 208.174
    endloop
  endfacet
  facet normal -0.765418 0 -0.643534
    outer loop
      vertex -18.5 -5.15 205
      vertex -21.0391 5.15 208.02
      vertex -18.5 5.15 205
    endloop
  endfacet
  facet normal -0.765418 -0 -0.643534
    outer loop
      vertex -21.0391 5.15 208.02
      vertex -18.5 -5.15 205
      vertex -21.0391 -5.15 208.02
    endloop
  endfacet
  facet normal -1 0 0
    outer loop
      vertex -18.5 -5.15 171
      vertex -18.5 5.15 205
      vertex -18.5 5.15 171
    endloop
  endfacet
  facet normal -1 -0 0
    outer loop
      vertex -18.5 5.15 205
      vertex -18.5 -5.15 171
      vertex -18.5 -5.15 205
    endloop
  endfacet
  facet normal -0.130482 0 0.991451
    outer loop
      vertex -22.6411 5.15 170.455
      vertex -18.5 -5.15 171
      vertex -18.5 5.15 171
    endloop
  endfacet
  facet normal -0.130482 0 0.991451
    outer loop
      vertex -18.5 -5.15 171
      vertex -22.6411 5.15 170.455
      vertex -22.6411 -5.15 170.455
    endloop
  endfacet
  facet normal -0.382804 0 0.923829
    outer loop
      vertex -26.5 5.15 168.856
      vertex -22.6411 -5.15 170.455
      vertex -22.6411 5.15 170.455
    endloop
  endfacet
  facet normal -0.382804 0 0.923829
    outer loop
      vertex -22.6411 -5.15 170.455
      vertex -26.5 5.15 168.856
      vertex -26.5 -5.15 168.856
    endloop
  endfacet
  facet normal -0.608011 -0.000981446 0.793928
    outer loop
      vertex -27.6161 4.12907 168
      vertex -26.5 5.15 168.856
      vertex -26.9518 5.15 168.51
    endloop
  endfacet
  facet normal -0.608576 0 0.793495
    outer loop
      vertex -26.5 5.15 168.856
      vertex -27.6161 4.12907 168
      vertex -26.5 -5.15 168.856
    endloop
  endfacet
  facet normal -0.608576 0 0.793495
    outer loop
      vertex -27.6161 -4.12907 168
      vertex -26.5 -5.15 168.856
      vertex -27.6161 4.12907 168
    endloop
  endfacet
  facet normal -0.608011 0.000981446 0.793928
    outer loop
      vertex -26.5 -5.15 168.856
      vertex -27.6161 -4.12907 168
      vertex -26.9518 -5.15 168.51
    endloop
  endfacet
  facet normal -0.608818 0 0.79331
    outer loop
      vertex -27.6161 4.12907 168
      vertex -29.7205 -0.233075 166.385
      vertex -27.6161 -4.12907 168
    endloop
  endfacet
  facet normal -0.607699 -0.000857065 0.794167
    outer loop
      vertex -29.8137 0.0605532 166.314
      vertex -29.7205 -0.233075 166.385
      vertex -27.6161 4.12907 168
    endloop
  endfacet
  facet normal -0.605992 0 0.795471
    outer loop
      vertex -29.7205 -0.233075 166.385
      vertex -29.8137 0.0605532 166.314
      vertex -29.8137 -0.0605532 166.314
    endloop
  endfacet
  facet normal -0.794853 0 0.606802
    outer loop
      vertex -29.8137 0.0605532 166.314
      vertex -29.845 0 166.273
      vertex -29.8137 -0.0605532 166.314
    endloop
  endfacet
  facet normal -0.608728 0 -0.793379
    outer loop
      vertex -26.5 -1.8876 141.144
      vertex -27.6704 0 142.042
      vertex -26.5 1.8876 141.144
    endloop
  endfacet
  facet normal -0.382649 3.54585e-05 -0.923894
    outer loop
      vertex -25.2631 -3.95034 140.631
      vertex -22.6411 -5.15 139.545
      vertex -24.5437 -5.15 140.333
    endloop
  endfacet
  facet normal -0.382496 0.00042673 -0.923957
    outer loop
      vertex -26.5 -1.8876 141.144
      vertex -22.6411 -5.15 139.545
      vertex -25.2631 -3.95034 140.631
    endloop
  endfacet
  facet normal -0.382804 0 -0.923829
    outer loop
      vertex -22.6411 -5.15 139.545
      vertex -26.5 -1.8876 141.144
      vertex -22.6411 5.15 139.545
    endloop
  endfacet
  facet normal -0.382804 0 -0.923829
    outer loop
      vertex -22.6411 5.15 139.545
      vertex -26.5 -1.8876 141.144
      vertex -26.5 1.8876 141.144
    endloop
  endfacet
  facet normal -0.382649 -0.000214963 -0.923894
    outer loop
      vertex -22.6411 5.15 139.545
      vertex -26.5 1.8876 141.144
      vertex -24.5437 5.15 140.333
    endloop
  endfacet
  facet normal -0.130482 0 -0.991451
    outer loop
      vertex -22.6411 -5.15 139.545
      vertex -18.5 5.15 139
      vertex -18.5 -5.15 139
    endloop
  endfacet
  facet normal -0.130482 0 -0.991451
    outer loop
      vertex -18.5 5.15 139
      vertex -22.6411 -5.15 139.545
      vertex -22.6411 5.15 139.545
    endloop
  endfacet
  facet normal -1 0 0
    outer loop
      vertex -18.5 -5.15 81
      vertex -18.5 5.15 139
      vertex -18.5 5.15 81
    endloop
  endfacet
  facet normal -1 -0 0
    outer loop
      vertex -18.5 5.15 139
      vertex -18.5 -5.15 81
      vertex -18.5 -5.15 139
    endloop
  endfacet
  facet normal -0.253537 -1.75571e-05 0.967326
    outer loop
      vertex -21.2422 1.53393 80.2812
      vertex -18.5 5.15 81
      vertex -19.2024 5.15 80.8159
    endloop
  endfacet
  facet normal -0.253559 0 0.96732
    outer loop
      vertex -18.5 5.15 81
      vertex -21.2422 1.53393 80.2812
      vertex -18.5 -5.15 81
    endloop
  endfacet
  facet normal -0.253559 0 0.96732
    outer loop
      vertex -21.2422 -1.53393 80.2812
      vertex -18.5 -5.15 81
      vertex -21.2422 1.53393 80.2812
    endloop
  endfacet
  facet normal -0.253537 1.75571e-05 0.967326
    outer loop
      vertex -18.5 -5.15 81
      vertex -21.2422 -1.53393 80.2812
      vertex -19.2024 -5.15 80.8159
    endloop
  endfacet
  facet normal -0.423002 0 0.906129
    outer loop
      vertex -21.2422 1.53393 80.2812
      vertex -22.0922 0 79.8844
      vertex -21.2422 -1.53393 80.2812
    endloop
  endfacet
  facet normal -0.787941 0 -0.615751
    outer loop
      vertex -22.1172 -3.75986 28.6562
      vertex -23.8208 0 30.8362
      vertex -22.1172 3.75986 28.6562
    endloop
  endfacet
  facet normal -0.71089 7.89975e-06 -0.703304
    outer loop
      vertex -18.5 5.15 25
      vertex -22.1172 3.75986 28.6562
      vertex -21.4575 5.15 27.9894
    endloop
  endfacet
  facet normal -0.710888 0 -0.703305
    outer loop
      vertex -18.5 5.15 25
      vertex -22.1172 -3.75986 28.6562
      vertex -22.1172 3.75986 28.6562
    endloop
  endfacet
  facet normal -0.710888 0 -0.703305
    outer loop
      vertex -18.5 -5.15 25
      vertex -22.1172 -3.75986 28.6562
      vertex -18.5 5.15 25
    endloop
  endfacet
  facet normal -0.71089 -7.89975e-06 -0.703304
    outer loop
      vertex -22.1172 -3.75986 28.6562
      vertex -18.5 -5.15 25
      vertex -21.4575 -5.15 27.9894
    endloop
  endfacet
  facet normal -1 0 0
    outer loop
      vertex -18.5 -5.15 0
      vertex -18.5 5.15 25
      vertex -18.5 5.15 0
    endloop
  endfacet
  facet normal -1 -0 0
    outer loop
      vertex -18.5 5.15 25
      vertex -18.5 -5.15 0
      vertex -18.5 -5.15 25
    endloop
  endfacet
  facet normal -0.866026 0.499999 3.64472e-07
    outer loop
      vertex -4.78997 -18.5965 205
      vertex -8.78997 -25.5247 168.856
      vertex -6.0595 -20.7954 208.02
    endloop
  endfacet
  facet normal -0.866025 0.500001 -1.22273e-07
    outer loop
      vertex -6.86052 -22.1828 170.455
      vertex -8.78997 -25.5247 168.856
      vertex -4.78997 -18.5965 205
    endloop
  endfacet
  facet normal -0.86597 0.500096 -1.53485e-05
    outer loop
      vertex -8.78997 -25.5247 168.856
      vertex -6.24525 -21.1171 206.254
      vertex -6.0595 -20.7954 208.02
    endloop
  endfacet
  facet normal -0.866033 0.499987 1.85114e-06
    outer loop
      vertex -6.24525 -21.1171 206.254
      vertex -8.78997 -25.5247 168.856
      vertex -9.01588 -25.916 168.51
    endloop
  endfacet
  facet normal -0.866026 0.5 0
    outer loop
      vertex -4.78997 -18.5965 171
      vertex -6.86052 -22.1828 170.455
      vertex -4.78997 -18.5965 205
    endloop
  endfacet
  facet normal -0.866021 0.500008 1.21143e-06
    outer loop
      vertex -6.53362 -21.6166 111.847
      vertex -4.78997 -18.5965 81
      vertex -5.14118 -19.2048 80.8159
    endloop
  endfacet
  facet normal -0.866027 0.499997 -2.10144e-07
    outer loop
      vertex -4.78997 -18.5965 81
      vertex -6.53362 -21.6166 111.847
      vertex -6.86052 -22.1828 139.545
    endloop
  endfacet
  facet normal -0.865887 0.50024 -5.025e-05
    outer loop
      vertex -6.0595 -20.7954 208.02
      vertex -6.24525 -21.1171 206.254
      vertex -6.10434 -20.873 208.174
    endloop
  endfacet
  facet normal -0.866021 0.500008 6.91302e-07
    outer loop
      vertex -7.01238 -22.4458 122.517
      vertex -7.81184 -23.8305 140.333
      vertex -6.86052 -22.1828 139.545
    endloop
  endfacet
  facet normal -0.866013 0.500021 4.31425e-07
    outer loop
      vertex -6.53362 -21.6166 111.847
      vertex -7.01238 -22.4458 122.517
      vertex -6.86052 -22.1828 139.545
    endloop
  endfacet
  facet normal -0.866026 0.5 0
    outer loop
      vertex -4.78997 -18.5965 81
      vertex -6.86052 -22.1828 139.545
      vertex -4.78997 -18.5965 139
    endloop
  endfacet
  facet normal -0.866021 0.500007 -9.59477e-07
    outer loop
      vertex -4.78997 -18.5965 25
      vertex -7.30333 -22.9497 18.333
      vertex -6.26871 -21.1577 27.9894
    endloop
  endfacet
  facet normal -0.866022 0.500006 4.04158e-06
    outer loop
      vertex -7.55329 -23.3827 8
      vertex -4.78997 -18.5965 0
      vertex -6.05329 -20.7846 0
    endloop
  endfacet
  facet normal -0.866025 0.500001 0
    outer loop
      vertex -7.55329 -23.3827 16
      vertex -4.78997 -18.5965 0
      vertex -7.55329 -23.3827 8
    endloop
  endfacet
  facet normal -0.866025 0.500001 0
    outer loop
      vertex -4.78997 -18.5965 0
      vertex -7.55329 -23.3827 16
      vertex -4.78997 -18.5965 25
    endloop
  endfacet
  facet normal -0.866009 0.500028 -1.89433e-05
    outer loop
      vertex -4.78997 -18.5965 25
      vertex -7.55329 -23.3827 16
      vertex -7.30333 -22.9497 18.333
    endloop
  endfacet
  facet normal 0.866017 -0.500015 3.81875e-06
    outer loop
      vertex -14.9796 -15.6454 208.02
      vertex -17.71 -20.3747 168.856
      vertex -13.71 -13.4465 205
    endloop
  endfacet
  facet normal 0.866031 -0.49999 -2.61219e-06
    outer loop
      vertex -13.71 -13.4465 205
      vertex -17.71 -20.3747 168.856
      vertex -15.7806 -17.0328 170.455
    endloop
  endfacet
  facet normal 0.866149 -0.499786 -3.56167e-05
    outer loop
      vertex -17.1509 -19.4063 179.204
      vertex -14.9796 -15.6454 208.02
      vertex -15.1653 -15.9671 206.254
    endloop
  endfacet
  facet normal 0.866039 -0.499976 -2.53779e-06
    outer loop
      vertex -17.1509 -19.4063 179.204
      vertex -17.71 -20.3747 168.856
      vertex -14.9796 -15.6454 208.02
    endloop
  endfacet
  facet normal 0.866043 -0.499969 -3.32743e-06
    outer loop
      vertex -17.71 -20.3747 168.856
      vertex -17.1509 -19.4063 179.204
      vertex -17.9359 -20.766 168.51
    endloop
  endfacet
  facet normal 0.86602 -0.500009 0
    outer loop
      vertex -13.71 -13.4465 205
      vertex -15.7806 -17.0328 170.455
      vertex -13.71 -13.4465 171
    endloop
  endfacet
  facet normal 0.866027 -0.499998 1.50567e-06
    outer loop
      vertex -13.71 -13.4465 81
      vertex -15.4537 -16.4666 111.847
      vertex -14.0612 -14.0548 80.8159
    endloop
  endfacet
  facet normal 0.866019 -0.500011 -1.60289e-07
    outer loop
      vertex -15.4537 -16.4666 111.847
      vertex -13.71 -13.4465 81
      vertex -15.7806 -17.0328 139.545
    endloop
  endfacet
  facet normal 0.866044 -0.499967 8.54053e-06
    outer loop
      vertex -15.0244 -15.723 208.174
      vertex -15.1653 -15.9671 206.254
      vertex -14.9796 -15.6454 208.02
    endloop
  endfacet
  facet normal 0.866026 -0.499999 2.17669e-06
    outer loop
      vertex -15.7806 -17.0328 139.545
      vertex -16.7319 -18.6805 140.333
      vertex -15.9324 -17.2958 122.517
    endloop
  endfacet
  facet normal 0.86605 -0.499957 1.30681e-06
    outer loop
      vertex -15.7806 -17.0328 139.545
      vertex -15.9324 -17.2958 122.517
      vertex -15.4537 -16.4666 111.847
    endloop
  endfacet
  facet normal 0.86602 -0.500009 0
    outer loop
      vertex -13.71 -13.4465 139
      vertex -15.7806 -17.0328 139.545
      vertex -13.71 -13.4465 81
    endloop
  endfacet
  facet normal 0.866011 -0.500024 -1.31801e-06
    outer loop
      vertex -15.3298 -16.2519 26.6736
      vertex -13.71 -13.4465 25
      vertex -15.1888 -16.0077 27.9894
    endloop
  endfacet
  facet normal 0.866014 -0.50002 7.3642e-06
    outer loop
      vertex -13.71 -13.4465 25
      vertex -15.3298 -16.2519 26.6736
      vertex -16.2234 -17.7997 18.333
    endloop
  endfacet
  facet normal 0.866019 -0.500012 0
    outer loop
      vertex -16.4734 -18.2327 16
      vertex -13.71 -13.4465 0
      vertex -13.71 -13.4465 25
    endloop
  endfacet
  facet normal 0.866008 -0.50003 -4.22401e-05
    outer loop
      vertex -13.71 -13.4465 0
      vertex -15.3037 -16.2068 1.76199
      vertex -14.9734 -15.6346 0
    endloop
  endfacet
  facet normal 0.866018 -0.500012 2.62098e-07
    outer loop
      vertex -16.4734 -18.2327 16
      vertex -13.71 -13.4465 25
      vertex -16.2234 -17.7997 18.333
    endloop
  endfacet
  facet normal 0.866019 -0.500012 0
    outer loop
      vertex -13.71 -13.4465 0
      vertex -16.4734 -18.2327 16
      vertex -16.4734 -18.2327 8
    endloop
  endfacet
  facet normal 0.866021 -0.500008 2.92371e-06
    outer loop
      vertex -13.71 -13.4465 0
      vertex -16.4734 -18.2327 8
      vertex -15.3037 -16.2068 1.76199
    endloop
  endfacet
  facet normal -0.462482 -0.798332 -0.385716
    outer loop
      vertex -11.7307 -20.3516 212.275
      vertex -11.7538 -20.3416 212.282
      vertex -11.7597 -20.3348 212.275
    endloop
  endfacet
  facet normal -0.465008 -0.776463 -0.425293
    outer loop
      vertex -11.7538 -20.3416 212.282
      vertex -11.7307 -20.3516 212.275
      vertex -11.7481 -20.3483 212.288
    endloop
  endfacet
  facet normal -0.460602 -0.795087 -0.394566
    outer loop
      vertex -11.8868 -20.1644 212.08
      vertex -11.7307 -20.3516 212.275
      vertex -11.7597 -20.3348 212.275
    endloop
  endfacet
  facet normal -0.459023 -0.79528 -0.396014
    outer loop
      vertex -11.7307 -20.3516 212.275
      vertex -11.8868 -20.1644 212.08
      vertex -11.5195 -20.3764 212.08
    endloop
  endfacet
  facet normal -0.43181 -0.748131 -0.503826
    outer loop
      vertex -12.9303 -18.6873 210.781
      vertex -11.5195 -20.3764 212.08
      vertex -11.8868 -20.1644 212.08
    endloop
  endfacet
  facet normal -0.431935 -0.748141 -0.503704
    outer loop
      vertex -12.9303 -18.6873 210.781
      vertex -6.10434 -20.873 208.174
      vertex -11.5195 -20.3764 212.08
    endloop
  endfacet
  facet normal -0.431834 -0.748677 -0.502992
    outer loop
      vertex -6.10434 -20.873 208.174
      vertex -12.9303 -18.6873 210.781
      vertex -6.0595 -20.7954 208.02
    endloop
  endfacet
  facet normal -0.432908 -0.748114 -0.502908
    outer loop
      vertex -14.9796 -15.6454 208.02
      vertex -12.9303 -18.6873 210.781
      vertex -15.0244 -15.723 208.174
    endloop
  endfacet
  facet normal -0.431947 -0.748157 -0.503669
    outer loop
      vertex -12.9303 -18.6873 210.781
      vertex -14.9796 -15.6454 208.02
      vertex -6.0595 -20.7954 208.02
    endloop
  endfacet
  facet normal -0.382707 -0.662872 -0.643534
    outer loop
      vertex -13.71 -13.4465 205
      vertex -6.0595 -20.7954 208.02
      vertex -14.9796 -15.6454 208.02
    endloop
  endfacet
  facet normal -0.382712 -0.662874 -0.643529
    outer loop
      vertex -6.0595 -20.7954 208.02
      vertex -13.71 -13.4465 205
      vertex -4.78997 -18.5965 205
    endloop
  endfacet
  facet normal -0.500001 -0.866025 0
    outer loop
      vertex -13.71 -13.4465 171
      vertex -4.78997 -18.5965 205
      vertex -13.71 -13.4465 205
    endloop
  endfacet
  facet normal -0.500001 -0.866025 -0
    outer loop
      vertex -4.78997 -18.5965 205
      vertex -13.71 -13.4465 171
      vertex -4.78997 -18.5965 171
    endloop
  endfacet
  facet normal -0.0652413 -0.113001 0.991451
    outer loop
      vertex -13.71 -13.4465 171
      vertex -6.86052 -22.1828 170.455
      vertex -4.78997 -18.5965 171
    endloop
  endfacet
  facet normal -0.0652407 -0.113 0.991451
    outer loop
      vertex -6.86052 -22.1828 170.455
      vertex -13.71 -13.4465 171
      vertex -15.7806 -17.0328 170.455
    endloop
  endfacet
  facet normal -0.191402 -0.331519 0.923829
    outer loop
      vertex -6.86052 -22.1828 170.455
      vertex -15.7806 -17.0328 170.455
      vertex -8.78997 -25.5247 168.856
    endloop
  endfacet
  facet normal -0.191404 -0.33152 0.923828
    outer loop
      vertex -15.7806 -17.0328 170.455
      vertex -17.71 -20.3747 168.856
      vertex -8.78997 -25.5247 168.856
    endloop
  endfacet
  facet normal -0.304877 -0.526019 0.793948
    outer loop
      vertex -8.78997 -25.5247 168.856
      vertex -10.2322 -25.9808 168
      vertex -9.01588 -25.916 168.51
    endloop
  endfacet
  facet normal -0.304289 -0.527036 0.7935
    outer loop
      vertex -17.3839 -21.8517 168
      vertex -10.2322 -25.9808 168
      vertex -8.78997 -25.5247 168.856
    endloop
  endfacet
  facet normal -0.304353 -0.527147 0.793401
    outer loop
      vertex -10.2322 -25.9808 168
      vertex -17.3839 -21.8517 168
      vertex -14.8544 -25.8497 166.314
    endloop
  endfacet
  facet normal -0.304577 -0.52723 0.79326
    outer loop
      vertex -14.8544 -25.8497 166.314
      vertex -17.3839 -21.8517 168
      vertex -14.9593 -25.7891 166.314
    endloop
  endfacet
  facet normal -0.304294 -0.527052 0.793487
    outer loop
      vertex -17.71 -20.3747 168.856
      vertex -17.3839 -21.8517 168
      vertex -8.78997 -25.5247 168.856
    endloop
  endfacet
  facet normal -0.303096 -0.527052 0.793945
    outer loop
      vertex -17.3839 -21.8517 168
      vertex -17.71 -20.3747 168.856
      vertex -17.9359 -20.766 168.51
    endloop
  endfacet
  facet normal -0.39763 -0.688307 0.606732
    outer loop
      vertex -14.8544 -25.8497 166.314
      vertex -14.9593 -25.7891 166.314
      vertex -14.9225 -25.8465 166.273
    endloop
  endfacet
  facet normal -0.304365 -0.527172 -0.79338
    outer loop
      vertex -13.8352 -23.9633 142.042
      vertex -14.8847 -22.0059 141.144
      vertex -11.6153 -23.8935 141.144
    endloop
  endfacet
  facet normal -0.191512 -0.331274 -0.923894
    outer loop
      vertex -11.6153 -23.8935 141.144
      vertex -6.86052 -22.1828 139.545
      vertex -7.81184 -23.8305 140.333
    endloop
  endfacet
  facet normal -0.191541 -0.331757 -0.923715
    outer loop
      vertex -15.595 -20.7271 140.832
      vertex -11.6153 -23.8935 141.144
      vertex -14.8847 -22.0059 141.144
    endloop
  endfacet
  facet normal -0.191381 -0.331566 -0.923817
    outer loop
      vertex -11.6153 -23.8935 141.144
      vertex -15.595 -20.7271 140.832
      vertex -6.86052 -22.1828 139.545
    endloop
  endfacet
  facet normal -0.191369 -0.331462 -0.923856
    outer loop
      vertex -15.595 -20.7271 140.832
      vertex -15.7806 -17.0328 139.545
      vertex -6.86052 -22.1828 139.545
    endloop
  endfacet
  facet normal -0.191182 -0.331466 -0.923894
    outer loop
      vertex -15.7806 -17.0328 139.545
      vertex -15.595 -20.7271 140.832
      vertex -16.7319 -18.6805 140.333
    endloop
  endfacet
  facet normal -0.0652413 -0.113001 -0.991451
    outer loop
      vertex -6.86052 -22.1828 139.545
      vertex -13.71 -13.4465 139
      vertex -4.78997 -18.5965 139
    endloop
  endfacet
  facet normal -0.0652407 -0.113 -0.991451
    outer loop
      vertex -13.71 -13.4465 139
      vertex -6.86052 -22.1828 139.545
      vertex -15.7806 -17.0328 139.545
    endloop
  endfacet
  facet normal -0.500001 -0.866025 0
    outer loop
      vertex -13.71 -13.4465 81
      vertex -4.78997 -18.5965 139
      vertex -13.71 -13.4465 139
    endloop
  endfacet
  facet normal -0.500001 -0.866025 -0
    outer loop
      vertex -4.78997 -18.5965 139
      vertex -13.71 -13.4465 81
      vertex -4.78997 -18.5965 81
    endloop
  endfacet
  facet normal -0.126766 -0.219568 0.967326
    outer loop
      vertex -4.78997 -18.5965 81
      vertex -7.96154 -19.1766 80.4527
      vertex -5.14118 -19.2048 80.8159
    endloop
  endfacet
  facet normal -0.126766 -0.219565 0.967327
    outer loop
      vertex -7.96154 -19.1766 80.4527
      vertex -4.78997 -18.5965 81
      vertex -13.71 -13.4465 81
    endloop
  endfacet
  facet normal -0.126835 -0.219688 0.96729
    outer loop
      vertex -7.96154 -19.1766 80.4527
      vertex -11.9495 -17.6293 80.2812
      vertex -9.29267 -19.1632 80.2812
    endloop
  endfacet
  facet normal -0.126802 -0.219599 0.967315
    outer loop
      vertex -13.71 -13.4465 81
      vertex -11.9495 -17.6293 80.2812
      vertex -7.96154 -19.1766 80.4527
    endloop
  endfacet
  facet normal -0.12675 -0.219579 0.967326
    outer loop
      vertex -11.9495 -17.6293 80.2812
      vertex -13.71 -13.4465 81
      vertex -14.0612 -14.0548 80.8159
    endloop
  endfacet
  facet normal -0.211492 -0.366321 0.906135
    outer loop
      vertex -9.29267 -19.1632 80.2812
      vertex -11.9495 -17.6293 80.2812
      vertex -11.0461 -19.1324 79.8844
    endloop
  endfacet
  facet normal -0.393945 -0.682487 -0.615645
    outer loop
      vertex -11.9104 -20.6294 30.8362
      vertex -12.04 -20.4486 30.7187
      vertex -10.8117 -20.7376 30.2531
    endloop
  endfacet
  facet normal -0.393963 -0.682366 -0.615768
    outer loop
      vertex -14.3147 -17.2741 28.6562
      vertex -10.8117 -20.7376 30.2531
      vertex -12.04 -20.4486 30.7187
    endloop
  endfacet
  facet normal -0.393972 -0.682369 -0.615758
    outer loop
      vertex -10.8117 -20.7376 30.2531
      vertex -14.3147 -17.2741 28.6562
      vertex -7.80245 -21.034 28.6562
    endloop
  endfacet
  facet normal -0.355416 -0.615674 -0.703296
    outer loop
      vertex -7.80245 -21.034 28.6562
      vertex -4.78997 -18.5965 25
      vertex -6.26871 -21.1577 27.9894
    endloop
  endfacet
  facet normal -0.355446 -0.615648 -0.703303
    outer loop
      vertex -7.80245 -21.034 28.6562
      vertex -13.71 -13.4465 25
      vertex -4.78997 -18.5965 25
    endloop
  endfacet
  facet normal -0.355451 -0.61565 -0.703299
    outer loop
      vertex -14.3147 -17.2741 28.6562
      vertex -13.71 -13.4465 25
      vertex -7.80245 -21.034 28.6562
    endloop
  endfacet
  facet normal -0.35545 -0.61565 -0.703299
    outer loop
      vertex -13.71 -13.4465 25
      vertex -14.3147 -17.2741 28.6562
      vertex -15.1888 -16.0077 27.9894
    endloop
  endfacet
  facet normal -0.500001 -0.866025 0
    outer loop
      vertex -13.71 -13.4465 0
      vertex -4.78997 -18.5965 25
      vertex -13.71 -13.4465 25
    endloop
  endfacet
  facet normal -0.500001 -0.866025 -0
    outer loop
      vertex -4.78997 -18.5965 25
      vertex -13.71 -13.4465 0
      vertex -4.78997 -18.5965 0
    endloop
  endfacet
  facet normal -0.866017 -0.500015 3.81875e-06
    outer loop
      vertex 14.9796 -15.6454 208.02
      vertex 13.71 -13.4465 205
      vertex 17.71 -20.3747 168.856
    endloop
  endfacet
  facet normal -0.866031 -0.49999 -2.61219e-06
    outer loop
      vertex 17.71 -20.3747 168.856
      vertex 13.71 -13.4465 205
      vertex 15.7806 -17.0328 170.455
    endloop
  endfacet
  facet normal -0.866289 -0.499543 -9.45088e-05
    outer loop
      vertex 14.9796 -15.6454 208.02
      vertex 15.3676 -16.3174 203.499
      vertex 15.1653 -15.9671 206.254
    endloop
  endfacet
  facet normal -0.865943 -0.500143 2.44854e-05
    outer loop
      vertex 17.71 -20.3747 168.856
      vertex 15.3676 -16.3174 203.499
      vertex 14.9796 -15.6454 208.02
    endloop
  endfacet
  facet normal -0.866043 -0.49997 -2.64047e-06
    outer loop
      vertex 15.3676 -16.3174 203.499
      vertex 17.71 -20.3747 168.856
      vertex 17.9359 -20.766 168.51
    endloop
  endfacet
  facet normal -0.86602 -0.500009 -0
    outer loop
      vertex 13.71 -13.4465 205
      vertex 13.71 -13.4465 171
      vertex 15.7806 -17.0328 170.455
    endloop
  endfacet
  facet normal -0.866027 -0.499998 1.50567e-06
    outer loop
      vertex 15.4537 -16.4666 111.847
      vertex 13.71 -13.4465 81
      vertex 14.0612 -14.0548 80.8159
    endloop
  endfacet
  facet normal -0.866019 -0.500011 -1.60289e-07
    outer loop
      vertex 13.71 -13.4465 81
      vertex 15.4537 -16.4666 111.847
      vertex 15.7806 -17.0328 139.545
    endloop
  endfacet
  facet normal -0.866044 -0.499967 8.54053e-06
    outer loop
      vertex 15.0244 -15.723 208.174
      vertex 14.9796 -15.6454 208.02
      vertex 15.1653 -15.9671 206.254
    endloop
  endfacet
  facet normal -0.866029 -0.499994 2.076e-06
    outer loop
      vertex 16.3723 -18.0577 132.32
      vertex 15.7806 -17.0328 139.545
      vertex 15.9324 -17.2958 122.517
    endloop
  endfacet
  facet normal -0.866026 -0.499999 2.94846e-06
    outer loop
      vertex 15.7806 -17.0328 139.545
      vertex 16.3723 -18.0577 132.32
      vertex 16.7319 -18.6805 140.333
    endloop
  endfacet
  facet normal -0.86605 -0.499957 1.30681e-06
    outer loop
      vertex 15.7806 -17.0328 139.545
      vertex 15.4537 -16.4666 111.847
      vertex 15.9324 -17.2958 122.517
    endloop
  endfacet
  facet normal -0.86602 -0.500009 -0
    outer loop
      vertex 13.71 -13.4465 139
      vertex 13.71 -13.4465 81
      vertex 15.7806 -17.0328 139.545
    endloop
  endfacet
  facet normal -0.866015 -0.500018 5.52841e-06
    outer loop
      vertex 15.1888 -16.0077 27.9894
      vertex 13.71 -13.4465 25
      vertex 16.2234 -17.7997 18.333
    endloop
  endfacet
  facet normal -0.866008 -0.50003 -1.50867e-05
    outer loop
      vertex 16.1017 -17.5889 6.01776
      vertex 13.71 -13.4465 0
      vertex 14.9734 -15.6346 0
    endloop
  endfacet
  facet normal -0.866017 -0.500014 -1.07177e-06
    outer loop
      vertex 16.4734 -18.2327 16
      vertex 13.71 -13.4465 0
      vertex 16.1017 -17.5889 6.01776
    endloop
  endfacet
  facet normal -0.866019 -0.500012 0
    outer loop
      vertex 13.71 -13.4465 0
      vertex 16.4734 -18.2327 16
      vertex 13.71 -13.4465 25
    endloop
  endfacet
  facet normal -0.866024 -0.500002 -0
    outer loop
      vertex 16.4734 -18.2327 16
      vertex 16.1017 -17.5889 6.01776
      vertex 16.4734 -18.2327 8
    endloop
  endfacet
  facet normal -0.866018 -0.500012 2.62098e-07
    outer loop
      vertex 13.71 -13.4465 25
      vertex 16.4734 -18.2327 16
      vertex 16.2234 -17.7997 18.333
    endloop
  endfacet
  facet normal 0.866026 0.499999 3.64472e-07
    outer loop
      vertex 8.78997 -25.5247 168.856
      vertex 4.78997 -18.5965 205
      vertex 6.0595 -20.7954 208.02
    endloop
  endfacet
  facet normal 0.866025 0.500001 -1.22273e-07
    outer loop
      vertex 6.86052 -22.1828 170.455
      vertex 4.78997 -18.5965 205
      vertex 8.78997 -25.5247 168.856
    endloop
  endfacet
  facet normal 0.86597 0.500096 -1.53485e-05
    outer loop
      vertex 6.24525 -21.1171 206.254
      vertex 8.78997 -25.5247 168.856
      vertex 6.0595 -20.7954 208.02
    endloop
  endfacet
  facet normal 0.866033 0.499987 1.85114e-06
    outer loop
      vertex 8.78997 -25.5247 168.856
      vertex 6.24525 -21.1171 206.254
      vertex 9.01588 -25.916 168.51
    endloop
  endfacet
  facet normal 0.866026 0.5 0
    outer loop
      vertex 6.86052 -22.1828 170.455
      vertex 4.78997 -18.5965 171
      vertex 4.78997 -18.5965 205
    endloop
  endfacet
  facet normal 0.866021 0.500008 1.21143e-06
    outer loop
      vertex 4.78997 -18.5965 81
      vertex 6.53362 -21.6166 111.847
      vertex 5.14118 -19.2048 80.8159
    endloop
  endfacet
  facet normal 0.866027 0.499997 -2.10144e-07
    outer loop
      vertex 6.53362 -21.6166 111.847
      vertex 4.78997 -18.5965 81
      vertex 6.86052 -22.1828 139.545
    endloop
  endfacet
  facet normal 0.865887 0.50024 -5.025e-05
    outer loop
      vertex 6.24525 -21.1171 206.254
      vertex 6.0595 -20.7954 208.02
      vertex 6.10434 -20.873 208.174
    endloop
  endfacet
  facet normal 0.866021 0.500008 6.91302e-07
    outer loop
      vertex 7.01238 -22.4458 122.517
      vertex 6.86052 -22.1828 139.545
      vertex 7.81184 -23.8305 140.333
    endloop
  endfacet
  facet normal 0.866013 0.500021 4.31425e-07
    outer loop
      vertex 7.01238 -22.4458 122.517
      vertex 6.53362 -21.6166 111.847
      vertex 6.86052 -22.1828 139.545
    endloop
  endfacet
  facet normal 0.866026 0.5 0
    outer loop
      vertex 6.86052 -22.1828 139.545
      vertex 4.78997 -18.5965 81
      vertex 4.78997 -18.5965 139
    endloop
  endfacet
  facet normal 0.866021 0.500007 -9.59477e-07
    outer loop
      vertex 7.30333 -22.9497 18.333
      vertex 4.78997 -18.5965 25
      vertex 6.26871 -21.1577 27.9894
    endloop
  endfacet
  facet normal 0.866025 0.500001 0
    outer loop
      vertex 7.55329 -23.3827 16
      vertex 4.78997 -18.5965 0
      vertex 4.78997 -18.5965 25
    endloop
  endfacet
  facet normal 0.866009 0.500028 -1.89433e-05
    outer loop
      vertex 7.55329 -23.3827 16
      vertex 4.78997 -18.5965 25
      vertex 7.30333 -22.9497 18.333
    endloop
  endfacet
  facet normal 0.866025 0.500001 0
    outer loop
      vertex 4.78997 -18.5965 0
      vertex 7.55329 -23.3827 16
      vertex 7.55329 -23.3827 8
    endloop
  endfacet
  facet normal 0.866022 0.500006 4.04158e-06
    outer loop
      vertex 4.78997 -18.5965 0
      vertex 7.55329 -23.3827 8
      vertex 6.05329 -20.7846 0
    endloop
  endfacet
  facet normal 0.456901 -0.788698 -0.411336
    outer loop
      vertex 11.7307 -20.3516 212.275
      vertex 11.7597 -20.3348 212.275
      vertex 11.7481 -20.3483 212.288
    endloop
  endfacet
  facet normal 0.459023 -0.79528 -0.396014
    outer loop
      vertex 11.8868 -20.1644 212.08
      vertex 11.7307 -20.3516 212.275
      vertex 11.5195 -20.3764 212.08
    endloop
  endfacet
  facet normal 0.460602 -0.795087 -0.394566
    outer loop
      vertex 11.7307 -20.3516 212.275
      vertex 11.8868 -20.1644 212.08
      vertex 11.7597 -20.3348 212.275
    endloop
  endfacet
  facet normal 0.431876 -0.748245 -0.5036
    outer loop
      vertex 9.71855 -20.5416 210.781
      vertex 11.8868 -20.1644 212.08
      vertex 11.5195 -20.3764 212.08
    endloop
  endfacet
  facet normal 0.431929 -0.748132 -0.503721
    outer loop
      vertex 9.71855 -20.5416 210.781
      vertex 15.0244 -15.723 208.174
      vertex 11.8868 -20.1644 212.08
    endloop
  endfacet
  facet normal 0.432517 -0.74834 -0.502909
    outer loop
      vertex 15.0244 -15.723 208.174
      vertex 9.71855 -20.5416 210.781
      vertex 14.9796 -15.6454 208.02
    endloop
  endfacet
  facet normal 0.431485 -0.748879 -0.502992
    outer loop
      vertex 6.0595 -20.7954 208.02
      vertex 9.71855 -20.5416 210.781
      vertex 6.10434 -20.873 208.174
    endloop
  endfacet
  facet normal 0.431947 -0.748157 -0.50367
    outer loop
      vertex 9.71855 -20.5416 210.781
      vertex 6.0595 -20.7954 208.02
      vertex 14.9796 -15.6454 208.02
    endloop
  endfacet
  facet normal 0.382712 -0.662874 -0.643529
    outer loop
      vertex 13.71 -13.4465 205
      vertex 6.0595 -20.7954 208.02
      vertex 4.78997 -18.5965 205
    endloop
  endfacet
  facet normal 0.382707 -0.662872 -0.643534
    outer loop
      vertex 6.0595 -20.7954 208.02
      vertex 13.71 -13.4465 205
      vertex 14.9796 -15.6454 208.02
    endloop
  endfacet
  facet normal 0.500001 -0.866025 0
    outer loop
      vertex 4.78997 -18.5965 171
      vertex 13.71 -13.4465 205
      vertex 4.78997 -18.5965 205
    endloop
  endfacet
  facet normal 0.500001 -0.866025 0
    outer loop
      vertex 13.71 -13.4465 205
      vertex 4.78997 -18.5965 171
      vertex 13.71 -13.4465 171
    endloop
  endfacet
  facet normal 0.0652407 -0.113 0.991451
    outer loop
      vertex 13.71 -13.4465 171
      vertex 6.86052 -22.1828 170.455
      vertex 15.7806 -17.0328 170.455
    endloop
  endfacet
  facet normal 0.0652413 -0.113001 0.991451
    outer loop
      vertex 6.86052 -22.1828 170.455
      vertex 13.71 -13.4465 171
      vertex 4.78997 -18.5965 171
    endloop
  endfacet
  facet normal 0.191403 -0.331521 0.923828
    outer loop
      vertex 15.7806 -17.0328 170.455
      vertex 6.86052 -22.1828 170.455
      vertex 17.71 -20.3747 168.856
    endloop
  endfacet
  facet normal 0.191403 -0.331518 0.923829
    outer loop
      vertex 17.71 -20.3747 168.856
      vertex 6.86052 -22.1828 170.455
      vertex 8.78997 -25.5247 168.856
    endloop
  endfacet
  facet normal 0.303096 -0.527052 0.793945
    outer loop
      vertex 17.71 -20.3747 168.856
      vertex 17.3839 -21.8517 168
      vertex 17.9359 -20.766 168.51
    endloop
  endfacet
  facet normal 0.304298 -0.527052 0.793486
    outer loop
      vertex 10.2322 -25.9808 168
      vertex 17.3839 -21.8517 168
      vertex 17.71 -20.3747 168.856
    endloop
  endfacet
  facet normal 0.30441 -0.527246 0.793313
    outer loop
      vertex 17.3839 -21.8517 168
      vertex 10.2322 -25.9808 168
      vertex 15.0621 -25.6222 166.385
    endloop
  endfacet
  facet normal 0.304585 -0.525914 0.79413
    outer loop
      vertex 14.8544 -25.8497 166.314
      vertex 15.0621 -25.6222 166.385
      vertex 10.2322 -25.9808 168
    endloop
  endfacet
  facet normal 0.303346 -0.5251 0.795142
    outer loop
      vertex 15.0621 -25.6222 166.385
      vertex 14.8544 -25.8497 166.314
      vertex 14.9593 -25.7891 166.314
    endloop
  endfacet
  facet normal 0.304287 -0.527039 0.793498
    outer loop
      vertex 8.78997 -25.5247 168.856
      vertex 10.2322 -25.9808 168
      vertex 17.71 -20.3747 168.856
    endloop
  endfacet
  facet normal 0.304877 -0.526019 0.793948
    outer loop
      vertex 10.2322 -25.9808 168
      vertex 8.78997 -25.5247 168.856
      vertex 9.01588 -25.916 168.51
    endloop
  endfacet
  facet normal 0.39763 -0.688307 0.606732
    outer loop
      vertex 14.9593 -25.7891 166.314
      vertex 14.8544 -25.8497 166.314
      vertex 14.9225 -25.8465 166.273
    endloop
  endfacet
  facet normal 0.304365 -0.527172 -0.79338
    outer loop
      vertex 13.8352 -23.9633 142.042
      vertex 11.6153 -23.8935 141.144
      vertex 14.8847 -22.0059 141.144
    endloop
  endfacet
  facet normal 0.191273 -0.331413 -0.923894
    outer loop
      vertex 16.0526 -19.9033 140.631
      vertex 15.7806 -17.0328 139.545
      vertex 16.7319 -18.6805 140.333
    endloop
  endfacet
  facet normal 0.190908 -0.331469 -0.923949
    outer loop
      vertex 14.8847 -22.0059 141.144
      vertex 15.7806 -17.0328 139.545
      vertex 16.0526 -19.9033 140.631
    endloop
  endfacet
  facet normal 0.191554 -0.331779 -0.923704
    outer loop
      vertex 10.1527 -23.8693 140.832
      vertex 14.8847 -22.0059 141.144
      vertex 11.6153 -23.8935 141.144
    endloop
  endfacet
  facet normal 0.191461 -0.331526 -0.923815
    outer loop
      vertex 14.8847 -22.0059 141.144
      vertex 10.1527 -23.8693 140.832
      vertex 15.7806 -17.0328 139.545
    endloop
  endfacet
  facet normal 0.191455 -0.331307 -0.923894
    outer loop
      vertex 6.86052 -22.1828 139.545
      vertex 10.1527 -23.8693 140.832
      vertex 7.81184 -23.8305 140.333
    endloop
  endfacet
  facet normal 0.191365 -0.331455 -0.92386
    outer loop
      vertex 10.1527 -23.8693 140.832
      vertex 6.86052 -22.1828 139.545
      vertex 15.7806 -17.0328 139.545
    endloop
  endfacet
  facet normal 0.0652407 -0.113 -0.991451
    outer loop
      vertex 6.86052 -22.1828 139.545
      vertex 13.71 -13.4465 139
      vertex 15.7806 -17.0328 139.545
    endloop
  endfacet
  facet normal 0.0652413 -0.113001 -0.991451
    outer loop
      vertex 13.71 -13.4465 139
      vertex 6.86052 -22.1828 139.545
      vertex 4.78997 -18.5965 139
    endloop
  endfacet
  facet normal 0.500001 -0.866025 0
    outer loop
      vertex 4.78997 -18.5965 81
      vertex 13.71 -13.4465 139
      vertex 4.78997 -18.5965 139
    endloop
  endfacet
  facet normal 0.500001 -0.866025 0
    outer loop
      vertex 13.71 -13.4465 139
      vertex 4.78997 -18.5965 81
      vertex 13.71 -13.4465 81
    endloop
  endfacet
  facet normal 0.12677 -0.219567 0.967326
    outer loop
      vertex 13.71 -13.4465 81
      vertex 12.6266 -16.4832 80.4527
      vertex 14.0612 -14.0548 80.8159
    endloop
  endfacet
  facet normal 0.126767 -0.219566 0.967327
    outer loop
      vertex 12.6266 -16.4832 80.4527
      vertex 13.71 -13.4465 81
      vertex 4.78997 -18.5965 81
    endloop
  endfacet
  facet normal 0.126825 -0.219671 0.967295
    outer loop
      vertex 12.6266 -16.4832 80.4527
      vertex 9.29267 -19.1632 80.2812
      vertex 11.9495 -17.6293 80.2812
    endloop
  endfacet
  facet normal 0.126779 -0.219615 0.967314
    outer loop
      vertex 4.78997 -18.5965 81
      vertex 9.29267 -19.1632 80.2812
      vertex 12.6266 -16.4832 80.4527
    endloop
  endfacet
  facet normal 0.126789 -0.219555 0.967326
    outer loop
      vertex 9.29267 -19.1632 80.2812
      vertex 4.78997 -18.5965 81
      vertex 5.14118 -19.2048 80.8159
    endloop
  endfacet
  facet normal 0.211492 -0.366321 0.906135
    outer loop
      vertex 11.9495 -17.6293 80.2812
      vertex 9.29267 -19.1632 80.2812
      vertex 11.0461 -19.1324 79.8844
    endloop
  endfacet
  facet normal 0.393966 -0.682403 -0.615725
    outer loop
      vertex 11.9104 -20.6294 30.8362
      vertex 11.689 -20.6512 30.7187
      vertex 12.5535 -19.732 30.2531
    endloop
  endfacet
  facet normal 0.393964 -0.682402 -0.615727
    outer loop
      vertex 7.80245 -21.034 28.6562
      vertex 12.5535 -19.732 30.2531
      vertex 11.689 -20.6512 30.7187
    endloop
  endfacet
  facet normal 0.393967 -0.682362 -0.61577
    outer loop
      vertex 12.5535 -19.732 30.2531
      vertex 7.80245 -21.034 28.6562
      vertex 14.3147 -17.2741 28.6562
    endloop
  endfacet
  facet normal 0.35545 -0.61565 -0.703299
    outer loop
      vertex 14.3147 -17.2741 28.6562
      vertex 13.71 -13.4465 25
      vertex 15.1888 -16.0077 27.9894
    endloop
  endfacet
  facet normal 0.355451 -0.61565 -0.703299
    outer loop
      vertex 7.80245 -21.034 28.6562
      vertex 13.71 -13.4465 25
      vertex 14.3147 -17.2741 28.6562
    endloop
  endfacet
  facet normal 0.355416 -0.615674 -0.703296
    outer loop
      vertex 4.78997 -18.5965 25
      vertex 7.80245 -21.034 28.6562
      vertex 6.26871 -21.1577 27.9894
    endloop
  endfacet
  facet normal 0.355446 -0.615648 -0.703303
    outer loop
      vertex 7.80245 -21.034 28.6562
      vertex 4.78997 -18.5965 25
      vertex 13.71 -13.4465 25
    endloop
  endfacet
  facet normal 0.500001 -0.866025 0
    outer loop
      vertex 4.78997 -18.5965 0
      vertex 13.71 -13.4465 25
      vertex 4.78997 -18.5965 25
    endloop
  endfacet
  facet normal 0.500001 -0.866025 0
    outer loop
      vertex 13.71 -13.4465 25
      vertex 4.78997 -18.5965 0
      vertex 13.71 -13.4465 0
    endloop
  endfacet
  facet normal -0.866028 0.499995 0
    outer loop
      vertex -24.0266 5.15 8
      vertex -16.4734 18.2327 16
      vertex -16.4734 18.2327 8
    endloop
  endfacet
  facet normal -0.866028 0.499995 0
    outer loop
      vertex -16.4734 18.2327 16
      vertex -24.0266 5.15 8
      vertex -24.0266 5.15 16
    endloop
  endfacet
  facet normal -0.851506 0.491563 0.182493
    outer loop
      vertex -21.4575 5.15 27.9894
      vertex -9.75 16.8875 51
      vertex -21.7395 5.15 26.6736
    endloop
  endfacet
  facet normal -0.851489 0.491602 0.182465
    outer loop
      vertex -22.1172 3.75986 28.6562
      vertex -9.75 16.8875 51
      vertex -21.4575 5.15 27.9894
    endloop
  endfacet
  facet normal -0.851488 0.491605 0.182463
    outer loop
      vertex -23.8208 0 30.8362
      vertex -9.75 16.8875 51
      vertex -22.1172 3.75986 28.6562
    endloop
  endfacet
  facet normal -0.851488 0.491606 0.182461
    outer loop
      vertex -9.75 16.8875 51
      vertex -23.8208 0 30.8362
      vertex -19.5 0 51
    endloop
  endfacet
  facet normal -0.851487 0.4916 0.182484
    outer loop
      vertex -24.0266 5.15 16
      vertex -16.2234 17.7997 18.333
      vertex -16.4734 18.2327 16
    endloop
  endfacet
  facet normal -0.851489 0.491606 0.182454
    outer loop
      vertex -21.7395 5.15 26.6736
      vertex -16.2234 17.7997 18.333
      vertex -24.0266 5.15 16
    endloop
  endfacet
  facet normal -0.851496 0.491592 0.182461
    outer loop
      vertex -9.75 16.8875 51
      vertex -12.5535 19.732 30.2531
      vertex -14.3147 17.2741 28.6562
    endloop
  endfacet
  facet normal -0.851474 0.49163 0.182463
    outer loop
      vertex -12.5535 19.732 30.2531
      vertex -9.75 16.8875 51
      vertex -11.9104 20.6294 30.8362
    endloop
  endfacet
  facet normal -0.851471 0.491637 0.182457
    outer loop
      vertex -15.1888 16.0077 27.9894
      vertex -9.75 16.8875 51
      vertex -14.3147 17.2741 28.6562
    endloop
  endfacet
  facet normal -0.851486 0.491609 0.18246
    outer loop
      vertex -16.2234 17.7997 18.333
      vertex -21.7395 5.15 26.6736
      vertex -15.1888 16.0077 27.9894
    endloop
  endfacet
  facet normal -0.851486 0.491609 0.182461
    outer loop
      vertex -15.1888 16.0077 27.9894
      vertex -21.7395 5.15 26.6736
      vertex -9.75 16.8875 51
    endloop
  endfacet
  facet normal -0.863427 0.498488 -0.077484
    outer loop
      vertex -19.5 0 51
      vertex -19.2024 5.15 80.8159
      vertex -16.3723 18.0577 132.32
    endloop
  endfacet
  facet normal -0.863417 0.498505 -0.0774871
    outer loop
      vertex -19.5 0 51
      vertex -21.2422 1.53393 80.2812
      vertex -19.2024 5.15 80.8159
    endloop
  endfacet
  facet normal -0.863423 0.498495 -0.077487
    outer loop
      vertex -21.2422 1.53393 80.2812
      vertex -19.5 0 51
      vertex -22.0922 0 79.8844
    endloop
  endfacet
  facet normal -0.863425 0.498491 -0.0774868
    outer loop
      vertex -16.0526 19.9033 140.631
      vertex -17.3839 21.8517 168
      vertex -15.0621 25.6222 166.385
    endloop
  endfacet
  facet normal -0.863403 0.498529 -0.0774885
    outer loop
      vertex -16.7319 18.6805 140.333
      vertex -17.3839 21.8517 168
      vertex -16.0526 19.9033 140.631
    endloop
  endfacet
  facet normal -0.863421 0.498498 -0.0774868
    outer loop
      vertex -24.5437 5.15 140.333
      vertex -16.3723 18.0577 132.32
      vertex -19.2024 5.15 80.8159
    endloop
  endfacet
  facet normal -0.863422 0.498495 -0.0774927
    outer loop
      vertex -16.3723 18.0577 132.32
      vertex -24.5437 5.15 140.333
      vertex -16.7319 18.6805 140.333
    endloop
  endfacet
  facet normal -0.863423 0.498495 -0.0774877
    outer loop
      vertex -27.6161 4.12907 168
      vertex -16.7319 18.6805 140.333
      vertex -24.5437 5.15 140.333
    endloop
  endfacet
  facet normal -0.863421 0.498498 -0.0774854
    outer loop
      vertex -16.7319 18.6805 140.333
      vertex -27.6161 4.12907 168
      vertex -17.3839 21.8517 168
    endloop
  endfacet
  facet normal -0.863425 0.49849 -0.0774884
    outer loop
      vertex -29.845 0 166.273
      vertex -24.5437 5.15 140.333
      vertex -26.5 1.8876 141.144
    endloop
  endfacet
  facet normal -0.863424 0.498492 -0.077488
    outer loop
      vertex -24.5437 5.15 140.333
      vertex -29.845 0 166.273
      vertex -27.6161 4.12907 168
    endloop
  endfacet
  facet normal -0.863421 0.498498 -0.0774873
    outer loop
      vertex -29.845 0 166.273
      vertex -26.5 1.8876 141.144
      vertex -27.6704 0 142.042
    endloop
  endfacet
  facet normal -0.86369 0.498194 -0.0764329
    outer loop
      vertex -27.6161 4.12907 168
      vertex -29.845 0 166.273
      vertex -29.8137 0.0605532 166.314
    endloop
  endfacet
  facet normal -0.863424 0.498492 -0.0774865
    outer loop
      vertex -12.6266 16.4832 80.4527
      vertex -11.0461 19.1324 79.8844
      vertex -9.75 16.8875 51
    endloop
  endfacet
  facet normal -0.86342 0.498528 -0.0773069
    outer loop
      vertex -11.0461 19.1324 79.8844
      vertex -12.6266 16.4832 80.4527
      vertex -11.9495 17.6293 80.2812
    endloop
  endfacet
  facet normal -0.863427 0.498488 -0.0774868
    outer loop
      vertex -9.75 16.8875 51
      vertex -14.0612 14.0548 80.8159
      vertex -12.6266 16.4832 80.4527
    endloop
  endfacet
  facet normal -0.863422 0.498497 -0.0774852
    outer loop
      vertex -14.0612 14.0548 80.8159
      vertex -9.75 16.8875 51
      vertex -19.5 0 51
    endloop
  endfacet
  facet normal -0.863413 0.498511 -0.0774896
    outer loop
      vertex -15.9324 17.2958 122.517
      vertex -19.5 0 51
      vertex -16.3723 18.0577 132.32
    endloop
  endfacet
  facet normal -0.863447 0.498454 -0.0774743
    outer loop
      vertex -15.4537 16.4666 111.847
      vertex -19.5 0 51
      vertex -15.9324 17.2958 122.517
    endloop
  endfacet
  facet normal -0.863417 0.498505 -0.0774901
    outer loop
      vertex -19.5 0 51
      vertex -15.4537 16.4666 111.847
      vertex -14.0612 14.0548 80.8159
    endloop
  endfacet
  facet normal -0.863007 0.499562 -0.0752149
    outer loop
      vertex -14.9225 25.8465 166.273
      vertex -15.0621 25.6222 166.385
      vertex -14.9593 25.7891 166.314
    endloop
  endfacet
  facet normal -0.863342 0.498633 -0.0774932
    outer loop
      vertex -13.8352 23.9633 142.042
      vertex -15.0621 25.6222 166.385
      vertex -14.9225 25.8465 166.273
    endloop
  endfacet
  facet normal -0.863415 0.498502 -0.0775216
    outer loop
      vertex -16.0526 19.9033 140.631
      vertex -13.8352 23.9633 142.042
      vertex -14.8847 22.0059 141.144
    endloop
  endfacet
  facet normal -0.863423 0.498495 -0.0774878
    outer loop
      vertex -13.8352 23.9633 142.042
      vertex -16.0526 19.9033 140.631
      vertex -15.0621 25.6222 166.385
    endloop
  endfacet
  facet normal -0.8591 0.496016 0.126153
    outer loop
      vertex -15.3676 16.3174 203.499
      vertex -21.1288 5.15 208.174
      vertex -15.1653 15.9671 206.254
    endloop
  endfacet
  facet normal -0.859109 0.496009 0.126123
    outer loop
      vertex -21.1288 5.15 208.174
      vertex -15.3676 16.3174 203.499
      vertex -25.3818 5.15 179.204
    endloop
  endfacet
  facet normal -0.85911 0.496013 0.126101
    outer loop
      vertex -21.1288 5.15 208.174
      vertex -11.8868 20.1644 212.08
      vertex -15.0244 15.723 208.174
    endloop
  endfacet
  facet normal -0.859109 0.496013 0.126107
    outer loop
      vertex -15.1653 15.9671 206.254
      vertex -21.1288 5.15 208.174
      vertex -15.0244 15.723 208.174
    endloop
  endfacet
  facet normal -0.85911 0.496003 0.12614
    outer loop
      vertex -23.4062 0.212044 212.08
      vertex -11.8868 20.1644 212.08
      vertex -21.1288 5.15 208.174
    endloop
  endfacet
  facet normal -0.859067 0.495978 0.126527
    outer loop
      vertex -11.8868 20.1644 212.08
      vertex -23.4062 0.212044 212.08
      vertex -11.7597 20.3348 212.275
    endloop
  endfacet
  facet normal -0.859098 0.495999 0.126233
    outer loop
      vertex -11.7597 20.3348 212.275
      vertex -23.4062 0.212044 212.08
      vertex -23.4903 0.01675 212.275
    endloop
  endfacet
  facet normal -0.859109 0.496007 0.126127
    outer loop
      vertex -25.3818 5.15 179.204
      vertex -17.9359 20.766 168.51
      vertex -26.9518 5.15 168.51
    endloop
  endfacet
  facet normal -0.859116 0.496013 0.126057
    outer loop
      vertex -27.6161 4.12907 168
      vertex -17.9359 20.766 168.51
      vertex -17.3839 21.8517 168
    endloop
  endfacet
  facet normal -0.859111 0.496008 0.126114
    outer loop
      vertex -17.9359 20.766 168.51
      vertex -27.6161 4.12907 168
      vertex -26.9518 5.15 168.51
    endloop
  endfacet
  facet normal -0.85911 0.496006 0.126125
    outer loop
      vertex -17.9359 20.766 168.51
      vertex -25.3818 5.15 179.204
      vertex -15.3676 16.3174 203.499
    endloop
  endfacet
  facet normal -0.851114 0.465271 0.243164
    outer loop
      vertex -19.5 0 226.275
      vertex -23.4933 0.00825778 212.282
      vertex -23.4961 0 212.288
    endloop
  endfacet
  facet normal -0.840672 0.485362 0.240196
    outer loop
      vertex -23.4933 0.00825778 212.282
      vertex -19.5 0 226.275
      vertex -9.75 16.8875 226.275
    endloop
  endfacet
  facet normal -0.838563 0.488738 0.240721
    outer loop
      vertex -11.7597 20.3348 212.275
      vertex -9.75 16.8875 226.275
      vertex -11.7481 20.3483 212.288
    endloop
  endfacet
  facet normal -0.840673 0.485362 0.240192
    outer loop
      vertex -23.4903 0.01675 212.275
      vertex -9.75 16.8875 226.275
      vertex -11.7597 20.3348 212.275
    endloop
  endfacet
  facet normal -0.839857 0.489704 0.234158
    outer loop
      vertex -9.75 16.8875 226.275
      vertex -23.4903 0.01675 212.275
      vertex -23.4933 0.00825778 212.282
    endloop
  endfacet
  facet normal -0.661692 0.382028 0.64515
    outer loop
      vertex 0 0 246.275
      vertex -9.75 16.8875 226.275
      vertex -19.5 0 226.275
    endloop
  endfacet
  facet normal 0 0 -1
    outer loop
      vertex 4.78997 -18.5965 0
      vertex 3.94352 -13 0
      vertex 4.57665 -12.7909 0
    endloop
  endfacet
  facet normal 0 0 -1
    outer loop
      vertex 4.78997 -18.5965 0
      vertex 3.30089 -13.1779 0
      vertex 3.94352 -13 0
    endloop
  endfacet
  facet normal 0 0 -1
    outer loop
      vertex 4.78997 -18.5965 0
      vertex 2.6503 -13.324 0
      vertex 3.30089 -13.1779 0
    endloop
  endfacet
  facet normal 0 0 -1
    outer loop
      vertex 4.78997 -18.5965 0
      vertex 1.99333 -13.438 0
      vertex 2.6503 -13.324 0
    endloop
  endfacet
  facet normal 0 0 -1
    outer loop
      vertex 4.78997 -18.5965 0
      vertex 1.33156 -13.5196 0
      vertex 1.99333 -13.438 0
    endloop
  endfacet
  facet normal 0 0 -1
    outer loop
      vertex -4.78997 -18.5965 0
      vertex 4.78997 -18.5965 0
      vertex 6.05329 -20.7846 0
    endloop
  endfacet
  facet normal 0 0 -1
    outer loop
      vertex 4.78997 -18.5965 0
      vertex 0.666584 -13.5686 0
      vertex 1.33156 -13.5196 0
    endloop
  endfacet
  facet normal 0 -0 -1
    outer loop
      vertex 0 -13.585 0
      vertex 4.78997 -18.5965 0
      vertex -4.78997 -18.5965 0
    endloop
  endfacet
  facet normal 0 0 -1
    outer loop
      vertex 4.78997 -18.5965 0
      vertex 0 -13.585 0
      vertex 0.666584 -13.5686 0
    endloop
  endfacet
  facet normal -0 0 -1
    outer loop
      vertex 0 -13.585 0
      vertex -4.78997 -18.5965 0
      vertex -0.666584 -13.5686 0
    endloop
  endfacet
  facet normal -0 0 -1
    outer loop
      vertex -0.666584 -13.5686 0
      vertex -4.78997 -18.5965 0
      vertex -1.33156 -13.5196 0
    endloop
  endfacet
  facet normal -0 0 -1
    outer loop
      vertex -1.33156 -13.5196 0
      vertex -4.78997 -18.5965 0
      vertex -1.99333 -13.438 0
    endloop
  endfacet
  facet normal -0 0 -1
    outer loop
      vertex -1.99333 -13.438 0
      vertex -4.78997 -18.5965 0
      vertex -2.6503 -13.324 0
    endloop
  endfacet
  facet normal -0 0 -1
    outer loop
      vertex -2.6503 -13.324 0
      vertex -4.78997 -18.5965 0
      vertex -3.30089 -13.1779 0
    endloop
  endfacet
  facet normal -0 0 -1
    outer loop
      vertex -3.30089 -13.1779 0
      vertex -4.78997 -18.5965 0
      vertex -3.94352 -13 0
    endloop
  endfacet
  facet normal -0 0 -1
    outer loop
      vertex -3.94352 -13 0
      vertex -4.78997 -18.5965 0
      vertex -4.57665 -12.7909 0
    endloop
  endfacet
  facet normal 0 -0 -1
    outer loop
      vertex -4.78997 -18.5965 0
      vertex 6.05329 -20.7846 0
      vertex -6.05329 -20.7846 0
    endloop
  endfacet
  facet normal 0 0 -1
    outer loop
      vertex 13.5196 1.33156 0
      vertex 18.5 5.15 0
      vertex 13.5686 0.666584 0
    endloop
  endfacet
  facet normal 0 0 -1
    outer loop
      vertex 13.438 1.99333 0
      vertex 18.5 5.15 0
      vertex 13.5196 1.33156 0
    endloop
  endfacet
  facet normal 0 0 -1
    outer loop
      vertex 13.324 2.6503 0
      vertex 18.5 5.15 0
      vertex 13.438 1.99333 0
    endloop
  endfacet
  facet normal 0 0 -1
    outer loop
      vertex 13.1779 3.30089 0
      vertex 18.5 5.15 0
      vertex 13.324 2.6503 0
    endloop
  endfacet
  facet normal 0 0 -1
    outer loop
      vertex 13 3.94352 0
      vertex 18.5 5.15 0
      vertex 13.1779 3.30089 0
    endloop
  endfacet
  facet normal 0 0 -1
    outer loop
      vertex 12.7909 4.57665 0
      vertex 18.5 5.15 0
      vertex 13 3.94352 0
    endloop
  endfacet
  facet normal 0 0 -1
    outer loop
      vertex 12.5509 5.19875 0
      vertex 18.5 5.15 0
      vertex 12.7909 4.57665 0
    endloop
  endfacet
  facet normal 0 0 -1
    outer loop
      vertex 12.2807 5.80834 0
      vertex 18.5 5.15 0
      vertex 12.5509 5.19875 0
    endloop
  endfacet
  facet normal 0 0 -1
    outer loop
      vertex 11.9809 6.40392 0
      vertex 18.5 5.15 0
      vertex 12.2807 5.80834 0
    endloop
  endfacet
  facet normal 0 0 -1
    outer loop
      vertex 11.6522 6.98409 0
      vertex 18.5 5.15 0
      vertex 11.9809 6.40392 0
    endloop
  endfacet
  facet normal 0 0 -1
    outer loop
      vertex 18.5 5.15 0
      vertex 11.6522 6.98409 0
      vertex 13.71 13.4465 0
    endloop
  endfacet
  facet normal 0 0 -1
    outer loop
      vertex 11.2955 7.54742 0
      vertex 13.71 13.4465 0
      vertex 11.6522 6.98409 0
    endloop
  endfacet
  facet normal 0 0 -1
    outer loop
      vertex 10.9116 8.09257 0
      vertex 13.71 13.4465 0
      vertex 11.2955 7.54742 0
    endloop
  endfacet
  facet normal 0 0 -1
    outer loop
      vertex 10.5013 8.61823 0
      vertex 13.71 13.4465 0
      vertex 10.9116 8.09257 0
    endloop
  endfacet
  facet normal 0 0 -1
    outer loop
      vertex 10.0658 9.12313 0
      vertex 13.71 13.4465 0
      vertex 10.5013 8.61823 0
    endloop
  endfacet
  facet normal 0 0 -1
    outer loop
      vertex 9.60604 9.60604 0
      vertex 13.71 13.4465 0
      vertex 10.0658 9.12313 0
    endloop
  endfacet
  facet normal 0 0 -1
    outer loop
      vertex 9.12313 10.0658 0
      vertex 13.71 13.4465 0
      vertex 9.60604 9.60604 0
    endloop
  endfacet
  facet normal 0 0 -1
    outer loop
      vertex 8.61823 10.5013 0
      vertex 13.71 13.4465 0
      vertex 9.12313 10.0658 0
    endloop
  endfacet
  facet normal 0 0 -1
    outer loop
      vertex 8.09257 10.9116 0
      vertex 13.71 13.4465 0
      vertex 8.61823 10.5013 0
    endloop
  endfacet
  facet normal 0 0 -1
    outer loop
      vertex 7.54742 11.2955 0
      vertex 13.71 13.4465 0
      vertex 8.09257 10.9116 0
    endloop
  endfacet
  facet normal 0 0 -1
    outer loop
      vertex 6.98409 11.6522 0
      vertex 13.71 13.4465 0
      vertex 7.54742 11.2955 0
    endloop
  endfacet
  facet normal 0 0 -1
    outer loop
      vertex 4.78997 18.5965 0
      vertex 6.98409 11.6522 0
      vertex 6.40392 11.9809 0
    endloop
  endfacet
  facet normal 0 0 -1
    outer loop
      vertex 4.78997 18.5965 0
      vertex 6.40392 11.9809 0
      vertex 5.80834 12.2807 0
    endloop
  endfacet
  facet normal 0 0 -1
    outer loop
      vertex 4.78997 18.5965 0
      vertex 5.80834 12.2807 0
      vertex 5.19875 12.5509 0
    endloop
  endfacet
  facet normal 0 0 -1
    outer loop
      vertex 6.98409 11.6522 0
      vertex 4.78997 18.5965 0
      vertex 13.71 13.4465 0
    endloop
  endfacet
  facet normal 0 -0 -1
    outer loop
      vertex 4.78997 18.5965 0
      vertex 5.19875 12.5509 0
      vertex 4.57665 12.7909 0
    endloop
  endfacet
  facet normal 0 0 -1
    outer loop
      vertex 13.71 -13.4465 0
      vertex 18.5 -5.15 0
      vertex 14.9734 -15.6346 0
    endloop
  endfacet
  facet normal 0 0 -1
    outer loop
      vertex 14.9734 -15.6346 0
      vertex 18.5 -5.15 0
      vertex 21.0266 -5.15 0
    endloop
  endfacet
  facet normal 0 0 -1
    outer loop
      vertex 18.5 5.15 0
      vertex 14.9734 15.6346 0
      vertex 21.0266 5.15 0
    endloop
  endfacet
  facet normal 0 -0 -1
    outer loop
      vertex 13.324 -2.6503 0
      vertex 18.5 -5.15 0
      vertex 13.1779 -3.30089 0
    endloop
  endfacet
  facet normal 0 0 -1
    outer loop
      vertex 11.6522 -6.98409 0
      vertex 18.5 -5.15 0
      vertex 13.71 -13.4465 0
    endloop
  endfacet
  facet normal 0 0 -1
    outer loop
      vertex 13.5686 0.666584 0
      vertex 18.5 5.15 0
      vertex 13.585 0 0
    endloop
  endfacet
  facet normal 0 0 -1
    outer loop
      vertex 18.5 5.15 0
      vertex 13.71 13.4465 0
      vertex 14.9734 15.6346 0
    endloop
  endfacet
  facet normal 0 0 -1
    outer loop
      vertex 18.5 -5.15 0
      vertex 13.585 0 0
      vertex 18.5 5.15 0
    endloop
  endfacet
  facet normal 0 -0 -1
    outer loop
      vertex 13.585 0 0
      vertex 18.5 -5.15 0
      vertex 13.5686 -0.666584 0
    endloop
  endfacet
  facet normal 0 -0 -1
    outer loop
      vertex 13.5686 -0.666584 0
      vertex 18.5 -5.15 0
      vertex 13.5196 -1.33156 0
    endloop
  endfacet
  facet normal 0 -0 -1
    outer loop
      vertex 13.5196 -1.33156 0
      vertex 18.5 -5.15 0
      vertex 13.438 -1.99333 0
    endloop
  endfacet
  facet normal 0 -0 -1
    outer loop
      vertex 13.438 -1.99333 0
      vertex 18.5 -5.15 0
      vertex 13.324 -2.6503 0
    endloop
  endfacet
  facet normal 0 0 -1
    outer loop
      vertex 18.5 -5.15 0
      vertex 13 -3.94352 0
      vertex 13.1779 -3.30089 0
    endloop
  endfacet
  facet normal 0 0 -1
    outer loop
      vertex 18.5 -5.15 0
      vertex 12.7909 -4.57665 0
      vertex 13 -3.94352 0
    endloop
  endfacet
  facet normal -0 0 -1
    outer loop
      vertex 18.5 -5.15 0
      vertex 12.5509 -5.19875 0
      vertex 12.7909 -4.57665 0
    endloop
  endfacet
  facet normal 0 0 -1
    outer loop
      vertex 18.5 -5.15 0
      vertex 12.2807 -5.80834 0
      vertex 12.5509 -5.19875 0
    endloop
  endfacet
  facet normal 0 0 -1
    outer loop
      vertex 18.5 -5.15 0
      vertex 11.9809 -6.40392 0
      vertex 12.2807 -5.80834 0
    endloop
  endfacet
  facet normal 0 0 -1
    outer loop
      vertex 18.5 -5.15 0
      vertex 11.6522 -6.98409 0
      vertex 11.9809 -6.40392 0
    endloop
  endfacet
  facet normal 0 0 -1
    outer loop
      vertex 13.71 -13.4465 0
      vertex 11.2955 -7.54742 0
      vertex 11.6522 -6.98409 0
    endloop
  endfacet
  facet normal 0 0 -1
    outer loop
      vertex 13.71 -13.4465 0
      vertex 10.9116 -8.09257 0
      vertex 11.2955 -7.54742 0
    endloop
  endfacet
  facet normal 0 0 -1
    outer loop
      vertex 13.71 -13.4465 0
      vertex 10.5013 -8.61823 0
      vertex 10.9116 -8.09257 0
    endloop
  endfacet
  facet normal 0 0 -1
    outer loop
      vertex 13.71 -13.4465 0
      vertex 10.0658 -9.12313 0
      vertex 10.5013 -8.61823 0
    endloop
  endfacet
  facet normal 0 0 -1
    outer loop
      vertex 13.71 -13.4465 0
      vertex 9.60604 -9.60604 0
      vertex 10.0658 -9.12313 0
    endloop
  endfacet
  facet normal 0 0 -1
    outer loop
      vertex 13.71 -13.4465 0
      vertex 9.12313 -10.0658 0
      vertex 9.60604 -9.60604 0
    endloop
  endfacet
  facet normal 0 0 -1
    outer loop
      vertex 13.71 -13.4465 0
      vertex 8.61823 -10.5013 0
      vertex 9.12313 -10.0658 0
    endloop
  endfacet
  facet normal 0 0 -1
    outer loop
      vertex 13.71 -13.4465 0
      vertex 8.09257 -10.9116 0
      vertex 8.61823 -10.5013 0
    endloop
  endfacet
  facet normal 0 0 -1
    outer loop
      vertex 13.71 -13.4465 0
      vertex 7.54742 -11.2955 0
      vertex 8.09257 -10.9116 0
    endloop
  endfacet
  facet normal 0 0 -1
    outer loop
      vertex 13.71 -13.4465 0
      vertex 6.98409 -11.6522 0
      vertex 7.54742 -11.2955 0
    endloop
  endfacet
  facet normal 0 0 -1
    outer loop
      vertex 4.78997 -18.5965 0
      vertex 6.98409 -11.6522 0
      vertex 13.71 -13.4465 0
    endloop
  endfacet
  facet normal 0 0 -1
    outer loop
      vertex 6.98409 -11.6522 0
      vertex 4.78997 -18.5965 0
      vertex 6.40392 -11.9809 0
    endloop
  endfacet
  facet normal 0 0 -1
    outer loop
      vertex 6.40392 -11.9809 0
      vertex 4.78997 -18.5965 0
      vertex 5.80834 -12.2807 0
    endloop
  endfacet
  facet normal 0 0 -1
    outer loop
      vertex 5.80834 -12.2807 0
      vertex 4.78997 -18.5965 0
      vertex 5.19875 -12.5509 0
    endloop
  endfacet
  facet normal 0 0 -1
    outer loop
      vertex 5.19875 -12.5509 0
      vertex 4.78997 -18.5965 0
      vertex 4.57665 -12.7909 0
    endloop
  endfacet
  facet normal 0 0 -1
    outer loop
      vertex 3.94352 13 0
      vertex 4.78997 18.5965 0
      vertex 4.57665 12.7909 0
    endloop
  endfacet
  facet normal 0 0 -1
    outer loop
      vertex 3.30089 13.1779 0
      vertex 4.78997 18.5965 0
      vertex 3.94352 13 0
    endloop
  endfacet
  facet normal 0 0 -1
    outer loop
      vertex 2.6503 13.324 0
      vertex 4.78997 18.5965 0
      vertex 3.30089 13.1779 0
    endloop
  endfacet
  facet normal 0 0 -1
    outer loop
      vertex 1.99333 13.438 0
      vertex 4.78997 18.5965 0
      vertex 2.6503 13.324 0
    endloop
  endfacet
  facet normal 0 0 -1
    outer loop
      vertex 1.33156 13.5196 0
      vertex 4.78997 18.5965 0
      vertex 1.99333 13.438 0
    endloop
  endfacet
  facet normal 0 0 -1
    outer loop
      vertex 0.666584 13.5686 0
      vertex 4.78997 18.5965 0
      vertex 1.33156 13.5196 0
    endloop
  endfacet
  facet normal 0 0 -1
    outer loop
      vertex 0 13.585 0
      vertex 4.78997 18.5965 0
      vertex 0.666584 13.5686 0
    endloop
  endfacet
  facet normal -0 0 -1
    outer loop
      vertex 4.78997 18.5965 0
      vertex 0 13.585 0
      vertex -4.78997 18.5965 0
    endloop
  endfacet
  facet normal 0 0 -1
    outer loop
      vertex -4.78997 18.5965 0
      vertex 0 13.585 0
      vertex -0.666584 13.5686 0
    endloop
  endfacet
  facet normal 0 0 -1
    outer loop
      vertex -4.78997 18.5965 0
      vertex -0.666584 13.5686 0
      vertex -1.33156 13.5196 0
    endloop
  endfacet
  facet normal 0 0 -1
    outer loop
      vertex -4.78997 18.5965 0
      vertex -1.33156 13.5196 0
      vertex -1.99333 13.438 0
    endloop
  endfacet
  facet normal 0 0 -1
    outer loop
      vertex -4.78997 18.5965 0
      vertex -1.99333 13.438 0
      vertex -2.6503 13.324 0
    endloop
  endfacet
  facet normal 0 0 -1
    outer loop
      vertex -4.78997 18.5965 0
      vertex -2.6503 13.324 0
      vertex -3.30089 13.1779 0
    endloop
  endfacet
  facet normal 0 0 -1
    outer loop
      vertex -4.78997 18.5965 0
      vertex -3.30089 13.1779 0
      vertex -3.94352 13 0
    endloop
  endfacet
  facet normal 0 0 -1
    outer loop
      vertex -4.78997 18.5965 0
      vertex -3.94352 13 0
      vertex -4.57665 12.7909 0
    endloop
  endfacet
  facet normal 0 0 -1
    outer loop
      vertex 4.78997 18.5965 0
      vertex -4.78997 18.5965 0
      vertex 6.05329 20.7846 0
    endloop
  endfacet
  facet normal -0 0 -1
    outer loop
      vertex 6.05329 20.7846 0
      vertex -4.78997 18.5965 0
      vertex -6.05329 20.7846 0
    endloop
  endfacet
  facet normal -0 0 -1
    outer loop
      vertex -13.71 13.4465 0
      vertex -18.5 5.15 0
      vertex -14.9734 15.6346 0
    endloop
  endfacet
  facet normal 0 0 -1
    outer loop
      vertex -14.9734 15.6346 0
      vertex -18.5 5.15 0
      vertex -21.0266 5.15 0
    endloop
  endfacet
  facet normal 0 0 -1
    outer loop
      vertex -5.19875 12.5509 0
      vertex -4.78997 18.5965 0
      vertex -4.57665 12.7909 0
    endloop
  endfacet
  facet normal 0 0 -1
    outer loop
      vertex -5.80834 12.2807 0
      vertex -4.78997 18.5965 0
      vertex -5.19875 12.5509 0
    endloop
  endfacet
  facet normal 0 0 -1
    outer loop
      vertex -6.40392 11.9809 0
      vertex -4.78997 18.5965 0
      vertex -5.80834 12.2807 0
    endloop
  endfacet
  facet normal 0 0 -1
    outer loop
      vertex -6.98409 11.6522 0
      vertex -4.78997 18.5965 0
      vertex -6.40392 11.9809 0
    endloop
  endfacet
  facet normal 0 0 -1
    outer loop
      vertex -13.71 13.4465 0
      vertex -6.98409 11.6522 0
      vertex -7.54742 11.2955 0
    endloop
  endfacet
  facet normal 0 0 -1
    outer loop
      vertex -13.71 13.4465 0
      vertex -7.54742 11.2955 0
      vertex -8.09257 10.9116 0
    endloop
  endfacet
  facet normal 0 0 -1
    outer loop
      vertex -13.71 13.4465 0
      vertex -8.09257 10.9116 0
      vertex -8.61823 10.5013 0
    endloop
  endfacet
  facet normal 0 0 -1
    outer loop
      vertex -13.71 13.4465 0
      vertex -8.61823 10.5013 0
      vertex -9.12313 10.0658 0
    endloop
  endfacet
  facet normal 0 0 -1
    outer loop
      vertex -13.71 13.4465 0
      vertex -9.12313 10.0658 0
      vertex -9.60604 9.60604 0
    endloop
  endfacet
  facet normal 0 0 -1
    outer loop
      vertex -13.71 13.4465 0
      vertex -9.60604 9.60604 0
      vertex -10.0658 9.12313 0
    endloop
  endfacet
  facet normal 0 0 -1
    outer loop
      vertex -13.71 13.4465 0
      vertex -10.0658 9.12313 0
      vertex -10.5013 8.61823 0
    endloop
  endfacet
  facet normal 0 0 -1
    outer loop
      vertex -13.71 13.4465 0
      vertex -10.5013 8.61823 0
      vertex -10.9116 8.09257 0
    endloop
  endfacet
  facet normal 0 0 -1
    outer loop
      vertex -13.71 13.4465 0
      vertex -10.9116 8.09257 0
      vertex -11.2955 7.54742 0
    endloop
  endfacet
  facet normal 0 0 -1
    outer loop
      vertex -13.71 13.4465 0
      vertex -11.2955 7.54742 0
      vertex -11.6522 6.98409 0
    endloop
  endfacet
  facet normal 0 0 -1
    outer loop
      vertex -6.98409 11.6522 0
      vertex -13.71 13.4465 0
      vertex -4.78997 18.5965 0
    endloop
  endfacet
  facet normal 0 0 -1
    outer loop
      vertex -18.5 5.15 0
      vertex -11.6522 6.98409 0
      vertex -11.9809 6.40392 0
    endloop
  endfacet
  facet normal 0 0 -1
    outer loop
      vertex -18.5 5.15 0
      vertex -11.9809 6.40392 0
      vertex -12.2807 5.80834 0
    endloop
  endfacet
  facet normal 0 0 -1
    outer loop
      vertex -18.5 5.15 0
      vertex -12.2807 5.80834 0
      vertex -12.5509 5.19875 0
    endloop
  endfacet
  facet normal 0 0 -1
    outer loop
      vertex -18.5 5.15 0
      vertex -12.5509 5.19875 0
      vertex -12.7909 4.57665 0
    endloop
  endfacet
  facet normal 0 0 -1
    outer loop
      vertex -18.5 5.15 0
      vertex -12.7909 4.57665 0
      vertex -13 3.94352 0
    endloop
  endfacet
  facet normal 0 0 -1
    outer loop
      vertex -18.5 5.15 0
      vertex -13 3.94352 0
      vertex -13.1779 3.30089 0
    endloop
  endfacet
  facet normal 0 0 -1
    outer loop
      vertex -13.438 1.99333 0
      vertex -18.5 5.15 0
      vertex -13.324 2.6503 0
    endloop
  endfacet
  facet normal 0 0 -1
    outer loop
      vertex -13.5196 1.33156 0
      vertex -18.5 5.15 0
      vertex -13.438 1.99333 0
    endloop
  endfacet
  facet normal 0 0 -1
    outer loop
      vertex -13.5686 0.666584 0
      vertex -18.5 5.15 0
      vertex -13.5196 1.33156 0
    endloop
  endfacet
  facet normal 0 0 -1
    outer loop
      vertex -13.585 0 0
      vertex -18.5 5.15 0
      vertex -13.5686 0.666584 0
    endloop
  endfacet
  facet normal 0 0 -1
    outer loop
      vertex -18.5 5.15 0
      vertex -13.585 0 0
      vertex -18.5 -5.15 0
    endloop
  endfacet
  facet normal -0 0 -1
    outer loop
      vertex -13.5686 -0.666584 0
      vertex -18.5 -5.15 0
      vertex -13.585 0 0
    endloop
  endfacet
  facet normal 0 0 -1
    outer loop
      vertex -18.5 -5.15 0
      vertex -13.71 -13.4465 0
      vertex -14.9734 -15.6346 0
    endloop
  endfacet
  facet normal 0 0 -1
    outer loop
      vertex -13.324 2.6503 0
      vertex -18.5 5.15 0
      vertex -13.1779 3.30089 0
    endloop
  endfacet
  facet normal -0 0 -1
    outer loop
      vertex -11.6522 6.98409 0
      vertex -18.5 5.15 0
      vertex -13.71 13.4465 0
    endloop
  endfacet
  facet normal -0 -0 -1
    outer loop
      vertex -18.5 -5.15 0
      vertex -14.9734 -15.6346 0
      vertex -21.0266 -5.15 0
    endloop
  endfacet
  facet normal 0 0 -1
    outer loop
      vertex -4.78997 -18.5965 0
      vertex -5.19875 -12.5509 0
      vertex -4.57665 -12.7909 0
    endloop
  endfacet
  facet normal 0 0 -1
    outer loop
      vertex -4.78997 -18.5965 0
      vertex -5.80834 -12.2807 0
      vertex -5.19875 -12.5509 0
    endloop
  endfacet
  facet normal 0 0 -1
    outer loop
      vertex -4.78997 -18.5965 0
      vertex -6.40392 -11.9809 0
      vertex -5.80834 -12.2807 0
    endloop
  endfacet
  facet normal 0 0 -1
    outer loop
      vertex -4.78997 -18.5965 0
      vertex -6.98409 -11.6522 0
      vertex -6.40392 -11.9809 0
    endloop
  endfacet
  facet normal 0 0 -1
    outer loop
      vertex -13.71 -13.4465 0
      vertex -6.98409 -11.6522 0
      vertex -4.78997 -18.5965 0
    endloop
  endfacet
  facet normal -0 0 -1
    outer loop
      vertex -6.98409 -11.6522 0
      vertex -13.71 -13.4465 0
      vertex -7.54742 -11.2955 0
    endloop
  endfacet
  facet normal -0 0 -1
    outer loop
      vertex -7.54742 -11.2955 0
      vertex -13.71 -13.4465 0
      vertex -8.09257 -10.9116 0
    endloop
  endfacet
  facet normal -0 0 -1
    outer loop
      vertex -8.09257 -10.9116 0
      vertex -13.71 -13.4465 0
      vertex -8.61823 -10.5013 0
    endloop
  endfacet
  facet normal -0 0 -1
    outer loop
      vertex -8.61823 -10.5013 0
      vertex -13.71 -13.4465 0
      vertex -9.12313 -10.0658 0
    endloop
  endfacet
  facet normal -0 0 -1
    outer loop
      vertex -9.12313 -10.0658 0
      vertex -13.71 -13.4465 0
      vertex -9.60604 -9.60604 0
    endloop
  endfacet
  facet normal -0 0 -1
    outer loop
      vertex -9.60604 -9.60604 0
      vertex -13.71 -13.4465 0
      vertex -10.0658 -9.12313 0
    endloop
  endfacet
  facet normal -0 0 -1
    outer loop
      vertex -10.0658 -9.12313 0
      vertex -13.71 -13.4465 0
      vertex -10.5013 -8.61823 0
    endloop
  endfacet
  facet normal -0 0 -1
    outer loop
      vertex -10.5013 -8.61823 0
      vertex -13.71 -13.4465 0
      vertex -10.9116 -8.09257 0
    endloop
  endfacet
  facet normal -0 0 -1
    outer loop
      vertex -10.9116 -8.09257 0
      vertex -13.71 -13.4465 0
      vertex -11.2955 -7.54742 0
    endloop
  endfacet
  facet normal -0 0 -1
    outer loop
      vertex -13.5196 -1.33156 0
      vertex -18.5 -5.15 0
      vertex -13.5686 -0.666584 0
    endloop
  endfacet
  facet normal -0 0 -1
    outer loop
      vertex -13.438 -1.99333 0
      vertex -18.5 -5.15 0
      vertex -13.5196 -1.33156 0
    endloop
  endfacet
  facet normal -0 0 -1
    outer loop
      vertex -13.324 -2.6503 0
      vertex -18.5 -5.15 0
      vertex -13.438 -1.99333 0
    endloop
  endfacet
  facet normal -0 0 -1
    outer loop
      vertex -13.1779 -3.30089 0
      vertex -18.5 -5.15 0
      vertex -13.324 -2.6503 0
    endloop
  endfacet
  facet normal -0 0 -1
    outer loop
      vertex -13 -3.94352 0
      vertex -18.5 -5.15 0
      vertex -13.1779 -3.30089 0
    endloop
  endfacet
  facet normal -0 0 -1
    outer loop
      vertex -12.7909 -4.57665 0
      vertex -18.5 -5.15 0
      vertex -13 -3.94352 0
    endloop
  endfacet
  facet normal 0 0 -1
    outer loop
      vertex -12.5509 -5.19875 0
      vertex -18.5 -5.15 0
      vertex -12.7909 -4.57665 0
    endloop
  endfacet
  facet normal 0 0 -1
    outer loop
      vertex -12.2807 -5.80834 0
      vertex -18.5 -5.15 0
      vertex -12.5509 -5.19875 0
    endloop
  endfacet
  facet normal 0 0 -1
    outer loop
      vertex -11.9809 -6.40392 0
      vertex -18.5 -5.15 0
      vertex -12.2807 -5.80834 0
    endloop
  endfacet
  facet normal 0 0 -1
    outer loop
      vertex -11.6522 -6.98409 0
      vertex -18.5 -5.15 0
      vertex -11.9809 -6.40392 0
    endloop
  endfacet
  facet normal 0 0 -1
    outer loop
      vertex -18.5 -5.15 0
      vertex -11.6522 -6.98409 0
      vertex -13.71 -13.4465 0
    endloop
  endfacet
  facet normal -0 0 -1
    outer loop
      vertex -11.2955 -7.54742 0
      vertex -13.71 -13.4465 0
      vertex -11.6522 -6.98409 0
    endloop
  endfacet
  facet normal -0.82368 0.47555 -0.308873
    outer loop
      vertex -24.0266 5.15 8
      vertex -16.1017 17.5889 6.01776
      vertex -21.6874 5.15 1.76199
    endloop
  endfacet
  facet normal -0.823675 0.475543 -0.3089
    outer loop
      vertex -16.1017 17.5889 6.01776
      vertex -24.0266 5.15 8
      vertex -16.4734 18.2327 8
    endloop
  endfacet
  facet normal -0.823674 0.475542 -0.308903
    outer loop
      vertex -21.6874 5.15 1.76199
      vertex -14.9734 15.6346 0
      vertex -21.0266 5.15 0
    endloop
  endfacet
  facet normal -0.82368 0.47555 -0.308873
    outer loop
      vertex -14.9734 15.6346 0
      vertex -21.6874 5.15 1.76199
      vertex -16.1017 17.5889 6.01776
    endloop
  endfacet
  facet normal 0 1 -0
    outer loop
      vertex 7.55329 23.3827 8
      vertex -7.55329 23.3827 16
      vertex 7.55329 23.3827 16
    endloop
  endfacet
  facet normal 0 1 0
    outer loop
      vertex -7.55329 23.3827 16
      vertex 7.55329 23.3827 8
      vertex -7.55329 23.3827 8
    endloop
  endfacet
  facet normal -7.50542e-06 0.983213 0.182459
    outer loop
      vertex 10.8117 20.7376 30.2531
      vertex 9.75 16.8875 51
      vertex 11.9104 20.6294 30.8362
    endloop
  endfacet
  facet normal 1.7731e-05 0.983213 0.18246
    outer loop
      vertex 7.80245 21.034 28.6562
      vertex 9.75 16.8875 51
      vertex 10.8117 20.7376 30.2531
    endloop
  endfacet
  facet normal 2.13414e-05 0.983214 0.182458
    outer loop
      vertex -9.75 16.8875 51
      vertex -11.689 20.6512 30.7187
      vertex -11.9104 20.6294 30.8362
    endloop
  endfacet
  facet normal -2.85723e-05 0.983212 0.182464
    outer loop
      vertex 6.26871 21.1577 27.9894
      vertex 9.75 16.8875 51
      vertex 7.80245 21.034 28.6562
    endloop
  endfacet
  facet normal 0 0.983213 0.18246
    outer loop
      vertex 9.75 16.8875 51
      vertex 6.26871 21.1577 27.9894
      vertex -9.75 16.8875 51
    endloop
  endfacet
  facet normal -1.24694e-05 0.983213 0.182461
    outer loop
      vertex -9.75 16.8875 51
      vertex -7.80245 21.034 28.6562
      vertex -11.689 20.6512 30.7187
    endloop
  endfacet
  facet normal -0 0.983213 0.18246
    outer loop
      vertex -6.26871 21.1577 27.9894
      vertex -9.75 16.8875 51
      vertex 6.26871 21.1577 27.9894
    endloop
  endfacet
  facet normal 2.85723e-05 0.983212 0.182464
    outer loop
      vertex -9.75 16.8875 51
      vertex -6.26871 21.1577 27.9894
      vertex -7.80245 21.034 28.6562
    endloop
  endfacet
  facet normal 0 0.983213 0.182461
    outer loop
      vertex 7.30333 22.9497 18.333
      vertex -6.26871 21.1577 27.9894
      vertex 6.26871 21.1577 27.9894
    endloop
  endfacet
  facet normal 0 0.983213 0.182461
    outer loop
      vertex 7.30333 22.9497 18.333
      vertex -7.30333 22.9497 18.333
      vertex -6.26871 21.1577 27.9894
    endloop
  endfacet
  facet normal 0 0.983209 0.182482
    outer loop
      vertex 7.55329 23.3827 16
      vertex -7.30333 22.9497 18.333
      vertex 7.30333 22.9497 18.333
    endloop
  endfacet
  facet normal 0 0.983209 0.182482
    outer loop
      vertex -7.30333 22.9497 18.333
      vertex 7.55329 23.3827 16
      vertex -7.55329 23.3827 16
    endloop
  endfacet
  facet normal 1.39061e-05 0.996993 -0.0774861
    outer loop
      vertex 13.8352 23.9633 142.042
      vertex 10.2322 25.9808 168
      vertex 14.8544 25.8497 166.314
    endloop
  endfacet
  facet normal 0 0.996993 -0.0774871
    outer loop
      vertex 10.2322 25.9808 168
      vertex 7.81184 23.8305 140.333
      vertex -10.2322 25.9808 168
    endloop
  endfacet
  facet normal 0.000192961 0.996993 -0.0774936
    outer loop
      vertex 13.8352 23.9633 142.042
      vertex 14.8544 25.8497 166.314
      vertex 14.9225 25.8465 166.273
    endloop
  endfacet
  facet normal 0 0.996993 -0.0774871
    outer loop
      vertex -7.81184 23.8305 140.333
      vertex -10.2322 25.9808 168
      vertex 7.81184 23.8305 140.333
    endloop
  endfacet
  facet normal -2.51297e-06 0.996993 -0.0774884
    outer loop
      vertex 10.2322 25.9808 168
      vertex 13.8352 23.9633 142.042
      vertex 11.6153 23.8935 141.144
    endloop
  endfacet
  facet normal 7.52802e-06 0.996993 -0.0774864
    outer loop
      vertex -10.1527 23.8693 140.832
      vertex -10.2322 25.9808 168
      vertex -7.81184 23.8305 140.333
    endloop
  endfacet
  facet normal 8.4216e-06 0.996993 -0.0774878
    outer loop
      vertex 10.2322 25.9808 168
      vertex 11.6153 23.8935 141.144
      vertex 7.81184 23.8305 140.333
    endloop
  endfacet
  facet normal -1.37665e-05 0.996993 -0.0774865
    outer loop
      vertex -10.2322 25.9808 168
      vertex -10.1527 23.8693 140.832
      vertex -14.8544 25.8497 166.314
    endloop
  endfacet
  facet normal -7.38733e-05 0.996979 -0.0776761
    outer loop
      vertex -13.8352 23.9633 142.042
      vertex -10.1527 23.8693 140.832
      vertex -11.6153 23.8935 141.144
    endloop
  endfacet
  facet normal -0.000178912 0.996991 -0.0775168
    outer loop
      vertex -14.8544 25.8497 166.314
      vertex -10.1527 23.8693 140.832
      vertex -14.9225 25.8465 166.273
    endloop
  endfacet
  facet normal -1.08641e-05 0.996993 -0.0774855
    outer loop
      vertex -14.9225 25.8465 166.273
      vertex -10.1527 23.8693 140.832
      vertex -13.8352 23.9633 142.042
    endloop
  endfacet
  facet normal 0 0.996993 -0.0774886
    outer loop
      vertex 7.01238 22.4458 122.517
      vertex -7.81184 23.8305 140.333
      vertex 7.81184 23.8305 140.333
    endloop
  endfacet
  facet normal 0 0.996993 -0.0774886
    outer loop
      vertex 7.01238 22.4458 122.517
      vertex -7.01238 22.4458 122.517
      vertex -7.81184 23.8305 140.333
    endloop
  endfacet
  facet normal 0 0.996994 -0.0774796
    outer loop
      vertex 6.53362 21.6166 111.847
      vertex -7.01238 22.4458 122.517
      vertex 7.01238 22.4458 122.517
    endloop
  endfacet
  facet normal 0 0.996994 -0.0774796
    outer loop
      vertex 6.53362 21.6166 111.847
      vertex -6.53362 21.6166 111.847
      vertex -7.01238 22.4458 122.517
    endloop
  endfacet
  facet normal 0 0.996993 -0.0774883
    outer loop
      vertex 5.14118 19.2048 80.8159
      vertex -6.53362 21.6166 111.847
      vertex 6.53362 21.6166 111.847
    endloop
  endfacet
  facet normal 0 0.996993 -0.0774883
    outer loop
      vertex 5.14118 19.2048 80.8159
      vertex -5.14118 19.2048 80.8159
      vertex -6.53362 21.6166 111.847
    endloop
  endfacet
  facet normal -1.01006e-05 0.996993 -0.0774882
    outer loop
      vertex 9.75 16.8875 51
      vertex 5.14118 19.2048 80.8159
      vertex 7.96154 19.1766 80.4527
    endloop
  endfacet
  facet normal 5.34533e-05 0.996994 -0.0774843
    outer loop
      vertex 9.75 16.8875 51
      vertex 7.96154 19.1766 80.4527
      vertex 9.29267 19.1632 80.2812
    endloop
  endfacet
  facet normal 0 0.996993 -0.0774866
    outer loop
      vertex 5.14118 19.2048 80.8159
      vertex 9.75 16.8875 51
      vertex -5.14118 19.2048 80.8159
    endloop
  endfacet
  facet normal -2.21532e-05 0.996993 -0.0774855
    outer loop
      vertex 9.75 16.8875 51
      vertex 9.29267 19.1632 80.2812
      vertex 11.0461 19.1324 79.8844
    endloop
  endfacet
  facet normal 0 0.996993 -0.0774866
    outer loop
      vertex -9.75 16.8875 51
      vertex -5.14118 19.2048 80.8159
      vertex 9.75 16.8875 51
    endloop
  endfacet
  facet normal -1.05285e-05 0.996994 -0.077485
    outer loop
      vertex -5.14118 19.2048 80.8159
      vertex -9.75 16.8875 51
      vertex -9.29267 19.1632 80.2812
    endloop
  endfacet
  facet normal 2.21532e-05 0.996993 -0.0774855
    outer loop
      vertex -9.29267 19.1632 80.2812
      vertex -9.75 16.8875 51
      vertex -11.0461 19.1324 79.8844
    endloop
  endfacet
  facet normal -3.07833e-07 0.992009 0.126164
    outer loop
      vertex -9.71855 20.5416 210.781
      vertex 11.7307 20.3516 212.275
      vertex 11.5195 20.3764 212.08
    endloop
  endfacet
  facet normal 0 0.99201 0.126159
    outer loop
      vertex 11.7307 20.3516 212.275
      vertex -9.71855 20.5416 210.781
      vertex -11.7307 20.3516 212.275
    endloop
  endfacet
  facet normal 1.54928e-05 0.992007 0.12618
    outer loop
      vertex -11.7307 20.3516 212.275
      vertex -9.71855 20.5416 210.781
      vertex -11.5195 20.3764 212.08
    endloop
  endfacet
  facet normal 2.45386e-06 0.992015 0.126119
    outer loop
      vertex 6.10434 20.873 208.174
      vertex -9.71855 20.5416 210.781
      vertex 11.5195 20.3764 212.08
    endloop
  endfacet
  facet normal 0 0.992017 0.126104
    outer loop
      vertex 6.10434 20.873 208.174
      vertex -6.10434 20.873 208.174
      vertex -9.71855 20.5416 210.781
    endloop
  endfacet
  facet normal 0 0.992015 0.12612
    outer loop
      vertex 6.24525 21.1171 206.254
      vertex -6.10434 20.873 208.174
      vertex 6.10434 20.873 208.174
    endloop
  endfacet
  facet normal 0 0.992015 0.12612
    outer loop
      vertex 6.24525 21.1171 206.254
      vertex -6.24525 21.1171 206.254
      vertex -6.10434 20.873 208.174
    endloop
  endfacet
  facet normal 0 0.992014 0.126128
    outer loop
      vertex 9.01588 25.916 168.51
      vertex -6.24525 21.1171 206.254
      vertex 6.24525 21.1171 206.254
    endloop
  endfacet
  facet normal 0 0.992014 0.126128
    outer loop
      vertex 9.01588 25.916 168.51
      vertex -9.01588 25.916 168.51
      vertex -6.24525 21.1171 206.254
    endloop
  endfacet
  facet normal 0 0.992024 0.126045
    outer loop
      vertex 10.2322 25.9808 168
      vertex -9.01588 25.916 168.51
      vertex 9.01588 25.916 168.51
    endloop
  endfacet
  facet normal 0 0.992024 0.126045
    outer loop
      vertex -9.01588 25.916 168.51
      vertex 10.2322 25.9808 168
      vertex -10.2322 25.9808 168
    endloop
  endfacet
  facet normal 0.00420411 0.970578 0.24075
    outer loop
      vertex 11.7307 20.3516 212.275
      vertex 9.75 16.8875 226.275
      vertex 11.7481 20.3483 212.288
    endloop
  endfacet
  facet normal 0 0.970725 0.240192
    outer loop
      vertex 9.75 16.8875 226.275
      vertex 11.7307 20.3516 212.275
      vertex -9.75 16.8875 226.275
    endloop
  endfacet
  facet normal -0 0.970725 0.240192
    outer loop
      vertex -11.7307 20.3516 212.275
      vertex -9.75 16.8875 226.275
      vertex 11.7307 20.3516 212.275
    endloop
  endfacet
  facet normal -0.00420411 0.970578 0.24075
    outer loop
      vertex -9.75 16.8875 226.275
      vertex -11.7307 20.3516 212.275
      vertex -11.7481 20.3483 212.288
    endloop
  endfacet
  facet normal 0 0.764056 0.64515
    outer loop
      vertex 0 0 246.275
      vertex 9.75 16.8875 226.275
      vertex -9.75 16.8875 226.275
    endloop
  endfacet
  facet normal 0 0.9511 -0.308882
    outer loop
      vertex 6.05329 20.7846 0
      vertex -7.55329 23.3827 8
      vertex 7.55329 23.3827 8
    endloop
  endfacet
  facet normal 0 0.9511 -0.308882
    outer loop
      vertex -7.55329 23.3827 8
      vertex 6.05329 20.7846 0
      vertex -6.05329 20.7846 0
    endloop
  endfacet
  facet normal 0.866028 0.499995 0
    outer loop
      vertex 24.0266 5.15 16
      vertex 16.4734 18.2327 8
      vertex 16.4734 18.2327 16
    endloop
  endfacet
  facet normal 0.866028 0.499995 0
    outer loop
      vertex 16.4734 18.2327 8
      vertex 24.0266 5.15 16
      vertex 24.0266 5.15 8
    endloop
  endfacet
  facet normal 0.851419 0.491721 0.182474
    outer loop
      vertex 9.75 16.8875 51
      vertex 12.04 20.4486 30.7187
      vertex 11.9104 20.6294 30.8362
    endloop
  endfacet
  facet normal 0.851494 0.491595 0.182461
    outer loop
      vertex 9.75 16.8875 51
      vertex 14.3147 17.2741 28.6562
      vertex 12.04 20.4486 30.7187
    endloop
  endfacet
  facet normal 0.851471 0.491637 0.182457
    outer loop
      vertex 9.75 16.8875 51
      vertex 15.1888 16.0077 27.9894
      vertex 14.3147 17.2741 28.6562
    endloop
  endfacet
  facet normal 0.851487 0.491606 0.182462
    outer loop
      vertex 15.1888 16.0077 27.9894
      vertex 9.75 16.8875 51
      vertex 19.5 0 51
    endloop
  endfacet
  facet normal 0.851466 0.491634 0.182485
    outer loop
      vertex 15.3298 16.2519 26.6736
      vertex 15.1888 16.0077 27.9894
      vertex 19.5 0 51
    endloop
  endfacet
  facet normal 0.851488 0.491605 0.182462
    outer loop
      vertex 19.5 0 51
      vertex 21.4575 5.15 27.9894
      vertex 15.3298 16.2519 26.6736
    endloop
  endfacet
  facet normal 0.851491 0.491601 0.182461
    outer loop
      vertex 21.4575 5.15 27.9894
      vertex 19.5 0 51
      vertex 22.1172 3.75986 28.6562
    endloop
  endfacet
  facet normal 0.851489 0.491604 0.182461
    outer loop
      vertex 22.1172 3.75986 28.6562
      vertex 19.5 0 51
      vertex 23.8208 0 30.8362
    endloop
  endfacet
  facet normal 0.851489 0.491606 0.182457
    outer loop
      vertex 24.0266 5.15 16
      vertex 16.2234 17.7997 18.333
      vertex 15.3298 16.2519 26.6736
    endloop
  endfacet
  facet normal 0.851489 0.491605 0.182458
    outer loop
      vertex 24.0266 5.15 16
      vertex 15.3298 16.2519 26.6736
      vertex 21.4575 5.15 27.9894
    endloop
  endfacet
  facet normal 0.851487 0.4916 0.182484
    outer loop
      vertex 16.2234 17.7997 18.333
      vertex 24.0266 5.15 16
      vertex 16.4734 18.2327 16
    endloop
  endfacet
  facet normal 0.863295 0.498879 -0.0764301
    outer loop
      vertex 17.3839 21.8517 168
      vertex 14.9225 25.8465 166.273
      vertex 14.9593 25.7891 166.314
    endloop
  endfacet
  facet normal 0.86342 0.498499 -0.0774863
    outer loop
      vertex 14.9225 25.8465 166.273
      vertex 17.3839 21.8517 168
      vertex 13.8352 23.9633 142.042
    endloop
  endfacet
  facet normal 0.863425 0.498491 -0.0774876
    outer loop
      vertex 15.595 20.7271 140.832
      vertex 13.8352 23.9633 142.042
      vertex 17.3839 21.8517 168
    endloop
  endfacet
  facet normal 0.863429 0.498486 -0.0774706
    outer loop
      vertex 13.8352 23.9633 142.042
      vertex 15.595 20.7271 140.832
      vertex 14.8847 22.0059 141.144
    endloop
  endfacet
  facet normal 0.863407 0.498521 -0.0774877
    outer loop
      vertex 17.3839 21.8517 168
      vertex 16.7319 18.6805 140.333
      vertex 15.595 20.7271 140.832
    endloop
  endfacet
  facet normal 0.863421 0.498497 -0.0774907
    outer loop
      vertex 23.8246 5.15 132.32
      vertex 15.9324 17.2958 122.517
      vertex 16.7319 18.6805 140.333
    endloop
  endfacet
  facet normal 0.863417 0.498506 -0.0774769
    outer loop
      vertex 15.9324 17.2958 122.517
      vertex 23.8246 5.15 132.32
      vertex 15.4537 16.4666 111.847
    endloop
  endfacet
  facet normal 0.863423 0.498495 -0.077485
    outer loop
      vertex 23.8246 5.15 132.32
      vertex 16.7319 18.6805 140.333
      vertex 24.5437 5.15 140.333
    endloop
  endfacet
  facet normal 0.863421 0.498498 -0.0774854
    outer loop
      vertex 27.6161 4.12907 168
      vertex 16.7319 18.6805 140.333
      vertex 17.3839 21.8517 168
    endloop
  endfacet
  facet normal 0.863423 0.498495 -0.0774877
    outer loop
      vertex 16.7319 18.6805 140.333
      vertex 27.6161 4.12907 168
      vertex 24.5437 5.15 140.333
    endloop
  endfacet
  facet normal 0.863412 0.498514 -0.0774857
    outer loop
      vertex 27.6161 4.12907 168
      vertex 25.2631 3.95034 140.631
      vertex 24.5437 5.15 140.333
    endloop
  endfacet
  facet normal 0.863423 0.498494 -0.0774866
    outer loop
      vertex 25.2631 3.95034 140.631
      vertex 27.6161 4.12907 168
      vertex 29.7205 0.233075 166.385
    endloop
  endfacet
  facet normal 0.863428 0.498486 -0.0774861
    outer loop
      vertex 11.9495 17.6293 80.2812
      vertex 9.75 16.8875 51
      vertex 11.0461 19.1324 79.8844
    endloop
  endfacet
  facet normal 0.863424 0.498492 -0.077486
    outer loop
      vertex 14.0612 14.0548 80.8159
      vertex 9.75 16.8875 51
      vertex 11.9495 17.6293 80.2812
    endloop
  endfacet
  facet normal 0.863425 0.49849 -0.0774893
    outer loop
      vertex 15.4537 16.4666 111.847
      vertex 23.8246 5.15 132.32
      vertex 14.0612 14.0548 80.8159
    endloop
  endfacet
  facet normal 0.86341 0.498518 -0.0774816
    outer loop
      vertex 14.0612 14.0548 80.8159
      vertex 23.8246 5.15 132.32
      vertex 9.75 16.8875 51
    endloop
  endfacet
  facet normal 0.863423 0.498494 -0.0774873
    outer loop
      vertex 19.2024 5.15 80.8159
      vertex 9.75 16.8875 51
      vertex 23.8246 5.15 132.32
    endloop
  endfacet
  facet normal 0.863417 0.498505 -0.0774871
    outer loop
      vertex 19.5 0 51
      vertex 19.2024 5.15 80.8159
      vertex 21.2422 1.53393 80.2812
    endloop
  endfacet
  facet normal 0.863423 0.498495 -0.077487
    outer loop
      vertex 19.5 0 51
      vertex 21.2422 1.53393 80.2812
      vertex 22.0922 0 79.8844
    endloop
  endfacet
  facet normal 0.863422 0.498497 -0.0774856
    outer loop
      vertex 19.2024 5.15 80.8159
      vertex 19.5 0 51
      vertex 9.75 16.8875 51
    endloop
  endfacet
  facet normal 0.863427 0.498487 -0.0774883
    outer loop
      vertex 27.6704 0 142.042
      vertex 25.2631 3.95034 140.631
      vertex 29.7205 0.233075 166.385
    endloop
  endfacet
  facet normal 0.863898 0.49792 -0.0758685
    outer loop
      vertex 29.845 0 166.273
      vertex 29.7205 0.233075 166.385
      vertex 29.8137 0.0605532 166.314
    endloop
  endfacet
  facet normal 0.863445 0.498456 -0.0774895
    outer loop
      vertex 27.6704 0 142.042
      vertex 29.7205 0.233075 166.385
      vertex 29.845 0 166.273
    endloop
  endfacet
  facet normal 0.863438 0.49845 -0.0776101
    outer loop
      vertex 25.2631 3.95034 140.631
      vertex 27.6704 0 142.042
      vertex 26.5 1.8876 141.144
    endloop
  endfacet
  facet normal 0.85958 0.49472 0.127961
    outer loop
      vertex 11.7597 20.3348 212.275
      vertex 12.9303 18.6873 210.781
      vertex 11.8868 20.1644 212.08
    endloop
  endfacet
  facet normal 0.859105 0.496004 0.126173
    outer loop
      vertex 23.4062 0.212044 212.08
      vertex 12.9303 18.6873 210.781
      vertex 11.7597 20.3348 212.275
    endloop
  endfacet
  facet normal 0.85911 0.496014 0.126095
    outer loop
      vertex 12.9303 18.6873 210.781
      vertex 21.1288 5.15 208.174
      vertex 15.0244 15.723 208.174
    endloop
  endfacet
  facet normal 0.859109 0.496004 0.126142
    outer loop
      vertex 12.9303 18.6873 210.781
      vertex 23.4062 0.212044 212.08
      vertex 21.1288 5.15 208.174
    endloop
  endfacet
  facet normal 0.859098 0.495999 0.126233
    outer loop
      vertex 23.4062 0.212044 212.08
      vertex 11.7597 20.3348 212.275
      vertex 23.4903 0.01675 212.275
    endloop
  endfacet
  facet normal 0.859109 0.496013 0.126107
    outer loop
      vertex 21.1288 5.15 208.174
      vertex 15.1653 15.9671 206.254
      vertex 15.0244 15.723 208.174
    endloop
  endfacet
  facet normal 0.859107 0.496014 0.126119
    outer loop
      vertex 21.8151 5.15 203.499
      vertex 15.1653 15.9671 206.254
      vertex 21.1288 5.15 208.174
    endloop
  endfacet
  facet normal 0.859107 0.496012 0.126127
    outer loop
      vertex 15.1653 15.9671 206.254
      vertex 21.8151 5.15 203.499
      vertex 17.1509 19.4063 179.204
    endloop
  endfacet
  facet normal 0.859108 0.496009 0.126125
    outer loop
      vertex 26.9518 5.15 168.51
      vertex 17.1509 19.4063 179.204
      vertex 21.8151 5.15 203.499
    endloop
  endfacet
  facet normal 0.859109 0.496007 0.126129
    outer loop
      vertex 17.1509 19.4063 179.204
      vertex 26.9518 5.15 168.51
      vertex 17.9359 20.766 168.51
    endloop
  endfacet
  facet normal 0.859111 0.496008 0.126114
    outer loop
      vertex 27.6161 4.12907 168
      vertex 17.9359 20.766 168.51
      vertex 26.9518 5.15 168.51
    endloop
  endfacet
  facet normal 0.859116 0.496013 0.126057
    outer loop
      vertex 17.9359 20.766 168.51
      vertex 27.6161 4.12907 168
      vertex 17.3839 21.8517 168
    endloop
  endfacet
  facet normal 0.835136 0.494156 0.241572
    outer loop
      vertex 9.75 16.8875 226.275
      vertex 11.7538 20.3416 212.282
      vertex 11.7481 20.3483 212.288
    endloop
  endfacet
  facet normal 0.840673 0.485362 0.240194
    outer loop
      vertex 11.7538 20.3416 212.282
      vertex 9.75 16.8875 226.275
      vertex 19.5 0 226.275
    endloop
  endfacet
  facet normal 0.841575 0.484595 0.238578
    outer loop
      vertex 19.5 0 226.275
      vertex 11.7597 20.3348 212.275
      vertex 11.7538 20.3416 212.282
    endloop
  endfacet
  facet normal 0.840674 0.485362 0.240191
    outer loop
      vertex 11.7597 20.3348 212.275
      vertex 19.5 0 226.275
      vertex 23.4903 0.01675 212.275
    endloop
  endfacet
  facet normal 0.843872 0.479325 0.241095
    outer loop
      vertex 23.4903 0.01675 212.275
      vertex 19.5 0 226.275
      vertex 23.4961 0 212.288
    endloop
  endfacet
  facet normal 0.661692 0.382028 0.64515
    outer loop
      vertex 19.5 0 226.275
      vertex 9.75 16.8875 226.275
      vertex 0 0 246.275
    endloop
  endfacet
  facet normal 0.823685 0.475548 -0.308865
    outer loop
      vertex 23.2833 5.15 6.01776
      vertex 16.4734 18.2327 8
      vertex 24.0266 5.15 8
    endloop
  endfacet
  facet normal 0.823675 0.475547 -0.308891
    outer loop
      vertex 16.4734 18.2327 8
      vertex 23.2833 5.15 6.01776
      vertex 15.3037 16.2068 1.76199
    endloop
  endfacet
  facet normal 0.823676 0.47555 -0.308884
    outer loop
      vertex 21.0266 5.15 0
      vertex 15.3037 16.2068 1.76199
      vertex 23.2833 5.15 6.01776
    endloop
  endfacet
  facet normal 0.823691 0.475552 -0.308842
    outer loop
      vertex 15.3037 16.2068 1.76199
      vertex 21.0266 5.15 0
      vertex 14.9734 15.6346 0
    endloop
  endfacet
  facet normal 0.866028 -0.499995 0
    outer loop
      vertex 16.4734 -18.2327 16
      vertex 24.0266 -5.15 8
      vertex 24.0266 -5.15 16
    endloop
  endfacet
  facet normal 0.866028 -0.499995 0
    outer loop
      vertex 24.0266 -5.15 8
      vertex 16.4734 -18.2327 16
      vertex 16.4734 -18.2327 8
    endloop
  endfacet
  facet normal 0.851489 -0.491604 0.182461
    outer loop
      vertex 19.5 0 51
      vertex 22.1172 -3.75986 28.6562
      vertex 23.8208 0 30.8362
    endloop
  endfacet
  facet normal 0.851487 -0.491606 0.182462
    outer loop
      vertex 9.75 -16.8875 51
      vertex 22.1172 -3.75986 28.6562
      vertex 19.5 0 51
    endloop
  endfacet
  facet normal 0.851506 -0.491563 0.182493
    outer loop
      vertex 21.4575 -5.15 27.9894
      vertex 9.75 -16.8875 51
      vertex 21.7395 -5.15 26.6736
    endloop
  endfacet
  facet normal 0.851489 -0.491602 0.182465
    outer loop
      vertex 22.1172 -3.75986 28.6562
      vertex 9.75 -16.8875 51
      vertex 21.4575 -5.15 27.9894
    endloop
  endfacet
  facet normal 0.851486 -0.491609 0.18246
    outer loop
      vertex 16.2234 -17.7997 18.333
      vertex 21.7395 -5.15 26.6736
      vertex 15.1888 -16.0077 27.9894
    endloop
  endfacet
  facet normal 0.851486 -0.491609 0.182461
    outer loop
      vertex 9.75 -16.8875 51
      vertex 15.1888 -16.0077 27.9894
      vertex 21.7395 -5.15 26.6736
    endloop
  endfacet
  facet normal 0.851471 -0.491637 0.182457
    outer loop
      vertex 9.75 -16.8875 51
      vertex 14.3147 -17.2741 28.6562
      vertex 15.1888 -16.0077 27.9894
    endloop
  endfacet
  facet normal 0.851496 -0.491592 0.182461
    outer loop
      vertex 9.75 -16.8875 51
      vertex 12.5535 -19.732 30.2531
      vertex 14.3147 -17.2741 28.6562
    endloop
  endfacet
  facet normal 0.851474 -0.49163 0.182463
    outer loop
      vertex 12.5535 -19.732 30.2531
      vertex 9.75 -16.8875 51
      vertex 11.9104 -20.6294 30.8362
    endloop
  endfacet
  facet normal 0.851489 -0.491606 0.182454
    outer loop
      vertex 21.7395 -5.15 26.6736
      vertex 16.2234 -17.7997 18.333
      vertex 24.0266 -5.15 16
    endloop
  endfacet
  facet normal 0.851487 -0.4916 0.182484
    outer loop
      vertex 24.0266 -5.15 16
      vertex 16.2234 -17.7997 18.333
      vertex 16.4734 -18.2327 16
    endloop
  endfacet
  facet normal 0.86369 -0.498194 -0.0764329
    outer loop
      vertex 27.6161 -4.12907 168
      vertex 29.845 0 166.273
      vertex 29.8137 -0.0605532 166.314
    endloop
  endfacet
  facet normal 0.863421 -0.498498 -0.0774873
    outer loop
      vertex 29.845 0 166.273
      vertex 26.5 -1.8876 141.144
      vertex 27.6704 0 142.042
    endloop
  endfacet
  facet normal 0.863424 -0.498492 -0.077488
    outer loop
      vertex 29.845 0 166.273
      vertex 27.6161 -4.12907 168
      vertex 24.5437 -5.15 140.333
    endloop
  endfacet
  facet normal 0.863425 -0.49849 -0.0774884
    outer loop
      vertex 29.845 0 166.273
      vertex 24.5437 -5.15 140.333
      vertex 26.5 -1.8876 141.144
    endloop
  endfacet
  facet normal 0.863421 -0.498498 -0.0774868
    outer loop
      vertex 24.5437 -5.15 140.333
      vertex 16.3723 -18.0577 132.32
      vertex 19.2024 -5.15 80.8159
    endloop
  endfacet
  facet normal 0.863423 -0.498495 -0.0774877
    outer loop
      vertex 16.7319 -18.6805 140.333
      vertex 24.5437 -5.15 140.333
      vertex 27.6161 -4.12907 168
    endloop
  endfacet
  facet normal 0.863422 -0.498495 -0.0774927
    outer loop
      vertex 24.5437 -5.15 140.333
      vertex 16.7319 -18.6805 140.333
      vertex 16.3723 -18.0577 132.32
    endloop
  endfacet
  facet normal 0.863421 -0.498498 -0.0774854
    outer loop
      vertex 17.3839 -21.8517 168
      vertex 16.7319 -18.6805 140.333
      vertex 27.6161 -4.12907 168
    endloop
  endfacet
  facet normal 0.863403 -0.498529 -0.0774885
    outer loop
      vertex 16.7319 -18.6805 140.333
      vertex 17.3839 -21.8517 168
      vertex 16.0526 -19.9033 140.631
    endloop
  endfacet
  facet normal 0.863425 -0.498491 -0.0774868
    outer loop
      vertex 16.0526 -19.9033 140.631
      vertex 17.3839 -21.8517 168
      vertex 15.0621 -25.6222 166.385
    endloop
  endfacet
  facet normal 0.863423 -0.498495 -0.077487
    outer loop
      vertex 21.2422 -1.53393 80.2812
      vertex 19.5 0 51
      vertex 22.0922 0 79.8844
    endloop
  endfacet
  facet normal 0.863417 -0.498505 -0.0774871
    outer loop
      vertex 19.2024 -5.15 80.8159
      vertex 19.5 0 51
      vertex 21.2422 -1.53393 80.2812
    endloop
  endfacet
  facet normal 0.863427 -0.498488 -0.077484
    outer loop
      vertex 19.5 0 51
      vertex 19.2024 -5.15 80.8159
      vertex 16.3723 -18.0577 132.32
    endloop
  endfacet
  facet normal 0.863417 -0.498505 -0.0774901
    outer loop
      vertex 19.5 0 51
      vertex 15.4537 -16.4666 111.847
      vertex 14.0612 -14.0548 80.8159
    endloop
  endfacet
  facet normal 0.863447 -0.498454 -0.0774743
    outer loop
      vertex 19.5 0 51
      vertex 15.9324 -17.2958 122.517
      vertex 15.4537 -16.4666 111.847
    endloop
  endfacet
  facet normal 0.863413 -0.498511 -0.0774896
    outer loop
      vertex 15.9324 -17.2958 122.517
      vertex 19.5 0 51
      vertex 16.3723 -18.0577 132.32
    endloop
  endfacet
  facet normal 0.863427 -0.498488 -0.0774868
    outer loop
      vertex 9.75 -16.8875 51
      vertex 14.0612 -14.0548 80.8159
      vertex 12.6266 -16.4832 80.4527
    endloop
  endfacet
  facet normal 0.863422 -0.498497 -0.0774852
    outer loop
      vertex 14.0612 -14.0548 80.8159
      vertex 9.75 -16.8875 51
      vertex 19.5 0 51
    endloop
  endfacet
  facet normal 0.86342 -0.498528 -0.0773069
    outer loop
      vertex 11.0461 -19.1324 79.8844
      vertex 12.6266 -16.4832 80.4527
      vertex 11.9495 -17.6293 80.2812
    endloop
  endfacet
  facet normal 0.863424 -0.498492 -0.0774865
    outer loop
      vertex 12.6266 -16.4832 80.4527
      vertex 11.0461 -19.1324 79.8844
      vertex 9.75 -16.8875 51
    endloop
  endfacet
  facet normal 0.863415 -0.498502 -0.0775216
    outer loop
      vertex 16.0526 -19.9033 140.631
      vertex 13.8352 -23.9633 142.042
      vertex 14.8847 -22.0059 141.144
    endloop
  endfacet
  facet normal 0.863423 -0.498495 -0.0774878
    outer loop
      vertex 15.0621 -25.6222 166.385
      vertex 13.8352 -23.9633 142.042
      vertex 16.0526 -19.9033 140.631
    endloop
  endfacet
  facet normal 0.863007 -0.499562 -0.0752149
    outer loop
      vertex 14.9225 -25.8465 166.273
      vertex 15.0621 -25.6222 166.385
      vertex 14.9593 -25.7891 166.314
    endloop
  endfacet
  facet normal 0.863342 -0.498633 -0.0774932
    outer loop
      vertex 15.0621 -25.6222 166.385
      vertex 14.9225 -25.8465 166.273
      vertex 13.8352 -23.9633 142.042
    endloop
  endfacet
  facet normal 0.859098 -0.495999 0.126233
    outer loop
      vertex 11.7597 -20.3348 212.275
      vertex 23.4062 -0.212044 212.08
      vertex 23.4903 -0.01675 212.275
    endloop
  endfacet
  facet normal 0.859109 -0.496013 0.126107
    outer loop
      vertex 15.1653 -15.9671 206.254
      vertex 21.1288 -5.15 208.174
      vertex 15.0244 -15.723 208.174
    endloop
  endfacet
  facet normal 0.85911 -0.496003 0.12614
    outer loop
      vertex 23.4062 -0.212044 212.08
      vertex 11.8868 -20.1644 212.08
      vertex 21.1288 -5.15 208.174
    endloop
  endfacet
  facet normal 0.85911 -0.496013 0.126101
    outer loop
      vertex 21.1288 -5.15 208.174
      vertex 11.8868 -20.1644 212.08
      vertex 15.0244 -15.723 208.174
    endloop
  endfacet
  facet normal 0.859067 -0.495978 0.126527
    outer loop
      vertex 23.4062 -0.212044 212.08
      vertex 11.7597 -20.3348 212.275
      vertex 11.8868 -20.1644 212.08
    endloop
  endfacet
  facet normal 0.8591 -0.496016 0.126153
    outer loop
      vertex 15.3676 -16.3174 203.499
      vertex 21.1288 -5.15 208.174
      vertex 15.1653 -15.9671 206.254
    endloop
  endfacet
  facet normal 0.859109 -0.496009 0.126123
    outer loop
      vertex 21.1288 -5.15 208.174
      vertex 15.3676 -16.3174 203.499
      vertex 25.3818 -5.15 179.204
    endloop
  endfacet
  facet normal 0.85911 -0.496006 0.126125
    outer loop
      vertex 17.9359 -20.766 168.51
      vertex 25.3818 -5.15 179.204
      vertex 15.3676 -16.3174 203.499
    endloop
  endfacet
  facet normal 0.859109 -0.496007 0.126127
    outer loop
      vertex 25.3818 -5.15 179.204
      vertex 17.9359 -20.766 168.51
      vertex 26.9518 -5.15 168.51
    endloop
  endfacet
  facet normal 0.859111 -0.496008 0.126114
    outer loop
      vertex 17.9359 -20.766 168.51
      vertex 27.6161 -4.12907 168
      vertex 26.9518 -5.15 168.51
    endloop
  endfacet
  facet normal 0.859116 -0.496013 0.126057
    outer loop
      vertex 27.6161 -4.12907 168
      vertex 17.9359 -20.766 168.51
      vertex 17.3839 -21.8517 168
    endloop
  endfacet
  facet normal 0.851114 -0.465271 0.243164
    outer loop
      vertex 19.5 0 226.275
      vertex 23.4933 -0.00825778 212.282
      vertex 23.4961 0 212.288
    endloop
  endfacet
  facet normal 0.840672 -0.485362 0.240196
    outer loop
      vertex 23.4933 -0.00825778 212.282
      vertex 19.5 0 226.275
      vertex 9.75 -16.8875 226.275
    endloop
  endfacet
  facet normal 0.839857 -0.489704 0.234158
    outer loop
      vertex 9.75 -16.8875 226.275
      vertex 23.4903 -0.01675 212.275
      vertex 23.4933 -0.00825778 212.282
    endloop
  endfacet
  facet normal 0.840673 -0.485362 0.240192
    outer loop
      vertex 9.75 -16.8875 226.275
      vertex 11.7597 -20.3348 212.275
      vertex 23.4903 -0.01675 212.275
    endloop
  endfacet
  facet normal 0.838563 -0.488738 0.240721
    outer loop
      vertex 11.7597 -20.3348 212.275
      vertex 9.75 -16.8875 226.275
      vertex 11.7481 -20.3483 212.288
    endloop
  endfacet
  facet normal 0.661692 -0.382028 0.64515
    outer loop
      vertex 9.75 -16.8875 226.275
      vertex 19.5 0 226.275
      vertex 0 0 246.275
    endloop
  endfacet
  facet normal 0.82368 -0.47555 -0.308873
    outer loop
      vertex 24.0266 -5.15 8
      vertex 16.1017 -17.5889 6.01776
      vertex 21.6874 -5.15 1.76199
    endloop
  endfacet
  facet normal 0.823675 -0.475543 -0.3089
    outer loop
      vertex 16.1017 -17.5889 6.01776
      vertex 24.0266 -5.15 8
      vertex 16.4734 -18.2327 8
    endloop
  endfacet
  facet normal 0.823674 -0.475542 -0.308903
    outer loop
      vertex 21.6874 -5.15 1.76199
      vertex 14.9734 -15.6346 0
      vertex 21.0266 -5.15 0
    endloop
  endfacet
  facet normal 0.82368 -0.47555 -0.308873
    outer loop
      vertex 14.9734 -15.6346 0
      vertex 21.6874 -5.15 1.76199
      vertex 16.1017 -17.5889 6.01776
    endloop
  endfacet
  facet normal 0 -1 0
    outer loop
      vertex -7.55329 -23.3827 8
      vertex 7.55329 -23.3827 16
      vertex -7.55329 -23.3827 16
    endloop
  endfacet
  facet normal 0 -1 -0
    outer loop
      vertex 7.55329 -23.3827 16
      vertex -7.55329 -23.3827 8
      vertex 7.55329 -23.3827 8
    endloop
  endfacet
  facet normal 7.50542e-06 -0.983213 0.182459
    outer loop
      vertex -10.8117 -20.7376 30.2531
      vertex -9.75 -16.8875 51
      vertex -11.9104 -20.6294 30.8362
    endloop
  endfacet
  facet normal -1.7731e-05 -0.983213 0.18246
    outer loop
      vertex -7.80245 -21.034 28.6562
      vertex -9.75 -16.8875 51
      vertex -10.8117 -20.7376 30.2531
    endloop
  endfacet
  facet normal -2.13414e-05 -0.983214 0.182458
    outer loop
      vertex 9.75 -16.8875 51
      vertex 11.689 -20.6512 30.7187
      vertex 11.9104 -20.6294 30.8362
    endloop
  endfacet
  facet normal 2.85723e-05 -0.983212 0.182464
    outer loop
      vertex -6.26871 -21.1577 27.9894
      vertex -9.75 -16.8875 51
      vertex -7.80245 -21.034 28.6562
    endloop
  endfacet
  facet normal 0 -0.983213 0.18246
    outer loop
      vertex -9.75 -16.8875 51
      vertex -6.26871 -21.1577 27.9894
      vertex 9.75 -16.8875 51
    endloop
  endfacet
  facet normal 1.24694e-05 -0.983213 0.182461
    outer loop
      vertex 9.75 -16.8875 51
      vertex 7.80245 -21.034 28.6562
      vertex 11.689 -20.6512 30.7187
    endloop
  endfacet
  facet normal 0 -0.983213 0.18246
    outer loop
      vertex 6.26871 -21.1577 27.9894
      vertex 9.75 -16.8875 51
      vertex -6.26871 -21.1577 27.9894
    endloop
  endfacet
  facet normal -2.85723e-05 -0.983212 0.182464
    outer loop
      vertex 9.75 -16.8875 51
      vertex 6.26871 -21.1577 27.9894
      vertex 7.80245 -21.034 28.6562
    endloop
  endfacet
  facet normal 0 -0.983213 0.182461
    outer loop
      vertex -7.30333 -22.9497 18.333
      vertex 6.26871 -21.1577 27.9894
      vertex -6.26871 -21.1577 27.9894
    endloop
  endfacet
  facet normal 0 -0.983213 0.182461
    outer loop
      vertex -7.30333 -22.9497 18.333
      vertex 7.30333 -22.9497 18.333
      vertex 6.26871 -21.1577 27.9894
    endloop
  endfacet
  facet normal 0 -0.983209 0.182482
    outer loop
      vertex -7.55329 -23.3827 16
      vertex 7.30333 -22.9497 18.333
      vertex -7.30333 -22.9497 18.333
    endloop
  endfacet
  facet normal 0 -0.983209 0.182482
    outer loop
      vertex 7.30333 -22.9497 18.333
      vertex -7.55329 -23.3827 16
      vertex 7.55329 -23.3827 16
    endloop
  endfacet
  facet normal -1.39061e-05 -0.996993 -0.0774861
    outer loop
      vertex -13.8352 -23.9633 142.042
      vertex -10.2322 -25.9808 168
      vertex -14.8544 -25.8497 166.314
    endloop
  endfacet
  facet normal 0 -0.996993 -0.0774871
    outer loop
      vertex -10.2322 -25.9808 168
      vertex -7.81184 -23.8305 140.333
      vertex 10.2322 -25.9808 168
    endloop
  endfacet
  facet normal -0.000192961 -0.996993 -0.0774936
    outer loop
      vertex -13.8352 -23.9633 142.042
      vertex -14.8544 -25.8497 166.314
      vertex -14.9225 -25.8465 166.273
    endloop
  endfacet
  facet normal -0 -0.996993 -0.0774871
    outer loop
      vertex 7.81184 -23.8305 140.333
      vertex 10.2322 -25.9808 168
      vertex -7.81184 -23.8305 140.333
    endloop
  endfacet
  facet normal 2.51297e-06 -0.996993 -0.0774884
    outer loop
      vertex -10.2322 -25.9808 168
      vertex -13.8352 -23.9633 142.042
      vertex -11.6153 -23.8935 141.144
    endloop
  endfacet
  facet normal -7.52802e-06 -0.996993 -0.0774864
    outer loop
      vertex 10.1527 -23.8693 140.832
      vertex 10.2322 -25.9808 168
      vertex 7.81184 -23.8305 140.333
    endloop
  endfacet
  facet normal -8.4216e-06 -0.996993 -0.0774878
    outer loop
      vertex -10.2322 -25.9808 168
      vertex -11.6153 -23.8935 141.144
      vertex -7.81184 -23.8305 140.333
    endloop
  endfacet
  facet normal 1.37665e-05 -0.996993 -0.0774865
    outer loop
      vertex 10.2322 -25.9808 168
      vertex 10.1527 -23.8693 140.832
      vertex 14.8544 -25.8497 166.314
    endloop
  endfacet
  facet normal 7.38733e-05 -0.996979 -0.0776761
    outer loop
      vertex 13.8352 -23.9633 142.042
      vertex 10.1527 -23.8693 140.832
      vertex 11.6153 -23.8935 141.144
    endloop
  endfacet
  facet normal 0.000178912 -0.996991 -0.0775168
    outer loop
      vertex 14.8544 -25.8497 166.314
      vertex 10.1527 -23.8693 140.832
      vertex 14.9225 -25.8465 166.273
    endloop
  endfacet
  facet normal 1.08641e-05 -0.996993 -0.0774855
    outer loop
      vertex 14.9225 -25.8465 166.273
      vertex 10.1527 -23.8693 140.832
      vertex 13.8352 -23.9633 142.042
    endloop
  endfacet
  facet normal 0 -0.996993 -0.0774886
    outer loop
      vertex -7.01238 -22.4458 122.517
      vertex 7.81184 -23.8305 140.333
      vertex -7.81184 -23.8305 140.333
    endloop
  endfacet
  facet normal 0 -0.996993 -0.0774886
    outer loop
      vertex -7.01238 -22.4458 122.517
      vertex 7.01238 -22.4458 122.517
      vertex 7.81184 -23.8305 140.333
    endloop
  endfacet
  facet normal 0 -0.996994 -0.0774796
    outer loop
      vertex -6.53362 -21.6166 111.847
      vertex 7.01238 -22.4458 122.517
      vertex -7.01238 -22.4458 122.517
    endloop
  endfacet
  facet normal 0 -0.996994 -0.0774796
    outer loop
      vertex -6.53362 -21.6166 111.847
      vertex 6.53362 -21.6166 111.847
      vertex 7.01238 -22.4458 122.517
    endloop
  endfacet
  facet normal 0 -0.996993 -0.0774883
    outer loop
      vertex -5.14118 -19.2048 80.8159
      vertex 6.53362 -21.6166 111.847
      vertex -6.53362 -21.6166 111.847
    endloop
  endfacet
  facet normal 0 -0.996993 -0.0774883
    outer loop
      vertex -5.14118 -19.2048 80.8159
      vertex 5.14118 -19.2048 80.8159
      vertex 6.53362 -21.6166 111.847
    endloop
  endfacet
  facet normal 1.01006e-05 -0.996993 -0.0774882
    outer loop
      vertex -9.75 -16.8875 51
      vertex -5.14118 -19.2048 80.8159
      vertex -7.96154 -19.1766 80.4527
    endloop
  endfacet
  facet normal -5.34533e-05 -0.996994 -0.0774843
    outer loop
      vertex -9.75 -16.8875 51
      vertex -7.96154 -19.1766 80.4527
      vertex -9.29267 -19.1632 80.2812
    endloop
  endfacet
  facet normal 0 -0.996993 -0.0774866
    outer loop
      vertex -5.14118 -19.2048 80.8159
      vertex -9.75 -16.8875 51
      vertex 5.14118 -19.2048 80.8159
    endloop
  endfacet
  facet normal 2.21532e-05 -0.996993 -0.0774855
    outer loop
      vertex -9.75 -16.8875 51
      vertex -9.29267 -19.1632 80.2812
      vertex -11.0461 -19.1324 79.8844
    endloop
  endfacet
  facet normal -0 -0.996993 -0.0774866
    outer loop
      vertex 9.75 -16.8875 51
      vertex 5.14118 -19.2048 80.8159
      vertex -9.75 -16.8875 51
    endloop
  endfacet
  facet normal 1.05285e-05 -0.996994 -0.077485
    outer loop
      vertex 5.14118 -19.2048 80.8159
      vertex 9.75 -16.8875 51
      vertex 9.29267 -19.1632 80.2812
    endloop
  endfacet
  facet normal -2.21532e-05 -0.996993 -0.0774855
    outer loop
      vertex 9.29267 -19.1632 80.2812
      vertex 9.75 -16.8875 51
      vertex 11.0461 -19.1324 79.8844
    endloop
  endfacet
  facet normal 3.07833e-07 -0.992009 0.126164
    outer loop
      vertex 9.71855 -20.5416 210.781
      vertex -11.7307 -20.3516 212.275
      vertex -11.5195 -20.3764 212.08
    endloop
  endfacet
  facet normal 0 -0.99201 0.126159
    outer loop
      vertex -11.7307 -20.3516 212.275
      vertex 9.71855 -20.5416 210.781
      vertex 11.7307 -20.3516 212.275
    endloop
  endfacet
  facet normal -1.54928e-05 -0.992007 0.12618
    outer loop
      vertex 11.7307 -20.3516 212.275
      vertex 9.71855 -20.5416 210.781
      vertex 11.5195 -20.3764 212.08
    endloop
  endfacet
  facet normal -2.45386e-06 -0.992015 0.126119
    outer loop
      vertex -6.10434 -20.873 208.174
      vertex 9.71855 -20.5416 210.781
      vertex -11.5195 -20.3764 212.08
    endloop
  endfacet
  facet normal 0 -0.992017 0.126104
    outer loop
      vertex -6.10434 -20.873 208.174
      vertex 6.10434 -20.873 208.174
      vertex 9.71855 -20.5416 210.781
    endloop
  endfacet
  facet normal 0 -0.992015 0.12612
    outer loop
      vertex -6.24525 -21.1171 206.254
      vertex 6.10434 -20.873 208.174
      vertex -6.10434 -20.873 208.174
    endloop
  endfacet
  facet normal 0 -0.992015 0.12612
    outer loop
      vertex -6.24525 -21.1171 206.254
      vertex 6.24525 -21.1171 206.254
      vertex 6.10434 -20.873 208.174
    endloop
  endfacet
  facet normal 0 -0.992014 0.126128
    outer loop
      vertex -9.01588 -25.916 168.51
      vertex 6.24525 -21.1171 206.254
      vertex -6.24525 -21.1171 206.254
    endloop
  endfacet
  facet normal 0 -0.992014 0.126128
    outer loop
      vertex -9.01588 -25.916 168.51
      vertex 9.01588 -25.916 168.51
      vertex 6.24525 -21.1171 206.254
    endloop
  endfacet
  facet normal 0 -0.992024 0.126045
    outer loop
      vertex -10.2322 -25.9808 168
      vertex 9.01588 -25.916 168.51
      vertex -9.01588 -25.916 168.51
    endloop
  endfacet
  facet normal 0 -0.992024 0.126045
    outer loop
      vertex 9.01588 -25.916 168.51
      vertex -10.2322 -25.9808 168
      vertex 10.2322 -25.9808 168
    endloop
  endfacet
  facet normal -0.00420411 -0.970578 0.24075
    outer loop
      vertex -11.7307 -20.3516 212.275
      vertex -9.75 -16.8875 226.275
      vertex -11.7481 -20.3483 212.288
    endloop
  endfacet
  facet normal 0 -0.970725 0.240192
    outer loop
      vertex -9.75 -16.8875 226.275
      vertex -11.7307 -20.3516 212.275
      vertex 9.75 -16.8875 226.275
    endloop
  endfacet
  facet normal 0 -0.970725 0.240192
    outer loop
      vertex 11.7307 -20.3516 212.275
      vertex 9.75 -16.8875 226.275
      vertex -11.7307 -20.3516 212.275
    endloop
  endfacet
  facet normal 0.00420411 -0.970578 0.24075
    outer loop
      vertex 9.75 -16.8875 226.275
      vertex 11.7307 -20.3516 212.275
      vertex 11.7481 -20.3483 212.288
    endloop
  endfacet
  facet normal 0 -0.764056 0.64515
    outer loop
      vertex 9.75 -16.8875 226.275
      vertex 0 0 246.275
      vertex -9.75 -16.8875 226.275
    endloop
  endfacet
  facet normal 0 -0.9511 -0.308882
    outer loop
      vertex -6.05329 -20.7846 0
      vertex 7.55329 -23.3827 8
      vertex -7.55329 -23.3827 8
    endloop
  endfacet
  facet normal 0 -0.9511 -0.308882
    outer loop
      vertex 7.55329 -23.3827 8
      vertex -6.05329 -20.7846 0
      vertex 6.05329 -20.7846 0
    endloop
  endfacet
  facet normal -0.866028 -0.499995 0
    outer loop
      vertex -16.4734 -18.2327 8
      vertex -24.0266 -5.15 16
      vertex -24.0266 -5.15 8
    endloop
  endfacet
  facet normal -0.866028 -0.499995 0
    outer loop
      vertex -24.0266 -5.15 16
      vertex -16.4734 -18.2327 8
      vertex -16.4734 -18.2327 16
    endloop
  endfacet
  facet normal -0.851466 -0.491634 0.182485
    outer loop
      vertex -19.5 0 51
      vertex -15.3298 -16.2519 26.6736
      vertex -15.1888 -16.0077 27.9894
    endloop
  endfacet
  facet normal -0.851487 -0.491606 0.182462
    outer loop
      vertex -15.1888 -16.0077 27.9894
      vertex -9.75 -16.8875 51
      vertex -19.5 0 51
    endloop
  endfacet
  facet normal -0.851471 -0.491637 0.182457
    outer loop
      vertex -14.3147 -17.2741 28.6562
      vertex -9.75 -16.8875 51
      vertex -15.1888 -16.0077 27.9894
    endloop
  endfacet
  facet normal -0.851494 -0.491595 0.182461
    outer loop
      vertex -12.04 -20.4486 30.7187
      vertex -9.75 -16.8875 51
      vertex -14.3147 -17.2741 28.6562
    endloop
  endfacet
  facet normal -0.851419 -0.491721 0.182474
    outer loop
      vertex -9.75 -16.8875 51
      vertex -12.04 -20.4486 30.7187
      vertex -11.9104 -20.6294 30.8362
    endloop
  endfacet
  facet normal -0.851489 -0.491605 0.182458
    outer loop
      vertex -24.0266 -5.15 16
      vertex -15.3298 -16.2519 26.6736
      vertex -21.4575 -5.15 27.9894
    endloop
  endfacet
  facet normal -0.851489 -0.491606 0.182457
    outer loop
      vertex -24.0266 -5.15 16
      vertex -16.2234 -17.7997 18.333
      vertex -15.3298 -16.2519 26.6736
    endloop
  endfacet
  facet normal -0.851487 -0.4916 0.182484
    outer loop
      vertex -16.2234 -17.7997 18.333
      vertex -24.0266 -5.15 16
      vertex -16.4734 -18.2327 16
    endloop
  endfacet
  facet normal -0.851489 -0.491604 0.182461
    outer loop
      vertex -22.1172 -3.75986 28.6562
      vertex -19.5 0 51
      vertex -23.8208 0 30.8362
    endloop
  endfacet
  facet normal -0.851491 -0.491601 0.182461
    outer loop
      vertex -21.4575 -5.15 27.9894
      vertex -19.5 0 51
      vertex -22.1172 -3.75986 28.6562
    endloop
  endfacet
  facet normal -0.851488 -0.491605 0.182462
    outer loop
      vertex -19.5 0 51
      vertex -21.4575 -5.15 27.9894
      vertex -15.3298 -16.2519 26.6736
    endloop
  endfacet
  facet normal -0.863425 -0.49849 -0.0774893
    outer loop
      vertex -15.4537 -16.4666 111.847
      vertex -23.8246 -5.15 132.32
      vertex -14.0612 -14.0548 80.8159
    endloop
  endfacet
  facet normal -0.86341 -0.498518 -0.0774816
    outer loop
      vertex -9.75 -16.8875 51
      vertex -14.0612 -14.0548 80.8159
      vertex -23.8246 -5.15 132.32
    endloop
  endfacet
  facet normal -0.863424 -0.498492 -0.077486
    outer loop
      vertex -9.75 -16.8875 51
      vertex -11.9495 -17.6293 80.2812
      vertex -14.0612 -14.0548 80.8159
    endloop
  endfacet
  facet normal -0.863428 -0.498486 -0.0774861
    outer loop
      vertex -11.9495 -17.6293 80.2812
      vertex -9.75 -16.8875 51
      vertex -11.0461 -19.1324 79.8844
    endloop
  endfacet
  facet normal -0.863423 -0.498494 -0.0774866
    outer loop
      vertex -25.2631 -3.95034 140.631
      vertex -27.6161 -4.12907 168
      vertex -29.7205 -0.233075 166.385
    endloop
  endfacet
  facet normal -0.863412 -0.498514 -0.0774857
    outer loop
      vertex -24.5437 -5.15 140.333
      vertex -27.6161 -4.12907 168
      vertex -25.2631 -3.95034 140.631
    endloop
  endfacet
  facet normal -0.863417 -0.498506 -0.0774769
    outer loop
      vertex -15.9324 -17.2958 122.517
      vertex -23.8246 -5.15 132.32
      vertex -15.4537 -16.4666 111.847
    endloop
  endfacet
  facet normal -0.863421 -0.498497 -0.0774907
    outer loop
      vertex -16.7319 -18.6805 140.333
      vertex -23.8246 -5.15 132.32
      vertex -15.9324 -17.2958 122.517
    endloop
  endfacet
  facet normal -0.863423 -0.498495 -0.077485
    outer loop
      vertex -23.8246 -5.15 132.32
      vertex -16.7319 -18.6805 140.333
      vertex -24.5437 -5.15 140.333
    endloop
  endfacet
  facet normal -0.863423 -0.498495 -0.0774877
    outer loop
      vertex -24.5437 -5.15 140.333
      vertex -16.7319 -18.6805 140.333
      vertex -27.6161 -4.12907 168
    endloop
  endfacet
  facet normal -0.863407 -0.498521 -0.0774877
    outer loop
      vertex -17.3839 -21.8517 168
      vertex -16.7319 -18.6805 140.333
      vertex -15.595 -20.7271 140.832
    endloop
  endfacet
  facet normal -0.863421 -0.498498 -0.0774854
    outer loop
      vertex -16.7319 -18.6805 140.333
      vertex -17.3839 -21.8517 168
      vertex -27.6161 -4.12907 168
    endloop
  endfacet
  facet normal -0.863429 -0.498486 -0.0774706
    outer loop
      vertex -13.8352 -23.9633 142.042
      vertex -15.595 -20.7271 140.832
      vertex -14.8847 -22.0059 141.144
    endloop
  endfacet
  facet normal -0.863425 -0.498491 -0.0774876
    outer loop
      vertex -15.595 -20.7271 140.832
      vertex -13.8352 -23.9633 142.042
      vertex -17.3839 -21.8517 168
    endloop
  endfacet
  facet normal -0.86342 -0.498499 -0.0774863
    outer loop
      vertex -14.9225 -25.8465 166.273
      vertex -17.3839 -21.8517 168
      vertex -13.8352 -23.9633 142.042
    endloop
  endfacet
  facet normal -0.863295 -0.498879 -0.0764301
    outer loop
      vertex -17.3839 -21.8517 168
      vertex -14.9225 -25.8465 166.273
      vertex -14.9593 -25.7891 166.314
    endloop
  endfacet
  facet normal -0.863423 -0.498495 -0.077487
    outer loop
      vertex -19.5 0 51
      vertex -21.2422 -1.53393 80.2812
      vertex -22.0922 0 79.8844
    endloop
  endfacet
  facet normal -0.863417 -0.498505 -0.0774871
    outer loop
      vertex -19.5 0 51
      vertex -19.2024 -5.15 80.8159
      vertex -21.2422 -1.53393 80.2812
    endloop
  endfacet
  facet normal -0.863423 -0.498494 -0.0774873
    outer loop
      vertex -19.2024 -5.15 80.8159
      vertex -9.75 -16.8875 51
      vertex -23.8246 -5.15 132.32
    endloop
  endfacet
  facet normal -0.863422 -0.498497 -0.0774856
    outer loop
      vertex -9.75 -16.8875 51
      vertex -19.2024 -5.15 80.8159
      vertex -19.5 0 51
    endloop
  endfacet
  facet normal -0.863445 -0.498456 -0.0774895
    outer loop
      vertex -29.7205 -0.233075 166.385
      vertex -29.845 0 166.273
      vertex -27.6704 0 142.042
    endloop
  endfacet
  facet normal -0.863898 -0.49792 -0.0758685
    outer loop
      vertex -29.845 0 166.273
      vertex -29.7205 -0.233075 166.385
      vertex -29.8137 -0.0605532 166.314
    endloop
  endfacet
  facet normal -0.863438 -0.49845 -0.0776101
    outer loop
      vertex -25.2631 -3.95034 140.631
      vertex -27.6704 0 142.042
      vertex -26.5 -1.8876 141.144
    endloop
  endfacet
  facet normal -0.863427 -0.498487 -0.0774883
    outer loop
      vertex -27.6704 0 142.042
      vertex -25.2631 -3.95034 140.631
      vertex -29.7205 -0.233075 166.385
    endloop
  endfacet
  facet normal -0.859107 -0.496014 0.126119
    outer loop
      vertex -15.1653 -15.9671 206.254
      vertex -21.1288 -5.15 208.174
      vertex -21.8151 -5.15 203.499
    endloop
  endfacet
  facet normal -0.859109 -0.496013 0.126107
    outer loop
      vertex -21.1288 -5.15 208.174
      vertex -15.1653 -15.9671 206.254
      vertex -15.0244 -15.723 208.174
    endloop
  endfacet
  facet normal -0.859107 -0.496012 0.126127
    outer loop
      vertex -15.1653 -15.9671 206.254
      vertex -21.8151 -5.15 203.499
      vertex -17.1509 -19.4063 179.204
    endloop
  endfacet
  facet normal -0.859109 -0.496004 0.126142
    outer loop
      vertex -12.9303 -18.6873 210.781
      vertex -23.4062 -0.212044 212.08
      vertex -21.1288 -5.15 208.174
    endloop
  endfacet
  facet normal -0.85911 -0.496014 0.126095
    outer loop
      vertex -12.9303 -18.6873 210.781
      vertex -21.1288 -5.15 208.174
      vertex -15.0244 -15.723 208.174
    endloop
  endfacet
  facet normal -0.859105 -0.496004 0.126173
    outer loop
      vertex -11.7597 -20.3348 212.275
      vertex -23.4062 -0.212044 212.08
      vertex -12.9303 -18.6873 210.781
    endloop
  endfacet
  facet normal -0.85958 -0.49472 0.127961
    outer loop
      vertex -11.7597 -20.3348 212.275
      vertex -12.9303 -18.6873 210.781
      vertex -11.8868 -20.1644 212.08
    endloop
  endfacet
  facet normal -0.859098 -0.495999 0.126233
    outer loop
      vertex -23.4062 -0.212044 212.08
      vertex -11.7597 -20.3348 212.275
      vertex -23.4903 -0.01675 212.275
    endloop
  endfacet
  facet normal -0.859108 -0.496009 0.126125
    outer loop
      vertex -26.9518 -5.15 168.51
      vertex -17.1509 -19.4063 179.204
      vertex -21.8151 -5.15 203.499
    endloop
  endfacet
  facet normal -0.859109 -0.496007 0.126129
    outer loop
      vertex -26.9518 -5.15 168.51
      vertex -17.9359 -20.766 168.51
      vertex -17.1509 -19.4063 179.204
    endloop
  endfacet
  facet normal -0.859111 -0.496008 0.126114
    outer loop
      vertex -27.6161 -4.12907 168
      vertex -17.9359 -20.766 168.51
      vertex -26.9518 -5.15 168.51
    endloop
  endfacet
  facet normal -0.859116 -0.496013 0.126057
    outer loop
      vertex -17.9359 -20.766 168.51
      vertex -27.6161 -4.12907 168
      vertex -17.3839 -21.8517 168
    endloop
  endfacet
  facet normal -0.840673 -0.485362 0.240194
    outer loop
      vertex -11.7538 -20.3416 212.282
      vertex -9.75 -16.8875 226.275
      vertex -19.5 0 226.275
    endloop
  endfacet
  facet normal -0.835136 -0.494156 0.241572
    outer loop
      vertex -9.75 -16.8875 226.275
      vertex -11.7538 -20.3416 212.282
      vertex -11.7481 -20.3483 212.288
    endloop
  endfacet
  facet normal -0.843872 -0.479325 0.241095
    outer loop
      vertex -23.4903 -0.01675 212.275
      vertex -19.5 0 226.275
      vertex -23.4961 0 212.288
    endloop
  endfacet
  facet normal -0.840674 -0.485362 0.240191
    outer loop
      vertex -11.7597 -20.3348 212.275
      vertex -19.5 0 226.275
      vertex -23.4903 -0.01675 212.275
    endloop
  endfacet
  facet normal -0.841575 -0.484595 0.238578
    outer loop
      vertex -19.5 0 226.275
      vertex -11.7597 -20.3348 212.275
      vertex -11.7538 -20.3416 212.282
    endloop
  endfacet
  facet normal -0.661692 -0.382028 0.64515
    outer loop
      vertex -9.75 -16.8875 226.275
      vertex 0 0 246.275
      vertex -19.5 0 226.275
    endloop
  endfacet
  facet normal -0.823675 -0.475547 -0.308891
    outer loop
      vertex -16.4734 -18.2327 8
      vertex -23.2833 -5.15 6.01776
      vertex -15.3037 -16.2068 1.76199
    endloop
  endfacet
  facet normal -0.823685 -0.475548 -0.308865
    outer loop
      vertex -23.2833 -5.15 6.01776
      vertex -16.4734 -18.2327 8
      vertex -24.0266 -5.15 8
    endloop
  endfacet
  facet normal -0.823691 -0.475552 -0.308842
    outer loop
      vertex -15.3037 -16.2068 1.76199
      vertex -21.0266 -5.15 0
      vertex -14.9734 -15.6346 0
    endloop
  endfacet
  facet normal -0.823676 -0.47555 -0.308884
    outer loop
      vertex -21.0266 -5.15 0
      vertex -15.3037 -16.2068 1.76199
      vertex -23.2833 -5.15 6.01776
    endloop
  endfacet
  facet normal -0.997296 -0.0734876 0
    outer loop
      vertex 13.5686 0.666584 0
      vertex 13.5196 1.33156 224.275
      vertex 13.5196 1.33156 0
    endloop
  endfacet
  facet normal -0.997296 -0.0734876 0
    outer loop
      vertex 13.5196 1.33156 224.275
      vertex 13.5686 0.666584 0
      vertex 13.5686 0.666584 224.275
    endloop
  endfacet
  facet normal -0.999697 -0.0245956 0
    outer loop
      vertex 13.585 0 0
      vertex 13.5686 0.666584 224.275
      vertex 13.5686 0.666584 0
    endloop
  endfacet
  facet normal -0.999697 -0.0245956 0
    outer loop
      vertex 13.5686 0.666584 224.275
      vertex 13.585 0 0
      vertex 13.585 0 224.275
    endloop
  endfacet
  facet normal -0.992483 -0.122379 0
    outer loop
      vertex 13.5196 1.33156 0
      vertex 13.438 1.99333 224.275
      vertex 13.438 1.99333 0
    endloop
  endfacet
  facet normal -0.992483 -0.122379 0
    outer loop
      vertex 13.438 1.99333 224.275
      vertex 13.5196 1.33156 0
      vertex 13.5196 1.33156 224.275
    endloop
  endfacet
  facet normal 0.122379 0.992483 -0
    outer loop
      vertex -1.33156 -13.5196 0
      vertex -1.99333 -13.438 224.275
      vertex -1.33156 -13.5196 224.275
    endloop
  endfacet
  facet normal 0.122379 0.992483 0
    outer loop
      vertex -1.99333 -13.438 224.275
      vertex -1.33156 -13.5196 0
      vertex -1.99333 -13.438 0
    endloop
  endfacet
  facet normal 0.914217 0.405225 0
    outer loop
      vertex -12.2807 -5.80834 224.275
      vertex -12.5509 -5.19875 0
      vertex -12.5509 -5.19875 224.275
    endloop
  endfacet
  facet normal 0.914217 0.405225 0
    outer loop
      vertex -12.5509 -5.19875 0
      vertex -12.2807 -5.80834 224.275
      vertex -12.2807 -5.80834 0
    endloop
  endfacet
  facet normal 0.219109 -0.9757 0
    outer loop
      vertex -3.30089 13.1779 0
      vertex -2.6503 13.324 224.275
      vertex -3.30089 13.1779 224.275
    endloop
  endfacet
  facet normal 0.219109 -0.9757 0
    outer loop
      vertex -2.6503 13.324 224.275
      vertex -3.30089 13.1779 0
      vertex -2.6503 13.324 0
    endloop
  endfacet
  facet normal -0.313603 -0.949554 0
    outer loop
      vertex 3.94352 13 0
      vertex 4.57665 12.7909 224.275
      vertex 3.94352 13 224.275
    endloop
  endfacet
  facet normal -0.313603 -0.949554 -0
    outer loop
      vertex 4.57665 12.7909 224.275
      vertex 3.94352 13 0
      vertex 4.57665 12.7909 0
    endloop
  endfacet
  facet normal -0.653147 -0.757231 0
    outer loop
      vertex 8.61823 10.5013 0
      vertex 9.12313 10.0658 224.275
      vertex 8.61823 10.5013 224.275
    endloop
  endfacet
  facet normal -0.653147 -0.757231 -0
    outer loop
      vertex 9.12313 10.0658 224.275
      vertex 8.61823 10.5013 0
      vertex 9.12313 10.0658 0
    endloop
  endfacet
  facet normal 0.84487 -0.534971 0
    outer loop
      vertex -11.6522 6.98409 224.275
      vertex -11.2955 7.54742 0
      vertex -11.2955 7.54742 224.275
    endloop
  endfacet
  facet normal 0.84487 -0.534971 0
    outer loop
      vertex -11.2955 7.54742 0
      vertex -11.6522 6.98409 224.275
      vertex -11.6522 6.98409 0
    endloop
  endfacet
  facet normal -0.788295 0.615298 0
    outer loop
      vertex 10.5013 -8.61823 0
      vertex 10.9116 -8.09257 224.275
      vertex 10.9116 -8.09257 0
    endloop
  endfacet
  facet normal -0.788295 0.615298 0
    outer loop
      vertex 10.9116 -8.09257 224.275
      vertex 10.5013 -8.61823 0
      vertex 10.5013 -8.61823 224.275
    endloop
  endfacet
  facet normal -0.893218 0.449624 0
    outer loop
      vertex 11.9809 -6.40392 0
      vertex 12.2807 -5.80834 224.275
      vertex 12.2807 -5.80834 0
    endloop
  endfacet
  facet normal -0.893218 0.449624 0
    outer loop
      vertex 12.2807 -5.80834 224.275
      vertex 11.9809 -6.40392 0
      vertex 11.9809 -6.40392 224.275
    endloop
  endfacet
  facet normal -0.757231 -0.653147 0
    outer loop
      vertex 10.5013 8.61823 0
      vertex 10.0658 9.12313 224.275
      vertex 10.0658 9.12313 0
    endloop
  endfacet
  facet normal -0.757231 -0.653147 0
    outer loop
      vertex 10.0658 9.12313 224.275
      vertex 10.5013 8.61823 0
      vertex 10.5013 8.61823 224.275
    endloop
  endfacet
  facet normal 0.997296 -0.0734876 0
    outer loop
      vertex -13.5686 0.666584 224.275
      vertex -13.5196 1.33156 0
      vertex -13.5196 1.33156 224.275
    endloop
  endfacet
  facet normal 0.997296 -0.0734876 0
    outer loop
      vertex -13.5196 1.33156 0
      vertex -13.5686 0.666584 224.275
      vertex -13.5686 0.666584 0
    endloop
  endfacet
  facet normal -0.9757 -0.219109 0
    outer loop
      vertex 13.324 2.6503 0
      vertex 13.1779 3.30089 224.275
      vertex 13.1779 3.30089 0
    endloop
  endfacet
  facet normal -0.9757 -0.219109 0
    outer loop
      vertex 13.1779 3.30089 224.275
      vertex 13.324 2.6503 0
      vertex 13.324 2.6503 224.275
    endloop
  endfacet
  facet normal -0.534971 0.84487 0
    outer loop
      vertex 7.54742 -11.2955 0
      vertex 6.98409 -11.6522 224.275
      vertex 7.54742 -11.2955 224.275
    endloop
  endfacet
  facet normal -0.534971 0.84487 0
    outer loop
      vertex 6.98409 -11.6522 224.275
      vertex 7.54742 -11.2955 0
      vertex 6.98409 -11.6522 0
    endloop
  endfacet
  facet normal -0.9757 0.219109 0
    outer loop
      vertex 13.1779 -3.30089 0
      vertex 13.324 -2.6503 224.275
      vertex 13.324 -2.6503 0
    endloop
  endfacet
  facet normal -0.9757 0.219109 0
    outer loop
      vertex 13.324 -2.6503 224.275
      vertex 13.1779 -3.30089 0
      vertex 13.1779 -3.30089 224.275
    endloop
  endfacet
  facet normal 0.359934 -0.932978 0
    outer loop
      vertex -5.19875 12.5509 0
      vertex -4.57665 12.7909 224.275
      vertex -5.19875 12.5509 224.275
    endloop
  endfacet
  facet normal 0.359934 -0.932978 0
    outer loop
      vertex -4.57665 12.7909 224.275
      vertex -5.19875 12.5509 0
      vertex -4.57665 12.7909 0
    endloop
  endfacet
  facet normal 0.997296 0.0734876 0
    outer loop
      vertex -13.5196 -1.33156 224.275
      vertex -13.5686 -0.666584 0
      vertex -13.5686 -0.666584 224.275
    endloop
  endfacet
  facet normal 0.997296 0.0734876 0
    outer loop
      vertex -13.5686 -0.666584 0
      vertex -13.5196 -1.33156 224.275
      vertex -13.5196 -1.33156 0
    endloop
  endfacet
  facet normal -0.0245956 0.999697 0
    outer loop
      vertex 0.666584 -13.5686 0
      vertex 0 -13.585 224.275
      vertex 0.666584 -13.5686 224.275
    endloop
  endfacet
  facet normal -0.0245956 0.999697 0
    outer loop
      vertex 0 -13.585 224.275
      vertex 0.666584 -13.5686 0
      vertex 0 -13.585 0
    endloop
  endfacet
  facet normal -0.914217 0.405225 0
    outer loop
      vertex 12.2807 -5.80834 0
      vertex 12.5509 -5.19875 224.275
      vertex 12.5509 -5.19875 0
    endloop
  endfacet
  facet normal -0.914217 0.405225 0
    outer loop
      vertex 12.5509 -5.19875 224.275
      vertex 12.2807 -5.80834 0
      vertex 12.2807 -5.80834 224.275
    endloop
  endfacet
  facet normal -0.914217 -0.405225 0
    outer loop
      vertex 12.5509 5.19875 0
      vertex 12.2807 5.80834 224.275
      vertex 12.2807 5.80834 0
    endloop
  endfacet
  facet normal -0.914217 -0.405225 0
    outer loop
      vertex 12.2807 5.80834 224.275
      vertex 12.5509 5.19875 0
      vertex 12.5509 5.19875 224.275
    endloop
  endfacet
  facet normal -0.870063 0.492941 0
    outer loop
      vertex 11.6522 -6.98409 0
      vertex 11.9809 -6.40392 224.275
      vertex 11.9809 -6.40392 0
    endloop
  endfacet
  facet normal -0.870063 0.492941 0
    outer loop
      vertex 11.9809 -6.40392 224.275
      vertex 11.6522 -6.98409 0
      vertex 11.6522 -6.98409 224.275
    endloop
  endfacet
  facet normal 0.999697 0.0245956 0
    outer loop
      vertex -13.5686 -0.666584 224.275
      vertex -13.585 0 0
      vertex -13.585 0 224.275
    endloop
  endfacet
  facet normal 0.999697 0.0245956 0
    outer loop
      vertex -13.585 0 0
      vertex -13.5686 -0.666584 224.275
      vertex -13.5686 -0.666584 0
    endloop
  endfacet
  facet normal 0.963753 -0.266797 0
    outer loop
      vertex -13.1779 3.30089 224.275
      vertex -13 3.94352 0
      vertex -13 3.94352 224.275
    endloop
  endfacet
  facet normal 0.963753 -0.266797 0
    outer loop
      vertex -13 3.94352 0
      vertex -13.1779 3.30089 224.275
      vertex -13.1779 3.30089 0
    endloop
  endfacet
  facet normal -0.170969 0.985276 0
    outer loop
      vertex 2.6503 -13.324 0
      vertex 1.99333 -13.438 224.275
      vertex 2.6503 -13.324 224.275
    endloop
  endfacet
  facet normal -0.170969 0.985276 0
    outer loop
      vertex 1.99333 -13.438 224.275
      vertex 2.6503 -13.324 0
      vertex 1.99333 -13.438 0
    endloop
  endfacet
  facet normal -0.870063 -0.492941 0
    outer loop
      vertex 11.9809 6.40392 0
      vertex 11.6522 6.98409 224.275
      vertex 11.6522 6.98409 0
    endloop
  endfacet
  facet normal -0.870063 -0.492941 0
    outer loop
      vertex 11.6522 6.98409 224.275
      vertex 11.9809 6.40392 0
      vertex 11.9809 6.40392 224.275
    endloop
  endfacet
  facet normal -0.266797 -0.963753 0
    outer loop
      vertex 3.30089 13.1779 0
      vertex 3.94352 13 224.275
      vertex 3.30089 13.1779 224.275
    endloop
  endfacet
  facet normal -0.266797 -0.963753 -0
    outer loop
      vertex 3.94352 13 224.275
      vertex 3.30089 13.1779 0
      vertex 3.94352 13 0
    endloop
  endfacet
  facet normal -0.266797 0.963753 0
    outer loop
      vertex 3.94352 -13 0
      vertex 3.30089 -13.1779 224.275
      vertex 3.94352 -13 224.275
    endloop
  endfacet
  facet normal -0.266797 0.963753 0
    outer loop
      vertex 3.30089 -13.1779 224.275
      vertex 3.94352 -13 0
      vertex 3.30089 -13.1779 0
    endloop
  endfacet
  facet normal -0.122379 -0.992483 0
    outer loop
      vertex 1.33156 13.5196 0
      vertex 1.99333 13.438 224.275
      vertex 1.33156 13.5196 224.275
    endloop
  endfacet
  facet normal -0.122379 -0.992483 -0
    outer loop
      vertex 1.99333 13.438 224.275
      vertex 1.33156 13.5196 0
      vertex 1.99333 13.438 0
    endloop
  endfacet
  facet normal -0.724253 -0.689534 0
    outer loop
      vertex 10.0658 9.12313 0
      vertex 9.60604 9.60604 224.275
      vertex 9.60604 9.60604 0
    endloop
  endfacet
  facet normal -0.724253 -0.689534 0
    outer loop
      vertex 9.60604 9.60604 224.275
      vertex 10.0658 9.12313 0
      vertex 10.0658 9.12313 224.275
    endloop
  endfacet
  facet normal 0.170969 0.985276 -0
    outer loop
      vertex -1.99333 -13.438 0
      vertex -2.6503 -13.324 224.275
      vertex -1.99333 -13.438 224.275
    endloop
  endfacet
  facet normal 0.170969 0.985276 0
    outer loop
      vertex -2.6503 -13.324 224.275
      vertex -1.99333 -13.438 0
      vertex -2.6503 -13.324 0
    endloop
  endfacet
  facet normal 0.405225 -0.914217 0
    outer loop
      vertex -5.80834 12.2807 0
      vertex -5.19875 12.5509 224.275
      vertex -5.80834 12.2807 224.275
    endloop
  endfacet
  facet normal 0.405225 -0.914217 0
    outer loop
      vertex -5.19875 12.5509 224.275
      vertex -5.80834 12.2807 0
      vertex -5.19875 12.5509 0
    endloop
  endfacet
  facet normal -0.0734876 0.997296 0
    outer loop
      vertex 1.33156 -13.5196 0
      vertex 0.666584 -13.5686 224.275
      vertex 1.33156 -13.5196 224.275
    endloop
  endfacet
  facet normal -0.0734876 0.997296 0
    outer loop
      vertex 0.666584 -13.5686 224.275
      vertex 1.33156 -13.5196 0
      vertex 0.666584 -13.5686 0
    endloop
  endfacet
  facet normal 0.757231 0.653147 0
    outer loop
      vertex -10.0658 -9.12313 224.275
      vertex -10.5013 -8.61823 0
      vertex -10.5013 -8.61823 224.275
    endloop
  endfacet
  facet normal 0.757231 0.653147 0
    outer loop
      vertex -10.5013 -8.61823 0
      vertex -10.0658 -9.12313 224.275
      vertex -10.0658 -9.12313 0
    endloop
  endfacet
  facet normal -0.615298 -0.788295 0
    outer loop
      vertex 8.09257 10.9116 0
      vertex 8.61823 10.5013 224.275
      vertex 8.09257 10.9116 224.275
    endloop
  endfacet
  facet normal -0.615298 -0.788295 -0
    outer loop
      vertex 8.61823 10.5013 224.275
      vertex 8.09257 10.9116 0
      vertex 8.61823 10.5013 0
    endloop
  endfacet
  facet normal -0.405225 -0.914217 0
    outer loop
      vertex 5.19875 12.5509 0
      vertex 5.80834 12.2807 224.275
      vertex 5.19875 12.5509 224.275
    endloop
  endfacet
  facet normal -0.405225 -0.914217 -0
    outer loop
      vertex 5.80834 12.2807 224.275
      vertex 5.19875 12.5509 0
      vertex 5.80834 12.2807 0
    endloop
  endfacet
  facet normal -0.788295 -0.615298 0
    outer loop
      vertex 10.9116 8.09257 0
      vertex 10.5013 8.61823 224.275
      vertex 10.5013 8.61823 0
    endloop
  endfacet
  facet normal -0.788295 -0.615298 0
    outer loop
      vertex 10.5013 8.61823 224.275
      vertex 10.9116 8.09257 0
      vertex 10.9116 8.09257 224.275
    endloop
  endfacet
  facet normal 0.949554 0.313603 0
    outer loop
      vertex -12.7909 -4.57665 224.275
      vertex -13 -3.94352 0
      vertex -13 -3.94352 224.275
    endloop
  endfacet
  facet normal 0.949554 0.313603 0
    outer loop
      vertex -13 -3.94352 0
      vertex -12.7909 -4.57665 224.275
      vertex -12.7909 -4.57665 0
    endloop
  endfacet
  facet normal -0.817612 -0.57577 0
    outer loop
      vertex 11.2955 7.54742 0
      vertex 10.9116 8.09257 224.275
      vertex 10.9116 8.09257 0
    endloop
  endfacet
  facet normal -0.817612 -0.57577 0
    outer loop
      vertex 10.9116 8.09257 224.275
      vertex 11.2955 7.54742 0
      vertex 11.2955 7.54742 224.275
    endloop
  endfacet
  facet normal -0.359934 0.932978 0
    outer loop
      vertex 5.19875 -12.5509 0
      vertex 4.57665 -12.7909 224.275
      vertex 5.19875 -12.5509 224.275
    endloop
  endfacet
  facet normal -0.359934 0.932978 0
    outer loop
      vertex 4.57665 -12.7909 224.275
      vertex 5.19875 -12.5509 0
      vertex 4.57665 -12.7909 0
    endloop
  endfacet
  facet normal -0.999697 0.0245956 0
    outer loop
      vertex 13.5686 -0.666584 0
      vertex 13.585 0 224.275
      vertex 13.585 0 0
    endloop
  endfacet
  facet normal -0.999697 0.0245956 0
    outer loop
      vertex 13.585 0 224.275
      vertex 13.5686 -0.666584 0
      vertex 13.5686 -0.666584 224.275
    endloop
  endfacet
  facet normal 0.724253 -0.689534 0
    outer loop
      vertex -10.0658 9.12313 224.275
      vertex -9.60604 9.60604 0
      vertex -9.60604 9.60604 224.275
    endloop
  endfacet
  facet normal 0.724253 -0.689534 0
    outer loop
      vertex -9.60604 9.60604 0
      vertex -10.0658 9.12313 224.275
      vertex -10.0658 9.12313 0
    endloop
  endfacet
  facet normal -0.997296 0.0734876 0
    outer loop
      vertex 13.5196 -1.33156 0
      vertex 13.5686 -0.666584 224.275
      vertex 13.5686 -0.666584 0
    endloop
  endfacet
  facet normal -0.997296 0.0734876 0
    outer loop
      vertex 13.5686 -0.666584 224.275
      vertex 13.5196 -1.33156 0
      vertex 13.5196 -1.33156 224.275
    endloop
  endfacet
  facet normal -0.84487 -0.534971 0
    outer loop
      vertex 11.6522 6.98409 0
      vertex 11.2955 7.54742 224.275
      vertex 11.2955 7.54742 0
    endloop
  endfacet
  facet normal -0.84487 -0.534971 0
    outer loop
      vertex 11.2955 7.54742 224.275
      vertex 11.6522 6.98409 0
      vertex 11.6522 6.98409 224.275
    endloop
  endfacet
  facet normal 0.653147 -0.757231 0
    outer loop
      vertex -9.12313 10.0658 0
      vertex -8.61823 10.5013 224.275
      vertex -9.12313 10.0658 224.275
    endloop
  endfacet
  facet normal 0.653147 -0.757231 0
    outer loop
      vertex -8.61823 10.5013 224.275
      vertex -9.12313 10.0658 0
      vertex -8.61823 10.5013 0
    endloop
  endfacet
  facet normal 0.170969 -0.985276 0
    outer loop
      vertex -2.6503 13.324 0
      vertex -1.99333 13.438 224.275
      vertex -2.6503 13.324 224.275
    endloop
  endfacet
  facet normal 0.170969 -0.985276 0
    outer loop
      vertex -1.99333 13.438 224.275
      vertex -2.6503 13.324 0
      vertex -1.99333 13.438 0
    endloop
  endfacet
  facet normal 0.313603 -0.949554 0
    outer loop
      vertex -4.57665 12.7909 0
      vertex -3.94352 13 224.275
      vertex -4.57665 12.7909 224.275
    endloop
  endfacet
  facet normal 0.313603 -0.949554 0
    outer loop
      vertex -3.94352 13 224.275
      vertex -4.57665 12.7909 0
      vertex -3.94352 13 0
    endloop
  endfacet
  facet normal 0.893218 -0.449624 0
    outer loop
      vertex -12.2807 5.80834 224.275
      vertex -11.9809 6.40392 0
      vertex -11.9809 6.40392 224.275
    endloop
  endfacet
  facet normal 0.893218 -0.449624 0
    outer loop
      vertex -11.9809 6.40392 0
      vertex -12.2807 5.80834 224.275
      vertex -12.2807 5.80834 0
    endloop
  endfacet
  facet normal -0.757231 0.653147 0
    outer loop
      vertex 10.0658 -9.12313 0
      vertex 10.5013 -8.61823 224.275
      vertex 10.5013 -8.61823 0
    endloop
  endfacet
  facet normal -0.757231 0.653147 0
    outer loop
      vertex 10.5013 -8.61823 224.275
      vertex 10.0658 -9.12313 0
      vertex 10.0658 -9.12313 224.275
    endloop
  endfacet
  facet normal -0.405225 0.914217 0
    outer loop
      vertex 5.80834 -12.2807 0
      vertex 5.19875 -12.5509 224.275
      vertex 5.80834 -12.2807 224.275
    endloop
  endfacet
  facet normal -0.405225 0.914217 0
    outer loop
      vertex 5.19875 -12.5509 224.275
      vertex 5.80834 -12.2807 0
      vertex 5.19875 -12.5509 0
    endloop
  endfacet
  facet normal -0.57577 -0.817612 0
    outer loop
      vertex 7.54742 11.2955 0
      vertex 8.09257 10.9116 224.275
      vertex 7.54742 11.2955 224.275
    endloop
  endfacet
  facet normal -0.57577 -0.817612 -0
    outer loop
      vertex 8.09257 10.9116 224.275
      vertex 7.54742 11.2955 0
      vertex 8.09257 10.9116 0
    endloop
  endfacet
  facet normal -0.122379 0.992483 0
    outer loop
      vertex 1.99333 -13.438 0
      vertex 1.33156 -13.5196 224.275
      vertex 1.99333 -13.438 224.275
    endloop
  endfacet
  facet normal -0.122379 0.992483 0
    outer loop
      vertex 1.33156 -13.5196 224.275
      vertex 1.99333 -13.438 0
      vertex 1.33156 -13.5196 0
    endloop
  endfacet
  facet normal -0.0734876 -0.997296 0
    outer loop
      vertex 0.666584 13.5686 0
      vertex 1.33156 13.5196 224.275
      vertex 0.666584 13.5686 224.275
    endloop
  endfacet
  facet normal -0.0734876 -0.997296 -0
    outer loop
      vertex 1.33156 13.5196 224.275
      vertex 0.666584 13.5686 0
      vertex 1.33156 13.5196 0
    endloop
  endfacet
  facet normal -0.57577 0.817612 0
    outer loop
      vertex 8.09257 -10.9116 0
      vertex 7.54742 -11.2955 224.275
      vertex 8.09257 -10.9116 224.275
    endloop
  endfacet
  facet normal -0.57577 0.817612 0
    outer loop
      vertex 7.54742 -11.2955 224.275
      vertex 8.09257 -10.9116 0
      vertex 7.54742 -11.2955 0
    endloop
  endfacet
  facet normal 0.932978 0.359934 0
    outer loop
      vertex -12.5509 -5.19875 224.275
      vertex -12.7909 -4.57665 0
      vertex -12.7909 -4.57665 224.275
    endloop
  endfacet
  facet normal 0.932978 0.359934 0
    outer loop
      vertex -12.7909 -4.57665 0
      vertex -12.5509 -5.19875 224.275
      vertex -12.5509 -5.19875 0
    endloop
  endfacet
  facet normal -0.724253 0.689534 0
    outer loop
      vertex 9.60604 -9.60604 0
      vertex 10.0658 -9.12313 224.275
      vertex 10.0658 -9.12313 0
    endloop
  endfacet
  facet normal -0.724253 0.689534 0
    outer loop
      vertex 10.0658 -9.12313 224.275
      vertex 9.60604 -9.60604 0
      vertex 9.60604 -9.60604 224.275
    endloop
  endfacet
  facet normal 0.57577 -0.817612 0
    outer loop
      vertex -8.09257 10.9116 0
      vertex -7.54742 11.2955 224.275
      vertex -8.09257 10.9116 224.275
    endloop
  endfacet
  facet normal 0.57577 -0.817612 0
    outer loop
      vertex -7.54742 11.2955 224.275
      vertex -8.09257 10.9116 0
      vertex -7.54742 11.2955 0
    endloop
  endfacet
  facet normal 0.985276 0.170969 0
    outer loop
      vertex -13.324 -2.6503 224.275
      vertex -13.438 -1.99333 0
      vertex -13.438 -1.99333 224.275
    endloop
  endfacet
  facet normal 0.985276 0.170969 0
    outer loop
      vertex -13.438 -1.99333 0
      vertex -13.324 -2.6503 224.275
      vertex -13.324 -2.6503 0
    endloop
  endfacet
  facet normal 0.449624 -0.893218 0
    outer loop
      vertex -6.40392 11.9809 0
      vertex -5.80834 12.2807 224.275
      vertex -6.40392 11.9809 224.275
    endloop
  endfacet
  facet normal 0.449624 -0.893218 0
    outer loop
      vertex -5.80834 12.2807 224.275
      vertex -6.40392 11.9809 0
      vertex -5.80834 12.2807 0
    endloop
  endfacet
  facet normal -0.992483 0.122379 0
    outer loop
      vertex 13.438 -1.99333 0
      vertex 13.5196 -1.33156 224.275
      vertex 13.5196 -1.33156 0
    endloop
  endfacet
  facet normal -0.992483 0.122379 0
    outer loop
      vertex 13.5196 -1.33156 224.275
      vertex 13.438 -1.99333 0
      vertex 13.438 -1.99333 224.275
    endloop
  endfacet
  facet normal 0.615298 -0.788295 0
    outer loop
      vertex -8.61823 10.5013 0
      vertex -8.09257 10.9116 224.275
      vertex -8.61823 10.5013 224.275
    endloop
  endfacet
  facet normal 0.615298 -0.788295 0
    outer loop
      vertex -8.09257 10.9116 224.275
      vertex -8.61823 10.5013 0
      vertex -8.09257 10.9116 0
    endloop
  endfacet
  facet normal 0.963753 0.266797 0
    outer loop
      vertex -13 -3.94352 224.275
      vertex -13.1779 -3.30089 0
      vertex -13.1779 -3.30089 224.275
    endloop
  endfacet
  facet normal 0.963753 0.266797 0
    outer loop
      vertex -13.1779 -3.30089 0
      vertex -13 -3.94352 224.275
      vertex -13 -3.94352 0
    endloop
  endfacet
  facet normal -0.492941 0.870063 0
    outer loop
      vertex 6.98409 -11.6522 0
      vertex 6.40392 -11.9809 224.275
      vertex 6.98409 -11.6522 224.275
    endloop
  endfacet
  facet normal -0.492941 0.870063 0
    outer loop
      vertex 6.40392 -11.9809 224.275
      vertex 6.98409 -11.6522 0
      vertex 6.40392 -11.9809 0
    endloop
  endfacet
  facet normal -0.0245956 -0.999697 0
    outer loop
      vertex 0 13.585 0
      vertex 0.666584 13.5686 224.275
      vertex 0 13.585 224.275
    endloop
  endfacet
  facet normal -0.0245956 -0.999697 -0
    outer loop
      vertex 0.666584 13.5686 224.275
      vertex 0 13.585 0
      vertex 0.666584 13.5686 0
    endloop
  endfacet
  facet normal -0.949554 -0.313603 0
    outer loop
      vertex 13 3.94352 0
      vertex 12.7909 4.57665 224.275
      vertex 12.7909 4.57665 0
    endloop
  endfacet
  facet normal -0.949554 -0.313603 0
    outer loop
      vertex 12.7909 4.57665 224.275
      vertex 13 3.94352 0
      vertex 13 3.94352 224.275
    endloop
  endfacet
  facet normal 0.985276 -0.170969 0
    outer loop
      vertex -13.438 1.99333 224.275
      vertex -13.324 2.6503 0
      vertex -13.324 2.6503 224.275
    endloop
  endfacet
  facet normal 0.985276 -0.170969 0
    outer loop
      vertex -13.324 2.6503 0
      vertex -13.438 1.99333 224.275
      vertex -13.438 1.99333 0
    endloop
  endfacet
  facet normal -0.963753 0.266797 0
    outer loop
      vertex 13 -3.94352 0
      vertex 13.1779 -3.30089 224.275
      vertex 13.1779 -3.30089 0
    endloop
  endfacet
  facet normal -0.963753 0.266797 0
    outer loop
      vertex 13.1779 -3.30089 224.275
      vertex 13 -3.94352 0
      vertex 13 -3.94352 224.275
    endloop
  endfacet
  facet normal -0.615298 0.788295 0
    outer loop
      vertex 8.61823 -10.5013 0
      vertex 8.09257 -10.9116 224.275
      vertex 8.61823 -10.5013 224.275
    endloop
  endfacet
  facet normal -0.615298 0.788295 0
    outer loop
      vertex 8.09257 -10.9116 224.275
      vertex 8.61823 -10.5013 0
      vertex 8.09257 -10.9116 0
    endloop
  endfacet
  facet normal -0.359934 -0.932978 0
    outer loop
      vertex 4.57665 12.7909 0
      vertex 5.19875 12.5509 224.275
      vertex 4.57665 12.7909 224.275
    endloop
  endfacet
  facet normal -0.359934 -0.932978 -0
    outer loop
      vertex 5.19875 12.5509 224.275
      vertex 4.57665 12.7909 0
      vertex 5.19875 12.5509 0
    endloop
  endfacet
  facet normal -0.985276 0.170969 0
    outer loop
      vertex 13.324 -2.6503 0
      vertex 13.438 -1.99333 224.275
      vertex 13.438 -1.99333 0
    endloop
  endfacet
  facet normal -0.985276 0.170969 0
    outer loop
      vertex 13.438 -1.99333 224.275
      vertex 13.324 -2.6503 0
      vertex 13.324 -2.6503 224.275
    endloop
  endfacet
  facet normal -0.893218 -0.449624 0
    outer loop
      vertex 12.2807 5.80834 0
      vertex 11.9809 6.40392 224.275
      vertex 11.9809 6.40392 0
    endloop
  endfacet
  facet normal -0.893218 -0.449624 0
    outer loop
      vertex 11.9809 6.40392 224.275
      vertex 12.2807 5.80834 0
      vertex 12.2807 5.80834 224.275
    endloop
  endfacet
  facet normal -0.84487 0.534971 0
    outer loop
      vertex 11.2955 -7.54742 0
      vertex 11.6522 -6.98409 224.275
      vertex 11.6522 -6.98409 0
    endloop
  endfacet
  facet normal -0.84487 0.534971 0
    outer loop
      vertex 11.6522 -6.98409 224.275
      vertex 11.2955 -7.54742 0
      vertex 11.2955 -7.54742 224.275
    endloop
  endfacet
  facet normal -0.492941 -0.870063 0
    outer loop
      vertex 6.40392 11.9809 0
      vertex 6.98409 11.6522 224.275
      vertex 6.40392 11.9809 224.275
    endloop
  endfacet
  facet normal -0.492941 -0.870063 -0
    outer loop
      vertex 6.98409 11.6522 224.275
      vertex 6.40392 11.9809 0
      vertex 6.98409 11.6522 0
    endloop
  endfacet
  facet normal 0.788295 0.615298 0
    outer loop
      vertex -10.5013 -8.61823 224.275
      vertex -10.9116 -8.09257 0
      vertex -10.9116 -8.09257 224.275
    endloop
  endfacet
  facet normal 0.788295 0.615298 0
    outer loop
      vertex -10.9116 -8.09257 0
      vertex -10.5013 -8.61823 224.275
      vertex -10.5013 -8.61823 0
    endloop
  endfacet
  facet normal -0.985276 -0.170969 0
    outer loop
      vertex 13.438 1.99333 0
      vertex 13.324 2.6503 224.275
      vertex 13.324 2.6503 0
    endloop
  endfacet
  facet normal -0.985276 -0.170969 0
    outer loop
      vertex 13.324 2.6503 224.275
      vertex 13.438 1.99333 0
      vertex 13.438 1.99333 224.275
    endloop
  endfacet
  facet normal -0.534971 -0.84487 0
    outer loop
      vertex 6.98409 11.6522 0
      vertex 7.54742 11.2955 224.275
      vertex 6.98409 11.6522 224.275
    endloop
  endfacet
  facet normal -0.534971 -0.84487 -0
    outer loop
      vertex 7.54742 11.2955 224.275
      vertex 6.98409 11.6522 0
      vertex 7.54742 11.2955 0
    endloop
  endfacet
  facet normal -0.963753 -0.266797 0
    outer loop
      vertex 13.1779 3.30089 0
      vertex 13 3.94352 224.275
      vertex 13 3.94352 0
    endloop
  endfacet
  facet normal -0.963753 -0.266797 0
    outer loop
      vertex 13 3.94352 224.275
      vertex 13.1779 3.30089 0
      vertex 13.1779 3.30089 224.275
    endloop
  endfacet
  facet normal 0.992483 -0.122379 0
    outer loop
      vertex -13.5196 1.33156 224.275
      vertex -13.438 1.99333 0
      vertex -13.438 1.99333 224.275
    endloop
  endfacet
  facet normal 0.992483 -0.122379 0
    outer loop
      vertex -13.438 1.99333 0
      vertex -13.5196 1.33156 224.275
      vertex -13.5196 1.33156 0
    endloop
  endfacet
  facet normal 0.266797 0.963753 -0
    outer loop
      vertex -3.30089 -13.1779 0
      vertex -3.94352 -13 224.275
      vertex -3.30089 -13.1779 224.275
    endloop
  endfacet
  facet normal 0.266797 0.963753 0
    outer loop
      vertex -3.94352 -13 224.275
      vertex -3.30089 -13.1779 0
      vertex -3.94352 -13 0
    endloop
  endfacet
  facet normal 0.0734876 -0.997296 0
    outer loop
      vertex -1.33156 13.5196 0
      vertex -0.666584 13.5686 224.275
      vertex -1.33156 13.5196 224.275
    endloop
  endfacet
  facet normal 0.0734876 -0.997296 0
    outer loop
      vertex -0.666584 13.5686 224.275
      vertex -1.33156 13.5196 0
      vertex -0.666584 13.5686 0
    endloop
  endfacet
  facet normal -0.689534 0.724253 0
    outer loop
      vertex 9.60604 -9.60604 0
      vertex 9.12313 -10.0658 224.275
      vertex 9.60604 -9.60604 224.275
    endloop
  endfacet
  facet normal -0.689534 0.724253 0
    outer loop
      vertex 9.12313 -10.0658 224.275
      vertex 9.60604 -9.60604 0
      vertex 9.12313 -10.0658 0
    endloop
  endfacet
  facet normal -0.932978 -0.359934 0
    outer loop
      vertex 12.7909 4.57665 0
      vertex 12.5509 5.19875 224.275
      vertex 12.5509 5.19875 0
    endloop
  endfacet
  facet normal -0.932978 -0.359934 0
    outer loop
      vertex 12.5509 5.19875 224.275
      vertex 12.7909 4.57665 0
      vertex 12.7909 4.57665 224.275
    endloop
  endfacet
  facet normal 0.999697 -0.0245956 0
    outer loop
      vertex -13.585 0 224.275
      vertex -13.5686 0.666584 0
      vertex -13.5686 0.666584 224.275
    endloop
  endfacet
  facet normal 0.999697 -0.0245956 0
    outer loop
      vertex -13.5686 0.666584 0
      vertex -13.585 0 224.275
      vertex -13.585 0 0
    endloop
  endfacet
  facet normal 0.122379 -0.992483 0
    outer loop
      vertex -1.99333 13.438 0
      vertex -1.33156 13.5196 224.275
      vertex -1.99333 13.438 224.275
    endloop
  endfacet
  facet normal 0.122379 -0.992483 0
    outer loop
      vertex -1.33156 13.5196 224.275
      vertex -1.99333 13.438 0
      vertex -1.33156 13.5196 0
    endloop
  endfacet
  facet normal 0.689534 -0.724253 0
    outer loop
      vertex -9.60604 9.60604 0
      vertex -9.12313 10.0658 224.275
      vertex -9.60604 9.60604 224.275
    endloop
  endfacet
  facet normal 0.689534 -0.724253 0
    outer loop
      vertex -9.12313 10.0658 224.275
      vertex -9.60604 9.60604 0
      vertex -9.12313 10.0658 0
    endloop
  endfacet
  facet normal 0.893218 0.449624 0
    outer loop
      vertex -11.9809 -6.40392 224.275
      vertex -12.2807 -5.80834 0
      vertex -12.2807 -5.80834 224.275
    endloop
  endfacet
  facet normal 0.893218 0.449624 0
    outer loop
      vertex -12.2807 -5.80834 0
      vertex -11.9809 -6.40392 224.275
      vertex -11.9809 -6.40392 0
    endloop
  endfacet
  facet normal 0.9757 0.219109 0
    outer loop
      vertex -13.1779 -3.30089 224.275
      vertex -13.324 -2.6503 0
      vertex -13.324 -2.6503 224.275
    endloop
  endfacet
  facet normal 0.9757 0.219109 0
    outer loop
      vertex -13.324 -2.6503 0
      vertex -13.1779 -3.30089 224.275
      vertex -13.1779 -3.30089 0
    endloop
  endfacet
  facet normal 0.992483 0.122379 0
    outer loop
      vertex -13.438 -1.99333 224.275
      vertex -13.5196 -1.33156 0
      vertex -13.5196 -1.33156 224.275
    endloop
  endfacet
  facet normal 0.992483 0.122379 0
    outer loop
      vertex -13.5196 -1.33156 0
      vertex -13.438 -1.99333 224.275
      vertex -13.438 -1.99333 0
    endloop
  endfacet
  facet normal -0.949554 0.313603 0
    outer loop
      vertex 12.7909 -4.57665 0
      vertex 13 -3.94352 224.275
      vertex 13 -3.94352 0
    endloop
  endfacet
  facet normal -0.949554 0.313603 0
    outer loop
      vertex 13 -3.94352 224.275
      vertex 12.7909 -4.57665 0
      vertex 12.7909 -4.57665 224.275
    endloop
  endfacet
  facet normal -0.653147 0.757231 0
    outer loop
      vertex 9.12313 -10.0658 0
      vertex 8.61823 -10.5013 224.275
      vertex 9.12313 -10.0658 224.275
    endloop
  endfacet
  facet normal -0.653147 0.757231 0
    outer loop
      vertex 8.61823 -10.5013 224.275
      vertex 9.12313 -10.0658 0
      vertex 8.61823 -10.5013 0
    endloop
  endfacet
  facet normal -0.932978 0.359934 0
    outer loop
      vertex 12.5509 -5.19875 0
      vertex 12.7909 -4.57665 224.275
      vertex 12.7909 -4.57665 0
    endloop
  endfacet
  facet normal -0.932978 0.359934 0
    outer loop
      vertex 12.7909 -4.57665 224.275
      vertex 12.5509 -5.19875 0
      vertex 12.5509 -5.19875 224.275
    endloop
  endfacet
  facet normal 0.757231 -0.653147 0
    outer loop
      vertex -10.5013 8.61823 224.275
      vertex -10.0658 9.12313 0
      vertex -10.0658 9.12313 224.275
    endloop
  endfacet
  facet normal 0.757231 -0.653147 0
    outer loop
      vertex -10.0658 9.12313 0
      vertex -10.5013 8.61823 224.275
      vertex -10.5013 8.61823 0
    endloop
  endfacet
  facet normal 0.817612 0.57577 0
    outer loop
      vertex -10.9116 -8.09257 224.275
      vertex -11.2955 -7.54742 0
      vertex -11.2955 -7.54742 224.275
    endloop
  endfacet
  facet normal 0.817612 0.57577 0
    outer loop
      vertex -11.2955 -7.54742 0
      vertex -10.9116 -8.09257 224.275
      vertex -10.9116 -8.09257 0
    endloop
  endfacet
  facet normal -0.170969 -0.985276 0
    outer loop
      vertex 1.99333 13.438 0
      vertex 2.6503 13.324 224.275
      vertex 1.99333 13.438 224.275
    endloop
  endfacet
  facet normal -0.170969 -0.985276 -0
    outer loop
      vertex 2.6503 13.324 224.275
      vertex 1.99333 13.438 0
      vertex 2.6503 13.324 0
    endloop
  endfacet
  facet normal 0.57577 0.817612 -0
    outer loop
      vertex -7.54742 -11.2955 0
      vertex -8.09257 -10.9116 224.275
      vertex -7.54742 -11.2955 224.275
    endloop
  endfacet
  facet normal 0.57577 0.817612 0
    outer loop
      vertex -8.09257 -10.9116 224.275
      vertex -7.54742 -11.2955 0
      vertex -8.09257 -10.9116 0
    endloop
  endfacet
  facet normal -0.689534 -0.724253 0
    outer loop
      vertex 9.12313 10.0658 0
      vertex 9.60604 9.60604 224.275
      vertex 9.12313 10.0658 224.275
    endloop
  endfacet
  facet normal -0.689534 -0.724253 -0
    outer loop
      vertex 9.60604 9.60604 224.275
      vertex 9.12313 10.0658 0
      vertex 9.60604 9.60604 0
    endloop
  endfacet
  facet normal 0.724253 0.689534 0
    outer loop
      vertex -9.60604 -9.60604 224.275
      vertex -10.0658 -9.12313 0
      vertex -10.0658 -9.12313 224.275
    endloop
  endfacet
  facet normal 0.724253 0.689534 0
    outer loop
      vertex -10.0658 -9.12313 0
      vertex -9.60604 -9.60604 224.275
      vertex -9.60604 -9.60604 0
    endloop
  endfacet
  facet normal 0.0245956 -0.999697 0
    outer loop
      vertex -0.666584 13.5686 0
      vertex 0 13.585 224.275
      vertex -0.666584 13.5686 224.275
    endloop
  endfacet
  facet normal 0.0245956 -0.999697 0
    outer loop
      vertex 0 13.585 224.275
      vertex -0.666584 13.5686 0
      vertex 0 13.585 0
    endloop
  endfacet
  facet normal -0.449624 -0.893218 0
    outer loop
      vertex 5.80834 12.2807 0
      vertex 6.40392 11.9809 224.275
      vertex 5.80834 12.2807 224.275
    endloop
  endfacet
  facet normal -0.449624 -0.893218 -0
    outer loop
      vertex 6.40392 11.9809 224.275
      vertex 5.80834 12.2807 0
      vertex 6.40392 11.9809 0
    endloop
  endfacet
  facet normal -0.313603 0.949554 0
    outer loop
      vertex 4.57665 -12.7909 0
      vertex 3.94352 -13 224.275
      vertex 4.57665 -12.7909 224.275
    endloop
  endfacet
  facet normal -0.313603 0.949554 0
    outer loop
      vertex 3.94352 -13 224.275
      vertex 4.57665 -12.7909 0
      vertex 3.94352 -13 0
    endloop
  endfacet
  facet normal 0.313603 0.949554 -0
    outer loop
      vertex -3.94352 -13 0
      vertex -4.57665 -12.7909 224.275
      vertex -3.94352 -13 224.275
    endloop
  endfacet
  facet normal 0.313603 0.949554 0
    outer loop
      vertex -4.57665 -12.7909 224.275
      vertex -3.94352 -13 0
      vertex -4.57665 -12.7909 0
    endloop
  endfacet
  facet normal 0.405225 0.914217 -0
    outer loop
      vertex -5.19875 -12.5509 0
      vertex -5.80834 -12.2807 224.275
      vertex -5.19875 -12.5509 224.275
    endloop
  endfacet
  facet normal 0.405225 0.914217 0
    outer loop
      vertex -5.80834 -12.2807 224.275
      vertex -5.19875 -12.5509 0
      vertex -5.80834 -12.2807 0
    endloop
  endfacet
  facet normal -0.219109 -0.9757 0
    outer loop
      vertex 2.6503 13.324 0
      vertex 3.30089 13.1779 224.275
      vertex 2.6503 13.324 224.275
    endloop
  endfacet
  facet normal -0.219109 -0.9757 -0
    outer loop
      vertex 3.30089 13.1779 224.275
      vertex 2.6503 13.324 0
      vertex 3.30089 13.1779 0
    endloop
  endfacet
  facet normal -0.449624 0.893218 0
    outer loop
      vertex 6.40392 -11.9809 0
      vertex 5.80834 -12.2807 224.275
      vertex 6.40392 -11.9809 224.275
    endloop
  endfacet
  facet normal -0.449624 0.893218 0
    outer loop
      vertex 5.80834 -12.2807 224.275
      vertex 6.40392 -11.9809 0
      vertex 5.80834 -12.2807 0
    endloop
  endfacet
  facet normal 0.84487 0.534971 0
    outer loop
      vertex -11.2955 -7.54742 224.275
      vertex -11.6522 -6.98409 0
      vertex -11.6522 -6.98409 224.275
    endloop
  endfacet
  facet normal 0.84487 0.534971 0
    outer loop
      vertex -11.6522 -6.98409 0
      vertex -11.2955 -7.54742 224.275
      vertex -11.2955 -7.54742 0
    endloop
  endfacet
  facet normal 0.0245956 0.999697 -0
    outer loop
      vertex 0 -13.585 0
      vertex -0.666584 -13.5686 224.275
      vertex 0 -13.585 224.275
    endloop
  endfacet
  facet normal 0.0245956 0.999697 0
    outer loop
      vertex -0.666584 -13.5686 224.275
      vertex 0 -13.585 0
      vertex -0.666584 -13.5686 0
    endloop
  endfacet
  facet normal -0.817612 0.57577 0
    outer loop
      vertex 10.9116 -8.09257 0
      vertex 11.2955 -7.54742 224.275
      vertex 11.2955 -7.54742 0
    endloop
  endfacet
  facet normal -0.817612 0.57577 0
    outer loop
      vertex 11.2955 -7.54742 224.275
      vertex 10.9116 -8.09257 0
      vertex 10.9116 -8.09257 224.275
    endloop
  endfacet
  facet normal 0.0734876 0.997296 -0
    outer loop
      vertex -0.666584 -13.5686 0
      vertex -1.33156 -13.5196 224.275
      vertex -0.666584 -13.5686 224.275
    endloop
  endfacet
  facet normal 0.0734876 0.997296 0
    outer loop
      vertex -1.33156 -13.5196 224.275
      vertex -0.666584 -13.5686 0
      vertex -1.33156 -13.5196 0
    endloop
  endfacet
  facet normal 0.949554 -0.313603 0
    outer loop
      vertex -13 3.94352 224.275
      vertex -12.7909 4.57665 0
      vertex -12.7909 4.57665 224.275
    endloop
  endfacet
  facet normal 0.949554 -0.313603 0
    outer loop
      vertex -12.7909 4.57665 0
      vertex -13 3.94352 224.275
      vertex -13 3.94352 0
    endloop
  endfacet
  facet normal 0.932978 -0.359934 0
    outer loop
      vertex -12.7909 4.57665 224.275
      vertex -12.5509 5.19875 0
      vertex -12.5509 5.19875 224.275
    endloop
  endfacet
  facet normal 0.932978 -0.359934 0
    outer loop
      vertex -12.5509 5.19875 0
      vertex -12.7909 4.57665 224.275
      vertex -12.7909 4.57665 0
    endloop
  endfacet
  facet normal 0.9757 -0.219109 0
    outer loop
      vertex -13.324 2.6503 224.275
      vertex -13.1779 3.30089 0
      vertex -13.1779 3.30089 224.275
    endloop
  endfacet
  facet normal 0.9757 -0.219109 0
    outer loop
      vertex -13.1779 3.30089 0
      vertex -13.324 2.6503 224.275
      vertex -13.324 2.6503 0
    endloop
  endfacet
  facet normal -0.219109 0.9757 0
    outer loop
      vertex 3.30089 -13.1779 0
      vertex 2.6503 -13.324 224.275
      vertex 3.30089 -13.1779 224.275
    endloop
  endfacet
  facet normal -0.219109 0.9757 0
    outer loop
      vertex 2.6503 -13.324 224.275
      vertex 3.30089 -13.1779 0
      vertex 2.6503 -13.324 0
    endloop
  endfacet
  facet normal 0.266797 -0.963753 0
    outer loop
      vertex -3.94352 13 0
      vertex -3.30089 13.1779 224.275
      vertex -3.94352 13 224.275
    endloop
  endfacet
  facet normal 0.266797 -0.963753 0
    outer loop
      vertex -3.30089 13.1779 224.275
      vertex -3.94352 13 0
      vertex -3.30089 13.1779 0
    endloop
  endfacet
  facet normal 0.449624 0.893218 -0
    outer loop
      vertex -5.80834 -12.2807 0
      vertex -6.40392 -11.9809 224.275
      vertex -5.80834 -12.2807 224.275
    endloop
  endfacet
  facet normal 0.449624 0.893218 0
    outer loop
      vertex -6.40392 -11.9809 224.275
      vertex -5.80834 -12.2807 0
      vertex -6.40392 -11.9809 0
    endloop
  endfacet
  facet normal 0.534971 -0.84487 0
    outer loop
      vertex -7.54742 11.2955 0
      vertex -6.98409 11.6522 224.275
      vertex -7.54742 11.2955 224.275
    endloop
  endfacet
  facet normal 0.534971 -0.84487 0
    outer loop
      vertex -6.98409 11.6522 224.275
      vertex -7.54742 11.2955 0
      vertex -6.98409 11.6522 0
    endloop
  endfacet
  facet normal 0.534971 0.84487 -0
    outer loop
      vertex -6.98409 -11.6522 0
      vertex -7.54742 -11.2955 224.275
      vertex -6.98409 -11.6522 224.275
    endloop
  endfacet
  facet normal 0.534971 0.84487 0
    outer loop
      vertex -7.54742 -11.2955 224.275
      vertex -6.98409 -11.6522 0
      vertex -7.54742 -11.2955 0
    endloop
  endfacet
  facet normal 0.492941 -0.870063 0
    outer loop
      vertex -6.98409 11.6522 0
      vertex -6.40392 11.9809 224.275
      vertex -6.98409 11.6522 224.275
    endloop
  endfacet
  facet normal 0.492941 -0.870063 0
    outer loop
      vertex -6.40392 11.9809 224.275
      vertex -6.98409 11.6522 0
      vertex -6.40392 11.9809 0
    endloop
  endfacet
  facet normal 0.653147 0.757231 -0
    outer loop
      vertex -8.61823 -10.5013 0
      vertex -9.12313 -10.0658 224.275
      vertex -8.61823 -10.5013 224.275
    endloop
  endfacet
  facet normal 0.653147 0.757231 0
    outer loop
      vertex -9.12313 -10.0658 224.275
      vertex -8.61823 -10.5013 0
      vertex -9.12313 -10.0658 0
    endloop
  endfacet
  facet normal 0.817612 -0.57577 0
    outer loop
      vertex -11.2955 7.54742 224.275
      vertex -10.9116 8.09257 0
      vertex -10.9116 8.09257 224.275
    endloop
  endfacet
  facet normal 0.817612 -0.57577 0
    outer loop
      vertex -10.9116 8.09257 0
      vertex -11.2955 7.54742 224.275
      vertex -11.2955 7.54742 0
    endloop
  endfacet
  facet normal 0.689534 0.724253 -0
    outer loop
      vertex -9.12313 -10.0658 0
      vertex -9.60604 -9.60604 224.275
      vertex -9.12313 -10.0658 224.275
    endloop
  endfacet
  facet normal 0.689534 0.724253 0
    outer loop
      vertex -9.60604 -9.60604 224.275
      vertex -9.12313 -10.0658 0
      vertex -9.60604 -9.60604 0
    endloop
  endfacet
  facet normal 0.870063 0.492941 0
    outer loop
      vertex -11.6522 -6.98409 224.275
      vertex -11.9809 -6.40392 0
      vertex -11.9809 -6.40392 224.275
    endloop
  endfacet
  facet normal 0.870063 0.492941 0
    outer loop
      vertex -11.9809 -6.40392 0
      vertex -11.6522 -6.98409 224.275
      vertex -11.6522 -6.98409 0
    endloop
  endfacet
  facet normal 0.788295 -0.615298 0
    outer loop
      vertex -10.9116 8.09257 224.275
      vertex -10.5013 8.61823 0
      vertex -10.5013 8.61823 224.275
    endloop
  endfacet
  facet normal 0.788295 -0.615298 0
    outer loop
      vertex -10.5013 8.61823 0
      vertex -10.9116 8.09257 224.275
      vertex -10.9116 8.09257 0
    endloop
  endfacet
  facet normal 0.492941 0.870063 -0
    outer loop
      vertex -6.40392 -11.9809 0
      vertex -6.98409 -11.6522 224.275
      vertex -6.40392 -11.9809 224.275
    endloop
  endfacet
  facet normal 0.492941 0.870063 0
    outer loop
      vertex -6.98409 -11.6522 224.275
      vertex -6.40392 -11.9809 0
      vertex -6.98409 -11.6522 0
    endloop
  endfacet
  facet normal 0.615298 0.788295 -0
    outer loop
      vertex -8.09257 -10.9116 0
      vertex -8.61823 -10.5013 224.275
      vertex -8.09257 -10.9116 224.275
    endloop
  endfacet
  facet normal 0.615298 0.788295 0
    outer loop
      vertex -8.61823 -10.5013 224.275
      vertex -8.09257 -10.9116 0
      vertex -8.61823 -10.5013 0
    endloop
  endfacet
  facet normal 0.359934 0.932978 -0
    outer loop
      vertex -4.57665 -12.7909 0
      vertex -5.19875 -12.5509 224.275
      vertex -4.57665 -12.7909 224.275
    endloop
  endfacet
  facet normal 0.359934 0.932978 0
    outer loop
      vertex -5.19875 -12.5509 224.275
      vertex -4.57665 -12.7909 0
      vertex -5.19875 -12.5509 0
    endloop
  endfacet
  facet normal 0.219109 0.9757 -0
    outer loop
      vertex -2.6503 -13.324 0
      vertex -3.30089 -13.1779 224.275
      vertex -2.6503 -13.324 224.275
    endloop
  endfacet
  facet normal 0.219109 0.9757 0
    outer loop
      vertex -3.30089 -13.1779 224.275
      vertex -2.6503 -13.324 0
      vertex -3.30089 -13.1779 0
    endloop
  endfacet
  facet normal 0.870063 -0.492941 0
    outer loop
      vertex -11.9809 6.40392 224.275
      vertex -11.6522 6.98409 0
      vertex -11.6522 6.98409 224.275
    endloop
  endfacet
  facet normal 0.870063 -0.492941 0
    outer loop
      vertex -11.6522 6.98409 0
      vertex -11.9809 6.40392 224.275
      vertex -11.9809 6.40392 0
    endloop
  endfacet
  facet normal 0.914217 -0.405225 0
    outer loop
      vertex -12.5509 5.19875 224.275
      vertex -12.2807 5.80834 0
      vertex -12.2807 5.80834 224.275
    endloop
  endfacet
  facet normal 0.914217 -0.405225 0
    outer loop
      vertex -12.2807 5.80834 0
      vertex -12.5509 5.19875 224.275
      vertex -12.5509 5.19875 0
    endloop
  endfacet
  facet normal -0.707 -0.0173944 -0.707
    outer loop
      vertex 13.5686 0.666584 224.275
      vertex 13.585 0 224.275
      vertex 0 0 237.86
    endloop
  endfacet
  facet normal 0.631696 -0.31798 -0.707
    outer loop
      vertex -11.9809 6.40392 224.275
      vertex 0 0 237.86
      vertex -12.2807 5.80834 224.275
    endloop
  endfacet
  facet normal 0.461915 -0.535524 -0.707
    outer loop
      vertex -8.61823 10.5013 224.275
      vertex 0 0 237.86
      vertex -9.12313 10.0658 224.275
    endloop
  endfacet
  facet normal -0.348615 0.61532 -0.707
    outer loop
      vertex 6.98409 -11.6522 224.275
      vertex 6.40392 -11.9809 224.275
      vertex 0 0 237.86
    endloop
  endfacet
  facet normal 0.646546 -0.286581 -0.707
    outer loop
      vertex -12.2807 5.80834 224.275
      vertex 0 0 237.86
      vertex -12.5509 5.19875 224.275
    endloop
  endfacet
  facet normal -0.557493 -0.435147 -0.707
    outer loop
      vertex 10.5013 8.61823 224.275
      vertex 10.9116 8.09257 224.275
      vertex 0 0 237.86
    endloop
  endfacet
  facet normal 0.31798 -0.631696 -0.707
    outer loop
      vertex -5.80834 12.2807 224.275
      vertex 0 0 237.86
      vertex -6.40392 11.9809 224.275
    endloop
  endfacet
  facet normal 0.25455 -0.659814 -0.707001
    outer loop
      vertex -4.57665 12.7909 224.275
      vertex 0 0 237.86
      vertex -5.19875 12.5509 224.275
    endloop
  endfacet
  facet normal -0.597504 0.378339 -0.707
    outer loop
      vertex 11.6522 -6.98409 224.275
      vertex 11.2955 -7.54742 224.275
      vertex 0 0 237.86
    endloop
  endfacet
  facet normal -0.378339 -0.597504 -0.707
    outer loop
      vertex 6.98409 11.6522 224.275
      vertex 7.54742 11.2955 224.275
      vertex 0 0 237.86
    endloop
  endfacet
  facet normal -0.0865479 -0.701897 -0.707001
    outer loop
      vertex 1.33156 13.5196 224.275
      vertex 1.99333 13.438 224.275
      vertex 0 0 237.86
    endloop
  endfacet
  facet normal -0.407192 -0.578226 -0.707
    outer loop
      vertex 7.54742 11.2955 224.275
      vertex 8.09257 10.9116 224.275
      vertex 0 0 237.86
    endloop
  endfacet
  facet normal -0.578226 -0.407192 -0.707
    outer loop
      vertex 10.9116 8.09257 224.275
      vertex 11.2955 7.54742 224.275
      vertex 0 0 237.86
    endloop
  endfacet
  facet normal 0.31798 0.631696 -0.707
    outer loop
      vertex 0 0 237.86
      vertex -5.80834 -12.2807 224.275
      vertex -6.40392 -11.9809 224.275
    endloop
  endfacet
  facet normal -0.512202 0.487648 -0.707
    outer loop
      vertex 10.0658 -9.12313 224.275
      vertex 9.60604 -9.60604 224.275
      vertex 0 0 237.86
    endloop
  endfacet
  facet normal -0.0865479 0.701897 -0.707001
    outer loop
      vertex 1.99333 -13.438 224.275
      vertex 1.33156 -13.5196 224.275
      vertex 0 0 237.86
    endloop
  endfacet
  facet normal 0.659814 -0.25455 -0.707001
    outer loop
      vertex -12.5509 5.19875 224.275
      vertex 0 0 237.86
      vertex -12.7909 4.57665 224.275
    endloop
  endfacet
  facet normal 0.0519714 -0.705301 -0.707
    outer loop
      vertex -0.666584 13.5686 224.275
      vertex 0 0 237.86
      vertex -1.33156 13.5196 224.275
    endloop
  endfacet
  facet normal 0.705301 -0.0519714 -0.707
    outer loop
      vertex -13.5196 1.33156 224.275
      vertex 0 0 237.86
      vertex -13.5686 0.666584 224.275
    endloop
  endfacet
  facet normal 0.512202 -0.487648 -0.707
    outer loop
      vertex -9.60604 9.60604 224.275
      vertex 0 0 237.86
      vertex -10.0658 9.12313 224.275
    endloop
  endfacet
  facet normal 0.6968 -0.120911 -0.707001
    outer loop
      vertex -13.324 2.6503 224.275
      vertex 0 0 237.86
      vertex -13.438 1.99333 224.275
    endloop
  endfacet
  facet normal 0.0173944 -0.707 -0.707
    outer loop
      vertex 0 13.585 224.275
      vertex 0 0 237.86
      vertex -0.666584 13.5686 224.275
    endloop
  endfacet
  facet normal 0.681579 -0.188682 -0.707
    outer loop
      vertex -13 3.94352 224.275
      vertex 0 0 237.86
      vertex -13.1779 3.30089 224.275
    endloop
  endfacet
  facet normal 0.701897 -0.0865479 -0.707001
    outer loop
      vertex -13.438 1.99333 224.275
      vertex 0 0 237.86
      vertex -13.5196 1.33156 224.275
    endloop
  endfacet
  facet normal 0.407192 -0.578226 -0.707
    outer loop
      vertex -7.54742 11.2955 224.275
      vertex 0 0 237.86
      vertex -8.09257 10.9116 224.275
    endloop
  endfacet
  facet normal -0.348615 -0.61532 -0.707
    outer loop
      vertex 6.40392 11.9809 224.275
      vertex 6.98409 11.6522 224.275
      vertex 0 0 237.86
    endloop
  endfacet
  facet normal 0.154956 -0.690028 -0.707001
    outer loop
      vertex -2.6503 13.324 224.275
      vertex 0 0 237.86
      vertex -3.30089 13.1779 224.275
    endloop
  endfacet
  facet normal 0.646546 0.286581 -0.707
    outer loop
      vertex 0 0 237.86
      vertex -12.2807 -5.80834 224.275
      vertex -12.5509 -5.19875 224.275
    endloop
  endfacet
  facet normal -0.435147 0.557493 -0.707
    outer loop
      vertex 8.61823 -10.5013 224.275
      vertex 8.09257 -10.9116 224.275
      vertex 0 0 237.86
    endloop
  endfacet
  facet normal 0.61532 -0.348615 -0.707
    outer loop
      vertex -11.6522 6.98409 224.275
      vertex 0 0 237.86
      vertex -11.9809 6.40392 224.275
    endloop
  endfacet
  facet normal 0.535524 -0.461915 -0.707
    outer loop
      vertex -10.0658 9.12313 224.275
      vertex 0 0 237.86
      vertex -10.5013 8.61823 224.275
    endloop
  endfacet
  facet normal 0.6968 0.120911 -0.707001
    outer loop
      vertex 0 0 237.86
      vertex -13.324 -2.6503 224.275
      vertex -13.438 -1.99333 224.275
    endloop
  endfacet
  facet normal -0.671537 -0.221785 -0.707
    outer loop
      vertex 12.7909 4.57665 224.275
      vertex 13 3.94352 224.275
      vertex 0 0 237.86
    endloop
  endfacet
  facet normal -0.61532 0.348615 -0.707
    outer loop
      vertex 11.9809 -6.40392 224.275
      vertex 11.6522 -6.98409 224.275
      vertex 0 0 237.86
    endloop
  endfacet
  facet normal 0.597504 0.378339 -0.707
    outer loop
      vertex 0 0 237.86
      vertex -11.2955 -7.54742 224.275
      vertex -11.6522 -6.98409 224.275
    endloop
  endfacet
  facet normal 0.0519714 0.705301 -0.707
    outer loop
      vertex 0 0 237.86
      vertex -0.666584 -13.5686 224.275
      vertex -1.33156 -13.5196 224.275
    endloop
  endfacet
  facet normal -0.535524 0.461915 -0.707
    outer loop
      vertex 10.5013 -8.61823 224.275
      vertex 10.0658 -9.12313 224.275
      vertex 0 0 237.86
    endloop
  endfacet
  facet normal 0.707 -0.0173944 -0.707
    outer loop
      vertex -13.5686 0.666584 224.275
      vertex 0 0 237.86
      vertex -13.585 0 224.275
    endloop
  endfacet
  facet normal 0.435147 0.557493 -0.707
    outer loop
      vertex 0 0 237.86
      vertex -8.09257 -10.9116 224.275
      vertex -8.61823 -10.5013 224.275
    endloop
  endfacet
  facet normal 0.578226 -0.407192 -0.707
    outer loop
      vertex -10.9116 8.09257 224.275
      vertex 0 0 237.86
      vertex -11.2955 7.54742 224.275
    endloop
  endfacet
  facet normal 0.557493 -0.435147 -0.707
    outer loop
      vertex -10.5013 8.61823 224.275
      vertex 0 0 237.86
      vertex -10.9116 8.09257 224.275
    endloop
  endfacet
  facet normal 0.286581 -0.646546 -0.707
    outer loop
      vertex -5.19875 12.5509 224.275
      vertex 0 0 237.86
      vertex -5.80834 12.2807 224.275
    endloop
  endfacet
  facet normal -0.0519714 0.705301 -0.707
    outer loop
      vertex 1.33156 -13.5196 224.275
      vertex 0.666584 -13.5686 224.275
      vertex 0 0 237.86
    endloop
  endfacet
  facet normal -0.512202 -0.487648 -0.707
    outer loop
      vertex 9.60604 9.60604 224.275
      vertex 10.0658 9.12313 224.275
      vertex 0 0 237.86
    endloop
  endfacet
  facet normal 0.690028 0.154956 -0.707001
    outer loop
      vertex 0 0 237.86
      vertex -13.1779 -3.30089 224.275
      vertex -13.324 -2.6503 224.275
    endloop
  endfacet
  facet normal 0.535524 0.461915 -0.707
    outer loop
      vertex 0 0 237.86
      vertex -10.0658 -9.12313 224.275
      vertex -10.5013 -8.61823 224.275
    endloop
  endfacet
  facet normal 0.487648 -0.512202 -0.707
    outer loop
      vertex -9.12313 10.0658 224.275
      vertex 0 0 237.86
      vertex -9.60604 9.60604 224.275
    endloop
  endfacet
  facet normal 0.597504 -0.378339 -0.707
    outer loop
      vertex -11.2955 7.54742 224.275
      vertex 0 0 237.86
      vertex -11.6522 6.98409 224.275
    endloop
  endfacet
  facet normal -0.578226 0.407192 -0.707
    outer loop
      vertex 11.2955 -7.54742 224.275
      vertex 10.9116 -8.09257 224.275
      vertex 0 0 237.86
    endloop
  endfacet
  facet normal 0.378339 -0.597504 -0.707
    outer loop
      vertex -6.98409 11.6522 224.275
      vertex 0 0 237.86
      vertex -7.54742 11.2955 224.275
    endloop
  endfacet
  facet normal 0.671537 -0.221785 -0.707
    outer loop
      vertex -12.7909 4.57665 224.275
      vertex 0 0 237.86
      vertex -13 3.94352 224.275
    endloop
  endfacet
  facet normal 0.25455 0.659814 -0.707001
    outer loop
      vertex 0 0 237.86
      vertex -4.57665 -12.7909 224.275
      vertex -5.19875 -12.5509 224.275
    endloop
  endfacet
  facet normal -0.435147 -0.557493 -0.707
    outer loop
      vertex 8.09257 10.9116 224.275
      vertex 8.61823 10.5013 224.275
      vertex 0 0 237.86
    endloop
  endfacet
  facet normal -0.461915 -0.535524 -0.707
    outer loop
      vertex 8.61823 10.5013 224.275
      vertex 9.12313 10.0658 224.275
      vertex 0 0 237.86
    endloop
  endfacet
  facet normal -0.61532 -0.348615 -0.707
    outer loop
      vertex 11.6522 6.98409 224.275
      vertex 11.9809 6.40392 224.275
      vertex 0 0 237.86
    endloop
  endfacet
  facet normal 0.690028 -0.154956 -0.707001
    outer loop
      vertex -13.1779 3.30089 224.275
      vertex 0 0 237.86
      vertex -13.324 2.6503 224.275
    endloop
  endfacet
  facet normal -0.6968 0.120911 -0.707001
    outer loop
      vertex 13.438 -1.99333 224.275
      vertex 13.324 -2.6503 224.275
      vertex 0 0 237.86
    endloop
  endfacet
  facet normal -0.705301 0.0519714 -0.707
    outer loop
      vertex 13.5686 -0.666584 224.275
      vertex 13.5196 -1.33156 224.275
      vertex 0 0 237.86
    endloop
  endfacet
  facet normal 0.61532 0.348615 -0.707
    outer loop
      vertex 0 0 237.86
      vertex -11.6522 -6.98409 224.275
      vertex -11.9809 -6.40392 224.275
    endloop
  endfacet
  facet normal -0.188682 -0.681579 -0.707
    outer loop
      vertex 3.30089 13.1779 224.275
      vertex 3.94352 13 224.275
      vertex 0 0 237.86
    endloop
  endfacet
  facet normal -0.221785 -0.671537 -0.707
    outer loop
      vertex 3.94352 13 224.275
      vertex 4.57665 12.7909 224.275
      vertex 0 0 237.86
    endloop
  endfacet
  facet normal 0.221785 -0.671537 -0.707
    outer loop
      vertex -3.94352 13 224.275
      vertex 0 0 237.86
      vertex -4.57665 12.7909 224.275
    endloop
  endfacet
  facet normal -0.681579 -0.188682 -0.707
    outer loop
      vertex 13 3.94352 224.275
      vertex 13.1779 3.30089 224.275
      vertex 0 0 237.86
    endloop
  endfacet
  facet normal 0.348615 -0.61532 -0.707
    outer loop
      vertex -6.40392 11.9809 224.275
      vertex 0 0 237.86
      vertex -6.98409 11.6522 224.275
    endloop
  endfacet
  facet normal 0.659814 0.25455 -0.707001
    outer loop
      vertex 0 0 237.86
      vertex -12.5509 -5.19875 224.275
      vertex -12.7909 -4.57665 224.275
    endloop
  endfacet
  facet normal -0.535524 -0.461915 -0.707
    outer loop
      vertex 10.0658 9.12313 224.275
      vertex 10.5013 8.61823 224.275
      vertex 0 0 237.86
    endloop
  endfacet
  facet normal 0.0865479 0.701897 -0.707001
    outer loop
      vertex 0 0 237.86
      vertex -1.33156 -13.5196 224.275
      vertex -1.99333 -13.438 224.275
    endloop
  endfacet
  facet normal 0.120911 0.6968 -0.707001
    outer loop
      vertex 0 0 237.86
      vertex -1.99333 -13.438 224.275
      vertex -2.6503 -13.324 224.275
    endloop
  endfacet
  facet normal -0.0173944 0.707 -0.707
    outer loop
      vertex 0 0 237.86
      vertex 0.666584 -13.5686 224.275
      vertex 0 -13.585 224.275
    endloop
  endfacet
  facet normal -0.646546 -0.286581 -0.707
    outer loop
      vertex 12.2807 5.80834 224.275
      vertex 12.5509 5.19875 224.275
      vertex 0 0 237.86
    endloop
  endfacet
  facet normal -0.659814 -0.25455 -0.707001
    outer loop
      vertex 12.5509 5.19875 224.275
      vertex 12.7909 4.57665 224.275
      vertex 0 0 237.86
    endloop
  endfacet
  facet normal 0.435147 -0.557493 -0.707
    outer loop
      vertex -8.09257 10.9116 224.275
      vertex 0 0 237.86
      vertex -8.61823 10.5013 224.275
    endloop
  endfacet
  facet normal 0.0865479 -0.701897 -0.707001
    outer loop
      vertex -1.33156 13.5196 224.275
      vertex 0 0 237.86
      vertex -1.99333 13.438 224.275
    endloop
  endfacet
  facet normal -0.690028 -0.154956 -0.707001
    outer loop
      vertex 13.1779 3.30089 224.275
      vertex 13.324 2.6503 224.275
      vertex 0 0 237.86
    endloop
  endfacet
  facet normal -0.31798 0.631696 -0.707
    outer loop
      vertex 6.40392 -11.9809 224.275
      vertex 5.80834 -12.2807 224.275
      vertex 0 0 237.86
    endloop
  endfacet
  facet normal -0.31798 -0.631696 -0.707
    outer loop
      vertex 5.80834 12.2807 224.275
      vertex 6.40392 11.9809 224.275
      vertex 0 0 237.86
    endloop
  endfacet
  facet normal -0.631696 -0.31798 -0.707
    outer loop
      vertex 11.9809 6.40392 224.275
      vertex 12.2807 5.80834 224.275
      vertex 0 0 237.86
    endloop
  endfacet
  facet normal -0.0519714 -0.705301 -0.707
    outer loop
      vertex 0.666584 13.5686 224.275
      vertex 1.33156 13.5196 224.275
      vertex 0 0 237.86
    endloop
  endfacet
  facet normal 0.120911 -0.6968 -0.707001
    outer loop
      vertex -1.99333 13.438 224.275
      vertex 0 0 237.86
      vertex -2.6503 13.324 224.275
    endloop
  endfacet
  facet normal -0.0173944 -0.707 -0.707
    outer loop
      vertex 0 13.585 224.275
      vertex 0.666584 13.5686 224.275
      vertex 0 0 237.86
    endloop
  endfacet
  facet normal 0.188682 -0.681579 -0.707
    outer loop
      vertex -3.30089 13.1779 224.275
      vertex 0 0 237.86
      vertex -3.94352 13 224.275
    endloop
  endfacet
  facet normal -0.557493 0.435147 -0.707
    outer loop
      vertex 10.9116 -8.09257 224.275
      vertex 10.5013 -8.61823 224.275
      vertex 0 0 237.86
    endloop
  endfacet
  facet normal -0.487648 -0.512202 -0.707
    outer loop
      vertex 9.12313 10.0658 224.275
      vertex 9.60604 9.60604 224.275
      vertex 0 0 237.86
    endloop
  endfacet
  facet normal -0.120911 -0.6968 -0.707001
    outer loop
      vertex 1.99333 13.438 224.275
      vertex 2.6503 13.324 224.275
      vertex 0 0 237.86
    endloop
  endfacet
  facet normal -0.154956 -0.690028 -0.707001
    outer loop
      vertex 2.6503 13.324 224.275
      vertex 3.30089 13.1779 224.275
      vertex 0 0 237.86
    endloop
  endfacet
  facet normal 0.348615 0.61532 -0.707
    outer loop
      vertex 0 0 237.86
      vertex -6.40392 -11.9809 224.275
      vertex -6.98409 -11.6522 224.275
    endloop
  endfacet
  facet normal -0.25455 -0.659814 -0.707001
    outer loop
      vertex 4.57665 12.7909 224.275
      vertex 5.19875 12.5509 224.275
      vertex 0 0 237.86
    endloop
  endfacet
  facet normal -0.597504 -0.378339 -0.707
    outer loop
      vertex 11.2955 7.54742 224.275
      vertex 11.6522 6.98409 224.275
      vertex 0 0 237.86
    endloop
  endfacet
  facet normal 0.512202 0.487648 -0.707
    outer loop
      vertex 0 0 237.86
      vertex -9.60604 -9.60604 224.275
      vertex -10.0658 -9.12313 224.275
    endloop
  endfacet
  facet normal -0.286581 -0.646546 -0.707
    outer loop
      vertex 5.19875 12.5509 224.275
      vertex 5.80834 12.2807 224.275
      vertex 0 0 237.86
    endloop
  endfacet
  facet normal -0.646546 0.286581 -0.707
    outer loop
      vertex 12.5509 -5.19875 224.275
      vertex 12.2807 -5.80834 224.275
      vertex 0 0 237.86
    endloop
  endfacet
  facet normal -0.631696 0.31798 -0.707
    outer loop
      vertex 12.2807 -5.80834 224.275
      vertex 11.9809 -6.40392 224.275
      vertex 0 0 237.86
    endloop
  endfacet
  facet normal -0.690028 0.154956 -0.707001
    outer loop
      vertex 13.324 -2.6503 224.275
      vertex 13.1779 -3.30089 224.275
      vertex 0 0 237.86
    endloop
  endfacet
  facet normal -0.681579 0.188682 -0.707
    outer loop
      vertex 13.1779 -3.30089 224.275
      vertex 13 -3.94352 224.275
      vertex 0 0 237.86
    endloop
  endfacet
  facet normal -0.487648 0.512202 -0.707
    outer loop
      vertex 9.60604 -9.60604 224.275
      vertex 9.12313 -10.0658 224.275
      vertex 0 0 237.86
    endloop
  endfacet
  facet normal -0.461915 0.535524 -0.707
    outer loop
      vertex 9.12313 -10.0658 224.275
      vertex 8.61823 -10.5013 224.275
      vertex 0 0 237.86
    endloop
  endfacet
  facet normal -0.25455 0.659814 -0.707001
    outer loop
      vertex 5.19875 -12.5509 224.275
      vertex 4.57665 -12.7909 224.275
      vertex 0 0 237.86
    endloop
  endfacet
  facet normal -0.221785 0.671537 -0.707
    outer loop
      vertex 4.57665 -12.7909 224.275
      vertex 3.94352 -13 224.275
      vertex 0 0 237.86
    endloop
  endfacet
  facet normal 0.378339 0.597504 -0.707
    outer loop
      vertex 0 0 237.86
      vertex -6.98409 -11.6522 224.275
      vertex -7.54742 -11.2955 224.275
    endloop
  endfacet
  facet normal 0.671537 0.221785 -0.707
    outer loop
      vertex 0 0 237.86
      vertex -12.7909 -4.57665 224.275
      vertex -13 -3.94352 224.275
    endloop
  endfacet
  facet normal -0.286581 0.646546 -0.707
    outer loop
      vertex 5.80834 -12.2807 224.275
      vertex 5.19875 -12.5509 224.275
      vertex 0 0 237.86
    endloop
  endfacet
  facet normal 0.461915 0.535524 -0.707
    outer loop
      vertex 0 0 237.86
      vertex -8.61823 -10.5013 224.275
      vertex -9.12313 -10.0658 224.275
    endloop
  endfacet
  facet normal 0.487648 0.512202 -0.707
    outer loop
      vertex 0 0 237.86
      vertex -9.12313 -10.0658 224.275
      vertex -9.60604 -9.60604 224.275
    endloop
  endfacet
  facet normal 0.286581 0.646546 -0.707
    outer loop
      vertex 0 0 237.86
      vertex -5.19875 -12.5509 224.275
      vertex -5.80834 -12.2807 224.275
    endloop
  endfacet
  facet normal -0.671537 0.221785 -0.707
    outer loop
      vertex 13 -3.94352 224.275
      vertex 12.7909 -4.57665 224.275
      vertex 0 0 237.86
    endloop
  endfacet
  facet normal -0.659814 0.25455 -0.707001
    outer loop
      vertex 12.7909 -4.57665 224.275
      vertex 12.5509 -5.19875 224.275
      vertex 0 0 237.86
    endloop
  endfacet
  facet normal 0.681579 0.188682 -0.707
    outer loop
      vertex 0 0 237.86
      vertex -13 -3.94352 224.275
      vertex -13.1779 -3.30089 224.275
    endloop
  endfacet
  facet normal -0.701897 0.0865479 -0.707001
    outer loop
      vertex 13.5196 -1.33156 224.275
      vertex 13.438 -1.99333 224.275
      vertex 0 0 237.86
    endloop
  endfacet
  facet normal -0.6968 -0.120911 -0.707001
    outer loop
      vertex 13.324 2.6503 224.275
      vertex 13.438 1.99333 224.275
      vertex 0 0 237.86
    endloop
  endfacet
  facet normal -0.707 0.0173944 -0.707
    outer loop
      vertex 13.585 0 224.275
      vertex 13.5686 -0.666584 224.275
      vertex 0 0 237.86
    endloop
  endfacet
  facet normal -0.701897 -0.0865479 -0.707001
    outer loop
      vertex 13.438 1.99333 224.275
      vertex 13.5196 1.33156 224.275
      vertex 0 0 237.86
    endloop
  endfacet
  facet normal -0.705301 -0.0519714 -0.707
    outer loop
      vertex 13.5196 1.33156 224.275
      vertex 13.5686 0.666584 224.275
      vertex 0 0 237.86
    endloop
  endfacet
  facet normal -0.188682 0.681579 -0.707
    outer loop
      vertex 3.94352 -13 224.275
      vertex 3.30089 -13.1779 224.275
      vertex 0 0 237.86
    endloop
  endfacet
  facet normal -0.154956 0.690028 -0.707001
    outer loop
      vertex 3.30089 -13.1779 224.275
      vertex 2.6503 -13.324 224.275
      vertex 0 0 237.86
    endloop
  endfacet
  facet normal -0.407192 0.578226 -0.707
    outer loop
      vertex 8.09257 -10.9116 224.275
      vertex 7.54742 -11.2955 224.275
      vertex 0 0 237.86
    endloop
  endfacet
  facet normal 0.631696 0.31798 -0.707
    outer loop
      vertex 0 0 237.86
      vertex -11.9809 -6.40392 224.275
      vertex -12.2807 -5.80834 224.275
    endloop
  endfacet
  facet normal 0.557493 0.435147 -0.707
    outer loop
      vertex 0 0 237.86
      vertex -10.5013 -8.61823 224.275
      vertex -10.9116 -8.09257 224.275
    endloop
  endfacet
  facet normal -0.378339 0.597504 -0.707
    outer loop
      vertex 7.54742 -11.2955 224.275
      vertex 6.98409 -11.6522 224.275
      vertex 0 0 237.86
    endloop
  endfacet
  facet normal 0.154956 0.690028 -0.707001
    outer loop
      vertex 0 0 237.86
      vertex -2.6503 -13.324 224.275
      vertex -3.30089 -13.1779 224.275
    endloop
  endfacet
  facet normal 0.188682 0.681579 -0.707
    outer loop
      vertex 0 0 237.86
      vertex -3.30089 -13.1779 224.275
      vertex -3.94352 -13 224.275
    endloop
  endfacet
  facet normal 0.0173944 0.707 -0.707
    outer loop
      vertex 0 0 237.86
      vertex 0 -13.585 224.275
      vertex -0.666584 -13.5686 224.275
    endloop
  endfacet
  facet normal 0.578226 0.407192 -0.707
    outer loop
      vertex 0 0 237.86
      vertex -10.9116 -8.09257 224.275
      vertex -11.2955 -7.54742 224.275
    endloop
  endfacet
  facet normal -0.120911 0.6968 -0.707001
    outer loop
      vertex 2.6503 -13.324 224.275
      vertex 1.99333 -13.438 224.275
      vertex 0 0 237.86
    endloop
  endfacet
  facet normal 0.407192 0.578226 -0.707
    outer loop
      vertex 0 0 237.86
      vertex -7.54742 -11.2955 224.275
      vertex -8.09257 -10.9116 224.275
    endloop
  endfacet
  facet normal 0.221785 0.671537 -0.707
    outer loop
      vertex 0 0 237.86
      vertex -3.94352 -13 224.275
      vertex -4.57665 -12.7909 224.275
    endloop
  endfacet
  facet normal 0.701897 0.0865479 -0.707001
    outer loop
      vertex 0 0 237.86
      vertex -13.438 -1.99333 224.275
      vertex -13.5196 -1.33156 224.275
    endloop
  endfacet
  facet normal 0.705301 0.0519714 -0.707
    outer loop
      vertex 0 0 237.86
      vertex -13.5196 -1.33156 224.275
      vertex -13.5686 -0.666584 224.275
    endloop
  endfacet
  facet normal 0.707 0.0173944 -0.707
    outer loop
      vertex 0 0 237.86
      vertex -13.5686 -0.666584 224.275
      vertex -13.585 0 224.275
    endloop
  endfacet
endsolid OpenSCAD_Model
